41, 1001
John Shilling
Pacific Northwest National Laboratory
Thermo Model 42i NOx Analyzer
HiScale
1, 1
2016, 04, 25, 2016, 07, 18
1
dat_NOx_utc, seconds_past_midnight, NOx instrument time stamp
8
1, 1, 1, 1, 1, 1, 1, 1
-9999, -9999, -9999, -9999, -9999, -9999, -9999, -9999
NO, ppbv, NOconcentration
NOx, ppbv, NOxconcentration
ChamTemp, C, reactionchambertemperature
ConvTemp, C, Mbconvertertemperature
Flow, L/m, sampleflow
PMTTemp, C, PMTtemperature
Pressure, mmHg, reactionchamberpressure
flag, NA, 0=gooddata1=bad data
1
N/A
18
PI_CONTACT_INFO: Address: 902 Battelle Blvd MSIN K4-28 Richland WA 99352 john.shilling@pnnl.gov
PLATFORM: Platform: DOE G-1 Aircraft
LOCATION: Location: Bartlesville, OK
ASSOCIATED_DATA: N/A
INSTRUMENT_INFO: N/A
DATA_INFO: Units:ppbv
UNCERTAINTY: N/A
ULOD_FLAG: -7777
ULOD_VALUE: N/A
LLOD_FLAG: -8888
LLOD_VALUE: N/A
DM_CONTACT_INFO: Data Manager:John Shilling
PROJECT_INFO: Project Info: 
STIPULATIONS_ON_USE: Use of these data require prior ok from PI.
OTHER_COMMENTS: N/A
REVISION: 0
R0:final data
dat_NOx_utc, NO, NOx, ChamTemp, ConvTemp, Flow, PMTTemp, Pressure, flag
54678,50.226,46.790,43.895,71.929,0.638,99.900,250.867,1
54679,50.226,46.790,43.982,71.929,0.642,99.900,250.867,1
54680,50.226,46.790,44.068,72.454,0.635,99.900,250.867,1
54681,50.226,46.790,44.155,72.717,0.634,99.900,250.867,1
54682,50.226,46.790,44.242,72.979,0.638,99.900,250.867,1
54683,50.226,46.790,44.328,72.979,0.636,99.900,250.867,1
54684,50.226,46.790,44.415,73.504,0.632,99.900,250.867,1
54685,50.226,46.790,44.473,73.504,0.640,99.900,250.867,1
54686,48.692,45.341,44.589,73.767,0.640,99.900,250.867,1
54687,48.692,45.341,44.675,74.029,0.631,99.900,250.867,1
54688,48.692,45.341,44.733,74.292,0.638,99.900,250.867,1
54689,48.692,45.341,44.820,74.554,0.637,99.900,250.867,1
54690,48.692,45.341,44.906,74.817,0.629,99.900,250.867,1
54691,48.692,45.341,44.993,75.079,0.635,99.900,250.867,1
54692,48.692,45.341,45.084,75.342,0.638,99.900,250.562,1
54693,48.692,45.341,45.175,75.604,0.629,99.900,250.867,1
54694,48.692,45.341,45.266,75.867,0.634,99.900,250.562,1
54695,48.692,45.341,45.358,76.129,0.636,99.900,250.562,1
54696,46.861,43.896,45.418,76.129,0.631,99.900,250.562,1
54697,46.861,43.896,45.510,76.654,0.635,99.900,250.562,1
54698,46.861,43.896,45.601,76.917,0.636,99.900,250.867,1
54699,46.861,43.896,45.692,77.179,0.631,99.900,250.562,1
54700,46.861,43.896,45.783,77.442,0.631,99.900,250.867,1
54701,46.861,43.896,45.874,77.705,0.637,99.900,250.562,1
54702,46.861,43.896,45.935,77.967,0.635,99.900,250.562,1
54703,46.861,43.896,46.026,77.967,0.628,99.900,250.562,1
54704,46.861,43.896,46.118,78.230,0.635,99.900,250.867,1
54705,46.861,43.896,46.178,78.492,0.634,99.900,250.562,1
54706,45.030,42.249,46.270,78.755,0.628,99.900,250.562,1
54707,45.030,42.249,46.361,79.017,0.636,99.900,250.562,1
54708,45.030,42.249,46.422,79.280,0.624,99.900,250.562,1
54709,45.030,42.249,46.513,79.542,0.635,99.900,250.562,1
54710,45.030,42.249,46.604,79.805,0.635,99.900,250.562,1
54711,45.030,42.249,46.665,80.067,0.625,99.900,250.562,1
54712,45.030,42.249,46.756,80.330,0.625,99.900,250.562,1
54713,45.030,42.249,46.847,80.592,0.636,99.900,250.562,1
54714,45.030,42.249,46.938,81.117,0.633,99.900,250.562,1
54715,45.030,42.249,47.030,81.117,0.624,99.900,250.258,1
54716,43.751,40.596,47.090,81.380,0.635,99.900,250.562,1
54717,43.751,40.596,47.212,81.642,0.632,99.900,250.562,1
54718,43.751,40.596,47.273,82.167,0.625,99.900,250.562,1
54719,43.751,40.596,47.334,82.167,0.637,99.900,250.562,1
54720,43.751,40.596,47.425,82.692,0.627,99.900,250.562,1
54721,43.751,40.596,47.516,82.955,0.631,99.900,250.562,1
54722,43.751,40.596,47.607,83.217,0.631,99.900,250.562,1
54723,43.751,40.596,47.668,83.480,0.626,99.900,250.258,1
54724,43.751,40.596,47.759,83.742,0.629,99.900,250.258,1
54725,43.751,40.596,47.820,83.742,0.633,99.900,250.258,1
54726,42.471,39.249,47.911,84.005,0.626,99.900,250.258,1
54727,42.471,39.249,48.003,84.530,0.629,99.900,250.258,1
54728,42.471,39.249,48.094,84.792,0.632,99.900,250.562,1
54729,42.471,39.249,48.185,85.055,0.624,99.900,250.258,1
54730,42.471,39.249,48.246,85.055,0.627,99.900,250.258,1
54731,42.471,39.249,48.337,85.317,0.631,99.900,250.258,1
54732,42.471,39.249,48.428,85.842,0.625,99.900,250.258,1
54733,42.471,39.249,48.489,86.105,0.627,99.900,250.258,1
54734,42.471,39.249,48.580,86.105,0.632,99.900,250.258,1
54735,42.471,39.249,48.641,86.368,0.625,99.900,250.258,1
54736,40.661,37.909,48.732,86.630,0.628,99.900,250.258,1
54737,40.661,37.909,48.823,86.893,0.631,99.900,250.258,1
54738,40.661,37.909,48.884,87.155,0.621,99.900,250.258,1
54739,40.661,37.909,48.975,87.418,0.628,99.900,250.258,1
54740,40.661,37.909,49.067,87.680,0.630,99.900,250.258,1
54741,40.661,37.909,49.158,87.943,0.625,99.900,250.258,1
54742,40.661,37.909,49.249,88.205,0.628,99.900,250.258,1
54743,40.661,37.909,49.310,88.468,0.633,99.900,250.258,1
54744,40.661,37.909,49.401,88.730,0.622,99.900,250.258,1
54745,40.661,37.909,49.462,88.993,0.627,99.900,250.258,1
54746,38.850,36.690,49.553,89.255,0.630,99.900,250.258,1
54747,38.850,36.690,49.644,89.518,0.622,99.900,250.258,1
54748,38.850,36.690,49.705,89.518,0.628,99.900,250.258,1
54749,38.850,36.690,49.796,89.780,0.631,99.900,250.258,1
54750,38.850,36.690,49.887,90.043,0.619,99.900,250.258,1
54751,38.850,36.690,49.948,90.305,0.625,99.900,250.258,1
54752,38.850,36.690,50.042,90.568,0.628,99.900,249.953,1
54753,38.850,36.690,50.107,90.830,0.619,99.900,249.953,1
54754,38.850,36.690,50.172,90.830,0.627,99.900,249.953,1
54755,38.850,36.690,50.270,91.093,0.631,99.900,250.258,1
54756,37.360,35.468,50.335,91.355,0.620,99.900,250.258,1
54757,37.360,35.468,50.433,91.618,0.629,99.900,250.258,1
54758,37.360,35.468,50.498,91.618,0.629,99.900,250.258,1
54759,37.360,35.468,50.595,92.143,0.620,99.900,250.562,1
54760,37.360,35.468,50.628,92.143,0.629,99.900,250.562,1
54761,37.360,35.468,50.725,92.405,0.629,99.900,250.562,1
54762,37.360,35.468,50.758,92.668,0.620,99.900,250.562,1
54763,37.360,35.468,50.823,92.930,0.628,99.900,250.562,1
54764,37.360,35.468,50.888,93.193,0.617,99.900,250.562,1
54765,37.360,35.468,50.888,93.455,0.625,99.900,250.562,1
54766,35.868,33.949,50.921,93.718,0.630,99.900,250.562,1
54767,35.868,33.949,50.921,93.980,0.620,99.900,250.562,1
54768,35.868,33.949,50.921,94.243,0.629,99.900,250.562,1
54769,35.868,33.949,50.921,94.505,0.624,99.900,250.562,1
54770,35.868,33.949,50.888,94.505,0.620,99.900,250.562,1
54771,35.868,33.949,50.856,94.768,0.628,99.900,250.562,1
54772,35.868,33.949,50.791,95.031,0.619,99.900,250.562,1
54773,35.868,33.949,50.758,95.293,0.623,99.900,250.562,1
54774,35.868,33.949,50.693,95.556,0.627,99.900,250.258,1
54775,35.868,33.949,50.660,95.818,0.618,99.900,250.258,1
54776,34.841,32.425,50.595,96.081,0.629,99.900,250.258,1
54777,34.841,32.425,50.530,96.343,0.627,99.900,250.258,1
54778,34.841,32.425,50.498,96.606,0.620,99.900,249.953,1
54779,34.841,32.425,50.433,96.868,0.624,99.900,249.953,1
54780,34.841,32.425,50.368,97.131,0.624,99.900,249.953,1
54781,34.841,32.425,50.302,97.393,0.619,99.900,249.953,1
54782,34.841,32.425,50.237,97.656,0.627,99.900,249.953,1
54783,34.841,32.425,50.205,97.918,0.621,99.900,249.649,1
54784,34.841,32.425,50.172,98.181,0.618,99.900,249.649,1
54785,34.841,32.425,50.140,98.443,0.627,99.900,249.649,1
54786,33.814,31.004,50.107,98.706,0.619,99.900,249.649,1
54787,33.814,31.004,50.107,98.968,0.618,99.900,249.649,1
54788,33.814,31.004,50.107,99.231,0.626,99.900,249.649,1
54789,33.814,31.004,50.107,99.493,0.621,99.900,249.649,1
54790,33.814,31.004,50.140,99.756,0.623,99.900,249.649,1
54791,33.814,31.004,50.205,100.018,0.627,99.900,249.649,1
54792,33.814,31.004,50.237,100.018,0.617,99.900,249.649,1
54793,33.814,31.004,50.302,100.281,0.620,99.900,249.953,1
54794,33.814,31.004,50.368,100.543,0.625,99.900,249.953,1
54795,33.814,31.004,50.433,100.806,0.619,99.900,249.953,1
54796,32.629,29.585,50.530,101.068,0.624,99.900,249.953,1
54797,32.629,29.585,50.595,101.331,0.626,99.900,250.258,1
54798,32.629,29.585,50.693,101.331,0.616,99.900,250.258,1
54799,32.629,29.585,50.758,101.593,0.625,99.900,250.258,1
54800,32.629,29.585,50.823,101.856,0.624,99.900,250.258,1
54801,32.629,29.585,50.888,102.118,0.619,99.900,250.258,1
54802,32.629,29.585,50.921,102.381,0.626,99.900,250.258,1
54803,32.629,29.585,50.953,102.643,0.622,99.900,250.258,1
54804,32.629,29.585,50.986,102.906,0.620,99.900,250.258,1
54805,32.629,29.585,51.018,103.168,0.627,99.900,250.258,1
54806,31.447,28.709,51.018,103.431,0.617,99.900,250.258,1
54807,31.447,28.709,51.018,103.694,0.624,99.900,250.258,1
54808,31.447,28.709,51.018,103.956,0.624,99.900,250.258,1
54809,31.447,28.709,51.018,104.219,0.615,99.900,250.258,1
54810,31.447,28.709,50.986,104.219,0.625,99.900,250.258,1
54811,31.447,28.709,50.953,104.481,0.621,99.900,249.953,1
54812,31.447,28.709,50.921,104.744,0.617,99.900,250.258,1
54813,31.447,28.709,50.888,105.006,0.626,99.900,250.258,1
54814,31.447,28.709,50.856,105.006,0.621,99.900,250.258,1
54815,31.447,28.709,50.823,105.269,0.619,99.900,250.258,1
54816,30.564,27.829,50.758,105.531,0.624,99.900,250.258,1
54817,30.564,27.829,50.725,105.794,0.618,99.900,250.258,1
54818,30.564,27.829,50.660,105.794,0.625,99.900,250.258,1
54819,30.564,27.829,50.628,106.056,0.624,99.900,249.953,1
54820,30.564,27.829,50.595,106.319,0.615,99.900,249.953,1
54821,30.564,27.829,50.530,106.581,0.620,99.900,249.649,1
54822,30.564,27.829,50.465,106.844,0.623,99.900,249.649,1
54823,30.564,27.829,50.433,107.106,0.614,99.900,249.649,1
54824,30.564,27.829,50.400,107.369,0.625,99.900,249.953,1
54825,30.564,27.829,50.368,107.631,0.619,99.900,249.649,1
54826,29.680,27.357,50.335,107.631,0.618,99.900,249.649,1
54827,29.680,27.357,50.302,107.894,0.624,99.900,249.649,1
54828,29.680,27.357,50.302,108.156,0.617,99.900,249.649,1
54829,29.680,27.357,50.270,108.419,0.620,99.900,249.649,1
54830,29.680,27.357,50.270,108.681,0.625,99.900,249.649,1
54831,29.680,27.357,50.302,108.944,0.614,99.900,249.649,1
54832,29.680,27.357,50.335,108.944,0.622,99.900,249.649,1
54833,29.680,27.357,50.368,109.206,0.623,99.900,249.649,1
54834,29.680,27.357,50.400,109.469,0.611,99.900,249.649,1
54835,29.680,27.357,50.433,109.731,0.624,99.900,249.649,1
54836,28.177,26.891,50.465,109.994,0.624,99.900,249.649,1
54837,28.177,26.891,50.498,109.994,0.616,99.900,249.649,1
54838,28.177,26.891,50.563,110.256,0.624,99.900,249.953,1
54839,28.177,26.891,50.595,110.519,0.620,99.900,249.953,1
54840,28.177,26.891,50.660,110.781,0.619,99.900,249.953,1
54841,28.177,26.891,50.693,111.044,0.627,99.900,249.953,1
54842,28.177,26.891,50.758,111.306,0.616,99.900,249.953,1
54843,28.177,26.891,50.791,111.569,0.623,99.900,249.953,1
54844,28.177,26.891,50.823,111.832,0.624,99.900,250.258,1
54845,28.177,26.891,50.856,112.094,0.613,99.900,249.953,1
54846,26.674,26.009,50.888,112.357,0.621,99.900,249.953,1
54847,26.674,26.009,50.888,112.619,0.616,99.900,249.953,1
54848,26.674,26.009,50.888,112.619,0.625,99.900,249.953,1
54849,26.674,26.009,50.888,112.882,0.620,99.900,249.953,1
54850,26.674,26.009,50.888,113.144,0.616,99.900,249.953,1
54851,26.674,26.009,50.888,113.407,0.624,99.900,249.953,1
54852,26.674,26.009,50.888,113.669,0.616,99.900,249.953,1
54853,26.674,26.009,50.856,113.932,0.623,99.900,249.953,1
54854,26.674,26.009,50.823,113.932,0.621,99.900,249.953,1
54855,26.674,26.009,50.823,114.194,0.619,99.900,249.953,1
54856,26.060,25.118,50.791,114.457,0.617,99.900,249.953,1
54857,26.060,25.118,50.725,114.719,0.626,99.900,249.953,1
54858,26.060,25.118,50.725,114.982,0.616,99.900,249.953,1
54859,26.060,25.118,50.693,115.244,0.624,99.900,249.953,1
54860,26.060,25.118,50.628,115.244,0.624,99.900,249.953,1
54861,26.060,25.118,50.595,115.507,0.621,99.900,249.953,1
54862,26.060,25.118,50.563,115.769,0.624,99.900,249.649,1
54863,26.060,25.118,50.530,116.032,0.613,99.900,249.649,1
54864,26.060,25.118,50.498,116.294,0.625,99.900,249.649,1
54865,26.060,25.118,50.465,116.557,0.624,99.900,249.649,1
54866,25.447,23.931,50.433,116.819,0.616,99.900,249.649,1
54867,25.447,23.931,50.400,116.819,0.622,99.900,249.649,1
54868,25.447,23.931,50.368,117.082,0.616,99.900,249.649,1
54869,25.447,23.931,50.368,117.344,0.620,99.900,249.344,1
54870,25.447,23.931,50.335,117.869,0.624,99.900,249.649,1
54871,25.447,23.931,50.368,117.869,0.617,99.900,249.344,1
54872,25.447,23.931,50.335,118.132,0.621,99.900,249.649,1
54873,25.447,23.931,50.368,118.394,0.623,99.900,249.649,1
54874,25.447,23.931,50.368,118.657,0.613,99.900,249.649,1
54875,25.447,23.931,50.400,118.919,0.624,99.900,249.649,1
54876,24.508,22.746,50.433,118.919,0.620,99.900,249.649,1
54877,24.508,22.746,50.465,119.182,0.617,99.900,249.649,1
54878,24.508,22.746,50.530,119.444,0.622,99.900,249.649,1
54879,24.508,22.746,50.530,119.444,0.616,99.900,249.649,1
54880,24.508,22.746,50.595,119.707,0.620,99.900,249.649,1
54881,24.508,22.746,50.628,119.969,0.625,99.900,249.649,1
54882,24.508,22.746,50.693,119.969,0.613,99.900,249.649,1
54883,24.508,22.746,50.725,120.232,0.626,99.900,249.649,1
54884,24.508,22.746,50.758,120.495,0.622,99.900,249.953,1
54885,24.508,22.746,50.791,120.757,0.619,99.900,249.953,1
54886,23.568,22.091,50.823,120.757,0.623,99.900,249.953,1
54887,23.568,22.091,50.856,121.020,0.613,99.900,249.953,1
54888,23.568,22.091,50.856,121.282,0.625,99.900,249.953,1
54889,23.568,22.091,50.888,121.545,0.623,99.900,249.953,1
54890,23.568,22.091,50.888,121.545,0.616,99.900,249.953,1
54891,23.568,22.091,50.888,121.807,0.621,99.900,249.953,1
54892,23.568,22.091,50.888,122.070,0.615,99.900,249.953,1
54893,23.568,22.091,50.856,122.332,0.621,99.900,249.953,1
54894,23.568,22.091,50.856,122.332,0.624,99.900,249.953,1
54895,23.568,22.091,50.823,122.595,0.615,99.900,249.953,1
54896,22.879,21.434,50.823,122.857,0.623,99.900,249.953,1
54897,22.879,21.434,50.791,123.120,0.620,99.900,249.953,1
54898,22.879,21.434,50.758,123.382,0.617,99.900,249.953,1
54899,22.879,21.434,50.725,123.382,0.622,99.900,249.649,1
54900,22.879,21.434,50.725,123.645,0.615,99.900,249.953,1
54901,22.879,21.434,50.660,123.907,0.622,99.900,249.953,1
54902,22.879,21.434,50.628,124.170,0.621,99.900,249.649,1
54903,22.879,21.434,50.595,124.432,0.611,99.900,249.649,1
54904,22.879,21.434,50.563,124.432,0.623,99.900,249.649,1
54905,22.879,21.434,50.530,124.957,0.620,99.900,249.649,1
54906,22.188,20.847,50.498,125.220,0.620,99.900,249.649,1
54907,22.188,20.847,50.465,125.220,0.624,99.900,249.344,1
54908,22.188,20.847,50.433,125.482,0.613,99.900,249.649,1
54909,22.188,20.847,50.400,125.745,0.620,99.900,249.344,1
54910,22.188,20.847,50.400,126.007,0.621,99.900,249.344,1
54911,22.188,20.847,50.368,126.270,0.612,99.900,249.344,1
54912,22.188,20.847,50.368,126.532,0.621,99.900,249.344,1
54913,22.188,20.847,50.368,126.532,0.620,99.900,249.344,1
54914,22.188,20.847,50.368,126.795,0.616,99.900,249.344,1
54915,22.188,20.847,50.400,127.057,0.624,99.900,249.344,1
54916,21.596,20.259,50.400,127.320,0.614,99.900,249.649,1
54917,21.596,20.259,50.433,127.582,0.621,99.900,249.344,1
54918,21.596,20.259,50.465,127.845,0.623,99.900,249.344,1
54919,21.596,20.259,50.498,127.845,0.613,99.900,249.649,1
54920,21.596,20.259,50.530,128.107,0.625,99.900,249.649,1
54921,21.596,20.259,50.563,128.107,0.622,99.900,249.649,1
54922,21.596,20.259,50.595,128.632,0.616,99.900,249.649,1
54923,21.596,20.259,50.660,128.632,0.624,99.900,249.649,1
54924,21.596,20.259,50.693,128.895,0.613,99.900,249.649,1
54925,21.596,20.259,50.725,129.158,0.623,99.900,249.649,1
54926,21.004,19.346,50.758,129.420,0.627,99.900,249.953,1
54927,21.004,19.346,50.791,129.683,0.614,99.900,249.953,1
54928,21.004,19.346,50.823,129.683,0.624,99.900,249.649,1
54929,21.004,19.346,50.856,129.945,0.616,99.900,249.649,1
54930,21.004,19.346,50.856,130.208,0.620,99.900,249.649,1
54931,21.004,19.346,50.856,130.470,0.625,99.900,249.649,1
54932,21.004,19.346,50.888,130.733,0.614,99.900,249.649,1
54933,21.004,19.346,50.888,130.733,0.625,99.900,249.953,1
54934,21.004,19.346,50.888,130.995,0.620,99.900,249.649,1
54935,21.004,19.346,50.856,131.258,0.617,99.900,249.649,1
54936,20.161,18.434,50.856,131.520,0.624,99.900,249.953,1
54937,20.161,18.434,50.823,131.520,0.615,99.900,249.649,1
54938,20.161,18.434,50.823,132.045,0.623,99.900,249.953,1
54939,20.161,18.434,50.791,132.045,0.622,99.900,249.649,1
54940,20.161,18.434,50.758,132.045,0.614,99.900,249.649,1
54941,20.161,18.434,50.725,132.308,0.621,99.900,249.649,1
54942,20.161,18.434,50.693,132.570,0.617,99.900,249.649,1
54943,20.161,18.434,50.660,132.570,0.619,99.900,249.649,1
54944,20.161,18.434,50.628,132.833,0.624,99.900,249.649,1
54945,20.161,18.434,50.595,133.095,0.615,99.900,249.649,1
54946,19.319,17.943,50.563,133.358,0.622,99.900,249.649,1
54947,19.319,17.943,50.530,133.620,0.620,99.900,249.649,1
54948,19.319,17.943,50.498,133.620,0.614,99.900,249.344,1
54949,19.319,17.943,50.465,133.883,0.621,99.900,249.344,1
54950,19.319,17.943,50.433,134.145,0.615,99.900,249.344,1
54951,19.319,17.943,50.400,134.145,0.616,99.900,249.344,1
54952,19.319,17.943,50.400,134.408,0.625,99.900,249.344,1
54953,19.319,17.943,50.368,134.670,0.611,99.900,249.344,1
54954,19.319,17.943,50.368,134.670,0.621,99.900,249.344,1
54955,19.319,17.943,50.368,134.933,0.622,99.900,249.344,1
54956,18.661,17.450,50.368,135.195,0.613,99.900,249.344,1
54957,18.661,17.450,50.400,135.458,0.621,99.900,249.344,1
54958,18.661,17.450,50.433,135.720,0.620,99.900,249.344,1
54959,18.661,17.450,50.465,135.720,0.615,99.900,249.344,1
54960,18.661,17.450,50.498,135.983,0.624,99.900,249.344,1
54961,18.661,17.450,50.530,135.983,0.617,99.900,249.649,1
54962,18.661,17.450,50.563,136.245,0.619,99.900,249.649,1
54963,18.661,17.450,50.595,136.508,0.625,99.900,249.649,1
54964,18.661,17.450,50.660,136.770,0.614,99.900,249.649,1
54965,18.661,17.450,50.693,136.770,0.622,99.900,249.649,1
54966,18.002,16.659,50.725,137.033,0.620,99.900,249.649,1
54967,18.002,16.659,50.791,137.295,0.613,99.900,249.649,1
54968,18.002,16.659,50.823,137.558,0.624,99.900,249.649,1
54969,18.002,16.659,50.856,137.821,0.617,99.900,249.649,1
54970,18.002,16.659,50.888,137.821,0.620,99.900,249.649,1
54971,18.002,16.659,50.888,138.083,0.623,99.900,249.649,1
54972,18.002,16.659,50.888,138.346,0.613,99.900,249.649,1
54973,18.002,16.659,50.888,138.608,0.621,99.900,249.649,1
54974,18.002,16.659,50.888,138.871,0.616,99.900,249.649,1
54975,18.002,16.659,50.888,138.871,0.618,99.900,249.649,1
54976,17.465,15.866,50.888,139.133,0.625,99.900,249.649,1
54977,17.465,15.866,50.888,139.396,0.617,99.900,249.649,1
54978,17.465,15.866,50.856,139.658,0.623,99.900,249.649,1
54979,17.465,15.866,50.856,139.921,0.620,99.900,249.649,1
54980,17.465,15.866,50.823,139.921,0.614,99.900,249.649,1
54981,17.465,15.866,50.791,140.183,0.627,99.900,249.649,1
54982,17.465,15.866,50.758,140.446,0.615,99.900,249.649,1
54983,17.465,15.866,50.725,140.708,0.619,99.900,249.649,1
54984,17.465,15.866,50.693,140.708,0.623,99.900,249.649,1
54985,17.465,15.866,50.660,140.971,0.614,99.900,249.649,1
54986,16.926,15.441,50.628,141.233,0.624,99.900,249.649,1
54987,16.926,15.441,50.595,141.496,0.618,99.900,249.344,1
54988,16.926,15.441,50.563,141.496,0.615,99.900,249.344,1
54989,16.926,15.441,50.530,141.496,0.620,99.900,249.344,1
54990,16.926,15.441,50.498,141.758,0.619,99.900,249.344,1
54991,16.926,15.441,50.465,142.283,0.623,99.900,249.344,1
54992,16.926,15.441,50.433,142.283,0.615,99.900,249.344,1
54993,16.926,15.441,50.433,142.546,0.619,99.900,249.344,1
54994,16.926,15.441,50.400,142.808,0.621,99.900,249.344,1
54995,16.926,15.441,50.400,143.071,0.612,99.900,249.344,1
54996,16.427,15.016,50.400,143.071,0.622,99.900,249.344,1
54997,16.427,15.016,50.400,143.333,0.623,99.900,249.344,1
54998,16.427,15.016,50.400,143.596,0.619,99.900,249.344,1
54999,16.427,15.016,50.433,143.858,0.619,99.900,249.344,1
55000,16.427,15.016,50.465,143.858,0.619,99.900,249.344,1
55001,16.427,15.016,50.465,144.121,0.615,99.900,249.344,1
55002,16.427,15.016,50.498,144.383,0.623,99.900,249.344,1
55003,16.427,15.016,50.530,144.383,0.615,99.900,249.344,1
55004,16.427,15.016,50.563,144.646,0.621,99.900,249.344,1
55005,16.427,15.016,50.595,144.646,0.622,99.900,249.649,1
55006,15.929,14.357,50.628,145.171,0.615,99.900,249.649,1
55007,15.929,14.357,50.693,145.171,0.623,99.900,249.649,1
55008,15.929,14.357,50.725,145.433,0.619,99.900,249.649,1
55009,15.929,14.357,50.758,145.433,0.617,99.900,249.649,1
55010,15.929,14.357,50.791,145.696,0.623,99.900,249.649,1
55011,15.929,14.357,50.823,145.696,0.613,99.900,249.649,1
55012,15.929,14.357,50.856,145.958,0.623,99.900,249.649,1
55013,15.929,14.357,50.856,146.221,0.624,99.900,249.649,1
55014,15.929,14.357,50.856,146.484,0.613,99.900,249.649,1
55015,15.929,14.357,50.888,146.484,0.624,99.900,249.649,1
55016,15.145,13.701,50.856,146.484,0.616,99.900,249.649,1
55017,15.145,13.701,50.856,146.746,0.621,99.900,249.649,1
55018,15.145,13.701,50.856,147.009,0.623,99.900,249.649,1
55019,15.145,13.701,50.856,147.271,0.615,99.900,249.649,1
55020,15.145,13.701,50.823,147.534,0.624,99.900,249.649,1
55021,15.145,13.701,50.823,147.534,0.622,99.900,249.649,1
55022,15.145,13.701,50.791,147.534,0.616,99.900,249.649,1
55023,15.145,13.701,50.758,147.796,0.625,99.900,249.953,1
55024,15.145,13.701,50.725,148.059,0.613,99.900,249.649,1
55025,15.145,13.701,50.693,148.059,0.620,99.900,249.649,1
55026,14.363,13.124,50.660,148.321,0.624,99.900,249.649,1
55027,14.363,13.124,50.628,148.584,0.612,99.900,249.344,1
55028,14.363,13.124,50.595,148.846,0.624,99.900,249.344,1
55029,14.363,13.124,50.563,149.109,0.619,99.900,249.344,1
55030,14.363,13.124,50.530,149.109,0.615,99.900,249.344,1
55031,14.363,13.124,50.498,149.371,0.624,99.900,249.344,1
55032,14.363,13.124,50.498,149.634,0.614,99.900,249.344,1
55033,14.363,13.124,50.465,149.634,0.618,99.900,249.344,1
55034,14.363,13.124,50.433,149.896,0.622,99.900,249.344,1
55035,14.363,13.124,50.400,150.159,0.611,99.900,249.344,1
55036,13.783,12.544,50.433,150.421,0.623,99.900,249.344,1
55037,13.783,12.544,50.400,150.421,0.623,99.900,249.344,1
55038,13.783,12.544,50.400,150.684,0.612,99.900,249.344,1
55039,13.783,12.544,50.400,150.946,0.624,99.900,249.344,1
55040,13.783,12.544,50.400,151.209,0.621,99.900,249.344,1
55041,13.783,12.544,50.433,151.471,0.617,99.900,249.344,1
55042,13.783,12.544,50.465,151.471,0.621,99.900,249.344,1
55043,13.783,12.544,50.465,151.734,0.614,99.900,249.344,1
55044,13.783,12.544,50.498,151.996,0.620,99.900,249.649,1
55045,13.783,12.544,50.563,151.996,0.623,99.900,249.344,1
55046,13.205,12.190,50.595,152.259,0.612,99.900,249.649,1
55047,13.205,12.190,50.628,152.521,0.620,99.900,249.649,1
55048,13.205,12.190,50.660,152.521,0.623,99.900,249.649,1
55049,13.205,12.190,50.725,152.784,0.616,99.900,249.649,1
55050,13.205,12.190,50.758,153.046,0.623,99.900,249.649,1
55051,13.205,12.190,50.791,153.046,0.615,99.900,249.649,1
55052,13.205,12.190,50.823,153.309,0.620,99.900,249.649,1
55053,13.205,12.190,50.856,153.571,0.623,99.900,249.649,1
55054,13.205,12.190,50.888,153.834,0.612,99.900,249.649,1
55055,13.205,12.190,50.888,153.834,0.624,99.900,249.649,1
55056,12.686,11.832,50.888,154.096,0.620,99.900,249.649,1
55057,12.686,11.832,50.888,154.096,0.620,99.900,249.649,1
55058,12.686,11.832,50.888,154.359,0.624,99.900,249.649,1
55059,12.686,11.832,50.888,154.621,0.616,99.900,249.649,1
55060,12.686,11.832,50.888,154.884,0.623,99.900,249.649,1
55061,12.686,11.832,50.856,155.147,0.623,99.900,249.649,1
55062,12.686,11.832,50.823,155.147,0.612,99.900,249.649,1
55063,12.686,11.832,50.791,155.147,0.625,99.900,249.649,1
55064,12.686,11.832,50.791,155.409,0.619,99.900,249.649,1
55065,12.686,11.832,50.758,155.672,0.619,99.900,249.649,1
55066,12.168,11.424,50.725,155.934,0.625,-0.157,249.649,1
55067,12.168,11.424,50.693,155.934,0.615,-0.177,249.649,1
55068,12.168,11.424,50.660,156.197,0.621,-0.188,249.649,1
55069,12.168,11.424,50.628,156.459,0.620,-0.207,249.649,1
55070,12.168,11.424,50.595,156.459,0.613,-0.223,249.344,1
55071,12.168,11.424,50.563,156.722,0.623,-0.238,249.649,1
55072,12.168,11.424,50.530,156.722,0.617,-0.250,249.344,1
55073,12.168,11.424,50.498,156.984,0.617,-0.269,249.344,1
55074,12.168,11.424,50.498,156.984,0.624,-0.288,249.344,1
55075,12.168,11.424,50.465,157.247,0.615,-0.303,249.344,1
55076,11.704,11.013,50.465,157.509,0.620,-0.323,249.344,1
55077,11.704,11.013,50.433,157.509,0.624,-0.338,249.344,1
55078,11.704,11.013,50.433,157.772,0.612,-0.358,249.344,1
55079,11.704,11.013,50.433,158.034,0.622,-0.369,249.344,1
55080,11.704,11.013,50.433,158.034,0.620,-0.388,249.344,1
55081,11.704,11.013,50.465,158.297,0.615,-0.400,249.344,1
55082,11.704,11.013,50.465,158.297,0.623,-0.419,249.649,1
55083,11.704,11.013,50.465,158.559,0.619,-0.439,249.649,1
55084,11.704,11.013,50.498,158.559,0.620,-0.454,249.649,1
55085,11.704,11.013,50.498,158.822,0.624,-0.466,249.344,1
55086,11.240,10.321,50.530,159.084,0.614,-0.485,249.649,1
55087,11.240,10.321,50.563,159.084,0.620,-0.501,249.649,1
55088,11.240,10.321,50.628,159.347,0.621,-0.520,249.649,1
55089,11.240,10.321,50.660,159.609,0.614,-0.540,249.649,1
55090,11.240,10.321,50.693,159.609,0.621,-0.548,249.649,1
55091,11.240,10.321,50.725,159.872,0.618,-0.571,249.649,1
55092,11.240,10.321,50.758,160.134,0.619,-0.594,249.649,1
55093,11.240,10.321,50.791,160.397,0.624,-0.598,249.649,1
55094,11.240,10.321,50.823,160.397,0.615,-0.622,249.649,1
55095,11.240,10.321,50.823,160.659,0.625,-0.637,249.649,1
55096,10.852,9.626,50.856,160.659,0.622,-0.653,249.649,1
55097,10.852,9.626,50.856,160.922,0.615,-0.677,249.953,1
55098,10.852,9.626,50.856,161.184,0.621,-0.688,249.953,1
55099,10.852,9.626,50.856,161.447,0.616,-0.696,249.953,1
55100,10.852,9.626,50.856,161.709,0.619,-0.712,249.649,1
55101,10.852,9.626,50.856,161.709,0.624,-0.731,249.649,1
55102,10.852,9.626,50.823,161.972,0.613,-0.747,249.953,1
55103,10.852,9.626,50.823,162.234,0.625,-0.763,249.953,1
55104,10.852,9.626,50.791,162.234,0.620,-0.779,249.649,1
55105,10.852,9.626,50.791,162.497,0.613,-0.787,249.649,1
55106,10.465,9.457,50.758,162.497,0.623,-0.802,249.649,1
55107,10.465,9.457,50.725,162.759,0.614,-0.814,249.649,1
55108,10.465,9.457,50.693,163.022,0.620,-0.826,249.649,1
55109,10.465,9.457,50.660,163.285,0.622,-0.842,249.649,1
55110,10.465,9.457,50.628,163.285,0.615,-0.857,249.344,1
55111,10.465,9.457,50.595,163.547,0.624,-0.865,249.649,1
55112,10.465,9.457,50.563,163.547,0.620,-0.881,249.649,1
55113,10.465,9.457,50.530,163.810,0.613,-0.893,249.649,1
55114,10.465,9.457,50.498,164.072,0.622,-0.905,249.649,1
55115,10.465,9.457,50.498,164.335,0.615,-0.921,249.344,1
55116,10.089,9.287,50.465,164.335,0.620,-0.936,249.344,1
55117,10.089,9.287,50.433,164.597,0.624,-0.948,249.344,1
55118,10.089,9.287,50.433,164.860,0.613,-0.960,249.344,1
55119,10.089,9.287,50.433,164.860,0.621,-0.972,249.344,1
55120,10.089,9.287,50.433,165.122,0.623,-0.984,249.344,1
55121,10.089,9.287,50.433,165.385,0.612,-0.996,249.344,1
55122,10.089,9.287,50.433,165.385,0.624,-1.011,249.344,1
55123,10.089,9.287,50.465,165.647,0.620,-1.015,249.344,1
55124,10.089,9.287,50.498,165.647,0.614,-1.030,249.649,1
55125,10.089,9.287,50.498,165.910,0.623,-1.041,249.649,1
55126,9.713,8.579,50.530,166.172,0.617,-1.068,249.649,1
55127,9.713,8.579,50.563,166.172,0.616,-1.079,249.649,1
55128,9.713,8.579,50.595,166.172,0.625,-1.083,249.953,1
55129,9.713,8.579,50.628,166.435,0.616,-1.098,249.649,1
55130,9.713,8.579,50.660,166.697,0.622,-1.117,249.649,1
55131,9.713,8.579,50.693,166.697,0.613,-1.124,249.649,1
55132,9.713,8.579,50.725,166.960,0.620,-1.140,249.953,1
55133,9.713,8.579,50.758,166.960,0.623,-1.155,249.953,1
55134,9.713,8.579,50.791,167.222,0.613,-1.166,249.649,1
55135,9.713,8.579,50.791,167.222,0.623,-1.185,249.953,1
55136,9.319,7.872,50.823,167.485,0.621,-1.200,249.953,1
55137,9.319,7.872,50.823,167.485,0.615,-1.223,249.953,1
55138,9.319,7.872,50.823,167.747,0.623,-1.238,249.953,1
55139,9.319,7.872,50.823,168.010,0.618,-1.250,249.953,1
55140,9.319,7.872,50.823,168.010,0.620,-1.254,249.953,1
55141,9.319,7.872,50.823,168.272,0.624,-1.284,249.649,1
55142,9.319,7.872,50.791,168.272,0.615,-1.292,249.953,1
55143,9.319,7.872,50.791,168.535,0.621,-1.303,249.953,1
55144,9.319,7.872,50.791,168.535,0.623,-1.334,249.953,1
55145,9.319,7.872,50.758,168.797,0.613,-1.337,249.953,1
55146,8.923,7.754,50.725,169.060,0.623,-1.357,249.953,1
55147,8.923,7.754,50.693,169.060,0.620,-1.364,249.649,1
55148,8.923,7.754,50.693,169.322,0.615,-1.395,249.649,1
55149,8.923,7.754,50.660,169.585,0.623,-1.399,249.649,1
55150,8.923,7.754,50.628,169.585,0.615,-1.418,249.649,1
55151,8.923,7.754,50.595,169.847,0.617,-1.433,249.649,1
55152,8.923,7.754,50.563,170.110,0.624,-1.437,249.649,1
55153,8.923,7.754,50.530,170.110,0.612,-1.460,249.649,1
55154,8.923,7.754,50.530,170.372,0.623,-1.479,249.649,1
55155,8.923,7.754,50.498,170.635,0.620,-1.487,249.649,1
55156,8.410,7.637,50.465,170.635,0.612,-1.510,249.649,1
55157,8.410,7.637,50.465,170.897,0.623,-1.522,249.649,1
55158,8.410,7.637,50.465,171.160,0.620,-1.529,249.649,1
55159,8.410,7.637,50.465,171.160,0.613,-1.545,249.649,1
55160,8.410,7.637,50.465,171.422,0.623,-1.552,249.649,1
55161,8.410,7.637,50.465,171.685,0.619,-1.579,249.649,1
55162,8.410,7.637,50.465,171.685,0.617,-1.587,249.649,1
55163,8.410,7.637,50.498,171.947,0.624,-1.603,249.649,1
55164,8.410,7.637,50.498,171.947,0.615,-1.606,249.649,1
55165,8.410,7.637,50.530,172.210,0.619,-1.614,249.649,1
55166,7.896,7.338,50.530,172.473,0.625,-1.637,249.649,1
55167,7.896,7.338,50.563,172.473,0.613,-1.645,249.649,1
55168,7.896,7.338,50.595,172.735,0.622,-1.645,249.649,1
55169,7.896,7.338,50.628,172.998,0.623,-1.668,249.649,1
55170,7.896,7.338,50.628,172.998,0.614,-1.684,249.953,1
55171,7.896,7.338,50.660,173.260,0.623,-1.692,249.953,1
55172,7.896,7.338,50.693,173.260,0.620,-1.696,249.953,1
55173,7.896,7.338,50.725,173.523,0.615,-1.703,249.953,1
55174,7.896,7.338,50.758,173.785,0.625,-1.730,249.953,1
55175,7.896,7.338,50.758,174.048,0.616,-1.734,249.953,1
55176,7.667,7.037,50.791,174.310,0.622,-1.742,249.953,1
55177,7.667,7.037,50.791,174.310,0.625,-1.758,249.953,1
55178,7.667,7.037,50.823,174.310,0.612,-1.769,249.953,1
55179,7.667,7.037,50.823,174.573,0.622,-1.777,249.953,1
55180,7.667,7.037,50.791,174.835,0.620,-1.789,249.953,1
55181,7.667,7.037,50.791,175.098,0.615,-1.808,249.953,1
55182,7.667,7.037,50.791,175.098,0.625,-1.820,249.953,1
55183,7.667,7.037,50.791,175.360,0.618,-1.824,249.953,1
55184,7.667,7.037,50.758,175.360,0.622,-1.836,249.953,1
55185,7.667,7.037,50.758,175.360,0.624,-1.855,249.953,1
55186,7.439,6.621,50.725,175.623,0.616,-1.863,249.953,1
55187,7.439,6.621,50.693,175.623,0.621,-1.879,249.953,1
55188,7.439,6.621,50.660,175.885,0.620,-1.886,249.953,1
55189,7.439,6.621,50.628,175.885,0.612,-1.902,249.953,1
55190,7.439,6.621,50.628,176.410,0.623,-1.922,249.649,1
55191,7.439,6.621,50.595,176.410,0.616,-1.929,249.649,1
55192,7.439,6.621,50.563,176.410,0.617,-1.937,249.649,1
55193,7.439,6.621,50.530,176.410,0.623,-1.961,249.649,1
55194,7.439,6.621,50.530,176.673,0.615,-1.976,249.649,1
55195,7.439,6.621,50.498,176.935,0.621,-1.992,249.649,1
55196,7.088,6.207,50.465,176.935,0.622,-2.000,249.649,1
55197,7.088,6.207,50.465,177.198,0.613,-2.011,249.649,1
55198,7.088,6.207,50.465,177.198,0.621,-2.026,249.649,1
55199,7.088,6.207,50.465,177.460,0.623,-2.037,249.953,1
55200,7.088,6.207,50.465,177.723,0.613,-2.056,249.649,1
55201,7.088,6.207,50.465,177.723,0.622,-2.071,249.649,1
55202,7.088,6.207,50.498,177.985,0.620,-2.086,249.649,1
55203,7.088,6.207,50.498,177.985,0.616,-2.097,249.649,1
55204,7.088,6.207,50.498,178.248,0.622,-2.116,249.649,1
55205,7.088,6.207,50.530,178.248,0.615,-2.127,249.649,1
55206,6.736,6.057,50.563,178.510,0.617,-2.142,249.649,1
55207,6.736,6.057,50.563,178.773,0.621,-2.150,249.649,1
55208,6.736,6.057,50.628,178.773,0.617,-2.172,249.953,1
55209,6.736,6.057,50.628,179.035,0.621,-2.183,249.953,1
55210,6.736,6.057,50.660,179.298,0.624,-2.198,249.953,1
55211,6.736,6.057,50.725,179.298,0.615,-2.213,249.953,1
55212,6.736,6.057,50.758,179.560,0.623,-2.228,249.953,1
55213,6.736,6.057,50.758,179.560,0.620,-2.240,249.953,1
55214,6.736,6.057,50.791,179.823,0.616,-2.247,249.953,1
55215,6.736,6.057,50.823,180.085,0.624,-2.259,249.953,1
55216,6.202,5.910,50.823,180.348,0.616,-2.266,249.953,1
55217,6.202,5.910,50.823,180.348,0.621,-2.289,249.953,1
55218,6.202,5.910,50.856,180.611,0.624,-2.293,249.953,1
55219,6.202,5.910,50.823,180.611,0.614,-2.304,249.953,1
55220,6.202,5.910,50.823,180.873,0.624,-2.319,250.258,1
55221,6.202,5.910,50.823,181.136,0.620,-2.330,249.953,1
55222,6.202,5.910,50.823,181.136,0.617,-2.338,249.953,1
55223,6.202,5.910,50.791,181.398,0.623,-2.349,249.953,1
55224,6.202,5.910,50.791,181.398,0.617,-2.357,249.953,1
55225,6.202,5.910,50.725,181.661,0.619,-2.364,249.953,1
55226,5.666,5.318,50.725,181.661,0.625,-2.383,249.953,1
55227,5.666,5.318,50.693,181.923,0.611,-2.391,249.953,1
55228,5.666,5.318,50.660,181.923,0.622,-2.402,249.953,1
55229,5.666,5.318,50.660,182.186,0.619,-2.402,249.649,1
55230,5.666,5.318,50.595,182.448,0.615,-2.421,249.953,1
55231,5.666,5.318,50.595,182.711,0.622,-2.429,249.953,1
55232,5.666,5.318,50.563,182.711,0.615,-2.436,249.953,1
55233,5.666,5.318,50.530,182.973,0.619,-2.452,249.649,1
55234,5.666,5.318,50.498,182.973,0.622,-2.455,249.649,1
55235,5.666,5.318,50.498,183.236,0.613,-2.467,249.649,1
55236,5.508,4.721,50.465,183.498,0.622,-2.474,249.649,1
55237,5.508,4.721,50.465,183.761,0.624,-2.482,249.649,1
55238,5.508,4.721,50.465,183.761,0.613,-2.493,249.649,1
55239,5.508,4.721,50.465,183.761,0.623,-2.505,249.649,1
55240,5.508,4.721,50.465,184.023,0.623,-2.520,249.649,1
55241,5.508,4.721,50.465,184.286,0.613,-2.532,249.649,1
55242,5.508,4.721,50.465,184.286,0.623,-2.543,249.649,1
55243,5.508,4.721,50.498,184.548,0.619,-2.551,249.649,1
55244,5.508,4.721,50.498,184.548,0.617,-2.562,249.953,1
55245,5.508,4.721,50.530,184.548,0.624,-2.566,249.649,1
55246,5.348,4.704,50.563,184.811,0.616,-2.581,249.649,1
55247,5.348,4.704,50.595,184.811,0.619,-2.593,249.649,1
55248,5.348,4.704,50.628,185.073,0.625,-2.600,249.649,1
55249,5.348,4.704,50.660,185.073,0.614,-2.616,249.953,1
55250,5.348,4.704,50.660,185.336,0.623,-2.635,249.953,1
55251,5.348,4.704,50.693,185.336,0.621,-2.642,249.953,1
55252,5.348,4.704,50.725,185.598,0.615,-2.662,249.953,1
55253,5.348,4.704,50.758,185.598,0.623,-2.681,249.953,1
55254,5.348,4.704,50.758,185.598,0.618,-2.689,249.953,1
55255,5.348,4.704,50.791,185.861,0.619,-2.696,249.953,1
55256,5.383,4.687,50.791,186.123,0.623,-2.704,249.953,1
55257,5.383,4.687,50.823,186.386,0.615,-2.723,249.953,1
55258,5.383,4.687,50.823,186.386,0.623,-2.735,249.953,1
55259,5.383,4.687,50.823,186.386,0.621,-2.754,249.953,1
55260,5.383,4.687,50.823,186.648,0.616,-2.765,249.953,1
55261,5.383,4.687,50.823,186.911,0.623,-2.777,249.953,1
55262,5.383,4.687,50.791,186.911,0.621,-2.789,250.258,1
55263,5.383,4.687,50.791,187.173,0.619,-2.804,249.953,1
55264,5.383,4.687,50.758,187.173,0.617,-2.816,249.953,1
55265,5.383,4.687,50.725,187.436,0.619,-2.831,249.953,1
55266,5.418,4.487,50.725,187.436,0.624,-2.843,250.258,1
55267,5.418,4.487,50.693,187.698,0.623,-2.858,249.953,1
55268,5.418,4.487,50.693,187.961,0.614,-2.870,249.953,1
55269,5.418,4.487,50.660,187.961,0.623,-2.881,249.953,1
55270,5.418,4.487,50.628,188.223,0.617,-2.897,249.953,1
55271,5.418,4.487,50.595,188.486,0.616,-2.908,249.953,1
55272,5.418,4.487,50.563,188.748,0.623,-2.916,249.953,1
55273,5.418,4.487,50.563,188.748,0.615,-2.928,249.953,1
55274,5.418,4.487,50.530,188.748,0.623,-2.936,249.953,1
55275,5.418,4.487,50.498,189.011,0.614,-2.947,249.953,1
55276,5.203,4.290,50.498,189.273,0.617,-2.959,249.953,1
55277,5.203,4.290,50.465,189.536,0.624,-2.967,249.953,1
55278,5.203,4.290,50.465,189.536,0.612,-2.974,249.953,1
55279,5.203,4.290,50.465,189.536,0.621,-2.994,249.649,1
55280,5.203,4.290,50.465,189.799,0.624,-2.994,249.649,1
55281,5.203,4.290,50.465,190.061,0.615,-2.994,249.649,1
55282,5.203,4.290,50.433,190.061,0.623,-2.994,249.649,1
55283,5.203,4.290,50.465,190.324,0.619,-2.986,249.649,1
55284,5.203,4.290,50.498,190.586,0.615,-2.998,249.649,1
55285,5.203,4.290,50.498,190.586,0.623,-2.998,249.953,1
55286,4.987,4.062,50.530,190.586,0.618,-3.002,249.953,1
55287,4.987,4.062,50.595,190.849,0.617,-2.998,249.953,1
55288,4.987,4.062,50.595,190.849,0.626,-2.990,249.953,1
55289,4.987,4.062,50.628,191.111,0.615,-2.978,249.953,1
55290,4.987,4.062,50.660,191.374,0.623,-2.990,250.258,1
55291,4.987,4.062,50.693,191.374,0.623,-3.005,249.953,1
55292,4.987,4.062,50.758,191.636,0.611,-2.943,249.953,1
55293,4.987,4.062,50.758,191.899,0.626,-2.754,250.258,1
55294,4.987,4.062,50.791,191.899,0.619,-2.746,249.953,1
55295,4.987,4.062,50.791,191.899,0.619,-2.816,250.258,1
55296,4.509,3.837,50.791,192.161,0.624,-2.874,250.258,1
55297,4.509,3.837,50.823,192.424,0.615,-2.920,250.258,1
55298,4.509,3.837,50.823,192.686,0.623,-2.959,250.258,1
55299,4.509,3.837,50.856,192.686,0.624,-2.990,249.953,1
55300,4.509,3.837,50.856,192.686,0.614,-3.005,250.258,1
55301,4.509,3.837,50.856,192.686,0.624,-2.947,250.258,1
55302,4.509,3.837,50.823,192.949,0.619,-2.789,250.258,1
55303,4.509,3.837,50.823,193.211,0.618,-2.789,250.258,1
55304,4.509,3.837,50.791,193.211,0.624,-2.854,250.258,1
55305,4.509,3.837,50.758,193.474,0.615,-2.908,250.258,1
55306,4.031,3.741,50.758,193.474,0.623,-2.955,250.258,1
55307,4.031,3.741,50.725,193.474,0.620,-2.998,250.258,1
55308,4.031,3.741,50.725,193.474,0.615,-3.009,250.258,1
55309,4.031,3.741,50.693,193.736,0.623,-2.905,249.953,1
55310,4.031,3.741,50.660,193.999,0.620,-2.738,249.953,1
55311,4.031,3.741,50.628,193.999,0.616,-2.773,249.953,1
55312,4.031,3.741,50.595,194.261,0.623,-2.850,249.953,1
55313,4.031,3.741,50.563,194.524,0.615,-2.916,249.953,1
55314,4.031,3.741,50.530,194.524,0.617,-2.971,249.649,1
55315,4.031,3.741,50.498,194.524,0.623,-3.009,249.953,1
55316,3.888,3.641,50.498,194.524,0.614,-2.971,249.953,1
55317,3.888,3.641,50.465,195.049,0.624,-2.762,249.953,1
55318,3.888,3.641,50.465,195.049,0.620,-2.738,249.953,1
55319,3.888,3.641,50.433,195.311,0.613,-2.819,249.953,1
55320,3.888,3.641,50.433,195.311,0.623,-2.905,249.953,1
55321,3.888,3.641,50.433,195.311,0.620,-2.959,249.953,1
55322,3.888,3.641,50.465,195.574,0.614,-3.005,249.953,1
55323,3.888,3.641,50.498,195.574,0.621,-2.967,249.953,1
55324,3.888,3.641,50.465,196.099,0.619,-2.773,249.953,1
55325,3.888,3.641,50.498,196.099,0.617,-2.692,249.953,1
55326,3.747,3.316,50.530,196.361,0.623,-2.769,249.953,1
55327,3.747,3.316,50.530,196.361,0.616,-2.862,249.953,1
55328,3.747,3.316,50.563,196.624,0.618,-2.936,249.953,1
55329,3.747,3.316,50.595,196.886,0.623,-2.990,249.953,1
55330,3.747,3.316,50.660,196.886,0.614,-3.009,249.953,1
55331,3.747,3.316,50.660,196.886,0.621,-2.870,249.953,1
55332,3.747,3.316,50.693,197.411,0.622,-2.712,250.258,1
55333,3.747,3.316,50.725,197.411,0.615,-2.754,250.258,1
55334,3.747,3.316,50.758,197.674,0.624,-2.843,250.258,1
55335,3.747,3.316,50.758,197.674,0.619,-2.920,250.258,1
55336,3.355,2.994,50.791,197.674,0.616,-2.982,250.258,1
55337,3.355,2.994,50.823,197.937,0.625,-3.013,250.258,1
55338,3.355,2.994,50.856,198.199,0.615,-2.955,250.258,1
55339,3.355,2.994,50.856,198.462,0.622,-2.719,250.258,1
55340,3.355,2.994,50.856,198.462,0.623,-2.704,250.258,1
55341,3.355,2.994,50.856,198.462,0.614,-2.800,250.258,1
55342,3.355,2.994,50.856,198.724,0.624,-2.885,250.258,1
55343,3.355,2.994,50.823,198.987,0.620,-2.951,250.258,1
55344,3.355,2.994,50.823,198.987,0.617,-3.002,250.258,1
55345,3.355,2.994,50.823,198.987,0.624,-3.005,250.258,1
55346,2.964,2.925,50.791,199.249,0.615,-2.812,250.258,1
55347,2.964,2.925,50.791,199.512,0.621,-2.696,250.258,1
55348,2.964,2.925,50.758,199.512,0.624,-2.758,250.258,1
55349,2.964,2.925,50.725,199.774,0.615,-2.854,250.258,1
55350,2.964,2.925,50.693,200.037,0.623,-2.928,250.258,1
55351,2.964,2.925,50.660,200.037,0.621,-2.982,250.258,1
55352,2.964,2.925,50.660,200.037,0.616,-3.009,250.258,1
55353,2.964,2.925,50.628,200.299,0.623,-2.916,249.953,1
55354,2.964,2.925,50.595,200.562,0.619,-2.708,249.953,1
55355,2.964,2.925,50.530,200.562,0.618,-2.704,249.953,1
55356,2.931,2.853,50.498,200.562,0.624,-2.796,249.953,1
55357,2.931,2.853,50.498,200.824,0.615,-2.885,249.953,1
55358,2.931,2.853,50.465,201.087,0.621,-2.955,249.953,1
55359,2.931,2.853,50.465,201.087,0.625,-3.005,249.953,1
55360,2.931,2.853,50.465,201.087,0.611,-3.005,249.953,1
55361,2.931,2.853,50.433,201.349,0.623,-2.762,249.953,1
55362,2.931,2.853,50.433,201.349,0.622,-2.646,249.953,1
55363,2.931,2.853,50.433,201.612,0.613,-2.735,249.953,1
55364,2.931,2.853,50.433,201.612,0.621,-2.839,249.953,1
55365,2.931,2.853,50.465,201.874,0.621,-2.924,249.953,1
55366,2.896,2.644,50.465,202.137,0.615,-2.986,249.953,1
55367,2.896,2.644,50.530,201.874,0.621,-3.020,249.953,1
55368,2.896,2.644,50.563,201.874,0.619,-2.932,249.953,1
55369,2.896,2.644,50.563,202.137,0.619,-2.677,249.953,1
55370,2.896,2.644,50.595,202.399,0.622,-2.677,249.953,1
55371,2.896,2.644,50.628,202.399,0.616,-2.785,249.953,1
55372,2.896,2.644,50.693,202.662,0.619,-2.885,249.953,1
55373,2.896,2.644,50.725,202.924,0.623,-2.959,250.258,1
55374,2.896,2.644,50.758,202.924,0.612,-3.016,250.258,1
55375,2.896,2.644,50.791,202.924,0.621,-2.990,250.258,1
55376,2.798,2.438,50.823,203.187,0.621,-2.762,250.258,1
55377,2.798,2.438,50.823,203.187,0.616,-2.681,250.258,1
55378,2.798,2.438,50.856,203.712,0.624,-2.769,250.258,1
55379,2.798,2.438,50.888,203.712,0.617,-2.877,250.258,1
55380,2.798,2.438,50.856,203.974,0.620,-2.963,250.258,1
55381,2.798,2.438,50.888,203.974,0.626,-3.013,250.258,1
55382,2.798,2.438,50.888,203.712,0.615,-2.986,250.258,1
55383,2.798,2.438,50.856,204.237,0.624,-2.758,250.258,1
55384,2.798,2.438,50.856,204.499,0.623,-2.673,250.258,1
55385,2.798,2.438,50.856,204.762,0.615,-2.762,250.258,1
55386,2.701,2.297,50.823,205.024,0.625,-2.877,250.258,1
55387,2.701,2.297,50.823,205.024,0.621,-2.955,250.258,1
55388,2.701,2.297,50.791,205.024,0.619,-3.009,250.258,1
55389,2.701,2.297,50.791,204.762,0.623,-3.002,250.258,1
55390,2.701,2.297,50.758,205.287,0.613,-2.777,250.258,1
55391,2.701,2.297,50.693,205.549,0.624,-2.658,250.258,1
55392,2.701,2.297,50.693,205.549,0.621,-2.750,250.258,1
55393,2.701,2.297,50.660,205.812,0.613,-2.858,250.258,1
55394,2.701,2.297,50.628,205.812,0.622,-2.939,249.953,1
55395,2.701,2.297,50.595,206.074,0.621,-3.013,249.953,1
55396,2.514,2.159,50.595,206.074,0.616,-2.994,249.953,1
55397,2.514,2.159,50.530,206.337,0.623,-2.792,250.258,1
55398,2.514,2.159,50.498,206.600,0.616,-2.692,249.953,1
55399,2.514,2.159,50.498,206.862,0.618,-2.792,249.953,1
55400,2.514,2.159,50.498,206.862,0.625,-2.874,249.953,1
55401,2.514,2.159,50.465,206.862,0.615,-2.959,249.953,1
55402,2.514,2.159,50.465,207.125,0.620,-3.020,249.953,1
55403,2.514,2.159,50.498,207.125,0.617,-2.986,249.953,1
55404,2.514,2.159,50.465,207.387,0.621,-2.758,249.953,1
55405,2.514,2.159,50.465,207.650,0.624,-2.677,249.953,1
55406,2.325,2.053,50.465,207.650,0.616,-2.765,249.953,1
55407,2.325,2.053,50.498,207.912,0.623,-2.874,249.953,1
55408,2.325,2.053,50.498,207.912,0.624,-2.959,250.258,1
55409,2.325,2.053,50.563,207.912,0.620,-3.009,249.953,1
55410,2.325,2.053,50.563,207.912,0.616,-2.963,250.258,1
55411,2.325,2.053,50.595,208.437,0.621,-2.754,250.258,1
55412,2.325,2.053,50.595,208.437,0.616,-2.746,250.258,1
55413,2.325,2.053,50.660,208.437,0.619,-2.850,250.258,1
55414,2.325,2.053,50.693,208.700,0.625,-2.932,250.258,1
55415,2.325,2.053,50.693,208.962,0.622,-3.005,250.258,1
55416,2.039,1.949,50.725,208.700,0.625,-3.020,250.258,1
55417,2.039,1.949,50.758,208.962,0.616,-2.816,250.562,1
55418,2.039,1.949,50.758,209.225,0.625,-2.654,250.258,1
55419,2.039,1.949,50.791,209.225,0.622,-2.719,250.258,1
55420,2.039,1.949,50.791,209.487,0.616,-2.831,250.258,1
55421,2.039,1.949,50.823,209.487,0.623,-2.924,250.258,1
55422,2.039,1.949,50.823,209.487,0.619,-3.009,250.258,1
55423,2.039,1.949,50.856,209.487,0.619,-3.020,250.258,1
55424,2.039,1.949,50.823,209.750,0.626,-2.808,250.258,1
55425,2.039,1.949,50.823,210.012,0.613,-2.646,250.562,1
55426,1.751,1.885,50.791,210.012,0.624,-2.723,250.258,1
55427,1.751,1.885,50.791,210.275,0.622,-2.843,250.258,1
55428,1.751,1.885,50.758,210.275,0.616,-2.939,250.258,1
55429,1.751,1.885,50.758,210.275,0.623,-3.009,250.258,1
55430,1.751,1.885,50.758,210.275,0.620,-3.016,250.258,1
55431,1.751,1.885,50.725,210.537,0.619,-2.796,250.258,1
55432,1.751,1.885,50.693,210.800,0.625,-2.620,249.953,1
55433,1.751,1.885,50.660,210.800,0.614,-2.704,250.258,1
55434,1.751,1.885,50.628,211.062,0.623,-2.839,250.258,1
55435,1.751,1.885,50.595,211.325,0.625,-2.924,250.258,1
55436,1.792,1.819,50.595,211.325,0.615,-3.013,250.258,1
55437,1.792,1.819,50.563,211.325,0.623,-3.024,250.258,1
55438,1.792,1.819,50.530,211.587,0.622,-2.819,250.258,1
55439,1.792,1.819,50.498,211.850,0.615,-2.650,250.258,1
55440,1.792,1.819,50.498,212.112,0.623,-2.731,250.258,1
55441,1.792,1.819,50.465,212.375,0.620,-2.850,249.953,1
55442,1.792,1.819,50.465,212.375,0.616,-2.939,249.953,1
55443,1.792,1.819,50.465,212.375,0.624,-3.016,249.953,1
55444,1.792,1.819,50.465,212.375,0.616,-3.013,249.953,1
55445,1.792,1.819,50.465,212.637,0.620,-2.777,249.953,1
55446,1.833,1.647,50.465,212.900,0.624,-2.631,250.258,1
55447,1.833,1.647,50.465,213.162,0.613,-2.738,249.953,1
55448,1.833,1.647,50.498,213.162,0.621,-2.854,249.953,1
55449,1.833,1.647,50.498,213.162,0.624,-2.939,250.258,1
55450,1.833,1.647,50.530,213.425,0.616,-3.016,250.258,1
55451,1.833,1.647,50.595,213.425,0.623,-3.009,250.258,1
55452,1.833,1.647,50.595,213.687,0.620,-2.792,250.258,1
55453,1.833,1.647,50.595,213.687,0.617,-2.642,250.258,1
55454,1.833,1.647,50.628,213.950,0.623,-2.735,250.258,1
55455,1.833,1.647,50.660,214.212,0.617,-2.854,250.258,1
55456,1.905,1.476,50.693,214.212,0.620,-2.943,250.258,1
55457,1.905,1.476,50.725,214.212,0.627,-3.009,250.562,1
55458,1.905,1.476,50.791,214.212,0.616,-2.998,250.258,1
55459,1.905,1.476,50.791,214.475,0.625,-2.781,250.562,1
55460,1.905,1.476,50.823,214.737,0.624,-2.665,250.562,1
55461,1.905,1.476,50.823,215.000,0.615,-2.758,250.562,1
55462,1.905,1.476,50.823,215.263,0.623,-2.870,250.562,1
55463,1.905,1.476,50.856,215.263,0.620,-2.963,250.562,1
55464,1.905,1.476,50.856,215.263,0.619,-3.016,250.562,1
55465,1.905,1.476,50.856,215.263,0.624,-2.982,250.258,1
55466,1.978,1.453,50.823,215.788,0.616,-2.727,250.562,1
55467,1.978,1.453,50.823,215.788,0.623,-2.646,250.258,1
55468,1.978,1.453,50.791,215.788,0.625,-2.758,250.562,1
55469,1.978,1.453,50.758,215.788,0.615,-2.866,250.258,1
55470,1.978,1.453,50.758,216.050,0.625,-2.955,250.258,1
55471,1.978,1.453,50.725,216.050,0.623,-3.013,250.258,1
55472,1.978,1.453,50.725,216.050,0.615,-2.994,250.258,1
55473,1.978,1.453,50.693,216.313,0.625,-2.750,250.258,1
55474,1.978,1.453,50.660,216.575,0.616,-2.639,250.258,1
55475,1.978,1.453,50.628,216.575,0.620,-2.742,250.258,1
55476,1.757,1.432,50.595,216.838,0.624,-2.858,250.258,1
55477,1.757,1.432,50.563,216.838,0.616,-2.959,250.258,1
55478,1.757,1.432,50.563,216.838,0.623,-3.020,250.258,1
55479,1.757,1.432,50.563,216.838,0.623,-2.994,250.258,1
55480,1.757,1.432,50.498,217.100,0.616,-2.742,250.258,1
55481,1.757,1.432,50.498,217.363,0.621,-2.635,250.258,1
55482,1.757,1.432,50.465,217.363,0.623,-2.742,249.953,1
55483,1.757,1.432,50.465,217.625,0.615,-2.862,250.258,1
55484,1.757,1.432,50.465,217.625,0.624,-2.963,249.953,1
55485,1.757,1.432,50.465,217.888,0.622,-3.024,249.953,1
55486,1.538,1.382,50.498,217.888,0.616,-2.982,249.953,1
55487,1.538,1.382,50.465,218.150,0.623,-2.719,249.953,1
55488,1.538,1.382,50.498,218.150,0.619,-2.646,250.258,1
55489,1.538,1.382,50.498,218.150,0.620,-2.758,250.258,1
55490,1.538,1.382,50.530,218.150,0.625,-2.881,250.258,1
55491,1.538,1.382,50.530,218.413,0.616,-2.982,250.258,1
55492,1.538,1.382,50.563,218.413,0.619,-3.031,250.258,1
55493,1.538,1.382,50.628,218.675,0.625,-2.936,250.258,1
55494,1.538,1.382,50.628,218.938,0.613,-2.696,250.258,1
55495,1.538,1.382,50.660,219.200,0.625,-2.704,250.258,1
55496,1.465,1.331,50.693,219.200,0.623,-2.823,250.562,1
55497,1.465,1.331,50.725,219.463,0.614,-2.936,250.562,1
55498,1.465,1.331,50.758,219.463,0.627,-3.013,250.562,1
55499,1.465,1.331,50.791,219.463,0.620,-3.024,250.258,1
55500,1.465,1.331,50.791,219.725,0.620,-2.800,250.562,1
55501,1.465,1.331,50.823,220.250,0.625,-2.635,250.562,1
55502,1.465,1.331,50.823,220.250,0.616,-2.723,250.562,1
55503,1.465,1.331,50.823,220.250,0.623,-2.847,250.258,1
55504,1.465,1.331,50.823,220.513,0.624,-2.955,250.562,1
55505,1.465,1.331,50.856,220.513,0.613,-3.020,250.562,1
55506,1.393,1.209,50.856,220.513,0.624,-2.994,250.258,1
55507,1.393,1.209,50.823,220.775,0.620,-2.719,250.562,1
55508,1.393,1.209,50.823,221.038,0.617,-2.654,250.562,1
55509,1.393,1.209,50.791,221.038,0.625,-2.754,250.258,1
55510,1.393,1.209,50.791,221.038,0.618,-2.874,250.258,1
55511,1.393,1.209,50.758,221.300,0.622,-2.967,250.562,1
55512,1.393,1.209,50.725,221.300,0.624,-3.031,250.258,1
55513,1.393,1.209,50.725,221.300,0.616,-2.932,250.258,1
55514,1.393,1.209,50.693,221.563,0.623,-2.696,250.258,1
55515,1.393,1.209,50.660,221.825,0.624,-2.665,250.258,1
55516,1.311,1.085,50.628,222.088,0.613,-2.781,250.258,1
55517,1.311,1.085,50.595,222.350,0.624,-2.893,250.258,1
55518,1.311,1.085,50.563,222.350,0.623,-2.982,250.258,1
55519,1.311,1.085,50.563,222.350,0.616,-3.027,250.258,1
55520,1.311,1.085,50.530,222.350,0.624,-2.928,250.258,1
55521,1.311,1.085,50.498,222.875,0.618,-2.677,250.258,1
55522,1.311,1.085,50.498,222.875,0.619,-2.685,250.258,1
55523,1.311,1.085,50.465,222.875,0.624,-2.804,250.258,1
55524,1.311,1.085,50.465,223.138,0.617,-2.912,250.258,1
55525,1.311,1.085,50.465,223.138,0.622,-2.998,250.258,1
55526,1.229,0.997,50.465,223.138,0.627,-3.027,250.258,1
55527,1.229,0.997,50.465,223.400,0.615,-2.877,249.953,1
55528,1.229,0.997,50.465,223.663,0.623,-2.658,249.953,1
55529,1.229,0.997,50.465,223.663,0.625,-2.704,249.953,1
55530,1.229,0.997,50.498,223.663,0.615,-2.827,250.258,1
55531,1.229,0.997,50.530,223.663,0.625,-2.928,249.953,1
55532,1.229,0.997,50.563,223.926,0.623,-3.016,250.258,1
55533,1.229,0.997,50.595,223.663,0.613,-3.027,250.258,1
55534,1.229,0.997,50.628,223.926,0.625,-2.831,250.258,1
55535,1.229,0.997,50.628,224.188,0.623,-2.635,250.258,1
55536,1.209,0.909,50.693,224.188,0.616,-2.712,250.562,1
55537,1.209,0.909,50.693,224.451,0.625,-2.843,250.562,1
55538,1.209,0.909,50.725,224.451,0.621,-2.947,250.562,1
55539,1.209,0.909,50.758,224.451,0.621,-3.024,250.562,1
55540,1.209,0.909,50.823,224.451,0.625,-2.998,250.258,1
55541,1.209,0.909,50.823,224.713,0.616,-2.750,250.562,1
55542,1.209,0.909,50.823,224.976,0.622,-2.650,250.562,1
55543,1.209,0.909,50.856,225.238,0.617,-2.746,250.562,1
55544,1.209,0.909,50.856,225.238,0.625,-2.874,250.562,1
55545,1.209,0.909,50.856,225.238,0.627,-2.974,250.562,1
55546,1.188,0.976,50.888,225.238,0.616,-3.035,250.562,1
55547,1.188,0.976,50.888,225.501,0.624,-2.947,250.562,1
55548,1.188,0.976,50.856,225.763,0.622,-2.692,250.562,1
55549,1.188,0.976,50.856,225.763,0.617,-2.677,250.562,1
55550,1.188,0.976,50.823,226.026,0.625,-2.808,250.258,1
55551,1.188,0.976,50.823,226.026,0.624,-2.939,250.562,1
55552,1.188,0.976,50.791,226.026,0.617,-3.020,250.562,1
55553,1.188,0.976,50.791,226.288,0.624,-3.020,250.258,1
55554,1.188,0.976,50.725,226.551,0.624,-2.777,250.258,1
55555,1.188,0.976,50.693,226.813,0.615,-2.639,250.258,1
55556,0.972,1.047,50.693,227.076,0.622,-2.738,250.258,1
55557,0.972,1.047,50.660,227.076,0.617,-2.862,250.258,1
55558,0.972,1.047,50.628,227.338,0.623,-2.974,250.258,1
55559,0.972,1.047,50.595,227.076,0.621,-3.031,250.258,1
55560,0.972,1.047,50.595,227.076,0.617,-2.963,250.258,1
55561,0.972,1.047,50.530,227.601,0.625,-2.700,250.258,1
55562,0.972,1.047,50.530,227.863,0.621,-2.662,250.258,1
55563,0.972,1.047,50.498,227.863,0.618,-2.777,250.258,1
55564,0.972,1.047,50.465,227.863,0.624,-2.897,250.258,1
55565,0.972,1.047,50.465,228.126,0.617,-2.990,250.258,1
55566,0.754,0.899,50.465,228.126,0.621,-3.035,250.258,1
55567,0.754,0.899,50.465,228.126,0.625,-2.874,249.953,1
55568,0.754,0.899,50.433,228.388,0.616,-2.654,250.258,1
55569,0.754,0.899,50.433,228.651,0.622,-2.673,250.258,1
55570,0.754,0.899,50.465,228.651,0.626,-2.804,249.953,1
55571,0.754,0.899,50.465,228.651,0.613,-2.916,250.258,1
55572,0.754,0.899,50.465,228.913,0.624,-3.002,249.953,1
55573,0.754,0.899,50.530,228.913,0.625,-3.031,250.258,1
55574,0.754,0.899,50.530,229.176,0.616,-2.862,250.258,1
55575,0.754,0.899,50.563,229.438,0.623,-2.639,250.258,1
55576,0.788,0.749,50.595,229.438,0.620,-2.696,250.258,1
55577,0.788,0.749,50.628,229.701,0.620,-2.823,250.562,1
55578,0.788,0.749,50.660,229.963,0.625,-2.928,250.562,1
55579,0.788,0.749,50.693,229.963,0.617,-3.009,250.562,1
55580,0.788,0.749,50.758,229.701,0.621,-3.024,250.258,1
55581,0.788,0.749,50.758,229.963,0.624,-2.847,250.258,1
55582,0.788,0.749,50.791,230.226,0.616,-2.646,250.562,1
55583,0.788,0.749,50.791,230.488,0.623,-2.715,250.562,1
55584,0.788,0.749,50.823,230.488,0.625,-2.843,250.562,1
55585,0.788,0.749,50.856,230.488,0.616,-2.947,250.562,1
55586,0.821,0.716,50.856,230.488,0.626,-3.020,250.562,1
55587,0.821,0.716,50.888,230.488,0.619,-3.002,250.258,1
55588,0.821,0.716,50.856,230.751,0.620,-2.750,250.258,1
55589,0.821,0.716,50.856,230.751,0.627,-2.642,250.258,1
55590,0.821,0.716,50.856,231.013,0.617,-2.762,250.562,1
55591,0.821,0.716,50.823,231.013,0.624,-2.881,250.258,1
55592,0.821,0.716,50.823,231.013,0.624,-2.986,250.562,1
55593,0.821,0.716,50.823,231.013,0.617,-3.035,250.562,1
55594,0.821,0.716,50.791,231.276,0.626,-2.912,250.562,1
55595,0.821,0.716,50.758,231.276,0.619,-2.662,250.562,1
55596,0.877,0.685,50.725,231.538,0.621,-2.681,250.258,1
55597,0.877,0.685,50.693,231.801,0.628,-2.812,250.562,1
55598,0.877,0.685,50.660,232.063,0.616,-2.936,250.258,1
55599,0.877,0.685,50.660,232.063,0.625,-3.016,250.258,1
55600,0.877,0.685,50.628,231.801,0.624,-3.013,250.258,1
55601,0.877,0.685,50.595,232.063,0.619,-2.785,250.258,1
55602,0.877,0.685,50.563,232.326,0.625,-2.654,250.258,1
55603,0.877,0.685,50.530,232.589,0.624,-2.754,250.258,1
55604,0.877,0.685,50.498,232.589,0.617,-2.889,250.258,1
55605,0.877,0.685,50.498,232.851,0.625,-2.994,250.258,1
55606,0.934,0.475,50.498,232.589,0.620,-3.042,250.258,1
55607,0.934,0.475,50.498,232.851,0.620,-2.901,250.258,1
55608,0.934,0.475,50.465,233.114,0.627,-2.639,249.953,1
55609,0.934,0.475,50.465,233.376,0.617,-2.665,250.258,1
55610,0.934,0.475,50.465,233.376,0.625,-2.800,250.258,1
55611,0.934,0.475,50.465,233.639,0.624,-2.932,250.258,1
55612,0.934,0.475,50.498,233.639,0.617,-3.013,249.953,1
55613,0.934,0.475,50.530,233.376,0.625,-3.027,250.258,1
55614,0.934,0.475,50.530,233.901,0.623,-2.785,250.258,1
55615,0.934,0.475,50.530,234.164,0.618,-2.631,250.258,1
55616,0.838,0.266,50.563,234.164,0.624,-2.715,250.258,1
55617,0.838,0.266,50.595,234.426,0.620,-2.850,250.258,1
55618,0.838,0.266,50.628,234.689,0.621,-2.959,250.258,1
55619,0.838,0.266,50.693,234.689,0.627,-3.024,250.258,1
55620,0.838,0.266,50.725,234.426,0.618,-2.998,250.562,1
55621,0.838,0.266,50.725,234.689,0.624,-2.735,250.258,1
55622,0.838,0.266,50.758,234.951,0.627,-2.639,250.562,1
55623,0.838,0.266,50.758,235.214,0.620,-2.750,250.562,1
55624,0.838,0.266,50.791,235.214,0.627,-2.874,250.562,1
55625,0.838,0.266,50.791,235.214,0.619,-2.974,250.562,1
55626,0.742,0.340,50.823,235.214,0.621,-3.035,250.562,1
55627,0.742,0.340,50.856,235.476,0.627,-2.963,250.258,1
55628,0.742,0.340,50.823,235.739,0.615,-2.696,250.562,1
55629,0.742,0.340,50.823,235.739,0.627,-2.658,250.258,1
55630,0.742,0.340,50.823,236.001,0.621,-2.777,250.258,1
55631,0.742,0.340,50.823,236.001,0.619,-2.901,250.258,1
55632,0.742,0.340,50.823,236.264,0.625,-2.990,250.258,1
55633,0.742,0.340,50.791,236.001,0.619,-3.039,250.258,1
55634,0.742,0.340,50.791,236.264,0.624,-2.924,250.258,1
55635,0.742,0.340,50.758,236.526,0.627,-2.665,250.258,1
55636,0.637,0.412,50.725,236.789,0.614,-2.669,250.258,1
55637,0.637,0.412,50.693,237.051,0.627,-2.800,250.562,1
55638,0.637,0.412,50.693,237.051,0.623,-2.916,250.562,1
55639,0.637,0.412,50.628,237.051,0.618,-3.009,250.562,1
55640,0.637,0.412,50.628,236.789,0.625,-3.027,250.258,1
55641,0.637,0.412,50.595,237.051,0.617,-2.843,250.258,1
55642,0.637,0.412,50.563,237.314,0.626,-2.650,250.258,1
55643,0.637,0.412,50.530,237.576,0.626,-2.719,250.258,1
55644,0.637,0.412,50.530,237.576,0.615,-2.843,250.258,1
55645,0.637,0.412,50.498,237.576,0.624,-2.963,249.953,1
55646,0.532,0.426,50.498,237.576,0.625,-3.031,250.258,1
55647,0.532,0.426,50.498,237.576,0.615,-2.971,249.953,1
55648,0.532,0.426,50.498,237.839,0.627,-2.700,249.953,1
55649,0.532,0.426,50.465,238.101,0.621,-2.654,249.953,1
55650,0.532,0.426,50.465,238.101,0.621,-2.781,250.258,1
55651,0.532,0.426,50.465,238.364,0.624,-2.916,249.953,1
55652,0.532,0.426,50.498,238.364,0.619,-3.002,250.258,1
55653,0.532,0.426,50.530,238.101,0.624,-3.050,250.258,1
55654,0.532,0.426,50.530,238.364,0.624,-2.843,250.258,1
55655,0.532,0.426,50.530,238.626,0.615,-2.639,250.258,1
55656,0.575,0.440,50.563,238.626,0.625,-2.708,250.258,1
55657,0.575,0.440,50.595,238.889,0.625,-2.839,250.258,1
55658,0.575,0.440,50.628,239.151,0.617,-2.959,250.258,1
55659,0.575,0.440,50.660,239.151,0.628,-3.027,250.258,1
55660,0.575,0.440,50.693,238.889,0.620,-2.982,250.258,1
55661,0.575,0.440,50.693,239.151,0.625,-2.735,250.258,1
55662,0.575,0.440,50.725,239.414,0.626,-2.677,250.562,1
55663,0.575,0.440,50.725,239.676,0.616,-2.796,250.562,1
55664,0.575,0.440,50.758,239.939,0.627,-2.920,250.562,1
55665,0.575,0.440,50.758,239.939,0.625,-3.013,250.562,1
55666,0.617,0.399,50.823,239.676,0.621,-3.046,250.258,1
55667,0.617,0.399,50.823,239.939,0.627,-2.847,250.258,1
55668,0.617,0.399,50.823,240.464,0.617,-2.623,250.562,1
55669,0.617,0.399,50.823,240.464,0.625,-2.696,250.258,1
55670,0.617,0.399,50.823,240.727,0.628,-2.835,250.258,1
55671,0.617,0.399,50.823,240.727,0.616,-2.959,250.562,1
55672,0.617,0.399,50.823,240.727,0.628,-3.027,250.258,1
55673,0.617,0.399,50.791,240.464,0.624,-2.994,250.258,1
55674,0.617,0.399,50.758,240.989,0.621,-2.735,250.258,1
55675,0.617,0.399,50.758,241.252,0.628,-2.631,250.258,1
55676,0.629,0.357,50.725,241.252,0.620,-2.754,250.258,1
55677,0.629,0.357,50.693,241.514,0.625,-2.881,250.258,1
55678,0.629,0.357,50.660,241.514,0.627,-2.978,250.258,1
55679,0.629,0.357,50.660,241.777,0.616,-3.039,250.258,1
55680,0.629,0.357,50.660,241.777,0.625,-2.951,250.562,1
55681,0.629,0.357,50.595,242.039,0.622,-2.704,250.258,1
55682,0.629,0.357,50.595,242.039,0.623,-2.689,250.258,1
55683,0.629,0.357,50.563,242.302,0.629,-2.808,250.258,1
55684,0.629,0.357,50.530,242.302,0.619,-2.928,250.258,1
55685,0.629,0.357,50.530,242.564,0.626,-3.013,250.258,1
55686,0.642,0.324,50.530,242.564,0.619,-3.031,249.953,1
55687,0.642,0.324,50.498,242.564,0.622,-2.831,249.953,1
55688,0.642,0.324,50.465,242.827,0.625,-2.639,249.953,1
55689,0.642,0.324,50.465,243.089,0.616,-2.723,249.953,1
55690,0.642,0.324,50.465,243.089,0.625,-2.850,249.953,1
55691,0.642,0.324,50.498,243.352,0.626,-2.959,250.258,1
55692,0.642,0.324,50.498,243.352,0.620,-3.027,249.953,1
55693,0.642,0.324,50.530,243.089,0.621,-2.971,249.953,1
55694,0.642,0.324,50.530,243.352,0.628,-2.712,250.258,1
55695,0.642,0.324,50.563,243.614,0.623,-2.654,250.258,1
55696,0.664,0.288,50.563,243.614,0.628,-2.781,250.258,1
55697,0.664,0.288,50.595,243.877,0.620,-2.897,250.258,1
55698,0.664,0.288,50.595,244.139,0.624,-2.998,250.258,1
55699,0.664,0.288,50.660,243.877,0.626,-3.031,250.258,1
55700,0.664,0.288,50.660,244.139,0.618,-2.850,250.258,1
55701,0.664,0.288,50.693,244.402,0.627,-2.662,250.258,1
55702,0.664,0.288,50.725,244.139,0.624,-2.715,250.562,1
55703,0.664,0.288,50.725,244.402,0.622,-2.839,250.562,1
55704,0.664,0.288,50.758,244.402,0.629,-2.951,250.258,1
55705,0.664,0.288,50.791,244.402,0.619,-3.031,250.562,1
55706,0.687,0.125,50.823,244.402,0.627,-2.990,250.258,1
55707,0.687,0.125,50.823,244.664,0.626,-2.738,250.258,1
55708,0.687,0.125,50.823,244.927,0.619,-2.665,250.258,1
55709,0.687,0.125,50.823,244.927,0.626,-2.789,250.562,1
55710,0.687,0.125,50.823,245.189,0.621,-2.920,250.258,1
55711,0.687,0.125,50.823,245.189,0.621,-3.016,250.258,1
55712,0.687,0.125,50.856,245.189,0.629,-3.039,250.258,1
55713,0.687,0.125,50.823,245.189,0.618,-2.839,250.258,1
55714,0.687,0.125,50.791,245.452,0.627,-2.627,250.258,1
55715,0.687,0.125,50.758,245.452,0.624,-2.704,250.258,1
55716,0.508,-0.037,50.758,245.714,0.619,-2.850,250.258,1
55717,0.508,-0.037,50.725,245.714,0.629,-2.971,250.562,1
55718,0.508,-0.037,50.725,245.977,0.621,-3.039,250.258,1
55719,0.508,-0.037,50.693,245.977,0.624,-2.947,250.258,1
55720,0.508,-0.037,50.628,246.239,0.628,-2.708,250.258,1
55721,0.508,-0.037,50.595,246.502,0.618,-2.658,250.258,1
55722,0.508,-0.037,50.595,246.502,0.627,-2.781,250.258,1
55723,0.508,-0.037,50.563,246.764,0.626,-2.916,250.258,1
55724,0.508,-0.037,50.530,246.764,0.618,-3.016,250.258,1
55725,0.508,-0.037,50.563,246.764,0.627,-3.031,250.258,1
55726,0.328,0.007,50.498,247.027,0.621,-2.816,250.258,1
55727,0.328,0.007,50.498,247.289,0.622,-2.642,249.953,1
55728,0.328,0.007,50.465,247.289,0.628,-2.723,249.953,1
55729,0.328,0.007,50.465,247.552,0.617,-2.862,249.953,1
55730,0.328,0.007,50.465,247.552,0.625,-2.971,249.953,1
55731,0.328,0.007,50.465,247.552,0.627,-3.050,249.953,1
55732,0.328,0.007,50.498,247.814,0.616,-2.974,249.953,1
55733,0.328,0.007,50.498,247.814,0.626,-2.700,249.953,1
55734,0.328,0.007,50.498,247.814,0.623,-2.646,250.258,1
55735,0.328,0.007,50.498,248.077,0.620,-2.765,250.258,1
55736,0.226,0.053,50.530,248.077,0.627,-2.897,250.258,1
55737,0.226,0.053,50.563,248.339,0.622,-2.998,250.258,1
55738,0.226,0.053,50.595,248.339,0.623,-3.042,250.258,1
55739,0.226,0.053,50.628,248.602,0.629,-2.897,250.258,1
55740,0.226,0.053,50.628,248.864,0.617,-2.662,250.258,1
55741,0.226,0.053,50.660,249.127,0.627,-2.712,250.258,1
55742,0.226,0.053,50.693,248.864,0.626,-2.835,250.258,1
55743,0.226,0.053,50.725,248.864,0.619,-2.955,250.258,1
55744,0.226,0.053,50.758,249.127,0.628,-3.027,250.562,1
55745,0.226,0.053,50.791,249.127,0.621,-3.009,250.258,1
55746,0.126,0.134,50.791,249.652,0.623,-2.746,250.562,1
55747,0.126,0.134,50.791,249.652,0.627,-2.612,250.258,1
55748,0.126,0.134,50.823,249.652,0.617,-2.727,250.258,1
55749,0.126,0.134,50.823,249.915,0.626,-2.858,250.258,1
55750,0.126,0.134,50.823,249.915,0.625,-2.963,250.258,1
55751,0.126,0.134,50.823,249.915,0.617,-3.031,250.258,1
55752,0.126,0.134,50.823,249.915,0.625,-2.978,250.258,1
55753,0.126,0.134,50.791,250.177,0.619,-2.712,250.258,1
55754,0.126,0.134,50.791,250.177,0.625,-2.646,250.258,1
55755,0.126,0.134,50.758,250.177,0.630,-2.773,250.562,1
55756,0.253,0.212,50.725,250.440,0.617,-2.893,250.258,1
55757,0.253,0.212,50.725,250.440,0.628,-2.998,250.562,1
55758,0.253,0.212,50.725,250.440,0.623,-3.046,250.258,1
55759,0.253,0.212,50.693,250.702,0.621,-2.901,250.258,1
55760,0.253,0.212,50.660,250.965,0.628,-2.642,250.258,1
55761,0.253,0.212,50.628,250.965,0.620,-2.665,250.258,1
55762,0.253,0.212,50.595,251.227,0.626,-2.800,250.258,1
55763,0.253,0.212,50.595,250.965,0.628,-2.924,250.258,1
55764,0.253,0.212,50.563,251.227,0.618,-3.020,250.258,1
55765,0.253,0.212,50.563,251.227,0.626,-3.024,250.258,1
55766,0.381,0.187,50.530,251.490,0.624,-2.804,250.258,1
55767,0.381,0.187,50.498,251.490,0.620,-2.646,250.258,1
55768,0.381,0.187,50.465,251.752,0.625,-2.742,250.258,1
55769,0.381,0.187,50.465,251.752,0.620,-2.881,250.258,1
55770,0.381,0.187,50.465,252.015,0.621,-2.990,249.953,1
55771,0.381,0.187,50.465,251.752,0.627,-3.042,249.953,1
55772,0.381,0.187,50.465,252.015,0.617,-2.908,249.953,1
55773,0.381,0.187,50.465,252.277,0.624,-2.654,249.953,1
55774,0.381,0.187,50.465,252.015,0.628,-2.689,250.258,1
55775,0.381,0.187,50.465,252.277,0.616,-2.827,249.953,1
55776,0.337,0.165,50.498,252.540,0.627,-2.951,250.258,1
55777,0.337,0.165,50.530,252.540,0.624,-3.042,250.258,1
55778,0.337,0.165,50.595,252.540,0.620,-2.998,250.258,1
55779,0.337,0.165,50.595,253.065,0.628,-2.731,250.258,1
55780,0.337,0.165,50.628,253.065,0.621,-2.642,250.258,1
55781,0.337,0.165,50.660,253.327,0.627,-2.765,250.562,1
55782,0.337,0.165,50.693,253.327,0.630,-2.901,250.258,1
55783,0.337,0.165,50.725,253.327,0.616,-3.009,250.258,1
55784,0.337,0.165,50.791,253.327,0.626,-3.046,250.258,1
55785,0.337,0.165,50.791,253.590,0.626,-2.866,250.562,1
55786,0.293,0.057,50.791,253.852,0.622,-2.631,250.562,1
55787,0.293,0.057,50.823,254.115,0.625,-2.681,250.258,1
55788,0.293,0.057,50.823,254.115,0.620,-2.819,250.258,1
55789,0.293,0.057,50.856,254.115,0.624,-2.947,250.562,1
55790,0.293,0.057,50.856,254.115,0.627,-3.024,250.258,1
55791,0.293,0.057,50.856,254.115,0.617,-3.024,250.258,1
55792,0.293,0.057,50.856,254.377,0.628,-2.781,250.562,1
55793,0.293,0.057,50.856,254.640,0.623,-2.631,250.258,1
55794,0.293,0.057,50.823,254.640,0.622,-2.723,250.258,1
55795,0.293,0.057,50.823,254.640,0.629,-2.858,250.562,1
55796,0.260,-0.050,50.823,254.902,0.616,-2.971,250.562,1
55797,0.260,-0.050,50.791,254.902,0.628,-3.039,250.562,1
55798,0.260,-0.050,50.791,255.165,0.628,-2.951,250.562,1
55799,0.260,-0.050,50.725,255.165,0.619,-2.696,250.562,1
55800,0.260,-0.050,50.693,255.427,0.627,-2.681,250.258,1
55801,0.260,-0.050,50.693,255.690,0.623,-2.808,250.258,1
55802,0.260,-0.050,50.660,255.690,0.622,-2.932,250.258,1
55803,0.260,-0.050,50.628,255.690,0.629,-3.020,250.258,1
55804,0.260,-0.050,50.628,255.690,0.618,-3.031,250.258,1
55805,0.260,-0.050,50.563,255.952,0.626,-2.781,249.953,1
55806,0.225,-0.076,50.530,256.477,0.627,-2.631,250.258,1
55807,0.225,-0.076,50.498,256.477,0.617,-2.715,249.953,1
55808,0.225,-0.076,50.498,256.477,0.627,-2.847,249.953,1
55809,0.225,-0.076,50.465,256.477,0.625,-2.959,249.953,1
55810,0.225,-0.076,50.465,256.477,0.621,-3.039,250.258,1
55811,0.225,-0.076,50.465,256.477,0.627,-2.990,249.953,1
55812,0.225,-0.076,50.433,256.740,0.619,-2.731,250.258,1
55813,0.225,-0.076,50.465,257.002,0.621,-2.658,250.258,1
55814,0.225,-0.076,50.465,257.002,0.627,-2.773,250.258,1
55815,0.225,-0.076,50.465,257.002,0.620,-2.905,249.953,1
55816,0.261,-0.103,50.498,257.002,0.626,-3.002,249.953,1
55817,0.261,-0.103,50.530,257.002,0.628,-3.046,249.953,1
55818,0.261,-0.103,50.563,257.002,0.619,-2.877,250.258,1
55819,0.261,-0.103,50.563,257.265,0.627,-2.639,250.258,1
55820,0.261,-0.103,50.595,257.527,0.624,-2.692,250.258,1
55821,0.261,-0.103,50.628,257.527,0.621,-2.827,250.258,1
55822,0.261,-0.103,50.660,257.790,0.629,-2.951,250.258,1
55823,0.261,-0.103,50.725,257.527,0.621,-3.035,250.562,1
55824,0.261,-0.103,50.758,257.527,0.625,-3.002,250.562,1
55825,0.261,-0.103,50.758,257.790,0.631,-2.738,250.562,1
55826,0.298,-0.053,50.823,258.052,0.619,-2.646,250.562,1
55827,0.298,-0.053,50.823,258.052,0.628,-2.754,250.562,1
55828,0.298,-0.053,50.856,258.052,0.620,-2.889,250.258,1
55829,0.298,-0.053,50.856,258.315,0.628,-2.998,250.562,1
55830,0.298,-0.053,50.888,258.315,0.623,-3.050,250.258,1
55831,0.298,-0.053,50.888,258.315,0.622,-2.901,250.562,1
55832,0.298,-0.053,50.888,258.578,0.628,-2.646,250.562,1
55833,0.298,-0.053,50.856,258.840,0.621,-2.677,250.258,1
55834,0.298,-0.053,50.888,258.840,0.629,-2.819,250.258,1
55835,0.298,-0.053,50.856,258.840,0.628,-2.943,250.562,1
55836,0.165,-0.001,50.856,258.840,0.618,-3.039,250.258,1
55837,0.165,-0.001,50.856,258.840,0.630,-3.027,250.562,1
55838,0.165,-0.001,50.823,259.365,0.621,-2.762,250.562,1
55839,0.165,-0.001,50.791,259.365,0.625,-2.612,250.562,1
55840,0.165,-0.001,50.758,259.628,0.631,-2.723,250.562,1
55841,0.165,-0.001,50.725,259.890,0.619,-2.858,250.258,1
55842,0.165,-0.001,50.693,259.890,0.627,-2.978,250.562,1
55843,0.165,-0.001,50.693,259.890,0.627,-3.046,250.258,1
55844,0.165,-0.001,50.660,259.890,0.619,-2.955,250.258,1
55845,0.165,-0.001,50.628,260.415,0.628,-2.685,250.258,1
55846,0.031,-0.125,50.595,260.415,0.624,-2.662,250.258,1
55847,0.031,-0.125,50.563,260.678,0.621,-2.789,250.258,1
55848,0.031,-0.125,50.530,260.678,0.629,-2.920,250.258,1
55849,0.031,-0.125,50.498,260.678,0.618,-3.016,250.258,1
55850,0.031,-0.125,50.530,260.678,0.623,-3.031,250.258,1
55851,0.031,-0.125,50.465,260.940,0.627,-2.808,249.953,1
55852,0.031,-0.125,50.465,260.940,0.618,-2.623,249.953,1
55853,0.031,-0.125,50.465,261.203,0.627,-2.708,250.258,1
55854,0.031,-0.125,50.465,261.203,0.627,-2.847,250.258,1
55855,0.031,-0.125,50.465,261.203,0.619,-2.963,250.258,1
55856,0.167,-0.251,50.465,261.203,0.626,-3.035,250.258,1
55857,0.167,-0.251,50.498,261.465,0.621,-2.974,250.258,1
55858,0.167,-0.251,50.498,261.728,0.622,-2.704,250.258,1
55859,0.167,-0.251,50.498,261.728,0.629,-2.642,250.258,1
55860,0.167,-0.251,50.530,261.990,0.618,-2.769,250.258,1
55861,0.167,-0.251,50.563,261.990,0.627,-2.893,250.258,1
55862,0.167,-0.251,50.628,262.253,0.627,-2.998,250.258,1
55863,0.167,-0.251,50.660,262.253,0.619,-3.050,250.258,1
55864,0.167,-0.251,50.693,262.253,0.627,-2.901,250.562,1
55865,0.167,-0.251,50.693,262.253,0.625,-2.639,250.562,1
55866,0.302,-0.094,50.725,262.778,0.621,-2.669,250.562,1
55867,0.302,-0.094,50.758,262.778,0.629,-2.800,250.258,1
55868,0.302,-0.094,50.758,262.778,0.620,-2.920,250.562,1
55869,0.302,-0.094,50.791,262.778,0.626,-3.013,250.562,1
55870,0.302,-0.094,50.856,262.515,0.629,-3.042,250.562,1
55871,0.302,-0.094,50.823,262.778,0.617,-2.843,250.258,1
55872,0.302,-0.094,50.823,263.303,0.628,-2.623,250.562,1
55873,0.302,-0.094,50.823,263.303,0.626,-2.700,250.562,1
55874,0.302,-0.094,50.856,263.303,0.621,-2.835,250.562,1
55875,0.302,-0.094,50.823,263.303,0.629,-2.951,250.562,1
55876,0.229,0.065,50.856,263.303,0.619,-3.035,250.562,1
55877,0.229,0.065,50.856,263.303,0.629,-3.016,250.562,1
55878,0.229,0.065,50.823,263.565,0.629,-2.762,250.562,1
55879,0.229,0.065,50.791,263.828,0.619,-2.635,250.562,1
55880,0.229,0.065,50.758,263.565,0.630,-2.750,250.562,1
55881,0.229,0.065,50.758,263.828,0.623,-2.889,250.562,1
55882,0.229,0.065,50.725,264.090,0.625,-2.990,250.562,1
55883,0.229,0.065,50.725,264.090,0.631,-3.050,250.562,1
55884,0.229,0.065,50.693,264.090,0.619,-2.912,250.258,1
55885,0.229,0.065,50.628,264.090,0.627,-2.654,250.258,1
55886,0.158,0.072,50.595,264.353,0.628,-2.685,250.258,1
55887,0.158,0.072,50.563,264.353,0.616,-2.823,250.258,1
55888,0.158,0.072,50.530,264.615,0.628,-2.951,250.258,1
55889,0.158,0.072,50.530,264.615,0.626,-3.035,250.258,1
55890,0.158,0.072,50.530,264.615,0.620,-3.005,249.953,1
55891,0.158,0.072,50.465,264.878,0.627,-2.742,250.258,1
55892,0.158,0.072,50.465,265.140,0.619,-2.646,250.258,1
55893,0.158,0.072,50.465,265.140,0.624,-2.773,250.258,1
55894,0.158,0.072,50.433,265.403,0.629,-2.908,249.953,1
55895,0.158,0.072,50.433,265.403,0.617,-3.016,249.953,1
55896,0.171,0.078,50.465,265.140,0.627,-3.053,250.258,1
55897,0.171,0.078,50.498,265.403,0.627,-2.831,250.258,1
55898,0.171,0.078,50.465,265.665,0.619,-2.627,250.258,1
55899,0.171,0.078,50.498,265.928,0.628,-2.685,250.258,1
55900,0.171,0.078,50.530,265.928,0.627,-2.835,250.258,1
55901,0.171,0.078,50.563,266.190,0.622,-2.959,250.258,1
55902,0.171,0.078,50.595,266.190,0.629,-3.039,250.258,1
55903,0.171,0.078,50.628,266.190,0.623,-2.994,250.562,1
55904,0.171,0.078,50.628,266.453,0.627,-2.719,250.258,1
55905,0.171,0.078,50.660,266.453,0.628,-2.631,250.562,1
55906,0.185,0.060,50.693,266.716,0.621,-2.758,250.562,1
55907,0.185,0.060,50.725,266.978,0.628,-2.893,250.562,1
55908,0.185,0.060,50.758,266.978,0.626,-2.990,250.562,1
55909,0.185,0.060,50.791,266.978,0.621,-3.050,250.562,1
55910,0.185,0.060,50.823,266.978,0.628,-2.908,250.562,1
55911,0.185,0.060,50.823,266.978,0.621,-2.658,250.562,1
55912,0.185,0.060,50.823,267.241,0.626,-2.681,250.562,1
55913,0.185,0.060,50.823,267.503,0.629,-2.816,250.562,1
55914,0.185,0.060,50.823,267.503,0.618,-2.936,250.562,1
55915,0.185,0.060,50.823,267.766,0.628,-3.027,250.562,1
55916,0.049,0.044,50.823,267.503,0.626,-3.027,250.258,1
55917,0.049,0.044,50.823,267.766,0.623,-2.777,250.562,1
55918,0.049,0.044,50.791,267.766,0.628,-2.631,250.562,1
55919,0.049,0.044,50.791,268.028,0.620,-2.719,250.562,1
55920,0.049,0.044,50.758,268.291,0.626,-2.858,250.562,1
55921,0.049,0.044,50.758,268.291,0.627,-2.971,250.562,1
55922,0.049,0.044,50.725,268.553,0.620,-3.039,250.562,1
55923,0.049,0.044,50.725,268.291,0.628,-2.978,250.562,1
55924,0.049,0.044,50.660,268.816,0.627,-2.692,250.562,1
55925,0.049,0.044,50.660,268.816,0.621,-2.631,250.562,1
55926,-0.088,-0.071,50.628,268.816,0.632,-2.762,250.562,1
55927,-0.088,-0.071,50.595,269.078,0.621,-2.889,250.258,1
55928,-0.088,-0.071,50.563,269.078,0.624,-2.990,250.258,1
55929,-0.088,-0.071,50.563,269.078,0.628,-3.042,250.258,1
55930,-0.088,-0.071,50.530,269.078,0.617,-2.905,250.258,1
55931,-0.088,-0.071,50.498,269.341,0.628,-2.654,250.258,1
55932,-0.088,-0.071,50.498,269.341,0.627,-2.681,250.258,1
55933,-0.088,-0.071,50.465,269.603,0.617,-2.816,249.953,1
55934,-0.088,-0.071,50.465,269.603,0.627,-2.936,250.258,1
55935,-0.088,-0.071,50.465,269.603,0.627,-3.027,250.258,1
55936,-0.057,-0.187,50.498,269.341,0.619,-3.024,250.258,1
55937,-0.057,-0.187,50.465,269.603,0.629,-2.789,250.258,1
55938,-0.057,-0.187,50.465,269.866,0.621,-2.631,250.258,1
55939,-0.057,-0.187,50.498,269.866,0.624,-2.735,250.258,1
55940,-0.057,-0.187,50.530,269.866,0.628,-2.870,250.562,1
55941,-0.057,-0.187,50.530,270.128,0.620,-2.986,250.562,1
55942,-0.057,-0.187,50.595,270.128,0.627,-3.050,250.258,1
55943,-0.057,-0.187,50.628,270.128,0.629,-2.936,250.258,1
55944,-0.057,-0.187,50.628,270.391,0.619,-2.669,250.562,1
55945,-0.057,-0.187,50.660,270.391,0.630,-2.665,250.562,1
55946,-0.027,-0.166,50.693,270.391,0.624,-2.816,250.562,1
55947,-0.027,-0.166,50.725,270.653,0.620,-2.939,250.258,1
55948,-0.027,-0.166,50.758,270.653,0.628,-3.027,250.562,1
55949,-0.027,-0.166,50.823,270.653,0.620,-3.020,250.562,1
55950,-0.027,-0.166,50.823,270.916,0.625,-2.765,250.562,1
55951,-0.027,-0.166,50.823,270.916,0.628,-2.642,250.562,1
55952,-0.027,-0.166,50.856,271.178,0.620,-2.765,250.562,1
55953,-0.027,-0.166,50.856,271.441,0.628,-2.901,250.562,1
55954,-0.027,-0.166,50.856,271.441,0.627,-3.009,250.562,1
55955,-0.027,-0.166,50.888,271.441,0.622,-3.039,250.562,1
55956,0.060,-0.147,50.856,271.441,0.628,-2.858,250.562,1
55957,0.060,-0.147,50.856,271.703,0.622,-2.650,250.562,1
55958,0.060,-0.147,50.823,271.703,0.627,-2.715,250.562,1
55959,0.060,-0.147,50.823,271.966,0.620,-2.843,250.562,1
55960,0.060,-0.147,50.823,271.966,0.629,-2.967,250.562,1
55961,0.060,-0.147,50.823,271.966,0.630,-3.042,250.562,1
55962,0.060,-0.147,50.791,272.228,0.624,-2.939,250.562,1
55963,0.060,-0.147,50.725,272.753,0.624,-2.673,250.562,1
55964,0.060,-0.147,50.693,272.753,0.629,-2.677,250.562,1
55965,0.060,-0.147,50.693,272.753,0.621,-2.819,250.562,1
55966,0.148,-0.062,50.660,272.753,0.627,-2.939,250.562,1
55967,0.148,-0.062,50.628,272.753,0.625,-3.027,250.258,1
55968,0.148,-0.062,50.628,272.753,0.617,-3.031,250.258,1
55969,0.148,-0.062,50.595,273.016,0.630,-2.819,250.258,1
55970,0.148,-0.062,50.563,273.278,0.617,-2.631,250.258,1
55971,0.148,-0.062,50.530,273.278,0.625,-2.719,250.258,1
55972,0.148,-0.062,50.498,273.278,0.624,-2.858,250.258,1
55973,0.148,-0.062,50.465,273.541,0.620,-2.967,250.258,1
55974,0.148,-0.062,50.465,273.541,0.627,-3.046,250.258,1
55975,0.148,-0.062,50.498,273.541,0.621,-2.982,250.258,1
55976,0.042,0.026,50.465,273.803,0.622,-2.712,250.258,1
55977,0.042,0.026,50.433,273.803,0.631,-2.639,250.258,1
55978,0.042,0.026,50.433,274.066,0.619,-2.769,250.258,1
55979,0.042,0.026,50.465,274.066,0.625,-2.897,250.258,1
55980,0.042,0.026,50.465,274.328,0.630,-3.002,250.258,1
55981,0.042,0.026,50.530,274.066,0.619,-3.042,250.258,1
55982,0.042,0.026,50.530,274.328,0.629,-2.874,250.562,1
55983,0.042,0.026,50.563,274.591,0.628,-2.635,250.562,1
55984,0.042,0.026,50.563,274.853,0.620,-2.689,250.562,1
55985,0.042,0.026,50.628,274.853,0.629,-2.819,250.562,1
55986,-0.065,-0.109,50.628,274.853,0.625,-2.939,250.562,1
55987,-0.065,-0.109,50.660,274.853,0.622,-3.027,250.258,1
55988,-0.065,-0.109,50.725,274.853,0.631,-3.024,250.562,1
55989,-0.065,-0.109,50.725,275.116,0.620,-2.781,250.562,1
55990,-0.065,-0.109,50.758,275.379,0.627,-2.623,250.562,1
55991,-0.065,-0.109,50.791,275.116,0.627,-2.723,250.562,1
55992,-0.065,-0.109,50.823,275.116,0.619,-2.862,250.562,1
55993,-0.065,-0.109,50.856,275.379,0.627,-2.978,250.562,1
55994,-0.065,-0.109,50.888,275.379,0.624,-3.042,250.562,1
55995,-0.065,-0.109,50.888,275.379,0.621,-2.951,250.562,1
55996,-0.097,-0.246,50.888,275.641,0.631,-2.696,250.562,1
55997,-0.097,-0.246,50.856,275.641,0.618,-2.689,250.867,1
55998,-0.097,-0.246,50.856,275.641,0.629,-2.823,250.867,1
55999,-0.097,-0.246,50.856,275.641,0.630,-2.943,250.867,1
56000,-0.097,-0.246,50.856,275.904,0.619,-3.031,250.562,1
56001,-0.097,-0.246,50.856,275.904,0.628,-3.016,250.562,1
56002,-0.097,-0.246,50.791,275.904,0.624,-2.773,250.867,1
56003,-0.097,-0.246,50.791,276.166,0.624,-2.650,250.562,1
56004,-0.097,-0.246,50.758,276.429,0.631,-2.769,250.562,1
56005,-0.097,-0.246,50.725,276.429,0.620,-2.901,250.562,1
56006,-0.129,-0.259,50.693,276.429,0.629,-3.005,250.562,1
56007,-0.129,-0.259,50.693,276.429,0.627,-3.057,250.562,1
56008,-0.129,-0.259,50.660,276.429,0.621,-2.881,250.562,1
56009,-0.129,-0.259,50.595,276.954,0.627,-2.654,250.562,1
56010,-0.129,-0.259,50.595,276.954,0.623,-2.708,250.562,1
56011,-0.129,-0.259,50.563,277.216,0.622,-2.850,250.562,1
56012,-0.129,-0.259,50.563,276.954,0.627,-2.974,250.258,1
56013,-0.129,-0.259,50.530,277.216,0.620,-3.050,250.258,1
56014,-0.129,-0.259,50.530,277.216,0.625,-2.963,250.258,1
56015,-0.129,-0.259,50.498,277.479,0.628,-2.696,250.258,1
56016,-0.030,-0.275,50.465,277.741,0.620,-2.669,250.562,1
56017,-0.030,-0.275,50.465,277.741,0.628,-2.800,250.258,1
56018,-0.030,-0.275,50.465,277.741,0.628,-2.936,250.258,1
56019,-0.030,-0.275,50.465,278.004,0.617,-3.031,250.258,1
56020,-0.030,-0.275,50.498,277.741,0.627,-3.016,250.562,1
56021,-0.030,-0.275,50.498,278.004,0.624,-2.765,250.562,1
56022,-0.030,-0.275,50.498,278.266,0.623,-2.646,250.562,1
56023,-0.030,-0.275,50.530,278.529,0.628,-2.758,250.562,1
56024,-0.030,-0.275,50.530,278.529,0.623,-2.893,250.562,1
56025,-0.030,-0.275,50.563,278.791,0.627,-3.002,250.562,1
56026,0.069,-0.259,50.595,278.529,0.632,-3.042,250.562,1
56027,0.069,-0.259,50.628,278.529,0.618,-2.881,250.562,1
56028,0.069,-0.259,50.628,278.791,0.629,-2.646,250.562,1
56029,0.069,-0.259,50.660,279.054,0.628,-2.696,250.562,1
56030,0.069,-0.259,50.660,279.054,0.620,-2.835,250.562,1
56031,0.069,-0.259,50.693,279.316,0.628,-2.963,250.562,1
56032,0.069,-0.259,50.725,279.054,0.622,-3.031,250.562,1
56033,0.069,-0.259,50.791,279.054,0.624,-2.986,250.867,1
56034,0.069,-0.259,50.758,279.579,0.630,-2.738,250.867,1
56035,0.069,-0.259,50.791,279.841,0.619,-2.665,250.562,1
56036,0.075,-0.243,50.791,279.841,0.629,-2.785,250.867,1
56037,0.075,-0.243,50.823,279.841,0.628,-2.916,250.867,1
56038,0.075,-0.243,50.823,279.841,0.620,-3.009,250.867,1
56039,0.075,-0.243,50.823,279.841,0.628,-3.035,250.867,1
56040,0.075,-0.243,50.823,280.104,0.625,-2.847,250.867,1
56041,0.075,-0.243,50.791,280.366,0.625,-2.639,250.867,1
56042,0.075,-0.243,50.791,280.366,0.629,-2.704,250.867,1
56043,0.075,-0.243,50.758,280.366,0.620,-2.827,250.867,1
56044,0.075,-0.243,50.758,280.629,0.628,-2.947,250.562,1
56045,0.075,-0.243,50.725,280.629,0.628,-3.035,250.867,1
56046,0.080,-0.221,50.725,280.629,0.620,-3.009,250.562,1
56047,0.080,-0.221,50.693,280.629,0.629,-2.765,250.562,1
56048,0.080,-0.221,50.660,280.891,0.625,-2.631,250.562,1
56049,0.080,-0.221,50.628,280.891,0.621,-2.746,250.562,1
56050,0.080,-0.221,50.628,281.154,0.629,-2.874,250.562,1
56051,0.080,-0.221,50.595,281.154,0.621,-2.982,250.562,1
56052,0.080,-0.221,50.595,280.891,0.627,-3.042,250.562,1
56053,0.080,-0.221,50.563,280.891,0.629,-2.943,250.562,1
56054,0.080,-0.221,50.530,281.154,0.617,-2.685,250.562,1
56055,0.080,-0.221,50.530,281.416,0.629,-2.681,250.562,1
56056,-0.011,-0.196,50.498,281.416,0.625,-2.812,250.562,1
56057,-0.011,-0.196,50.498,281.416,0.620,-2.939,250.562,1
56058,-0.011,-0.196,50.498,281.416,0.627,-3.031,250.258,1
56059,-0.011,-0.196,50.498,281.416,0.624,-3.016,250.562,1
56060,-0.011,-0.196,50.498,281.679,0.622,-2.762,250.562,1
56061,-0.011,-0.196,50.498,281.679,0.631,-2.646,250.562,1
56062,-0.011,-0.196,50.498,281.941,0.620,-2.762,250.562,1
56063,-0.011,-0.196,50.530,281.941,0.627,-2.897,250.562,1
56064,-0.011,-0.196,50.530,282.204,0.629,-3.005,250.562,1
56065,-0.011,-0.196,50.595,282.204,0.619,-3.042,250.562,1
56066,-0.101,-0.272,50.628,282.204,0.628,-2.885,250.562,1
56067,-0.101,-0.272,50.628,282.204,0.629,-2.646,250.562,1
56068,-0.101,-0.272,50.660,282.466,0.620,-2.704,250.562,1
56069,-0.101,-0.272,50.693,282.466,0.628,-2.847,250.562,1
56070,-0.101,-0.272,50.725,282.729,0.623,-2.967,250.867,1
56071,-0.101,-0.272,50.758,282.729,0.624,-3.046,250.867,1
56072,-0.101,-0.272,50.791,282.729,0.630,-2.943,250.867,1
56073,-0.101,-0.272,50.791,282.991,0.621,-2.696,250.867,1
56074,-0.101,-0.272,50.823,283.254,0.629,-2.650,250.867,1
56075,-0.101,-0.272,50.823,283.254,0.627,-2.789,250.867,1
56076,-0.011,-0.350,50.823,283.516,0.621,-2.920,250.867,1
56077,-0.011,-0.350,50.823,283.516,0.628,-3.020,250.867,1
56078,-0.011,-0.350,50.856,283.254,0.625,-3.042,250.867,1
56079,-0.011,-0.350,50.823,283.516,0.622,-2.819,250.867,1
56080,-0.011,-0.350,50.823,283.779,0.628,-2.639,250.867,1
56081,-0.011,-0.350,50.791,284.042,0.621,-2.735,250.867,1
56082,-0.011,-0.350,50.791,284.042,0.628,-2.870,250.867,1
56083,-0.011,-0.350,50.791,284.042,0.629,-2.978,250.867,1
56084,-0.011,-0.350,50.791,284.042,0.619,-3.042,250.867,1
56085,-0.011,-0.350,50.758,284.304,0.630,-2.951,250.867,1
56086,0.078,-0.390,50.725,284.567,0.626,-2.685,250.867,1
56087,0.078,-0.390,50.693,284.567,0.624,-2.646,250.562,1
56088,0.078,-0.390,50.660,284.567,0.630,-2.789,250.562,1
56089,0.078,-0.390,50.628,284.567,0.621,-2.932,250.562,1
56090,0.078,-0.390,50.595,284.829,0.626,-3.013,250.562,1
56091,0.078,-0.390,50.595,284.829,0.627,-3.042,250.562,1
56092,0.078,-0.390,50.563,285.092,0.619,-2.847,250.562,1
56093,0.078,-0.390,50.498,285.092,0.627,-2.631,250.562,1
56094,0.078,-0.390,50.498,285.092,0.628,-2.700,250.562,1
56095,0.078,-0.390,50.465,285.354,0.620,-2.843,250.562,1
56096,-0.039,-0.426,50.465,285.354,0.629,-2.959,250.562,1
56097,-0.039,-0.426,50.465,285.354,0.624,-3.027,250.562,1
56098,-0.039,-0.426,50.498,285.617,0.628,-3.002,250.562,1
56099,-0.039,-0.426,50.465,285.617,0.623,-2.738,250.562,1
56100,-0.039,-0.426,50.465,285.879,0.621,-2.646,250.562,1
56101,-0.039,-0.426,50.498,285.879,0.629,-2.758,250.562,1
56102,-0.039,-0.426,50.498,285.879,0.621,-2.885,250.867,1
56103,-0.039,-0.426,50.498,286.142,0.625,-2.986,250.867,1
56104,-0.039,-0.426,50.563,285.879,0.627,-3.042,250.562,1
56105,-0.039,-0.426,50.595,286.142,0.627,-2.870,250.867,1
56106,-0.154,-0.357,50.595,286.404,0.618,-2.658,250.867,1
56107,-0.154,-0.357,50.628,286.404,0.629,-2.689,250.562,1
56108,-0.154,-0.357,50.660,286.404,0.627,-2.823,250.867,1
56109,-0.154,-0.357,50.660,286.404,0.623,-2.943,250.867,1
56110,-0.154,-0.357,50.725,286.667,0.628,-3.035,250.867,1
56111,-0.154,-0.357,50.758,286.404,0.621,-3.024,250.867,1
56112,-0.154,-0.357,50.758,286.667,0.628,-2.785,250.867,1
56113,-0.154,-0.357,50.791,286.929,0.620,-2.623,250.867,1
56114,-0.154,-0.357,50.823,286.929,0.628,-2.727,250.867,1
56115,-0.154,-0.357,50.823,286.929,0.627,-2.870,251.171,1
56116,-0.129,-0.290,50.823,286.929,0.617,-2.982,250.867,1
56117,-0.129,-0.290,50.856,286.929,0.629,-3.039,250.867,1
56118,-0.129,-0.290,50.888,287.192,0.627,-2.924,251.171,1
56119,-0.129,-0.290,50.856,287.192,0.623,-2.681,251.171,1
56120,-0.129,-0.290,50.823,287.192,0.628,-2.658,251.171,1
56121,-0.129,-0.290,50.823,287.192,0.622,-2.804,251.171,1
56122,-0.129,-0.290,50.823,287.454,0.627,-2.932,251.171,1
56123,-0.129,-0.290,50.823,287.454,0.628,-3.027,251.475,1
56124,-0.129,-0.290,50.791,287.454,0.618,-3.031,251.171,1
56125,-0.129,-0.290,50.758,287.717,0.629,-2.789,251.171,1
56126,-0.103,-0.179,50.725,287.979,0.625,-2.639,251.171,1
56127,-0.103,-0.179,50.693,287.979,0.621,-2.742,251.171,1
56128,-0.103,-0.179,50.693,287.979,0.628,-2.885,250.867,1
56129,-0.103,-0.179,50.660,287.979,0.622,-2.998,250.867,1
56130,-0.103,-0.179,50.660,288.242,0.624,-3.053,250.867,1
56131,-0.103,-0.179,50.628,288.242,0.629,-2.908,250.867,1
56132,-0.103,-0.179,50.563,288.504,0.617,-2.665,250.562,1
56133,-0.103,-0.179,50.563,288.767,0.628,-2.696,250.867,1
56134,-0.103,-0.179,50.530,288.767,0.626,-2.839,250.562,1
56135,-0.103,-0.179,50.498,288.767,0.619,-2.967,250.867,1
56136,-0.037,-0.071,50.498,288.767,0.628,-3.039,250.867,1
56137,-0.037,-0.071,50.498,288.767,0.624,-2.955,250.867,1
56138,-0.037,-0.071,50.465,289.292,0.623,-2.689,250.867,1
56139,-0.037,-0.071,50.465,289.292,0.628,-2.662,250.867,1
56140,-0.037,-0.071,50.465,289.292,0.620,-2.796,250.867,1
56141,-0.037,-0.071,50.465,289.554,0.624,-2.920,250.867,1
56142,-0.037,-0.071,50.465,289.554,0.628,-3.020,250.867,1
56143,-0.037,-0.071,50.530,289.292,0.618,-3.039,250.562,1
56144,-0.037,-0.071,50.530,289.554,0.629,-2.819,250.867,1
56145,-0.037,-0.071,50.530,289.817,0.628,-2.635,250.867,1
56146,0.030,-0.294,50.530,290.079,0.620,-2.723,250.867,1
56147,0.030,-0.294,50.563,290.079,0.629,-2.866,250.867,1
56148,0.030,-0.294,50.628,290.079,0.625,-2.971,250.867,1
56149,0.030,-0.294,50.660,290.079,0.621,-3.050,250.867,1
56150,0.030,-0.294,50.693,290.079,0.629,-2.920,251.171,1
56151,0.030,-0.294,50.693,290.342,0.621,-2.689,251.171,1
56152,0.030,-0.294,50.725,290.604,0.627,-2.669,250.867,1
56153,0.030,-0.294,50.791,290.604,0.628,-2.800,250.867,1
56154,0.030,-0.294,50.791,290.604,0.619,-2.928,251.171,1
56155,0.030,-0.294,50.791,290.604,0.628,-3.016,251.171,1
56156,0.042,-0.518,50.856,290.604,0.627,-3.031,251.171,1
56157,0.042,-0.518,50.856,290.867,0.623,-2.781,251.171,1
56158,0.042,-0.518,50.856,291.129,0.629,-2.635,251.171,1
56159,0.042,-0.518,50.856,291.392,0.623,-2.727,251.171,1
56160,0.042,-0.518,50.856,291.129,0.625,-2.858,251.171,1
56161,0.042,-0.518,50.856,291.392,0.631,-2.974,251.171,1
56162,0.042,-0.518,50.856,291.392,0.619,-3.035,251.171,1
56163,0.042,-0.518,50.856,291.392,0.629,-2.951,251.171,1
56164,0.042,-0.518,50.791,291.392,0.627,-2.681,251.171,1
56165,0.042,-0.518,50.791,291.654,0.621,-2.646,251.171,1
56166,0.056,-0.419,50.758,291.917,0.629,-2.785,251.171,1
56167,0.056,-0.419,50.725,291.917,0.623,-2.908,251.171,1
56168,0.056,-0.419,50.725,291.917,0.625,-3.013,251.171,1
56169,0.056,-0.419,50.725,291.654,0.629,-3.027,251.171,1
56170,0.056,-0.419,50.693,291.917,0.617,-2.843,250.867,1
56171,0.056,-0.419,50.628,292.179,0.628,-2.650,250.867,1
56172,0.056,-0.419,50.595,292.179,0.628,-2.731,250.867,1
56173,0.056,-0.419,50.595,292.442,0.621,-2.870,250.867,1
56174,0.056,-0.419,50.563,292.179,0.625,-2.978,250.867,1
56175,0.056,-0.419,50.563,292.179,0.624,-3.042,250.867,1
56176,0.046,-0.321,50.530,292.179,0.621,-2.951,250.867,1
56177,0.046,-0.321,50.498,292.442,0.629,-2.673,250.867,1
56178,0.046,-0.321,50.498,292.705,0.621,-2.650,250.867,1
56179,0.046,-0.321,50.465,292.705,0.624,-2.792,250.867,1
56180,0.046,-0.321,50.465,292.705,0.629,-2.920,250.867,1
56181,0.046,-0.321,50.465,292.705,0.619,-3.020,250.867,1
56182,0.046,-0.321,50.498,292.705,0.627,-3.046,250.867,1
56183,0.046,-0.321,50.498,292.967,0.628,-2.819,250.867,1
56184,0.046,-0.321,50.465,292.967,0.620,-2.635,250.867,1
56185,0.046,-0.321,50.498,292.967,0.629,-2.727,250.867,1
56186,0.037,-0.371,50.530,293.230,0.628,-2.870,250.867,1
56187,0.037,-0.371,50.563,293.492,0.619,-2.990,250.867,1
56188,0.037,-0.371,50.595,293.492,0.629,-3.050,250.867,1
56189,0.037,-0.371,50.628,293.492,0.623,-2.920,251.171,1
56190,0.037,-0.371,50.628,293.492,0.625,-2.669,251.171,1
56191,0.037,-0.371,50.660,293.755,0.629,-2.700,251.171,1
56192,0.037,-0.371,50.693,294.017,0.619,-2.839,251.171,1
56193,0.037,-0.371,50.725,294.017,0.627,-2.967,251.171,1
56194,0.037,-0.371,50.758,294.017,0.627,-3.039,251.171,1
56195,0.037,-0.371,50.791,293.755,0.619,-2.974,250.867,1
56196,-0.068,-0.418,50.791,294.280,0.627,-2.704,251.171,1
56197,-0.068,-0.418,50.791,294.542,0.625,-2.646,251.171,1
56198,-0.068,-0.418,50.823,294.542,0.621,-2.785,251.171,1
56199,-0.068,-0.418,50.823,294.542,0.631,-2.916,251.171,1
56200,-0.068,-0.418,50.823,294.805,0.622,-3.016,251.171,1
56201,-0.068,-0.418,50.823,294.542,0.628,-3.031,251.171,1
56202,-0.068,-0.418,50.823,294.542,0.628,-2.819,251.171,1
56203,-0.068,-0.418,50.791,295.067,0.618,-2.635,251.171,1
56204,-0.068,-0.418,50.791,295.067,0.627,-2.727,251.171,1
56205,-0.068,-0.418,50.758,295.067,0.627,-2.862,251.475,1
56206,-0.173,-0.426,50.725,295.067,0.623,-2.982,251.171,1
56207,-0.173,-0.426,50.758,295.330,0.628,-3.046,251.171,1
56208,-0.173,-0.426,50.725,295.330,0.623,-2.955,251.171,1
56209,-0.173,-0.426,50.693,295.592,0.625,-2.692,251.171,1
56210,-0.173,-0.426,50.660,295.592,0.630,-2.654,251.171,1
56211,-0.173,-0.426,50.628,295.592,0.621,-2.792,250.867,1
56212,-0.173,-0.426,50.595,295.855,0.628,-2.920,250.867,1
56213,-0.173,-0.426,50.595,295.855,0.628,-3.020,250.867,1
56214,-0.173,-0.426,50.595,295.855,0.620,-3.031,250.867,1
56215,-0.173,-0.426,50.563,295.855,0.629,-2.812,250.867,1
56216,-0.256,-0.435,50.530,296.117,0.622,-2.627,250.867,1
56217,-0.256,-0.435,50.498,296.380,0.624,-2.712,250.867,1
56218,-0.256,-0.435,50.498,296.380,0.628,-2.847,250.867,1
56219,-0.256,-0.435,50.498,296.642,0.622,-2.967,250.867,1
56220,-0.256,-0.435,50.498,296.642,0.624,-3.039,250.867,1
56221,-0.256,-0.435,50.530,296.380,0.629,-2.967,250.867,1
56222,-0.256,-0.435,50.498,296.642,0.618,-2.712,251.171,1
56223,-0.256,-0.435,50.498,296.905,0.629,-2.677,251.171,1
56224,-0.256,-0.435,50.498,296.905,0.630,-2.804,251.171,1
56225,-0.256,-0.435,50.498,296.905,0.617,-2.928,251.171,1
56226,-0.342,-0.503,50.530,296.905,0.628,-3.020,250.867,1
56227,-0.342,-0.503,50.595,296.905,0.628,-3.031,250.867,1
56228,-0.342,-0.503,50.563,297.167,0.622,-2.800,250.867,1
56229,-0.342,-0.503,50.595,297.430,0.628,-2.639,250.867,1
56230,-0.342,-0.503,50.628,297.430,0.623,-2.738,250.867,1
56231,-0.342,-0.503,50.660,297.430,0.625,-2.874,251.171,1
56232,-0.342,-0.503,50.693,297.430,0.628,-2.986,251.171,1
56233,-0.342,-0.503,50.725,297.430,0.620,-3.046,251.171,1
56234,-0.342,-0.503,50.758,297.430,0.627,-2.920,251.171,1
56235,-0.342,-0.503,50.758,297.692,0.628,-2.658,251.171,1
56236,-0.255,-0.571,50.791,297.692,0.620,-2.662,251.171,1
56237,-0.255,-0.571,50.823,297.692,0.629,-2.789,251.171,1
56238,-0.255,-0.571,50.823,297.955,0.621,-2.920,251.171,1
56239,-0.255,-0.571,50.823,297.955,0.628,-3.027,251.171,1
56240,-0.255,-0.571,50.856,297.955,0.625,-3.042,251.171,1
56241,-0.255,-0.571,50.856,297.955,0.624,-2.819,251.171,1
56242,-0.255,-0.571,50.823,297.955,0.629,-2.635,251.171,1
56243,-0.255,-0.571,50.823,298.217,0.621,-2.715,251.171,1
56244,-0.255,-0.571,50.823,298.217,0.629,-2.866,251.475,1
56245,-0.255,-0.571,50.791,298.217,0.630,-2.986,251.475,1
56246,-0.170,-0.462,50.823,298.217,0.624,-3.050,251.171,1
56247,-0.170,-0.462,50.791,298.480,0.623,-2.912,251.171,1
56248,-0.170,-0.462,50.725,298.742,0.628,-2.665,251.171,1
56249,-0.170,-0.462,50.693,298.742,0.620,-2.696,251.171,1
56250,-0.170,-0.462,50.693,298.742,0.629,-2.839,251.171,1
56251,-0.170,-0.462,50.660,299.005,0.620,-2.951,251.171,1
56252,-0.170,-0.462,50.660,299.005,0.626,-3.039,250.867,1
56253,-0.170,-0.462,50.628,299.005,0.628,-3.020,251.171,1
56254,-0.170,-0.462,50.595,299.267,0.619,-2.735,251.171,1
56255,-0.170,-0.462,50.530,299.267,0.627,-2.620,251.171,1
56256,-0.200,-0.351,50.530,299.530,0.627,-2.746,251.171,1
56257,-0.200,-0.351,50.498,299.530,0.620,-2.881,250.867,1
56258,-0.200,-0.351,50.498,299.792,0.628,-3.005,251.171,1
56259,-0.200,-0.351,50.530,299.530,0.624,-3.042,250.867,1
56260,-0.200,-0.351,50.498,299.792,0.622,-2.881,250.867,1
56261,-0.200,-0.351,50.465,300.055,0.628,-2.646,250.867,0
56262,-0.200,-0.351,50.465,300.055,0.624,-2.700,251.171,0
56263,-0.200,-0.351,50.465,300.055,0.624,-2.843,250.867,0
56264,-0.200,-0.351,50.465,300.055,0.628,-2.963,251.171,0
56265,-0.200,-0.351,50.498,300.055,0.620,-3.046,251.171,0
56266,-0.231,-0.457,50.530,300.055,0.627,-2.978,251.171,0
56267,-0.231,-0.457,50.530,300.580,0.628,-2.712,251.171,0
56268,-0.231,-0.457,50.563,300.580,0.619,-2.650,251.171,0
56269,-0.231,-0.457,50.595,300.842,0.627,-2.781,251.171,0
56270,-0.231,-0.457,50.628,300.842,0.626,-2.912,251.171,0
56271,-0.231,-0.457,50.660,300.842,0.620,-3.013,251.171,0
56272,-0.231,-0.457,50.725,300.580,0.628,-3.039,251.171,0
56273,-0.231,-0.457,50.725,300.842,0.623,-2.843,251.171,0
56274,-0.231,-0.457,50.725,301.105,0.626,-2.639,251.171,0
56275,-0.231,-0.457,50.758,301.105,0.629,-2.708,251.171,0
56276,-0.319,-0.563,50.791,301.105,0.619,-2.843,251.171,0
56277,-0.319,-0.563,50.823,301.368,0.630,-2.963,251.475,0
56278,-0.319,-0.563,50.856,301.368,0.629,-3.039,251.475,0
56279,-0.319,-0.563,50.856,301.368,0.619,-2.986,251.475,0
56280,-0.319,-0.563,50.856,301.893,0.629,-2.727,251.475,0
56281,-0.319,-0.563,50.856,301.893,0.624,-2.662,251.475,0
56282,-0.319,-0.563,50.823,301.893,0.625,-2.789,251.475,0
56283,-0.319,-0.563,50.823,301.893,0.628,-2.916,251.475,0
56284,-0.319,-0.563,50.823,301.893,0.621,-3.013,251.475,0
56285,-0.319,-0.563,50.823,301.630,0.628,-3.042,251.475,0
56286,-0.406,-0.426,50.791,301.893,0.628,-2.843,251.475,0
56287,-0.406,-0.426,50.758,302.155,0.619,-2.635,251.171,0
56288,-0.406,-0.426,50.725,302.418,0.629,-2.704,251.475,0
56289,-0.406,-0.426,50.725,302.418,0.626,-2.839,251.171,0
56290,-0.406,-0.426,50.693,302.418,0.622,-2.967,251.171,0
56291,-0.406,-0.426,50.693,302.418,0.631,-3.039,251.171,0
56292,-0.406,-0.426,50.693,302.155,0.621,-2.974,251.171,0
56293,-0.406,-0.426,50.628,302.680,0.626,-2.704,251.171,0
56294,-0.406,-0.426,50.595,302.943,0.627,-2.646,251.171,0
56295,-0.406,-0.426,50.563,302.943,0.619,-2.773,251.171,0
56296,-0.378,-0.293,50.563,302.680,0.630,-2.908,251.171,0
56297,-0.378,-0.293,50.530,302.680,0.627,-3.009,251.171,0
56298,-0.378,-0.293,50.563,302.680,0.617,-3.042,251.171,0
56299,-0.378,-0.293,50.498,302.943,0.628,-2.808,251.171,0
56300,-0.378,-0.293,50.498,302.943,0.624,-2.635,251.171,0
56301,-0.378,-0.293,50.465,303.205,0.622,-2.719,251.171,0
56302,-0.378,-0.293,50.498,303.205,0.627,-2.866,251.171,0
56303,-0.378,-0.293,50.498,303.205,0.623,-2.982,251.171,0
56304,-0.378,-0.293,50.498,303.205,0.624,-3.046,251.171,0
56305,-0.378,-0.293,50.530,303.205,0.630,-2.916,251.171,0
56306,-0.351,-0.438,50.530,303.468,0.619,-2.673,251.475,0
56307,-0.351,-0.438,50.530,303.468,0.626,-2.662,251.171,0
56308,-0.351,-0.438,50.563,303.730,0.628,-2.796,251.171,0
56309,-0.351,-0.438,50.595,303.730,0.620,-2.936,251.171,0
56310,-0.351,-0.438,50.628,303.993,0.629,-3.027,251.171,0
56311,-0.351,-0.438,50.660,303.730,0.625,-3.020,251.171,0
56312,-0.351,-0.438,50.660,303.993,0.621,-2.773,251.171,0
56313,-0.351,-0.438,50.693,304.255,0.628,-2.662,251.475,0
56314,-0.351,-0.438,50.725,304.518,0.622,-2.765,251.171,0
56315,-0.351,-0.438,50.725,304.518,0.624,-2.905,251.475,0
56316,-0.218,-0.584,50.758,304.518,0.631,-3.016,251.475,0
56317,-0.218,-0.584,50.823,304.255,0.620,-3.046,251.475,0
56318,-0.218,-0.584,50.823,304.518,0.631,-2.839,251.475,0
56319,-0.218,-0.584,50.823,305.043,0.629,-2.631,251.475,0
56320,-0.218,-0.584,50.823,305.043,0.622,-2.712,251.475,0
56321,-0.218,-0.584,50.823,305.043,0.629,-2.854,251.475,0
56322,-0.218,-0.584,50.823,305.305,0.625,-2.971,251.475,0
56323,-0.218,-0.584,50.823,305.043,0.624,-3.042,251.475,0
56324,-0.218,-0.584,50.856,305.043,0.629,-2.959,251.475,0
56325,-0.218,-0.584,50.823,305.305,0.621,-2.689,251.475,0
56326,-0.088,-0.559,50.791,305.305,0.628,-2.662,251.475,0
56327,-0.088,-0.559,50.758,305.305,0.629,-2.792,251.475,0
56328,-0.088,-0.559,50.758,305.568,0.621,-2.920,251.475,0
56329,-0.088,-0.559,50.725,305.830,0.628,-3.020,251.475,0
56330,-0.088,-0.559,50.725,305.830,0.625,-3.035,251.171,0
56331,-0.088,-0.559,50.693,305.830,0.621,-2.816,251.171,0
56332,-0.088,-0.559,50.628,305.830,0.628,-2.627,251.475,0
56333,-0.088,-0.559,50.628,306.093,0.619,-2.712,251.475,0
56334,-0.088,-0.559,50.595,306.093,0.628,-2.854,251.171,0
56335,-0.088,-0.559,50.563,306.355,0.630,-2.967,251.475,0
56336,-0.133,-0.531,50.563,306.355,0.618,-3.042,251.171,0
56337,-0.133,-0.531,50.563,306.093,0.628,-2.943,251.475,0
56338,-0.133,-0.531,50.498,306.355,0.625,-2.708,251.475,0
56339,-0.133,-0.531,50.498,306.618,0.621,-2.654,251.171,0
56340,-0.133,-0.531,50.498,306.880,0.628,-2.777,251.171,0
56341,-0.133,-0.531,50.465,306.880,0.627,-2.908,251.171,0
56342,-0.133,-0.531,50.498,306.880,0.623,-3.009,251.475,0
56343,-0.133,-0.531,50.530,306.618,0.629,-3.031,251.171,0
56344,-0.133,-0.531,50.530,306.880,0.622,-2.847,251.171,0
56345,-0.133,-0.531,50.498,307.143,0.626,-2.658,251.171,0
56346,-0.180,-0.540,50.530,307.143,0.629,-2.742,251.475,0
56347,-0.180,-0.540,50.530,307.143,0.619,-2.862,251.171,0
56348,-0.180,-0.540,50.563,307.143,0.629,-2.978,251.171,0
56349,-0.180,-0.540,50.595,307.405,0.627,-3.042,251.475,0
56350,-0.180,-0.540,50.628,307.143,0.620,-2.955,251.475,0
56351,-0.180,-0.540,50.628,307.405,0.631,-2.677,251.475,0
56352,-0.180,-0.540,50.660,307.405,0.626,-2.650,251.475,0
56353,-0.180,-0.540,50.693,307.405,0.620,-2.781,251.475,0
56354,-0.180,-0.540,50.725,307.668,0.629,-2.916,251.475,0
56355,-0.180,-0.540,50.758,307.668,0.621,-3.013,251.475,0
56356,-0.232,-0.549,50.791,307.668,0.625,-3.027,251.475,0
56357,-0.232,-0.549,50.791,307.668,0.631,-2.823,251.475,0
56358,-0.232,-0.549,50.791,307.668,0.617,-2.662,251.780,0
56359,-0.232,-0.549,50.823,307.930,0.630,-2.758,251.475,0
56360,-0.232,-0.549,50.823,307.930,0.629,-2.889,251.475,0
56361,-0.232,-0.549,50.823,308.193,0.621,-2.994,251.475,0
56362,-0.232,-0.549,50.823,308.193,0.629,-3.053,251.475,0
56363,-0.232,-0.549,50.823,308.193,0.625,-2.908,251.475,0
56364,-0.232,-0.549,50.823,308.193,0.627,-2.662,251.780,0
56365,-0.232,-0.549,50.791,308.193,0.629,-2.692,251.780,0
56366,-0.285,-0.537,50.791,308.455,0.620,-2.831,251.780,0
56367,-0.285,-0.537,50.758,308.455,0.628,-2.955,251.780,0
56368,-0.285,-0.537,50.758,308.455,0.628,-3.035,251.475,0
56369,-0.285,-0.537,50.758,308.455,0.620,-2.990,251.475,0
56370,-0.285,-0.537,50.693,308.718,0.628,-2.731,251.475,0
56371,-0.285,-0.537,50.693,308.980,0.626,-2.669,251.475,0
56372,-0.285,-0.537,50.660,308.980,0.624,-2.792,251.475,0
56373,-0.285,-0.537,50.628,308.980,0.631,-2.924,251.475,0
56374,-0.285,-0.537,50.595,309.243,0.619,-3.024,251.171,0
56375,-0.285,-0.537,50.595,308.980,0.624,-3.020,251.171,0
56376,-0.358,-0.524,50.563,309.505,0.629,-2.800,251.171,0
56377,-0.358,-0.524,50.530,309.505,0.619,-2.642,251.475,0
56378,-0.358,-0.524,50.498,309.505,0.628,-2.746,251.475,0
56379,-0.358,-0.524,50.498,309.505,0.618,-2.874,251.475,0
56380,-0.358,-0.524,50.498,309.768,0.631,-2.994,251.475,0
56381,-0.358,-0.524,50.498,309.768,0.629,-3.039,251.475,0
56382,-0.358,-0.524,50.498,309.768,0.618,-2.877,251.475,0
56383,-0.358,-0.524,50.465,310.031,0.629,-2.669,251.171,0
56384,-0.358,-0.524,50.465,310.031,0.625,-2.704,251.475,0
56385,-0.358,-0.524,50.498,310.031,0.621,-2.831,251.475,0
56386,-0.433,-0.597,50.498,310.293,0.629,-2.955,251.475,0
56387,-0.433,-0.597,50.530,310.293,0.626,-3.039,251.171,0
56388,-0.433,-0.597,50.563,310.031,0.619,-2.978,251.475,0
56389,-0.433,-0.597,50.563,310.556,0.627,-2.712,251.475,0
56390,-0.433,-0.597,50.595,310.556,0.621,-2.642,251.475,0
56391,-0.433,-0.597,50.628,310.818,0.629,-2.762,251.780,0
56392,-0.433,-0.597,50.660,310.556,0.628,-2.889,251.475,0
56393,-0.433,-0.597,50.660,310.818,0.620,-2.998,251.780,0
56394,-0.433,-0.597,50.725,310.556,0.629,-3.046,251.475,0
56395,-0.433,-0.597,50.758,310.818,0.625,-2.901,251.475,0
56396,-0.295,-0.674,50.758,311.081,0.619,-2.662,251.780,0
56397,-0.295,-0.674,50.791,311.343,0.630,-2.715,251.780,0
56398,-0.295,-0.674,50.791,311.343,0.622,-2.839,251.780,0
56399,-0.295,-0.674,50.823,311.343,0.624,-2.959,251.780,0
56400,-0.295,-0.674,50.823,311.343,0.629,-3.027,251.780,0
56401,-0.295,-0.674,50.888,311.343,0.618,-3.013,251.780,0
56402,-0.295,-0.674,50.823,311.606,0.630,-2.750,251.780,0
56403,-0.295,-0.674,50.823,311.868,0.629,-2.627,251.780,0
56404,-0.295,-0.674,50.823,311.606,0.621,-2.731,251.780,0
56405,-0.295,-0.674,50.823,311.606,0.629,-2.877,251.780,0
56406,-0.158,-0.613,50.791,311.868,0.624,-2.971,251.780,0
56407,-0.158,-0.613,50.791,311.868,0.621,-3.042,251.475,0
56408,-0.158,-0.613,50.791,311.868,0.631,-2.971,251.780,0
56409,-0.158,-0.613,50.725,312.131,0.620,-2.719,251.780,0
56410,-0.158,-0.613,50.693,312.131,0.627,-2.669,251.780,0
56411,-0.158,-0.613,50.693,312.393,0.629,-2.796,251.475,0
56412,-0.158,-0.613,50.660,312.393,0.620,-2.912,251.475,0
56413,-0.158,-0.613,50.628,312.393,0.629,-3.016,251.475,0
56414,-0.158,-0.613,50.628,312.131,0.626,-3.027,251.171,0
56415,-0.158,-0.613,50.595,312.393,0.621,-2.785,251.475,0
56416,-0.177,-0.550,50.563,312.656,0.627,-2.642,251.475,0
56417,-0.177,-0.550,50.530,312.656,0.624,-2.735,251.475,0
56418,-0.177,-0.550,50.530,312.656,0.624,-2.870,251.475,0
56419,-0.177,-0.550,50.498,312.393,0.629,-2.978,251.475,0
56420,-0.177,-0.550,50.498,312.656,0.619,-3.046,251.475,0
56421,-0.177,-0.550,50.498,312.656,0.626,-2.897,251.475,0
56422,-0.177,-0.550,50.498,312.918,0.629,-2.669,251.475,0
56423,-0.177,-0.550,50.498,312.918,0.620,-2.681,251.475,0
56424,-0.177,-0.550,50.498,312.918,0.627,-2.819,251.475,0
56425,-0.177,-0.550,50.498,312.918,0.628,-2.943,251.475,0
56426,-0.199,-0.438,50.498,312.918,0.620,-3.024,251.475,0
56427,-0.199,-0.438,50.563,313.181,0.627,-3.024,251.475,0
56428,-0.199,-0.438,50.563,313.181,0.624,-2.773,251.475,0
56429,-0.199,-0.438,50.563,313.181,0.624,-2.620,251.475,0
56430,-0.199,-0.438,50.595,313.443,0.629,-2.731,251.475,0
56431,-0.199,-0.438,50.628,313.706,0.621,-2.866,251.475,0
56432,-0.199,-0.438,50.660,313.706,0.626,-2.982,251.475,0
56433,-0.199,-0.438,50.693,313.706,0.631,-3.046,251.780,0
56434,-0.199,-0.438,50.725,313.443,0.617,-2.932,251.475,0
56435,-0.199,-0.438,50.725,313.968,0.628,-2.669,251.780,0
56436,-0.269,-0.326,50.758,313.968,0.627,-2.673,251.780,0
56437,-0.269,-0.326,50.791,314.231,0.619,-2.808,251.780,0
56438,-0.269,-0.326,50.791,314.231,0.630,-2.936,251.780,0
56439,-0.269,-0.326,50.823,314.231,0.624,-3.027,251.780,0
56440,-0.269,-0.326,50.856,314.231,0.622,-3.024,251.780,0
56441,-0.269,-0.326,50.856,314.493,0.629,-2.792,251.780,0
56442,-0.269,-0.326,50.823,314.756,0.620,-2.627,251.780,0
56443,-0.269,-0.326,50.823,314.756,0.627,-2.735,251.780,0
56444,-0.269,-0.326,50.823,314.756,0.629,-2.870,251.780,0
56445,-0.269,-0.326,50.823,314.756,0.619,-2.982,251.780,0
56446,-0.340,-0.449,50.823,314.493,0.629,-3.042,251.780,0
56447,-0.340,-0.449,50.823,314.756,0.625,-2.936,251.780,0
56448,-0.340,-0.449,50.758,315.018,0.625,-2.662,251.780,0
56449,-0.340,-0.449,50.758,315.018,0.630,-2.662,251.780,0
56450,-0.340,-0.449,50.725,315.281,0.621,-2.796,251.780,0
56451,-0.340,-0.449,50.693,315.281,0.628,-2.924,251.780,0
56452,-0.340,-0.449,50.693,315.543,0.629,-3.016,251.475,0
56453,-0.340,-0.449,50.693,315.281,0.619,-3.020,251.475,0
56454,-0.340,-0.449,50.628,315.281,0.629,-2.812,251.475,0
56455,-0.340,-0.449,50.595,315.543,0.626,-2.646,251.475,0
56456,-0.331,-0.571,50.595,315.806,0.620,-2.742,251.475,0
56457,-0.331,-0.571,50.563,315.806,0.630,-2.874,251.780,0
56458,-0.331,-0.571,50.563,316.068,0.624,-2.982,251.475,0
56459,-0.331,-0.571,50.530,315.806,0.623,-3.031,251.475,0
56460,-0.331,-0.571,50.530,315.806,0.628,-2.932,251.475,0
56461,-0.331,-0.571,50.498,316.331,0.620,-2.669,251.780,0
56462,-0.331,-0.571,50.498,316.331,0.627,-2.662,251.475,0
56463,-0.331,-0.571,50.498,316.593,0.627,-2.792,251.780,0
56464,-0.331,-0.571,50.465,316.593,0.619,-2.912,251.780,0
56465,-0.331,-0.571,50.498,316.593,0.628,-3.009,251.780,0
56466,-0.320,-0.599,50.530,316.331,0.629,-3.024,251.475,0
56467,-0.320,-0.599,50.530,316.593,0.619,-2.839,251.475,0
56468,-0.320,-0.599,50.530,316.593,0.626,-2.650,251.475,0
56469,-0.320,-0.599,50.530,316.593,0.628,-2.727,251.475,0
56470,-0.320,-0.599,50.595,316.593,0.620,-2.858,251.475,0
56471,-0.320,-0.599,50.595,317.118,0.628,-2.963,251.475,0
56472,-0.320,-0.599,50.628,316.856,0.624,-3.035,251.475,0
56473,-0.320,-0.599,50.693,316.856,0.625,-2.967,251.780,0
56474,-0.320,-0.599,50.693,317.118,0.628,-2.708,251.780,0
56475,-0.320,-0.599,50.725,316.856,0.621,-2.673,251.780,0
56476,-0.291,-0.628,50.725,317.118,0.627,-2.792,251.780,0
56477,-0.291,-0.628,50.758,317.381,0.628,-2.924,252.084,0
56478,-0.291,-0.628,50.758,317.381,0.620,-3.016,252.084,0
56479,-0.291,-0.628,50.823,317.118,0.629,-3.042,251.780,0
56480,-0.291,-0.628,50.823,317.118,0.627,-2.812,252.084,0
56481,-0.291,-0.628,50.823,317.381,0.623,-2.639,251.780,0
56482,-0.291,-0.628,50.823,317.381,0.629,-2.719,252.084,0
56483,-0.291,-0.628,50.823,317.643,0.623,-2.854,251.780,0
56484,-0.291,-0.628,50.823,317.643,0.628,-2.963,252.084,0
56485,-0.291,-0.628,50.823,317.643,0.631,-3.046,251.780,0
56486,-0.263,-0.556,50.823,317.381,0.619,-2.967,251.780,0
56487,-0.263,-0.556,50.791,317.643,0.628,-2.715,251.780,0
56488,-0.263,-0.556,50.791,317.906,0.626,-2.681,251.780,0
56489,-0.263,-0.556,50.758,317.906,0.621,-2.808,251.780,0
56490,-0.263,-0.556,50.758,317.906,0.629,-2.939,251.780,0
56491,-0.263,-0.556,50.725,318.168,0.621,-3.024,251.780,0
56492,-0.263,-0.556,50.725,318.168,0.625,-3.024,251.780,0
56493,-0.263,-0.556,50.693,318.168,0.627,-2.781,251.780,0
56494,-0.263,-0.556,50.660,318.431,0.618,-2.631,251.780,0
56495,-0.263,-0.556,50.628,318.431,0.628,-2.742,251.780,0
56496,-0.260,-0.484,50.595,318.694,0.629,-2.885,251.780,0
56497,-0.260,-0.484,50.563,318.694,0.619,-2.986,251.780,0
56498,-0.260,-0.484,50.563,318.694,0.627,-3.046,251.780,0
56499,-0.260,-0.484,50.530,318.694,0.625,-2.932,251.475,0
56500,-0.260,-0.484,50.498,318.956,0.622,-2.677,251.475,0
56501,-0.260,-0.484,50.498,318.956,0.627,-2.673,251.475,0
56502,-0.260,-0.484,50.465,319.219,0.623,-2.808,251.780,0
56503,-0.260,-0.484,50.465,319.219,0.625,-2.928,251.780,0
56504,-0.260,-0.484,50.465,319.481,0.625,-3.016,251.780,0
56505,-0.260,-0.484,50.498,319.219,0.619,-3.031,251.780,0
56506,-0.258,-0.532,50.498,319.219,0.625,-2.808,251.780,0
56507,-0.258,-0.532,50.498,319.481,0.628,-2.646,251.475,0
56508,-0.258,-0.532,50.498,319.481,0.619,-2.738,251.475,0
56509,-0.258,-0.532,50.530,319.481,0.628,-2.874,251.780,0
56510,-0.258,-0.532,50.563,319.744,0.627,-2.982,251.475,0
56511,-0.258,-0.532,50.595,319.744,0.619,-3.039,251.780,0
56512,-0.258,-0.532,50.628,320.006,0.630,-2.897,251.475,0
56513,-0.258,-0.532,50.628,320.006,0.623,-2.673,251.780,0
56514,-0.258,-0.532,50.660,320.006,0.624,-2.677,251.780,0
56515,-0.258,-0.532,50.693,320.006,0.625,-2.789,251.780,0
56516,-0.217,-0.582,50.725,320.006,0.621,-2.924,251.780,0
56517,-0.217,-0.582,50.758,320.269,0.628,-3.016,252.084,0
56518,-0.217,-0.582,50.823,320.269,0.629,-3.020,252.084,0
56519,-0.217,-0.582,50.823,320.531,0.617,-2.831,252.084,0
56520,-0.217,-0.582,50.823,320.531,0.629,-2.669,252.084,0
56521,-0.217,-0.582,50.823,320.531,0.620,-2.742,252.084,0
56522,-0.217,-0.582,50.823,320.794,0.630,-2.866,252.084,0
56523,-0.217,-0.582,50.856,320.794,0.627,-2.974,252.084,0
56524,-0.217,-0.582,50.856,320.794,0.623,-3.035,252.084,0
56525,-0.217,-0.582,50.823,320.794,0.629,-2.951,252.084,0
56526,-0.176,-0.413,50.823,321.056,0.624,-2.700,252.084,0
56527,-0.176,-0.413,50.791,321.056,0.624,-2.685,252.084,0
56528,-0.176,-0.413,50.823,321.056,0.627,-2.804,251.780,0
56529,-0.176,-0.413,50.791,321.056,0.620,-2.928,252.084,0
56530,-0.176,-0.413,50.758,321.319,0.628,-3.013,251.780,0
56531,-0.176,-0.413,50.758,321.056,0.628,-3.031,252.084,0
56532,-0.176,-0.413,50.725,321.319,0.622,-2.839,252.084,0
56533,-0.176,-0.413,50.693,321.581,0.628,-2.646,251.780,0
56534,-0.176,-0.413,50.693,321.581,0.626,-2.731,251.780,0
56535,-0.176,-0.413,50.660,321.581,0.623,-2.854,251.780,0
56536,-0.141,-0.243,50.628,321.581,0.629,-2.967,251.780,0
56537,-0.141,-0.243,50.628,321.581,0.620,-3.031,251.780,0
56538,-0.141,-0.243,50.595,321.581,0.625,-2.963,251.780,0
56539,-0.141,-0.243,50.530,321.844,0.628,-2.708,251.780,0
56540,-0.141,-0.243,50.530,321.844,0.619,-2.677,251.780,0
56541,-0.141,-0.243,50.498,321.844,0.628,-2.800,251.780,0
56542,-0.141,-0.243,50.498,321.844,0.627,-2.924,251.780,0
56543,-0.141,-0.243,50.498,322.106,0.621,-3.013,251.780,0
56544,-0.141,-0.243,50.498,321.844,0.627,-3.016,251.780,0
56545,-0.141,-0.243,50.465,322.106,0.627,-2.800,251.780,0
56546,-0.104,-0.385,50.465,322.106,0.623,-2.669,251.780,0
56547,-0.104,-0.385,50.498,322.106,0.627,-2.773,251.780,0
56548,-0.104,-0.385,50.498,322.106,0.622,-2.901,251.475,0
56549,-0.104,-0.385,50.530,322.369,0.624,-3.002,251.780,0
56550,-0.104,-0.385,50.563,322.369,0.628,-3.035,251.780,0
56551,-0.104,-0.385,50.595,322.369,0.619,-2.877,251.780,0
56552,-0.104,-0.385,50.595,322.631,0.627,-2.665,251.780,0
56553,-0.104,-0.385,50.628,322.894,0.628,-2.727,251.780,0
56554,-0.104,-0.385,50.660,322.894,0.618,-2.862,251.780,0
56555,-0.104,-0.385,50.693,322.894,0.627,-2.978,251.780,0
56556,-0.249,-0.526,50.725,322.631,0.625,-3.042,252.084,0
56557,-0.249,-0.526,50.758,322.894,0.624,-2.951,251.780,0
56558,-0.249,-0.526,50.758,323.156,0.630,-2.704,252.084,0
56559,-0.249,-0.526,50.791,323.419,0.620,-2.692,252.084,0
56560,-0.249,-0.526,50.791,323.419,0.627,-2.823,252.389,0
56561,-0.249,-0.526,50.823,323.156,0.630,-2.943,252.084,0
56562,-0.249,-0.526,50.856,323.419,0.620,-3.027,252.084,0
56563,-0.249,-0.526,50.856,323.419,0.628,-3.013,252.389,0
56564,-0.249,-0.526,50.856,323.681,0.627,-2.754,252.084,0
56565,-0.249,-0.526,50.823,323.944,0.621,-2.627,252.084,0
56566,-0.393,-0.654,50.823,323.944,0.628,-2.738,252.084,0
56567,-0.393,-0.654,50.823,323.681,0.623,-2.874,252.084,0
56568,-0.393,-0.654,50.791,323.944,0.624,-2.978,252.084,0
56569,-0.393,-0.654,50.791,323.944,0.629,-3.035,252.084,0
56570,-0.393,-0.654,50.791,323.944,0.618,-2.951,252.084,0
56571,-0.393,-0.654,50.758,323.944,0.629,-2.696,252.084,0
56572,-0.393,-0.654,50.725,324.206,0.629,-2.692,252.084,0
56573,-0.393,-0.654,50.693,324.469,0.619,-2.819,251.780,0
56574,-0.393,-0.654,50.660,324.469,0.629,-2.932,252.084,0
56575,-0.393,-0.654,50.660,324.469,0.627,-3.016,251.780,0
56576,-0.336,-0.784,50.660,324.469,0.620,-3.027,251.780,0
56577,-0.336,-0.784,50.628,324.469,0.629,-2.812,252.084,0
56578,-0.336,-0.784,50.563,324.731,0.620,-2.639,251.780,0
56579,-0.336,-0.784,50.563,324.994,0.625,-2.738,252.084,0
56580,-0.336,-0.784,50.530,324.994,0.629,-2.866,251.780,0
56581,-0.336,-0.784,50.498,324.994,0.621,-2.974,252.084,0
56582,-0.336,-0.784,50.498,324.994,0.628,-3.027,251.780,0
56583,-0.336,-0.784,50.498,324.994,0.628,-2.936,251.780,0
56584,-0.336,-0.784,50.498,325.256,0.619,-2.700,251.780,0
56585,-0.336,-0.784,50.465,325.519,0.628,-2.712,252.084,0
56586,-0.279,-0.738,50.465,325.519,0.630,-2.823,252.084,0
56587,-0.279,-0.738,50.498,325.519,0.619,-2.939,251.780,0
56588,-0.279,-0.738,50.498,325.256,0.628,-3.016,251.780,0
56589,-0.279,-0.738,50.563,325.256,0.621,-3.020,251.780,0
56590,-0.279,-0.738,50.563,325.519,0.623,-2.804,252.084,0
56591,-0.279,-0.738,50.563,325.781,0.628,-2.646,251.780,0
56592,-0.279,-0.738,50.595,325.781,0.621,-2.735,251.780,0
56593,-0.279,-0.738,50.595,325.781,0.624,-2.862,251.780,0
56594,-0.279,-0.738,50.660,326.044,0.629,-2.967,252.084,0
56595,-0.279,-0.738,50.693,325.781,0.616,-3.027,252.084,0
56596,-0.246,-0.691,50.725,325.781,0.627,-2.955,252.084,0
56597,-0.246,-0.691,50.725,326.044,0.627,-2.715,252.084,0
56598,-0.246,-0.691,50.758,326.044,0.621,-2.692,252.084,0
56599,-0.246,-0.691,50.791,326.306,0.630,-2.816,252.389,0
56600,-0.246,-0.691,50.823,326.306,0.624,-2.936,252.693,0
56601,-0.246,-0.691,50.856,326.044,0.627,-3.020,252.693,0
56602,-0.246,-0.691,50.888,326.044,0.628,-3.024,252.693,0
56603,-0.246,-0.691,50.856,326.306,0.623,-2.781,252.998,0
56604,-0.246,-0.691,50.856,326.306,0.632,-2.627,252.998,0
56605,-0.246,-0.691,50.856,326.306,0.626,-2.723,252.998,0
56606,-0.212,-0.531,50.856,326.569,0.628,-2.858,252.998,0
56607,-0.212,-0.531,50.856,326.306,0.633,-2.959,252.693,0
56608,-0.212,-0.531,50.856,326.306,0.620,-3.035,252.693,0
56609,-0.212,-0.531,50.856,326.306,0.628,-2.994,252.693,0
56610,-0.212,-0.531,50.791,326.569,0.624,-2.723,252.693,0
56611,-0.212,-0.531,50.758,326.569,0.624,-2.627,252.693,0
56612,-0.212,-0.531,50.758,326.569,0.631,-2.746,252.693,0
56613,-0.212,-0.531,50.725,326.569,0.620,-2.881,252.693,0
56614,-0.212,-0.531,50.693,326.569,0.629,-2.982,252.693,0
56615,-0.212,-0.531,50.693,326.569,0.628,-3.042,252.693,0
56616,-0.110,-0.372,50.693,326.306,0.623,-2.924,252.693,0
56617,-0.110,-0.372,50.628,326.569,0.631,-2.673,252.998,0
56618,-0.110,-0.372,50.595,326.832,0.621,-2.692,252.693,0
56619,-0.110,-0.372,50.563,326.832,0.630,-2.823,252.693,0
56620,-0.110,-0.372,50.563,326.832,0.631,-2.939,252.693,0
56621,-0.110,-0.372,50.530,326.569,0.620,-3.027,252.693,0
56622,-0.110,-0.372,50.530,326.306,0.630,-3.024,252.693,0
56623,-0.110,-0.372,50.498,326.569,0.622,-2.781,252.693,0
56624,-0.110,-0.372,50.498,326.832,0.627,-2.623,252.389,0
56625,-0.110,-0.372,50.465,326.569,0.629,-2.723,252.389,0
56626,-0.008,-0.443,50.465,326.569,0.619,-2.866,252.389,0
56627,-0.008,-0.443,50.465,326.569,0.627,-2.959,252.389,0
56628,-0.008,-0.443,50.498,326.044,0.627,-3.031,252.389,0
56629,-0.008,-0.443,50.530,325.781,0.623,-2.971,252.389,0
56630,-0.008,-0.443,50.498,326.044,0.629,-2.704,252.693,0
56631,-0.008,-0.443,50.530,326.044,0.623,-2.665,252.693,0
56632,-0.008,-0.443,50.563,325.781,0.627,-2.785,252.693,0
56633,-0.008,-0.443,50.563,325.781,0.630,-2.912,252.693,0
56634,-0.008,-0.443,50.595,325.781,0.619,-3.005,252.693,0
56635,-0.008,-0.443,50.660,325.781,0.631,-3.035,252.693,0
56636,-0.110,-0.512,50.693,325.519,0.624,-2.862,252.693,0
56637,-0.110,-0.512,50.693,325.519,0.626,-2.646,252.693,0
56638,-0.110,-0.512,50.725,325.256,0.631,-2.708,252.693,0
56639,-0.110,-0.512,50.758,325.256,0.626,-2.831,252.998,0
56640,-0.110,-0.512,50.791,325.256,0.631,-2.951,252.998,0
56641,-0.110,-0.512,50.823,324.994,0.626,-3.024,252.693,0
56642,-0.110,-0.512,50.856,324.731,0.632,-3.024,252.693,0
56643,-0.110,-0.512,50.856,324.731,0.623,-2.735,252.693,0
56644,-0.110,-0.512,50.856,324.994,0.631,-2.616,252.998,0
56645,-0.110,-0.512,50.856,324.731,0.628,-2.719,252.998,0
56646,-0.211,-0.566,50.856,324.731,0.621,-2.847,252.693,0
56647,-0.211,-0.566,50.856,324.731,0.633,-2.955,252.693,0
56648,-0.211,-0.566,50.856,323.944,0.622,-3.035,252.693,0
56649,-0.211,-0.566,50.856,323.681,0.629,-2.998,252.389,0
56650,-0.211,-0.566,50.823,323.944,0.625,-2.738,252.084,0
56651,-0.211,-0.566,50.791,323.681,0.623,-2.635,252.084,0
56652,-0.211,-0.566,50.758,323.681,0.629,-2.750,252.084,0
56653,-0.211,-0.566,50.758,323.681,0.623,-2.858,252.084,0
56654,-0.211,-0.566,50.725,323.419,0.623,-2.971,252.084,0
56655,-0.211,-0.566,50.725,323.156,0.631,-3.024,252.084,0
56656,-0.313,-0.621,50.725,322.894,0.620,-2.936,252.084,0
56657,-0.313,-0.621,50.660,322.894,0.629,-2.689,252.084,0
56658,-0.313,-0.621,50.628,322.631,0.621,-2.685,252.084,0
56659,-0.313,-0.621,50.595,322.631,0.632,-2.804,252.084,0
56660,-0.313,-0.621,50.595,322.631,0.620,-2.920,252.084,0
56661,-0.313,-0.621,50.563,322.631,0.629,-3.009,252.084,0
56662,-0.313,-0.621,50.563,322.106,0.621,-3.016,251.780,0
56663,-0.313,-0.621,50.530,322.106,0.621,-2.862,252.084,0
56664,-0.313,-0.621,50.530,322.106,0.630,-2.673,251.780,0
56665,-0.313,-0.621,50.498,322.369,0.623,-2.754,251.780,0
56666,-0.415,-0.565,50.498,322.106,0.625,-2.870,252.084,0
56667,-0.415,-0.565,50.498,322.106,0.627,-2.974,251.780,0
56668,-0.415,-0.565,50.498,321.844,0.620,-3.035,251.780,0
56669,-0.415,-0.565,50.530,321.844,0.631,-2.939,251.780,0
56670,-0.415,-0.565,50.530,322.106,0.621,-2.704,252.084,0
56671,-0.415,-0.565,50.530,322.106,0.629,-2.719,252.084,0
56672,-0.415,-0.565,50.563,322.106,0.619,-2.843,252.084,0
56673,-0.415,-0.565,50.595,322.106,0.625,-2.955,252.084,0
56674,-0.415,-0.565,50.628,322.106,0.628,-3.027,252.084,0
56675,-0.415,-0.565,50.693,322.106,0.619,-2.982,252.084,0
56676,0.926,-0.525,50.693,322.106,0.631,-2.738,252.084,0
56677,0.926,-0.525,50.725,322.106,0.621,-2.665,252.084,0
56678,0.926,-0.525,50.758,321.844,0.628,-2.789,252.389,0
56679,0.926,-0.525,50.791,322.106,0.625,-2.905,252.389,0
56680,0.926,-0.525,50.823,322.369,0.622,-3.002,252.389,0
56681,0.926,-0.525,50.856,322.106,0.632,-3.035,252.389,0
56682,0.926,-0.525,50.888,322.106,0.622,-2.862,252.389,0
56683,0.926,-0.525,50.856,322.106,0.629,-2.658,252.389,0
56684,0.926,-0.525,50.888,322.106,0.623,-2.712,252.389,0
56685,0.926,-0.525,50.888,322.369,0.625,-2.839,252.389,0
56686,2.267,-0.528,50.888,322.369,0.628,-2.955,252.389,0
56687,2.267,-0.528,50.888,322.369,0.619,-3.027,252.389,0
56688,2.267,-0.528,50.921,322.106,0.632,-2.986,252.389,0
56689,2.267,-0.528,50.856,322.369,0.623,-2.738,252.389,0
56690,2.267,-0.528,50.856,322.369,0.626,-2.662,252.389,0
56691,2.267,-0.528,50.823,322.369,0.623,-2.777,252.389,0
56692,2.267,-0.528,50.823,322.369,0.623,-2.901,252.084,0
56693,2.267,-0.528,50.823,322.369,0.632,-2.990,252.084,0
56694,2.267,-0.528,50.823,322.369,0.619,-3.035,252.084,0
56695,2.267,-0.528,50.791,322.369,0.631,-2.912,252.084,0
56696,1.104,-0.503,50.725,322.631,0.624,-2.669,252.389,0
56697,1.104,-0.503,50.725,322.631,0.624,-2.677,252.389,0
56698,1.104,-0.503,50.693,322.631,0.627,-2.800,252.084,0
56699,1.104,-0.503,50.660,322.631,0.621,-2.920,252.084,0
56700,1.104,-0.503,50.628,322.894,0.632,-3.002,252.389,0
56701,1.104,-0.503,50.628,322.631,0.621,-3.031,252.389,0
56702,1.104,-0.503,50.595,322.894,0.625,-2.862,252.389,0
56703,1.104,-0.503,50.563,322.894,0.627,-2.669,252.084,0
56704,1.104,-0.503,50.563,322.894,0.623,-2.738,252.084,0
56705,1.104,-0.503,50.530,323.156,0.630,-2.858,252.084,0
56706,-0.059,1.575,50.498,323.156,0.619,-2.963,252.084,0
56707,-0.059,1.575,50.530,323.156,0.629,-3.035,251.780,0
56708,-0.059,1.575,50.530,323.156,0.622,-2.955,251.780,0
56709,-0.059,1.575,50.498,323.419,0.627,-2.719,252.084,0
56710,-0.059,1.575,50.498,323.419,0.625,-2.712,252.084,0
56711,-0.059,1.575,50.530,323.681,0.621,-2.827,252.084,0
56712,-0.059,1.575,50.530,323.681,0.631,-2.943,252.084,0
56713,-0.059,1.575,50.530,323.681,0.621,-3.020,252.084,0
56714,-0.059,1.575,50.595,323.681,0.629,-3.009,252.084,0
56715,-0.059,1.575,50.595,324.206,0.621,-2.777,252.084,0
56716,0.824,3.632,50.628,324.206,0.625,-2.654,252.084,0
56717,0.824,3.632,50.660,324.206,0.628,-2.750,252.389,0
56718,0.824,3.632,50.693,324.206,0.620,-2.881,252.389,0
56719,0.824,3.632,50.725,324.206,0.632,-2.986,252.389,0
56720,0.824,3.632,50.758,324.469,0.620,-3.035,252.389,0
56721,0.824,3.632,50.791,324.469,0.627,-2.939,252.389,0
56722,0.824,3.632,50.823,324.994,0.626,-2.673,252.389,0
56723,0.824,3.632,50.823,324.731,0.622,-2.662,252.389,0
56724,0.824,3.632,50.856,324.994,0.631,-2.792,252.389,0
56725,0.824,3.632,50.856,324.994,0.622,-2.912,252.389,0
56726,1.707,5.769,50.888,325.256,0.631,-3.005,252.389,0
56727,1.707,5.769,50.921,324.994,0.622,-3.027,252.389,0
56728,1.707,5.769,50.888,325.256,0.621,-2.854,252.389,0
56729,1.707,5.769,50.888,325.256,0.628,-2.646,252.389,0
56730,1.707,5.769,50.888,325.256,0.621,-2.704,252.389,0
56731,1.707,5.769,50.856,325.256,0.632,-2.831,252.389,0
56732,1.707,5.769,50.856,325.519,0.620,-2.936,252.389,0
56733,1.707,5.769,50.856,325.519,0.625,-3.020,252.389,0
56734,1.707,5.769,50.856,325.256,0.625,-3.009,252.389,0
56735,1.707,5.769,50.823,325.781,0.622,-2.769,252.389,0
56736,2.471,7.906,50.791,325.781,0.628,-2.639,252.389,0
56737,2.471,7.906,50.758,326.044,0.623,-2.742,252.389,0
56738,2.471,7.906,50.758,326.044,0.633,-2.862,252.389,0
56739,2.471,7.906,50.725,326.044,0.622,-2.963,252.084,0
56740,2.471,7.906,50.693,326.044,0.624,-3.024,252.084,0
56741,2.471,7.906,50.693,326.044,0.629,-2.967,252.084,0
56742,2.471,7.906,50.660,326.306,0.623,-2.731,252.998,0
56743,2.471,7.906,50.628,326.306,0.633,-2.673,252.998,0
56744,2.471,7.906,50.595,326.306,0.622,-2.796,252.998,0
56745,2.471,7.906,50.595,326.569,0.628,-2.908,252.998,0
56746,3.237,11.546,50.563,326.832,0.629,-3.002,252.998,0
56747,3.237,11.546,50.563,326.569,0.618,-3.031,252.693,0
56748,3.237,11.546,50.530,326.832,0.632,-2.877,252.693,0
56749,3.237,11.546,50.498,327.094,0.622,-2.627,252.693,0
56750,3.237,11.546,50.498,327.094,0.628,-2.669,252.693,0
56751,3.237,11.546,50.498,327.094,0.624,-2.816,252.693,0
56752,3.237,11.546,50.530,327.357,0.625,-2.928,252.693,0
56753,3.237,11.546,50.498,327.357,0.633,-3.005,252.389,0
56754,3.237,11.546,50.563,327.094,0.619,-3.046,252.693,0
56755,3.237,11.546,50.563,327.357,0.632,-2.839,252.693,0
56756,3.066,15.196,50.563,327.619,0.620,-2.639,252.693,0
56757,3.066,15.196,50.595,327.619,0.629,-2.692,252.998,0
56758,3.066,15.196,50.595,327.619,0.627,-2.819,252.998,0
56759,3.066,15.196,50.628,327.357,0.621,-2.928,252.998,0
56760,3.066,15.196,50.660,327.619,0.629,-3.020,253.302,0
56761,3.066,15.196,50.725,327.357,0.629,-3.027,252.998,0
56762,3.066,15.196,50.725,327.619,0.620,-2.796,253.302,0
56763,3.066,15.196,50.758,327.619,0.629,-2.639,253.302,0
56764,3.066,15.196,50.791,327.357,0.633,-2.719,253.302,0
56765,3.066,15.196,50.823,327.357,0.621,-2.850,253.302,0
56766,2.896,11.651,50.856,327.619,0.628,-2.951,253.302,0
56767,2.896,11.651,50.856,327.357,0.629,-3.016,252.998,0
56768,2.896,11.651,50.888,327.094,0.619,-3.009,252.998,0
56769,2.896,11.651,50.856,327.357,0.631,-2.769,252.998,0
56770,2.896,11.651,50.856,327.094,0.630,-2.623,252.998,0
56771,2.896,11.651,50.856,327.094,0.621,-2.723,252.998,0
56772,2.896,11.651,50.856,327.094,0.630,-2.850,252.998,0
56773,2.896,11.651,50.856,327.094,0.629,-2.947,253.302,0
56774,2.896,11.651,50.823,327.094,0.619,-3.016,253.302,0
56775,2.896,11.651,50.856,326.832,0.629,-3.020,252.998,0
56776,2.154,8.113,50.823,326.832,0.628,-2.792,252.998,0
56777,2.154,8.113,50.791,327.094,0.623,-2.631,253.302,0
56778,2.154,8.113,50.758,326.832,0.628,-2.712,252.998,0
56779,2.154,8.113,50.758,326.569,0.628,-2.843,252.998,0
56780,2.154,8.113,50.725,326.569,0.621,-2.936,252.998,0
56781,2.154,8.113,50.693,326.569,0.628,-3.016,253.302,0
56782,2.154,8.113,50.693,326.044,0.627,-3.027,252.998,0
56783,2.154,8.113,50.628,326.044,0.622,-2.804,252.998,0
56784,2.154,8.113,50.628,326.044,0.629,-2.631,252.998,0
56785,2.154,8.113,50.595,325.781,0.626,-2.715,252.998,0
56786,1.412,7.900,50.563,325.781,0.626,-2.839,252.998,0
56787,1.412,7.900,50.563,325.781,0.629,-2.951,252.998,0
56788,1.412,7.900,50.530,325.519,0.623,-3.016,252.998,0
56789,1.412,7.900,50.563,325.256,0.627,-2.998,252.998,0
56790,1.412,7.900,50.498,325.256,0.628,-2.765,252.693,0
56791,1.412,7.900,50.498,324.994,0.619,-2.658,252.998,0
56792,1.412,7.900,50.498,324.994,0.630,-2.750,252.693,0
56793,1.412,7.900,50.498,324.731,0.619,-2.870,252.693,0
56794,1.412,7.900,50.498,324.731,0.627,-2.967,252.693,0
56795,1.412,7.900,50.530,324.469,0.628,-3.039,252.693,0
56796,1.369,7.679,50.530,324.469,0.619,-2.951,252.998,0
56797,1.369,7.679,50.530,324.469,0.630,-2.681,252.998,0
56798,1.369,7.679,50.563,324.206,0.630,-2.654,252.998,0
56799,1.369,7.679,50.563,324.206,0.622,-2.769,252.998,0
56800,1.369,7.679,50.595,323.944,0.624,-2.912,252.998,0
56801,1.369,7.679,50.628,323.944,0.629,-2.998,252.998,0
56802,1.369,7.679,50.693,323.681,0.621,-3.035,252.693,0
56803,1.369,7.679,50.693,323.681,0.626,-2.889,252.389,0
56804,1.369,7.679,50.693,323.681,0.630,-2.654,252.389,0
56805,1.369,7.679,50.725,323.419,0.623,-2.685,252.693,0
56806,1.326,7.618,50.758,323.156,0.631,-2.812,252.693,0
56807,1.326,7.618,50.791,323.156,0.619,-2.924,252.693,0
56808,1.326,7.618,50.791,323.156,0.623,-3.009,252.389,0
56809,1.326,7.618,50.856,322.631,0.628,-3.027,252.389,0
56810,1.326,7.618,50.823,322.894,0.620,-2.847,252.389,0
56811,1.326,7.618,50.823,322.631,0.624,-2.646,252.389,0
56812,1.326,7.618,50.823,322.631,0.628,-2.719,252.693,0
56813,1.326,7.618,50.823,322.369,0.619,-2.847,252.693,0
56814,1.326,7.618,50.823,322.369,0.628,-2.955,252.693,0
56815,1.326,7.618,50.823,322.106,0.628,-3.024,252.389,0
56816,1.477,7.554,50.823,322.106,0.617,-2.951,252.389,0
56817,1.477,7.554,50.791,322.369,0.629,-2.731,252.693,0
56818,1.477,7.554,50.758,322.369,0.626,-2.665,252.693,0
56819,1.477,7.554,50.758,322.106,0.620,-2.773,252.693,0
56820,1.477,7.554,50.725,321.844,0.625,-2.893,252.693,0
56821,1.477,7.554,50.725,321.844,0.625,-2.990,252.693,0
56822,1.477,7.554,50.725,321.844,0.623,-3.027,252.389,0
56823,1.477,7.554,50.693,321.844,0.628,-2.905,252.389,0
56824,1.477,7.554,50.660,321.844,0.622,-2.673,252.389,0
56825,1.477,7.554,50.628,321.844,0.625,-2.704,252.389,0
56826,1.628,7.799,50.595,321.844,0.627,-2.823,252.693,0
56827,1.628,7.799,50.595,321.844,0.620,-2.928,252.389,0
56828,1.628,7.799,50.563,321.844,0.626,-3.009,252.389,0
56829,1.628,7.799,50.563,321.581,0.628,-3.016,252.389,0
56830,1.628,7.799,50.530,321.844,0.618,-2.831,252.084,0
56831,1.628,7.799,50.530,321.581,0.627,-2.662,252.389,0
56832,1.628,7.799,50.498,321.581,0.627,-2.742,252.389,0
56833,1.628,7.799,50.498,321.844,0.617,-2.854,252.389,0
56834,1.628,7.799,50.498,321.844,0.625,-2.955,252.389,0
56835,1.628,7.799,50.530,321.581,0.628,-3.020,252.084,0
56836,2.368,8.038,50.530,321.581,0.617,-2.982,252.389,0
56837,2.368,8.038,50.530,321.844,0.628,-2.738,252.389,0
56838,2.368,8.038,50.530,321.844,0.629,-2.658,252.389,0
56839,2.368,8.038,50.563,321.844,0.620,-2.769,252.389,0
56840,2.368,8.038,50.563,321.581,0.628,-2.877,252.693,0
56841,2.368,8.038,50.595,321.844,0.628,-2.974,252.693,0
56842,2.368,8.038,50.628,321.844,0.620,-3.024,252.693,0
56843,2.368,8.038,50.660,321.844,0.628,-2.955,252.693,0
56844,2.368,8.038,50.660,321.844,0.624,-2.715,252.693,0
56845,2.368,8.038,50.693,321.844,0.624,-2.689,252.693,0
56846,3.109,9.018,50.693,321.581,0.629,-2.808,252.693,0
56847,3.109,9.018,50.725,321.844,0.620,-2.912,252.693,0
56848,3.109,9.018,50.758,321.844,0.628,-3.005,252.693,0
56849,3.109,9.018,50.791,321.581,0.631,-3.020,252.693,0
56850,3.109,9.018,50.823,321.844,0.620,-2.854,252.693,0
56851,3.109,9.018,50.823,321.844,0.628,-2.665,252.693,0
56852,3.109,9.018,50.791,321.844,0.627,-2.727,252.693,0
56853,3.109,9.018,50.823,321.844,0.624,-2.854,252.693,0
56854,3.109,9.018,50.823,321.844,0.631,-2.955,252.693,0
56855,3.109,9.018,50.856,321.844,0.618,-3.024,252.389,0
56856,2.260,10.015,50.856,321.844,0.628,-2.990,252.693,0
56857,2.260,10.015,50.823,322.106,0.629,-2.754,252.693,0
56858,2.260,10.015,50.791,322.369,0.622,-2.677,252.693,0
56859,2.260,10.015,50.791,322.369,0.629,-2.792,252.693,0
56860,2.260,10.015,50.791,322.106,0.625,-2.905,252.693,0
56861,2.260,10.015,50.758,322.106,0.623,-2.998,252.693,0
56862,2.260,10.015,50.758,322.369,0.629,-3.031,252.693,0
56863,2.260,10.015,50.725,322.369,0.619,-2.885,252.693,0
56864,2.260,10.015,50.693,322.631,0.629,-2.658,252.693,0
56865,2.260,10.015,50.660,322.631,0.630,-2.692,252.693,0
56866,1.412,9.216,50.628,322.631,0.619,-2.819,252.693,0
56867,1.412,9.216,50.628,322.894,0.629,-2.936,252.693,0
56868,1.412,9.216,50.595,322.894,0.624,-3.016,252.693,0
56869,1.412,9.216,50.595,322.631,0.623,-3.016,252.389,0
56870,1.412,9.216,50.563,322.894,0.628,-2.781,252.693,0
56871,1.412,9.216,50.530,323.156,0.621,-2.658,252.693,0
56872,1.412,9.216,50.498,323.156,0.626,-2.742,252.389,0
56873,1.412,9.216,50.498,323.156,0.629,-2.874,252.389,0
56874,1.412,9.216,50.498,323.419,0.619,-2.971,252.389,0
56875,1.412,9.216,50.498,323.156,0.627,-3.027,252.389,0
56876,1.602,8.407,50.498,323.156,0.627,-2.978,252.389,0
56877,1.602,8.407,50.498,323.681,0.620,-2.723,252.389,0
56878,1.602,8.407,50.498,323.681,0.628,-2.646,252.389,0
56879,1.602,8.407,50.498,323.944,0.628,-2.765,252.389,0
56880,1.602,8.407,50.530,323.681,0.619,-2.885,252.389,0
56881,1.602,8.407,50.563,323.681,0.626,-2.971,252.693,0
56882,1.602,8.407,50.595,323.944,0.625,-3.020,252.389,0
56883,1.602,8.407,50.628,323.944,0.620,-2.971,252.693,0
56884,1.602,8.407,50.628,324.206,0.629,-2.727,252.693,0
56885,1.602,8.407,50.660,324.206,0.625,-2.669,252.693,0
56886,1.792,8.363,50.693,324.206,0.624,-2.781,252.693,0
56887,1.792,8.363,50.725,324.206,0.627,-2.901,252.693,0
56888,1.792,8.363,50.758,324.469,0.621,-2.986,252.693,0
56889,1.792,8.363,50.791,324.469,0.624,-3.016,252.693,0
56890,1.792,8.363,50.791,324.469,0.627,-2.877,252.693,0
56891,1.792,8.363,50.791,324.731,0.621,-2.689,252.693,0
56892,1.792,8.363,50.823,324.731,0.625,-2.719,252.693,0
56893,1.792,8.363,50.823,324.731,0.630,-2.835,252.693,0
56894,1.792,8.363,50.823,324.994,0.619,-2.932,252.693,0
56895,1.792,8.363,50.823,324.994,0.629,-3.009,252.693,0
56896,1.661,8.322,50.856,324.731,0.630,-3.013,252.693,0
56897,1.661,8.322,50.823,324.994,0.620,-2.819,252.693,0
56898,1.661,8.322,50.823,325.256,0.628,-2.650,252.693,0
56899,1.661,8.322,50.791,325.519,0.630,-2.723,252.998,0
56900,1.661,8.322,50.791,325.519,0.619,-2.847,252.998,0
56901,1.661,8.322,50.758,325.256,0.629,-2.939,252.998,0
56902,1.661,8.322,50.758,325.519,0.629,-3.013,252.998,0
56903,1.661,8.322,50.758,325.256,0.619,-3.005,252.693,0
56904,1.661,8.322,50.725,325.519,0.628,-2.769,252.693,0
56905,1.661,8.322,50.693,325.781,0.628,-2.677,252.693,0
56906,1.530,9.590,50.660,325.519,0.621,-2.765,252.693,0
56907,1.530,9.590,50.628,325.781,0.627,-2.877,252.693,0
56908,1.530,9.590,50.595,326.044,0.627,-2.967,252.693,0
56909,1.530,9.590,50.595,325.781,0.620,-3.027,252.389,0
56910,1.530,9.590,50.595,325.781,0.628,-2.974,252.389,0
56911,1.530,9.590,50.563,326.044,0.624,-2.715,252.389,0
56912,1.530,9.590,50.530,325.781,0.620,-2.639,252.693,0
56913,1.530,9.590,50.530,326.044,0.628,-2.750,252.693,0
56914,1.530,9.590,50.498,326.044,0.621,-2.874,252.389,0
56915,1.530,9.590,50.498,326.306,0.622,-2.959,252.389,0
56916,3.820,10.832,50.498,326.044,0.631,-3.027,252.998,0
56917,3.820,10.832,50.530,326.044,0.620,-2.978,253.302,0
56918,3.820,10.832,50.498,326.569,0.631,-2.719,253.302,0
56919,3.820,10.832,50.498,326.569,0.629,-2.681,253.302,0
56920,3.820,10.832,50.530,326.569,0.621,-2.789,253.302,0
56921,3.820,10.832,50.530,326.569,0.628,-2.905,253.302,0
56922,3.820,10.832,50.563,326.569,0.626,-2.994,253.302,0
56923,3.820,10.832,50.628,326.569,0.624,-3.035,253.302,0
56924,3.820,10.832,50.628,326.832,0.631,-2.893,253.607,0
56925,3.820,10.832,50.628,326.832,0.619,-2.658,253.607,0
56926,6.110,11.176,50.660,327.094,0.630,-2.689,253.607,0
56927,6.110,11.176,50.693,326.832,0.627,-2.816,253.607,0
56928,6.110,11.176,50.725,327.094,0.621,-2.924,253.607,0
56929,6.110,11.176,50.758,327.094,0.628,-3.013,253.607,0
56930,6.110,11.176,50.791,326.832,0.623,-3.013,253.302,0
56931,6.110,11.176,50.791,327.094,0.628,-2.800,253.302,0
56932,6.110,11.176,50.823,327.094,0.629,-2.669,253.302,0
56933,6.110,11.176,50.823,327.094,0.619,-2.758,253.607,0
56934,6.110,11.176,50.823,327.094,0.628,-2.866,253.607,0
56935,6.110,11.176,50.823,327.094,0.620,-2.963,253.302,0
56936,3.769,11.569,50.823,326.832,0.629,-3.031,253.302,0
56937,3.769,11.569,50.856,326.832,0.625,-2.982,253.302,0
56938,3.769,11.569,50.823,327.094,0.625,-2.723,253.607,0
56939,3.769,11.569,50.791,327.094,0.630,-2.642,253.607,0
56940,3.769,11.569,50.791,327.094,0.620,-2.754,253.607,0
56941,3.769,11.569,50.758,326.832,0.623,-2.881,253.607,0
56942,3.769,11.569,50.758,326.832,0.631,-2.971,253.607,0
56943,3.769,11.569,50.758,326.832,0.626,-3.020,253.607,0
56944,3.769,11.569,50.758,326.832,0.625,-2.963,253.607,0
56945,3.769,11.569,50.693,326.832,0.625,-2.723,253.607,0
56946,1.428,9.693,50.660,326.832,0.624,-2.650,253.607,0
56947,1.428,9.693,50.660,326.569,0.629,-2.758,253.302,0
56948,1.428,9.693,50.628,326.569,0.620,-2.866,253.302,0
56949,1.428,9.693,50.595,326.569,0.628,-2.959,253.302,0
56950,1.428,9.693,50.595,326.306,0.629,-3.013,253.302,0
56951,1.428,9.693,50.595,326.306,0.619,-2.998,253.302,0
56952,1.428,9.693,50.563,326.306,0.631,-2.754,253.302,0
56953,1.428,9.693,50.530,326.044,0.628,-2.635,253.302,0
56954,1.428,9.693,50.530,326.044,0.624,-2.735,253.302,0
56955,1.428,9.693,50.498,326.044,0.631,-2.850,253.302,0
56956,1.322,7.791,50.498,325.781,0.623,-2.939,253.302,0
56957,1.322,7.791,50.498,325.781,0.628,-3.013,253.302,0
56958,1.322,7.791,50.530,325.519,0.629,-3.016,252.998,0
56959,1.322,7.791,50.530,325.519,0.621,-2.816,253.302,0
56960,1.322,7.791,50.498,325.781,0.628,-2.642,253.302,0
56961,1.322,7.791,50.530,325.519,0.627,-2.715,253.302,0
56962,1.322,7.791,50.563,325.256,0.621,-2.835,253.302,0
56963,1.322,7.791,50.563,325.256,0.629,-2.928,253.607,0
56964,1.322,7.791,50.595,324.994,0.626,-3.002,253.607,0
56965,1.322,7.791,50.660,324.731,0.627,-3.024,253.607,0
56966,1.215,7.665,50.660,324.731,0.630,-2.839,253.607,0
56967,1.215,7.665,50.660,324.731,0.620,-2.646,253.607,0
56968,1.215,7.665,50.693,324.469,0.629,-2.708,253.607,0
56969,1.215,7.665,50.725,324.469,0.630,-2.819,253.607,0
56970,1.215,7.665,50.758,324.206,0.620,-2.924,253.607,0
56971,1.215,7.665,50.758,324.206,0.630,-3.002,253.607,0
56972,1.215,7.665,50.823,323.681,0.623,-3.027,253.302,0
56973,1.215,7.665,50.823,323.681,0.627,-2.854,252.693,0
56974,1.215,7.665,50.823,323.419,0.631,-2.654,252.693,0
56975,1.215,7.665,50.823,323.419,0.617,-2.715,252.693,0
56976,1.482,7.535,50.823,323.156,0.628,-2.839,252.998,0
56977,1.482,7.535,50.856,322.894,0.628,-2.936,252.998,0
56978,1.482,7.535,50.823,323.156,0.620,-3.009,252.998,0
56979,1.482,7.535,50.856,322.894,0.628,-3.013,252.998,0
56980,1.482,7.535,50.823,322.894,0.623,-2.812,252.998,0
56981,1.482,7.535,50.823,322.631,0.625,-2.673,252.998,0
56982,1.482,7.535,50.791,322.369,0.629,-2.762,252.998,0
56983,1.482,7.535,50.758,322.369,0.620,-2.874,252.998,0
56984,1.482,7.535,50.758,322.369,0.629,-2.963,252.998,0
56985,1.482,7.535,50.758,322.369,0.630,-3.027,252.998,0
56986,1.748,7.546,50.725,322.106,0.618,-2.971,252.998,0
56987,1.748,7.546,50.693,322.106,0.626,-2.727,252.998,0
56988,1.748,7.546,50.660,322.106,0.625,-2.677,252.998,0
56989,1.748,7.546,50.628,322.106,0.622,-2.792,252.693,0
56990,1.748,7.546,50.628,322.106,0.629,-2.905,252.693,0
56991,1.748,7.546,50.595,322.106,0.621,-2.998,252.693,0
56992,1.748,7.546,50.563,321.844,0.625,-3.020,252.693,0
56993,1.748,7.546,50.563,321.844,0.628,-2.877,252.693,0
56994,1.748,7.546,50.530,321.844,0.620,-2.665,252.693,0
56995,1.748,7.546,50.498,321.844,0.629,-2.715,252.693,0
56996,1.518,7.562,50.498,321.844,0.625,-2.835,252.693,0
56997,1.518,7.562,50.498,321.844,0.619,-2.939,252.693,0
56998,1.518,7.562,50.465,321.844,0.627,-3.013,252.693,0
56999,1.518,7.562,50.498,321.844,0.627,-3.005,252.693,0
57000,1.518,7.562,50.465,321.844,0.621,-2.800,252.693,0
57001,1.518,7.562,50.498,321.844,0.628,-2.662,252.693,0
57002,1.518,7.562,50.498,321.844,0.625,-2.746,252.693,0
57003,1.518,7.562,50.530,321.844,0.623,-2.862,252.693,0
57004,1.518,7.562,50.530,321.844,0.627,-2.955,252.693,0
57005,1.518,7.562,50.563,321.844,0.623,-3.016,252.693,0
57006,1.288,7.510,50.595,321.844,0.623,-2.982,252.998,0
57007,1.288,7.510,50.628,321.844,0.628,-2.762,252.693,0
57008,1.288,7.510,50.660,321.844,0.621,-2.696,252.693,0
57009,1.288,7.510,50.693,321.844,0.626,-2.792,252.998,0
57010,1.288,7.510,50.725,321.844,0.629,-2.901,252.998,0
57011,1.288,7.510,50.725,322.106,0.620,-2.986,252.998,0
57012,1.288,7.510,50.791,321.844,0.628,-3.020,252.998,0
57013,1.288,7.510,50.791,321.844,0.628,-2.901,252.998,0
57014,1.288,7.510,50.823,321.844,0.621,-2.689,252.998,0
57015,1.288,7.510,50.823,322.106,0.629,-2.723,252.998,0
57016,1.211,7.457,50.856,322.106,0.625,-2.835,252.998,0
57017,1.211,7.457,50.856,322.106,0.623,-2.932,252.998,0
57018,1.211,7.457,50.856,322.106,0.628,-3.005,252.998,0
57019,1.211,7.457,50.888,322.106,0.622,-3.016,252.998,0
57020,1.211,7.457,50.856,322.369,0.627,-2.843,252.998,0
57021,1.211,7.457,50.823,322.631,0.629,-2.677,252.998,0
57022,1.211,7.457,50.823,322.631,0.619,-2.746,252.998,0
57023,1.211,7.457,50.823,322.631,0.629,-2.854,252.998,0
57024,1.211,7.457,50.791,322.631,0.630,-2.943,252.998,0
57025,1.211,7.457,50.791,322.631,0.620,-3.013,252.998,0
57026,1.133,8.324,50.791,322.369,0.629,-3.005,252.998,0
57027,1.133,8.324,50.758,322.631,0.626,-2.769,252.998,0
57028,1.133,8.324,50.725,322.631,0.621,-2.662,252.998,0
57029,1.133,8.324,50.693,322.631,0.625,-2.750,252.998,0
57030,1.133,8.324,50.693,322.894,0.623,-2.866,252.998,0
57031,1.133,8.324,50.660,322.894,0.623,-2.951,252.693,0
57032,1.133,8.324,50.628,322.894,0.628,-3.013,252.998,0
57033,1.133,8.324,50.628,322.631,0.620,-3.002,252.693,0
57034,1.133,8.324,50.563,322.894,0.627,-2.765,252.693,0
57035,1.133,8.324,50.563,322.894,0.627,-2.662,252.693,0
57036,1.326,9.187,50.530,322.894,0.616,-2.758,252.693,0
57037,1.326,9.187,50.530,322.894,0.629,-2.870,252.998,0
57038,1.326,9.187,50.498,323.156,0.625,-2.963,252.693,0
57039,1.326,9.187,50.530,323.156,0.624,-3.016,252.998,0
57040,1.326,9.187,50.530,323.156,0.628,-2.994,252.998,0
57041,1.326,9.187,50.498,323.419,0.624,-2.735,252.998,0
57042,1.326,9.187,50.498,323.419,0.625,-2.658,252.998,0
57043,1.326,9.187,50.530,323.419,0.631,-2.762,252.998,0
57044,1.326,9.187,50.530,323.419,0.620,-2.881,252.998,0
57045,1.326,9.187,50.530,323.681,0.628,-2.963,252.998,0
57046,1.521,8.863,50.595,323.681,0.630,-3.024,252.693,0
57047,1.521,8.863,50.595,323.681,0.617,-2.974,252.693,0
57048,1.521,8.863,50.595,323.681,0.628,-2.731,252.998,0
57049,1.521,8.863,50.628,323.681,0.625,-2.673,252.998,0
57050,1.521,8.863,50.660,323.944,0.623,-2.785,252.998,0
57051,1.521,8.863,50.693,323.944,0.627,-2.893,252.998,0
57052,1.521,8.863,50.725,324.206,0.624,-2.982,252.998,0
57053,1.521,8.863,50.758,324.206,0.629,-3.027,252.998,0
57054,1.521,8.863,50.791,323.944,0.629,-2.932,252.998,0
57055,1.521,8.863,50.791,324.206,0.620,-2.685,252.998,0
57056,1.495,8.543,50.823,324.469,0.627,-2.692,252.998,0
57057,1.495,8.543,50.823,324.469,0.627,-2.808,252.998,0
57058,1.495,8.543,50.823,324.731,0.622,-2.912,252.998,0
57059,1.495,8.543,50.823,324.731,0.629,-2.998,252.998,0
57060,1.495,8.543,50.856,324.731,0.623,-3.024,252.998,0
57061,1.495,8.543,50.856,324.994,0.627,-2.850,252.998,0
57062,1.495,8.543,50.823,325.256,0.629,-2.669,252.998,0
57063,1.495,8.543,50.823,325.256,0.620,-2.723,253.302,0
57064,1.495,8.543,50.823,325.256,0.629,-2.843,253.302,0
57065,1.495,8.543,50.791,325.256,0.630,-2.936,253.302,0
57066,1.470,10.909,50.791,325.519,0.621,-3.009,253.302,0
57067,1.470,10.909,50.791,325.256,0.629,-3.016,252.998,0
57068,1.470,10.909,50.758,325.519,0.626,-2.819,252.998,0
57069,1.470,10.909,50.725,325.519,0.621,-2.654,252.998,0
57070,1.470,10.909,50.693,325.781,0.628,-2.727,252.998,0
57071,1.470,10.909,50.660,325.781,0.623,-2.847,252.998,0
57072,1.470,10.909,50.660,325.781,0.624,-2.932,252.693,0
57073,1.470,10.909,50.628,326.044,0.631,-3.005,252.693,0
57074,1.470,10.909,50.628,325.781,0.619,-3.009,252.693,0
57075,1.470,10.909,50.595,325.781,0.629,-2.854,252.693,0
57076,1.670,13.274,50.563,326.044,0.620,-2.665,252.998,0
57077,1.670,13.274,50.563,326.306,0.627,-2.727,252.998,0
57078,1.670,13.274,50.530,326.306,0.629,-2.827,253.302,0
57079,1.670,13.274,50.530,326.569,0.619,-2.924,253.607,0
57080,1.670,13.274,50.498,326.832,0.629,-2.994,253.302,0
57081,1.670,13.274,50.530,326.569,0.624,-3.024,253.302,0
57082,1.670,13.274,50.498,326.832,0.625,-2.839,253.607,0
57083,1.670,13.274,50.498,326.832,0.631,-2.662,253.607,0
57084,1.670,13.274,50.498,326.832,0.621,-2.708,253.607,0
57085,1.670,13.274,50.498,327.094,0.621,-2.835,253.607,0
57086,1.873,10.854,50.530,327.094,0.628,-2.912,253.607,0
57087,1.873,10.854,50.563,327.357,0.621,-2.986,253.302,0
57088,1.873,10.854,50.595,326.832,0.627,-3.024,253.302,0
57089,1.873,10.854,50.628,326.832,0.623,-2.920,253.302,0
57090,1.873,10.854,50.628,327.094,0.628,-2.669,253.607,0
57091,1.873,10.854,50.660,327.357,0.629,-2.665,253.607,0
57092,1.873,10.854,50.693,327.094,0.621,-2.781,253.607,0
57093,1.873,10.854,50.693,327.094,0.628,-2.889,253.607,0
57094,1.873,10.854,50.725,327.094,0.625,-2.963,253.607,0
57095,1.873,10.854,50.758,326.832,0.626,-3.016,253.607,0
57096,1.649,8.438,50.823,326.569,0.630,-2.951,253.607,0
57097,1.649,8.438,50.791,327.094,0.621,-2.719,253.911,0
57098,1.649,8.438,50.823,326.832,0.631,-2.654,253.911,0
57099,1.649,8.438,50.823,326.832,0.627,-2.762,253.607,0
57100,1.649,8.438,50.823,326.832,0.626,-2.866,253.911,0
57101,1.649,8.438,50.856,327.094,0.632,-2.951,253.911,0
57102,1.649,8.438,50.856,326.832,0.621,-3.016,253.911,0
57103,1.649,8.438,50.856,326.569,0.632,-2.998,253.911,0
57104,1.649,8.438,50.823,326.569,0.628,-2.765,253.911,0
57105,1.649,8.438,50.823,326.569,0.627,-2.650,253.911,0
57106,1.425,8.294,50.823,326.569,0.632,-2.750,253.911,0
57107,1.425,8.294,50.791,326.569,0.620,-2.862,253.607,0
57108,1.425,8.294,50.791,326.569,0.631,-2.955,253.911,0
57109,1.425,8.294,50.758,326.306,0.627,-3.024,253.911,0
57110,1.425,8.294,50.758,326.044,0.623,-2.982,253.911,0
57111,1.425,8.294,50.725,326.306,0.631,-2.742,253.911,0
57112,1.425,8.294,50.693,326.306,0.622,-2.662,253.607,0
57113,1.425,8.294,50.693,326.044,0.629,-2.773,253.607,0
57114,1.425,8.294,50.660,326.306,0.627,-2.877,253.607,0
57115,1.425,8.294,50.628,325.781,0.622,-2.963,253.607,0
57116,1.354,8.149,50.595,325.781,0.630,-3.027,253.607,0
57117,1.354,8.149,50.595,325.519,0.623,-2.967,253.607,0
57118,1.354,8.149,50.563,325.781,0.630,-2.708,253.911,0
57119,1.354,8.149,50.530,325.519,0.629,-2.665,253.607,0
57120,1.354,8.149,50.530,325.519,0.621,-2.773,253.607,0
57121,1.354,8.149,50.498,325.519,0.629,-2.889,253.607,0
57122,1.354,8.149,50.498,325.519,0.628,-2.971,253.607,0
57123,1.354,8.149,50.498,325.256,0.622,-3.024,253.607,0
57124,1.354,8.149,50.498,324.994,0.629,-2.967,253.607,0
57125,1.354,8.149,50.498,324.994,0.621,-2.715,253.607,0
57126,1.284,9.069,50.498,324.994,0.628,-2.662,253.607,0
57127,1.284,9.069,50.530,324.994,0.631,-2.762,253.607,0
57128,1.284,9.069,50.530,324.994,0.620,-2.877,253.607,0
57129,1.284,9.069,50.563,324.731,0.629,-2.955,253.607,0
57130,1.284,9.069,50.563,324.469,0.628,-3.013,253.607,0
57131,1.284,9.069,50.628,324.206,0.624,-3.013,253.607,0
57132,1.284,9.069,50.628,324.206,0.628,-2.773,253.607,0
57133,1.284,9.069,50.660,324.206,0.621,-2.627,253.911,0
57134,1.284,9.069,50.693,323.944,0.627,-2.715,253.911,0
57135,1.284,9.069,50.725,323.944,0.630,-2.823,253.911,0
57136,1.354,9.990,50.758,323.681,0.621,-2.916,253.607,0
57137,1.354,9.990,50.758,323.681,0.629,-2.998,253.302,0
57138,1.354,9.990,50.823,323.419,0.627,-3.009,253.302,0
57139,1.354,9.990,50.823,323.156,0.624,-2.870,253.302,0
57140,1.354,9.990,50.823,323.156,0.629,-2.696,253.302,0
57141,1.354,9.990,50.823,323.156,0.621,-2.750,253.302,0
57142,1.354,9.990,50.823,323.156,0.626,-2.858,253.302,0
57143,1.354,9.990,50.823,322.894,0.630,-2.951,253.302,0
57144,1.354,9.990,50.823,322.894,0.617,-3.009,253.302,0
57145,1.354,9.990,50.856,322.369,0.630,-2.994,253.302,0
57146,1.424,10.565,50.823,322.894,0.628,-2.827,253.302,0
57147,1.424,10.565,50.823,322.894,0.621,-2.735,253.302,0
57148,1.424,10.565,50.823,322.631,0.631,-2.808,253.302,0
57149,1.424,10.565,50.791,322.369,0.622,-2.893,253.302,0
57150,1.424,10.565,50.758,322.369,0.625,-2.974,253.302,0
57151,1.424,10.565,50.758,322.106,0.629,-3.013,253.302,0
57152,1.424,10.565,50.758,322.106,0.617,-2.951,253.302,0
57153,1.424,10.565,50.725,322.106,0.630,-2.719,253.302,0
57154,1.424,10.565,50.693,322.106,0.628,-2.712,252.998,0
57155,1.424,10.565,50.660,322.106,0.621,-2.812,252.998,0
57156,1.147,11.146,50.660,321.844,0.628,-2.905,252.998,0
57157,1.147,11.146,50.628,321.844,0.624,-2.978,252.998,0
57158,1.147,11.146,50.628,321.581,0.625,-3.035,252.998,0
57159,1.147,11.146,50.595,321.581,0.629,-2.955,252.998,0
57160,1.147,11.146,50.563,321.844,0.620,-2.696,253.302,0
57161,1.147,11.146,50.530,321.844,0.629,-2.650,253.302,0
57162,1.147,11.146,50.530,321.844,0.629,-2.765,253.302,0
57163,1.147,11.146,50.498,321.844,0.618,-2.881,252.998,0
57164,1.147,11.146,50.498,321.581,0.631,-2.967,252.998,0
57165,1.147,11.146,50.498,321.581,0.627,-3.016,252.998,0
57166,0.868,10.640,50.530,321.581,0.623,-2.978,253.302,0
57167,0.868,10.640,50.498,321.581,0.627,-2.742,252.998,0
57168,0.868,10.640,50.498,321.844,0.621,-2.681,252.998,0
57169,0.868,10.640,50.530,321.581,0.627,-2.785,252.998,0
57170,0.868,10.640,50.563,321.581,0.628,-2.885,252.998,0
57171,0.868,10.640,50.563,321.581,0.619,-2.967,252.998,0
57172,0.868,10.640,50.595,321.581,0.629,-3.013,253.302,0
57173,0.868,10.640,50.628,321.319,0.626,-2.978,252.998,0
57174,0.868,10.640,50.660,321.844,0.621,-2.731,253.302,0
57175,0.868,10.640,50.660,321.844,0.631,-2.639,253.302,0
57176,1.057,10.129,50.693,321.581,0.626,-2.754,253.302,0
57177,1.057,10.129,50.725,321.581,0.623,-2.862,253.607,0
57178,1.057,10.129,50.758,321.844,0.630,-2.951,253.607,0
57179,1.057,10.129,50.791,321.844,0.626,-3.013,253.607,0
57180,1.057,10.129,50.823,321.581,0.627,-3.005,253.302,0
57181,1.057,10.129,50.823,322.106,0.632,-2.754,253.302,0
57182,1.057,10.129,50.823,322.106,0.620,-2.646,253.302,0
57183,1.057,10.129,50.856,322.369,0.628,-2.735,253.302,0
57184,1.057,10.129,50.856,322.369,0.630,-2.858,253.302,0
57185,1.057,10.129,50.856,322.369,0.621,-2.943,253.607,0
57186,1.246,9.828,50.856,322.369,0.629,-3.005,253.607,0
57187,1.246,9.828,50.856,322.369,0.625,-3.027,253.302,0
57188,1.246,9.828,50.823,322.369,0.622,-2.850,253.302,0
57189,1.246,9.828,50.823,322.631,0.628,-2.646,253.302,0
57190,1.246,9.828,50.791,322.631,0.624,-2.704,253.302,0
57191,1.246,9.828,50.791,322.631,0.625,-2.819,253.302,0
57192,1.246,9.828,50.791,322.894,0.631,-2.920,253.302,0
57193,1.246,9.828,50.758,322.894,0.621,-2.990,253.302,0
57194,1.246,9.828,50.758,322.894,0.628,-3.016,253.302,0
57195,1.246,9.828,50.725,322.894,0.627,-2.901,253.302,0
57196,1.113,9.529,50.693,322.894,0.620,-2.692,253.302,0
57197,1.113,9.529,50.660,323.156,0.630,-2.723,253.302,0
57198,1.113,9.529,50.628,323.156,0.626,-2.831,253.302,0
57199,1.113,9.529,50.595,323.156,0.623,-2.920,253.302,0
57200,1.113,9.529,50.563,323.156,0.629,-2.994,253.302,0
57201,1.113,9.529,50.595,323.156,0.623,-3.016,253.302,0
57202,1.113,9.529,50.563,323.419,0.624,-2.870,253.302,0
57203,1.113,9.529,50.530,323.681,0.631,-2.712,253.302,0
57204,1.113,9.529,50.530,323.681,0.620,-2.762,253.607,0
57205,1.113,9.529,50.498,323.681,0.630,-2.866,253.302,0
57206,0.982,9.109,50.498,323.681,0.629,-2.947,253.302,0
57207,0.982,9.109,50.498,323.944,0.618,-3.009,253.302,0
57208,0.982,9.109,50.530,323.944,0.629,-3.013,252.998,0
57209,0.982,9.109,50.530,324.206,0.620,-2.847,253.302,0
57210,0.982,9.109,50.530,324.206,0.628,-2.677,252.998,0
57211,0.982,9.109,50.563,324.206,0.627,-2.738,253.302,0
57212,0.982,9.109,50.563,324.206,0.628,-2.850,253.302,0
57213,0.982,9.109,50.595,324.469,0.623,-2.932,253.302,0
57214,0.982,9.109,50.628,324.469,0.628,-3.002,253.302,0
57215,0.982,9.109,50.660,324.206,0.623,-3.005,253.302,0
57216,1.002,8.685,50.693,324.469,0.627,-2.831,253.302,0
57217,1.002,8.685,50.693,324.469,0.632,-2.692,253.607,0
57218,1.002,8.685,50.725,324.469,0.625,-2.754,253.607,0
57219,1.002,8.685,50.758,324.731,0.629,-2.854,253.607,0
57220,1.002,8.685,50.758,324.731,0.621,-2.939,253.607,0
57221,1.002,8.685,50.791,324.731,0.630,-3.002,253.607,0
57222,1.002,8.685,50.823,324.731,0.629,-3.020,253.607,0
57223,1.002,8.685,50.823,324.994,0.620,-2.858,253.607,0
57224,1.002,8.685,50.823,324.994,0.630,-2.631,253.607,0
57225,1.002,8.685,50.823,324.994,0.627,-2.677,253.607,0
57226,1.021,8.413,50.823,324.994,0.624,-2.789,253.607,0
57227,1.021,8.413,50.823,325.256,0.628,-2.893,253.302,0
57228,1.021,8.413,50.823,325.256,0.623,-2.971,253.607,0
57229,1.021,8.413,50.823,325.256,0.628,-3.016,253.302,0
57230,1.021,8.413,50.823,325.256,0.632,-2.963,253.607,0
57231,1.021,8.413,50.791,325.256,0.621,-2.723,253.607,0
57232,1.021,8.413,50.758,325.519,0.630,-2.685,253.607,0
57233,1.021,8.413,50.758,325.519,0.629,-2.785,253.607,0
57234,1.021,8.413,50.725,325.781,0.620,-2.897,253.302,0
57235,1.021,8.413,50.693,325.781,0.628,-2.967,253.607,0
57236,1.077,8.140,50.693,325.781,0.627,-3.020,253.302,0
57237,1.077,8.140,50.693,325.519,0.623,-2.936,253.302,0
57238,1.077,8.140,50.628,325.781,0.629,-2.719,253.302,0
57239,1.077,8.140,50.595,326.044,0.620,-2.677,253.302,0
57240,1.077,8.140,50.595,326.044,0.627,-2.785,253.302,0
57241,1.077,8.140,50.563,326.306,0.631,-2.885,253.607,0
57242,1.077,8.140,50.563,326.306,0.621,-2.971,254.216,0
57243,1.077,8.140,50.563,326.569,0.631,-3.024,254.216,0
57244,1.077,8.140,50.563,326.306,0.631,-2.971,253.911,0
57245,1.077,8.140,50.530,326.832,0.624,-2.712,254.216,0
57246,1.132,8.401,50.498,326.832,0.631,-2.658,254.216,0
57247,1.132,8.401,50.498,326.832,0.623,-2.758,253.911,0
57248,1.132,8.401,50.498,327.094,0.627,-2.874,253.911,0
57249,1.132,8.401,50.498,327.094,0.631,-2.955,253.911,0
57250,1.132,8.401,50.530,327.094,0.619,-3.013,253.911,0
57251,1.132,8.401,50.563,326.832,0.630,-2.998,253.911,0
57252,1.132,8.401,50.563,327.094,0.628,-2.762,253.911,0
57253,1.132,8.401,50.563,327.357,0.624,-2.646,253.911,0
57254,1.132,8.401,50.595,327.357,0.632,-2.735,253.911,0
57255,1.132,8.401,50.628,327.619,0.623,-2.847,253.911,0
57256,1.165,8.665,50.628,327.619,0.631,-2.936,254.216,0
57257,1.165,8.665,50.660,327.357,0.631,-3.002,254.216,0
57258,1.165,8.665,50.693,327.094,0.620,-3.013,254.216,0
57259,1.165,8.665,50.725,327.357,0.629,-2.827,254.216,0
57260,1.165,8.665,50.725,327.357,0.623,-2.665,254.216,0
57261,1.165,8.665,50.758,327.357,0.631,-2.719,254.216,0
57262,1.165,8.665,50.758,327.357,0.632,-2.831,254.216,0
57263,1.165,8.665,50.791,327.357,0.622,-2.916,254.216,0
57264,1.165,8.665,50.791,327.357,0.632,-2.986,254.216,0
57265,1.165,8.665,50.823,327.357,0.627,-3.020,254.216,0
57266,1.200,8.568,50.856,327.094,0.628,-2.932,254.216,0
57267,1.200,8.568,50.823,327.094,0.631,-2.685,254.216,0
57268,1.200,8.568,50.823,327.357,0.621,-2.681,254.216,0
57269,1.200,8.568,50.823,327.357,0.630,-2.785,254.216,0
57270,1.200,8.568,50.823,327.357,0.629,-2.885,254.216,0
57271,1.200,8.568,50.791,327.094,0.623,-2.955,254.216,0
57272,1.200,8.568,50.791,327.094,0.629,-3.002,254.216,0
57273,1.200,8.568,50.791,326.832,0.622,-3.013,254.216,0
57274,1.200,8.568,50.758,326.832,0.630,-2.850,254.216,0
57275,1.200,8.568,50.758,327.094,0.631,-2.650,254.216,0
57276,1.118,8.472,50.725,326.832,0.623,-2.696,254.216,0
57277,1.118,8.472,50.693,326.832,0.630,-2.804,254.216,0
57278,1.118,8.472,50.693,326.569,0.622,-2.897,254.216,0
57279,1.118,8.472,50.660,326.306,0.631,-2.967,254.216,0
57280,1.118,8.472,50.660,326.306,0.632,-3.013,254.216,0
57281,1.118,8.472,50.628,326.044,0.621,-2.932,253.911,0
57282,1.118,8.472,50.595,326.044,0.632,-2.715,253.911,0
57283,1.118,8.472,50.563,326.044,0.626,-2.692,254.216,0
57284,1.118,8.472,50.563,326.044,0.625,-2.796,254.216,0
57285,1.118,8.472,50.530,326.044,0.631,-2.885,254.216,0
57286,1.036,8.137,50.530,325.781,0.623,-2.967,254.216,0
57287,1.036,8.137,50.530,325.519,0.628,-3.009,253.911,0
57288,1.036,8.137,50.530,325.256,0.630,-3.005,254.216,0
57289,1.036,8.137,50.530,325.519,0.620,-2.762,253.911,0
57290,1.036,8.137,50.530,325.256,0.631,-2.650,253.911,0
57291,1.036,8.137,50.530,324.994,0.628,-2.735,253.911,0
57292,1.036,8.137,50.530,324.994,0.625,-2.847,253.911,0
57293,1.036,8.137,50.563,324.731,0.630,-2.932,253.911,0
57294,1.036,8.137,50.563,324.731,0.621,-2.986,253.911,0
57295,1.036,8.137,50.595,324.469,0.628,-3.024,253.911,0
57296,0.947,7.803,50.628,324.469,0.628,-2.905,253.911,0
57297,0.947,7.803,50.628,324.206,0.624,-2.658,254.216,0
57298,0.947,7.803,50.660,323.944,0.630,-2.677,254.216,0
57299,0.947,7.803,50.693,323.944,0.627,-2.789,254.520,0
57300,0.947,7.803,50.725,323.944,0.626,-2.885,254.520,0
57301,0.947,7.803,50.758,323.681,0.632,-2.967,254.216,0
57302,0.947,7.803,50.791,323.419,0.620,-3.020,253.607,0
57303,0.947,7.803,50.823,323.419,0.630,-2.959,253.607,0
57304,0.947,7.803,50.791,323.419,0.629,-2.723,253.911,0
57305,0.947,7.803,50.823,323.419,0.622,-2.692,253.607,0
57306,0.859,7.872,50.823,323.156,0.631,-2.789,253.607,0
57307,0.859,7.872,50.823,322.894,0.628,-2.897,253.607,0
57308,0.859,7.872,50.856,323.156,0.621,-2.967,253.607,0
57309,0.859,7.872,50.856,322.894,0.629,-3.024,253.607,0
57310,0.859,7.872,50.856,322.631,0.627,-2.986,253.607,0
57311,0.859,7.872,50.823,322.894,0.625,-2.727,253.911,0
57312,0.859,7.872,50.823,322.631,0.628,-2.642,253.607,0
57313,0.859,7.872,50.791,322.631,0.621,-2.750,253.607,0
57314,0.859,7.872,50.791,322.631,0.626,-2.854,253.607,0
57315,0.859,7.872,50.758,322.631,0.630,-2.936,253.607,0
57316,1.049,7.938,50.758,322.631,0.620,-2.998,253.911,0
57317,1.049,7.938,50.758,322.106,0.629,-3.016,253.911,0
57318,1.049,7.938,50.725,322.106,0.630,-2.839,253.607,0
57319,1.049,7.938,50.693,322.106,0.620,-2.692,253.607,0
57320,1.049,7.938,50.660,322.106,0.631,-2.731,253.607,0
57321,1.049,7.938,50.628,322.106,0.628,-2.835,253.607,0
57322,1.049,7.938,50.595,322.106,0.622,-2.924,253.607,0
57323,1.049,7.938,50.595,322.106,0.628,-2.994,253.607,0
57324,1.049,7.938,50.595,322.106,0.626,-3.009,253.607,0
57325,1.049,7.938,50.563,322.106,0.624,-2.874,253.607,0
57326,1.240,8.085,50.530,322.106,0.630,-2.731,253.607,0
57327,1.240,8.085,50.530,321.844,0.624,-2.781,253.607,0
57328,1.240,8.085,50.498,321.844,0.626,-2.881,253.607,0
57329,1.240,8.085,50.498,322.106,0.629,-2.951,253.607,0
57330,1.240,8.085,50.498,322.106,0.623,-3.009,253.607,0
57331,1.240,8.085,50.530,321.844,0.628,-2.990,253.607,0
57332,1.240,8.085,50.498,322.106,0.630,-2.796,253.607,0
57333,1.240,8.085,50.530,322.106,0.621,-2.696,253.607,0
57334,1.240,8.085,50.530,322.106,0.629,-2.785,253.607,0
57335,1.240,8.085,50.563,322.369,0.630,-2.877,253.302,0
57336,1.290,8.235,50.595,322.369,0.620,-2.951,253.607,0
57337,1.290,8.235,50.595,322.369,0.631,-3.009,253.607,0
57338,1.290,8.235,50.660,321.844,0.628,-2.998,253.607,0
57339,1.290,8.235,50.660,322.106,0.623,-2.816,253.607,0
57340,1.290,8.235,50.693,322.106,0.629,-2.700,253.607,0
57341,1.290,8.235,50.725,322.106,0.629,-2.781,253.911,0
57342,1.290,8.235,50.758,322.106,0.625,-2.870,253.911,0
57343,1.290,8.235,50.758,322.106,0.631,-2.947,253.911,0
57344,1.290,8.235,50.791,322.369,0.624,-3.009,253.911,0
57345,1.290,8.235,50.823,322.106,0.624,-2.998,253.911,0
57346,1.340,8.469,50.823,322.369,0.632,-2.819,253.911,0
57347,1.340,8.469,50.823,322.369,0.623,-2.704,253.607,0
57348,1.340,8.469,50.856,322.106,0.628,-2.773,253.607,0
57349,1.340,8.469,50.856,322.369,0.626,-2.870,253.607,0
57350,1.340,8.469,50.856,322.631,0.624,-2.943,253.911,0
57351,1.340,8.469,50.856,322.631,0.629,-3.009,253.911,0
57352,1.340,8.469,50.856,322.106,0.629,-2.994,253.911,0
57353,1.340,8.469,50.823,322.369,0.620,-2.762,253.911,0
57354,1.340,8.469,50.823,322.631,0.628,-2.669,253.911,0
57355,1.340,8.469,50.791,322.631,0.632,-2.762,253.911,0
57356,1.150,8.706,50.791,322.631,0.621,-2.866,253.911,0
57357,1.150,8.706,50.758,322.894,0.629,-2.955,253.911,0
57358,1.150,8.706,50.758,322.894,0.631,-3.009,253.911,0
57359,1.150,8.706,50.758,322.631,0.629,-3.002,253.911,0
57360,1.150,8.706,50.693,322.631,0.631,-2.823,253.607,0
57361,1.150,8.706,50.660,322.894,0.622,-2.700,253.911,0
57362,1.150,8.706,50.660,322.894,0.629,-2.785,253.911,0
57363,1.150,8.706,50.628,323.156,0.628,-2.877,253.911,0
57364,1.150,8.706,50.595,323.156,0.620,-2.967,253.911,0
57365,1.150,8.706,50.595,323.419,0.630,-3.013,253.607,0
57366,0.961,8.506,50.595,323.156,0.628,-2.971,253.607,0
57367,0.961,8.506,50.530,323.419,0.621,-2.727,253.607,0
57368,0.961,8.506,50.498,323.419,0.628,-2.669,253.607,0
57369,0.961,8.506,50.498,323.681,0.628,-2.773,253.607,0
57370,0.961,8.506,50.498,323.944,0.619,-2.870,253.607,0
57371,0.961,8.506,50.498,323.944,0.628,-2.955,253.607,0
57372,0.961,8.506,50.498,323.944,0.629,-3.009,253.302,0
57373,0.961,8.506,50.530,323.681,0.620,-2.994,253.302,0
57374,0.961,8.506,50.498,323.944,0.628,-2.773,253.607,0
57375,0.961,8.506,50.530,324.206,0.628,-2.685,253.607,0
57376,1.101,8.303,50.530,324.206,0.619,-2.773,253.607,0
57377,1.101,8.303,50.563,324.469,0.632,-2.870,253.607,0
57378,1.101,8.303,50.595,324.469,0.629,-2.947,253.607,0
57379,1.101,8.303,50.628,324.469,0.621,-3.009,253.911,0
57380,1.101,8.303,50.660,324.206,0.631,-3.005,253.911,0
57381,1.101,8.303,50.660,324.469,0.632,-2.785,253.911,0
57382,1.101,8.303,50.725,324.731,0.623,-2.677,253.911,0
57383,1.101,8.303,50.725,324.731,0.630,-2.754,253.911,0
57384,1.101,8.303,50.758,324.994,0.628,-2.850,253.911,0
57385,1.101,8.303,50.758,324.994,0.621,-2.939,253.911,0
57386,1.241,8.328,50.791,324.994,0.629,-2.986,253.911,0
57387,1.241,8.328,50.823,324.994,0.626,-3.020,253.911,0
57388,1.241,8.328,50.856,324.994,0.624,-2.874,253.607,0
57389,1.241,8.328,50.823,325.256,0.631,-2.669,253.607,0
57390,1.241,8.328,50.856,325.519,0.624,-2.689,253.911,0
57391,1.241,8.328,50.856,325.519,0.624,-2.792,253.911,0
57392,1.241,8.328,50.856,325.781,0.629,-2.881,253.911,0
57393,1.241,8.328,50.823,325.781,0.623,-2.951,253.911,0
57394,1.241,8.328,50.823,325.781,0.628,-3.002,253.911,0
57395,1.241,8.328,50.856,325.519,0.629,-3.009,253.607,0
57396,1.214,8.354,50.791,325.781,0.621,-2.823,253.911,0
57397,1.214,8.354,50.791,326.044,0.630,-2.662,253.911,0
57398,1.214,8.354,50.758,326.306,0.631,-2.712,254.520,0
57399,1.214,8.354,50.758,326.044,0.623,-2.812,254.520,0
57400,1.214,8.354,50.725,326.044,0.632,-2.901,254.520,0
57401,1.214,8.354,50.725,326.306,0.629,-2.959,254.520,0
57402,1.214,8.354,50.693,326.306,0.623,-3.013,254.520,0
57403,1.214,8.354,50.693,326.044,0.629,-2.982,254.520,0
57404,1.214,8.354,50.660,326.569,0.624,-2.765,254.520,0
57405,1.214,8.354,50.628,326.569,0.629,-2.689,254.520,0
57406,1.185,8.875,50.595,326.569,0.631,-2.781,254.520,0
57407,1.185,8.875,50.595,326.569,0.623,-2.877,254.216,0
57408,1.185,8.875,50.563,326.569,0.631,-2.943,254.216,0
57409,1.185,8.875,50.563,326.569,0.631,-3.020,254.216,0
57410,1.185,8.875,50.563,326.306,0.623,-2.974,254.216,0
57411,1.185,8.875,50.530,326.832,0.631,-2.762,254.520,0
57412,1.185,8.875,50.530,326.832,0.628,-2.692,254.520,0
57413,1.185,8.875,50.498,326.569,0.627,-2.789,254.216,0
57414,1.185,8.875,50.530,326.569,0.631,-2.877,254.216,0
57415,1.185,8.875,50.530,326.569,0.624,-2.963,254.216,0
57416,1.386,9.396,50.530,326.569,0.629,-3.013,254.216,0
57417,1.386,9.396,50.563,326.569,0.631,-2.974,254.216,0
57418,1.386,9.396,50.563,326.569,0.621,-2.742,254.216,0
57419,1.386,9.396,50.563,326.569,0.632,-2.677,254.520,0
57420,1.386,9.396,50.595,326.569,0.631,-2.777,254.520,0
57421,1.386,9.396,50.628,326.569,0.624,-2.877,254.520,0
57422,1.386,9.396,50.660,326.569,0.632,-2.955,254.520,0
57423,1.386,9.396,50.693,326.306,0.626,-3.013,254.520,0
57424,1.386,9.396,50.725,326.044,0.627,-3.009,254.520,0
57425,1.386,9.396,50.725,326.569,0.632,-2.789,254.520,0
57426,1.587,10.510,50.758,326.569,0.623,-2.642,254.520,0
57427,1.587,10.510,50.758,326.569,0.631,-2.723,254.520,0
57428,1.587,10.510,50.791,326.306,0.629,-2.831,254.520,0
57429,1.587,10.510,50.823,326.306,0.623,-2.912,254.520,0
57430,1.587,10.510,50.823,326.306,0.631,-2.982,254.520,0
57431,1.587,10.510,50.856,326.306,0.627,-3.016,254.520,0
57432,1.587,10.510,50.856,326.044,0.629,-2.893,254.520,0
57433,1.587,10.510,50.823,326.044,0.632,-2.692,254.520,0
57434,1.587,10.510,50.823,326.044,0.621,-2.708,254.520,0
57435,1.587,10.510,50.823,325.781,0.631,-2.816,254.520,0
57436,1.387,11.629,50.823,326.044,0.629,-2.893,254.520,0
57437,1.387,11.629,50.823,325.781,0.625,-2.967,254.520,0
57438,1.387,11.629,50.791,325.781,0.632,-3.016,254.520,0
57439,1.387,11.629,50.791,325.256,0.623,-2.982,254.520,0
57440,1.387,11.629,50.758,325.256,0.631,-2.769,254.520,0
57441,1.387,11.629,50.725,325.256,0.633,-2.700,254.520,0
57442,1.387,11.629,50.725,325.256,0.624,-2.785,254.520,0
57443,1.387,11.629,50.693,324.994,0.629,-2.874,254.520,0
57444,1.387,11.629,50.693,324.994,0.628,-2.943,254.520,0
57445,1.387,11.629,50.660,324.994,0.628,-3.002,254.520,0
57446,1.188,10.085,50.660,324.994,0.631,-3.009,254.520,0
57447,1.188,10.085,50.628,324.994,0.619,-2.819,254.216,0
57448,1.188,10.085,50.595,324.731,0.631,-2.685,254.216,0
57449,1.188,10.085,50.563,324.469,0.632,-2.742,254.216,0
57450,1.188,10.085,50.563,324.469,0.621,-2.831,254.520,0
57451,1.188,10.085,50.530,324.469,0.631,-2.916,254.216,0
57452,1.188,10.085,50.530,324.469,0.629,-2.978,254.520,0
57453,1.188,10.085,50.530,324.206,0.626,-3.013,254.216,0
57454,1.188,10.085,50.530,323.681,0.631,-2.955,253.911,0
57455,1.188,10.085,50.498,323.944,0.624,-2.758,253.607,0
57456,1.123,8.540,50.498,323.944,0.628,-2.669,253.607,0
57457,1.123,8.540,50.530,323.681,0.632,-2.762,253.607,0
57458,1.123,8.540,50.530,323.681,0.621,-2.854,253.607,0
57459,1.123,8.540,50.563,323.419,0.629,-2.939,253.607,0
57460,1.123,8.540,50.563,323.156,0.631,-2.990,253.607,0
57461,1.123,8.540,50.628,322.631,0.620,-3.016,253.911,0
57462,1.123,8.540,50.628,322.894,0.631,-2.866,253.911,0
57463,1.123,8.540,50.660,322.894,0.630,-2.677,253.607,0
57464,1.123,8.540,50.693,322.631,0.622,-2.715,253.911,0
57465,1.123,8.540,50.693,322.631,0.630,-2.812,253.911,0
57466,1.056,8.490,50.725,322.631,0.630,-2.905,253.911,0
57467,1.056,8.490,50.758,322.631,0.624,-2.971,253.911,0
57468,1.056,8.490,50.791,322.369,0.633,-3.009,253.607,0
57469,1.056,8.490,50.823,322.106,0.627,-2.971,253.607,0
57470,1.056,8.490,50.823,322.106,0.628,-2.750,253.607,0
57471,1.056,8.490,50.823,322.106,0.632,-2.704,253.607,0
57472,1.056,8.490,50.856,322.106,0.623,-2.800,253.607,0
57473,1.056,8.490,50.856,322.106,0.632,-2.893,253.607,0
57474,1.056,8.490,50.856,321.844,0.634,-2.971,253.607,0
57475,1.056,8.490,50.856,321.581,0.623,-3.013,253.302,0
57476,0.941,8.441,50.856,321.581,0.636,-2.974,253.302,0
57477,0.941,8.441,50.823,321.844,0.635,-2.742,253.302,0
57478,0.941,8.441,50.823,321.844,0.629,-2.681,253.302,0
57479,0.941,8.441,50.823,321.844,0.635,-2.777,253.302,0
57480,0.941,8.441,50.791,321.844,0.633,-2.881,253.302,0
57481,0.941,8.441,50.791,321.581,0.627,-2.959,252.998,0
57482,0.941,8.441,50.758,321.844,0.636,-3.009,252.998,0
57483,0.941,8.441,50.758,321.581,0.628,-3.002,252.998,0
57484,0.941,8.441,50.725,321.844,0.636,-2.781,252.998,0
57485,0.941,8.441,50.693,321.844,0.633,-2.662,252.693,0
57486,0.826,8.222,50.660,322.106,0.632,-2.738,252.084,0
57487,0.826,8.222,50.628,322.106,0.634,-2.839,251.780,0
57488,0.826,8.222,50.628,322.106,0.621,-2.924,251.475,0
57489,0.826,8.222,50.595,322.106,0.632,-2.986,251.475,0
57490,0.826,8.222,50.595,321.844,0.631,-3.016,251.171,0
57491,0.826,8.222,50.563,322.106,0.623,-2.912,250.867,0
57492,0.826,8.222,50.563,322.369,0.633,-2.696,250.867,0
57493,0.826,8.222,50.530,322.369,0.631,-2.719,251.171,0
57494,0.826,8.222,50.498,322.106,0.625,-2.831,250.867,0
57495,0.826,8.222,50.498,322.106,0.627,-2.912,250.867,0
57496,0.856,8.000,50.498,322.369,0.633,-2.978,250.867,0
57497,0.856,8.000,50.530,322.369,0.627,-3.016,250.867,0
57498,0.856,8.000,50.530,322.106,0.630,-2.971,250.562,0
57499,0.856,8.000,50.530,322.369,0.629,-2.742,250.562,0
57500,0.856,8.000,50.530,322.369,0.628,-2.689,250.867,0
57501,0.856,8.000,50.563,322.369,0.629,-2.773,251.171,0
57502,0.856,8.000,50.595,322.369,0.618,-2.874,250.867,0
57503,0.856,8.000,50.595,322.631,0.628,-2.943,250.867,0
57504,0.856,8.000,50.628,322.631,0.626,-2.998,250.562,0
57505,0.856,8.000,50.660,322.369,0.619,-3.009,250.867,0
57506,0.887,8.384,50.660,322.894,0.629,-2.839,251.171,0
57507,0.887,8.384,50.693,322.894,0.623,-2.700,250.867,0
57508,0.887,8.384,50.725,323.156,0.623,-2.750,250.562,0
57509,0.887,8.384,50.758,323.156,0.627,-2.847,250.258,0
57510,0.887,8.384,50.791,323.156,0.617,-2.916,249.953,0
57511,0.887,8.384,50.791,323.156,0.621,-2.974,249.649,0
57512,0.887,8.384,50.823,323.156,0.621,-3.016,249.649,0
57513,0.887,8.384,50.856,323.156,0.615,-2.924,249.344,0
57514,0.887,8.384,50.823,323.419,0.624,-2.708,249.344,0
57515,0.887,8.384,50.856,323.156,0.618,-2.708,249.040,0
57516,0.973,8.766,50.823,323.156,0.613,-2.804,248.735,0
57517,0.973,8.766,50.856,323.419,0.620,-2.881,249.040,0
57518,0.973,8.766,50.823,323.419,0.616,-2.967,249.040,0
57519,0.973,8.766,50.823,323.419,0.617,-3.005,248.735,0
57520,0.973,8.766,50.823,323.419,0.621,-2.974,248.431,0
57521,0.973,8.766,50.791,323.419,0.611,-2.781,248.431,0
57522,0.973,8.766,50.791,323.419,0.620,-2.750,248.127,0
57523,0.973,8.766,50.791,323.681,0.619,-2.835,248.127,0
57524,0.973,8.766,50.758,323.681,0.612,-2.920,248.127,0
57525,0.973,8.766,50.758,323.681,0.619,-2.974,247.822,0
57526,1.060,8.843,50.725,323.681,0.615,-3.020,247.518,0
57527,1.060,8.843,50.725,323.944,0.615,-2.920,247.518,0
57528,1.060,8.843,50.693,323.944,0.617,-2.689,246.909,0
57529,1.060,8.843,50.660,323.944,0.606,-2.665,246.604,0
57530,1.060,8.843,50.628,323.944,0.615,-2.765,246.604,0
57531,1.060,8.843,50.595,324.206,0.612,-2.866,246.604,0
57532,1.060,8.843,50.595,324.206,0.607,-2.936,246.604,0
57533,1.060,8.843,50.563,324.469,0.613,-2.998,245.995,0
57534,1.060,8.843,50.563,324.206,0.607,-3.016,245.386,0
57535,1.060,8.843,50.530,324.206,0.611,-2.866,245.691,0
57536,0.989,8.919,50.498,324.469,0.615,-2.673,245.995,0
57537,0.989,8.919,50.498,324.731,0.604,-2.719,245.691,0
57538,0.989,8.919,50.498,324.994,0.613,-2.823,245.386,0
57539,0.989,8.919,50.498,324.994,0.613,-2.916,245.691,0
57540,0.989,8.919,50.498,324.994,0.608,-2.978,245.995,0
57541,0.989,8.919,50.498,324.994,0.616,-3.016,245.995,0
57542,0.989,8.919,50.563,324.994,0.609,-2.959,245.995,0
57543,0.989,8.919,50.530,325.256,0.613,-2.700,245.691,0
57544,0.989,8.919,50.563,325.519,0.615,-2.673,245.691,0
57545,0.989,8.919,50.595,325.519,0.606,-2.765,245.691,0
57546,0.917,8.993,50.595,325.519,0.616,-2.862,245.691,0
57547,0.917,8.993,50.628,325.781,0.608,-2.939,245.082,0
57548,0.917,8.993,50.660,325.781,0.608,-2.994,245.691,0
57549,0.917,8.993,50.725,325.781,0.615,-3.009,245.691,0
57550,0.917,8.993,50.725,325.781,0.604,-2.870,245.691,0
57551,0.917,8.993,50.758,325.781,0.616,-2.689,245.691,0
57552,0.917,8.993,50.758,326.044,0.612,-2.715,245.691,0
57553,0.917,8.993,50.791,326.306,0.607,-2.816,245.386,0
57554,0.917,8.993,50.823,326.306,0.617,-2.897,245.995,0
57555,0.917,8.993,50.823,326.306,0.608,-2.963,246.300,0
57556,0.989,9.065,50.823,326.306,0.617,-3.002,246.300,0
57557,0.989,9.065,50.856,326.306,0.615,-2.998,246.604,0
57558,0.989,9.065,50.856,326.569,0.613,-2.773,246.604,0
57559,0.989,9.065,50.823,326.569,0.619,-2.685,245.995,0
57560,0.989,9.065,50.823,326.832,0.608,-2.758,246.300,0
57561,0.989,9.065,50.823,326.832,0.619,-2.854,246.604,0
57562,0.989,9.065,50.823,326.832,0.611,-2.920,246.300,0
57563,0.989,9.065,50.791,326.832,0.618,-2.982,246.300,0
57564,0.989,9.065,50.791,326.832,0.619,-3.013,245.995,0
57565,0.989,9.065,50.791,326.832,0.611,-2.943,246.300,0
57566,1.060,8.278,50.758,327.094,0.620,-2.727,246.300,0
57567,1.060,8.278,50.725,327.094,0.611,-2.715,246.300,0
57568,1.060,8.278,50.693,327.357,0.620,-2.812,246.300,0
57569,1.060,8.278,50.693,327.357,0.615,-2.893,246.300,0
57570,1.060,8.278,50.660,327.094,0.616,-2.943,246.300,0
57571,1.060,8.278,50.628,327.094,0.621,-2.986,246.300,0
57572,1.060,8.278,50.628,327.094,0.611,-3.020,245.995,0
57573,1.060,8.278,50.628,327.094,0.619,-2.924,246.300,0
57574,1.060,8.278,50.595,327.094,0.613,-2.677,246.300,0
57575,1.060,8.278,50.563,327.094,0.615,-2.681,246.300,0
57576,1.013,7.493,50.563,326.832,0.619,-2.789,245.995,0
57577,1.013,7.493,50.530,326.832,0.611,-2.866,246.300,0
57578,1.013,7.493,50.530,326.832,0.619,-2.947,246.300,0
57579,1.013,7.493,50.530,326.832,0.613,-2.994,245.995,0
57580,1.013,7.493,50.530,326.569,0.616,-3.027,245.691,0
57581,1.013,7.493,50.530,326.569,0.619,-2.874,245.995,0
57582,1.013,7.493,50.530,326.569,0.610,-2.696,245.995,0
57583,1.013,7.493,50.530,326.306,0.622,-2.746,246.300,0
57584,1.013,7.493,50.563,326.569,0.612,-2.835,246.300,0
57585,1.013,7.493,50.563,326.306,0.619,-2.897,246.300,0
57586,0.966,7.507,50.595,326.306,0.620,-2.971,246.300,0
57587,0.966,7.507,50.628,326.306,0.612,-3.016,246.300,0
57588,0.966,7.507,50.660,326.044,0.621,-2.955,245.995,0
57589,0.966,7.507,50.660,326.044,0.610,-2.723,246.300,0
57590,0.966,7.507,50.660,326.044,0.620,-2.704,246.300,0
57591,0.966,7.507,50.693,325.781,0.614,-2.800,245.995,0
57592,0.966,7.507,50.725,325.781,0.613,-2.893,245.995,0
57593,0.966,7.507,50.725,325.781,0.621,-2.967,246.604,0
57594,0.966,7.507,50.791,325.781,0.613,-3.009,246.604,0
57595,0.966,7.507,50.823,325.519,0.619,-2.986,246.300,0
57596,0.795,7.524,50.791,325.519,0.612,-2.762,246.300,0
57597,0.795,7.524,50.823,325.519,0.623,-2.692,246.300,0
57598,0.795,7.524,50.823,325.519,0.617,-2.773,246.604,0
57599,0.795,7.524,50.823,325.519,0.618,-2.874,246.604,0
57600,0.795,7.524,50.823,325.256,0.621,-2.943,246.604,0
57601,0.795,7.524,50.856,325.256,0.612,-2.998,246.300,0
57602,0.795,7.524,50.856,324.731,0.622,-3.013,246.300,0
57603,0.795,7.524,50.856,324.731,0.613,-2.877,246.909,0
57604,0.795,7.524,50.791,324.994,0.623,-2.669,246.909,0
57605,0.795,7.524,50.791,324.731,0.620,-2.708,246.909,0
57606,0.625,7.328,50.791,324.469,0.619,-2.808,246.909,0
57607,0.625,7.328,50.758,324.469,0.625,-2.889,246.909,0
57608,0.625,7.328,50.758,324.469,0.614,-2.951,246.909,0
57609,0.625,7.328,50.725,324.469,0.621,-3.005,246.604,0
57610,0.625,7.328,50.725,323.944,0.615,-2.994,246.909,0
57611,0.625,7.328,50.693,323.944,0.624,-2.831,246.909,0
57612,0.625,7.328,50.660,323.944,0.621,-2.731,246.604,0
57613,0.625,7.328,50.628,323.944,0.617,-2.792,246.300,0
57614,0.625,7.328,50.628,323.681,0.621,-2.874,245.995,0
57615,0.625,7.328,50.595,323.681,0.612,-2.943,245.691,0
57616,0.772,7.128,50.563,323.419,0.620,-2.994,245.691,0
57617,0.772,7.128,50.563,323.156,0.617,-3.024,245.691,0
57618,0.772,7.128,50.563,323.156,0.614,-2.858,245.691,0
57619,0.772,7.128,50.530,323.156,0.623,-2.665,245.691,0
57620,0.772,7.128,50.498,323.156,0.609,-2.704,245.386,0
57621,0.772,7.128,50.498,322.894,0.619,-2.792,245.082,0
57622,0.772,7.128,50.498,322.894,0.617,-2.874,245.386,0
57623,0.772,7.128,50.498,322.631,0.611,-2.939,245.082,0
57624,0.772,7.128,50.530,322.631,0.618,-2.986,244.778,0
57625,0.772,7.128,50.563,322.369,0.608,-3.005,245.082,0
57626,0.922,7.194,50.563,322.106,0.615,-2.905,244.778,0
57627,0.922,7.194,50.563,322.369,0.613,-2.742,245.082,0
57628,0.922,7.194,50.595,322.369,0.615,-2.754,244.778,0
57629,0.922,7.194,50.595,322.369,0.613,-2.835,244.473,0
57630,0.922,7.194,50.628,322.106,0.608,-2.912,244.778,0
57631,0.922,7.194,50.660,321.844,0.614,-2.971,244.473,0
57632,0.922,7.194,50.693,321.844,0.604,-3.013,244.473,0
57633,0.922,7.194,50.725,321.581,0.615,-2.939,244.778,0
57634,0.922,7.194,50.725,321.844,0.611,-2.742,244.473,0
57635,0.922,7.194,50.758,321.844,0.611,-2.712,244.473,0
57636,0.856,7.263,50.791,321.581,0.614,-2.812,244.473,0
57637,0.856,7.263,50.791,321.581,0.614,-2.889,244.473,0
57638,0.856,7.263,50.823,321.581,0.615,-2.951,244.473,0
57639,0.856,7.263,50.823,321.581,0.611,-3.002,244.778,0
57640,0.856,7.263,50.856,321.319,0.612,-3.013,244.473,0
57641,0.856,7.263,50.856,321.319,0.616,-2.850,244.473,0
57642,0.856,7.263,50.823,321.581,0.606,-2.646,244.473,0
57643,0.856,7.263,50.823,321.319,0.614,-2.689,244.473,0
57644,0.856,7.263,50.823,321.319,0.606,-2.796,244.473,0
57645,0.856,7.263,50.823,321.319,0.612,-2.889,244.473,0
57646,0.791,7.131,50.823,321.319,0.612,-2.951,244.169,0
57647,0.791,7.131,50.791,321.319,0.603,-3.005,244.169,0
57648,0.791,7.131,50.791,321.319,0.612,-3.009,244.169,0
57649,0.791,7.131,50.758,321.581,0.603,-2.816,244.473,0
57650,0.791,7.131,50.758,321.844,0.612,-2.635,244.169,0
57651,0.791,7.131,50.725,321.581,0.607,-2.704,243.864,0
57652,0.791,7.131,50.693,321.581,0.607,-2.804,244.169,0
57653,0.791,7.131,50.693,321.844,0.613,-2.893,243.864,0
57654,0.791,7.131,50.660,321.844,0.602,-2.959,243.864,0
57655,0.791,7.131,50.660,321.844,0.613,-3.005,244.169,0
57656,0.762,7.000,50.628,321.844,0.604,-2.967,243.560,0
57657,0.762,7.000,50.595,321.844,0.609,-2.808,243.560,0
57658,0.762,7.000,50.563,322.106,0.612,-2.723,243.864,0
57659,0.762,7.000,50.563,322.106,0.604,-2.800,243.864,0
57660,0.762,7.000,50.563,322.369,0.612,-2.881,244.169,0
57661,0.762,7.000,50.530,322.369,0.604,-2.947,243.864,0
57662,0.762,7.000,50.530,322.369,0.610,-3.013,243.560,0
57663,0.762,7.000,50.563,322.106,0.616,-2.998,243.560,0
57664,0.762,7.000,50.498,322.369,0.605,-2.769,243.560,0
57665,0.762,7.000,50.530,322.369,0.614,-2.658,243.864,0
57666,0.733,6.618,50.530,322.369,0.607,-2.712,244.169,0
57667,0.733,6.618,50.530,322.631,0.609,-2.823,243.864,0
57668,0.733,6.618,50.530,322.631,0.612,-2.897,243.864,0
57669,0.733,6.618,50.563,322.894,0.607,-2.959,243.864,0
57670,0.733,6.618,50.563,322.894,0.615,-2.994,243.864,0
57671,0.733,6.618,50.628,322.631,0.606,-3.024,243.864,0
57672,0.733,6.618,50.628,322.631,0.611,-2.912,243.864,0
57673,0.733,6.618,50.660,322.894,0.613,-2.692,243.864,0
57674,0.733,6.618,50.660,323.156,0.606,-2.712,243.864,0
57675,0.733,6.618,50.693,323.156,0.613,-2.796,243.864,0
57676,0.740,6.237,50.725,323.419,0.608,-2.877,243.864,0
57677,0.740,6.237,50.758,323.156,0.614,-2.939,244.169,0
57678,0.740,6.237,50.758,323.419,0.617,-2.990,244.169,0
57679,0.740,6.237,50.823,323.419,0.605,-3.009,243.864,0
57680,0.740,6.237,50.823,323.419,0.616,-2.924,244.169,0
57681,0.740,6.237,50.823,323.681,0.608,-2.746,244.169,0
57682,0.740,6.237,50.823,323.681,0.612,-2.773,244.169,0
57683,0.740,6.237,50.823,323.681,0.615,-2.850,244.169,0
57684,0.740,6.237,50.823,323.681,0.608,-2.924,244.169,0
57685,0.740,6.237,50.823,323.681,0.615,-2.982,244.169,0
57686,0.748,6.369,50.856,323.681,0.607,-3.016,243.864,0
57687,0.748,6.369,50.823,323.681,0.612,-2.943,243.864,0
57688,0.748,6.369,50.791,323.944,0.615,-2.727,244.169,0
57689,0.748,6.369,50.791,324.206,0.607,-2.731,244.169,0
57690,0.748,6.369,50.791,324.206,0.617,-2.816,244.169,0
57691,0.748,6.369,50.758,324.206,0.605,-2.897,244.169,0
57692,0.748,6.369,50.758,324.206,0.612,-2.963,243.864,0
57693,0.748,6.369,50.725,324.206,0.613,-3.009,243.560,0
57694,0.748,6.369,50.725,324.206,0.607,-2.959,243.560,0
57695,0.748,6.369,50.693,324.469,0.614,-2.769,243.864,0
57696,0.702,6.501,50.660,324.469,0.605,-2.681,243.560,0
57697,0.702,6.501,50.628,324.469,0.614,-2.765,243.560,0
57698,0.702,6.501,50.628,324.731,0.615,-2.862,243.864,0
57699,0.702,6.501,50.595,324.731,0.608,-2.939,243.864,0
57700,0.702,6.501,50.563,324.731,0.615,-2.998,243.864,0
57701,0.702,6.501,50.595,324.731,0.604,-3.013,243.560,0
57702,0.702,6.501,50.563,324.994,0.614,-2.885,243.864,0
57703,0.702,6.501,50.530,324.994,0.612,-2.685,243.560,0
57704,0.702,6.501,50.530,324.994,0.608,-2.723,243.560,0
57705,0.702,6.501,50.530,325.256,0.613,-2.823,243.560,0
57706,0.657,6.332,50.530,325.256,0.605,-2.908,243.560,0
57707,0.657,6.332,50.530,325.519,0.611,-2.967,243.255,0
57708,0.657,6.332,50.530,325.256,0.612,-3.016,243.255,0
57709,0.657,6.332,50.563,325.519,0.605,-2.959,243.255,0
57710,0.657,6.332,50.530,325.781,0.613,-2.727,243.255,0
57711,0.657,6.332,50.563,326.044,0.604,-2.692,243.255,0
57712,0.657,6.332,50.595,326.044,0.609,-2.785,243.255,0
57713,0.657,6.332,50.595,326.044,0.609,-2.870,243.255,0
57714,0.657,6.332,50.628,326.306,0.604,-2.943,243.560,0
57715,0.657,6.332,50.660,326.569,0.615,-3.002,243.864,0
57716,0.672,6.163,50.725,326.306,0.604,-3.016,243.864,0
57717,0.672,6.163,50.725,326.306,0.615,-2.831,244.169,0
57718,0.672,6.163,50.725,326.569,0.607,-2.639,243.864,0
57719,0.672,6.163,50.758,326.569,0.610,-2.708,244.473,0
57720,0.672,6.163,50.758,326.569,0.614,-2.812,244.169,0
57721,0.672,6.163,50.791,326.832,0.606,-2.877,244.169,0
57722,0.672,6.163,50.823,326.832,0.613,-2.951,244.169,0
57723,0.672,6.163,50.823,326.832,0.604,-2.994,244.169,0
57724,0.672,6.163,50.856,326.569,0.615,-3.013,243.864,0
57725,0.672,6.163,50.856,326.832,0.608,-2.858,244.169,0
57726,0.686,6.116,50.823,327.094,0.611,-2.689,244.169,0
57727,0.686,6.116,50.823,327.094,0.612,-2.731,244.169,0
57728,0.686,6.116,50.823,327.094,0.605,-2.823,244.169,0
57729,0.686,6.116,50.823,327.094,0.615,-2.897,244.169,0
57730,0.686,6.116,50.791,327.357,0.604,-2.955,244.169,0
57731,0.686,6.116,50.791,327.357,0.612,-3.005,244.169,0
57732,0.686,6.116,50.791,327.094,0.608,-2.998,243.864,0
57733,0.686,6.116,50.758,327.094,0.612,-2.804,243.864,0
57734,0.686,6.116,50.725,327.357,0.611,-2.719,243.864,0
57735,0.686,6.116,50.693,327.357,0.603,-2.777,243.864,0
57736,0.734,6.069,50.693,327.357,0.612,-2.866,243.560,0
57737,0.734,6.069,50.660,327.357,0.604,-2.932,244.169,0
57738,0.734,6.069,50.628,327.094,0.613,-2.986,243.864,0
57739,0.734,6.069,50.628,327.094,0.607,-3.005,243.864,0
57740,0.734,6.069,50.595,327.094,0.612,-2.912,244.169,0
57741,0.734,6.069,50.563,327.094,0.615,-2.777,244.169,0
57742,0.734,6.069,50.563,327.094,0.605,-2.804,243.864,0
57743,0.734,6.069,50.563,326.832,0.614,-2.881,244.473,0
57744,0.734,6.069,50.530,326.832,0.606,-2.951,244.169,0
57745,0.734,6.069,50.530,326.569,0.614,-3.005,243.864,0
57746,0.785,5.951,50.530,326.306,0.612,-3.009,243.864,0
57747,0.785,5.951,50.530,326.306,0.607,-2.831,243.864,0
57748,0.785,5.951,50.530,326.306,0.616,-2.669,243.864,0
57749,0.785,5.951,50.530,326.306,0.606,-2.742,243.864,0
57750,0.785,5.951,50.530,326.306,0.615,-2.839,243.864,0
57751,0.785,5.951,50.530,326.306,0.608,-2.912,244.169,0
57752,0.785,5.951,50.563,326.044,0.613,-2.974,244.169,0
57753,0.785,5.951,50.595,325.781,0.612,-3.013,244.169,0
57754,0.785,5.951,50.628,325.781,0.607,-2.967,244.169,0
57755,0.785,5.951,50.595,325.781,0.615,-2.738,244.169,0
57756,0.634,5.837,50.660,325.781,0.605,-2.689,244.473,0
57757,0.634,5.837,50.693,325.519,0.616,-2.781,244.169,0
57758,0.634,5.837,50.693,325.519,0.606,-2.877,244.169,0
57759,0.634,5.837,50.725,325.256,0.616,-2.947,244.473,0
57760,0.634,5.837,50.758,325.256,0.611,-3.002,244.169,0
57761,0.634,5.837,50.791,324.994,0.609,-3.016,244.169,0
57762,0.634,5.837,50.791,324.994,0.614,-2.839,244.169,0
57763,0.634,5.837,50.791,324.994,0.605,-2.662,244.473,0
57764,0.634,5.837,50.823,324.994,0.615,-2.727,244.169,0
57765,0.634,5.837,50.823,324.731,0.604,-2.823,244.169,0
57766,0.485,5.781,50.823,324.731,0.614,-2.912,244.473,0
57767,0.485,5.781,50.856,324.469,0.605,-2.974,244.169,0
57768,0.485,5.781,50.856,324.469,0.612,-3.016,244.169,0
57769,0.485,5.781,50.856,324.206,0.604,-2.994,244.473,0
57770,0.485,5.781,50.823,324.469,0.614,-2.754,244.473,0
57771,0.485,5.781,50.791,324.469,0.608,-2.646,244.473,0
57772,0.485,5.781,50.791,324.206,0.618,-2.738,244.473,0
57773,0.485,5.781,50.791,323.944,0.611,-2.835,244.169,0
57774,0.485,5.781,50.758,323.944,0.610,-2.912,244.473,0
57775,0.485,5.781,50.725,323.944,0.615,-2.967,244.473,0
57776,0.422,5.724,50.725,323.681,0.606,-3.002,244.473,0
57777,0.422,5.724,50.725,323.419,0.615,-2.990,243.864,0
57778,0.422,5.724,50.660,323.419,0.607,-2.819,243.864,0
57779,0.422,5.724,50.660,323.419,0.616,-2.742,243.864,0
57780,0.422,5.724,50.628,323.156,0.614,-2.812,244.169,0
57781,0.422,5.724,50.628,323.156,0.609,-2.893,244.169,0
57782,0.422,5.724,50.595,323.156,0.615,-2.963,243.864,0
57783,0.422,5.724,50.595,322.894,0.607,-3.002,244.169,0
57784,0.422,5.724,50.595,322.631,0.616,-2.971,244.169,0
57785,0.422,5.724,50.563,322.369,0.612,-2.819,243.864,0
57786,0.360,5.643,50.530,322.631,0.608,-2.731,243.864,0
57787,0.360,5.643,50.530,322.631,0.613,-2.796,244.169,0
57788,0.360,5.643,50.530,322.369,0.606,-2.881,243.864,0
57789,0.360,5.643,50.530,322.369,0.615,-2.943,243.864,0
57790,0.360,5.643,50.530,322.369,0.611,-3.002,243.864,0
57791,0.360,5.643,50.563,322.106,0.608,-3.005,244.169,0
57792,0.360,5.643,50.563,322.106,0.612,-2.858,243.864,0
57793,0.360,5.643,50.563,322.106,0.605,-2.704,243.864,0
57794,0.360,5.643,50.563,322.106,0.616,-2.765,243.864,0
57795,0.360,5.643,50.595,322.106,0.608,-2.858,243.864,0
57796,0.267,5.563,50.595,322.106,0.607,-2.924,243.864,0
57797,0.267,5.563,50.628,322.106,0.616,-2.974,244.169,0
57798,0.267,5.563,50.660,321.844,0.607,-3.009,244.169,0
57799,0.267,5.563,50.693,321.581,0.615,-2.967,243.864,0
57800,0.267,5.563,50.693,321.844,0.615,-2.738,244.169,0
57801,0.267,5.563,50.725,321.844,0.609,-2.712,244.169,0
57802,0.267,5.563,50.758,321.844,0.616,-2.800,243.864,0
57803,0.267,5.563,50.758,321.844,0.608,-2.885,244.169,0
57804,0.267,5.563,50.791,321.581,0.615,-2.947,244.169,0
57805,0.267,5.563,50.823,321.581,0.613,-3.005,244.473,0
57806,0.174,5.504,50.856,321.319,0.607,-3.005,244.169,0
57807,0.174,5.504,50.823,321.319,0.616,-2.762,244.169,0
57808,0.174,5.504,50.823,321.581,0.608,-2.635,244.169,0
57809,0.174,5.504,50.823,321.319,0.615,-2.704,244.169,0
57810,0.174,5.504,50.823,321.581,0.609,-2.808,244.169,0
57811,0.174,5.504,50.823,321.844,0.609,-2.901,244.473,0
57812,0.174,5.504,50.823,321.581,0.615,-2.971,244.169,0
57813,0.174,5.504,50.791,321.581,0.608,-3.013,244.169,0
57814,0.174,5.504,50.791,321.319,0.615,-2.963,244.169,0
57815,0.174,5.504,50.758,321.581,0.607,-2.731,244.169,0
57816,0.378,5.443,50.758,321.844,0.614,-2.700,243.864,0
57817,0.378,5.443,50.725,321.844,0.613,-2.781,243.864,0
57818,0.378,5.443,50.725,321.844,0.607,-2.874,244.169,0
57819,0.378,5.443,50.693,321.844,0.616,-2.951,244.169,0
57820,0.378,5.443,50.693,321.844,0.608,-3.009,243.864,0
57821,0.378,5.443,50.693,321.844,0.616,-3.002,244.169,0
57822,0.378,5.443,50.628,322.106,0.613,-2.812,243.864,0
57823,0.378,5.443,50.595,322.369,0.608,-2.696,243.864,0
57824,0.378,5.443,50.563,322.369,0.616,-2.762,244.169,0
57825,0.378,5.443,50.563,322.106,0.604,-2.862,244.169,0
57826,0.584,5.424,50.530,322.369,0.615,-2.932,243.864,0
57827,0.584,5.424,50.530,322.369,0.609,-2.986,243.864,0
57828,0.584,5.424,50.530,322.369,0.608,-3.020,243.864,0
57829,0.584,5.424,50.530,322.369,0.616,-2.905,243.864,0
57830,0.584,5.424,50.498,322.631,0.603,-2.692,243.864,0
57831,0.584,5.424,50.530,322.894,0.615,-2.712,243.560,0
57832,0.584,5.424,50.530,322.894,0.609,-2.816,243.864,0
57833,0.584,5.424,50.530,322.894,0.609,-2.885,243.864,0
57834,0.584,5.424,50.530,322.894,0.616,-2.959,244.169,0
57835,0.584,5.424,50.563,322.894,0.607,-3.002,243.864,0
57836,0.564,5.407,50.595,322.894,0.615,-3.005,243.864,0
57837,0.564,5.407,50.595,323.156,0.611,-2.850,244.169,0
57838,0.564,5.407,50.628,323.156,0.613,-2.692,244.169,0
57839,0.564,5.407,50.628,323.156,0.615,-2.750,244.169,0
57840,0.564,5.407,50.693,323.156,0.607,-2.847,244.473,0
57841,0.564,5.407,50.693,323.419,0.615,-2.916,244.169,0
57842,0.564,5.407,50.725,323.419,0.609,-2.974,244.473,0
57843,0.564,5.407,50.758,323.681,0.611,-3.005,244.473,0
57844,0.564,5.407,50.791,323.681,0.615,-2.947,244.169,0
57845,0.564,5.407,50.791,323.681,0.607,-2.754,244.169,0
57846,0.544,5.429,50.791,323.681,0.616,-2.719,244.473,0
57847,0.544,5.429,50.823,323.944,0.607,-2.792,244.169,0
57848,0.544,5.429,50.823,323.944,0.613,-2.874,244.169,0
57849,0.544,5.429,50.823,324.206,0.613,-2.939,244.169,0
57850,0.544,5.429,50.823,324.206,0.605,-2.990,244.169,0
57851,0.544,5.429,50.856,324.206,0.615,-3.016,244.473,0
57852,0.544,5.429,50.856,324.206,0.605,-2.908,244.169,0
57853,0.544,5.429,50.823,324.469,0.613,-2.692,244.169,0
57854,0.544,5.429,50.823,324.469,0.612,-2.708,244.169,0
57855,0.544,5.429,50.791,324.206,0.607,-2.808,243.864,0
57856,0.553,5.450,50.791,324.469,0.613,-2.885,244.169,0
57857,0.553,5.450,50.758,324.731,0.604,-2.955,244.169,0
57858,0.553,5.450,50.758,324.731,0.613,-2.998,244.169,0
57859,0.553,5.450,50.758,324.469,0.607,-3.009,244.473,0
57860,0.553,5.450,50.725,324.731,0.611,-2.874,243.864,0
57861,0.553,5.450,50.693,324.731,0.615,-2.700,244.169,0
57862,0.553,5.450,50.660,324.994,0.607,-2.750,244.169,0
57863,0.553,5.450,50.660,324.994,0.615,-2.843,244.169,0
57864,0.553,5.450,50.628,324.994,0.609,-2.920,244.169,0
57865,0.553,5.450,50.628,324.994,0.615,-2.974,244.169,0
57866,0.561,5.422,50.595,324.994,0.611,-3.013,243.864,0
57867,0.561,5.422,50.595,324.994,0.604,-2.943,243.864,0
57868,0.561,5.422,50.563,325.256,0.612,-2.762,243.864,0
57869,0.561,5.422,50.530,325.256,0.607,-2.769,243.864,0
57870,0.561,5.422,50.530,325.256,0.612,-2.858,243.864,0
57871,0.561,5.422,50.530,325.519,0.613,-2.939,243.864,0
57872,0.561,5.422,50.498,325.781,0.607,-2.998,244.169,0
57873,0.561,5.422,50.530,325.781,0.613,-3.016,244.169,0
57874,0.561,5.422,50.530,325.781,0.607,-2.912,243.864,0
57875,0.561,5.422,50.530,326.044,0.615,-2.677,244.169,0
57876,0.393,5.396,50.563,326.044,0.613,-2.696,244.169,0
57877,0.393,5.396,50.563,326.306,0.610,-2.800,244.473,0
57878,0.393,5.396,50.595,326.306,0.618,-2.885,244.778,0
57879,0.393,5.396,50.595,326.306,0.609,-2.951,244.778,0
57880,0.393,5.396,50.628,326.569,0.614,-3.002,245.082,0
57881,0.393,5.396,50.660,326.306,0.613,-3.009,245.082,0
57882,0.393,5.396,50.693,326.569,0.615,-2.831,245.082,0
57883,0.393,5.396,50.693,326.832,0.617,-2.685,245.082,0
57884,0.393,5.396,50.725,326.832,0.609,-2.738,245.082,0
57885,0.393,5.396,50.758,327.094,0.618,-2.843,245.082,0
57886,0.226,5.434,50.758,326.832,0.608,-2.916,245.082,0
57887,0.226,5.434,50.791,327.094,0.616,-2.974,245.082,0
57888,0.226,5.434,50.823,326.832,0.612,-3.013,245.082,0
57889,0.226,5.434,50.823,326.832,0.612,-2.955,244.778,0
57890,0.226,5.434,50.823,327.094,0.613,-2.738,244.778,0
57891,0.226,5.434,50.823,327.094,0.609,-2.704,245.082,0
57892,0.226,5.434,50.823,327.357,0.616,-2.808,244.778,0
57893,0.226,5.434,50.823,327.357,0.605,-2.881,244.778,0
57894,0.226,5.434,50.823,327.357,0.616,-2.955,244.778,0
57895,0.226,5.434,50.823,327.094,0.609,-2.998,244.778,0
57896,0.550,5.468,50.823,327.094,0.615,-3.002,244.778,0
57897,0.550,5.468,50.791,327.357,0.613,-2.866,244.778,0
57898,0.550,5.468,50.791,327.357,0.608,-2.765,244.473,0
57899,0.550,5.468,50.758,327.357,0.615,-2.812,244.473,0
57900,0.550,5.468,50.725,327.357,0.605,-2.893,244.473,0
57901,0.550,5.468,50.693,327.094,0.615,-2.951,244.778,0
57902,0.550,5.468,50.693,327.357,0.608,-2.998,244.473,0
57903,0.550,5.468,50.693,327.094,0.613,-3.009,244.473,0
57904,0.550,5.468,50.660,327.094,0.604,-2.866,244.473,0
57905,0.550,5.468,50.628,327.094,0.607,-2.700,244.473,0
57906,0.876,5.476,50.595,327.094,0.615,-2.750,244.473,0
57907,0.876,5.476,50.595,326.832,0.605,-2.839,243.864,0
57908,0.876,5.476,50.563,326.832,0.614,-2.924,244.169,0
57909,0.876,5.476,50.563,326.832,0.606,-2.971,244.169,0
57910,0.876,5.476,50.530,326.569,0.612,-3.009,244.169,0
57911,0.876,5.476,50.563,326.306,0.604,-3.009,244.169,0
57912,0.876,5.476,50.530,326.569,0.616,-2.835,244.169,0
57913,0.876,5.476,50.530,326.569,0.606,-2.685,244.473,0
57914,0.876,5.476,50.530,326.569,0.615,-2.746,244.169,0
57915,0.876,5.476,50.530,326.306,0.610,-2.835,244.169,0
57916,0.792,5.488,50.563,326.044,0.611,-2.920,244.473,0
57917,0.792,5.488,50.563,326.044,0.615,-2.978,244.473,0
57918,0.792,5.488,50.595,326.044,0.608,-3.016,244.473,0
57919,0.792,5.488,50.628,325.781,0.616,-2.971,244.473,0
57920,0.792,5.488,50.628,325.781,0.607,-2.738,244.473,0
57921,0.792,5.488,50.660,325.519,0.615,-2.681,244.778,0
57922,0.792,5.488,50.660,325.519,0.607,-2.777,244.473,0
57923,0.792,5.488,50.693,325.519,0.616,-2.866,244.778,0
57924,0.792,5.488,50.725,325.256,0.613,-2.947,244.778,0
57925,0.792,5.488,50.758,325.256,0.612,-2.994,244.778,0
57926,0.707,5.403,50.791,324.994,0.616,-3.016,244.778,0
57927,0.707,5.403,50.791,324.731,0.606,-2.901,244.778,0
57928,0.707,5.403,50.791,324.731,0.618,-2.681,244.778,0
57929,0.707,5.403,50.823,324.469,0.607,-2.715,244.778,0
57930,0.707,5.403,50.823,324.469,0.617,-2.808,244.778,0
57931,0.707,5.403,50.823,324.469,0.607,-2.901,244.473,0
57932,0.707,5.403,50.823,324.469,0.616,-2.967,244.778,0
57933,0.707,5.403,50.823,324.206,0.612,-3.013,245.082,0
57934,0.707,5.403,50.856,323.944,0.608,-2.986,244.778,0
57935,0.707,5.403,50.823,324.206,0.616,-2.762,244.778,0
57936,0.683,5.318,50.791,323.944,0.609,-2.665,244.778,0
57937,0.683,5.318,50.791,323.944,0.618,-2.750,245.082,0
57938,0.683,5.318,50.758,323.944,0.607,-2.847,245.082,0
57939,0.683,5.318,50.758,323.944,0.615,-2.924,245.082,0
57940,0.683,5.318,50.758,323.681,0.610,-2.982,244.778,0
57941,0.683,5.318,50.725,323.419,0.615,-3.020,244.473,0
57942,0.683,5.318,50.725,323.156,0.615,-2.947,244.473,0
57943,0.683,5.318,50.660,323.419,0.610,-2.715,244.169,0
57944,0.683,5.318,50.660,323.156,0.617,-2.685,244.473,0
57945,0.683,5.318,50.628,323.156,0.608,-2.777,244.169,0
57946,0.658,5.263,50.628,322.894,0.615,-2.866,244.473,0
57947,0.658,5.263,50.595,322.631,0.615,-2.936,244.473,0
57948,0.658,5.263,50.563,322.631,0.610,-2.986,244.169,0
57949,0.658,5.263,50.563,322.369,0.617,-3.013,244.169,0
57950,0.658,5.263,50.563,322.369,0.607,-2.897,244.169,0
57951,0.658,5.263,50.530,322.369,0.616,-2.704,244.169,0
57952,0.658,5.263,50.530,322.369,0.613,-2.704,244.169,0
57953,0.658,5.263,50.498,322.369,0.609,-2.800,244.169,0
57954,0.658,5.263,50.530,322.369,0.616,-2.877,244.169,0
57955,0.658,5.263,50.530,322.106,0.607,-2.939,244.169,0
57956,0.637,5.209,50.530,322.106,0.616,-2.986,244.169,0
57957,0.637,5.209,50.563,321.844,0.612,-3.013,244.473,0
57958,0.637,5.209,50.563,322.106,0.613,-2.916,244.169,0
57959,0.637,5.209,50.595,322.106,0.615,-2.704,244.169,0
57960,0.637,5.209,50.595,322.106,0.605,-2.723,244.169,0
57961,0.637,5.209,50.628,321.844,0.613,-2.804,244.169,0
57962,0.637,5.209,50.660,321.844,0.609,-2.885,244.169,0
57963,0.637,5.209,50.693,321.844,0.614,-2.943,244.473,0
57964,0.637,5.209,50.693,321.844,0.617,-2.994,244.473,0
57965,0.637,5.209,50.758,321.581,0.604,-3.009,243.864,0
57966,0.617,5.328,50.758,321.581,0.617,-2.901,244.473,0
57967,0.617,5.328,50.758,321.581,0.605,-2.735,244.473,0
57968,0.617,5.328,50.791,321.581,0.614,-2.765,243.864,0
57969,0.617,5.328,50.791,321.581,0.613,-2.854,244.169,0
57970,0.617,5.328,50.823,321.581,0.609,-2.928,244.473,0
57971,0.617,5.328,50.823,321.581,0.616,-2.982,244.169,0
57972,0.617,5.328,50.823,321.581,0.605,-3.013,244.473,0
57973,0.617,5.328,50.856,321.581,0.615,-2.916,244.473,0
57974,0.617,5.328,50.823,321.581,0.610,-2.712,244.473,0
57975,0.617,5.328,50.823,321.581,0.613,-2.708,244.473,0
57976,0.642,5.447,50.823,321.581,0.615,-2.796,244.473,0
57977,0.642,5.447,50.791,321.581,0.609,-2.881,244.473,0
57978,0.642,5.447,50.791,321.844,0.616,-2.951,244.473,0
57979,0.642,5.447,50.758,321.844,0.606,-3.002,244.169,0
57980,0.642,5.447,50.791,321.581,0.615,-3.009,244.473,0
57981,0.642,5.447,50.758,321.581,0.612,-2.835,244.169,0
57982,0.642,5.447,50.725,321.581,0.609,-2.654,244.169,0
57983,0.642,5.447,50.693,321.844,0.617,-2.712,244.473,0
57984,0.642,5.447,50.693,321.844,0.608,-2.816,244.778,0
57985,0.642,5.447,50.660,321.844,0.617,-2.897,244.473,0
57986,0.666,5.172,50.628,322.106,0.613,-2.967,244.473,0
57987,0.666,5.172,50.628,321.844,0.611,-3.005,244.473,0
57988,0.666,5.172,50.628,321.844,0.620,-2.994,244.169,0
57989,0.666,5.172,50.563,322.106,0.607,-2.735,244.473,0
57990,0.666,5.172,50.563,322.106,0.617,-2.654,244.169,0
57991,0.666,5.172,50.530,322.106,0.611,-2.735,244.169,0
57992,0.666,5.172,50.530,322.369,0.611,-2.831,244.169,0
57993,0.666,5.172,50.530,322.631,0.615,-2.912,244.169,0
57994,0.666,5.172,50.498,322.631,0.607,-2.974,244.169,0
57995,0.666,5.172,50.530,322.631,0.615,-3.009,244.169,0
57996,0.575,4.900,50.530,322.369,0.610,-2.982,243.864,0
57997,0.575,4.900,50.530,322.894,0.613,-2.742,244.473,0
57998,0.575,4.900,50.530,323.156,0.617,-2.669,244.778,0
57999,0.575,4.900,50.563,323.156,0.607,-2.758,244.473,0
58000,0.575,4.900,50.563,323.156,0.616,-2.850,244.169,0
58001,0.575,4.900,50.595,323.156,0.613,-2.920,244.473,0
58002,0.575,4.900,50.595,323.156,0.609,-2.974,244.473,0
58003,0.575,4.900,50.628,323.156,0.617,-3.009,244.778,0
58004,0.575,4.900,50.693,323.156,0.608,-2.974,244.778,0
58005,0.575,4.900,50.660,323.419,0.619,-2.738,244.473,0
58006,0.483,4.824,50.693,323.419,0.616,-2.669,244.473,0
58007,0.483,4.824,50.725,323.419,0.607,-2.758,244.778,0
58008,0.483,4.824,50.758,323.419,0.619,-2.839,245.082,0
58009,0.483,4.824,50.758,323.681,0.608,-2.908,244.778,0
58010,0.483,4.824,50.791,323.681,0.616,-2.967,244.778,0
58011,0.483,4.824,50.823,323.681,0.616,-3.002,244.778,0
58012,0.483,4.824,50.856,323.681,0.609,-2.990,244.778,0
58013,0.483,4.824,50.823,324.206,0.616,-2.812,244.473,0
58014,0.483,4.824,50.823,324.206,0.609,-2.719,244.778,0
58015,0.483,4.824,50.823,324.469,0.617,-2.792,244.778,0
58016,0.403,4.747,50.823,324.206,0.615,-2.874,244.473,0
58017,0.403,4.747,50.823,324.469,0.609,-2.936,244.778,0
58018,0.403,4.747,50.823,324.469,0.619,-2.990,244.473,0
58019,0.403,4.747,50.823,324.469,0.609,-3.009,244.473,0
58020,0.403,4.747,50.823,324.731,0.615,-2.908,244.778,0
58021,0.403,4.747,50.791,324.731,0.615,-2.712,244.473,0
58022,0.403,4.747,50.758,324.731,0.611,-2.738,244.473,0
58023,0.403,4.747,50.758,324.731,0.615,-2.827,244.473,0
58024,0.403,4.747,50.725,324.994,0.609,-2.905,244.473,0
58025,0.403,4.747,50.693,324.994,0.615,-2.959,244.473,0
58026,0.322,5.137,50.693,324.994,0.615,-3.013,244.169,0
58027,0.322,5.137,50.693,324.731,0.606,-2.990,244.169,0
58028,0.322,5.137,50.628,324.994,0.615,-2.781,244.169,0
58029,0.322,5.137,50.628,324.994,0.606,-2.677,243.864,0
58030,0.322,5.137,50.595,325.256,0.613,-2.765,244.169,0
58031,0.322,5.137,50.563,325.256,0.612,-2.850,244.169,0
58032,0.322,5.137,50.563,325.256,0.604,-2.924,243.864,0
58033,0.322,5.137,50.563,325.519,0.614,-2.982,243.864,0
58034,0.322,5.137,50.530,325.519,0.605,-3.016,243.864,0
58035,0.322,5.137,50.530,325.519,0.613,-2.916,243.560,0
58036,0.509,5.524,50.530,325.519,0.613,-2.735,243.560,0
58037,0.509,5.524,50.530,325.519,0.607,-2.742,243.864,0
58038,0.509,5.524,50.530,325.781,0.613,-2.843,243.864,0
58039,0.509,5.524,50.530,326.044,0.608,-2.905,243.864,0
58040,0.509,5.524,50.530,326.044,0.613,-2.986,243.864,0
58041,0.509,5.524,50.563,326.044,0.607,-3.005,244.169,0
58042,0.509,5.524,50.595,326.044,0.613,-2.951,244.169,0
58043,0.509,5.524,50.595,326.306,0.615,-2.712,244.169,0
58044,0.509,5.524,50.628,326.306,0.609,-2.708,244.778,0
58045,0.509,5.524,50.628,326.569,0.619,-2.792,244.778,0
58046,0.698,5.432,50.660,326.569,0.613,-2.901,244.778,0
58047,0.698,5.432,50.693,326.832,0.608,-2.971,244.778,0
58048,0.698,5.432,50.725,326.569,0.619,-3.009,244.778,0
58049,0.698,5.432,50.758,326.569,0.608,-2.978,244.778,0
58050,0.698,5.432,50.758,326.832,0.617,-2.769,244.778,0
58051,0.698,5.432,50.791,326.832,0.612,-2.723,244.778,0
58052,0.698,5.432,50.823,327.094,0.616,-2.804,244.778,0
58053,0.698,5.432,50.823,327.357,0.609,-2.881,244.778,0
58054,0.698,5.432,50.823,327.357,0.617,-2.955,245.082,0
58055,0.698,5.432,50.823,327.357,0.612,-3.009,245.082,0
58056,0.533,5.346,50.856,327.094,0.613,-3.005,245.082,0
58057,0.533,5.346,50.823,327.357,0.616,-2.773,245.082,0
58058,0.533,5.346,50.823,327.357,0.611,-2.654,245.082,0
58059,0.533,5.346,50.823,327.357,0.617,-2.719,245.082,0
58060,0.533,5.346,50.791,327.357,0.609,-2.819,245.082,0
58061,0.533,5.346,50.791,327.619,0.618,-2.901,245.082,0
58062,0.533,5.346,50.791,327.357,0.610,-2.971,245.082,0
58063,0.533,5.346,50.758,327.357,0.616,-3.002,245.082,0
58064,0.533,5.346,50.758,327.357,0.616,-2.998,245.082,0
58065,0.533,5.346,50.725,327.357,0.609,-2.862,245.082,0
58066,0.369,5.310,50.693,327.357,0.619,-2.773,245.082,0
58067,0.369,5.310,50.660,327.357,0.608,-2.835,245.082,0
58068,0.369,5.310,50.660,327.357,0.617,-2.897,245.082,0
58069,0.369,5.310,50.628,327.094,0.612,-2.974,245.082,0
58070,0.369,5.310,50.628,327.357,0.614,-3.005,245.082,0
58071,0.369,5.310,50.628,327.094,0.617,-2.998,244.778,0
58072,0.369,5.310,50.595,327.094,0.609,-2.823,245.082,0
58073,0.369,5.310,50.563,327.094,0.617,-2.689,244.778,0
58074,0.369,5.310,50.563,327.094,0.609,-2.765,245.082,0
58075,0.369,5.310,50.530,327.094,0.619,-2.847,244.778,0
58076,0.381,5.274,50.530,327.094,0.615,-2.920,245.082,0
58077,0.381,5.274,50.530,326.832,0.614,-2.974,245.082,0
58078,0.381,5.274,50.563,326.832,0.622,-3.009,245.082,0
58079,0.381,5.274,50.563,326.569,0.611,-2.986,245.082,0
58080,0.381,5.274,50.563,326.569,0.619,-2.800,245.082,0
58081,0.381,5.274,50.563,326.569,0.609,-2.738,245.386,0
58082,0.381,5.274,50.563,326.306,0.620,-2.816,245.082,0
58083,0.381,5.274,50.595,326.306,0.615,-2.901,245.386,0
58084,0.381,5.274,50.628,326.044,0.614,-2.959,245.082,0
58085,0.381,5.274,50.628,326.044,0.618,-3.005,245.386,0
58086,0.393,4.931,50.693,325.781,0.609,-3.005,245.082,0
58087,0.393,4.931,50.693,325.781,0.619,-2.758,245.386,0
58088,0.393,4.931,50.693,325.781,0.611,-2.650,245.386,0
58089,0.393,4.931,50.725,325.519,0.619,-2.719,245.386,0
58090,0.393,4.931,50.758,325.256,0.614,-2.819,245.386,0
58091,0.393,4.931,50.758,325.256,0.616,-2.901,245.082,0
58092,0.393,4.931,50.791,325.256,0.619,-2.967,245.082,0
58093,0.393,4.931,50.791,324.994,0.612,-3.009,245.082,0
58094,0.393,4.931,50.823,324.731,0.620,-2.990,245.386,0
58095,0.393,4.931,50.823,324.994,0.610,-2.789,245.386,0
58096,0.392,4.588,50.823,324.731,0.619,-2.719,245.386,0
58097,0.392,4.588,50.823,324.731,0.613,-2.800,245.386,0
58098,0.392,4.588,50.823,324.469,0.618,-2.889,245.386,0
58099,0.392,4.588,50.791,324.469,0.615,-2.955,245.082,0
58100,0.392,4.588,50.823,324.469,0.613,-3.009,245.082,0
58101,0.392,4.588,50.823,323.944,0.617,-2.990,245.386,0
58102,0.392,4.588,50.791,324.206,0.609,-2.781,245.386,0
58103,0.392,4.588,50.758,323.944,0.619,-2.708,245.386,0
58104,0.392,4.588,50.725,323.944,0.609,-2.792,245.082,0
58105,0.392,4.588,50.725,323.944,0.619,-2.877,245.082,0
58106,0.392,4.872,50.693,323.944,0.612,-2.951,245.082,0
58107,0.392,4.872,50.693,323.681,0.611,-3.005,244.778,0
58108,0.392,4.872,50.693,323.419,0.616,-2.998,244.169,0
58109,0.392,4.872,50.628,323.156,0.607,-2.816,244.169,0
58110,0.392,4.872,50.595,323.156,0.616,-2.719,244.473,0
58111,0.392,4.872,50.595,323.156,0.611,-2.792,244.473,0
58112,0.392,4.872,50.563,322.894,0.615,-2.881,244.169,0
58113,0.392,4.872,50.563,322.894,0.613,-2.943,244.169,0
58114,0.392,4.872,50.563,322.894,0.608,-3.002,244.169,0
58115,0.392,4.872,50.563,322.631,0.615,-3.005,244.169,0
58116,0.559,5.154,50.530,322.631,0.607,-2.843,244.169,0
58117,0.559,5.154,50.530,322.369,0.616,-2.685,244.473,0
58118,0.559,5.154,50.530,322.369,0.617,-2.746,244.473,0
58119,0.559,5.154,50.530,322.369,0.608,-2.843,244.778,0
58120,0.559,5.154,50.530,322.369,0.617,-2.912,244.473,0
58121,0.559,5.154,50.530,322.369,0.609,-2.967,244.169,0
58122,0.559,5.154,50.563,322.106,0.616,-3.005,244.473,0
58123,0.559,5.154,50.595,321.844,0.615,-2.986,244.473,0
58124,0.559,5.154,50.595,322.106,0.610,-2.785,244.473,0
58125,0.559,5.154,50.628,322.106,0.617,-2.731,244.473,0
58126,0.725,5.246,50.660,322.106,0.608,-2.804,244.473,0
58127,0.725,5.246,50.660,322.106,0.616,-2.877,244.473,0
58128,0.725,5.246,50.693,322.106,0.613,-2.947,244.473,0
58129,0.725,5.246,50.725,321.844,0.612,-2.994,244.473,0
58130,0.725,5.246,50.758,321.581,0.617,-3.005,244.473,0
58131,0.725,5.246,50.758,321.581,0.606,-2.897,244.169,0
58132,0.725,5.246,50.791,321.844,0.617,-2.727,244.473,0
58133,0.725,5.246,50.791,321.844,0.613,-2.769,244.473,0
58134,0.725,5.246,50.791,321.844,0.613,-2.854,244.473,0
58135,0.725,5.246,50.823,321.844,0.615,-2.928,244.169,0
58136,0.619,5.340,50.823,321.844,0.606,-2.978,244.473,0
58137,0.619,5.340,50.856,321.581,0.616,-3.013,244.473,0
58138,0.619,5.340,50.856,321.581,0.609,-2.939,244.169,0
58139,0.619,5.340,50.823,321.581,0.612,-2.719,244.473,0
58140,0.619,5.340,50.823,321.581,0.614,-2.723,244.473,0
58141,0.619,5.340,50.823,321.844,0.604,-2.816,244.169,0
58142,0.619,5.340,50.791,321.844,0.613,-2.901,244.169,0
58143,0.619,5.340,50.791,321.844,0.605,-2.963,244.169,0
58144,0.619,5.340,50.758,321.581,0.612,-3.005,243.864,0
58145,0.619,5.340,50.758,321.581,0.610,-2.998,244.169,0
58146,0.512,5.326,50.725,321.844,0.607,-2.785,244.169,0
58147,0.512,5.326,50.693,321.844,0.613,-2.665,243.864,0
58148,0.512,5.326,50.693,321.844,0.605,-2.742,243.864,0
58149,0.512,5.326,50.628,321.844,0.613,-2.839,243.864,0
58150,0.512,5.326,50.628,321.844,0.610,-2.916,243.864,0
58151,0.512,5.326,50.595,321.844,0.606,-2.974,243.560,0
58152,0.512,5.326,50.595,321.844,0.613,-3.013,243.560,0
58153,0.512,5.326,50.595,321.844,0.603,-2.963,244.169,0
58154,0.512,5.326,50.563,322.106,0.613,-2.727,243.560,0
58155,0.512,5.326,50.530,322.106,0.608,-2.685,243.255,0
58156,0.591,5.312,50.530,322.369,0.607,-2.781,243.560,0
58157,0.591,5.312,50.530,322.369,0.613,-2.874,243.560,0
58158,0.591,5.312,50.530,322.369,0.605,-2.951,243.864,0
58159,0.591,5.312,50.530,322.369,0.614,-3.005,243.864,0
58160,0.591,5.312,50.530,322.369,0.608,-3.009,243.560,0
58161,0.591,5.312,50.563,322.631,0.606,-2.831,243.864,0
58162,0.591,5.312,50.563,322.894,0.613,-2.681,243.864,0
58163,0.591,5.312,50.563,322.894,0.604,-2.746,243.864,0
58164,0.591,5.312,50.563,322.894,0.614,-2.839,243.560,0
58165,0.591,5.312,50.595,322.894,0.612,-2.916,243.864,0
58166,0.670,5.196,50.595,323.156,0.604,-2.974,243.864,0
58167,0.670,5.196,50.660,323.156,0.611,-3.009,243.560,0
58168,0.670,5.196,50.693,323.156,0.603,-2.967,243.864,0
58169,0.670,5.196,50.693,323.156,0.611,-2.727,243.864,0
58170,0.670,5.196,50.725,323.156,0.610,-2.685,243.864,0
58171,0.670,5.196,50.758,323.156,0.608,-2.769,243.864,0
58172,0.670,5.196,50.758,323.419,0.613,-2.866,244.169,0
58173,0.670,5.196,50.791,323.419,0.605,-2.928,244.169,0
58174,0.670,5.196,50.791,323.419,0.613,-2.986,243.864,0
58175,0.670,5.196,50.823,323.681,0.609,-3.009,243.864,0
58176,0.550,5.082,50.823,323.681,0.608,-2.905,243.864,0
58177,0.550,5.082,50.823,323.944,0.615,-2.712,243.864,0
58178,0.550,5.082,50.823,323.944,0.605,-2.712,243.864,0
58179,0.550,5.082,50.823,323.944,0.613,-2.800,243.864,0
58180,0.550,5.082,50.823,323.944,0.606,-2.874,244.169,0
58181,0.550,5.082,50.823,324.206,0.615,-2.943,244.169,0
58182,0.550,5.082,50.791,324.469,0.608,-2.986,244.169,0
58183,0.550,5.082,50.823,324.206,0.615,-3.009,244.169,0
58184,0.550,5.082,50.791,324.206,0.614,-2.943,244.169,0
58185,0.550,5.082,50.758,324.469,0.607,-2.738,244.169,0
58186,0.428,5.197,50.725,324.731,0.616,-2.746,244.169,0
58187,0.428,5.197,50.725,324.731,0.605,-2.839,244.169,0
58188,0.428,5.197,50.693,324.731,0.607,-2.912,244.169,0
58189,0.428,5.197,50.693,324.994,0.613,-2.967,244.169,0
58190,0.428,5.197,50.660,324.731,0.607,-3.009,244.169,0
58191,0.428,5.197,50.693,324.469,0.613,-2.986,244.169,0
58192,0.428,5.197,50.628,324.994,0.604,-2.804,243.864,0
58193,0.428,5.197,50.595,324.994,0.614,-2.677,244.169,0
58194,0.428,5.197,50.595,324.994,0.614,-2.750,243.864,0
58195,0.428,5.197,50.563,325.256,0.608,-2.839,243.864,0
58196,0.476,5.312,50.563,325.256,0.615,-2.912,244.169,0
58197,0.476,5.312,50.530,325.256,0.608,-2.974,244.169,0
58198,0.476,5.312,50.563,325.256,0.615,-3.016,244.169,0
58199,0.476,5.312,50.563,325.256,0.612,-2.943,244.169,0
58200,0.476,5.312,50.530,325.519,0.609,-2.735,244.169,0
58201,0.476,5.312,50.530,325.519,0.616,-2.669,244.169,0
58202,0.476,5.312,50.530,325.781,0.609,-2.758,244.169,0
58203,0.476,5.312,50.563,325.781,0.617,-2.854,244.473,0
58204,0.476,5.312,50.563,325.781,0.614,-2.924,244.169,0
58205,0.476,5.312,50.595,325.781,0.609,-2.986,244.169,0
58206,0.523,5.257,50.628,325.781,0.615,-3.020,244.169,0
58207,0.523,5.257,50.628,326.044,0.607,-2.932,244.169,0
58208,0.523,5.257,50.628,326.044,0.614,-2.712,244.169,0
58209,0.523,5.257,50.660,326.306,0.612,-2.712,244.473,0
58210,0.523,5.257,50.693,326.306,0.607,-2.808,245.082,0
58211,0.523,5.257,50.693,326.306,0.616,-2.897,245.082,0
58212,0.523,5.257,50.725,326.306,0.607,-2.959,245.082,0
58213,0.523,5.257,50.758,326.569,0.617,-3.013,244.778,0
58214,0.523,5.257,50.791,326.306,0.610,-2.978,245.082,0
58215,0.523,5.257,50.758,326.832,0.617,-2.769,245.082,0
58216,0.468,5.203,50.791,326.832,0.615,-2.715,245.386,0
58217,0.468,5.203,50.791,327.094,0.609,-2.804,244.778,0
58218,0.468,5.203,50.791,327.094,0.619,-2.889,245.082,0
58219,0.468,5.203,50.823,327.094,0.609,-2.963,245.082,0
58220,0.468,5.203,50.791,327.094,0.618,-3.005,245.082,0
58221,0.468,5.203,50.823,327.094,0.610,-2.959,245.082,0
58222,0.468,5.203,50.791,327.357,0.616,-2.789,245.082,0
58223,0.468,5.203,50.791,327.619,0.618,-2.719,245.082,0
58224,0.468,5.203,50.758,327.357,0.612,-2.804,245.082,0
58225,0.468,5.203,50.758,327.357,0.619,-2.881,245.082,0
58226,0.415,5.435,50.725,327.357,0.609,-2.955,245.082,0
58227,0.415,5.435,50.725,327.357,0.620,-2.998,245.082,0
58228,0.415,5.435,50.725,327.094,0.612,-3.013,245.082,0
58229,0.415,5.435,50.693,327.357,0.616,-2.862,245.386,0
58230,0.415,5.435,50.660,327.357,0.617,-2.685,245.386,0
58231,0.415,5.435,50.660,327.094,0.612,-2.735,245.082,0
58232,0.415,5.435,50.628,327.094,0.619,-2.823,245.082,0
58233,0.415,5.435,50.628,327.357,0.610,-2.901,245.082,0
58234,0.415,5.435,50.595,327.094,0.620,-2.971,245.082,0
58235,0.415,5.435,50.563,327.094,0.613,-3.002,245.082,0
58236,0.348,5.668,50.595,327.094,0.617,-3.005,245.082,0
58237,0.348,5.668,50.563,327.357,0.620,-2.808,245.082,0
58238,0.348,5.668,50.563,327.357,0.612,-2.689,245.082,0
58239,0.348,5.668,50.530,327.094,0.619,-2.750,245.386,0
58240,0.348,5.668,50.530,327.094,0.610,-2.839,245.386,0
58241,0.348,5.668,50.530,327.094,0.618,-2.901,245.691,0
58242,0.348,5.668,50.563,327.357,0.614,-2.967,245.691,0
58243,0.348,5.668,50.563,327.094,0.619,-3.005,245.386,0
58244,0.348,5.668,50.595,326.569,0.618,-2.998,245.691,0
58245,0.348,5.668,50.595,326.569,0.613,-2.928,245.386,0
58246,0.282,5.701,50.595,326.569,0.621,-2.916,245.386,0
58247,0.282,5.701,50.595,326.569,0.609,-2.971,245.386,0
58248,0.282,5.701,50.628,326.306,0.619,-3.009,245.082,0
58249,0.282,5.701,50.660,326.044,0.613,-2.990,245.386,0
58250,0.282,5.701,50.660,326.044,0.617,-2.762,245.386,0
58251,0.282,5.701,50.693,326.044,0.616,-2.662,245.691,0
58252,0.282,5.701,50.725,325.781,0.615,-2.742,245.691,0
58253,0.282,5.701,50.725,325.781,0.621,-2.847,245.691,0
58254,0.282,5.701,50.758,325.519,0.611,-2.916,245.386,0
58255,0.282,5.701,50.758,325.519,0.618,-2.974,245.386,0
58256,0.249,5.735,50.791,325.256,0.609,-3.009,245.386,0
58257,0.249,5.735,50.791,325.256,0.620,-2.939,245.691,0
58258,0.249,5.735,50.823,325.256,0.615,-2.731,245.691,0
58259,0.249,5.735,50.823,324.994,0.616,-2.750,245.691,0
58260,0.249,5.735,50.823,324.994,0.618,-2.835,245.691,0
58261,0.249,5.735,50.823,324.731,0.613,-2.924,245.691,0
58262,0.249,5.735,50.823,324.994,0.621,-2.978,245.691,0
58263,0.249,5.735,50.823,324.731,0.610,-3.020,245.691,0
58264,0.249,5.735,50.823,324.469,0.621,-2.908,245.995,0
58265,0.249,5.735,50.791,324.469,0.614,-2.696,245.386,0
58266,0.215,5.454,50.758,324.206,0.620,-2.708,245.691,0
58267,0.215,5.454,50.758,324.206,0.620,-2.796,245.691,0
58268,0.215,5.454,50.725,324.206,0.612,-2.885,245.691,0
58269,0.215,5.454,50.725,323.944,0.620,-2.951,245.691,0
58270,0.215,5.454,50.693,323.944,0.611,-3.005,245.691,0
58271,0.215,5.454,50.693,323.419,0.619,-3.002,244.778,0
58272,0.215,5.454,50.660,323.681,0.609,-2.827,244.778,0
58273,0.215,5.454,50.628,323.681,0.616,-2.704,244.778,0
58274,0.215,5.454,50.595,323.419,0.616,-2.777,244.778,0
58275,0.215,5.454,50.595,323.419,0.610,-2.874,244.778,0
58276,0.334,5.174,50.563,323.419,0.619,-2.939,244.778,0
58277,0.334,5.174,50.563,323.419,0.611,-2.986,244.778,0
58278,0.334,5.174,50.563,323.156,0.617,-3.020,244.778,0
58279,0.334,5.174,50.563,322.894,0.619,-2.866,245.082,0
58280,0.334,5.174,50.530,322.894,0.612,-2.673,244.778,0
58281,0.334,5.174,50.530,322.631,0.620,-2.708,245.082,0
58282,0.334,5.174,50.530,322.631,0.612,-2.804,245.082,0
58283,0.334,5.174,50.530,322.894,0.619,-2.885,244.778,0
58284,0.334,5.174,50.530,322.631,0.618,-2.951,245.082,0
58285,0.334,5.174,50.563,322.631,0.611,-2.994,244.778,0
58286,0.453,5.297,50.563,322.369,0.621,-3.024,244.778,0
58287,0.453,5.297,50.595,322.369,0.610,-2.901,244.778,0
58288,0.453,5.297,50.595,322.369,0.616,-2.692,244.778,0
58289,0.453,5.297,50.628,322.369,0.615,-2.704,244.778,0
58290,0.453,5.297,50.628,322.369,0.609,-2.800,245.082,0
58291,0.453,5.297,50.660,322.106,0.620,-2.885,245.082,0
58292,0.453,5.297,50.693,322.106,0.609,-2.943,244.778,0
58293,0.453,5.297,50.725,322.106,0.618,-2.994,244.778,0
58294,0.453,5.297,50.758,322.106,0.615,-3.009,245.082,0
58295,0.453,5.297,50.758,322.106,0.612,-2.893,244.778,0
58296,0.445,5.421,50.791,322.106,0.620,-2.742,245.082,0
58297,0.445,5.421,50.791,322.369,0.611,-2.777,245.082,0
58298,0.445,5.421,50.791,322.369,0.618,-2.858,245.082,0
58299,0.445,5.421,50.823,322.106,0.611,-2.924,245.082,0
58300,0.445,5.421,50.823,322.106,0.617,-2.982,244.778,0
58301,0.445,5.421,50.823,322.106,0.619,-3.009,245.082,0
58302,0.445,5.421,50.823,321.844,0.611,-2.932,245.082,0
58303,0.445,5.421,50.823,322.106,0.619,-2.719,245.082,0
58304,0.445,5.421,50.791,322.106,0.611,-2.692,245.082,0
58305,0.445,5.421,50.791,322.106,0.619,-2.777,245.082,0
58306,0.439,5.438,50.791,322.106,0.617,-2.862,245.082,0
58307,0.439,5.438,50.758,322.106,0.609,-2.936,244.778,0
58308,0.439,5.438,50.758,322.369,0.616,-2.990,244.778,0
58309,0.439,5.438,50.758,322.106,0.610,-3.016,245.082,0
58310,0.439,5.438,50.725,322.106,0.617,-2.932,244.778,0
58311,0.439,5.438,50.693,322.106,0.613,-2.700,244.778,0
58312,0.439,5.438,50.693,322.106,0.611,-2.700,244.778,0
58313,0.439,5.438,50.660,322.106,0.617,-2.796,244.778,0
58314,0.439,5.438,50.628,322.106,0.607,-2.874,244.473,0
58315,0.439,5.438,50.628,322.106,0.616,-2.951,244.778,0
58316,0.372,5.454,50.595,322.106,0.612,-3.005,244.473,0
58317,0.372,5.454,50.595,322.369,0.611,-3.002,244.778,0
58318,0.372,5.454,50.563,322.631,0.616,-2.847,245.082,0
58319,0.372,5.454,50.530,322.369,0.609,-2.719,244.778,0
58320,0.372,5.454,50.530,322.369,0.617,-2.785,244.778,0
58321,0.372,5.454,50.530,322.369,0.609,-2.862,244.778,0
58322,0.372,5.454,50.530,322.631,0.620,-2.936,244.778,0
58323,0.372,5.454,50.530,322.631,0.614,-2.994,244.778,0
58324,0.372,5.454,50.563,322.631,0.611,-3.013,244.778,0
58325,0.372,5.454,50.530,322.894,0.619,-2.847,245.082,0
58326,0.304,5.604,50.530,322.894,0.608,-2.689,244.778,0
58327,0.304,5.604,50.530,323.156,0.619,-2.735,245.082,0
58328,0.304,5.604,50.563,323.156,0.616,-2.831,244.778,0
58329,0.304,5.604,50.595,323.156,0.611,-2.924,244.778,0
58330,0.304,5.604,50.628,323.419,0.617,-2.986,244.778,0
58331,0.304,5.604,50.628,323.156,0.617,-3.020,244.778,0
58332,0.304,5.604,50.660,323.156,0.616,-2.928,244.778,0
58333,0.304,5.604,50.693,323.419,0.618,-2.689,245.082,0
58334,0.304,5.604,50.693,323.681,0.609,-2.692,245.082,0
58335,0.304,5.604,50.725,323.681,0.619,-2.796,245.082,0
58336,0.278,5.754,50.758,323.681,0.609,-2.874,245.386,0
58337,0.278,5.754,50.758,323.944,0.618,-2.936,245.386,0
58338,0.278,5.754,50.791,323.944,0.620,-3.002,245.386,0
58339,0.278,5.754,50.823,323.944,0.611,-2.963,245.082,0
58340,0.278,5.754,50.823,324.206,0.619,-2.866,245.386,0
58341,0.278,5.754,50.823,323.944,0.612,-2.785,245.386,0
58342,0.278,5.754,50.823,324.206,0.619,-2.835,244.778,0
58343,0.278,5.754,50.823,324.206,0.617,-2.924,245.082,0
58344,0.278,5.754,50.823,324.469,0.613,-2.971,245.386,0
58345,0.278,5.754,50.823,324.469,0.620,-3.009,245.386,0
58346,0.252,5.819,50.823,324.469,0.612,-2.951,245.386,0
58347,0.252,5.819,50.791,324.469,0.619,-2.765,245.386,0
58348,0.252,5.819,50.791,324.731,0.619,-2.723,245.386,0
58349,0.252,5.819,50.758,324.994,0.611,-2.800,245.386,0
58350,0.252,5.819,50.758,324.994,0.620,-2.881,245.386,0
58351,0.252,5.819,50.758,325.256,0.612,-2.947,245.386,0
58352,0.252,5.819,50.725,324.994,0.620,-2.998,245.386,0
58353,0.252,5.819,50.725,324.994,0.617,-3.005,245.082,0
58354,0.252,5.819,50.660,325.256,0.611,-2.908,245.082,0
58355,0.252,5.819,50.660,325.256,0.619,-2.738,244.778,0
58356,0.387,5.881,50.628,325.256,0.610,-2.773,245.082,0
58357,0.387,5.881,50.595,325.519,0.619,-2.858,245.386,0
58358,0.387,5.881,50.595,325.781,0.619,-2.928,245.082,0
58359,0.387,5.881,50.563,325.781,0.613,-2.982,245.082,0
58360,0.387,5.881,50.563,325.519,0.617,-3.005,245.082,0
58361,0.387,5.881,50.563,325.519,0.612,-2.928,245.386,0
58362,0.387,5.881,50.530,325.781,0.617,-2.742,245.082,0
58363,0.387,5.881,50.530,326.044,0.620,-2.777,245.386,0
58364,0.387,5.881,50.530,326.044,0.609,-2.858,245.082,0
58365,0.387,5.881,50.530,326.044,0.619,-2.936,245.082,0
58366,0.523,5.624,50.530,326.044,0.618,-2.990,245.082,0
58367,0.523,5.624,50.563,325.781,0.612,-3.013,245.082,0
58368,0.523,5.624,50.563,326.044,0.619,-2.897,245.082,0
58369,0.523,5.624,50.595,326.306,0.612,-2.673,245.386,0
58370,0.523,5.624,50.595,326.306,0.619,-2.692,245.386,0
58371,0.523,5.624,50.595,326.569,0.617,-2.792,245.691,0
58372,0.523,5.624,50.628,326.306,0.615,-2.885,245.691,0
58373,0.523,5.624,50.660,326.306,0.619,-2.951,245.386,0
58374,0.523,5.624,50.693,326.569,0.609,-3.002,245.691,0
58375,0.523,5.624,50.725,326.306,0.620,-3.009,245.691,0
58376,0.436,5.368,50.725,326.569,0.614,-2.831,245.691,0
58377,0.436,5.368,50.758,326.569,0.617,-2.689,245.691,0
58378,0.436,5.368,50.758,326.832,0.619,-2.750,245.691,0
58379,0.436,5.368,50.791,327.094,0.612,-2.850,245.691,0
58380,0.436,5.368,50.791,327.094,0.619,-2.924,245.691,0
58381,0.436,5.368,50.823,327.094,0.611,-2.990,245.691,0
58382,0.436,5.368,50.856,326.832,0.620,-3.013,245.386,0
58383,0.436,5.368,50.856,327.094,0.616,-2.877,245.995,0
58384,0.436,5.368,50.856,327.357,0.616,-2.692,245.691,0
58385,0.436,5.368,50.823,327.357,0.621,-2.723,245.386,0
58386,0.348,5.744,50.823,327.357,0.610,-2.823,245.691,0
58387,0.348,5.744,50.823,327.357,0.619,-2.905,245.691,0
58388,0.348,5.744,50.823,327.357,0.610,-2.963,245.386,0
58389,0.348,5.744,50.823,327.357,0.619,-3.005,245.691,0
58390,0.348,5.744,50.823,327.094,0.618,-2.990,245.386,0
58391,0.348,5.744,50.758,327.357,0.611,-2.773,245.386,0
58392,0.348,5.744,50.725,327.357,0.620,-2.696,245.386,0
58393,0.348,5.744,50.725,327.094,0.610,-2.773,245.386,0
58394,0.348,5.744,50.693,327.094,0.616,-2.866,245.386,0
58395,0.348,5.744,50.660,327.094,0.611,-2.932,245.082,0
58396,0.302,6.121,50.660,327.094,0.616,-2.986,245.386,0
58397,0.302,6.121,50.628,326.832,0.619,-3.009,245.386,0
58398,0.302,6.121,50.628,327.094,0.611,-2.920,245.082,0
58399,0.302,6.121,50.595,327.094,0.618,-2.735,245.386,0
58400,0.302,6.121,50.563,327.094,0.609,-2.758,245.082,0
58401,0.302,6.121,50.563,326.832,0.617,-2.835,245.386,0
58402,0.302,6.121,50.530,326.832,0.612,-2.912,245.082,0
58403,0.302,6.121,50.530,326.832,0.616,-2.971,245.386,0
58404,0.302,6.121,50.530,326.832,0.618,-3.009,245.386,0
58405,0.302,6.121,50.530,326.569,0.609,-2.978,245.386,0
58406,0.256,5.897,50.498,326.569,0.620,-2.754,245.082,0
58407,0.256,5.897,50.530,326.569,0.608,-2.700,245.082,0
58408,0.256,5.897,50.530,326.306,0.619,-2.781,245.082,0
58409,0.256,5.897,50.563,326.569,0.611,-2.866,244.778,0
58410,0.256,5.897,50.563,326.306,0.612,-2.924,245.082,0
58411,0.256,5.897,50.595,326.306,0.618,-2.978,245.082,0
58412,0.256,5.897,50.595,326.044,0.609,-3.009,245.082,0
58413,0.256,5.897,50.660,325.519,0.617,-2.947,244.778,0
58414,0.256,5.897,50.628,325.781,0.608,-2.773,245.082,0
58415,0.256,5.897,50.660,325.781,0.617,-2.750,245.082,0
58416,0.424,5.671,50.693,325.519,0.611,-2.839,245.082,0
58417,0.424,5.671,50.725,325.256,0.612,-2.916,245.082,0
58418,0.424,5.671,50.758,325.519,0.616,-2.971,245.082,0
58419,0.424,5.671,50.791,325.256,0.608,-3.009,245.082,0
58420,0.424,5.671,50.791,324.994,0.615,-2.971,245.082,0
58421,0.424,5.671,50.791,324.731,0.607,-2.758,245.082,0
58422,0.424,5.671,50.823,324.731,0.617,-2.712,245.082,0
58423,0.424,5.671,50.823,324.469,0.611,-2.796,245.082,0
58424,0.424,5.671,50.823,324.469,0.613,-2.881,244.778,0
58425,0.424,5.671,50.823,324.469,0.613,-2.947,244.778,0
58426,0.593,5.810,50.823,324.206,0.609,-3.002,244.778,0
58427,0.593,5.810,50.856,323.944,0.614,-3.002,244.778,0
58428,0.593,5.810,50.823,323.944,0.608,-2.858,244.778,0
58429,0.593,5.810,50.823,323.944,0.615,-2.742,244.473,0
58430,0.593,5.810,50.791,323.681,0.605,-2.800,244.473,0
58431,0.593,5.810,50.791,323.681,0.614,-2.885,244.169,0
58432,0.593,5.810,50.758,323.419,0.611,-2.963,243.864,0
58433,0.593,5.810,50.758,323.156,0.607,-3.005,244.169,0
58434,0.593,5.810,50.758,322.894,0.614,-2.990,244.169,0
58435,0.593,5.810,50.725,323.156,0.603,-2.781,243.864,0
58436,0.444,5.951,50.693,323.156,0.611,-2.681,243.864,0
58437,0.444,5.951,50.660,322.894,0.611,-2.765,243.864,0
58438,0.444,5.951,50.628,322.894,0.607,-2.862,243.864,0
58439,0.444,5.951,50.628,322.894,0.614,-2.943,243.864,0
58440,0.444,5.951,50.595,322.894,0.604,-2.998,243.864,0
58441,0.444,5.951,50.595,322.369,0.613,-3.016,243.560,0
58442,0.444,5.951,50.563,322.631,0.611,-2.866,243.864,0
58443,0.444,5.951,50.563,322.631,0.607,-2.677,243.864,0
58444,0.444,5.951,50.530,322.631,0.613,-2.738,243.560,0
58445,0.444,5.951,50.530,322.631,0.604,-2.835,243.560,0
58446,0.295,5.654,50.530,322.369,0.611,-2.912,243.255,0
58447,0.295,5.654,50.530,322.369,0.610,-2.971,243.560,0
58448,0.295,5.654,50.530,322.106,0.603,-3.009,243.560,0
58449,0.295,5.654,50.563,322.106,0.612,-2.947,243.560,0
58450,0.295,5.654,50.530,322.106,0.602,-2.750,242.951,0
58451,0.295,5.654,50.530,322.106,0.610,-2.689,243.255,0
58452,0.295,5.654,50.563,322.106,0.608,-2.773,243.255,0
58453,0.295,5.654,50.563,321.844,0.603,-2.862,243.560,0
58454,0.295,5.654,50.595,321.844,0.612,-2.928,243.255,0
58455,0.295,5.654,50.628,321.844,0.607,-2.978,243.255,0
58456,0.462,5.354,50.660,321.844,0.612,-3.009,243.560,0
58457,0.462,5.354,50.693,321.844,0.605,-2.932,243.255,0
58458,0.462,5.354,50.693,322.106,0.609,-2.738,243.255,0
58459,0.462,5.354,50.725,322.106,0.612,-2.719,243.255,0
58460,0.462,5.354,50.725,322.106,0.603,-2.804,243.560,0
58461,0.462,5.354,50.758,322.106,0.613,-2.893,243.255,0
58462,0.462,5.354,50.758,322.106,0.604,-2.943,243.560,0
58463,0.462,5.354,50.791,322.106,0.613,-2.986,243.255,0
58464,0.462,5.354,50.823,322.106,0.601,-3.009,243.560,0
58465,0.462,5.354,50.823,322.106,0.611,-2.912,243.560,0
58466,0.631,5.388,50.823,322.369,0.605,-2.723,243.560,0
58467,0.631,5.388,50.823,322.369,0.608,-2.727,243.255,0
58468,0.631,5.388,50.823,322.106,0.612,-2.812,243.560,0
58469,0.631,5.388,50.823,322.106,0.602,-2.893,243.255,0
58470,0.631,5.388,50.823,322.369,0.610,-2.951,243.255,0
58471,0.631,5.388,50.791,322.369,0.603,-2.994,243.560,0
58472,0.631,5.388,50.823,322.106,0.611,-3.016,242.951,0
58473,0.631,5.388,50.791,322.106,0.605,-2.881,243.255,0
58474,0.631,5.388,50.758,322.369,0.607,-2.685,243.255,0
58475,0.631,5.388,50.758,322.369,0.611,-2.719,243.255,0
58476,0.556,5.425,50.725,322.369,0.600,-2.816,242.951,0
58477,0.556,5.425,50.725,322.369,0.609,-2.893,243.255,0
58478,0.556,5.425,50.693,322.369,0.605,-2.951,243.255,0
58479,0.556,5.425,50.660,322.369,0.608,-2.998,243.255,0
58480,0.556,5.425,50.660,322.369,0.611,-3.020,243.255,0
58481,0.556,5.425,50.628,322.631,0.603,-2.831,243.255,0
58482,0.556,5.425,50.595,322.631,0.609,-2.658,242.951,0
58483,0.556,5.425,50.595,322.631,0.603,-2.708,243.255,0
58484,0.556,5.425,50.563,322.631,0.608,-2.804,243.255,0
58485,0.556,5.425,50.563,322.894,0.611,-2.889,242.951,0
58486,0.482,5.318,50.530,322.894,0.603,-2.951,242.951,0
58487,0.482,5.318,50.530,322.894,0.611,-3.002,242.951,0
58488,0.482,5.318,50.563,322.631,0.603,-3.005,242.951,0
58489,0.482,5.318,50.530,322.894,0.607,-2.831,242.951,0
58490,0.482,5.318,50.530,323.156,0.610,-2.685,242.951,0
58491,0.482,5.318,50.530,323.156,0.602,-2.750,243.255,0
58492,0.482,5.318,50.530,323.419,0.610,-2.839,242.951,0
58493,0.482,5.318,50.530,323.419,0.604,-2.924,242.646,0
58494,0.482,5.318,50.563,323.419,0.607,-2.982,242.951,0
58495,0.482,5.318,50.595,323.419,0.609,-3.016,242.951,0
58496,0.384,5.212,50.628,323.419,0.601,-2.955,242.951,0
58497,0.384,5.212,50.628,323.681,0.612,-2.723,243.255,0
58498,0.384,5.212,50.660,323.681,0.603,-2.708,243.560,0
58499,0.384,5.212,50.660,323.944,0.609,-2.796,243.255,0
58500,0.384,5.212,50.693,324.206,0.611,-2.881,242.951,0
58501,0.384,5.212,50.725,324.206,0.602,-2.951,243.255,0
58502,0.384,5.212,50.758,324.206,0.612,-3.005,243.255,0
58503,0.384,5.212,50.791,324.206,0.601,-3.005,243.255,0
58504,0.384,5.212,50.791,324.206,0.611,-2.796,243.255,0
58505,0.384,5.212,50.823,324.469,0.609,-2.689,243.255,0
58506,0.288,5.316,50.823,324.469,0.606,-2.754,243.560,0
58507,0.288,5.316,50.823,324.731,0.613,-2.839,242.951,0
58508,0.288,5.316,50.823,324.731,0.604,-2.912,243.255,0
58509,0.288,5.316,50.823,324.731,0.613,-2.971,243.560,0
58510,0.288,5.316,50.856,324.731,0.608,-3.005,242.951,0
58511,0.288,5.316,50.856,324.731,0.607,-2.963,243.255,0
58512,0.288,5.316,50.823,324.994,0.612,-2.765,243.255,0
58513,0.288,5.316,50.823,324.994,0.604,-2.677,243.560,0
58514,0.288,5.316,50.791,324.994,0.609,-2.750,243.255,0
58515,0.288,5.316,50.791,324.994,0.603,-2.835,243.255,0
58516,0.357,5.419,50.758,325.256,0.608,-2.905,243.255,0
58517,0.357,5.419,50.758,325.519,0.611,-2.963,243.255,0
58518,0.357,5.419,50.725,325.519,0.604,-3.005,242.951,0
58519,0.357,5.419,50.725,325.519,0.610,-2.963,242.951,0
58520,0.357,5.419,50.693,325.781,0.602,-2.839,243.255,0
58521,0.357,5.419,50.660,325.781,0.611,-2.746,243.255,0
58522,0.357,5.419,50.660,326.044,0.612,-2.808,242.951,0
58523,0.357,5.419,50.628,326.044,0.603,-2.874,242.951,0
58524,0.357,5.419,50.595,326.044,0.611,-2.943,243.255,0
58525,0.357,5.419,50.595,326.306,0.601,-2.990,243.255,0
58526,0.425,5.391,50.563,326.044,0.612,-3.013,243.560,0
58527,0.425,5.391,50.563,326.306,0.607,-2.924,243.560,0
58528,0.425,5.391,50.530,326.306,0.605,-2.715,243.560,0
58529,0.425,5.391,50.530,326.306,0.613,-2.727,243.255,0
58530,0.425,5.391,50.530,326.569,0.603,-2.816,243.560,0
58531,0.425,5.391,50.530,326.569,0.612,-2.897,243.560,0
58532,0.425,5.391,50.530,326.569,0.601,-2.955,243.255,0
58533,0.425,5.391,50.530,326.832,0.608,-3.002,243.560,0
58534,0.425,5.391,50.563,326.306,0.607,-3.002,243.255,0
58535,0.425,5.391,50.563,326.306,0.607,-2.862,243.560,0
58536,0.468,5.365,50.595,326.569,0.614,-2.735,243.864,0
58537,0.468,5.365,50.595,326.569,0.605,-2.800,243.864,0
58538,0.468,5.365,50.628,326.569,0.615,-2.885,243.864,0
58539,0.468,5.365,50.628,326.832,0.609,-2.943,244.169,0
58540,0.468,5.365,50.660,326.832,0.612,-3.002,243.864,0
58541,0.468,5.365,50.725,326.569,0.610,-3.009,244.169,0
58542,0.468,5.365,50.725,326.832,0.607,-2.843,244.169,0
58543,0.468,5.365,50.758,326.832,0.616,-2.685,244.169,0
58544,0.468,5.365,50.758,326.569,0.608,-2.742,244.473,0
58545,0.468,5.365,50.791,326.832,0.614,-2.839,244.473,0
58546,0.511,5.416,50.791,326.832,0.609,-2.924,244.778,0
58547,0.511,5.416,50.823,326.832,0.612,-2.974,244.169,0
58548,0.511,5.416,50.823,326.569,0.609,-3.009,244.169,0
58549,0.511,5.416,50.856,326.569,0.610,-2.912,244.473,0
58550,0.511,5.416,50.823,326.569,0.612,-2.719,244.169,0
58551,0.511,5.416,50.823,326.832,0.607,-2.742,244.473,0
58552,0.511,5.416,50.823,326.569,0.616,-2.827,244.473,0
58553,0.511,5.416,50.823,326.569,0.605,-2.908,244.169,0
58554,0.511,5.416,50.823,326.569,0.615,-2.967,244.169,0
58555,0.511,5.416,50.791,326.306,0.607,-3.016,244.169,0
58556,0.474,5.471,50.791,326.306,0.611,-2.947,244.169,0
58557,0.474,5.471,50.758,326.569,0.611,-2.715,244.169,0
58558,0.474,5.471,50.758,326.569,0.607,-2.708,243.864,0
58559,0.474,5.471,50.725,326.306,0.615,-2.792,244.169,0
58560,0.474,5.471,50.693,326.569,0.606,-2.881,244.169,0
58561,0.474,5.471,50.693,326.306,0.614,-2.943,244.169,0
58562,0.474,5.471,50.660,326.306,0.605,-2.998,244.169,0
58563,0.474,5.471,50.660,326.044,0.613,-3.009,243.864,0
58564,0.474,5.471,50.628,325.781,0.606,-2.893,243.864,0
58565,0.474,5.471,50.595,326.044,0.611,-2.700,244.169,0
58566,0.438,5.318,50.595,325.781,0.610,-2.735,243.864,0
58567,0.438,5.318,50.563,325.781,0.605,-2.823,243.864,0
58568,0.438,5.318,50.563,325.781,0.612,-2.901,243.560,0
58569,0.438,5.318,50.530,325.519,0.600,-2.959,243.560,0
58570,0.438,5.318,50.530,325.519,0.610,-2.998,243.560,0
58571,0.438,5.318,50.530,325.256,0.606,-3.016,243.560,0
58572,0.438,5.318,50.530,325.256,0.611,-2.866,243.560,0
58573,0.438,5.318,50.530,325.256,0.611,-2.658,243.255,0
58574,0.438,5.318,50.530,325.256,0.605,-2.692,243.560,0
58575,0.438,5.318,50.530,324.994,0.613,-2.796,243.864,0
58576,0.409,5.165,50.563,324.994,0.604,-2.866,243.864,0
58577,0.409,5.165,50.595,324.731,0.613,-2.924,244.169,0
58578,0.409,5.165,50.595,324.731,0.605,-2.986,243.864,0
58579,0.409,5.165,50.628,324.469,0.610,-3.002,243.255,0
58580,0.409,5.165,50.693,324.206,0.607,-2.967,243.560,0
58581,0.409,5.165,50.693,324.469,0.609,-2.808,244.169,0
58582,0.409,5.165,50.693,324.469,0.612,-2.712,243.864,0
58583,0.409,5.165,50.725,324.206,0.604,-2.785,243.864,0
58584,0.409,5.165,50.725,323.944,0.613,-2.866,244.169,0
58585,0.409,5.165,50.758,323.944,0.603,-2.936,243.864,0
58586,0.381,5.338,50.791,323.681,0.613,-2.982,243.560,0
58587,0.381,5.338,50.823,323.681,0.606,-3.009,243.255,0
58588,0.381,5.338,50.823,323.156,0.610,-2.947,242.951,0
58589,0.381,5.338,50.823,323.156,0.611,-2.773,243.255,0
58590,0.381,5.338,50.823,322.894,0.603,-2.735,243.255,0
58591,0.381,5.338,50.823,322.894,0.610,-2.812,243.560,0
58592,0.381,5.338,50.823,322.894,0.602,-2.885,243.560,0
58593,0.381,5.338,50.823,322.894,0.611,-2.951,243.255,0
58594,0.381,5.338,50.823,322.631,0.602,-3.002,243.255,0
58595,0.381,5.338,50.823,322.106,0.611,-3.013,243.255,0
58596,0.547,5.510,50.791,322.106,0.606,-2.843,243.255,0
58597,0.547,5.510,50.791,322.106,0.613,-2.665,243.255,0
58598,0.547,5.510,50.758,322.106,0.612,-2.738,243.560,0
58599,0.547,5.510,50.725,322.106,0.606,-2.827,243.255,0
58600,0.547,5.510,50.725,322.106,0.612,-2.912,243.560,0
58601,0.547,5.510,50.693,322.106,0.612,-2.971,243.560,0
58602,0.547,5.510,50.693,321.844,0.605,-3.005,243.255,0
58603,0.547,5.510,50.693,321.844,0.612,-2.978,243.255,0
58604,0.547,5.510,50.628,321.844,0.603,-2.777,243.255,0
58605,0.547,5.510,50.628,321.844,0.615,-2.750,242.951,0
58606,0.715,5.460,50.628,321.844,0.603,-2.827,243.255,0
58607,0.715,5.460,50.595,321.844,0.613,-2.908,243.255,0
58608,0.715,5.460,50.563,321.844,0.605,-2.967,243.255,0
58609,0.715,5.460,50.563,321.581,0.608,-3.016,243.255,0
58610,0.715,5.460,50.563,321.581,0.611,-2.974,242.951,0
58611,0.715,5.460,50.530,321.844,0.603,-2.731,242.951,0
58612,0.715,5.460,50.530,321.844,0.611,-2.665,242.951,0
58613,0.715,5.460,50.530,321.844,0.602,-2.754,242.951,0
58614,0.715,5.460,50.530,321.844,0.610,-2.843,242.646,0
58615,0.715,5.460,50.530,321.844,0.609,-2.924,242.951,0
58616,0.527,5.413,50.563,321.844,0.603,-2.974,242.951,0
58617,0.527,5.413,50.563,321.581,0.612,-3.013,242.951,0
58618,0.527,5.413,50.595,321.581,0.602,-2.955,242.646,0
58619,0.527,5.413,50.595,321.844,0.613,-2.712,242.951,0
58620,0.527,5.413,50.595,321.844,0.607,-2.696,242.646,0
58621,0.527,5.413,50.628,321.844,0.605,-2.785,242.951,0
58622,0.527,5.413,50.660,322.106,0.613,-2.874,243.255,0
58623,0.527,5.413,50.660,322.106,0.602,-2.932,243.255,0
58624,0.527,5.413,50.693,322.106,0.611,-2.982,243.255,0
58625,0.527,5.413,50.725,321.844,0.604,-3.016,242.951,0
58626,0.342,5.443,50.758,322.106,0.609,-2.924,243.255,0
58627,0.342,5.443,50.758,322.106,0.612,-2.696,243.255,0
58628,0.342,5.443,50.758,322.106,0.604,-2.696,242.951,0
58629,0.342,5.443,50.791,322.106,0.611,-2.789,242.951,0
58630,0.342,5.443,50.791,322.106,0.599,-2.862,242.951,0
58631,0.342,5.443,50.791,322.369,0.611,-2.924,242.951,0
58632,0.342,5.443,50.823,322.369,0.608,-2.978,242.951,0
58633,0.342,5.443,50.823,322.369,0.608,-3.005,242.951,0
58634,0.342,5.443,50.856,322.369,0.610,-2.951,243.255,0
58635,0.342,5.443,50.823,322.631,0.604,-2.789,243.255,0
58636,0.339,5.471,50.823,322.631,0.611,-2.738,243.255,0
58637,0.339,5.471,50.791,322.631,0.605,-2.816,243.560,0
58638,0.339,5.471,50.791,322.631,0.611,-2.897,243.560,0
58639,0.339,5.471,50.791,322.631,0.612,-2.947,243.560,0
58640,0.339,5.471,50.758,322.894,0.606,-3.002,243.560,0
58641,0.339,5.471,50.758,322.631,0.614,-3.005,243.255,0
58642,0.339,5.471,50.725,322.894,0.605,-2.850,243.560,0
58643,0.339,5.471,50.693,323.156,0.612,-2.700,243.255,0
58644,0.339,5.471,50.693,322.894,0.613,-2.758,243.560,0
58645,0.339,5.471,50.660,322.894,0.606,-2.839,243.560,0
58646,0.336,5.418,50.660,323.156,0.613,-2.916,243.560,0
58647,0.336,5.418,50.628,323.156,0.605,-2.978,243.560,0
58648,0.336,5.418,50.628,323.156,0.613,-3.013,243.560,0
58649,0.336,5.418,50.595,323.156,0.614,-2.967,243.255,0
58650,0.336,5.418,50.563,323.156,0.607,-2.738,243.560,0
58651,0.336,5.418,50.563,323.156,0.613,-2.715,243.560,0
58652,0.336,5.418,50.563,323.419,0.607,-2.812,243.560,0
58653,0.336,5.418,50.530,323.419,0.615,-2.877,243.560,0
58654,0.336,5.418,50.530,323.681,0.613,-2.955,243.560,0
58655,0.336,5.418,50.530,323.681,0.606,-3.005,243.255,0
58656,0.368,5.365,50.563,323.419,0.615,-3.002,243.255,0
58657,0.368,5.365,50.563,323.419,0.606,-2.816,243.560,0
58658,0.368,5.365,50.563,323.681,0.613,-2.673,243.560,0
58659,0.368,5.365,50.563,323.944,0.612,-2.742,243.864,0
58660,0.368,5.365,50.595,323.944,0.607,-2.835,243.560,0
58661,0.368,5.365,50.595,323.944,0.616,-2.912,243.864,0
58662,0.368,5.365,50.628,324.206,0.607,-2.982,243.864,0
58663,0.368,5.365,50.660,324.206,0.613,-3.013,243.864,0
58664,0.368,5.365,50.693,324.206,0.615,-2.905,244.169,0
58665,0.368,5.365,50.693,324.469,0.608,-2.719,243.864,0
58666,0.400,5.325,50.725,324.731,0.615,-2.738,244.169,0
58667,0.400,5.325,50.725,324.731,0.606,-2.816,243.864,0
58668,0.400,5.325,50.758,324.994,0.614,-2.893,243.864,0
58669,0.400,5.325,50.758,324.994,0.612,-2.971,243.864,0
58670,0.400,5.325,50.791,324.994,0.607,-3.013,243.864,0
58671,0.400,5.325,50.823,324.731,0.616,-2.974,243.864,0
58672,0.400,5.325,50.823,325.256,0.605,-2.769,243.864,0
58673,0.400,5.325,50.823,325.256,0.615,-2.723,244.169,0
58674,0.400,5.325,50.823,325.519,0.611,-2.804,244.169,0
58675,0.400,5.325,50.823,325.519,0.609,-2.874,244.169,0
58676,0.319,5.288,50.823,325.256,0.617,-2.939,244.169,0
58677,0.319,5.288,50.791,325.519,0.607,-2.990,244.473,0
58678,0.319,5.288,50.791,325.519,0.617,-3.020,244.169,0
58679,0.319,5.288,50.791,325.519,0.609,-2.912,244.169,0
58680,0.319,5.288,50.758,325.781,0.614,-2.700,244.169,0
58681,0.319,5.288,50.758,326.044,0.615,-2.708,243.864,0
58682,0.319,5.288,50.725,326.306,0.607,-2.796,244.169,0
58683,0.319,5.288,50.693,326.306,0.619,-2.881,244.778,0
58684,0.319,5.288,50.693,326.306,0.609,-2.936,245.082,0
58685,0.319,5.288,50.660,326.306,0.615,-2.982,244.778,0
58686,0.238,5.547,50.660,326.306,0.617,-3.009,244.778,0
58687,0.238,5.547,50.628,326.569,0.608,-2.959,244.778,0
58688,0.238,5.547,50.595,326.832,0.619,-2.750,244.778,0
58689,0.238,5.547,50.595,326.832,0.608,-2.738,244.778,0
58690,0.238,5.547,50.595,326.832,0.615,-2.816,244.473,0
58691,0.238,5.547,50.563,326.832,0.611,-2.885,244.473,0
58692,0.238,5.547,50.563,327.094,0.615,-2.951,244.473,0
58693,0.238,5.547,50.530,327.094,0.615,-2.994,244.473,0
58694,0.238,5.547,50.563,326.832,0.608,-3.005,244.778,0
58695,0.238,5.547,50.563,327.094,0.616,-2.889,244.778,0
58696,0.282,5.804,50.530,326.832,0.608,-2.727,244.169,0
58697,0.282,5.804,50.530,326.832,0.618,-2.773,244.473,0
58698,0.282,5.804,50.563,326.832,0.614,-2.847,244.778,0
58699,0.282,5.804,50.563,327.094,0.611,-2.928,244.473,0
58700,0.282,5.804,50.595,326.832,0.617,-2.982,244.778,0
58701,0.282,5.804,50.628,326.832,0.607,-3.009,244.778,0
58702,0.282,5.804,50.660,326.569,0.614,-2.951,244.778,0
58703,0.282,5.804,50.628,327.094,0.611,-2.758,244.778,0
58704,0.282,5.804,50.660,326.832,0.617,-2.692,244.473,0
58705,0.282,5.804,50.693,326.832,0.615,-2.789,244.778,0
58706,0.326,5.625,50.693,326.569,0.609,-2.858,244.778,0
58707,0.326,5.625,50.725,326.569,0.617,-2.936,244.778,0
58708,0.326,5.625,50.758,326.832,0.606,-2.982,244.778,0
58709,0.326,5.625,50.791,326.569,0.615,-3.016,244.169,0
58710,0.326,5.625,50.791,326.569,0.609,-2.916,244.473,0
58711,0.326,5.625,50.791,326.306,0.615,-2.712,244.778,0
58712,0.326,5.625,50.791,326.306,0.612,-2.738,244.473,0
58713,0.326,5.625,50.823,326.306,0.609,-2.819,244.778,0
58714,0.326,5.625,50.823,326.306,0.618,-2.908,244.778,0
58715,0.326,5.625,50.823,326.306,0.608,-2.974,244.473,0
58716,0.366,5.446,50.823,326.044,0.617,-3.009,244.473,0
58717,0.366,5.446,50.856,325.781,0.608,-3.002,244.778,0
58718,0.366,5.446,50.823,326.044,0.618,-2.765,244.778,0
58719,0.366,5.446,50.791,326.044,0.612,-2.654,244.473,0
58720,0.366,5.446,50.791,325.781,0.609,-2.735,244.473,0
58721,0.366,5.446,50.791,325.781,0.615,-2.827,244.778,0
58722,0.366,5.446,50.758,326.044,0.609,-2.908,244.778,0
58723,0.366,5.446,50.725,325.781,0.616,-2.963,244.778,0
58724,0.366,5.446,50.725,325.781,0.607,-3.009,244.169,0
58725,0.366,5.446,50.725,325.519,0.614,-2.982,244.473,0
58726,0.406,5.372,50.660,325.519,0.609,-2.762,244.473,0
58727,0.406,5.372,50.628,325.519,0.614,-2.689,244.473,0
58728,0.406,5.372,50.628,325.519,0.613,-2.773,244.473,0
58729,0.406,5.372,50.595,325.519,0.610,-2.862,244.473,0
58730,0.406,5.372,50.595,325.256,0.617,-2.928,244.473,0
58731,0.406,5.372,50.563,324.994,0.605,-2.978,244.473,0
58732,0.406,5.372,50.563,324.994,0.615,-3.009,244.169,0
58733,0.406,5.372,50.563,324.731,0.611,-2.982,244.169,0
58734,0.406,5.372,50.530,324.731,0.617,-2.781,244.473,0
58735,0.406,5.372,50.530,324.731,0.608,-2.731,244.169,0
58736,0.314,5.299,50.530,324.731,0.615,-2.808,244.169,0
58737,0.314,5.299,50.530,324.469,0.612,-2.885,244.473,0
58738,0.314,5.299,50.530,324.206,0.617,-2.951,244.473,0
58739,0.314,5.299,50.563,324.206,0.615,-2.998,244.473,0
58740,0.314,5.299,50.595,323.944,0.609,-3.009,244.778,0
58741,0.314,5.299,50.595,323.944,0.616,-2.897,245.082,0
58742,0.314,5.299,50.595,323.944,0.613,-2.700,244.778,0
58743,0.314,5.299,50.628,323.944,0.613,-2.727,245.082,0
58744,0.314,5.299,50.628,323.681,0.619,-2.819,244.778,0
58745,0.314,5.299,50.660,323.681,0.608,-2.893,244.169,0
58746,0.225,5.537,50.693,323.419,0.615,-2.947,244.473,0
58747,0.225,5.537,50.693,323.419,0.609,-2.990,244.169,0
58748,0.225,5.537,50.758,323.156,0.618,-3.009,244.169,0
58749,0.225,5.537,50.758,323.156,0.606,-2.928,244.169,0
58750,0.225,5.537,50.758,323.156,0.618,-2.738,244.473,0
58751,0.225,5.537,50.791,322.894,0.613,-2.762,244.473,0
58752,0.225,5.537,50.791,322.631,0.612,-2.843,244.473,0
58753,0.225,5.537,50.823,322.631,0.617,-2.916,244.473,0
58754,0.225,5.537,50.823,322.631,0.609,-2.967,244.473,0
58755,0.225,5.537,50.823,322.369,0.616,-3.005,244.169,0
58756,0.393,5.771,50.856,322.106,0.610,-2.947,244.169,0
58757,0.393,5.771,50.823,322.106,0.614,-2.773,244.473,0
58758,0.393,5.771,50.823,322.106,0.619,-2.731,244.473,0
58759,0.393,5.771,50.823,321.844,0.609,-2.816,244.778,0
58760,0.393,5.771,50.791,321.844,0.618,-2.897,244.473,0
58761,0.393,5.771,50.758,321.581,0.611,-2.959,244.473,0
58762,0.393,5.771,50.758,321.844,0.615,-3.005,244.169,0
58763,0.393,5.771,50.758,321.581,0.617,-2.967,244.169,0
58764,0.393,5.771,50.725,321.844,0.609,-2.800,244.778,0
58765,0.393,5.771,50.725,321.581,0.618,-2.712,244.473,0
58766,0.562,5.656,50.693,321.581,0.611,-2.789,244.473,0
58767,0.562,5.656,50.660,321.319,0.613,-2.874,244.473,0
58768,0.562,5.656,50.660,321.581,0.619,-2.943,244.473,0
58769,0.562,5.656,50.628,321.581,0.605,-3.002,244.473,0
58770,0.562,5.656,50.628,321.319,0.618,-3.002,244.169,0
58771,0.562,5.656,50.595,321.319,0.610,-2.839,244.169,0
58772,0.562,5.656,50.595,321.319,0.615,-2.738,244.169,0
58773,0.562,5.656,50.563,321.319,0.615,-2.796,244.169,0
58774,0.562,5.656,50.563,321.581,0.609,-2.881,244.473,0
58775,0.562,5.656,50.530,321.581,0.617,-2.955,244.169,0
58776,0.494,5.543,50.530,321.581,0.608,-3.005,244.169,0
58777,0.494,5.543,50.563,321.319,0.615,-3.013,243.864,0
58778,0.494,5.543,50.530,321.319,0.616,-2.812,244.473,0
58779,0.494,5.543,50.530,321.581,0.609,-2.635,244.169,0
58780,0.494,5.543,50.530,321.844,0.618,-2.692,244.473,0
58781,0.494,5.543,50.563,321.581,0.607,-2.808,244.473,0
58782,0.494,5.543,50.563,321.844,0.616,-2.889,244.169,0
58783,0.494,5.543,50.595,322.106,0.613,-2.943,244.473,0
58784,0.494,5.543,50.595,322.106,0.609,-2.994,244.169,0
58785,0.494,5.543,50.628,321.844,0.620,-3.016,244.169,0
58786,0.424,5.703,50.660,321.844,0.606,-2.874,244.169,0
58787,0.424,5.703,50.660,322.106,0.616,-2.662,243.864,0
58788,0.424,5.703,50.693,322.106,0.611,-2.704,244.169,0
58789,0.424,5.703,50.725,322.106,0.613,-2.804,244.169,0
58790,0.424,5.703,50.758,322.106,0.615,-2.885,244.473,0
58791,0.424,5.703,50.758,322.106,0.607,-2.951,244.473,0
58792,0.424,5.703,50.791,322.106,0.617,-3.002,244.778,0
58793,0.424,5.703,50.823,322.106,0.609,-2.967,244.473,0
58794,0.424,5.703,50.823,322.369,0.618,-2.847,244.169,0
58795,0.424,5.703,50.823,322.369,0.612,-2.762,244.169,0
58796,0.565,5.859,50.823,322.369,0.608,-2.831,244.169,0
58797,0.565,5.859,50.823,322.631,0.615,-2.905,244.473,0
58798,0.565,5.859,50.823,322.631,0.605,-2.951,244.169,0
58799,0.565,5.859,50.791,322.631,0.615,-3.009,244.169,0
58800,0.565,5.859,50.823,322.631,0.610,-2.963,244.169,0
58801,0.565,5.859,50.791,322.894,0.611,-2.808,244.473,0
58802,0.565,5.859,50.758,322.894,0.617,-2.719,244.473,0
58803,0.565,5.859,50.758,323.156,0.606,-2.785,244.169,0
58804,0.565,5.859,50.758,323.156,0.616,-2.862,244.473,0
58805,0.565,5.859,50.725,323.156,0.613,-2.924,244.473,0
58806,0.707,5.885,50.693,323.156,0.612,-2.978,244.473,0
58807,0.707,5.885,50.693,323.156,0.615,-3.005,244.473,0
58808,0.707,5.885,50.693,322.894,0.606,-2.998,244.169,0
58809,0.707,5.885,50.660,323.419,0.616,-2.769,244.169,0
58810,0.707,5.885,50.628,323.419,0.612,-2.681,244.169,0
58811,0.707,5.885,50.628,323.681,0.612,-2.750,244.169,0
58812,0.707,5.885,50.595,323.419,0.617,-2.839,244.169,0
58813,0.707,5.885,50.595,323.681,0.607,-2.916,244.169,0
58814,0.707,5.885,50.595,323.681,0.616,-2.974,244.473,0
58815,0.707,5.885,50.563,323.681,0.613,-3.009,244.169,0
58816,0.579,5.913,50.563,323.681,0.611,-2.971,243.864,0
58817,0.579,5.913,50.563,323.944,0.616,-2.773,243.864,0
58818,0.579,5.913,50.563,323.944,0.607,-2.758,244.169,0
58819,0.579,5.913,50.530,323.681,0.616,-2.847,244.473,0
58820,0.579,5.913,50.563,323.944,0.614,-2.916,244.169,0
58821,0.579,5.913,50.563,323.944,0.610,-2.959,244.169,0
58822,0.579,5.913,50.563,323.944,0.617,-3.020,244.169,0
58823,0.579,5.913,50.595,324.206,0.608,-2.986,244.473,0
58824,0.579,5.913,50.595,324.469,0.616,-2.731,244.473,0
58825,0.579,5.913,50.595,324.469,0.613,-2.646,244.169,0
58826,0.450,5.819,50.628,324.469,0.611,-2.738,244.169,0
58827,0.450,5.819,50.660,324.469,0.617,-2.843,244.473,0
58828,0.450,5.819,50.693,324.469,0.606,-2.897,244.169,0
58829,0.450,5.819,50.693,324.731,0.616,-2.974,244.473,0
58830,0.450,5.819,50.725,324.731,0.614,-3.005,244.473,0
58831,0.450,5.819,50.758,324.731,0.611,-2.951,244.169,0
58832,0.450,5.819,50.758,324.994,0.618,-2.839,244.473,0
58833,0.450,5.819,50.758,324.994,0.608,-2.850,244.473,0
58834,0.450,5.819,50.791,325.256,0.613,-2.920,244.473,0
58835,0.450,5.819,50.823,325.256,0.610,-2.982,244.473,0
58836,0.436,5.724,50.823,325.256,0.615,-3.016,244.473,0
58837,0.436,5.724,50.823,325.519,0.615,-2.947,244.473,0
58838,0.436,5.724,50.791,325.519,0.610,-2.723,244.473,0
58839,0.436,5.724,50.823,325.781,0.618,-2.685,244.473,0
58840,0.436,5.724,50.791,325.781,0.607,-2.789,244.473,0
58841,0.436,5.724,50.791,325.781,0.617,-2.870,244.169,0
58842,0.436,5.724,50.758,326.044,0.612,-2.936,244.473,0
58843,0.436,5.724,50.758,326.306,0.612,-2.990,244.473,0
58844,0.436,5.724,50.758,326.044,0.617,-3.013,245.082,0
58845,0.436,5.724,50.758,326.306,0.608,-2.920,244.778,0
58846,0.422,5.738,50.725,326.306,0.617,-2.692,245.082,0
58847,0.422,5.738,50.693,326.306,0.607,-2.719,245.082,0
58848,0.422,5.738,50.660,326.306,0.615,-2.812,244.778,0
58849,0.422,5.738,50.660,326.832,0.609,-2.889,245.082,0
58850,0.422,5.738,50.660,326.832,0.616,-2.943,244.778,0
58851,0.422,5.738,50.628,326.832,0.612,-2.982,244.778,0
58852,0.422,5.738,50.628,326.832,0.608,-3.016,245.082,0
58853,0.422,5.738,50.595,326.832,0.619,-2.901,244.778,0
58854,0.422,5.738,50.563,327.094,0.608,-2.708,244.778,0
58855,0.422,5.738,50.530,327.094,0.618,-2.712,244.778,0
58856,0.351,5.753,50.530,327.094,0.610,-2.796,244.473,0
58857,0.351,5.753,50.530,327.357,0.613,-2.881,244.473,0
58858,0.351,5.753,50.530,327.357,0.617,-2.936,244.778,0
58859,0.351,5.753,50.530,327.094,0.608,-2.982,244.778,0
58860,0.351,5.753,50.563,327.094,0.619,-3.009,244.778,0
58861,0.351,5.753,50.563,327.094,0.608,-2.947,244.778,0
58862,0.351,5.753,50.563,327.094,0.616,-2.735,244.778,0
58863,0.351,5.753,50.595,327.094,0.612,-2.727,244.473,0
58864,0.351,5.753,50.595,327.357,0.609,-2.812,244.473,0
58865,0.351,5.753,50.628,327.094,0.613,-2.885,244.778,0
58866,0.279,5.996,50.628,327.094,0.608,-2.943,245.082,0
58867,0.279,5.996,50.660,327.094,0.613,-2.994,244.778,0
58868,0.279,5.996,50.725,326.569,0.607,-3.009,244.778,0
58869,0.279,5.996,50.725,326.832,0.616,-2.889,244.778,0
58870,0.279,5.996,50.725,327.094,0.612,-2.731,244.473,0
58871,0.279,5.996,50.758,326.832,0.608,-2.769,244.778,0
58872,0.279,5.996,50.758,326.569,0.616,-2.854,244.778,0
58873,0.279,5.996,50.791,326.569,0.605,-2.924,244.473,0
58874,0.279,5.996,50.791,326.569,0.617,-2.978,244.778,0
58875,0.279,5.996,50.823,326.569,0.609,-3.013,244.778,0
58876,0.323,6.238,50.856,326.306,0.616,-2.963,244.778,0
58877,0.323,6.238,50.823,326.306,0.605,-2.723,245.082,0
58878,0.323,6.238,50.823,326.306,0.617,-2.685,244.778,0
58879,0.323,6.238,50.823,326.044,0.611,-2.773,244.778,0
58880,0.323,6.238,50.823,326.044,0.615,-2.862,244.778,0
58881,0.323,6.238,50.791,326.044,0.617,-2.943,245.082,0
58882,0.323,6.238,50.791,325.781,0.608,-2.994,244.778,0
58883,0.323,6.238,50.823,325.781,0.617,-3.009,244.778,0
58884,0.323,6.238,50.791,325.781,0.607,-2.897,244.778,0
58885,0.323,6.238,50.758,325.781,0.617,-2.708,244.778,0
58886,0.368,5.985,50.758,325.781,0.607,-2.719,245.082,0
58887,0.368,5.985,50.725,325.781,0.613,-2.812,244.473,0
58888,0.368,5.985,50.693,325.519,0.609,-2.897,244.778,0
58889,0.368,5.985,50.693,325.519,0.613,-2.963,245.082,0
58890,0.368,5.985,50.660,325.256,0.618,-3.002,244.778,0
58891,0.368,5.985,50.660,324.994,0.606,-2.994,244.778,0
58892,0.368,5.985,50.628,325.256,0.616,-2.819,244.778,0
58893,0.368,5.985,50.595,324.994,0.604,-2.715,244.778,0
58894,0.368,5.985,50.563,324.994,0.615,-2.789,244.473,0
58895,0.368,5.985,50.563,324.994,0.609,-2.877,244.473,0
58896,0.462,5.732,50.530,324.994,0.612,-2.947,244.169,0
58897,0.462,5.732,50.530,324.731,0.616,-3.002,244.473,0
58898,0.462,5.732,50.530,324.469,0.607,-3.005,244.473,0
58899,0.462,5.732,50.530,324.469,0.617,-2.870,244.473,0
58900,0.462,5.732,50.530,324.206,0.605,-2.692,244.473,0
58901,0.462,5.732,50.530,324.206,0.616,-2.742,244.473,0
58902,0.462,5.732,50.530,324.206,0.609,-2.827,244.473,0
58903,0.462,5.732,50.563,323.944,0.613,-2.901,244.473,0
58904,0.462,5.732,50.563,323.944,0.614,-2.959,244.473,0
58905,0.462,5.732,50.563,323.944,0.609,-3.009,244.473,0
58906,0.555,5.641,50.628,323.681,0.615,-2.994,243.864,0
58907,0.555,5.641,50.628,323.681,0.603,-2.777,243.560,0
58908,0.555,5.641,50.628,323.419,0.612,-2.681,243.864,0
58909,0.555,5.641,50.660,323.156,0.612,-2.750,243.560,0
58910,0.555,5.641,50.693,323.156,0.607,-2.835,243.560,0
58911,0.555,5.641,50.725,323.156,0.615,-2.905,243.560,0
58912,0.555,5.641,50.725,323.156,0.602,-2.959,243.560,0
58913,0.555,5.641,50.758,322.894,0.613,-3.005,243.560,0
58914,0.555,5.641,50.823,322.631,0.608,-2.994,243.560,0
58915,0.555,5.641,50.823,322.631,0.605,-2.955,243.560,0
58916,0.642,5.550,50.823,322.631,0.613,-2.901,243.560,0
58917,0.642,5.550,50.823,322.631,0.602,-2.939,243.864,0
58918,0.642,5.550,50.856,322.631,0.613,-2.998,243.560,0
58919,0.642,5.550,50.856,322.106,0.605,-3.009,243.864,0
58920,0.642,5.550,50.856,322.106,0.609,-2.858,243.560,0
58921,0.642,5.550,50.823,322.106,0.612,-2.696,243.255,0
58922,0.642,5.550,50.823,322.106,0.601,-2.738,243.255,0
58923,0.642,5.550,50.823,321.844,0.613,-2.827,243.864,0
58924,0.642,5.550,50.791,322.106,0.606,-2.901,243.560,0
58925,0.642,5.550,50.791,322.106,0.610,-2.963,243.560,0
58926,0.728,5.546,50.758,322.106,0.611,-3.002,243.255,0
58927,0.728,5.546,50.791,321.581,0.602,-3.005,243.255,0
58928,0.728,5.546,50.758,321.581,0.612,-2.858,243.560,0
58929,0.728,5.546,50.725,321.581,0.601,-2.708,243.255,0
58930,0.728,5.546,50.693,321.581,0.609,-2.765,243.255,0
58931,0.728,5.546,50.660,321.581,0.611,-2.854,243.255,0
58932,0.728,5.546,50.660,321.581,0.604,-2.920,243.255,0
58933,0.728,5.546,50.628,321.581,0.613,-2.978,242.951,0
58934,0.728,5.546,50.628,321.319,0.601,-3.013,242.951,0
58935,0.728,5.546,50.628,321.581,0.612,-2.943,242.646,0
58936,0.585,5.544,50.595,321.581,0.605,-2.712,242.951,0
58937,0.585,5.544,50.563,321.581,0.605,-2.696,242.646,0
58938,0.585,5.544,50.563,321.844,0.610,-2.785,242.646,0
58939,0.585,5.544,50.563,321.581,0.600,-2.874,242.951,0
58940,0.585,5.544,50.530,321.581,0.610,-2.943,242.646,0
58941,0.585,5.544,50.530,321.581,0.603,-2.994,242.646,0
58942,0.585,5.544,50.563,321.581,0.607,-3.016,242.646,0
58943,0.585,5.544,50.563,321.581,0.608,-2.889,242.646,0
58944,0.585,5.544,50.530,321.844,0.601,-2.662,242.646,0
58945,0.585,5.544,50.563,321.844,0.609,-2.692,242.342,0
58946,0.442,5.671,50.563,322.106,0.599,-2.792,242.342,0
58947,0.442,5.671,50.563,322.106,0.606,-2.881,242.038,0
58948,0.442,5.671,50.595,322.106,0.603,-2.943,242.038,0
58949,0.442,5.671,50.628,321.844,0.599,-2.998,242.038,0
58950,0.442,5.671,50.660,322.106,0.609,-3.013,241.733,0
58951,0.442,5.671,50.693,322.106,0.597,-2.877,242.038,0
58952,0.442,5.671,50.693,322.369,0.608,-2.700,242.342,0
58953,0.442,5.671,50.725,322.369,0.598,-2.746,242.038,0
58954,0.442,5.671,50.725,322.369,0.606,-2.835,241.733,0
58955,0.442,5.671,50.758,322.369,0.602,-2.908,241.733,0
58956,0.384,5.797,50.791,322.631,0.599,-2.963,242.038,0
58957,0.384,5.797,50.791,322.631,0.607,-3.005,241.733,0
58958,0.384,5.797,50.823,322.369,0.598,-2.994,241.733,0
58959,0.384,5.797,50.823,322.631,0.605,-2.816,241.733,0
58960,0.384,5.797,50.823,322.631,0.597,-2.715,241.733,0
58961,0.384,5.797,50.823,322.631,0.605,-2.785,241.733,0
58962,0.384,5.797,50.823,322.894,0.600,-2.870,241.733,0
58963,0.384,5.797,50.823,322.894,0.598,-2.932,241.429,0
58964,0.384,5.797,50.791,322.894,0.605,-2.978,241.733,0
58965,0.384,5.797,50.823,323.156,0.594,-3.009,241.429,0
58966,0.328,5.659,50.791,323.156,0.600,-2.963,241.124,0
58967,0.328,5.659,50.791,323.419,0.594,-2.750,241.429,0
58968,0.328,5.659,50.758,323.419,0.601,-2.723,241.124,0
58969,0.328,5.659,50.758,323.419,0.601,-2.804,241.429,0
58970,0.328,5.659,50.725,323.419,0.596,-2.881,241.429,0
58971,0.328,5.659,50.693,323.681,0.603,-2.943,241.124,0
58972,0.328,5.659,50.693,323.944,0.593,-2.978,241.124,0
58973,0.328,5.659,50.693,323.681,0.603,-3.002,241.124,0
58974,0.328,5.659,50.660,323.681,0.598,-2.932,240.820,0
58975,0.328,5.659,50.628,323.944,0.599,-2.858,240.820,0
58976,0.512,5.518,50.628,323.944,0.604,-2.889,240.820,0
58977,0.512,5.518,50.595,323.944,0.593,-2.943,240.820,0
58978,0.512,5.518,50.595,324.206,0.601,-2.998,240.820,0
58979,0.512,5.518,50.563,323.944,0.595,-3.013,240.820,0
58980,0.512,5.518,50.563,323.944,0.601,-2.850,240.820,0
58981,0.512,5.518,50.530,324.206,0.602,-2.673,240.820,0
58982,0.512,5.518,50.563,324.206,0.596,-2.723,240.820,0
58983,0.512,5.518,50.563,324.206,0.605,-2.816,240.820,0
58984,0.512,5.518,50.530,324.206,0.594,-2.897,240.820,0
58985,0.512,5.518,50.530,324.469,0.605,-2.959,240.820,0
58986,0.696,5.500,50.563,324.731,0.599,-3.005,240.820,0
58987,0.696,5.500,50.595,324.469,0.595,-3.002,240.820,0
58988,0.696,5.500,50.595,324.731,0.603,-2.804,240.820,0
58989,0.696,5.500,50.595,324.731,0.593,-2.681,240.820,0
58990,0.696,5.500,50.628,324.994,0.602,-2.742,240.820,0
58991,0.696,5.500,50.628,324.994,0.594,-2.843,240.820,0
58992,0.696,5.500,50.660,324.994,0.602,-2.920,240.820,0
58993,0.696,5.500,50.693,325.256,0.598,-2.971,240.820,0
58994,0.696,5.500,50.725,324.994,0.596,-3.009,240.820,0
58995,0.696,5.500,50.725,324.994,0.603,-2.959,240.820,0
58996,0.430,5.488,50.758,325.256,0.596,-2.738,241.124,0
58997,0.430,5.488,50.758,325.519,0.604,-2.715,241.124,0
58998,0.430,5.488,50.791,325.519,0.594,-2.808,241.124,0
58999,0.430,5.488,50.791,325.519,0.602,-2.893,241.124,0
59000,0.430,5.488,50.791,325.519,0.598,-2.963,241.124,0
59001,0.430,5.488,50.823,325.519,0.603,-3.002,241.124,0
59002,0.430,5.488,50.856,325.519,0.601,-2.971,241.124,0
59003,0.430,5.488,50.823,326.044,0.598,-2.816,241.124,0
59004,0.430,5.488,50.823,326.044,0.605,-2.723,241.429,0
59005,0.430,5.488,50.791,326.306,0.595,-2.800,241.429,0
59006,0.164,5.425,50.791,326.569,0.606,-2.885,241.733,0
59007,0.164,5.425,50.791,326.569,0.595,-2.943,241.733,0
59008,0.164,5.425,50.791,326.569,0.605,-3.002,242.038,0
59009,0.164,5.425,50.791,326.306,0.598,-3.002,241.733,0
59010,0.164,5.425,50.758,326.569,0.604,-2.831,241.733,0
59011,0.164,5.425,50.725,326.832,0.601,-2.708,241.733,0
59012,0.164,5.425,50.725,327.094,0.602,-2.781,241.733,0
59013,0.164,5.425,50.693,327.094,0.604,-2.858,241.733,0
59014,0.164,5.425,50.660,327.094,0.598,-2.920,241.429,0
59015,0.164,5.425,50.660,326.832,0.605,-2.978,241.429,0
59016,0.243,5.356,50.660,327.094,0.603,-3.013,241.124,0
59017,0.243,5.356,50.628,327.094,0.601,-2.967,241.429,0
59018,0.243,5.356,50.595,327.357,0.599,-2.731,241.733,0
59019,0.243,5.356,50.563,327.357,0.605,-2.692,241.733,0
59020,0.243,5.356,50.563,327.357,0.596,-2.769,241.733,0
59021,0.243,5.356,50.563,327.094,0.604,-2.858,241.733,0
59022,0.243,5.356,50.530,327.357,0.597,-2.920,241.429,0
59023,0.243,5.356,50.530,327.357,0.605,-2.971,241.429,0
59024,0.243,5.356,50.530,327.357,0.602,-3.002,241.733,0
59025,0.243,5.356,50.563,327.094,0.600,-2.990,241.429,0
59026,0.323,5.401,50.530,327.357,0.605,-2.804,241.429,0
59027,0.323,5.401,50.530,327.619,0.595,-2.727,241.124,0
59028,0.323,5.401,50.563,327.357,0.605,-2.796,241.429,0
59029,0.323,5.401,50.563,327.357,0.595,-2.874,241.733,0
59030,0.323,5.401,50.595,327.094,0.607,-2.939,241.429,0
59031,0.323,5.401,50.628,327.357,0.599,-2.978,241.429,0
59032,0.323,5.401,50.628,327.094,0.600,-3.005,241.429,0
59033,0.323,5.401,50.660,327.094,0.602,-2.959,241.429,0
59034,0.323,5.401,50.693,327.094,0.598,-2.746,241.429,0
59035,0.323,5.401,50.693,326.832,0.607,-2.746,241.429,0
59036,0.556,5.444,50.725,326.832,0.596,-2.823,241.429,0
59037,0.556,5.444,50.758,326.832,0.605,-2.897,241.429,0
59038,0.556,5.444,50.758,326.832,0.597,-2.959,241.429,0
59039,0.556,5.444,50.791,326.832,0.605,-3.002,241.429,0
59040,0.556,5.444,50.823,326.306,0.599,-3.002,241.733,0
59041,0.556,5.444,50.823,326.306,0.603,-2.854,241.429,0
59042,0.556,5.444,50.823,326.306,0.602,-2.727,241.429,0
59043,0.556,5.444,50.823,326.044,0.600,-2.785,241.429,0
59044,0.556,5.444,50.823,326.044,0.605,-2.866,241.429,0
59045,0.556,5.444,50.823,326.044,0.597,-2.932,241.429,0
59046,0.789,5.421,50.791,326.044,0.607,-2.986,241.429,0
59047,0.789,5.421,50.823,325.781,0.595,-3.009,241.429,0
59048,0.789,5.421,50.823,325.781,0.604,-2.928,241.429,0
59049,0.789,5.421,50.758,325.519,0.594,-2.708,241.429,0
59050,0.789,5.421,50.758,325.519,0.606,-2.731,241.733,0
59051,0.789,5.421,50.758,325.519,0.598,-2.823,241.733,0
59052,0.789,5.421,50.725,325.519,0.604,-2.905,241.429,0
59053,0.789,5.421,50.693,325.519,0.599,-2.967,241.124,0
59054,0.789,5.421,50.693,325.256,0.601,-3.005,241.429,0
59055,0.789,5.421,50.693,324.731,0.601,-2.990,240.820,0
59056,0.730,5.400,50.660,324.994,0.598,-2.773,241.124,0
59057,0.730,5.400,50.628,324.994,0.607,-2.704,240.820,0
59058,0.730,5.400,50.595,324.994,0.595,-2.785,241.124,0
59059,0.730,5.400,50.595,324.731,0.604,-2.874,241.124,0
59060,0.730,5.400,50.563,324.731,0.596,-2.939,241.429,0
59061,0.730,5.400,50.563,324.469,0.604,-2.994,241.124,0
59062,0.730,5.400,50.563,324.206,0.596,-3.016,240.820,0
59063,0.730,5.400,50.563,324.206,0.604,-2.885,240.820,0
59064,0.730,5.400,50.530,324.206,0.599,-2.681,241.124,0
59065,0.730,5.400,50.530,324.206,0.598,-2.689,241.124,0
59066,0.670,5.459,50.530,324.206,0.604,-2.792,240.820,0
59067,0.670,5.459,50.530,323.944,0.595,-2.874,240.820,0
59068,0.670,5.459,50.563,323.944,0.605,-2.936,240.820,0
59069,0.670,5.459,50.563,323.681,0.592,-2.982,240.211,0
59070,0.670,5.459,50.595,323.419,0.601,-3.002,239.906,0
59071,0.670,5.459,50.628,323.156,0.595,-2.963,240.211,0
59072,0.670,5.459,50.628,323.419,0.599,-2.762,240.211,0
59073,0.670,5.459,50.628,323.419,0.602,-2.750,240.211,0
59074,0.670,5.459,50.660,323.156,0.593,-2.831,239.906,0
59075,0.670,5.459,50.693,322.894,0.598,-2.905,240.211,0
59076,0.581,5.518,50.693,322.631,0.593,-2.955,240.515,0
59077,0.581,5.518,50.725,322.894,0.603,-3.005,240.211,0
59078,0.581,5.518,50.791,322.631,0.598,-3.002,240.211,0
59079,0.581,5.518,50.791,322.631,0.598,-2.823,240.515,0
59080,0.581,5.518,50.791,322.369,0.603,-2.700,240.515,0
59081,0.581,5.518,50.791,322.369,0.592,-2.758,240.211,0
59082,0.581,5.518,50.823,322.369,0.603,-2.843,240.515,0
59083,0.581,5.518,50.823,322.369,0.595,-2.908,240.515,0
59084,0.581,5.518,50.823,322.369,0.603,-2.963,240.211,0
59085,0.581,5.518,50.823,322.106,0.599,-2.994,240.211,0
59086,0.489,5.526,50.823,321.844,0.597,-3.005,240.515,0
59087,0.489,5.526,50.823,322.106,0.603,-2.881,240.515,0
59088,0.489,5.526,50.791,322.106,0.594,-2.750,240.515,0
59089,0.489,5.526,50.791,322.106,0.603,-2.796,240.211,0
59090,0.489,5.526,50.758,321.844,0.595,-2.870,240.211,0
59091,0.489,5.526,50.758,321.844,0.600,-2.932,240.515,0
59092,0.489,5.526,50.758,321.844,0.600,-2.982,240.515,0
59093,0.489,5.526,50.725,321.844,0.596,-3.009,240.515,0
59094,0.489,5.526,50.693,321.844,0.603,-2.939,240.211,0
59095,0.489,5.526,50.660,321.581,0.591,-2.738,240.211,0
59096,0.515,5.532,50.660,321.581,0.604,-2.742,240.515,0
59097,0.515,5.532,50.628,321.581,0.594,-2.827,240.515,0
59098,0.515,5.532,50.628,321.581,0.603,-2.908,240.211,0
59099,0.515,5.532,50.595,321.581,0.596,-2.963,240.211,0
59100,0.515,5.532,50.595,321.844,0.599,-3.009,240.211,0
59101,0.515,5.532,50.595,321.319,0.600,-3.002,239.906,0
59102,0.515,5.532,50.563,321.319,0.594,-2.808,239.906,0
59103,0.515,5.532,50.563,321.581,0.600,-2.673,240.211,0
59104,0.515,5.532,50.530,321.581,0.591,-2.746,240.211,0
59105,0.515,5.532,50.530,321.581,0.601,-2.839,240.211,0
59106,0.540,5.749,50.530,321.581,0.595,-2.908,240.211,0
59107,0.540,5.749,50.530,321.844,0.598,-2.967,239.906,0
59108,0.540,5.749,50.563,321.844,0.601,-3.013,240.211,0
59109,0.540,5.749,50.563,321.844,0.594,-2.982,239.906,0
59110,0.540,5.749,50.563,321.844,0.603,-2.765,239.906,0
59111,0.540,5.749,50.563,321.844,0.592,-2.689,239.906,0
59112,0.540,5.749,50.595,322.106,0.600,-2.777,239.906,0
59113,0.540,5.749,50.595,322.106,0.594,-2.862,239.906,0
59114,0.540,5.749,50.628,322.106,0.600,-2.936,239.906,0
59115,0.540,5.749,50.660,322.106,0.595,-2.990,239.906,0
59116,0.667,5.965,50.693,322.106,0.595,-3.009,240.211,0
59117,0.667,5.965,50.725,322.106,0.601,-2.897,240.211,0
59118,0.667,5.965,50.725,322.369,0.594,-2.723,240.211,0
59119,0.667,5.965,50.725,322.631,0.600,-2.746,240.211,0
59120,0.667,5.965,50.758,322.631,0.591,-2.823,239.906,0
59121,0.667,5.965,50.791,322.631,0.601,-2.905,240.211,0
59122,0.667,5.965,50.791,322.631,0.595,-2.967,240.211,0
59123,0.667,5.965,50.823,322.631,0.598,-3.009,239.906,0
59124,0.667,5.965,50.856,322.631,0.601,-2.986,240.211,0
59125,0.667,5.965,50.823,322.894,0.594,-2.785,240.211,0
59126,0.795,5.884,50.823,322.894,0.600,-2.704,239.906,0
59127,0.795,5.884,50.823,322.894,0.591,-2.773,240.211,0
59128,0.795,5.884,50.823,323.156,0.600,-2.858,240.211,0
59129,0.795,5.884,50.823,323.156,0.596,-2.924,239.906,0
59130,0.795,5.884,50.791,323.156,0.596,-2.971,240.211,0
59131,0.795,5.884,50.791,323.156,0.600,-3.016,239.906,0
59132,0.795,5.884,50.791,323.156,0.591,-2.947,239.906,0
59133,0.795,5.884,50.758,323.681,0.600,-2.754,239.906,0
59134,0.795,5.884,50.725,323.681,0.589,-2.689,239.906,0
59135,0.795,5.884,50.725,323.681,0.601,-2.769,240.515,0
59136,0.690,5.806,50.693,323.681,0.596,-2.847,240.211,0
59137,0.690,5.806,50.693,323.681,0.600,-2.916,239.906,0
59138,0.690,5.806,50.660,323.944,0.604,-2.963,239.906,0
59139,0.690,5.806,50.660,323.944,0.594,-2.998,239.906,0
59140,0.690,5.806,50.660,323.944,0.601,-2.998,239.906,0
59141,0.690,5.806,50.595,324.206,0.593,-2.881,239.906,0
59142,0.690,5.806,50.595,324.206,0.602,-2.758,239.906,0
59143,0.690,5.806,50.595,324.206,0.598,-2.812,240.211,0
59144,0.690,5.806,50.563,324.206,0.598,-2.877,239.906,0
59145,0.690,5.806,50.563,324.469,0.601,-2.939,239.906,0
59146,0.587,6.094,50.563,324.469,0.591,-2.986,239.906,0
59147,0.587,6.094,50.563,324.469,0.597,-3.005,239.906,0
59148,0.587,6.094,50.563,324.469,0.595,-2.936,239.906,0
59149,0.587,6.094,50.530,324.731,0.601,-2.758,239.906,0
59150,0.587,6.094,50.530,324.731,0.598,-2.742,239.602,0
59151,0.587,6.094,50.563,324.731,0.595,-2.823,239.906,0
59152,0.587,6.094,50.563,324.731,0.601,-2.905,239.906,0
59153,0.587,6.094,50.595,324.994,0.591,-2.959,239.906,0
59154,0.587,6.094,50.595,324.994,0.600,-3.009,239.602,0
59155,0.587,6.094,50.660,324.994,0.592,-2.990,239.602,0
59156,0.529,6.381,50.628,324.994,0.599,-2.812,239.906,0
59157,0.529,6.381,50.660,324.994,0.592,-2.712,240.211,0
59158,0.529,6.381,50.693,325.256,0.601,-2.773,239.906,0
59159,0.529,6.381,50.693,325.256,0.592,-2.862,240.211,0
59160,0.529,6.381,50.725,325.519,0.603,-2.928,240.515,0
59161,0.529,6.381,50.758,325.519,0.599,-2.986,240.515,0
59162,0.529,6.381,50.791,325.256,0.600,-3.016,240.211,0
59163,0.529,6.381,50.791,325.519,0.601,-2.928,240.211,0
59164,0.529,6.381,50.791,325.519,0.597,-2.700,240.211,0
59165,0.529,6.381,50.791,325.781,0.605,-2.700,240.211,0
59166,0.470,6.238,50.823,325.781,0.594,-2.792,240.211,0
59167,0.470,6.238,50.823,326.044,0.603,-2.881,240.515,0
59168,0.470,6.238,50.823,326.044,0.595,-2.947,240.515,0
59169,0.470,6.238,50.823,326.306,0.604,-2.998,240.820,0
59170,0.470,6.238,50.823,326.044,0.598,-3.005,241.124,0
59171,0.470,6.238,50.823,326.306,0.600,-2.877,241.124,0
59172,0.470,6.238,50.791,326.569,0.599,-2.700,240.820,0
59173,0.470,6.238,50.791,326.569,0.598,-2.746,240.820,0
59174,0.470,6.238,50.758,326.832,0.602,-2.831,240.515,0
59175,0.470,6.238,50.758,326.832,0.594,-2.912,240.820,0
59176,0.398,6.096,50.725,326.832,0.603,-2.963,241.124,0
59177,0.398,6.096,50.725,327.094,0.594,-3.005,241.124,0
59178,0.398,6.096,50.725,326.832,0.604,-2.971,240.820,0
59179,0.398,6.096,50.660,327.094,0.595,-2.804,240.820,0
59180,0.398,6.096,50.660,327.357,0.604,-2.712,240.515,0
59181,0.398,6.096,50.628,327.357,0.596,-2.781,240.820,0
59182,0.398,6.096,50.628,327.357,0.601,-2.862,240.820,0
59183,0.398,6.096,50.595,327.357,0.601,-2.924,240.515,0
59184,0.398,6.096,50.563,327.357,0.595,-2.974,240.820,0
59185,0.398,6.096,50.563,327.357,0.604,-3.016,240.820,0
59186,0.326,6.176,50.563,327.094,0.595,-2.963,240.515,0
59187,0.326,6.176,50.530,327.357,0.603,-2.746,240.820,0
59188,0.326,6.176,50.530,327.357,0.593,-2.712,240.515,0
59189,0.326,6.176,50.530,327.357,0.603,-2.789,240.515,0
59190,0.326,6.176,50.530,327.357,0.597,-2.870,240.515,0
59191,0.326,6.176,50.530,327.357,0.598,-2.932,240.515,0
59192,0.326,6.176,50.563,327.094,0.601,-2.971,240.515,0
59193,0.326,6.176,50.563,327.357,0.595,-3.005,240.820,0
59194,0.326,6.176,50.595,327.357,0.606,-2.947,240.820,0
59195,0.326,6.176,50.595,327.357,0.594,-2.854,240.820,0
59196,0.305,6.256,50.628,327.357,0.605,-2.870,240.820,0
59197,0.305,6.256,50.628,327.094,0.595,-2.932,240.820,0
59198,0.305,6.256,50.660,327.094,0.604,-2.971,240.820,0
59199,0.305,6.256,50.693,327.094,0.599,-3.013,240.820,0
59200,0.305,6.256,50.725,326.832,0.601,-2.971,240.820,0
59201,0.305,6.256,50.725,327.094,0.603,-2.742,240.820,0
59202,0.305,6.256,50.758,326.832,0.598,-2.681,241.124,0
59203,0.305,6.256,50.758,326.569,0.605,-2.773,240.820,0
59204,0.305,6.256,50.758,326.569,0.594,-2.854,240.820,0
59205,0.305,6.256,50.791,326.569,0.605,-2.924,241.124,0
59206,0.284,6.362,50.791,326.569,0.594,-2.967,240.820,0
59207,0.284,6.362,50.791,326.306,0.604,-3.005,240.820,0
59208,0.284,6.362,50.856,326.044,0.594,-2.994,240.820,0
59209,0.284,6.362,50.823,326.044,0.603,-2.835,241.124,0
59210,0.284,6.362,50.823,326.044,0.596,-2.723,240.820,0
59211,0.284,6.362,50.791,325.781,0.603,-2.789,240.820,0
59212,0.284,6.362,50.791,325.519,0.599,-2.866,240.820,0
59213,0.284,6.362,50.791,325.781,0.600,-2.936,240.820,0
59214,0.284,6.362,50.791,325.781,0.601,-2.986,240.820,0
59215,0.284,6.362,50.758,325.519,0.597,-3.009,240.820,0
59216,0.260,6.469,50.758,325.256,0.604,-2.978,240.515,0
59217,0.260,6.469,50.725,325.256,0.595,-2.769,240.820,0
59218,0.260,6.469,50.725,325.256,0.605,-2.723,240.515,0
59219,0.260,6.469,50.660,324.994,0.595,-2.804,240.820,0
59220,0.260,6.469,50.660,324.994,0.604,-2.897,240.820,0
59221,0.260,6.469,50.628,324.994,0.595,-2.955,240.820,0
59222,0.260,6.469,50.628,324.731,0.603,-3.005,240.515,0
59223,0.260,6.469,50.628,324.469,0.596,-2.994,240.515,0
59224,0.260,6.469,50.595,324.469,0.601,-2.835,240.515,0
59225,0.260,6.469,50.563,324.469,0.600,-2.735,240.820,0
59226,0.237,6.418,50.563,324.206,0.598,-2.800,240.820,0
59227,0.237,6.418,50.530,324.206,0.601,-2.889,240.515,0
59228,0.237,6.418,50.530,324.206,0.593,-2.951,240.515,0
59229,0.237,6.418,50.530,324.206,0.601,-3.002,240.515,0
59230,0.237,6.418,50.563,323.944,0.591,-3.009,240.211,0
59231,0.237,6.418,50.530,323.944,0.600,-2.843,240.211,0
59232,0.237,6.418,50.530,323.681,0.592,-2.708,239.906,0
59233,0.237,6.418,50.563,323.681,0.598,-2.762,239.602,0
59234,0.237,6.418,50.563,323.681,0.598,-2.843,240.211,0
59235,0.237,6.418,50.563,323.419,0.592,-2.901,239.906,0
59236,0.246,6.368,50.595,323.419,0.601,-2.959,239.906,0
59237,0.246,6.368,50.628,323.156,0.592,-2.998,239.906,0
59238,0.246,6.368,50.660,322.894,0.602,-3.013,239.906,0
59239,0.246,6.368,50.693,322.894,0.596,-2.881,240.211,0
59240,0.246,6.368,50.693,322.894,0.598,-2.673,240.211,0
59241,0.246,6.368,50.725,322.894,0.601,-2.704,240.211,0
59242,0.246,6.368,50.725,322.631,0.591,-2.792,239.906,0
59243,0.246,6.368,50.758,322.369,0.601,-2.870,240.211,0
59244,0.246,6.368,50.758,322.369,0.594,-2.936,240.211,0
59245,0.246,6.368,50.791,322.369,0.603,-2.978,240.211,0
59246,0.255,6.137,50.823,322.369,0.597,-3.002,240.211,0
59247,0.255,6.137,50.823,322.369,0.598,-2.994,239.906,0
59248,0.255,6.137,50.823,322.369,0.601,-2.955,240.211,0
59249,0.255,6.137,50.823,322.369,0.594,-2.978,240.211,0
59250,0.255,6.137,50.823,322.369,0.604,-3.005,240.211,0
59251,0.255,6.137,50.856,322.106,0.592,-3.009,239.906,0
59252,0.255,6.137,50.823,322.106,0.601,-2.800,239.906,0
59253,0.255,6.137,50.823,322.106,0.594,-2.623,240.211,0
59254,0.255,6.137,50.791,322.369,0.601,-2.669,240.211,0
59255,0.255,6.137,50.758,322.369,0.596,-2.781,240.211,0
59256,0.319,5.906,50.758,322.106,0.598,-2.850,240.211,0
59257,0.319,5.906,50.725,322.106,0.600,-2.916,240.211,0
59258,0.319,5.906,50.725,322.106,0.595,-2.955,240.211,0
59259,0.319,5.906,50.693,322.106,0.603,-3.005,239.906,0
59260,0.319,5.906,50.725,321.844,0.592,-2.959,239.906,0
59261,0.319,5.906,50.660,322.106,0.603,-2.819,239.906,0
59262,0.319,5.906,50.628,322.106,0.594,-2.735,239.906,0
59263,0.319,5.906,50.628,322.106,0.599,-2.792,239.906,0
59264,0.319,5.906,50.595,322.106,0.598,-2.874,239.602,0
59265,0.319,5.906,50.595,321.844,0.594,-2.932,239.906,0
59266,0.383,5.746,50.563,322.106,0.603,-2.982,240.211,0
59267,0.383,5.746,50.595,321.844,0.591,-3.013,239.906,0
59268,0.383,5.746,50.563,321.844,0.601,-2.897,239.906,0
59269,0.383,5.746,50.563,322.106,0.591,-2.708,239.906,0
59270,0.383,5.746,50.563,322.106,0.599,-2.746,239.906,0
59271,0.383,5.746,50.563,322.106,0.598,-2.839,239.906,0
59272,0.383,5.746,50.563,322.106,0.596,-2.912,239.906,0
59273,0.383,5.746,50.563,322.106,0.602,-2.963,239.906,0
59274,0.383,5.746,50.563,322.369,0.593,-3.005,239.906,0
59275,0.383,5.746,50.595,322.106,0.600,-2.967,239.906,0
59276,0.378,5.587,50.595,322.369,0.593,-2.854,239.906,0
59277,0.378,5.587,50.595,322.369,0.603,-2.769,239.906,0
59278,0.378,5.587,50.628,322.369,0.596,-2.827,239.906,0
59279,0.378,5.587,50.660,322.369,0.599,-2.901,239.906,0
59280,0.378,5.587,50.660,322.631,0.601,-2.971,240.211,0
59281,0.378,5.587,50.693,322.631,0.595,-3.013,240.211,0
59282,0.378,5.587,50.725,322.631,0.601,-2.936,240.515,0
59283,0.378,5.587,50.725,322.894,0.592,-2.723,240.211,0
59284,0.378,5.587,50.758,322.894,0.604,-2.689,240.211,0
59285,0.378,5.587,50.758,322.894,0.596,-2.773,240.211,0
59286,0.375,5.568,50.791,322.894,0.604,-2.858,240.211,0
59287,0.375,5.568,50.823,323.156,0.595,-2.920,240.211,0
59288,0.375,5.568,50.823,323.156,0.603,-2.974,240.211,0
59289,0.375,5.568,50.823,323.156,0.599,-3.009,240.515,0
59290,0.375,5.568,50.823,323.156,0.596,-2.936,240.211,0
59291,0.375,5.568,50.823,323.681,0.602,-2.723,240.515,0
59292,0.375,5.568,50.823,323.419,0.597,-2.696,240.211,0
59293,0.375,5.568,50.791,323.419,0.598,-2.792,240.211,0
59294,0.375,5.568,50.791,323.681,0.600,-2.874,240.211,0
59295,0.375,5.568,50.791,323.944,0.593,-2.924,240.211,0
59296,0.450,5.546,50.758,323.944,0.603,-2.967,240.211,0
59297,0.450,5.546,50.758,323.944,0.594,-3.005,240.211,0
59298,0.450,5.546,50.758,323.681,0.603,-3.005,240.211,0
59299,0.450,5.546,50.725,323.944,0.594,-2.823,240.211,0
59300,0.450,5.546,50.693,324.206,0.603,-2.673,240.211,0
59301,0.450,5.546,50.693,324.206,0.595,-2.719,240.211,0
59302,0.450,5.546,50.660,324.206,0.603,-2.808,240.515,0
59303,0.450,5.546,50.660,324.469,0.598,-2.877,240.211,0
59304,0.450,5.546,50.628,324.469,0.598,-2.932,240.211,0
59305,0.450,5.546,50.628,324.469,0.604,-2.982,239.906,0
59306,0.524,5.426,50.595,324.731,0.594,-3.005,239.906,0
59307,0.524,5.426,50.595,324.469,0.601,-2.932,240.211,0
59308,0.524,5.426,50.563,324.731,0.593,-2.738,239.906,0
59309,0.524,5.426,50.530,324.994,0.602,-2.719,240.211,0
59310,0.524,5.426,50.530,324.994,0.599,-2.792,240.211,0
59311,0.524,5.426,50.530,325.256,0.595,-2.870,240.211,0
59312,0.524,5.426,50.530,325.256,0.603,-2.932,240.211,0
59313,0.524,5.426,50.530,325.256,0.592,-2.971,239.906,0
59314,0.524,5.426,50.563,325.256,0.601,-3.005,239.906,0
59315,0.524,5.426,50.595,325.256,0.594,-2.959,239.906,0
59316,0.535,5.307,50.563,325.519,0.600,-2.800,239.906,0
59317,0.535,5.307,50.595,325.519,0.597,-2.731,239.906,0
59318,0.535,5.307,50.628,325.519,0.598,-2.792,240.515,0
59319,0.535,5.307,50.628,325.519,0.603,-2.881,240.211,0
59320,0.535,5.307,50.660,325.781,0.594,-2.932,239.906,0
59321,0.535,5.307,50.660,325.781,0.603,-2.986,240.211,0
59322,0.535,5.307,50.725,325.781,0.591,-3.002,240.515,0
59323,0.535,5.307,50.725,325.781,0.603,-2.947,240.211,0
59324,0.535,5.307,50.725,325.781,0.598,-2.839,240.211,0
59325,0.535,5.307,50.758,325.781,0.601,-2.881,240.515,0
59326,0.546,5.391,50.791,326.044,0.599,-2.939,240.515,0
59327,0.546,5.391,50.791,326.044,0.596,-2.994,240.211,0
59328,0.546,5.391,50.823,326.044,0.604,-3.005,240.211,0
59329,0.546,5.391,50.823,326.044,0.592,-2.889,240.515,0
59330,0.546,5.391,50.823,326.306,0.604,-2.735,240.820,0
59331,0.546,5.391,50.823,326.569,0.596,-2.777,240.820,0
59332,0.546,5.391,50.823,326.569,0.605,-2.874,240.820,0
59333,0.546,5.391,50.823,326.569,0.598,-2.939,240.820,0
59334,0.546,5.391,50.823,326.569,0.603,-2.982,240.820,0
59335,0.546,5.391,50.823,326.569,0.601,-3.024,240.820,0
59336,0.543,5.475,50.791,326.832,0.600,-2.936,240.820,0
59337,0.543,5.475,50.758,327.094,0.604,-2.681,241.124,0
59338,0.543,5.475,50.758,327.094,0.597,-2.662,241.124,0
59339,0.543,5.475,50.725,327.094,0.605,-2.765,241.124,0
59340,0.543,5.475,50.693,327.357,0.594,-2.858,240.820,0
59341,0.543,5.475,50.693,327.357,0.606,-2.920,240.820,0
59342,0.543,5.475,50.693,327.357,0.595,-2.971,240.820,0
59343,0.543,5.475,50.660,327.619,0.603,-3.009,240.820,0
59344,0.543,5.475,50.660,327.357,0.597,-2.971,240.515,0
59345,0.543,5.475,50.595,327.357,0.601,-2.769,240.211,0
59346,0.541,5.356,50.595,327.619,0.599,-2.738,240.515,0
59347,0.541,5.356,50.563,327.619,0.595,-2.819,240.515,0
59348,0.541,5.356,50.563,327.357,0.602,-2.889,240.820,0
59349,0.541,5.356,50.563,327.619,0.594,-2.951,240.820,0
59350,0.541,5.356,50.530,327.619,0.603,-2.994,240.515,0
59351,0.541,5.356,50.563,327.619,0.592,-3.005,240.820,0
59352,0.541,5.356,50.530,327.357,0.600,-2.955,240.211,0
59353,0.541,5.356,50.530,327.357,0.595,-2.831,240.211,0
59354,0.541,5.356,50.530,327.357,0.600,-2.835,240.211,0
59355,0.541,5.356,50.563,327.357,0.600,-2.908,240.515,0
59356,0.742,5.235,50.530,327.619,0.596,-2.959,241.124,0
59357,0.742,5.235,50.563,327.619,0.605,-3.002,240.820,0
59358,0.742,5.235,50.595,327.357,0.596,-3.005,240.820,0
59359,0.742,5.235,50.628,327.094,0.605,-2.831,240.820,0
59360,0.742,5.235,50.628,327.094,0.596,-2.712,240.820,0
59361,0.742,5.235,50.660,327.094,0.605,-2.769,240.820,0
59362,0.742,5.235,50.693,327.094,0.598,-2.847,240.820,0
59363,0.742,5.235,50.693,327.094,0.605,-2.912,240.820,0
59364,0.742,5.235,50.725,327.094,0.599,-2.959,240.820,0
59365,0.742,5.235,50.758,326.832,0.601,-2.998,241.124,0
59366,0.943,5.162,50.791,326.569,0.601,-3.002,241.124,0
59367,0.943,5.162,50.791,326.569,0.597,-2.835,241.124,0
59368,0.943,5.162,50.823,326.569,0.603,-2.723,240.820,0
59369,0.943,5.162,50.823,326.569,0.596,-2.773,240.820,0
59370,0.943,5.162,50.823,326.569,0.605,-2.858,241.124,0
59371,0.943,5.162,50.823,326.569,0.596,-2.916,240.820,0
59372,0.943,5.162,50.823,326.306,0.603,-2.971,240.820,0
59373,0.943,5.162,50.823,326.044,0.594,-3.005,240.820,0
59374,0.943,5.162,50.856,325.781,0.603,-2.990,240.820,0
59375,0.943,5.162,50.823,326.044,0.592,-2.831,240.820,0
59376,0.782,5.093,50.791,326.044,0.604,-2.731,240.820,0
59377,0.782,5.093,50.791,325.781,0.596,-2.796,240.820,0
59378,0.782,5.093,50.791,325.781,0.602,-2.874,240.820,0
59379,0.782,5.093,50.758,325.256,0.600,-2.936,240.820,0
59380,0.782,5.093,50.758,325.256,0.597,-2.990,240.820,0
59381,0.782,5.093,50.758,325.256,0.602,-3.002,240.820,0
59382,0.782,5.093,50.693,324.994,0.595,-2.905,240.820,0
59383,0.782,5.093,50.693,324.994,0.604,-2.758,240.820,0
59384,0.782,5.093,50.660,324.994,0.595,-2.804,240.820,0
59385,0.782,5.093,50.628,324.469,0.604,-2.877,240.820,0
59386,0.619,5.063,50.628,324.469,0.593,-2.947,240.820,0
59387,0.619,5.063,50.595,324.469,0.601,-2.994,240.515,0
59388,0.619,5.063,50.595,324.206,0.594,-3.005,240.515,0
59389,0.619,5.063,50.563,324.206,0.600,-2.877,240.515,0
59390,0.619,5.063,50.563,324.206,0.594,-2.735,240.515,0
59391,0.619,5.063,50.530,323.944,0.600,-2.789,240.820,0
59392,0.619,5.063,50.530,323.944,0.598,-2.874,240.515,0
59393,0.619,5.063,50.530,323.944,0.595,-2.939,240.515,0
59394,0.619,5.063,50.530,323.681,0.599,-2.998,239.906,0
59395,0.619,5.063,50.563,323.419,0.589,-3.009,239.602,0
59396,0.604,5.032,50.530,323.419,0.600,-2.870,239.906,0
59397,0.604,5.032,50.530,323.419,0.594,-2.689,239.906,0
59398,0.604,5.032,50.563,323.419,0.600,-2.735,240.211,0
59399,0.604,5.032,50.563,323.156,0.601,-2.823,240.211,0
59400,0.604,5.032,50.595,323.156,0.594,-2.901,240.211,0
59401,0.604,5.032,50.628,323.156,0.603,-2.959,240.211,0
59402,0.604,5.032,50.628,322.894,0.592,-3.002,239.906,0
59403,0.604,5.032,50.693,322.631,0.603,-3.002,240.211,0
59404,0.604,5.032,50.693,322.894,0.597,-2.827,240.515,0
59405,0.604,5.032,50.725,322.369,0.597,-2.700,240.515,0
59406,0.588,5.094,50.725,322.369,0.603,-2.762,240.515,0
59407,0.588,5.094,50.758,322.369,0.593,-2.839,240.211,0
59408,0.588,5.094,50.791,322.369,0.600,-2.905,239.906,0
59409,0.588,5.094,50.791,322.106,0.591,-2.959,240.211,0
59410,0.588,5.094,50.823,322.106,0.604,-3.002,240.515,0
59411,0.588,5.094,50.856,322.106,0.595,-3.002,240.211,0
59412,0.588,5.094,50.823,322.106,0.598,-2.847,240.211,0
59413,0.588,5.094,50.823,322.106,0.600,-2.712,240.515,0
59414,0.588,5.094,50.823,322.106,0.594,-2.769,240.211,0
59415,0.588,5.094,50.823,322.106,0.601,-2.847,240.211,0
59416,0.465,5.159,50.823,322.106,0.591,-2.912,240.211,0
59417,0.465,5.159,50.791,322.106,0.602,-2.967,240.211,0
59418,0.465,5.159,50.791,322.106,0.594,-2.998,240.211,0
59419,0.465,5.159,50.791,321.844,0.601,-3.005,240.211,0
59420,0.465,5.159,50.791,321.844,0.596,-2.862,240.211,0
59421,0.465,5.159,50.758,322.106,0.599,-2.700,240.211,0
59422,0.465,5.159,50.758,322.106,0.601,-2.750,240.211,0
59423,0.465,5.159,50.725,322.106,0.595,-2.823,240.211,0
59424,0.465,5.159,50.693,322.106,0.603,-2.897,240.211,0
59425,0.465,5.159,50.693,322.106,0.601,-2.939,240.211,0
59426,0.340,5.091,50.660,322.106,0.601,-2.982,240.211,0
59427,0.340,5.091,50.628,321.844,0.595,-3.005,240.211,0
59428,0.340,5.091,50.628,321.844,0.604,-2.974,239.906,0
59429,0.340,5.091,50.595,322.106,0.590,-2.773,240.211,0
59430,0.340,5.091,50.595,322.106,0.600,-2.735,239.906,0
59431,0.340,5.091,50.563,322.106,0.592,-2.812,240.211,0
59432,0.340,5.091,50.563,322.106,0.600,-2.885,240.211,0
59433,0.340,5.091,50.530,322.106,0.601,-2.947,239.906,0
59434,0.340,5.091,50.530,322.106,0.592,-2.994,239.906,0
59435,0.340,5.091,50.563,321.844,0.600,-3.005,239.906,0
59436,0.365,5.021,50.563,322.106,0.595,-2.893,239.906,0
59437,0.365,5.021,50.563,322.369,0.601,-2.731,240.211,0
59438,0.365,5.021,50.563,322.369,0.594,-2.754,240.211,0
59439,0.365,5.021,50.563,322.369,0.601,-2.835,240.211,0
59440,0.365,5.021,50.595,322.106,0.595,-2.908,240.211,0
59441,0.365,5.021,50.595,322.369,0.596,-2.967,240.515,0
59442,0.365,5.021,50.628,322.369,0.603,-3.009,240.211,0
59443,0.365,5.021,50.660,322.369,0.593,-2.990,240.211,0
59444,0.365,5.021,50.660,322.631,0.601,-2.777,239.906,0
59445,0.365,5.021,50.693,322.369,0.592,-2.669,240.211,0
59446,0.389,5.193,50.693,322.369,0.601,-2.758,240.515,0
59447,0.389,5.193,50.725,322.369,0.596,-2.843,240.211,0
59448,0.389,5.193,50.758,322.631,0.596,-2.916,240.211,0
59449,0.389,5.193,50.758,322.894,0.604,-2.971,240.211,0
59450,0.389,5.193,50.791,322.631,0.592,-3.005,240.211,0
59451,0.389,5.193,50.823,322.894,0.602,-2.951,240.211,0
59452,0.389,5.193,50.823,323.156,0.591,-2.773,240.211,0
59453,0.389,5.193,50.823,323.156,0.601,-2.727,240.211,0
59454,0.389,5.193,50.823,323.156,0.596,-2.812,240.211,0
59455,0.389,5.193,50.823,323.419,0.597,-2.885,240.211,0
59456,0.438,5.365,50.823,323.419,0.600,-2.943,240.211,0
59457,0.438,5.365,50.823,323.681,0.595,-2.998,240.211,0
59458,0.438,5.365,50.823,323.419,0.601,-3.005,240.211,0
59459,0.438,5.365,50.791,323.681,0.591,-2.881,240.211,0
59460,0.438,5.365,50.758,323.681,0.603,-2.727,240.211,0
59461,0.438,5.365,50.758,323.944,0.595,-2.777,240.211,0
59462,0.438,5.365,50.725,323.944,0.597,-2.854,240.211,0
59463,0.438,5.365,50.725,323.944,0.600,-2.924,240.211,0
59464,0.438,5.365,50.693,324.206,0.592,-2.967,239.906,0
59465,0.438,5.365,50.693,324.206,0.603,-3.005,239.906,0
59466,0.486,5.540,50.693,323.944,0.590,-2.963,239.906,0
59467,0.486,5.540,50.660,324.206,0.599,-2.804,239.906,0
59468,0.486,5.540,50.628,324.206,0.595,-2.762,240.211,0
59469,0.486,5.540,50.595,324.469,0.598,-2.827,240.211,0
59470,0.486,5.540,50.595,324.469,0.602,-2.893,240.211,0
59471,0.486,5.540,50.563,324.731,0.592,-2.951,239.906,0
59472,0.486,5.540,50.563,324.731,0.600,-2.998,239.906,0
59473,0.486,5.540,50.563,324.731,0.590,-3.009,239.906,0
59474,0.486,5.540,50.563,324.994,0.600,-2.901,239.906,0
59475,0.486,5.540,50.530,324.994,0.596,-2.700,239.906,0
59476,0.489,5.713,50.530,325.256,0.597,-2.719,239.906,0
59477,0.489,5.713,50.530,325.256,0.600,-2.804,239.906,0
59478,0.489,5.713,50.530,325.519,0.595,-2.874,239.906,0
59479,0.489,5.713,50.563,325.519,0.602,-2.928,240.211,0
59480,0.489,5.713,50.563,325.519,0.593,-2.974,239.906,0
59481,0.489,5.713,50.595,325.519,0.603,-3.005,239.906,0
59482,0.489,5.713,50.628,325.519,0.595,-2.990,240.211,0
59483,0.489,5.713,50.628,325.781,0.603,-2.823,240.211,0
59484,0.489,5.713,50.660,325.781,0.598,-2.719,240.211,0
59485,0.489,5.713,50.660,326.044,0.598,-2.781,240.211,0
59486,0.492,5.626,50.693,325.781,0.603,-2.858,240.211,0
59487,0.492,5.626,50.725,325.781,0.592,-2.924,240.211,0
59488,0.492,5.626,50.725,325.781,0.602,-2.967,240.211,0
59489,0.492,5.626,50.758,326.044,0.593,-3.005,240.211,0
59490,0.492,5.626,50.791,325.781,0.603,-2.990,240.211,0
59491,0.492,5.626,50.791,326.044,0.595,-2.827,240.211,0
59492,0.492,5.626,50.791,326.306,0.601,-2.727,240.515,0
59493,0.492,5.626,50.823,326.306,0.598,-2.789,240.820,0
59494,0.492,5.626,50.823,326.306,0.599,-2.862,241.124,0
59495,0.492,5.626,50.823,326.306,0.600,-2.928,241.124,0
59496,0.470,5.538,50.823,326.306,0.597,-2.982,240.820,0
59497,0.470,5.538,50.823,326.569,0.604,-3.005,240.820,0
59498,0.470,5.538,50.823,326.569,0.595,-2.986,240.820,0
59499,0.470,5.538,50.791,326.832,0.604,-2.758,240.820,0
59500,0.470,5.538,50.791,326.832,0.594,-2.654,241.124,0
59501,0.470,5.538,50.758,326.832,0.603,-2.738,240.820,0
59502,0.470,5.538,50.758,326.832,0.596,-2.831,240.820,0
59503,0.470,5.538,50.758,327.094,0.603,-2.901,240.820,0
59504,0.470,5.538,50.725,327.094,0.599,-2.955,240.820,0
59505,0.470,5.538,50.725,327.357,0.598,-3.002,240.820,0
59506,0.447,5.806,50.725,327.094,0.601,-3.002,241.124,0
59507,0.447,5.806,50.660,327.094,0.596,-2.843,240.820,0
59508,0.447,5.806,50.660,327.094,0.603,-2.719,240.820,0
59509,0.447,5.806,50.628,327.094,0.592,-2.769,240.820,0
59510,0.447,5.806,50.628,327.094,0.603,-2.858,240.820,0
59511,0.447,5.806,50.595,327.357,0.595,-2.920,240.820,0
59512,0.447,5.806,50.563,327.357,0.603,-2.978,240.820,0
59513,0.447,5.806,50.563,327.357,0.598,-3.009,240.515,0
59514,0.447,5.806,50.563,327.357,0.599,-2.955,240.515,0
59515,0.447,5.806,50.563,327.357,0.603,-2.735,240.515,0
59516,0.467,6.072,50.530,327.094,0.595,-2.727,240.515,0
59517,0.467,6.072,50.530,327.357,0.604,-2.808,240.515,0
59518,0.467,6.072,50.530,327.357,0.595,-2.885,240.515,0
59519,0.467,6.072,50.563,327.357,0.604,-2.939,240.820,0
59520,0.467,6.072,50.563,327.094,0.594,-2.982,241.124,0
59521,0.467,6.072,50.563,326.832,0.603,-3.013,241.124,0
59522,0.467,6.072,50.595,326.832,0.595,-2.920,240.820,0
59523,0.467,6.072,50.595,327.094,0.601,-2.715,240.820,0
59524,0.467,6.072,50.595,326.832,0.598,-2.696,240.820,0
59525,0.467,6.072,50.628,326.832,0.598,-2.777,240.515,0
59526,0.485,5.787,50.660,326.832,0.601,-2.850,240.820,0
59527,0.485,5.787,50.693,326.569,0.594,-2.912,240.820,0
59528,0.485,5.787,50.725,326.569,0.602,-2.955,240.820,0
59529,0.485,5.787,50.725,326.569,0.592,-2.994,240.820,0
59530,0.485,5.787,50.758,326.306,0.603,-3.002,240.820,0
59531,0.485,5.787,50.791,326.306,0.592,-2.897,240.820,0
59532,0.485,5.787,50.791,326.306,0.603,-2.762,240.820,0
59533,0.485,5.787,50.791,326.306,0.595,-2.796,240.820,0
59534,0.485,5.787,50.823,326.306,0.603,-2.866,240.820,0
59535,0.485,5.787,50.823,326.044,0.595,-2.924,240.820,0
59536,0.451,5.503,50.823,326.044,0.603,-2.971,240.820,0
59537,0.451,5.503,50.823,326.044,0.599,-3.002,241.124,0
59538,0.451,5.503,50.856,325.519,0.598,-3.009,241.124,0
59539,0.451,5.503,50.823,325.781,0.600,-2.866,241.124,0
59540,0.451,5.503,50.791,325.519,0.596,-2.708,241.124,0
59541,0.451,5.503,50.791,325.256,0.603,-2.758,241.124,0
59542,0.451,5.503,50.791,324.994,0.595,-2.839,240.820,0
59543,0.451,5.503,50.758,325.256,0.605,-2.897,240.820,0
59544,0.451,5.503,50.758,324.994,0.594,-2.955,240.820,0
59545,0.451,5.503,50.758,324.994,0.603,-2.994,240.820,0
59546,0.418,5.749,50.725,324.731,0.592,-3.005,240.820,0
59547,0.418,5.749,50.725,324.469,0.602,-2.885,240.820,0
59548,0.418,5.749,50.693,324.206,0.594,-2.731,240.820,0
59549,0.418,5.749,50.660,324.206,0.601,-2.773,240.820,0
59550,0.418,5.749,50.628,324.206,0.597,-2.858,240.820,0
59551,0.418,5.749,50.628,323.944,0.598,-2.924,240.515,0
59552,0.418,5.749,50.595,323.944,0.600,-2.971,240.515,0
59553,0.418,5.749,50.595,323.944,0.593,-3.009,240.515,0
59554,0.418,5.749,50.595,323.681,0.603,-2.998,240.211,0
59555,0.418,5.749,50.563,323.419,0.590,-2.808,239.906,0
59556,0.398,5.994,50.563,323.419,0.603,-2.677,239.906,0
59557,0.398,5.994,50.530,323.156,0.594,-2.746,239.906,0
59558,0.398,5.994,50.530,323.156,0.599,-2.835,239.906,0
59559,0.398,5.994,50.530,323.156,0.600,-2.905,240.211,0
59560,0.398,5.994,50.530,323.156,0.594,-2.959,240.211,0
59561,0.398,5.994,50.563,322.894,0.600,-3.002,240.211,0
59562,0.398,5.994,50.595,322.631,0.592,-3.002,239.906,0
59563,0.398,5.994,50.563,322.631,0.601,-2.847,240.211,0
59564,0.398,5.994,50.595,322.894,0.596,-2.719,240.211,0
59565,0.398,5.994,50.595,322.631,0.594,-2.781,240.211,0
59566,0.378,5.856,50.628,322.631,0.602,-2.866,240.211,0
59567,0.378,5.856,50.628,322.369,0.598,-2.924,240.211,0
59568,0.378,5.856,50.660,322.369,0.600,-2.971,240.211,0
59569,0.378,5.856,50.693,322.106,0.592,-3.009,239.906,0
59570,0.378,5.856,50.725,322.106,0.601,-2.974,239.906,0
59571,0.378,5.856,50.725,322.106,0.591,-2.754,240.211,0
59572,0.378,5.856,50.758,322.106,0.601,-2.704,240.211,0
59573,0.378,5.856,50.758,322.369,0.595,-2.777,239.906,0
59574,0.378,5.856,50.791,322.369,0.600,-2.858,240.211,0
59575,0.378,5.856,50.791,322.106,0.599,-2.924,240.515,0
59576,0.418,5.716,50.791,322.106,0.595,-2.967,240.515,0
59577,0.418,5.716,50.823,321.844,0.604,-3.005,240.211,0
59578,0.418,5.716,50.823,321.844,0.591,-2.959,240.211,0
59579,0.418,5.716,50.791,322.106,0.601,-2.835,239.602,0
59580,0.418,5.716,50.823,322.106,0.595,-2.812,239.602,0
59581,0.418,5.716,50.791,322.106,0.601,-2.866,239.297,0
59582,0.418,5.716,50.791,321.844,0.598,-2.932,239.297,0
59583,0.418,5.716,50.791,322.106,0.594,-2.982,238.993,0
59584,0.418,5.716,50.791,322.106,0.600,-3.013,238.993,0
59585,0.418,5.716,50.791,321.844,0.591,-2.971,239.297,0
59586,0.457,5.734,50.758,322.106,0.601,-2.750,239.297,0
59587,0.457,5.734,50.725,322.106,0.589,-2.689,238.993,0
59588,0.457,5.734,50.725,322.106,0.599,-2.765,238.993,0
59589,0.457,5.734,50.693,322.106,0.590,-2.854,238.689,0
59590,0.457,5.734,50.660,322.106,0.597,-2.912,238.384,0
59591,0.457,5.734,50.660,322.106,0.591,-2.959,238.080,0
59592,0.457,5.734,50.660,322.106,0.594,-2.994,238.080,0
59593,0.457,5.734,50.628,322.369,0.594,-2.990,238.080,0
59594,0.457,5.734,50.595,322.369,0.588,-2.951,237.775,0
59595,0.457,5.734,50.595,322.369,0.595,-2.920,237.775,0
59596,0.361,5.753,50.563,322.369,0.585,-2.951,237.775,0
59597,0.361,5.753,50.563,322.369,0.593,-3.005,237.471,0
59598,0.361,5.753,50.595,322.106,0.584,-2.998,237.471,0
59599,0.361,5.753,50.530,322.369,0.593,-2.816,237.471,0
59600,0.361,5.753,50.530,322.631,0.585,-2.723,237.166,0
59601,0.361,5.753,50.530,322.631,0.591,-2.789,237.166,0
59602,0.361,5.753,50.530,322.369,0.587,-2.866,236.862,0
59603,0.361,5.753,50.563,322.369,0.586,-2.928,236.862,0
59604,0.361,5.753,50.563,322.631,0.590,-2.971,236.557,0
59605,0.361,5.753,50.595,322.631,0.580,-3.013,236.557,0
59606,0.266,5.753,50.595,322.369,0.588,-2.943,236.557,0
59607,0.266,5.753,50.595,322.631,0.578,-2.715,236.557,0
59608,0.266,5.753,50.628,322.631,0.588,-2.708,236.557,0
59609,0.266,5.753,50.660,322.631,0.580,-2.800,236.253,0
59610,0.266,5.753,50.660,322.631,0.585,-2.877,236.253,0
59611,0.266,5.753,50.693,322.894,0.583,-2.939,235.949,0
59612,0.266,5.753,50.725,322.631,0.578,-2.978,235.949,0
59613,0.266,5.753,50.758,322.894,0.585,-3.013,235.949,0
59614,0.266,5.753,50.791,322.894,0.576,-2.943,236.253,0
59615,0.266,5.753,50.758,323.156,0.586,-2.727,235.949,0
59616,0.258,5.751,50.791,323.156,0.576,-2.723,235.644,0
59617,0.258,5.751,50.791,323.156,0.583,-2.812,235.644,0
59618,0.258,5.751,50.791,323.419,0.574,-2.885,235.644,0
59619,0.258,5.751,50.823,323.419,0.583,-2.947,235.340,0
59620,0.258,5.751,50.823,323.681,0.576,-2.998,235.340,0
59621,0.258,5.751,50.856,323.419,0.582,-3.009,235.340,0
59622,0.258,5.751,50.823,323.681,0.578,-2.901,235.035,0
59623,0.258,5.751,50.823,323.944,0.578,-2.735,235.035,0
59624,0.258,5.751,50.791,323.944,0.580,-2.765,235.035,0
59625,0.258,5.751,50.791,324.206,0.574,-2.854,234.731,0
59626,0.250,5.732,50.758,324.206,0.583,-2.920,234.731,0
59627,0.250,5.732,50.758,324.206,0.571,-2.971,234.426,0
59628,0.250,5.732,50.725,324.206,0.582,-3.005,234.426,0
59629,0.250,5.732,50.758,324.206,0.572,-2.994,234.122,0
59630,0.250,5.732,50.693,324.469,0.580,-2.789,234.122,0
59631,0.250,5.732,50.693,324.469,0.571,-2.677,233.817,0
59632,0.250,5.732,50.660,324.469,0.580,-2.742,233.817,0
59633,0.250,5.732,50.628,324.731,0.572,-2.831,233.817,0
59634,0.250,5.732,50.628,324.731,0.579,-2.893,233.817,0
59635,0.250,5.732,50.628,324.994,0.574,-2.951,233.817,0
59636,0.348,5.710,50.595,324.994,0.578,-2.990,233.513,0
59637,0.348,5.710,50.595,324.994,0.573,-3.013,233.513,0
59638,0.348,5.710,50.563,324.994,0.578,-2.897,233.817,0
59639,0.348,5.710,50.563,325.256,0.573,-2.727,233.513,0
59640,0.348,5.710,50.563,325.519,0.574,-2.758,233.513,0
59641,0.348,5.710,50.530,325.519,0.575,-2.839,232.904,0
59642,0.348,5.710,50.530,325.519,0.571,-2.897,232.904,0
59643,0.348,5.710,50.530,325.519,0.579,-2.951,233.513,0
59644,0.348,5.710,50.563,325.781,0.570,-2.986,233.208,0
59645,0.348,5.710,50.563,325.781,0.579,-3.002,233.208,0
59646,0.445,5.629,50.595,325.781,0.570,-2.994,232.904,0
59647,0.445,5.629,50.595,326.044,0.579,-2.781,233.208,0
59648,0.445,5.629,50.595,326.044,0.567,-2.689,232.600,0
59649,0.445,5.629,50.628,326.044,0.574,-2.750,232.295,0
59650,0.445,5.629,50.660,326.306,0.566,-2.831,232.600,0
59651,0.445,5.629,50.693,326.306,0.575,-2.893,233.513,0
59652,0.445,5.629,50.693,326.306,0.567,-2.943,233.208,0
59653,0.445,5.629,50.693,326.306,0.574,-2.990,232.904,0
59654,0.445,5.629,50.758,326.306,0.564,-3.002,232.600,0
59655,0.445,5.629,50.758,326.569,0.574,-2.971,232.600,0
59656,0.345,5.550,50.758,326.569,0.564,-2.889,232.600,0
59657,0.345,5.550,50.791,326.569,0.574,-2.924,232.600,0
59658,0.345,5.550,50.791,326.569,0.563,-2.971,232.295,0
59659,0.345,5.550,50.823,326.832,0.572,-3.013,232.295,0
59660,0.345,5.550,50.823,326.569,0.563,-2.978,231.991,0
59661,0.345,5.550,50.823,326.832,0.571,-2.750,232.295,0
59662,0.345,5.550,50.823,326.832,0.561,-2.681,231.991,0
59663,0.345,5.550,50.823,326.832,0.571,-2.746,231.686,0
59664,0.345,5.550,50.823,326.832,0.561,-2.843,231.686,0
59665,0.345,5.550,50.791,326.832,0.571,-2.916,231.686,0
59666,0.244,5.381,50.791,326.832,0.562,-2.971,231.686,0
59667,0.244,5.381,50.758,326.832,0.569,-3.002,231.686,0
59668,0.244,5.381,50.791,326.832,0.560,-2.990,231.686,0
59669,0.244,5.381,50.725,326.569,0.569,-2.866,231.382,0
59670,0.244,5.381,50.725,326.832,0.560,-2.858,231.077,0
59671,0.244,5.381,50.693,326.832,0.568,-2.916,231.077,0
59672,0.244,5.381,50.693,326.832,0.560,-2.978,231.077,0
59673,0.244,5.381,50.693,326.832,0.567,-3.016,230.773,0
59674,0.244,5.381,50.660,326.832,0.557,-2.924,230.773,0
59675,0.244,5.381,50.628,327.094,0.566,-2.712,230.468,0
59676,0.342,5.210,50.595,326.832,0.558,-2.681,230.468,0
59677,0.342,5.210,50.595,326.832,0.566,-2.769,230.468,0
59678,0.342,5.210,50.563,326.832,0.558,-2.858,230.468,0
59679,0.342,5.210,50.563,326.832,0.566,-2.924,230.468,0
59680,0.342,5.210,50.563,326.832,0.559,-2.974,230.468,0
59681,0.342,5.210,50.563,326.832,0.567,-3.009,230.468,0
59682,0.342,5.210,50.563,326.569,0.558,-2.963,230.468,0
59683,0.342,5.210,50.530,326.569,0.564,-2.742,230.164,0
59684,0.342,5.210,50.530,326.569,0.557,-2.723,230.468,0
59685,0.342,5.210,50.563,326.569,0.563,-2.804,230.164,0
59686,0.439,5.254,50.563,326.569,0.558,-2.874,230.164,0
59687,0.439,5.254,50.563,326.306,0.562,-2.939,229.860,0
59688,0.439,5.254,50.595,326.306,0.558,-2.978,229.860,0
59689,0.439,5.254,50.628,326.044,0.560,-2.998,230.164,0
59690,0.439,5.254,50.660,325.781,0.558,-3.002,230.164,0
59691,0.439,5.254,50.660,325.781,0.560,-2.831,229.860,0
59692,0.439,5.254,50.660,325.781,0.559,-2.727,229.860,0
59693,0.439,5.254,50.693,325.781,0.559,-2.769,229.860,0
59694,0.439,5.254,50.725,325.781,0.562,-2.847,229.860,0
59695,0.439,5.254,50.725,325.781,0.557,-2.908,229.860,0
59696,0.409,5.300,50.758,325.519,0.562,-2.963,230.164,0
59697,0.409,5.300,50.758,325.519,0.557,-2.998,229.860,0
59698,0.409,5.300,50.823,325.256,0.563,-2.998,229.860,0
59699,0.409,5.300,50.823,325.256,0.555,-2.850,230.164,0
59700,0.409,5.300,50.823,325.256,0.560,-2.758,229.860,0
59701,0.409,5.300,50.823,325.256,0.559,-2.796,230.164,0
59702,0.409,5.300,50.823,324.994,0.565,-2.877,230.164,0
59703,0.409,5.300,50.823,324.994,0.554,-2.932,229.860,0
59704,0.409,5.300,50.791,324.731,0.565,-2.974,229.860,0
59705,0.409,5.300,50.791,324.731,0.557,-3.005,229.860,0
59706,0.380,5.516,50.791,324.469,0.564,-2.955,229.860,0
59707,0.380,5.516,50.758,324.469,0.555,-2.823,229.860,0
59708,0.380,5.516,50.758,324.469,0.561,-2.812,229.555,0
59709,0.380,5.516,50.758,323.944,0.563,-2.870,229.555,0
59710,0.380,5.516,50.725,323.944,0.555,-2.928,229.860,0
59711,0.380,5.516,50.725,323.944,0.563,-2.978,229.860,0
59712,0.380,5.516,50.693,323.681,0.555,-3.005,229.555,0
59713,0.380,5.516,50.693,323.419,0.562,-2.943,228.946,0
59714,0.380,5.516,50.660,323.419,0.551,-2.769,228.946,0
59715,0.380,5.516,50.628,323.419,0.559,-2.750,228.946,0
59716,0.384,5.731,50.628,323.156,0.551,-2.823,228.946,0
59717,0.384,5.731,50.595,323.156,0.560,-2.901,228.946,0
59718,0.384,5.731,50.595,322.894,0.554,-2.955,229.251,0
59719,0.384,5.731,50.563,322.631,0.560,-2.998,229.251,0
59720,0.384,5.731,50.563,322.631,0.555,-3.005,229.251,0
59721,0.384,5.731,50.563,322.631,0.560,-2.877,228.946,0
59722,0.384,5.731,50.563,322.631,0.556,-2.731,228.946,0
59723,0.384,5.731,50.563,322.369,0.558,-2.781,228.946,0
59724,0.384,5.731,50.530,322.106,0.558,-2.862,228.946,0
59725,0.384,5.731,50.563,322.106,0.557,-2.928,229.251,0
59726,0.389,5.421,50.563,322.106,0.561,-2.982,229.251,0
59727,0.389,5.421,50.595,322.106,0.555,-3.005,229.555,0
59728,0.389,5.421,50.595,321.844,0.559,-2.928,229.555,0
59729,0.389,5.421,50.595,321.844,0.555,-2.762,229.555,0
59730,0.389,5.421,50.628,321.844,0.562,-2.762,229.555,0
59731,0.389,5.421,50.660,321.844,0.553,-2.843,229.555,0
59732,0.389,5.421,50.660,321.844,0.562,-2.912,229.555,0
59733,0.389,5.421,50.693,321.844,0.553,-2.971,229.555,0
59734,0.389,5.421,50.725,321.844,0.563,-3.009,229.555,0
59735,0.389,5.421,50.758,321.581,0.553,-2.971,229.555,0
59736,0.368,5.110,50.758,322.106,0.563,-2.754,229.555,0
59737,0.368,5.110,50.758,321.844,0.554,-2.708,229.555,0
59738,0.368,5.110,50.791,321.844,0.563,-2.785,229.860,0
59739,0.368,5.110,50.791,321.844,0.555,-2.870,229.860,0
59740,0.368,5.110,50.823,322.106,0.563,-2.928,229.860,0
59741,0.368,5.110,50.823,322.106,0.554,-2.974,229.555,0
59742,0.368,5.110,50.823,321.844,0.562,-3.013,229.555,0
59743,0.368,5.110,50.856,321.844,0.554,-2.963,229.860,0
59744,0.368,5.110,50.823,321.844,0.564,-2.742,229.860,0
59745,0.368,5.110,50.823,321.844,0.555,-2.712,229.860,0
59746,0.346,5.313,50.823,321.844,0.564,-2.792,229.860,0
59747,0.346,5.313,50.791,322.106,0.555,-2.866,229.860,0
59748,0.346,5.313,50.791,322.106,0.564,-2.928,229.860,0
59749,0.346,5.313,50.758,322.106,0.555,-2.971,230.164,0
59750,0.346,5.313,50.758,321.844,0.563,-3.009,229.860,0
59751,0.346,5.313,50.758,321.844,0.555,-2.951,229.860,0
59752,0.346,5.313,50.725,322.106,0.564,-2.792,229.555,0
59753,0.346,5.313,50.725,322.106,0.555,-2.750,229.555,0
59754,0.346,5.313,50.693,322.106,0.563,-2.819,229.555,0
59755,0.346,5.313,50.660,322.369,0.555,-2.881,229.860,0
59756,0.400,5.515,50.660,322.369,0.564,-2.936,229.555,0
59757,0.400,5.515,50.628,322.631,0.556,-2.978,229.555,0
59758,0.400,5.515,50.628,322.369,0.563,-3.005,229.555,0
59759,0.400,5.515,50.595,322.369,0.555,-2.928,229.860,0
59760,0.400,5.515,50.563,322.631,0.566,-2.762,229.860,0
59761,0.400,5.515,50.563,322.894,0.556,-2.750,229.555,0
59762,0.400,5.515,50.563,322.894,0.565,-2.819,229.555,0
59763,0.400,5.515,50.563,322.631,0.556,-2.885,229.555,0
59764,0.400,5.515,50.563,322.894,0.564,-2.943,229.555,0
59765,0.400,5.515,50.530,322.894,0.555,-2.990,229.555,0
59766,0.454,5.468,50.563,322.894,0.563,-3.002,229.555,0
59767,0.454,5.468,50.563,322.894,0.556,-2.978,229.555,0
59768,0.454,5.468,50.563,323.156,0.563,-2.947,229.555,0
59769,0.454,5.468,50.563,322.894,0.557,-2.982,229.555,0
59770,0.454,5.468,50.595,322.894,0.562,-3.005,229.860,0
59771,0.454,5.468,50.595,322.894,0.557,-2.920,229.860,0
59772,0.454,5.468,50.628,323.156,0.562,-2.769,229.555,0
59773,0.454,5.468,50.660,323.156,0.558,-2.781,229.860,0
59774,0.454,5.468,50.660,323.156,0.560,-2.843,229.555,0
59775,0.454,5.468,50.693,323.419,0.558,-2.932,229.860,0
59776,0.447,5.422,50.693,323.419,0.560,-2.971,229.860,0
59777,0.447,5.422,50.725,323.419,0.560,-3.016,230.164,0
59778,0.447,5.422,50.758,323.156,0.559,-2.943,229.860,0
59779,0.447,5.422,50.758,323.419,0.562,-2.769,229.860,0
59780,0.447,5.422,50.791,323.681,0.560,-2.731,229.860,0
59781,0.447,5.422,50.791,323.681,0.563,-2.800,229.555,0
59782,0.447,5.422,50.791,323.681,0.559,-2.889,229.860,0
59783,0.447,5.422,50.823,323.944,0.564,-2.943,230.164,0
59784,0.447,5.422,50.791,323.944,0.559,-2.990,230.164,0
59785,0.447,5.422,50.823,323.944,0.563,-3.005,230.164,0
59786,0.439,5.560,50.823,324.206,0.555,-2.905,230.164,0
59787,0.439,5.560,50.791,324.206,0.564,-2.735,230.164,0
59788,0.439,5.560,50.791,324.469,0.555,-2.769,230.164,0
59789,0.439,5.560,50.758,324.469,0.564,-2.858,229.860,0
59790,0.439,5.560,50.758,324.469,0.555,-2.916,229.860,0
59791,0.439,5.560,50.758,324.469,0.565,-2.978,229.860,0
59792,0.439,5.560,50.725,324.469,0.555,-3.005,229.860,0
59793,0.439,5.560,50.725,324.731,0.563,-2.955,229.860,0
59794,0.439,5.560,50.693,324.994,0.555,-2.843,229.860,0
59795,0.439,5.560,50.660,324.994,0.564,-2.850,229.860,0
59796,0.465,5.699,50.660,325.256,0.557,-2.912,229.860,0
59797,0.465,5.699,50.628,325.256,0.564,-2.967,229.860,0
59798,0.465,5.699,50.628,325.256,0.557,-3.009,229.860,0
59799,0.465,5.699,50.628,325.256,0.564,-2.986,229.860,0
59800,0.465,5.699,50.595,325.519,0.557,-2.785,229.860,0
59801,0.465,5.699,50.563,325.781,0.564,-2.708,229.860,0
59802,0.465,5.699,50.563,325.781,0.558,-2.769,230.164,0
59803,0.465,5.699,50.563,325.781,0.564,-2.854,229.860,0
59804,0.465,5.699,50.563,325.781,0.557,-2.912,229.860,0
59805,0.465,5.699,50.563,325.781,0.564,-2.963,229.860,0
59806,0.492,5.465,50.563,326.044,0.557,-3.005,229.555,0
59807,0.492,5.465,50.563,326.044,0.564,-2.967,229.555,0
59808,0.492,5.465,50.563,326.306,0.555,-2.893,229.860,0
59809,0.492,5.465,50.595,326.306,0.565,-2.881,230.468,0
59810,0.492,5.465,50.595,326.306,0.557,-2.936,230.468,0
59811,0.492,5.465,50.628,326.306,0.567,-2.978,230.468,0
59812,0.492,5.465,50.628,326.306,0.557,-3.009,230.164,0
59813,0.492,5.465,50.660,326.569,0.563,-2.959,230.164,0
59814,0.492,5.465,50.660,326.832,0.560,-2.746,230.468,0
59815,0.492,5.465,50.660,326.832,0.562,-2.731,230.468,0
59816,0.462,5.231,50.693,327.094,0.559,-2.804,230.468,0
59817,0.462,5.231,50.693,327.094,0.560,-2.874,230.164,0
59818,0.462,5.231,50.725,327.094,0.562,-2.932,230.164,0
59819,0.462,5.231,50.758,327.094,0.559,-2.974,230.164,0
59820,0.462,5.231,50.758,327.094,0.562,-3.009,230.468,0
59821,0.462,5.231,50.791,326.832,0.559,-2.955,230.468,0
59822,0.462,5.231,50.791,327.094,0.564,-2.785,230.468,0
59823,0.462,5.231,50.791,327.357,0.558,-2.712,230.468,0
59824,0.462,5.231,50.791,327.094,0.564,-2.785,230.468,0
59825,0.462,5.231,50.791,327.094,0.557,-2.858,230.468,0
59826,0.433,5.196,50.823,327.094,0.566,-2.924,230.164,0
59827,0.433,5.196,50.791,327.094,0.557,-2.967,230.468,0
59828,0.433,5.196,50.791,327.094,0.564,-3.005,230.468,0
59829,0.433,5.196,50.823,326.832,0.556,-2.959,230.164,0
59830,0.433,5.196,50.758,326.832,0.564,-2.781,230.468,0
59831,0.433,5.196,50.758,326.832,0.558,-2.708,230.468,0
59832,0.433,5.196,50.758,326.832,0.566,-2.785,230.468,0
59833,0.433,5.196,50.725,326.832,0.557,-2.866,230.164,0
59834,0.433,5.196,50.725,326.832,0.563,-2.924,230.468,0
59835,0.433,5.196,50.693,326.832,0.557,-2.982,230.164,0
59836,0.476,5.157,50.660,326.569,0.565,-3.002,230.164,0
59837,0.476,5.157,50.660,326.569,0.557,-2.971,230.164,0
59838,0.476,5.157,50.628,326.832,0.562,-2.850,230.164,0
59839,0.476,5.157,50.595,326.569,0.561,-2.843,230.773,0
59840,0.476,5.157,50.595,326.569,0.563,-2.905,230.468,0
59841,0.476,5.157,50.563,326.569,0.561,-2.971,230.468,0
59842,0.476,5.157,50.563,326.569,0.562,-3.009,230.468,0
59843,0.476,5.157,50.595,326.044,0.560,-2.986,230.164,0
59844,0.476,5.157,50.563,326.306,0.567,-2.769,230.468,0
59845,0.476,5.157,50.530,326.306,0.558,-2.689,230.164,0
59846,0.517,5.153,50.563,326.306,0.567,-2.765,230.468,0
59847,0.517,5.153,50.563,326.306,0.557,-2.858,230.468,0
59848,0.517,5.153,50.563,326.044,0.567,-2.920,230.164,0
59849,0.517,5.153,50.563,326.044,0.556,-2.974,230.164,0
59850,0.517,5.153,50.595,326.044,0.562,-3.002,230.164,0
59851,0.517,5.153,50.628,325.519,0.564,-2.967,230.164,0
59852,0.517,5.153,50.595,325.781,0.560,-2.823,230.468,0
59853,0.517,5.153,50.628,325.781,0.563,-2.758,230.468,0
59854,0.517,5.153,50.628,325.519,0.557,-2.816,230.773,0
59855,0.517,5.153,50.660,325.519,0.564,-2.893,230.773,0
59856,0.441,5.150,50.693,325.519,0.557,-2.951,230.164,0
59857,0.441,5.150,50.693,325.519,0.564,-2.986,230.164,0
59858,0.441,5.150,50.725,324.994,0.557,-3.009,230.468,0
59859,0.441,5.150,50.758,324.994,0.566,-2.877,230.468,0
59860,0.441,5.150,50.758,324.994,0.558,-2.723,230.164,0
59861,0.441,5.150,50.758,324.731,0.566,-2.754,230.468,0
59862,0.441,5.150,50.758,324.994,0.557,-2.827,230.468,0
59863,0.441,5.150,50.791,324.731,0.566,-2.897,230.468,0
59864,0.441,5.150,50.791,324.731,0.557,-2.947,230.468,0
59865,0.441,5.150,50.791,324.469,0.568,-2.990,230.773,0
59866,0.365,5.421,50.823,324.206,0.558,-3.005,230.468,0
59867,0.365,5.421,50.823,324.206,0.567,-2.967,230.468,0
59868,0.365,5.421,50.791,324.206,0.558,-2.951,230.468,0
59869,0.365,5.421,50.791,324.206,0.565,-2.908,230.773,0
59870,0.365,5.421,50.758,323.944,0.559,-2.943,230.773,0
59871,0.365,5.421,50.758,323.681,0.563,-2.994,230.468,0
59872,0.365,5.421,50.758,323.419,0.558,-3.009,229.860,0
59873,0.365,5.421,50.725,323.419,0.563,-2.924,229.860,0
59874,0.365,5.421,50.693,323.419,0.558,-2.735,229.860,0
59875,0.365,5.421,50.693,323.156,0.563,-2.758,229.860,0
59876,0.358,5.691,50.660,323.156,0.558,-2.839,229.860,0
59877,0.358,5.691,50.660,323.156,0.564,-2.905,229.555,0
59878,0.358,5.691,50.628,323.156,0.557,-2.955,229.860,0
59879,0.358,5.691,50.595,322.894,0.566,-2.998,229.860,0
59880,0.358,5.691,50.628,322.369,0.557,-2.998,229.860,0
59881,0.358,5.691,50.595,322.369,0.566,-2.839,229.860,0
59882,0.358,5.691,50.595,322.631,0.557,-2.750,229.555,0
59883,0.358,5.691,50.563,322.369,0.564,-2.804,229.860,0
59884,0.358,5.691,50.563,322.369,0.556,-2.877,229.860,0
59885,0.358,5.691,50.563,322.106,0.566,-2.936,229.860,0
59886,0.351,5.500,50.563,322.106,0.557,-2.982,229.555,0
59887,0.351,5.500,50.563,322.106,0.563,-3.016,229.555,0
59888,0.351,5.500,50.595,321.844,0.557,-2.943,229.555,0
59889,0.351,5.500,50.563,322.106,0.563,-2.727,229.860,0
59890,0.351,5.500,50.563,321.844,0.558,-2.712,229.860,0
59891,0.351,5.500,50.595,321.581,0.564,-2.804,229.860,0
59892,0.351,5.500,50.595,321.581,0.559,-2.881,229.860,0
59893,0.351,5.500,50.628,321.581,0.562,-2.939,230.164,0
59894,0.351,5.500,50.628,321.581,0.562,-2.990,229.860,0
59895,0.351,5.500,50.660,321.319,0.561,-3.002,229.860,0
59896,0.568,5.307,50.693,321.319,0.561,-2.912,229.860,0
59897,0.568,5.307,50.693,321.581,0.562,-2.769,229.860,0
59898,0.568,5.307,50.693,321.844,0.563,-2.781,229.860,0
59899,0.568,5.307,50.725,321.581,0.562,-2.866,229.860,0
59900,0.568,5.307,50.758,321.581,0.562,-2.936,229.860,0
59901,0.568,5.307,50.758,321.581,0.561,-2.978,229.860,0
59902,0.568,5.307,50.791,321.581,0.562,-3.013,229.860,0
59903,0.568,5.307,50.791,321.581,0.561,-2.928,229.860,0
59904,0.568,5.307,50.823,321.844,0.562,-2.723,229.860,0
59905,0.568,5.307,50.791,321.844,0.563,-2.731,230.164,0
59906,0.786,5.321,50.791,321.844,0.562,-2.816,230.164,0
59907,0.786,5.321,50.791,321.844,0.561,-2.889,230.164,0
59908,0.786,5.321,50.791,322.106,0.561,-2.947,229.860,0
59909,0.786,5.321,50.791,322.106,0.562,-2.990,230.164,0
59910,0.786,5.321,50.791,322.106,0.561,-3.013,229.860,0
59911,0.786,5.321,50.791,321.844,0.563,-2.939,229.860,0
59912,0.786,5.321,50.725,322.106,0.559,-2.719,229.860,0
59913,0.786,5.321,50.758,321.844,0.563,-2.700,229.860,0
59914,0.786,5.321,50.725,322.106,0.562,-2.785,229.860,0
59915,0.786,5.321,50.693,322.106,0.563,-2.862,229.860,0
59916,0.611,5.338,50.693,322.106,0.562,-2.924,229.860,0
59917,0.611,5.338,50.660,322.369,0.563,-2.967,229.860,0
59918,0.611,5.338,50.660,322.631,0.562,-3.005,229.860,0
59919,0.611,5.338,50.660,322.369,0.563,-2.963,229.860,0
59920,0.611,5.338,50.628,322.631,0.563,-2.854,230.164,0
59921,0.611,5.338,50.595,322.631,0.566,-2.808,230.164,0
59922,0.611,5.338,50.595,322.894,0.563,-2.858,229.860,0
59923,0.611,5.338,50.563,322.894,0.562,-2.920,229.860,0
59924,0.611,5.338,50.563,322.894,0.564,-2.974,229.860,0
59925,0.611,5.338,50.563,322.894,0.560,-3.005,230.164,0
59926,0.436,5.388,50.595,322.631,0.563,-2.959,230.164,0
59927,0.436,5.388,50.563,323.156,0.560,-2.792,230.164,0
59928,0.436,5.388,50.563,323.156,0.567,-2.727,229.860,0
59929,0.436,5.388,50.563,323.156,0.558,-2.785,229.555,0
59930,0.436,5.388,50.563,323.419,0.566,-2.866,229.555,0
59931,0.436,5.388,50.595,323.419,0.558,-2.920,229.860,0
59932,0.436,5.388,50.595,323.156,0.567,-2.967,229.860,0
59933,0.436,5.388,50.595,323.156,0.557,-3.002,229.555,0
59934,0.436,5.388,50.660,323.156,0.566,-2.963,229.555,0
59935,0.436,5.388,50.628,323.419,0.557,-2.854,229.860,0
59936,0.463,5.438,50.660,323.419,0.566,-2.789,229.860,0
59937,0.463,5.438,50.693,323.681,0.558,-2.847,229.860,0
59938,0.463,5.438,50.693,323.681,0.566,-2.908,230.164,0
59939,0.463,5.438,50.725,323.681,0.558,-2.963,229.860,0
59940,0.463,5.438,50.725,323.681,0.566,-3.005,230.164,0
59941,0.463,5.438,50.791,323.681,0.557,-2.990,230.164,0
59942,0.463,5.438,50.758,323.944,0.567,-2.831,230.164,0
59943,0.463,5.438,50.791,323.944,0.558,-2.731,230.164,0
59944,0.463,5.438,50.791,324.206,0.567,-2.792,229.860,0
59945,0.463,5.438,50.791,323.944,0.558,-2.862,230.164,0
59946,0.489,5.394,50.823,323.944,0.567,-2.932,230.164,0
59947,0.489,5.394,50.823,324.206,0.558,-2.982,230.164,0
59948,0.489,5.394,50.823,324.206,0.566,-3.009,230.164,0
59949,0.489,5.394,50.823,324.206,0.558,-2.978,229.860,0
59950,0.489,5.394,50.823,324.469,0.567,-2.769,229.860,0
59951,0.489,5.394,50.791,324.469,0.560,-2.704,230.164,0
59952,0.489,5.394,50.791,324.469,0.565,-2.789,230.164,0
59953,0.489,5.394,50.758,324.469,0.560,-2.874,230.164,0
59954,0.489,5.394,50.758,324.731,0.566,-2.932,229.860,0
59955,0.489,5.394,50.725,324.731,0.559,-2.982,229.860,0
59956,0.403,5.353,50.725,324.731,0.566,-3.009,230.164,0
59957,0.403,5.353,50.725,324.994,0.560,-2.928,230.164,0
59958,0.403,5.353,50.660,325.256,0.567,-2.738,230.164,0
59959,0.403,5.353,50.660,325.519,0.561,-2.719,230.164,0
59960,0.403,5.353,50.628,325.519,0.567,-2.808,230.164,0
59961,0.403,5.353,50.628,325.519,0.559,-2.877,230.164,0
59962,0.403,5.353,50.595,325.781,0.564,-2.939,230.164,0
59963,0.403,5.353,50.563,325.781,0.559,-2.982,230.164,0
59964,0.403,5.353,50.563,325.781,0.566,-3.009,229.860,0
59965,0.403,5.353,50.563,325.781,0.558,-2.924,229.860,0
59966,0.314,5.254,50.530,326.044,0.565,-2.762,229.860,0
59967,0.314,5.254,50.530,326.044,0.558,-2.750,229.860,0
59968,0.314,5.254,50.530,326.306,0.564,-2.827,230.468,0
59969,0.314,5.254,50.530,326.306,0.558,-2.901,230.468,0
59970,0.314,5.254,50.530,326.569,0.565,-2.947,230.164,0
59971,0.314,5.254,50.563,326.569,0.559,-2.990,230.468,0
59972,0.314,5.254,50.563,326.306,0.568,-3.009,230.468,0
59973,0.314,5.254,50.595,326.306,0.559,-2.943,230.468,0
59974,0.314,5.254,50.563,326.569,0.567,-2.727,230.468,0
59975,0.314,5.254,50.595,326.832,0.558,-2.715,230.468,0
59976,0.355,5.154,50.628,326.832,0.566,-2.789,230.468,0
59977,0.355,5.154,50.660,326.832,0.562,-2.866,230.773,0
59978,0.355,5.154,50.693,327.094,0.565,-2.920,230.468,0
59979,0.355,5.154,50.693,327.094,0.560,-2.967,230.468,0
59980,0.355,5.154,50.725,327.094,0.564,-3.002,230.468,0
59981,0.355,5.154,50.758,327.094,0.562,-3.002,230.773,0
59982,0.355,5.154,50.758,327.094,0.564,-2.897,230.773,0
59983,0.355,5.154,50.791,327.357,0.563,-2.773,230.773,0
59984,0.355,5.154,50.823,327.357,0.563,-2.808,230.773,0
59985,0.355,5.154,50.823,327.357,0.564,-2.874,230.773,0
59986,0.395,5.171,50.823,327.357,0.569,-2.936,230.468,0
59987,0.395,5.171,50.823,327.094,0.557,-2.974,230.773,0
59988,0.395,5.171,50.856,327.094,0.568,-3.005,230.468,0
59989,0.395,5.171,50.856,326.832,0.558,-2.978,230.468,0
59990,0.395,5.171,50.823,327.094,0.567,-2.781,230.773,0
59991,0.395,5.171,50.823,327.094,0.565,-2.700,230.773,0
59992,0.395,5.171,50.823,327.094,0.560,-2.758,230.468,0
59993,0.395,5.171,50.791,326.832,0.567,-2.839,230.468,0
59994,0.395,5.171,50.791,326.832,0.560,-2.901,230.468,0
59995,0.395,5.171,50.758,326.832,0.567,-2.951,230.468,0
59996,0.409,5.187,50.758,326.832,0.560,-2.994,230.468,0
59997,0.409,5.187,50.758,326.569,0.568,-3.005,230.773,0
59998,0.409,5.187,50.725,326.569,0.559,-2.951,230.468,0
59999,0.409,5.187,50.693,326.832,0.567,-2.905,230.773,0
60000,0.409,5.187,50.693,326.569,0.559,-2.932,230.468,0
60001,0.409,5.187,50.660,326.306,0.568,-2.978,230.468,0
60002,0.409,5.187,50.660,326.306,0.558,-3.013,230.773,0
60003,0.409,5.187,50.660,326.044,0.568,-2.955,230.468,0
60004,0.409,5.187,50.628,326.306,0.558,-2.723,230.468,0
60005,0.409,5.187,50.595,326.306,0.568,-2.700,230.468,0
60006,0.422,5.232,50.563,326.044,0.558,-2.785,230.468,0
60007,0.422,5.232,50.563,325.781,0.566,-2.870,230.164,0
60008,0.422,5.232,50.530,325.781,0.558,-2.928,230.468,0
60009,0.422,5.232,50.530,325.781,0.568,-2.978,230.164,0
60010,0.422,5.232,50.563,325.781,0.558,-3.009,230.468,0
60011,0.422,5.232,50.563,325.519,0.567,-2.943,230.468,0
60012,0.422,5.232,50.530,325.519,0.559,-2.777,230.468,0
60013,0.422,5.232,50.563,325.256,0.568,-2.754,230.468,0
60014,0.422,5.232,50.563,325.256,0.558,-2.835,230.468,0
60015,0.422,5.232,50.563,325.256,0.566,-2.905,230.468,0
60016,0.488,5.275,50.563,325.256,0.558,-2.963,230.468,0
60017,0.488,5.275,50.595,325.256,0.566,-3.002,230.164,0
60018,0.488,5.275,50.628,324.994,0.558,-3.005,230.164,0
60019,0.488,5.275,50.628,324.994,0.564,-2.823,230.468,0
60020,0.488,5.275,50.660,325.256,0.560,-2.669,230.468,0
60021,0.488,5.275,50.693,324.731,0.564,-2.731,230.468,0
60022,0.488,5.275,50.693,324.731,0.562,-2.816,230.468,0
60023,0.488,5.275,50.725,324.731,0.563,-2.889,230.773,0
60024,0.488,5.275,50.758,324.469,0.563,-2.936,230.773,0
60025,0.488,5.275,50.758,324.469,0.562,-2.982,230.773,0
60026,0.552,5.293,50.791,324.206,0.565,-3.002,230.773,0
60027,0.552,5.293,50.823,323.944,0.560,-2.951,230.773,0
60028,0.552,5.293,50.823,323.944,0.566,-2.800,230.773,0
60029,0.552,5.293,50.823,323.944,0.560,-2.773,230.773,0
60030,0.552,5.293,50.823,323.681,0.566,-2.839,230.468,0
60031,0.552,5.293,50.823,323.681,0.558,-2.897,229.860,0
60032,0.552,5.293,50.823,323.681,0.564,-2.951,229.860,0
60033,0.552,5.293,50.823,323.419,0.558,-2.994,229.860,0
60034,0.552,5.293,50.823,323.156,0.564,-3.005,230.164,0
60035,0.552,5.293,50.823,323.156,0.559,-2.908,229.860,0
60036,0.352,5.312,50.791,322.894,0.564,-2.735,229.860,0
60037,0.352,5.312,50.791,322.894,0.558,-2.742,229.860,0
60038,0.352,5.312,50.758,322.894,0.562,-2.819,229.860,0
60039,0.352,5.312,50.725,322.894,0.561,-2.885,230.164,0
60040,0.352,5.312,50.725,322.894,0.562,-2.936,230.164,0
60041,0.352,5.312,50.693,322.631,0.562,-2.974,230.164,0
60042,0.352,5.312,50.660,322.631,0.561,-3.002,229.860,0
60043,0.352,5.312,50.693,322.369,0.563,-2.998,230.164,0
60044,0.352,5.312,50.628,322.631,0.560,-2.870,229.860,0
60045,0.352,5.312,50.628,322.369,0.563,-2.792,230.164,0
60046,0.153,5.376,50.628,322.369,0.558,-2.847,230.164,0
60047,0.153,5.376,50.595,322.106,0.565,-2.908,229.860,0
60048,0.153,5.376,50.595,322.106,0.555,-2.955,229.860,0
60049,0.153,5.376,50.563,322.106,0.566,-2.994,229.860,0
60050,0.153,5.376,50.563,321.844,0.556,-3.002,229.555,0
60051,0.153,5.376,50.563,321.844,0.566,-2.885,229.860,0
60052,0.153,5.376,50.563,321.844,0.557,-2.781,229.860,0
60053,0.153,5.376,50.563,321.581,0.567,-2.819,229.860,0
60054,0.153,5.376,50.563,321.581,0.557,-2.889,229.860,0
60055,0.153,5.376,50.563,321.581,0.565,-2.947,229.860,0
60056,0.226,5.440,50.563,321.581,0.557,-2.990,229.860,0
60057,0.226,5.440,50.595,321.581,0.565,-3.016,229.860,0
60058,0.226,5.440,50.595,321.581,0.558,-2.924,229.860,0
60059,0.226,5.440,50.628,321.844,0.566,-2.692,229.860,0
60060,0.226,5.440,50.628,321.844,0.557,-2.692,229.860,0
60061,0.226,5.440,50.660,321.581,0.566,-2.781,229.860,0
60062,0.226,5.440,50.660,321.581,0.557,-2.858,229.860,0
60063,0.226,5.440,50.693,321.581,0.565,-2.920,229.860,0
60064,0.226,5.440,50.725,321.844,0.558,-2.971,229.860,0
60065,0.226,5.440,50.758,321.844,0.566,-3.002,229.860,0
60066,0.298,5.399,50.791,321.581,0.558,-2.967,229.860,0
60067,0.298,5.399,50.791,321.844,0.564,-2.819,229.860,0
60068,0.298,5.399,50.791,321.844,0.556,-2.750,229.860,0
60069,0.298,5.399,50.823,321.844,0.563,-2.819,230.164,0
60070,0.298,5.399,50.823,322.106,0.557,-2.889,229.860,0
60071,0.298,5.399,50.823,322.106,0.565,-2.951,230.164,0
60072,0.298,5.399,50.823,322.369,0.558,-2.998,229.860,0
60073,0.298,5.399,50.856,321.844,0.563,-3.009,229.860,0
60074,0.298,5.399,50.823,322.106,0.557,-2.854,229.860,0
60075,0.298,5.399,50.823,322.369,0.566,-2.700,229.860,0
60076,0.293,5.359,50.791,322.369,0.557,-2.750,229.860,0
60077,0.293,5.359,50.791,322.369,0.566,-2.835,230.164,0
60078,0.293,5.359,50.758,322.631,0.559,-2.901,230.164,0
60079,0.293,5.359,50.758,322.631,0.566,-2.955,230.164,0
60080,0.293,5.359,50.725,322.631,0.559,-2.994,230.164,0
60081,0.293,5.359,50.725,322.631,0.566,-3.009,230.164,0
60082,0.293,5.359,50.725,322.631,0.558,-2.897,230.164,0
60083,0.293,5.359,50.660,322.894,0.565,-2.727,230.164,0
60084,0.293,5.359,50.660,322.894,0.558,-2.735,230.164,0
60085,0.293,5.359,50.628,323.156,0.566,-2.816,229.860,0
60086,0.288,5.391,50.628,323.156,0.557,-2.897,229.860,0
60087,0.288,5.391,50.595,323.156,0.564,-2.936,229.860,0
60088,0.288,5.391,50.595,323.156,0.556,-2.974,229.860,0
60089,0.288,5.391,50.563,323.156,0.563,-3.005,229.860,0
60090,0.288,5.391,50.595,323.156,0.557,-2.967,229.860,0
60091,0.288,5.391,50.563,323.419,0.562,-2.831,229.555,0
60092,0.288,5.391,50.530,323.681,0.558,-2.762,229.555,0
60093,0.288,5.391,50.530,323.681,0.561,-2.819,229.860,0
60094,0.288,5.391,50.530,323.419,0.560,-2.885,229.860,0
60095,0.288,5.391,50.563,323.681,0.560,-2.936,229.860,0
60096,0.263,5.424,50.563,323.944,0.561,-2.974,229.860,0
60097,0.263,5.424,50.563,323.944,0.560,-3.005,229.555,0
60098,0.263,5.424,50.595,323.681,0.563,-2.963,229.860,0
60099,0.263,5.424,50.595,324.206,0.558,-2.843,229.860,0
60100,0.263,5.424,50.628,324.206,0.564,-2.777,229.860,0
60101,0.263,5.424,50.660,324.206,0.558,-2.831,229.860,0
60102,0.263,5.424,50.660,324.206,0.565,-2.905,229.860,0
60103,0.263,5.424,50.693,324.206,0.557,-2.947,230.164,0
60104,0.263,5.424,50.725,324.469,0.565,-2.994,230.164,0
60105,0.263,5.424,50.758,324.469,0.556,-3.005,230.164,0
60106,0.238,5.475,50.791,324.206,0.566,-2.990,229.860,0
60107,0.238,5.475,50.791,324.469,0.555,-2.796,229.860,0
60108,0.238,5.475,50.791,324.469,0.564,-2.696,229.860,0
60109,0.238,5.475,50.823,324.469,0.555,-2.769,229.555,0
60110,0.238,5.475,50.823,324.731,0.564,-2.858,229.860,0
60111,0.238,5.475,50.823,324.731,0.556,-2.905,230.164,0
60112,0.238,5.475,50.823,324.994,0.564,-2.959,229.860,0
60113,0.238,5.475,50.823,324.994,0.555,-2.998,230.164,0
60114,0.238,5.475,50.823,324.731,0.563,-3.013,229.860,0
60115,0.238,5.475,50.823,324.994,0.555,-2.916,229.860,0
60116,0.378,5.525,50.791,324.994,0.564,-2.723,230.164,0
60117,0.378,5.525,50.791,325.256,0.557,-2.727,230.164,0
60118,0.378,5.525,50.758,325.256,0.566,-2.812,229.555,0
60119,0.378,5.525,50.758,325.256,0.563,-2.885,229.860,0
60120,0.378,5.525,50.725,325.519,0.557,-2.939,229.860,0
60121,0.378,5.525,50.725,325.519,0.564,-2.986,230.164,0
60122,0.378,5.525,50.725,325.519,0.559,-3.009,230.164,0
60123,0.378,5.525,50.693,325.519,0.566,-2.928,229.860,0
60124,0.378,5.525,50.660,325.781,0.558,-2.750,230.164,0
60125,0.378,5.525,50.628,326.044,0.564,-2.723,229.860,0
60126,0.518,5.447,50.628,326.044,0.555,-2.808,229.251,0
60127,0.518,5.447,50.595,326.306,0.557,-2.889,230.468,0
60128,0.518,5.447,50.595,326.306,0.566,-2.947,230.468,0
60129,0.518,5.447,50.563,326.306,0.563,-2.986,230.468,0
60130,0.518,5.447,50.595,326.569,0.558,-3.005,230.164,0
60131,0.518,5.447,50.563,326.569,0.564,-2.908,230.468,0
60132,0.518,5.447,50.530,326.832,0.557,-2.746,230.468,0
60133,0.518,5.447,50.563,326.832,0.564,-2.758,230.468,0
60134,0.518,5.447,50.563,326.832,0.557,-2.835,230.468,0
60135,0.518,5.447,50.563,326.832,0.565,-2.905,230.164,0
60136,0.424,5.372,50.563,327.094,0.556,-2.951,230.164,0
60137,0.424,5.372,50.563,327.094,0.567,-2.994,230.468,0
60138,0.424,5.372,50.595,326.832,0.558,-3.009,230.468,0
60139,0.424,5.372,50.595,327.094,0.566,-2.893,230.468,0
60140,0.424,5.372,50.595,327.357,0.557,-2.723,230.468,0
60141,0.424,5.372,50.628,327.357,0.565,-2.754,230.468,0
60142,0.424,5.372,50.660,327.357,0.556,-2.827,230.164,0
60143,0.424,5.372,50.660,327.094,0.566,-2.893,230.468,0
60144,0.424,5.372,50.693,327.357,0.557,-2.943,230.773,0
60145,0.424,5.372,50.693,327.357,0.567,-2.978,230.468,0
60146,0.331,5.435,50.758,327.357,0.558,-3.005,230.164,0
60147,0.331,5.435,50.758,327.094,0.566,-2.963,230.773,0
60148,0.331,5.435,50.758,327.094,0.557,-2.785,230.773,0
60149,0.331,5.435,50.791,327.357,0.566,-2.758,230.773,0
60150,0.331,5.435,50.791,327.357,0.559,-2.827,230.773,0
60151,0.331,5.435,50.791,327.357,0.566,-2.893,230.773,0
60152,0.331,5.435,50.823,327.357,0.559,-2.939,230.773,0
60153,0.331,5.435,50.823,327.357,0.567,-2.974,230.773,0
60154,0.331,5.435,50.823,327.094,0.558,-3.005,230.773,0
60155,0.331,5.435,50.856,326.832,0.565,-2.959,230.468,0
60156,0.305,5.497,50.791,327.094,0.560,-2.839,230.773,0
60157,0.305,5.497,50.791,326.832,0.567,-2.769,230.773,0
60158,0.305,5.497,50.791,326.832,0.560,-2.827,230.773,0
60159,0.305,5.497,50.758,326.832,0.566,-2.893,230.773,0
60160,0.305,5.497,50.758,326.832,0.560,-2.939,230.773,0
60161,0.305,5.497,50.725,326.832,0.566,-2.986,230.773,0
60162,0.305,5.497,50.725,326.306,0.559,-3.002,230.773,0
60163,0.305,5.497,50.725,326.306,0.563,-2.928,230.468,0
60164,0.305,5.497,50.693,326.306,0.560,-2.831,230.468,0
60165,0.305,5.497,50.660,326.306,0.562,-2.858,230.773,0
60166,0.281,5.575,50.660,326.306,0.561,-2.912,230.468,0
60167,0.281,5.575,50.628,326.044,0.562,-2.971,230.468,0
60168,0.281,5.575,50.595,326.044,0.562,-3.002,230.468,0
60169,0.281,5.575,50.595,325.519,0.560,-2.998,230.164,0
60170,0.281,5.575,50.563,325.781,0.563,-2.796,230.468,0
60171,0.281,5.575,50.563,325.781,0.558,-2.685,230.468,0
60172,0.281,5.575,50.530,325.519,0.564,-2.754,230.468,0
60173,0.281,5.575,50.530,325.519,0.558,-2.843,230.468,0
60174,0.281,5.575,50.530,325.256,0.565,-2.908,230.468,0
60175,0.281,5.575,50.530,324.994,0.557,-2.963,230.164,0
60176,0.346,5.653,50.530,324.994,0.563,-3.002,230.164,0
60177,0.346,5.653,50.563,324.731,0.557,-2.998,230.164,0
60178,0.346,5.653,50.563,324.731,0.565,-2.823,230.164,0
60179,0.346,5.653,50.563,324.731,0.557,-2.738,230.164,0
60180,0.346,5.653,50.595,324.731,0.566,-2.792,230.468,0
60181,0.346,5.653,50.628,324.731,0.557,-2.874,230.468,0
60182,0.346,5.653,50.628,324.731,0.566,-2.936,230.468,0
60183,0.346,5.653,50.660,324.469,0.557,-2.986,230.468,0
60184,0.346,5.653,50.693,324.206,0.566,-3.002,230.468,0
60185,0.346,5.653,50.725,324.206,0.557,-2.916,230.468,0
60186,0.412,5.560,50.758,324.206,0.567,-2.789,230.468,0
60187,0.412,5.560,50.791,324.206,0.558,-2.808,230.468,0
60188,0.412,5.560,50.791,323.944,0.566,-2.877,230.468,0
60189,0.412,5.560,50.791,323.681,0.558,-2.936,230.468,0
60190,0.412,5.560,50.823,323.681,0.564,-2.978,229.860,0
60191,0.412,5.560,50.856,323.681,0.556,-3.005,230.164,0
60192,0.412,5.560,50.856,323.419,0.563,-2.943,229.860,0
60193,0.412,5.560,50.856,323.419,0.556,-2.769,229.860,0
60194,0.412,5.560,50.856,323.156,0.566,-2.742,229.860,0
60195,0.412,5.560,50.856,322.894,0.558,-2.816,230.164,0
60196,0.438,5.469,50.823,322.894,0.566,-2.881,230.468,0
60197,0.438,5.469,50.823,322.894,0.557,-2.939,229.860,0
60198,0.438,5.469,50.823,322.631,0.565,-2.982,229.860,0
60199,0.438,5.469,50.823,322.631,0.558,-3.005,229.860,0
60200,0.438,5.469,50.791,322.631,0.565,-2.939,229.860,0
60201,0.438,5.469,50.758,322.631,0.557,-2.781,229.860,0
60202,0.438,5.469,50.758,322.631,0.566,-2.769,229.860,0
60203,0.438,5.469,50.725,322.369,0.557,-2.843,229.860,0
60204,0.438,5.469,50.693,322.369,0.565,-2.905,229.860,0
60205,0.438,5.469,50.693,322.369,0.556,-2.951,229.860,0
60206,0.462,5.631,50.660,322.369,0.565,-2.986,229.860,0
60207,0.462,5.631,50.660,322.369,0.557,-3.009,229.860,0
60208,0.462,5.631,50.660,322.106,0.566,-2.939,229.860,0
60209,0.462,5.631,50.628,322.106,0.557,-2.742,229.860,0
60210,0.462,5.631,50.595,322.106,0.564,-2.742,229.860,0
60211,0.462,5.631,50.595,322.106,0.558,-2.816,229.860,0
60212,0.462,5.631,50.563,322.106,0.562,-2.881,229.860,0
60213,0.462,5.631,50.563,322.106,0.559,-2.936,229.860,0
60214,0.462,5.631,50.563,322.106,0.562,-2.978,229.860,0
60215,0.462,5.631,50.563,321.844,0.559,-2.998,229.860,0
60216,0.346,5.796,50.563,321.844,0.561,-3.005,229.555,0
60217,0.346,5.796,50.563,321.844,0.561,-2.982,229.860,0
60218,0.346,5.796,50.563,321.844,0.560,-2.912,229.860,0
60219,0.346,5.796,50.563,321.844,0.563,-2.920,229.860,0
60220,0.346,5.796,50.595,321.844,0.558,-2.967,229.860,0
60221,0.346,5.796,50.595,321.844,0.564,-3.005,229.860,0
60222,0.346,5.796,50.628,321.581,0.557,-2.986,229.860,0
60223,0.346,5.796,50.628,321.844,0.565,-2.765,229.860,0
60224,0.346,5.796,50.628,321.844,0.557,-2.681,229.860,0
60225,0.346,5.796,50.660,321.844,0.566,-2.758,229.860,0
60226,0.229,5.697,50.693,321.844,0.559,-2.839,230.164,0
60227,0.229,5.697,50.693,322.106,0.564,-2.908,230.164,0
60228,0.229,5.697,50.693,321.844,0.557,-2.955,230.164,0
60229,0.229,5.697,50.725,321.844,0.564,-3.002,230.164,0
60230,0.229,5.697,50.758,321.581,0.558,-2.998,230.164,0
60231,0.229,5.697,50.758,321.844,0.563,-2.816,229.860,0
60232,0.229,5.697,50.791,322.106,0.558,-2.727,229.860,0
60233,0.229,5.697,50.791,322.106,0.564,-2.792,229.860,0
60234,0.229,5.697,50.791,322.106,0.557,-2.870,229.860,0
60235,0.229,5.697,50.791,322.106,0.562,-2.928,229.860,0
60236,0.279,5.597,50.823,322.106,0.557,-2.982,229.860,0
60237,0.279,5.597,50.823,322.369,0.563,-3.005,229.860,0
60238,0.279,5.597,50.823,322.369,0.558,-2.932,229.860,0
60239,0.279,5.597,50.791,322.369,0.563,-2.773,229.860,0
60240,0.279,5.597,50.791,322.631,0.560,-2.762,229.860,0
60241,0.279,5.597,50.791,322.894,0.563,-2.835,229.860,0
60242,0.279,5.597,50.758,322.894,0.560,-2.908,229.860,0
60243,0.279,5.597,50.758,322.894,0.562,-2.959,229.251,0
60244,0.279,5.597,50.725,322.894,0.558,-3.005,229.251,0
60245,0.279,5.597,50.758,322.631,0.561,-2.967,229.251,0
60246,0.330,5.700,50.693,323.156,0.557,-2.862,228.946,0
60247,0.330,5.700,50.693,323.419,0.560,-2.792,228.946,0
60248,0.330,5.700,50.660,323.419,0.554,-2.850,228.642,0
60249,0.330,5.700,50.660,323.156,0.559,-2.916,228.642,0
60250,0.330,5.700,50.628,323.156,0.553,-2.967,228.642,0
60251,0.330,5.700,50.595,323.419,0.560,-3.002,228.642,0
60252,0.330,5.700,50.628,323.419,0.552,-2.994,228.337,0
60253,0.330,5.700,50.595,323.419,0.550,-2.877,228.033,0
60254,0.330,5.700,50.563,323.681,0.550,-2.750,228.033,0
60255,0.330,5.700,50.563,323.681,0.559,-2.804,228.337,0
60256,0.494,5.800,50.530,323.681,0.550,-2.874,227.728,0
60257,0.494,5.800,50.530,323.681,0.558,-2.924,227.728,0
60258,0.494,5.800,50.530,323.944,0.550,-2.971,228.033,0
60259,0.494,5.800,50.530,323.944,0.558,-3.002,227.728,0
60260,0.494,5.800,50.563,323.944,0.554,-2.990,227.728,0
60261,0.494,5.800,50.563,324.206,0.551,-2.854,227.728,0
60262,0.494,5.800,50.563,324.469,0.555,-2.762,227.728,0
60263,0.494,5.800,50.595,324.469,0.550,-2.823,227.119,0
60264,0.494,5.800,50.595,324.469,0.553,-2.885,227.424,0
60265,0.494,5.800,50.628,324.469,0.550,-2.939,227.119,0
60266,0.658,5.847,50.660,324.731,0.552,-2.978,227.424,0
60267,0.658,5.847,50.693,324.994,0.547,-3.005,227.119,0
60268,0.658,5.847,50.725,324.731,0.552,-2.990,227.119,0
60269,0.658,5.847,50.725,324.994,0.547,-2.816,227.119,0
60270,0.658,5.847,50.725,324.994,0.551,-2.704,226.815,0
60271,0.658,5.847,50.758,324.994,0.546,-2.765,227.119,0
60272,0.658,5.847,50.791,325.256,0.551,-2.839,226.815,0
60273,0.658,5.847,50.791,325.256,0.545,-2.905,226.815,0
60274,0.658,5.847,50.823,325.256,0.551,-2.951,226.815,0
60275,0.658,5.847,50.823,325.256,0.543,-2.990,226.511,0
60276,0.568,5.896,50.823,324.994,0.549,-3.005,226.511,0
60277,0.568,5.896,50.823,325.256,0.542,-2.920,226.815,0
60278,0.568,5.896,50.823,325.256,0.550,-2.769,226.511,0
60279,0.568,5.896,50.823,325.519,0.541,-2.792,226.511,0
60280,0.568,5.896,50.823,325.519,0.549,-2.866,226.511,0
60281,0.568,5.896,50.823,325.781,0.541,-2.928,226.206,0
60282,0.568,5.896,50.791,325.781,0.549,-2.974,226.206,0
60283,0.568,5.896,50.791,325.781,0.541,-3.002,226.206,0
60284,0.568,5.896,50.791,325.781,0.546,-2.994,225.902,0
60285,0.568,5.896,50.758,325.781,0.540,-2.808,225.902,0
60286,0.479,5.884,50.725,326.044,0.546,-2.735,225.902,0
60287,0.479,5.884,50.725,326.044,0.539,-2.796,225.597,0
60288,0.479,5.884,50.693,326.306,0.542,-2.874,225.902,0
60289,0.479,5.884,50.693,326.306,0.542,-2.928,225.902,0
60290,0.479,5.884,50.660,326.306,0.539,-2.982,225.902,0
60291,0.479,5.884,50.660,326.306,0.543,-3.013,225.597,0
60292,0.479,5.884,50.628,326.569,0.534,-2.963,224.684,0
60293,0.479,5.884,50.595,326.832,0.543,-2.738,225.293,0
60294,0.479,5.884,50.595,326.832,0.533,-2.719,224.684,0
60295,0.479,5.884,50.563,327.094,0.541,-2.800,224.684,0
60296,0.457,5.871,50.563,326.832,0.534,-2.877,224.684,0
60297,0.457,5.871,50.530,326.832,0.541,-2.936,224.379,0
60298,0.457,5.871,50.530,327.094,0.533,-2.982,224.379,0
60299,0.457,5.871,50.530,327.094,0.538,-3.013,224.379,0
60300,0.457,5.871,50.563,327.094,0.538,-2.967,224.379,0
60301,0.457,5.871,50.530,327.357,0.533,-2.750,224.379,0
60302,0.457,5.871,50.563,327.619,0.537,-2.700,224.075,0
60303,0.457,5.871,50.563,327.619,0.531,-2.777,223.771,0
60304,0.457,5.871,50.563,327.357,0.538,-2.854,224.075,0
60305,0.457,5.871,50.595,327.357,0.527,-2.912,223.771,0
60306,0.436,6.013,50.595,327.357,0.535,-2.959,223.771,0
60307,0.436,6.013,50.628,327.619,0.524,-2.990,223.162,0
60308,0.436,6.013,50.660,327.619,0.531,-3.005,223.162,0
60309,0.436,6.013,50.693,327.357,0.522,-2.932,222.857,0
60310,0.436,6.013,50.693,327.357,0.527,-2.773,222.857,0
60311,0.436,6.013,50.725,327.357,0.523,-2.765,222.553,0
60312,0.436,6.013,50.725,327.357,0.524,-2.831,222.857,0
60313,0.436,6.013,50.758,327.357,0.527,-2.893,222.553,0
60314,0.436,6.013,50.758,327.357,0.522,-2.939,222.248,0
60315,0.436,6.013,50.791,327.357,0.529,-2.978,222.248,0
60316,0.535,6.154,50.791,327.094,0.520,-3.009,222.248,0
60317,0.535,6.154,50.823,327.094,0.529,-2.967,222.248,0
60318,0.535,6.154,50.823,327.094,0.519,-2.765,222.248,0
60319,0.535,6.154,50.823,327.357,0.527,-2.727,222.248,0
60320,0.535,6.154,50.823,327.094,0.521,-2.789,222.248,0
60321,0.535,6.154,50.823,327.094,0.523,-2.866,221.944,0
60322,0.535,6.154,50.823,327.094,0.525,-2.908,221.944,0
60323,0.535,6.154,50.791,327.094,0.519,-2.955,221.639,0
60324,0.535,6.154,50.791,327.094,0.528,-2.986,221.639,0
60325,0.535,6.154,50.791,326.569,0.519,-3.002,221.639,0
60326,0.635,5.885,50.758,326.569,0.527,-2.971,221.639,0
60327,0.635,5.885,50.758,326.569,0.520,-2.908,221.639,0
60328,0.635,5.885,50.725,326.569,0.521,-2.936,221.639,0
60329,0.635,5.885,50.725,326.569,0.522,-2.978,221.335,0
60330,0.635,5.885,50.725,326.044,0.517,-3.005,221.335,0
60331,0.635,5.885,50.693,326.044,0.525,-2.928,221.335,0
60332,0.635,5.885,50.660,326.044,0.518,-2.789,221.335,0
60333,0.635,5.885,50.628,326.044,0.526,-2.792,221.335,0
60334,0.635,5.885,50.628,325.781,0.517,-2.866,221.031,0
60335,0.635,5.885,50.628,325.781,0.520,-2.928,221.031,0
60336,0.599,5.619,50.595,325.519,0.521,-2.978,221.031,0
60337,0.599,5.619,50.595,325.256,0.518,-3.016,220.726,0
60338,0.599,5.619,50.595,324.994,0.525,-2.959,220.726,0
60339,0.599,5.619,50.563,325.256,0.517,-2.742,220.726,0
60340,0.599,5.619,50.563,324.994,0.524,-2.708,220.726,0
60341,0.599,5.619,50.530,324.994,0.515,-2.800,220.726,0
60342,0.599,5.619,50.530,324.994,0.522,-2.870,220.422,0
60343,0.599,5.619,50.530,324.731,0.518,-2.928,220.422,0
60344,0.599,5.619,50.530,324.731,0.518,-2.978,220.422,0
60345,0.599,5.619,50.563,324.469,0.521,-3.013,220.422,0
60346,0.562,5.663,50.563,324.206,0.515,-2.971,220.117,0
60347,0.562,5.663,50.563,324.469,0.522,-2.765,220.422,0
60348,0.562,5.663,50.595,324.206,0.514,-2.708,220.117,0
60349,0.562,5.663,50.595,324.206,0.521,-2.785,220.117,0
60350,0.562,5.663,50.628,323.944,0.514,-2.866,220.117,0
60351,0.562,5.663,50.660,323.681,0.516,-2.936,220.117,0
60352,0.562,5.663,50.693,323.944,0.518,-2.974,219.508,0
60353,0.562,5.663,50.725,323.681,0.512,-3.005,219.204,0
60354,0.562,5.663,50.758,323.419,0.518,-2.982,219.204,0
60355,0.562,5.663,50.758,323.681,0.510,-2.792,219.204,0
60356,0.526,5.709,50.791,323.419,0.518,-2.735,219.204,0
60357,0.526,5.709,50.791,323.156,0.511,-2.804,218.899,0
60358,0.526,5.709,50.823,323.156,0.519,-2.874,218.899,0
60359,0.526,5.709,50.823,323.156,0.510,-2.936,218.899,0
60360,0.526,5.709,50.823,322.894,0.514,-2.978,218.899,0
60361,0.526,5.709,50.856,322.894,0.512,-3.013,218.899,0
60362,0.526,5.709,50.856,322.631,0.511,-2.978,218.595,0
60363,0.526,5.709,50.823,322.894,0.515,-2.765,218.595,0
60364,0.526,5.709,50.823,322.631,0.509,-2.689,218.595,0
60365,0.526,5.709,50.823,322.631,0.517,-2.754,218.290,0
60366,0.488,5.510,50.791,322.369,0.508,-2.835,218.290,0
60367,0.488,5.510,50.791,322.369,0.516,-2.893,218.290,0
60368,0.488,5.510,50.758,322.369,0.506,-2.939,218.290,0
60369,0.488,5.510,50.758,322.369,0.514,-2.974,218.290,0
60370,0.488,5.510,50.725,322.369,0.507,-3.005,218.290,0
60371,0.488,5.510,50.725,322.106,0.510,-2.990,217.986,0
60372,0.488,5.510,50.693,322.106,0.510,-2.947,218.290,0
60373,0.488,5.510,50.693,322.106,0.508,-2.916,217.986,0
60374,0.488,5.510,50.660,322.369,0.513,-2.947,217.986,0
60375,0.488,5.510,50.628,322.369,0.506,-2.986,217.986,0
60376,0.497,5.312,50.628,322.106,0.514,-3.009,217.682,0
60377,0.497,5.312,50.628,322.106,0.505,-2.901,217.682,0
60378,0.497,5.312,50.595,322.106,0.513,-2.735,217.377,0
60379,0.497,5.312,50.595,322.106,0.504,-2.738,217.377,0
60380,0.497,5.312,50.563,322.106,0.510,-2.819,217.377,0
60381,0.497,5.312,50.563,322.106,0.506,-2.881,217.377,0
60382,0.497,5.312,50.563,322.369,0.506,-2.928,217.073,0
60383,0.497,5.312,50.563,322.369,0.509,-2.978,217.073,0
60384,0.497,5.312,50.563,322.369,0.503,-2.998,217.073,0
60385,0.497,5.312,50.595,322.106,0.510,-3.005,216.768,0
60386,0.506,5.304,50.563,322.106,0.501,-2.858,216.768,0
60387,0.506,5.304,50.563,322.106,0.509,-2.715,216.768,0
60388,0.506,5.304,50.595,322.369,0.501,-2.750,216.464,0
60389,0.506,5.304,50.595,322.369,0.506,-2.827,216.464,0
60390,0.506,5.304,50.628,322.106,0.503,-2.893,216.159,0
60391,0.506,5.304,50.628,322.106,0.499,-2.943,215.855,0
60392,0.506,5.304,50.660,322.106,0.506,-2.978,216.159,0
60393,0.506,5.304,50.693,322.106,0.500,-3.009,216.159,0
60394,0.506,5.304,50.725,322.106,0.499,-2.967,215.855,0
60395,0.506,5.304,50.725,322.369,0.498,-2.762,215.550,0
60396,0.626,5.296,50.758,322.369,0.502,-2.746,215.855,0
60397,0.626,5.296,50.758,322.369,0.502,-2.823,215.855,0
60398,0.626,5.296,50.791,322.369,0.500,-2.897,215.855,0
60399,0.626,5.296,50.791,322.369,0.505,-2.951,215.855,0
60400,0.626,5.296,50.823,322.631,0.494,-2.986,215.550,0
60401,0.626,5.296,50.823,322.369,0.504,-3.005,215.550,0
60402,0.626,5.296,50.823,322.369,0.504,-2.939,215.550,0
60403,0.626,5.296,50.823,322.894,0.497,-2.773,215.550,0
60404,0.626,5.296,50.823,322.894,0.501,-2.750,215.246,0
60405,0.626,5.296,50.823,322.894,0.495,-2.819,214.942,0
60406,0.747,5.332,50.791,322.894,0.495,-2.889,214.942,0
60407,0.747,5.332,50.791,323.156,0.501,-2.951,214.637,0
60408,0.747,5.332,50.791,323.156,0.494,-2.994,214.637,0
60409,0.747,5.332,50.758,323.156,0.502,-3.009,214.333,0
60410,0.747,5.332,50.758,323.156,0.493,-2.912,214.333,0
60411,0.747,5.332,50.725,323.419,0.498,-2.719,214.333,0
60412,0.747,5.332,50.693,323.419,0.493,-2.742,214.028,0
60413,0.747,5.332,50.693,323.681,0.493,-2.816,214.028,0
60414,0.747,5.332,50.660,323.681,0.498,-2.889,214.028,0
60415,0.747,5.332,50.660,323.681,0.491,-2.943,213.724,0
60416,0.652,5.372,50.628,323.944,0.498,-2.978,213.724,0
60417,0.652,5.372,50.628,323.681,0.489,-3.005,213.724,0
60418,0.652,5.372,50.595,323.681,0.496,-2.943,213.724,0
60419,0.652,5.372,50.595,324.206,0.490,-2.789,213.419,0
60420,0.652,5.372,50.563,323.944,0.492,-2.781,213.419,0
60421,0.652,5.372,50.563,324.206,0.496,-2.847,213.419,0
60422,0.652,5.372,50.530,324.206,0.489,-2.905,213.419,0
60423,0.652,5.372,50.530,324.469,0.495,-2.951,213.115,0
60424,0.652,5.372,50.530,324.469,0.488,-2.990,213.115,0
60425,0.652,5.372,50.563,324.469,0.492,-3.002,213.115,0
60426,0.558,5.209,50.563,324.731,0.490,-2.920,213.115,0
60427,0.558,5.209,50.563,324.731,0.489,-2.831,212.810,0
60428,0.558,5.209,50.563,324.994,0.494,-2.854,212.506,0
60429,0.558,5.209,50.595,324.994,0.486,-2.912,212.506,0
60430,0.558,5.209,50.595,325.256,0.494,-2.959,212.506,0
60431,0.558,5.209,50.628,325.256,0.486,-2.994,212.506,0
60432,0.558,5.209,50.660,324.994,0.488,-3.002,212.201,0
60433,0.558,5.209,50.660,325.256,0.493,-2.885,212.201,0
60434,0.558,5.209,50.693,325.519,0.486,-2.758,212.201,0
60435,0.558,5.209,50.725,325.519,0.494,-2.781,212.201,0
60436,0.491,5.046,50.758,325.781,0.486,-2.854,212.201,0
60437,0.491,5.046,50.758,325.519,0.488,-2.912,212.506,0
60438,0.491,5.046,50.791,325.519,0.492,-2.951,212.506,0
60439,0.491,5.046,50.791,325.781,0.487,-2.994,212.810,0
60440,0.491,5.046,50.823,325.781,0.494,-3.002,212.810,0
60441,0.491,5.046,50.823,325.781,0.485,-2.998,212.506,0
60442,0.491,5.046,50.823,325.781,0.488,-2.908,212.201,0
60443,0.491,5.046,50.823,326.044,0.490,-2.847,212.506,0
60444,0.491,5.046,50.823,326.044,0.486,-2.885,212.506,0
60445,0.491,5.046,50.823,326.044,0.494,-2.939,212.506,0
60446,0.424,5.260,50.823,326.044,0.488,-2.990,213.115,0
60447,0.424,5.260,50.823,326.044,0.489,-3.005,212.810,0
60448,0.424,5.260,50.823,326.306,0.494,-2.924,212.506,0
60449,0.424,5.260,50.791,326.569,0.487,-2.735,212.506,0
60450,0.424,5.260,50.791,326.569,0.494,-2.754,212.506,0
60451,0.424,5.260,50.758,326.569,0.489,-2.839,212.506,0
60452,0.424,5.260,50.758,326.569,0.487,-2.897,212.506,0
60453,0.424,5.260,50.725,326.832,0.496,-2.955,212.506,0
60454,0.424,5.260,50.693,326.832,0.489,-3.002,212.506,0
60455,0.424,5.260,50.693,326.832,0.490,-3.002,212.506,0
60456,0.372,5.474,50.660,326.832,0.494,-2.905,212.506,0
60457,0.372,5.474,50.628,326.832,0.488,-2.812,212.810,0
60458,0.372,5.474,50.628,326.832,0.496,-2.858,212.810,0
60459,0.372,5.474,50.595,326.832,0.489,-2.920,212.810,0
60460,0.372,5.474,50.595,327.094,0.489,-2.974,212.810,0
60461,0.372,5.474,50.563,327.094,0.494,-3.005,212.810,0
60462,0.372,5.474,50.595,326.832,0.488,-2.978,212.810,0
60463,0.372,5.474,50.563,327.094,0.494,-2.777,212.810,0
60464,0.372,5.474,50.563,327.357,0.492,-2.735,212.810,0
60465,0.372,5.474,50.530,327.357,0.490,-2.816,212.810,0
60466,0.319,5.175,50.530,327.357,0.497,-2.889,213.115,0
60467,0.319,5.175,50.563,327.094,0.490,-2.947,212.810,0
60468,0.319,5.175,50.563,327.357,0.496,-2.986,212.506,0
60469,0.319,5.175,50.595,327.094,0.493,-3.005,212.506,0
60470,0.319,5.175,50.595,327.357,0.491,-2.936,212.506,0
60471,0.319,5.175,50.595,327.357,0.497,-2.754,212.506,0
60472,0.319,5.175,50.628,327.094,0.490,-2.769,212.810,0
60473,0.319,5.175,50.628,327.094,0.497,-2.843,212.810,0
60474,0.319,5.175,50.660,327.094,0.493,-2.908,212.810,0
60475,0.319,5.175,50.693,327.094,0.492,-2.951,212.810,0
60476,0.246,4.875,50.693,327.094,0.499,-2.990,212.810,0
60477,0.246,4.875,50.725,326.832,0.490,-3.005,213.115,0
60478,0.246,4.875,50.758,326.569,0.494,-2.901,213.115,0
60479,0.246,4.875,50.758,326.569,0.496,-2.754,213.115,0
60480,0.246,4.875,50.758,326.832,0.492,-2.769,213.115,0
60481,0.246,4.875,50.791,326.569,0.499,-2.847,213.115,0
60482,0.246,4.875,50.791,326.569,0.491,-2.905,213.115,0
60483,0.246,4.875,50.791,326.306,0.496,-2.951,213.115,0
60484,0.246,4.875,50.791,326.569,0.498,-2.982,213.115,0
60485,0.246,4.875,50.823,326.306,0.493,-3.002,213.115,0
60486,0.173,5.012,50.823,326.044,0.500,-2.947,213.115,0
60487,0.173,5.012,50.791,326.306,0.493,-2.823,213.115,0
60488,0.173,5.012,50.791,326.044,0.494,-2.812,212.810,0
60489,0.173,5.012,50.791,326.306,0.499,-2.866,212.810,0
60490,0.173,5.012,50.791,326.044,0.493,-2.920,212.810,0
60491,0.173,5.012,50.758,326.044,0.498,-2.963,212.810,0
60492,0.173,5.012,50.758,325.781,0.494,-2.998,212.810,0
60493,0.173,5.012,50.758,325.519,0.493,-2.998,212.810,0
60494,0.173,5.012,50.725,325.519,0.501,-2.885,212.810,0
60495,0.173,5.012,50.693,325.519,0.492,-2.800,212.810,0
60496,0.390,5.146,50.693,325.256,0.496,-2.843,212.810,0
60497,0.390,5.146,50.660,325.256,0.497,-2.905,212.810,0
60498,0.390,5.146,50.628,324.994,0.493,-2.951,213.115,0
60499,0.390,5.146,50.595,324.994,0.501,-2.994,213.115,0
60500,0.390,5.146,50.595,324.469,0.493,-3.002,213.115,0
60501,0.390,5.146,50.595,324.469,0.495,-2.893,213.115,0
60502,0.390,5.146,50.563,324.469,0.498,-2.773,213.115,0
60503,0.390,5.146,50.563,324.469,0.494,-2.823,213.115,0
60504,0.390,5.146,50.530,324.206,0.499,-2.885,213.115,0
60505,0.390,5.146,50.530,324.206,0.494,-2.943,213.115,0
60506,0.608,5.143,50.563,323.944,0.494,-2.986,213.115,0
60507,0.608,5.143,50.563,323.681,0.501,-3.005,213.115,0
60508,0.608,5.143,50.563,323.681,0.492,-2.963,212.201,0
60509,0.608,5.143,50.563,323.681,0.499,-2.762,212.201,0
60510,0.608,5.143,50.595,323.681,0.494,-2.746,212.201,0
60511,0.608,5.143,50.595,323.419,0.494,-2.827,212.201,0
60512,0.608,5.143,50.595,323.156,0.501,-2.893,212.506,0
60513,0.608,5.143,50.628,322.894,0.493,-2.943,212.201,0
60514,0.608,5.143,50.660,322.894,0.501,-2.994,212.506,0
60515,0.608,5.143,50.693,322.894,0.493,-3.009,212.506,0
60516,0.550,5.143,50.693,322.894,0.497,-2.901,212.506,0
60517,0.550,5.143,50.725,322.894,0.497,-2.708,212.506,0
60518,0.550,5.143,50.725,322.631,0.495,-2.742,212.810,0
60519,0.550,5.143,50.758,322.631,0.502,-2.827,212.810,0
60520,0.550,5.143,50.791,322.369,0.494,-2.889,212.810,0
60521,0.550,5.143,50.791,322.631,0.501,-2.951,212.810,0
60522,0.550,5.143,50.791,322.369,0.497,-2.990,213.115,0
60523,0.550,5.143,50.823,322.369,0.495,-3.005,212.810,0
60524,0.550,5.143,50.823,322.369,0.500,-2.893,212.810,0
60525,0.550,5.143,50.823,322.631,0.495,-2.769,212.810,0
60526,0.492,5.032,50.823,322.369,0.502,-2.804,212.810,0
60527,0.492,5.032,50.823,322.369,0.496,-2.870,212.810,0
60528,0.492,5.032,50.823,322.369,0.497,-2.932,212.810,0
60529,0.492,5.032,50.823,322.369,0.503,-2.963,212.810,0
60530,0.492,5.032,50.823,322.369,0.496,-3.002,212.506,0
60531,0.492,5.032,50.823,322.106,0.497,-3.005,212.506,0
60532,0.492,5.032,50.791,322.106,0.502,-2.847,212.810,0
60533,0.492,5.032,50.758,322.106,0.495,-2.685,212.810,0
60534,0.492,5.032,50.758,322.106,0.504,-2.735,212.506,0
60535,0.492,5.032,50.725,322.106,0.495,-2.816,212.506,0
60536,0.505,4.921,50.725,322.106,0.500,-2.885,212.506,0
60537,0.505,4.921,50.693,322.369,0.496,-2.936,212.810,0
60538,0.505,4.921,50.660,322.106,0.502,-2.967,212.810,0
60539,0.505,4.921,50.660,322.106,0.497,-2.998,212.810,0
60540,0.505,4.921,50.660,322.106,0.498,-2.971,212.810,0
60541,0.505,4.921,50.628,322.369,0.502,-2.866,212.810,0
60542,0.505,4.921,50.595,322.369,0.497,-2.773,212.810,0
60543,0.505,4.921,50.595,322.369,0.497,-2.816,212.810,0
60544,0.505,4.921,50.595,322.631,0.502,-2.877,212.810,0
60545,0.505,4.921,50.563,322.631,0.494,-2.928,212.810,0
60546,0.517,5.134,50.563,322.631,0.502,-2.967,212.810,0
60547,0.517,5.134,50.563,322.631,0.496,-2.998,212.810,0
60548,0.517,5.134,50.563,322.631,0.499,-2.994,212.506,0
60549,0.517,5.134,50.530,322.631,0.501,-2.982,212.506,0
60550,0.517,5.134,50.563,322.631,0.495,-2.974,212.506,0
60551,0.517,5.134,50.563,322.894,0.504,-3.005,212.506,0
60552,0.517,5.134,50.595,322.631,0.495,-2.998,212.506,0
60553,0.517,5.134,50.595,322.631,0.499,-2.827,212.506,0
60554,0.517,5.134,50.595,322.631,0.499,-2.700,212.506,0
60555,0.517,5.134,50.595,322.894,0.496,-2.754,212.506,0
60556,0.365,5.350,50.628,322.894,0.504,-2.839,212.506,0
60557,0.365,5.350,50.660,322.894,0.494,-2.901,212.810,0
60558,0.365,5.350,50.693,322.894,0.502,-2.947,212.810,0
60559,0.365,5.350,50.693,322.894,0.499,-2.994,213.115,0
60560,0.365,5.350,50.725,322.894,0.498,-3.005,212.810,0
60561,0.365,5.350,50.725,322.894,0.501,-2.947,212.810,0
60562,0.365,5.350,50.758,322.894,0.498,-2.781,213.115,0
60563,0.365,5.350,50.791,322.894,0.502,-2.792,213.115,0
60564,0.365,5.350,50.791,323.156,0.498,-2.858,213.115,0
60565,0.365,5.350,50.823,323.156,0.497,-2.928,213.115,0
60566,0.211,5.438,50.823,323.419,0.504,-2.971,213.115,0
60567,0.211,5.438,50.823,323.419,0.496,-3.005,212.810,0
60568,0.211,5.438,50.823,323.156,0.502,-2.990,212.810,0
60569,0.211,5.438,50.823,323.419,0.498,-2.796,212.810,0
60570,0.211,5.438,50.823,323.681,0.498,-2.715,212.810,0
60571,0.211,5.438,50.823,323.681,0.504,-2.781,213.115,0
60572,0.211,5.438,50.791,323.944,0.497,-2.866,213.115,0
60573,0.211,5.438,50.791,323.944,0.505,-2.928,213.115,0
60574,0.211,5.438,50.791,323.944,0.497,-2.971,213.115,0
60575,0.211,5.438,50.758,323.944,0.500,-3.009,213.115,0
60576,0.361,5.522,50.758,323.944,0.502,-2.963,213.115,0
60577,0.361,5.522,50.725,324.206,0.498,-2.769,213.419,0
60578,0.361,5.522,50.693,324.469,0.504,-2.762,213.419,0
60579,0.361,5.522,50.693,324.469,0.498,-2.827,213.419,0
60580,0.361,5.522,50.660,324.469,0.505,-2.901,213.419,0
60581,0.361,5.522,50.628,324.469,0.499,-2.951,213.419,0
60582,0.361,5.522,50.628,324.731,0.502,-2.998,213.724,0
60583,0.361,5.522,50.628,324.731,0.506,-3.002,213.724,0
60584,0.361,5.522,50.595,324.994,0.500,-2.889,213.724,0
60585,0.361,5.522,50.563,324.994,0.507,-2.777,214.028,0
60586,0.511,5.238,50.563,325.256,0.500,-2.812,214.028,0
60587,0.511,5.238,50.530,325.256,0.504,-2.881,213.724,0
60588,0.511,5.238,50.530,325.256,0.502,-2.936,213.724,0
60589,0.511,5.238,50.530,325.256,0.500,-2.971,213.724,0
60590,0.511,5.238,50.530,325.519,0.507,-3.002,213.724,0
60591,0.511,5.238,50.563,325.519,0.499,-2.955,213.724,0
60592,0.511,5.238,50.530,325.781,0.508,-2.800,214.028,0
60593,0.511,5.238,50.563,325.781,0.501,-2.750,214.028,0
60594,0.511,5.238,50.563,325.781,0.506,-2.816,214.028,0
60595,0.511,5.238,50.595,325.781,0.505,-2.881,214.028,0
60596,0.418,4.954,50.595,326.044,0.502,-2.928,214.333,0
60597,0.418,4.954,50.628,326.306,0.509,-2.971,214.637,0
60598,0.418,4.954,50.660,326.306,0.504,-3.009,215.246,0
60599,0.418,4.954,50.693,326.044,0.510,-2.978,215.246,0
60600,0.418,4.954,50.693,326.306,0.506,-2.823,215.550,0
60601,0.418,4.954,50.725,326.569,0.505,-2.746,215.550,0
60602,0.418,4.954,50.758,326.569,0.512,-2.819,215.550,0
60603,0.418,4.954,50.758,326.569,0.506,-2.870,215.246,0
60604,0.418,4.954,50.791,326.832,0.510,-2.932,215.550,0
60605,0.418,4.954,50.823,326.832,0.509,-2.963,215.550,0
60606,0.325,5.112,50.823,326.832,0.504,-3.002,215.855,0
60607,0.325,5.112,50.856,326.832,0.513,-2.986,215.550,0
60608,0.325,5.112,50.823,326.832,0.505,-2.936,215.550,0
60609,0.325,5.112,50.823,326.832,0.509,-2.951,215.550,0
60610,0.325,5.112,50.856,327.094,0.509,-2.982,215.855,0
60611,0.325,5.112,50.856,326.832,0.505,-3.013,215.855,0
60612,0.325,5.112,50.823,327.094,0.514,-2.920,215.855,0
60613,0.325,5.112,50.823,327.094,0.507,-2.738,215.855,0
60614,0.325,5.112,50.791,326.832,0.509,-2.750,215.855,0
60615,0.325,5.112,50.791,326.832,0.512,-2.839,215.855,0
60616,0.450,5.265,50.791,327.094,0.506,-2.901,216.159,0
60617,0.450,5.265,50.758,326.832,0.516,-2.947,216.159,0
60618,0.450,5.265,50.758,327.094,0.507,-2.994,216.159,0
60619,0.450,5.265,50.725,326.832,0.509,-3.009,216.159,0
60620,0.450,5.265,50.725,326.569,0.513,-2.901,216.159,0
60621,0.450,5.265,50.693,326.832,0.506,-2.700,216.159,0
60622,0.450,5.265,50.660,326.832,0.516,-2.723,216.159,0
60623,0.450,5.265,50.628,326.569,0.508,-2.804,216.464,0
60624,0.450,5.265,50.628,326.569,0.513,-2.877,216.464,0
60625,0.450,5.265,50.595,326.832,0.513,-2.947,216.464,0
60626,0.575,5.185,50.595,326.569,0.509,-2.982,216.768,0
60627,0.575,5.185,50.563,326.569,0.517,-3.002,216.464,0
60628,0.575,5.185,50.595,326.306,0.508,-2.994,216.768,0
60629,0.575,5.185,50.563,326.306,0.516,-2.796,216.768,0
60630,0.575,5.185,50.563,326.569,0.509,-2.696,216.464,0
60631,0.575,5.185,50.530,326.569,0.510,-2.762,216.768,0
60632,0.575,5.185,50.530,326.569,0.514,-2.847,216.768,0
60633,0.575,5.185,50.530,326.306,0.509,-2.908,216.768,0
60634,0.575,5.185,50.530,326.306,0.518,-2.963,216.768,0
60635,0.575,5.185,50.563,326.044,0.509,-2.990,217.073,0
60636,0.505,5.107,50.595,326.044,0.516,-3.013,217.073,0
60637,0.505,5.107,50.595,326.044,0.510,-2.912,217.073,0
60638,0.505,5.107,50.628,326.044,0.512,-2.712,217.377,0
60639,0.505,5.107,50.628,326.044,0.518,-2.742,217.377,0
60640,0.505,5.107,50.628,325.781,0.511,-2.816,217.377,0
60641,0.505,5.107,50.660,325.781,0.521,-2.885,217.682,0
60642,0.505,5.107,50.693,325.519,0.511,-2.936,217.682,0
60643,0.505,5.107,50.725,325.519,0.517,-2.971,217.682,0
60644,0.505,5.107,50.725,325.519,0.515,-3.002,217.682,0
60645,0.505,5.107,50.791,325.256,0.513,-3.002,217.986,0
60646,0.436,5.169,50.791,325.256,0.521,-2.885,217.986,0
60647,0.436,5.169,50.791,325.256,0.512,-2.785,217.986,0
60648,0.436,5.169,50.823,325.256,0.518,-2.835,217.986,0
60649,0.436,5.169,50.823,324.994,0.514,-2.897,217.986,0
60650,0.436,5.169,50.823,324.731,0.514,-2.936,218.290,0
60651,0.436,5.169,50.823,324.994,0.521,-2.978,218.290,0
60652,0.436,5.169,50.823,324.731,0.514,-3.005,218.290,0
60653,0.436,5.169,50.823,324.469,0.521,-2.982,218.595,0
60654,0.436,5.169,50.823,324.469,0.515,-2.800,218.595,0
60655,0.436,5.169,50.823,324.206,0.517,-2.738,218.595,0
60656,0.494,5.229,50.791,324.206,0.522,-2.792,218.595,0
60657,0.494,5.229,50.758,324.206,0.517,-2.862,218.899,0
60658,0.494,5.229,50.758,324.206,0.525,-2.916,218.899,0
60659,0.494,5.229,50.725,323.944,0.517,-2.959,218.899,0
60660,0.494,5.229,50.725,323.681,0.522,-2.986,218.899,0
60661,0.494,5.229,50.725,323.681,0.519,-3.002,218.595,0
60662,0.494,5.229,50.693,323.419,0.518,-2.943,218.595,0
60663,0.494,5.229,50.693,323.419,0.524,-2.847,218.595,0
60664,0.494,5.229,50.628,323.156,0.517,-2.854,218.899,0
60665,0.494,5.229,50.628,323.156,0.525,-2.912,218.899,0
60666,0.553,5.268,50.595,323.156,0.517,-2.959,218.899,0
60667,0.553,5.268,50.595,322.894,0.524,-2.994,218.899,0
60668,0.553,5.268,50.595,322.631,0.517,-3.013,218.595,0
60669,0.553,5.268,50.595,322.369,0.521,-2.901,218.899,0
60670,0.553,5.268,50.563,322.369,0.527,-2.715,218.899,0
60671,0.553,5.268,50.563,322.369,0.518,-2.727,218.899,0
60672,0.553,5.268,50.563,322.369,0.525,-2.808,219.204,0
60673,0.553,5.268,50.563,322.369,0.518,-2.874,219.204,0
60674,0.553,5.268,50.563,322.106,0.522,-2.932,219.204,0
60675,0.553,5.268,50.563,321.844,0.522,-2.974,219.204,0
60676,0.432,5.306,50.563,322.106,0.519,-3.002,219.204,0
60677,0.432,5.306,50.595,321.844,0.524,-2.998,219.204,0
60678,0.432,5.306,50.595,321.844,0.525,-2.866,219.508,0
60679,0.432,5.306,50.628,321.844,0.518,-2.781,219.508,0
60680,0.432,5.306,50.628,321.844,0.522,-2.831,219.508,0
60681,0.432,5.306,50.628,321.581,0.528,-2.893,219.508,0
60682,0.432,5.306,50.660,321.581,0.519,-2.943,219.508,0
60683,0.432,5.306,50.693,321.581,0.526,-2.994,219.508,0
60684,0.432,5.306,50.725,321.581,0.519,-3.009,219.813,0
60685,0.432,5.306,50.758,321.581,0.524,-2.870,219.813,0
60686,0.308,5.199,50.758,321.844,0.521,-2.715,219.813,0
60687,0.308,5.199,50.791,321.844,0.521,-2.742,219.813,0
60688,0.308,5.199,50.791,321.844,0.525,-2.827,219.508,0
60689,0.308,5.199,50.823,321.581,0.519,-2.905,219.508,0
60690,0.308,5.199,50.823,321.844,0.526,-2.951,219.508,0
60691,0.308,5.199,50.823,321.844,0.517,-2.990,219.508,0
60692,0.308,5.199,50.823,321.844,0.525,-3.002,219.508,0
60693,0.308,5.199,50.823,321.844,0.516,-2.901,219.204,0
60694,0.308,5.199,50.823,321.844,0.523,-2.808,219.204,0
60695,0.308,5.199,50.823,321.844,0.516,-2.847,218.899,0
60696,0.404,5.088,50.823,322.106,0.519,-2.905,218.899,0
60697,0.404,5.088,50.791,322.106,0.519,-2.959,218.899,0
60698,0.404,5.088,50.791,322.106,0.517,-2.994,219.204,0
60699,0.404,5.088,50.791,322.106,0.523,-3.009,219.204,0
60700,0.404,5.088,50.758,322.106,0.516,-2.885,219.204,0
60701,0.404,5.088,50.725,322.106,0.525,-2.708,219.204,0
60702,0.404,5.088,50.725,322.106,0.514,-2.735,219.204,0
60703,0.404,5.088,50.693,322.369,0.525,-2.819,219.204,0
60704,0.404,5.088,50.693,322.369,0.515,-2.885,219.204,0
60705,0.404,5.088,50.660,322.369,0.520,-2.924,219.204,0
60706,0.498,5.241,50.660,322.369,0.517,-2.963,218.899,0
60707,0.498,5.241,50.628,322.631,0.516,-2.998,218.899,0
60708,0.498,5.241,50.628,322.631,0.519,-2.998,218.595,0
60709,0.498,5.241,50.595,322.631,0.514,-2.850,218.595,0
60710,0.498,5.241,50.595,322.631,0.522,-2.758,218.595,0
60711,0.498,5.241,50.563,322.894,0.513,-2.804,218.595,0
60712,0.498,5.241,50.563,322.894,0.522,-2.870,218.595,0
60713,0.498,5.241,50.563,323.156,0.515,-2.916,218.595,0
60714,0.498,5.241,50.530,323.156,0.518,-2.959,218.595,0
60715,0.498,5.241,50.563,323.156,0.517,-2.986,218.595,0
60716,0.323,5.397,50.563,323.156,0.516,-3.005,218.595,0
60717,0.323,5.397,50.563,323.156,0.521,-2.943,218.595,0
60718,0.323,5.397,50.563,323.156,0.516,-2.839,218.899,0
60719,0.323,5.397,50.563,323.419,0.524,-2.850,218.899,0
60720,0.323,5.397,50.595,323.419,0.516,-2.897,218.899,0
60721,0.323,5.397,50.595,323.156,0.524,-2.947,219.204,0
60722,0.323,5.397,50.628,323.419,0.516,-2.986,219.204,0
60723,0.323,5.397,50.660,323.156,0.521,-3.013,219.204,0
60724,0.323,5.397,50.693,323.419,0.519,-2.889,219.204,0
60725,0.323,5.397,50.693,323.419,0.517,-2.723,219.204,0
60726,0.150,5.501,50.725,323.681,0.524,-2.735,219.204,0
60727,0.150,5.501,50.725,323.944,0.517,-2.808,219.204,0
60728,0.150,5.501,50.758,323.944,0.524,-2.881,219.204,0
60729,0.150,5.501,50.791,323.681,0.515,-2.928,219.204,0
60730,0.150,5.501,50.791,323.681,0.523,-2.978,219.204,0
60731,0.150,5.501,50.823,323.944,0.517,-3.002,219.508,0
60732,0.150,5.501,50.856,323.944,0.518,-2.990,219.204,0
60733,0.150,5.501,50.823,324.206,0.523,-2.839,219.204,0
60734,0.150,5.501,50.856,324.206,0.517,-2.789,219.204,0
60735,0.150,5.501,50.856,324.206,0.524,-2.847,219.508,0
60736,0.495,5.601,50.856,324.206,0.517,-2.912,219.204,0
60737,0.495,5.601,50.823,324.469,0.526,-2.967,219.204,0
60738,0.495,5.601,50.823,324.469,0.518,-3.002,219.508,0
60739,0.495,5.601,50.823,324.469,0.525,-2.998,219.508,0
60740,0.495,5.601,50.791,324.731,0.520,-2.816,219.508,0
60741,0.495,5.601,50.791,324.731,0.522,-2.731,219.508,0
60742,0.495,5.601,50.758,324.731,0.524,-2.789,219.508,0
60743,0.495,5.601,50.758,324.994,0.521,-2.862,219.508,0
60744,0.495,5.601,50.725,324.994,0.527,-2.924,219.508,0
60745,0.495,5.601,50.725,324.994,0.519,-2.971,219.813,0
60746,0.839,5.554,50.725,325.256,0.528,-3.005,219.508,0
60747,0.839,5.554,50.693,325.256,0.519,-2.939,219.508,0
60748,0.839,5.554,50.660,325.519,0.528,-2.792,219.508,0
60749,0.839,5.554,50.628,325.519,0.518,-2.785,219.508,0
60750,0.839,5.554,50.628,325.519,0.525,-2.850,219.508,0
60751,0.839,5.554,50.595,325.781,0.520,-2.912,219.508,0
60752,0.839,5.554,50.595,326.044,0.521,-2.963,219.508,0
60753,0.839,5.554,50.563,326.044,0.523,-3.002,219.508,0
60754,0.839,5.554,50.595,326.044,0.519,-2.998,219.508,0
60755,0.839,5.554,50.563,326.044,0.525,-2.847,219.508,0
60756,0.460,5.515,50.530,326.044,0.519,-2.754,219.508,0
60757,0.460,5.515,50.563,326.306,0.528,-2.804,219.813,0
60758,0.460,5.515,50.563,326.569,0.520,-2.866,220.117,0
60759,0.460,5.515,50.563,326.569,0.527,-2.928,220.117,0
60760,0.460,5.515,50.563,326.569,0.522,-2.971,220.117,0
60761,0.460,5.515,50.563,326.569,0.523,-3.005,220.117,0
60762,0.460,5.515,50.595,326.569,0.527,-2.959,220.117,0
60763,0.460,5.515,50.595,326.832,0.520,-2.839,220.117,0
60764,0.460,5.515,50.595,326.832,0.530,-2.765,220.117,0
60765,0.460,5.515,50.628,327.094,0.521,-2.816,220.117,0
60766,0.080,5.591,50.660,327.094,0.527,-2.881,220.117,0
60767,0.080,5.591,50.660,327.357,0.523,-2.932,220.117,0
60768,0.080,5.591,50.693,327.357,0.522,-2.967,220.117,0
60769,0.080,5.591,50.693,327.357,0.527,-3.002,220.117,0
60770,0.080,5.591,50.758,327.357,0.519,-2.998,220.422,0
60771,0.080,5.591,50.758,327.357,0.529,-2.986,220.422,0
60772,0.080,5.591,50.758,327.357,0.519,-2.998,220.422,0
60773,0.080,5.591,50.791,327.357,0.523,-3.005,220.422,0
60774,0.080,5.591,50.791,327.357,0.525,-2.850,220.422,0
60775,0.080,5.591,50.791,327.357,0.520,-2.712,220.422,0
60776,0.243,5.660,50.791,327.094,0.529,-2.746,220.117,0
60777,0.243,5.660,50.791,327.357,0.520,-2.823,220.117,0
60778,0.243,5.660,50.791,327.357,0.528,-2.889,220.422,0
60779,0.243,5.660,50.791,327.357,0.522,-2.939,220.422,0
60780,0.243,5.660,50.791,327.357,0.522,-2.971,220.117,0
60781,0.243,5.660,50.791,327.094,0.526,-3.005,220.117,0
60782,0.243,5.660,50.791,326.832,0.520,-2.951,220.117,0
60783,0.243,5.660,50.758,326.832,0.529,-2.874,220.422,0
60784,0.243,5.660,50.758,326.832,0.520,-2.885,220.117,0
60785,0.243,5.660,50.725,326.832,0.527,-2.939,220.117,0
60786,0.406,5.584,50.725,326.832,0.521,-2.971,220.117,0
60787,0.406,5.584,50.725,326.832,0.521,-3.016,220.117,0
60788,0.406,5.584,50.693,326.569,0.525,-2.920,220.117,0
60789,0.406,5.584,50.660,326.569,0.520,-2.723,220.117,0
60790,0.406,5.584,50.660,326.569,0.527,-2.700,219.813,0
60791,0.406,5.584,50.628,326.306,0.519,-2.789,220.117,0
60792,0.406,5.584,50.595,326.306,0.526,-2.870,220.117,0
60793,0.406,5.584,50.595,326.306,0.519,-2.936,219.813,0
60794,0.406,5.584,50.595,326.306,0.523,-2.974,219.813,0
60795,0.406,5.584,50.563,326.306,0.524,-3.002,220.117,0
60796,0.410,5.509,50.595,325.781,0.519,-3.002,220.117,0
60797,0.410,5.509,50.563,326.044,0.527,-2.835,220.117,0
60798,0.410,5.509,50.563,326.044,0.519,-2.719,220.117,0
60799,0.410,5.509,50.530,326.044,0.527,-2.777,220.117,0
60800,0.410,5.509,50.563,325.781,0.520,-2.850,220.117,0
60801,0.410,5.509,50.530,325.781,0.528,-2.912,220.117,0
60802,0.410,5.509,50.563,325.519,0.521,-2.967,220.117,0
60803,0.410,5.509,50.563,325.519,0.523,-2.994,220.117,0
60804,0.410,5.509,50.595,325.256,0.525,-3.002,220.117,0
60805,0.410,5.509,50.595,325.519,0.521,-2.858,220.117,0
60806,0.413,5.235,50.628,325.519,0.528,-2.746,220.117,0
60807,0.413,5.235,50.628,325.256,0.519,-2.789,220.117,0
60808,0.413,5.235,50.660,325.256,0.529,-2.862,220.117,0
60809,0.413,5.235,50.660,325.256,0.519,-2.920,220.117,0
60810,0.413,5.235,50.693,324.994,0.525,-2.963,220.422,0
60811,0.413,5.235,50.725,324.731,0.523,-3.005,220.117,0
60812,0.413,5.235,50.758,324.469,0.519,-2.967,220.117,0
60813,0.413,5.235,50.758,324.731,0.524,-2.870,220.117,0
60814,0.413,5.235,50.791,324.731,0.524,-2.777,220.117,0
60815,0.413,5.235,50.791,324.469,0.521,-2.827,220.117,0
60816,0.389,4.963,50.791,324.206,0.529,-2.885,220.117,0
60817,0.389,4.963,50.823,324.206,0.521,-2.939,220.117,0
60818,0.389,4.963,50.823,324.206,0.529,-2.982,220.117,0
60819,0.389,4.963,50.823,323.944,0.521,-3.005,220.422,0
60820,0.389,4.963,50.856,323.681,0.523,-2.963,220.117,0
60821,0.389,4.963,50.823,323.681,0.526,-2.866,219.508,0
60822,0.389,4.963,50.823,323.419,0.521,-2.792,219.508,0
60823,0.389,4.963,50.791,323.419,0.529,-2.835,219.813,0
60824,0.389,4.963,50.791,323.419,0.519,-2.901,219.813,0
60825,0.389,4.963,50.791,323.419,0.529,-2.947,219.813,0
60826,0.365,4.849,50.758,323.156,0.520,-2.986,219.813,0
60827,0.365,4.849,50.758,323.156,0.526,-2.998,219.813,0
60828,0.365,4.849,50.758,322.894,0.522,-2.978,219.813,0
60829,0.365,4.849,50.693,323.156,0.522,-2.932,219.508,0
60830,0.365,4.849,50.693,322.894,0.526,-2.908,219.508,0
60831,0.365,4.849,50.660,322.631,0.519,-2.947,219.508,0
60832,0.365,4.849,50.660,322.631,0.527,-2.986,219.508,0
60833,0.365,4.849,50.660,322.631,0.519,-3.009,219.508,0
60834,0.365,4.849,50.628,322.369,0.527,-2.982,219.508,0
60835,0.365,4.849,50.595,322.369,0.519,-2.792,219.508,0
60836,0.316,4.735,50.595,322.369,0.524,-2.708,219.508,0
60837,0.316,4.735,50.595,322.106,0.522,-2.777,219.508,0
60838,0.316,4.735,50.563,322.106,0.522,-2.847,219.508,0
60839,0.316,4.735,50.563,322.106,0.526,-2.908,219.508,0
60840,0.316,4.735,50.563,322.106,0.522,-2.959,219.508,0
60841,0.316,4.735,50.563,321.844,0.528,-2.998,219.508,0
60842,0.316,4.735,50.563,321.581,0.519,-3.013,219.508,0
60843,0.316,4.735,50.595,321.581,0.530,-2.908,219.508,0
60844,0.316,4.735,50.563,321.844,0.519,-2.689,219.508,0
60845,0.316,4.735,50.595,321.844,0.529,-2.700,219.813,0
60846,0.267,4.672,50.595,321.581,0.520,-2.792,219.508,0
60847,0.267,4.672,50.628,321.844,0.528,-2.866,219.813,0
60848,0.267,4.672,50.628,321.844,0.521,-2.916,219.508,0
60849,0.267,4.672,50.628,321.844,0.524,-2.963,219.813,0
60850,0.267,4.672,50.660,321.581,0.523,-2.998,219.813,0
60851,0.267,4.672,50.693,321.581,0.521,-3.005,219.813,0
60852,0.267,4.672,50.725,321.581,0.526,-2.893,219.813,0
60853,0.267,4.672,50.725,321.844,0.519,-2.754,219.813,0
60854,0.267,4.672,50.758,321.844,0.526,-2.792,219.813,0
60855,0.267,4.672,50.758,322.106,0.519,-2.862,219.813,0
60856,0.305,4.607,50.758,321.844,0.528,-2.928,219.813,0
60857,0.305,4.607,50.791,321.844,0.521,-2.971,219.813,0
60858,0.305,4.607,50.791,322.106,0.527,-3.005,219.813,0
60859,0.305,4.607,50.823,321.844,0.522,-2.955,219.813,0
60860,0.305,4.607,50.791,322.106,0.524,-2.781,219.813,0
60861,0.305,4.607,50.791,322.369,0.527,-2.742,219.813,0
60862,0.305,4.607,50.791,322.369,0.521,-2.816,219.813,0
60863,0.305,4.607,50.791,322.106,0.529,-2.881,219.813,0
60864,0.305,4.607,50.791,322.369,0.522,-2.936,219.813,0
60865,0.305,4.607,50.758,322.369,0.529,-2.978,219.813,0
60866,0.343,4.675,50.758,322.369,0.520,-3.005,219.813,0
60867,0.343,4.675,50.758,322.369,0.525,-2.998,219.813,0
60868,0.343,4.675,50.725,322.631,0.524,-2.812,219.813,0
60869,0.343,4.675,50.693,322.631,0.521,-2.677,219.813,0
60870,0.343,4.675,50.693,322.631,0.527,-2.731,219.813,0
60871,0.343,4.675,50.660,322.631,0.522,-2.808,219.508,0
60872,0.343,4.675,50.660,322.631,0.529,-2.874,219.813,0
60873,0.343,4.675,50.628,322.894,0.519,-2.924,219.813,0
60874,0.343,4.675,50.628,322.894,0.527,-2.959,219.813,0
60875,0.343,4.675,50.595,323.156,0.521,-2.986,219.813,0
60876,0.212,4.744,50.595,323.156,0.523,-3.005,219.813,0
60877,0.212,4.744,50.595,322.894,0.525,-2.939,219.813,0
60878,0.212,4.744,50.563,323.156,0.522,-2.789,219.813,0
60879,0.212,4.744,50.563,323.419,0.529,-2.769,219.813,0
60880,0.212,4.744,50.563,323.419,0.520,-2.831,219.508,0
60881,0.212,4.744,50.563,323.681,0.529,-2.889,219.813,0
60882,0.212,4.744,50.563,323.681,0.519,-2.936,219.813,0
60883,0.212,4.744,50.563,323.681,0.529,-2.967,219.813,0
60884,0.212,4.744,50.595,323.681,0.521,-2.998,219.813,0
60885,0.212,4.744,50.595,323.681,0.526,-3.009,219.813,0
60886,0.080,4.799,50.628,323.681,0.524,-2.971,219.813,0
60887,0.080,4.799,50.628,323.944,0.522,-2.762,219.813,0
60888,0.080,4.799,50.628,323.944,0.527,-2.708,219.813,0
60889,0.080,4.799,50.660,324.206,0.520,-2.777,219.813,0
60890,0.080,4.799,50.660,324.206,0.529,-2.847,219.813,0
60891,0.080,4.799,50.693,324.206,0.521,-2.905,219.813,0
60892,0.080,4.799,50.725,324.206,0.529,-2.947,219.813,0
60893,0.080,4.799,50.725,324.206,0.519,-2.982,219.813,0
60894,0.080,4.799,50.758,324.469,0.526,-3.002,219.813,0
60895,0.080,4.799,50.758,324.469,0.522,-3.002,219.813,0
60896,0.311,4.850,50.791,324.469,0.523,-2.978,219.813,0
60897,0.311,4.850,50.791,324.469,0.524,-2.986,219.813,0
60898,0.311,4.850,50.791,324.469,0.522,-3.005,219.813,0
60899,0.311,4.850,50.791,324.469,0.527,-2.916,219.813,0
60900,0.311,4.850,50.791,324.731,0.521,-2.781,219.813,0
60901,0.311,4.850,50.791,324.994,0.527,-2.804,219.813,0
60902,0.311,4.850,50.791,324.994,0.519,-2.874,219.813,0
60903,0.311,4.850,50.791,324.994,0.527,-2.932,219.813,0
60904,0.311,4.850,50.758,324.994,0.519,-2.978,219.813,0
60905,0.311,4.850,50.758,324.994,0.525,-3.005,219.813,0
60906,0.544,4.829,50.758,324.994,0.522,-2.971,219.813,0
60907,0.544,4.829,50.725,325.256,0.521,-2.769,219.813,0
60908,0.544,4.829,50.725,325.256,0.525,-2.735,219.813,0
60909,0.544,4.829,50.725,325.519,0.520,-2.808,219.813,0
60910,0.544,4.829,50.693,325.781,0.527,-2.881,219.508,0
60911,0.544,4.829,50.660,325.781,0.519,-2.939,219.508,0
60912,0.544,4.829,50.660,325.781,0.528,-2.978,219.508,0
60913,0.544,4.829,50.660,325.781,0.519,-3.005,219.508,0
60914,0.544,4.829,50.628,325.781,0.527,-2.947,219.508,0
60915,0.544,4.829,50.595,326.306,0.521,-2.773,219.508,0
60916,0.619,4.810,50.595,326.306,0.525,-2.750,220.117,0
60917,0.619,4.810,50.563,326.306,0.525,-2.823,220.117,0
60918,0.619,4.810,50.563,326.306,0.522,-2.893,220.422,0
60919,0.619,4.810,50.563,326.569,0.529,-2.943,220.117,0
60920,0.619,4.810,50.563,326.832,0.522,-2.990,220.117,0
60921,0.619,4.810,50.563,326.832,0.531,-3.005,220.117,0
60922,0.619,4.810,50.563,326.832,0.522,-2.928,220.117,0
60923,0.619,4.810,50.530,326.832,0.528,-2.792,220.117,0
60924,0.619,4.810,50.563,326.832,0.523,-2.804,220.117,0
60925,0.619,4.810,50.563,326.832,0.524,-2.862,220.422,0
60926,0.695,4.772,50.595,327.094,0.530,-2.916,220.422,0
60927,0.695,4.772,50.595,327.094,0.522,-2.967,220.422,0
60928,0.695,4.772,50.628,327.094,0.530,-2.998,220.422,0
60929,0.695,4.772,50.660,327.094,0.521,-2.998,220.422,0
60930,0.695,4.772,50.660,327.357,0.526,-2.870,220.422,0
60931,0.695,4.772,50.693,327.357,0.525,-2.738,220.422,0
60932,0.695,4.772,50.693,327.094,0.523,-2.789,220.422,0
60933,0.695,4.772,50.725,327.094,0.530,-2.854,220.422,0
60934,0.695,4.772,50.725,327.357,0.522,-2.912,220.422,0
60935,0.695,4.772,50.758,327.357,0.529,-2.951,220.422,0
60936,0.614,4.735,50.758,327.357,0.522,-2.982,220.422,0
60937,0.614,4.735,50.791,327.357,0.525,-3.002,220.422,0
60938,0.614,4.735,50.823,327.094,0.529,-2.959,220.422,0
60939,0.614,4.735,50.823,327.357,0.523,-2.823,220.422,0
60940,0.614,4.735,50.791,327.357,0.531,-2.789,220.422,0
60941,0.614,4.735,50.823,327.357,0.522,-2.850,220.422,0
60942,0.614,4.735,50.823,327.357,0.527,-2.905,220.422,0
60943,0.614,4.735,50.791,327.094,0.529,-2.947,220.726,0
60944,0.614,4.735,50.791,327.094,0.522,-2.986,220.726,0
60945,0.614,4.735,50.791,326.832,0.529,-3.002,220.422,0
60946,0.535,4.871,50.791,326.832,0.522,-2.947,220.422,0
60947,0.535,4.871,50.758,326.832,0.529,-2.804,220.422,0
60948,0.535,4.871,50.758,326.832,0.520,-2.831,220.422,0
60949,0.535,4.871,50.725,326.832,0.529,-2.893,220.422,0
60950,0.535,4.871,50.725,326.832,0.523,-2.939,220.422,0
60951,0.535,4.871,50.693,326.569,0.523,-2.982,220.117,0
60952,0.535,4.871,50.693,326.306,0.527,-3.005,220.117,0
60953,0.535,4.871,50.660,326.044,0.521,-2.943,220.117,0
60954,0.535,4.871,50.628,326.306,0.527,-2.804,220.117,0
60955,0.535,4.871,50.628,326.044,0.525,-2.796,220.422,0
60956,0.413,5.006,50.595,326.044,0.523,-2.858,220.117,0
60957,0.413,5.006,50.595,326.044,0.529,-2.916,220.117,0
60958,0.413,5.006,50.595,325.781,0.521,-2.963,220.422,0
60959,0.413,5.006,50.595,325.781,0.531,-3.005,220.422,0
60960,0.413,5.006,50.595,325.519,0.521,-2.986,220.422,0
60961,0.413,5.006,50.563,325.519,0.529,-2.804,220.422,0
60962,0.413,5.006,50.563,325.519,0.522,-2.746,220.422,0
60963,0.413,5.006,50.563,325.256,0.525,-2.816,220.117,0
60964,0.413,5.006,50.563,324.994,0.527,-2.881,220.422,0
60965,0.413,5.006,50.563,324.994,0.523,-2.943,220.117,0
60966,0.293,4.891,50.563,324.994,0.529,-2.986,220.422,0
60967,0.293,4.891,50.595,324.731,0.521,-3.005,220.422,0
60968,0.293,4.891,50.628,324.731,0.529,-2.928,220.422,0
60969,0.293,4.891,50.628,324.731,0.521,-2.758,220.422,0
60970,0.293,4.891,50.628,324.731,0.526,-2.754,220.422,0
60971,0.293,4.891,50.660,324.731,0.524,-2.831,220.117,0
60972,0.293,4.891,50.693,324.469,0.523,-2.901,220.422,0
60973,0.293,4.891,50.693,324.206,0.529,-2.951,220.422,0
60974,0.293,4.891,50.725,324.206,0.524,-2.994,220.422,0
60975,0.293,4.891,50.758,324.206,0.530,-3.002,220.422,0
60976,0.261,4.774,50.758,324.206,0.521,-2.912,220.422,0
60977,0.261,4.774,50.758,323.944,0.527,-2.827,220.422,0
60978,0.261,4.774,50.791,323.944,0.526,-2.858,220.422,0
60979,0.261,4.774,50.791,323.681,0.523,-2.916,220.117,0
60980,0.261,4.774,50.791,323.681,0.529,-2.963,219.813,0
60981,0.261,4.774,50.823,323.419,0.521,-3.002,219.813,0
60982,0.261,4.774,50.856,323.419,0.529,-2.971,219.813,0
60983,0.261,4.774,50.823,323.156,0.520,-2.908,220.117,0
60984,0.261,4.774,50.791,323.156,0.527,-2.827,219.813,0
60985,0.261,4.774,50.791,322.894,0.522,-2.870,219.813,0
60986,0.229,4.891,50.791,322.894,0.525,-2.924,220.117,0
60987,0.229,4.891,50.791,322.631,0.525,-2.974,219.813,0
60988,0.229,4.891,50.758,322.631,0.522,-3.002,219.813,0
60989,0.229,4.891,50.758,322.631,0.528,-2.994,219.813,0
60990,0.229,4.891,50.725,322.631,0.519,-2.827,219.813,0
60991,0.229,4.891,50.693,322.631,0.528,-2.715,219.813,0
60992,0.229,4.891,50.693,322.369,0.519,-2.777,219.813,0
60993,0.229,4.891,50.660,322.369,0.525,-2.843,219.813,0
60994,0.229,4.891,50.660,322.369,0.522,-2.905,219.813,0
60995,0.229,4.891,50.628,322.369,0.522,-2.951,219.813,0
60996,0.255,5.007,50.628,322.369,0.525,-2.978,219.508,0
60997,0.255,5.007,50.595,322.369,0.519,-3.002,219.813,0
60998,0.255,5.007,50.595,322.106,0.529,-2.994,219.508,0
60999,0.255,5.007,50.595,322.106,0.521,-2.978,219.813,0
61000,0.255,5.007,50.563,322.106,0.529,-2.951,219.813,0
61001,0.255,5.007,50.563,322.106,0.519,-2.974,219.508,0
61002,0.255,5.007,50.563,322.106,0.527,-3.005,219.508,0
61003,0.255,5.007,50.595,321.844,0.519,-2.963,219.508,0
61004,0.255,5.007,50.563,321.844,0.524,-2.827,219.508,0
61005,0.255,5.007,50.563,321.844,0.525,-2.731,219.508,0
61006,0.282,5.097,50.595,321.844,0.522,-2.796,219.508,0
61007,0.282,5.097,50.595,321.844,0.526,-2.862,219.508,0
61008,0.282,5.097,50.595,321.581,0.520,-2.924,219.508,0
61009,0.282,5.097,50.628,321.844,0.527,-2.967,219.813,0
61010,0.282,5.097,50.628,321.844,0.519,-3.005,219.813,0
61011,0.282,5.097,50.693,321.844,0.527,-2.990,219.813,0
61012,0.282,5.097,50.660,321.844,0.518,-2.823,219.813,0
61013,0.282,5.097,50.693,321.844,0.528,-2.723,219.813,0
61014,0.282,5.097,50.725,321.844,0.521,-2.777,219.508,0
61015,0.282,5.097,50.725,321.844,0.525,-2.858,219.813,0
61016,0.232,5.187,50.758,321.844,0.524,-2.924,219.813,0
61017,0.232,5.187,50.758,321.844,0.523,-2.963,219.813,0
61018,0.232,5.187,50.758,321.844,0.527,-2.998,219.813,0
61019,0.232,5.187,50.791,321.844,0.521,-3.013,219.813,0
61020,0.232,5.187,50.791,321.844,0.530,-2.850,219.813,0
61021,0.232,5.187,50.791,322.106,0.521,-2.673,219.813,0
61022,0.232,5.187,50.791,322.106,0.530,-2.696,220.117,0
61023,0.232,5.187,50.791,322.369,0.522,-2.781,220.117,0
61024,0.232,5.187,50.791,322.369,0.527,-2.858,220.117,0
61025,0.232,5.187,50.791,322.369,0.526,-2.920,220.117,0
61026,0.180,5.171,50.791,322.369,0.523,-2.967,220.117,0
61027,0.180,5.171,50.758,322.369,0.529,-3.002,220.117,0
61028,0.180,5.171,50.758,322.369,0.522,-2.994,220.117,0
61029,0.180,5.171,50.725,322.631,0.530,-2.843,220.117,0
61030,0.180,5.171,50.725,322.894,0.521,-2.735,219.813,0
61031,0.180,5.171,50.693,322.894,0.530,-2.789,220.117,0
61032,0.180,5.171,50.693,322.894,0.522,-2.858,220.117,0
61033,0.180,5.171,50.660,322.894,0.525,-2.912,219.813,0
61034,0.180,5.171,50.660,323.156,0.526,-2.967,219.813,0
61035,0.180,5.171,50.628,323.156,0.522,-2.994,219.813,0
61036,0.317,5.153,50.628,323.156,0.528,-2.994,219.813,0
61037,0.317,5.153,50.595,323.419,0.521,-2.947,219.813,0
61038,0.317,5.153,50.595,323.156,0.531,-2.912,219.813,0
61039,0.317,5.153,50.563,323.419,0.521,-2.947,219.813,0
61040,0.317,5.153,50.563,323.419,0.528,-2.994,219.813,0
61041,0.317,5.153,50.563,323.681,0.521,-3.013,219.813,0
61042,0.317,5.153,50.563,323.419,0.525,-2.951,219.813,0
61043,0.317,5.153,50.563,323.944,0.525,-2.712,219.813,0
61044,0.317,5.153,50.563,323.681,0.522,-2.692,219.813,0
61045,0.317,5.153,50.563,323.681,0.527,-2.765,219.813,0
61046,0.453,5.260,50.563,323.944,0.520,-2.839,219.813,0
61047,0.453,5.260,50.595,323.944,0.527,-2.901,219.813,0
61048,0.453,5.260,50.595,323.944,0.519,-2.932,219.508,0
61049,0.453,5.260,50.595,324.206,0.527,-2.967,219.508,0
61050,0.453,5.260,50.628,324.469,0.518,-3.005,219.508,0
61051,0.453,5.260,50.660,324.469,0.524,-2.982,219.508,0
61052,0.453,5.260,50.660,324.731,0.521,-2.889,219.813,0
61053,0.453,5.260,50.693,324.469,0.521,-2.877,219.508,0
61054,0.453,5.260,50.693,324.731,0.525,-2.924,219.508,0
61055,0.453,5.260,50.725,324.731,0.519,-2.974,219.508,0
61056,0.185,5.372,50.758,324.994,0.527,-2.998,219.508,0
61057,0.185,5.372,50.791,324.731,0.518,-3.005,219.508,0
61058,0.185,5.372,50.791,324.731,0.528,-2.920,219.813,0
61059,0.185,5.372,50.791,324.994,0.521,-2.777,219.813,0
61060,0.185,5.372,50.823,324.994,0.527,-2.789,219.813,0
61061,0.185,5.372,50.823,324.994,0.522,-2.850,219.813,0
61062,0.185,5.372,50.823,325.256,0.524,-2.905,219.813,0
61063,0.185,5.372,50.823,325.256,0.527,-2.951,219.813,0
61064,0.185,5.372,50.823,325.256,0.523,-2.990,219.813,0
61065,0.185,5.372,50.823,325.256,0.529,-3.005,219.813,0
61066,-0.084,5.443,50.791,325.256,0.521,-2.916,220.117,0
61067,-0.084,5.443,50.791,325.519,0.530,-2.758,219.813,0
61068,-0.084,5.443,50.758,325.519,0.521,-2.773,220.117,0
61069,-0.084,5.443,50.758,325.519,0.529,-2.843,219.813,0
61070,-0.084,5.443,50.725,325.781,0.521,-2.908,219.813,0
61071,-0.084,5.443,50.725,325.781,0.527,-2.959,220.117,0
61072,-0.084,5.443,50.693,326.044,0.524,-3.002,219.813,0
61073,-0.084,5.443,50.693,325.781,0.523,-2.971,219.813,0
61074,-0.084,5.443,50.660,326.044,0.526,-2.870,219.813,0
61075,-0.084,5.443,50.628,326.044,0.522,-2.804,219.813,0
61076,0.118,5.507,50.628,326.306,0.529,-2.870,220.117,0
61077,0.118,5.507,50.628,326.306,0.522,-2.932,220.422,0
61078,0.118,5.507,50.595,326.569,0.531,-2.974,220.422,0
61079,0.118,5.507,50.595,326.569,0.523,-3.009,220.422,0
61080,0.118,5.507,50.595,326.306,0.525,-2.974,220.422,0
61081,0.118,5.507,50.563,326.832,0.528,-2.765,220.422,0
61082,0.118,5.507,50.563,326.832,0.522,-2.708,220.726,0
61083,0.118,5.507,50.530,327.094,0.527,-2.785,220.422,0
61084,0.118,5.507,50.530,327.094,0.526,-2.854,220.422,0
61085,0.118,5.507,50.530,327.094,0.525,-2.920,220.422,0
61086,0.322,5.534,50.563,327.094,0.530,-2.959,220.422,0
61087,0.322,5.534,50.563,327.094,0.522,-2.990,220.726,0
61088,0.322,5.534,50.595,327.094,0.526,-3.016,220.422,0
61089,0.322,5.534,50.595,327.094,0.522,-2.866,220.422,0
61090,0.322,5.534,50.628,327.619,0.530,-2.665,220.422,0
61091,0.322,5.534,50.628,327.619,0.522,-2.677,220.117,0
61092,0.322,5.534,50.660,327.357,0.529,-2.765,220.117,0
61093,0.322,5.534,50.693,327.357,0.521,-2.843,220.117,0
61094,0.322,5.534,50.725,327.357,0.523,-2.901,220.422,0
61095,0.322,5.534,50.725,327.357,0.528,-2.947,220.422,0
61096,0.453,5.562,50.725,327.357,0.522,-2.990,220.422,0
61097,0.453,5.562,50.758,327.619,0.525,-3.002,220.422,0
61098,0.453,5.562,50.791,327.357,0.528,-2.990,220.422,0
61099,0.453,5.562,50.791,327.357,0.520,-2.947,220.422,0
61100,0.453,5.562,50.791,327.357,0.529,-2.974,220.422,0
61101,0.453,5.562,50.791,327.357,0.521,-3.009,220.422,0
61102,0.453,5.562,50.823,327.094,0.526,-2.955,220.422,0
61103,0.453,5.562,50.823,327.357,0.523,-2.731,220.422,0
61104,0.453,5.562,50.823,327.357,0.522,-2.731,220.422,0
61105,0.453,5.562,50.791,327.357,0.529,-2.789,220.422,0
61106,0.584,5.472,50.791,327.094,0.521,-2.858,220.117,0
61107,0.584,5.472,50.791,327.094,0.530,-2.916,220.422,0
61108,0.584,5.472,50.758,327.094,0.521,-2.939,220.422,0
61109,0.584,5.472,50.758,326.832,0.526,-2.982,220.422,0
61110,0.584,5.472,50.725,327.094,0.522,-3.002,220.117,0
61111,0.584,5.472,50.725,326.832,0.522,-2.990,220.117,0
61112,0.584,5.472,50.725,326.832,0.527,-2.854,220.117,0
61113,0.584,5.472,50.693,326.832,0.521,-2.758,220.117,0
61114,0.584,5.472,50.660,326.569,0.530,-2.823,220.422,0
61115,0.584,5.472,50.660,326.569,0.520,-2.881,220.422,0
61116,0.523,5.384,50.628,326.569,0.528,-2.928,220.422,0
61117,0.523,5.384,50.628,326.569,0.522,-2.974,220.422,0
61118,0.523,5.384,50.628,326.306,0.524,-2.998,220.422,0
61119,0.523,5.384,50.595,326.044,0.527,-3.009,220.422,0
61120,0.523,5.384,50.595,325.781,0.523,-2.874,220.117,0
61121,0.523,5.384,50.563,325.781,0.530,-2.696,220.422,0
61122,0.523,5.384,50.563,325.781,0.521,-2.735,220.422,0
61123,0.523,5.384,50.563,325.781,0.530,-2.816,220.422,0
61124,0.523,5.384,50.563,325.519,0.521,-2.881,220.117,0
61125,0.523,5.384,50.563,325.256,0.529,-2.932,220.117,0
61126,0.460,5.531,50.563,325.256,0.523,-2.971,220.422,0
61127,0.460,5.531,50.595,324.994,0.525,-2.998,220.422,0
61128,0.460,5.531,50.595,324.994,0.527,-3.005,220.422,0
61129,0.460,5.531,50.595,324.731,0.522,-2.858,220.422,0
61130,0.460,5.531,50.628,324.731,0.529,-2.715,220.422,0
61131,0.460,5.531,50.628,324.731,0.521,-2.758,220.422,0
61132,0.460,5.531,50.660,324.731,0.527,-2.835,220.422,0
61133,0.460,5.531,50.660,324.469,0.522,-2.908,220.422,0
61134,0.460,5.531,50.693,324.469,0.523,-2.947,220.422,0
61135,0.460,5.531,50.725,324.206,0.527,-2.990,220.422,0
61136,0.322,5.679,50.758,323.944,0.520,-3.005,220.422,0
61137,0.322,5.679,50.758,324.206,0.530,-2.897,220.422,0
61138,0.322,5.679,50.758,323.944,0.521,-2.723,220.422,0
61139,0.322,5.679,50.791,323.944,0.526,-2.762,220.422,0
61140,0.322,5.679,50.791,323.681,0.525,-2.839,220.117,0
61141,0.322,5.679,50.823,323.681,0.521,-2.901,219.813,0
61142,0.322,5.679,50.823,323.681,0.527,-2.951,219.813,0
61143,0.322,5.679,50.823,323.419,0.520,-2.990,219.813,0
61144,0.322,5.679,50.823,323.419,0.530,-3.002,219.813,0
61145,0.322,5.679,50.823,323.156,0.520,-2.939,219.813,0
61146,0.183,5.612,50.823,323.156,0.528,-2.789,219.813,0
61147,0.183,5.612,50.791,322.894,0.522,-2.808,219.813,0
61148,0.183,5.612,50.791,322.894,0.523,-2.874,219.813,0
61149,0.183,5.612,50.758,322.894,0.526,-2.920,219.813,0
61150,0.183,5.612,50.758,322.631,0.520,-2.967,219.813,0
61151,0.183,5.612,50.725,322.631,0.527,-3.005,219.813,0
61152,0.183,5.612,50.758,322.369,0.519,-2.990,219.813,0
61153,0.183,5.612,50.693,322.369,0.528,-2.885,219.813,0
61154,0.183,5.612,50.693,322.369,0.520,-2.854,219.813,0
61155,0.183,5.612,50.660,322.369,0.526,-2.905,219.813,0
61156,0.351,5.540,50.628,322.369,0.522,-2.951,219.813,0
61157,0.351,5.540,50.628,322.369,0.524,-2.994,219.813,0
61158,0.351,5.540,50.628,322.369,0.527,-3.002,219.813,0
61159,0.351,5.540,50.595,322.106,0.521,-2.916,219.813,0
61160,0.351,5.540,50.595,322.106,0.529,-2.835,219.813,0
61161,0.351,5.540,50.563,322.106,0.521,-2.858,219.813,0
61162,0.351,5.540,50.563,322.369,0.529,-2.912,219.508,0
61163,0.351,5.540,50.563,322.106,0.521,-2.963,219.508,0
61164,0.351,5.540,50.563,322.369,0.529,-2.998,219.508,0
61165,0.351,5.540,50.563,322.106,0.521,-2.998,219.508,0
61166,0.517,5.363,50.563,322.106,0.528,-2.924,219.813,0
61167,0.517,5.363,50.563,322.106,0.522,-2.847,219.813,0
61168,0.517,5.363,50.595,322.106,0.525,-2.881,219.813,0
61169,0.517,5.363,50.595,322.106,0.526,-2.936,219.813,0
61170,0.517,5.363,50.595,322.106,0.522,-2.978,219.813,0
61171,0.517,5.363,50.628,322.106,0.528,-3.002,219.813,0
61172,0.517,5.363,50.660,321.844,0.521,-2.955,219.813,0
61173,0.517,5.363,50.660,322.106,0.528,-2.796,219.813,0
61174,0.517,5.363,50.660,322.106,0.521,-2.742,219.813,0
61175,0.517,5.363,50.693,322.106,0.530,-2.812,219.813,0
61176,0.398,5.191,50.725,321.844,0.521,-2.881,219.813,0
61177,0.398,5.191,50.725,322.106,0.529,-2.932,219.813,0
61178,0.398,5.191,50.725,322.106,0.522,-2.974,219.813,0
61179,0.398,5.191,50.758,322.106,0.526,-3.005,219.813,0
61180,0.398,5.191,50.791,321.844,0.526,-2.982,219.813,0
61181,0.398,5.191,50.791,322.106,0.523,-2.777,220.117,0
61182,0.398,5.191,50.791,322.106,0.529,-2.715,220.117,0
61183,0.398,5.191,50.791,322.106,0.523,-2.777,219.813,0
61184,0.398,5.191,50.823,322.106,0.530,-2.866,219.813,0
61185,0.398,5.191,50.823,322.369,0.522,-2.920,219.813,0
61186,0.281,5.240,50.791,322.106,0.530,-2.971,220.117,0
61187,0.281,5.240,50.791,322.106,0.521,-3.005,220.117,0
61188,0.281,5.240,50.823,322.106,0.527,-2.998,219.813,0
61189,0.281,5.240,50.791,322.369,0.523,-2.819,219.813,0
61190,0.281,5.240,50.791,322.369,0.523,-2.692,219.813,0
61191,0.281,5.240,50.758,322.631,0.529,-2.758,219.813,0
61192,0.281,5.240,50.758,322.894,0.521,-2.835,219.813,0
61193,0.281,5.240,50.725,322.894,0.529,-2.908,219.813,0
61194,0.281,5.240,50.693,322.894,0.521,-2.951,219.813,0
61195,0.281,5.240,50.693,322.894,0.529,-2.994,219.813,0
61196,0.316,5.287,50.693,322.894,0.522,-3.002,219.813,0
61197,0.316,5.287,50.628,323.156,0.525,-2.862,219.813,0
61198,0.316,5.287,50.628,323.419,0.527,-2.765,219.813,0
61199,0.316,5.287,50.595,323.419,0.523,-2.800,219.813,0
61200,0.316,5.287,50.595,323.419,0.529,-2.874,219.813,0
61201,0.316,5.287,50.563,323.419,0.522,-2.932,219.813,0
61202,0.316,5.287,50.563,323.681,0.529,-2.978,219.813,0
61203,0.316,5.287,50.563,323.681,0.521,-2.998,219.813,0
61204,0.316,5.287,50.530,323.681,0.529,-3.005,219.813,0
61205,0.316,5.287,50.530,323.944,0.522,-2.959,219.813,0
61206,0.351,5.306,50.530,323.944,0.526,-2.928,219.813,0
61207,0.351,5.306,50.563,323.944,0.525,-2.936,219.813,0
61208,0.351,5.306,50.563,323.944,0.523,-2.982,219.813,0
61209,0.351,5.306,50.563,323.944,0.528,-3.009,219.813,0
61210,0.351,5.306,50.595,323.944,0.522,-2.889,219.813,0
61211,0.351,5.306,50.595,324.206,0.530,-2.738,219.813,0
61212,0.351,5.306,50.595,324.469,0.523,-2.765,219.813,0
61213,0.351,5.306,50.628,324.469,0.530,-2.839,219.813,0
61214,0.351,5.306,50.660,324.469,0.522,-2.901,219.813,0
61215,0.351,5.306,50.660,324.731,0.527,-2.947,219.813,0
61216,0.299,5.326,50.693,324.731,0.523,-2.982,219.813,0
61217,0.299,5.326,50.725,324.994,0.526,-3.002,219.813,0
61218,0.299,5.326,50.758,324.994,0.527,-2.986,220.117,0
61219,0.299,5.326,50.758,324.994,0.524,-2.881,219.813,0
61220,0.299,5.326,50.791,325.256,0.530,-2.866,220.117,0
61221,0.299,5.326,50.823,324.994,0.522,-2.916,220.117,0
61222,0.299,5.326,50.823,325.256,0.526,-2.955,220.117,0
61223,0.299,5.326,50.823,325.519,0.526,-2.998,220.117,0
61224,0.299,5.326,50.856,325.256,0.523,-2.998,220.117,0
61225,0.299,5.326,50.823,325.519,0.530,-2.967,220.117,0
61226,0.247,5.293,50.856,325.519,0.521,-2.963,220.117,0
61227,0.247,5.293,50.856,325.519,0.530,-3.005,220.117,0
61228,0.247,5.293,50.856,325.256,0.521,-2.990,220.117,0
61229,0.247,5.293,50.823,325.781,0.529,-2.796,219.813,0
61230,0.247,5.293,50.823,325.781,0.522,-2.708,220.117,0
61231,0.247,5.293,50.791,325.781,0.529,-2.781,219.813,0
61232,0.247,5.293,50.791,326.044,0.521,-2.854,219.813,0
61233,0.247,5.293,50.758,326.044,0.530,-2.912,219.813,0
61234,0.247,5.293,50.758,326.044,0.529,-2.951,219.813,0
61235,0.247,5.293,50.725,326.044,0.523,-3.002,220.422,0
61236,0.173,5.259,50.758,326.044,0.531,-2.963,220.422,0
61237,0.173,5.259,50.693,326.306,0.523,-2.862,220.422,0
61238,0.173,5.259,50.693,326.569,0.531,-2.804,220.422,0
61239,0.173,5.259,50.660,326.569,0.525,-2.847,220.422,0
61240,0.173,5.259,50.628,326.569,0.525,-2.916,220.422,0
61241,0.173,5.259,50.628,326.569,0.529,-2.971,220.422,0
61242,0.173,5.259,50.595,326.569,0.523,-3.009,220.422,0
61243,0.173,5.259,50.595,326.569,0.531,-2.982,220.422,0
61244,0.173,5.259,50.563,326.832,0.523,-2.777,220.422,0
61245,0.173,5.259,50.530,326.832,0.528,-2.700,220.422,0
61246,0.098,5.457,50.530,327.094,0.525,-2.765,220.422,0
61247,0.098,5.457,50.530,326.832,0.524,-2.854,220.422,0
61248,0.098,5.457,50.530,326.832,0.529,-2.920,220.422,0
61249,0.098,5.457,50.530,327.094,0.522,-2.959,220.422,0
61250,0.098,5.457,50.530,327.094,0.530,-2.998,220.422,0
61251,0.098,5.457,50.530,327.094,0.522,-3.005,220.422,0
61252,0.098,5.457,50.563,327.094,0.529,-2.967,220.422,0
61253,0.098,5.457,50.563,327.357,0.524,-2.870,220.422,0
61254,0.098,5.457,50.595,327.357,0.525,-2.893,220.422,0
61255,0.098,5.457,50.595,327.357,0.530,-2.959,220.422,0
61256,0.212,5.654,50.628,327.094,0.523,-3.005,220.422,0
61257,0.212,5.654,50.660,326.832,0.532,-3.002,220.422,0
61258,0.212,5.654,50.693,327.357,0.523,-2.796,220.422,0
61259,0.212,5.654,50.693,327.357,0.527,-2.669,220.422,0
61260,0.212,5.654,50.725,327.094,0.526,-2.719,220.726,0
61261,0.212,5.654,50.758,327.094,0.524,-2.816,220.726,0
61262,0.212,5.654,50.791,327.094,0.531,-2.877,220.726,0
61263,0.212,5.654,50.791,327.094,0.523,-2.920,220.422,0
61264,0.212,5.654,50.823,327.094,0.530,-2.951,220.422,0
61265,0.212,5.654,50.823,327.094,0.523,-2.990,220.422,0
61266,0.328,5.396,50.856,326.832,0.526,-3.005,220.422,0
61267,0.328,5.396,50.856,326.569,0.527,-2.924,220.422,0
61268,0.328,5.396,50.856,326.569,0.523,-2.765,220.422,0
61269,0.328,5.396,50.856,326.569,0.529,-2.754,220.422,0
61270,0.328,5.396,50.856,326.569,0.522,-2.827,220.422,0
61271,0.328,5.396,50.823,326.569,0.530,-2.889,220.422,0
61272,0.328,5.396,50.823,326.569,0.522,-2.936,220.422,0
61273,0.328,5.396,50.823,326.569,0.527,-2.967,220.422,0
61274,0.328,5.396,50.823,326.569,0.527,-2.994,220.422,0
61275,0.328,5.396,50.791,326.306,0.523,-3.002,220.422,0
61276,0.352,5.137,50.791,326.044,0.530,-2.990,220.422,0
61277,0.352,5.137,50.758,326.306,0.522,-2.912,220.422,0
61278,0.352,5.137,50.758,326.044,0.532,-2.847,220.422,0
61279,0.352,5.137,50.725,326.044,0.523,-2.881,220.422,0
61280,0.352,5.137,50.693,326.044,0.528,-2.943,220.422,0
61281,0.352,5.137,50.693,325.781,0.527,-2.978,220.422,0
61282,0.352,5.137,50.660,325.519,0.524,-3.009,220.422,0
61283,0.352,5.137,50.693,325.256,0.530,-2.998,220.422,0
61284,0.352,5.137,50.628,325.256,0.523,-2.789,220.422,0
61285,0.352,5.137,50.595,325.256,0.531,-2.650,220.422,0
61286,0.375,5.221,50.595,325.256,0.523,-2.723,220.422,0
61287,0.375,5.221,50.563,324.994,0.530,-2.796,220.422,0
61288,0.375,5.221,50.563,324.731,0.525,-2.866,220.422,0
61289,0.375,5.221,50.563,324.469,0.525,-2.916,220.422,0
61290,0.375,5.221,50.530,324.469,0.526,-2.959,220.422,0
61291,0.375,5.221,50.530,324.206,0.523,-2.986,220.422,0
61292,0.375,5.221,50.530,324.206,0.530,-3.016,220.422,0
61293,0.375,5.221,50.563,324.206,0.523,-2.951,220.422,0
61294,0.375,5.221,50.530,324.206,0.530,-2.685,220.422,0
61295,0.375,5.221,50.530,323.944,0.522,-2.669,220.422,0
61296,0.273,5.304,50.563,323.681,0.528,-2.762,220.117,0
61297,0.273,5.304,50.595,323.681,0.524,-2.827,219.813,0
61298,0.273,5.304,50.595,323.681,0.525,-2.877,219.813,0
61299,0.273,5.304,50.628,323.419,0.528,-2.939,220.117,0
61300,0.273,5.304,50.628,323.419,0.523,-2.982,220.117,0
61301,0.273,5.304,50.660,323.156,0.529,-3.002,220.117,0
61302,0.273,5.304,50.693,322.894,0.522,-2.939,220.117,0
61303,0.273,5.304,50.693,323.156,0.530,-2.835,220.117,0
61304,0.273,5.304,50.725,322.894,0.522,-2.858,220.117,0
61305,0.273,5.304,50.758,322.894,0.530,-2.912,220.117,0
61306,0.171,5.263,50.758,322.894,0.523,-2.963,220.117,0
61307,0.171,5.263,50.791,322.631,0.526,-3.005,220.117,0
61308,0.171,5.263,50.823,322.369,0.526,-2.959,220.117,0
61309,0.171,5.263,50.823,322.369,0.523,-2.870,220.117,0
61310,0.171,5.263,50.823,322.631,0.529,-2.843,220.117,0
61311,0.171,5.263,50.823,322.369,0.521,-2.912,220.117,0
61312,0.171,5.263,50.856,322.369,0.530,-2.951,219.813,0
61313,0.171,5.263,50.823,322.369,0.521,-3.009,219.813,0
61314,0.171,5.263,50.856,322.369,0.527,-2.959,219.813,0
61315,0.171,5.263,50.823,322.369,0.522,-2.831,219.813,0
61316,0.189,5.221,50.823,322.106,0.522,-2.781,220.117,0
61317,0.189,5.221,50.823,322.106,0.527,-2.847,220.117,0
61318,0.189,5.221,50.791,322.369,0.522,-2.897,220.117,0
61319,0.189,5.221,50.791,322.369,0.531,-2.943,220.117,0
61320,0.189,5.221,50.758,322.106,0.522,-3.005,220.117,0
61321,0.189,5.221,50.758,322.106,0.529,-2.986,219.813,0
61322,0.189,5.221,50.725,322.106,0.522,-2.874,220.117,0
61323,0.189,5.221,50.693,322.106,0.529,-2.858,219.813,0
61324,0.189,5.221,50.693,322.369,0.523,-2.905,219.813,0
61325,0.189,5.221,50.660,322.369,0.525,-2.955,219.813,0
61326,0.208,5.268,50.628,322.369,0.526,-2.998,219.813,0
61327,0.208,5.268,50.660,322.106,0.522,-3.002,219.813,0
61328,0.208,5.268,50.595,322.106,0.529,-2.823,219.813,0
61329,0.208,5.268,50.595,322.106,0.521,-2.692,219.813,0
61330,0.208,5.268,50.563,322.369,0.529,-2.735,219.813,0
61331,0.208,5.268,50.563,322.369,0.521,-2.812,219.813,0
61332,0.208,5.268,50.530,322.369,0.529,-2.870,219.813,0
61333,0.208,5.268,50.530,322.631,0.521,-2.920,219.813,0
61334,0.208,5.268,50.530,322.631,0.528,-2.947,219.813,0
61335,0.208,5.268,50.530,322.631,0.523,-2.982,219.813,0
61336,0.228,5.316,50.563,322.369,0.527,-3.005,219.813,0
61337,0.228,5.316,50.563,322.369,0.526,-2.928,219.813,0
61338,0.228,5.316,50.563,322.631,0.526,-2.773,219.813,0
61339,0.228,5.316,50.563,322.631,0.529,-2.781,220.117,0
61340,0.228,5.316,50.595,322.631,0.525,-2.850,219.813,0
61341,0.228,5.316,50.628,322.894,0.531,-2.897,220.117,0
61342,0.228,5.316,50.628,322.631,0.522,-2.951,220.117,0
61343,0.228,5.316,50.660,322.631,0.532,-2.986,220.117,0
61344,0.228,5.316,50.693,322.631,0.522,-3.002,220.117,0
61345,0.228,5.316,50.725,322.631,0.529,-2.974,220.422,0
61346,0.249,5.700,50.725,322.894,0.526,-2.843,220.117,0
61347,0.249,5.700,50.758,322.894,0.525,-2.839,220.117,0
61348,0.249,5.700,50.758,322.894,0.528,-2.897,220.117,0
61349,0.249,5.700,50.791,322.894,0.523,-2.951,220.117,0
61350,0.249,5.700,50.823,322.894,0.531,-2.994,219.813,0
61351,0.249,5.700,50.856,322.894,0.523,-3.013,220.117,0
61352,0.249,5.700,50.856,322.894,0.530,-2.920,220.117,0
61353,0.249,5.700,50.856,323.156,0.522,-2.719,220.117,0
61354,0.249,5.700,50.856,323.156,0.525,-2.700,220.117,0
61355,0.249,5.700,50.856,323.419,0.526,-2.781,220.117,0
61356,0.206,6.084,50.856,323.419,0.523,-2.858,219.813,0
61357,0.206,6.084,50.856,323.419,0.528,-2.916,219.813,0
61358,0.206,6.084,50.856,323.419,0.521,-2.967,219.508,0
61359,0.206,6.084,50.823,323.681,0.529,-3.005,219.813,0
61360,0.206,6.084,50.856,323.681,0.519,-2.963,219.813,0
61361,0.206,6.084,50.791,323.944,0.526,-2.839,219.508,0
61362,0.206,6.084,50.758,323.944,0.522,-2.742,219.508,0
61363,0.206,6.084,50.758,323.944,0.521,-2.800,219.508,0
61364,0.206,6.084,50.758,324.206,0.529,-2.870,219.508,0
61365,0.206,6.084,50.725,324.206,0.519,-2.924,219.508,0
61366,0.164,5.928,50.725,324.469,0.523,-2.971,219.508,0
61367,0.164,5.928,50.693,324.469,0.522,-3.002,219.204,0
61368,0.164,5.928,50.693,324.206,0.518,-2.990,219.204,0
61369,0.164,5.928,50.660,324.469,0.525,-2.827,218.899,0
61370,0.164,5.928,50.628,324.731,0.516,-2.754,218.899,0
61371,0.164,5.928,50.595,324.731,0.521,-2.823,218.899,0
61372,0.164,5.928,50.595,324.731,0.516,-2.889,218.899,0
61373,0.164,5.928,50.563,324.994,0.523,-2.943,218.899,0
61374,0.164,5.928,50.563,324.994,0.518,-2.974,218.899,0
61375,0.164,5.928,50.530,325.256,0.519,-3.002,218.899,0
61376,0.206,5.772,50.563,324.994,0.520,-2.998,218.595,0
61377,0.206,5.772,50.530,325.256,0.518,-2.858,218.595,0
61378,0.206,5.772,50.530,325.256,0.525,-2.731,218.899,0
61379,0.206,5.772,50.530,325.519,0.517,-2.777,218.899,0
61380,0.206,5.772,50.530,325.519,0.525,-2.847,218.899,0
61381,0.206,5.772,50.530,325.781,0.516,-2.912,218.899,0
61382,0.206,5.772,50.563,325.781,0.525,-2.943,218.899,0
61383,0.206,5.772,50.563,325.781,0.517,-2.982,218.595,0
61384,0.206,5.772,50.595,326.044,0.523,-3.002,218.899,0
61385,0.206,5.772,50.628,326.044,0.518,-3.002,218.899,0
61386,0.249,5.838,50.628,326.044,0.519,-2.827,218.899,0
61387,0.249,5.838,50.660,326.306,0.522,-2.704,219.204,0
61388,0.249,5.838,50.693,326.306,0.517,-2.742,219.204,0
61389,0.249,5.838,50.725,326.306,0.524,-2.816,219.204,0
61390,0.249,5.838,50.758,326.306,0.517,-2.881,219.204,0
61391,0.249,5.838,50.758,326.569,0.525,-2.924,219.204,0
61392,0.249,5.838,50.791,326.569,0.518,-2.955,219.204,0
61393,0.249,5.838,50.823,326.569,0.519,-2.994,219.204,0
61394,0.249,5.838,50.823,326.832,0.522,-2.998,219.204,0
61395,0.249,5.838,50.823,326.832,0.516,-2.986,219.204,0
61396,0.253,5.904,50.823,326.832,0.525,-2.967,219.204,0
61397,0.253,5.904,50.823,326.832,0.517,-2.955,219.204,0
61398,0.253,5.904,50.823,326.832,0.523,-2.982,219.204,0
61399,0.253,5.904,50.856,326.832,0.519,-3.005,219.204,0
61400,0.253,5.904,50.856,326.832,0.518,-2.967,219.508,0
61401,0.253,5.904,50.823,327.094,0.526,-2.754,219.508,0
61402,0.253,5.904,50.823,327.094,0.516,-2.715,219.204,0
61403,0.253,5.904,50.791,326.832,0.525,-2.796,219.204,0
61404,0.253,5.904,50.791,326.832,0.518,-2.870,219.204,0
61405,0.253,5.904,50.758,326.832,0.519,-2.928,219.204,0
61406,0.258,5.693,50.758,326.832,0.524,-2.967,219.204,0
61407,0.258,5.693,50.725,327.094,0.518,-2.998,219.204,0
61408,0.258,5.693,50.758,326.832,0.526,-2.998,219.204,0
61409,0.258,5.693,50.693,326.832,0.517,-2.843,219.204,0
61410,0.258,5.693,50.660,326.569,0.521,-2.750,219.204,0
61411,0.258,5.693,50.660,326.832,0.522,-2.800,219.204,0
61412,0.258,5.693,50.628,326.569,0.518,-2.870,219.204,0
61413,0.258,5.693,50.628,326.569,0.526,-2.928,219.204,0
61414,0.258,5.693,50.595,326.569,0.519,-2.978,219.204,0
61415,0.258,5.693,50.595,326.832,0.526,-3.009,219.204,0
61416,0.253,5.481,50.595,326.569,0.519,-2.951,219.204,0
61417,0.253,5.481,50.563,326.569,0.521,-2.785,219.204,0
61418,0.253,5.481,50.563,326.569,0.526,-2.715,219.204,0
61419,0.253,5.481,50.563,326.569,0.519,-2.785,219.508,0
61420,0.253,5.481,50.563,326.569,0.526,-2.866,219.508,0
61421,0.253,5.481,50.530,326.569,0.519,-2.916,219.508,0
61422,0.253,5.481,50.563,326.306,0.523,-2.963,219.204,0
61423,0.253,5.481,50.563,326.306,0.521,-2.998,219.508,0
61424,0.253,5.481,50.595,326.044,0.520,-3.005,219.204,0
61425,0.253,5.481,50.595,326.306,0.526,-2.885,219.204,0
61426,0.249,5.387,50.595,326.306,0.519,-2.735,219.508,0
61427,0.249,5.387,50.628,326.044,0.526,-2.777,219.204,0
61428,0.249,5.387,50.628,326.044,0.517,-2.854,219.204,0
61429,0.249,5.387,50.660,325.781,0.523,-2.905,219.508,0
61430,0.249,5.387,50.660,325.781,0.522,-2.951,219.204,0
61431,0.249,5.387,50.693,325.519,0.520,-2.986,219.508,0
61432,0.249,5.387,50.725,325.519,0.525,-3.002,219.508,0
61433,0.249,5.387,50.758,325.256,0.518,-2.982,219.508,0
61434,0.249,5.387,50.758,325.519,0.526,-2.785,219.508,0
61435,0.249,5.387,50.758,325.256,0.518,-2.727,219.508,0
61436,0.330,5.290,50.791,325.256,0.523,-2.789,219.508,0
61437,0.330,5.290,50.791,324.994,0.523,-2.858,219.508,0
61438,0.330,5.290,50.791,324.994,0.521,-2.916,219.508,0
61439,0.330,5.290,50.823,324.994,0.526,-2.955,219.508,0
61440,0.330,5.290,50.823,324.994,0.519,-2.978,219.508,0
61441,0.330,5.290,50.823,324.731,0.527,-3.005,219.508,0
61442,0.330,5.290,50.823,324.469,0.519,-2.936,219.508,0
61443,0.330,5.290,50.791,324.469,0.523,-2.792,219.508,0
61444,0.330,5.290,50.791,324.469,0.523,-2.773,219.508,0
61445,0.330,5.290,50.758,324.469,0.519,-2.835,219.508,0
61446,0.412,5.890,50.758,324.206,0.526,-2.893,219.508,0
61447,0.412,5.890,50.758,324.206,0.518,-2.939,219.508,0
61448,0.412,5.890,50.725,323.944,0.526,-2.974,219.508,0
61449,0.412,5.890,50.725,323.681,0.518,-3.005,219.204,0
61450,0.412,5.890,50.725,323.419,0.521,-2.959,218.899,0
61451,0.412,5.890,50.693,323.419,0.521,-2.831,218.899,0
61452,0.412,5.890,50.660,323.419,0.519,-2.762,218.595,0
61453,0.412,5.890,50.660,323.156,0.523,-2.816,218.899,0
61454,0.412,5.890,50.628,323.156,0.518,-2.885,218.595,0
61455,0.412,5.890,50.628,323.156,0.525,-2.932,218.595,0
61456,0.375,6.493,50.595,322.894,0.516,-2.974,218.595,0
61457,0.375,6.493,50.595,322.894,0.526,-3.005,218.595,0
61458,0.375,6.493,50.595,322.369,0.517,-2.986,218.595,0
61459,0.375,6.493,50.563,322.631,0.523,-2.827,218.595,0
61460,0.375,6.493,50.563,322.369,0.518,-2.754,218.595,0
61461,0.375,6.493,50.563,322.369,0.519,-2.812,218.595,0
61462,0.375,6.493,50.563,322.369,0.522,-2.881,218.595,0
61463,0.375,6.493,50.563,322.106,0.518,-2.936,218.595,0
61464,0.375,6.493,50.563,322.106,0.525,-2.974,218.595,0
61465,0.375,6.493,50.595,321.844,0.517,-3.005,218.595,0
61466,0.340,5.356,50.628,321.844,0.524,-2.963,218.595,0
61467,0.340,5.356,50.595,321.844,0.516,-2.835,218.290,0
61468,0.340,5.356,50.628,321.844,0.521,-2.765,218.595,0
61469,0.340,5.356,50.660,321.581,0.518,-2.823,218.595,0
61470,0.340,5.356,50.660,321.581,0.517,-2.897,218.290,0
61471,0.340,5.356,50.693,321.581,0.522,-2.947,218.595,0
61472,0.340,5.356,50.725,321.844,0.515,-2.990,218.290,0
61473,0.340,5.356,50.758,321.581,0.523,-3.009,218.290,0
61474,0.340,5.356,50.758,321.581,0.515,-2.901,218.290,0
61475,0.340,5.356,50.758,321.844,0.521,-2.704,218.595,0
61476,0.445,4.219,50.791,321.844,0.518,-2.735,218.595,0
61477,0.445,4.219,50.791,321.844,0.519,-2.812,218.595,0
61478,0.445,4.219,50.791,321.844,0.523,-2.885,218.595,0
61479,0.445,4.219,50.791,321.844,0.517,-2.932,218.595,0
61480,0.445,4.219,50.791,321.844,0.525,-2.974,218.595,0
61481,0.445,4.219,50.791,321.844,0.516,-3.002,218.595,0
61482,0.445,4.219,50.823,321.844,0.523,-3.002,218.595,0
61483,0.445,4.219,50.791,321.844,0.519,-2.835,218.595,0
61484,0.445,4.219,50.791,321.844,0.519,-2.696,218.595,0
61485,0.445,4.219,50.791,322.106,0.522,-2.750,218.290,0
61486,0.549,4.141,50.758,322.106,0.517,-2.827,218.290,0
61487,0.549,4.141,50.758,322.106,0.524,-2.885,218.290,0
61488,0.549,4.141,50.725,322.106,0.516,-2.936,218.290,0
61489,0.549,4.141,50.725,322.106,0.523,-2.971,217.986,0
61490,0.549,4.141,50.693,322.106,0.515,-3.002,218.290,0
61491,0.549,4.141,50.693,322.106,0.521,-2.990,218.290,0
61492,0.549,4.141,50.660,322.106,0.516,-2.912,218.595,0
61493,0.549,4.141,50.628,322.106,0.517,-2.877,218.595,0
61494,0.549,4.141,50.628,322.369,0.519,-2.912,218.290,0
61495,0.549,4.141,50.595,322.631,0.515,-2.963,217.986,0
61496,0.451,4.063,50.595,322.631,0.521,-2.990,217.986,0
61497,0.451,4.063,50.595,322.631,0.517,-3.005,217.986,0
61498,0.451,4.063,50.563,322.631,0.523,-2.982,218.290,0
61499,0.451,4.063,50.563,322.631,0.516,-2.908,218.290,0
61500,0.451,4.063,50.563,322.894,0.524,-2.889,218.290,0
61501,0.451,4.063,50.530,322.894,0.517,-2.936,218.290,0
61502,0.451,4.063,50.563,323.156,0.521,-2.967,218.290,0
61503,0.451,4.063,50.563,323.156,0.521,-3.002,218.290,0
61504,0.451,4.063,50.595,322.631,0.519,-2.998,218.595,0
61505,0.451,4.063,50.563,323.156,0.526,-2.874,218.595,0
61506,0.352,4.409,50.595,323.156,0.518,-2.769,218.595,0
61507,0.352,4.409,50.595,323.156,0.521,-2.816,218.595,0
61508,0.352,4.409,50.628,323.419,0.520,-2.877,218.595,0
61509,0.352,4.409,50.628,323.156,0.519,-2.932,218.595,0
61510,0.352,4.409,50.660,323.156,0.525,-2.971,218.899,0
61511,0.352,4.409,50.660,323.419,0.519,-3.002,218.899,0
61512,0.352,4.409,50.693,323.156,0.527,-2.971,218.899,0
61513,0.352,4.409,50.693,323.419,0.518,-2.874,218.899,0
61514,0.352,4.409,50.725,323.419,0.526,-2.792,218.899,0
61515,0.352,4.409,50.758,323.681,0.521,-2.847,219.204,0
61516,0.313,4.754,50.758,323.681,0.522,-2.901,219.204,0
61517,0.313,4.754,50.791,323.681,0.526,-2.963,218.899,0
61518,0.313,4.754,50.791,323.681,0.521,-2.998,218.899,0
61519,0.313,4.754,50.823,323.681,0.528,-3.002,218.899,0
61520,0.313,4.754,50.823,323.944,0.519,-2.850,218.899,0
61521,0.313,4.754,50.823,324.206,0.529,-2.723,219.204,0
61522,0.313,4.754,50.823,324.206,0.521,-2.777,219.204,0
61523,0.313,4.754,50.823,324.206,0.525,-2.847,219.204,0
61524,0.313,4.754,50.823,324.206,0.527,-2.912,219.508,0
61525,0.313,4.754,50.823,324.206,0.523,-2.963,219.508,0
61526,0.273,4.435,50.791,324.469,0.530,-3.002,219.508,0
61527,0.273,4.435,50.823,324.206,0.521,-2.998,219.508,0
61528,0.273,4.435,50.791,324.731,0.532,-2.831,219.508,0
61529,0.273,4.435,50.758,324.731,0.523,-2.742,219.813,0
61530,0.273,4.435,50.758,324.731,0.528,-2.796,219.813,0
61531,0.273,4.435,50.725,324.731,0.527,-2.874,220.117,0
61532,0.273,4.435,50.693,324.994,0.526,-2.928,220.117,0
61533,0.273,4.435,50.693,324.994,0.531,-2.978,220.117,0
61534,0.273,4.435,50.660,324.994,0.522,-3.009,220.117,0
61535,0.273,4.435,50.660,325.256,0.533,-2.936,220.117,0
61536,0.182,4.116,50.628,325.519,0.524,-2.796,220.422,0
61537,0.182,4.116,50.595,325.519,0.534,-2.781,220.422,0
61538,0.182,4.116,50.595,325.781,0.525,-2.854,220.422,0
61539,0.182,4.116,50.563,325.781,0.535,-2.916,220.726,0
61540,0.182,4.116,50.563,325.781,0.526,-2.963,220.726,0
61541,0.182,4.116,50.530,326.044,0.531,-2.994,221.031,0
61542,0.182,4.116,50.563,326.044,0.529,-3.002,221.031,0
61543,0.182,4.116,50.530,326.044,0.531,-2.893,221.031,0
61544,0.182,4.116,50.530,326.306,0.534,-2.777,221.335,0
61545,0.182,4.116,50.530,326.306,0.531,-2.804,221.944,0
61546,0.091,4.493,50.530,326.306,0.538,-2.870,222.248,0
61547,0.091,4.493,50.563,326.569,0.530,-2.928,222.248,0
61548,0.091,4.493,50.563,326.569,0.539,-2.963,222.553,0
61549,0.091,4.493,50.595,326.569,0.533,-2.998,222.857,0
61550,0.091,4.493,50.628,326.569,0.541,-3.002,222.857,0
61551,0.091,4.493,50.628,326.569,0.533,-2.877,223.162,0
61552,0.091,4.493,50.660,326.832,0.538,-2.773,223.162,0
61553,0.091,4.493,50.693,326.832,0.539,-2.804,223.466,0
61554,0.091,4.493,50.693,326.832,0.536,-2.874,223.771,0
61555,0.091,4.493,50.725,327.094,0.542,-2.924,223.466,0
61556,0.203,4.865,50.725,327.357,0.535,-2.963,223.771,0
61557,0.203,4.865,50.758,327.357,0.545,-2.990,223.771,0
61558,0.203,4.865,50.791,327.094,0.537,-3.002,223.771,0
61559,0.203,4.865,50.791,327.094,0.545,-2.920,224.075,0
61560,0.203,4.865,50.791,327.357,0.537,-2.839,224.075,0
61561,0.203,4.865,50.823,327.357,0.543,-2.870,224.075,0
61562,0.203,4.865,50.823,327.357,0.543,-2.916,223.771,0
61563,0.203,4.865,50.823,327.357,0.540,-2.963,224.075,0
61564,0.203,4.865,50.823,327.357,0.546,-2.998,224.379,0
61565,0.203,4.865,50.856,326.832,0.539,-3.009,224.684,0
61566,0.316,4.872,50.823,327.094,0.550,-2.870,224.684,0
61567,0.316,4.872,50.823,327.094,0.541,-2.696,224.684,0
61568,0.316,4.872,50.791,327.094,0.549,-2.735,224.988,0
61569,0.316,4.872,50.791,327.094,0.542,-2.812,224.988,0
61570,0.316,4.872,50.758,326.832,0.546,-2.877,225.293,0
61571,0.316,4.872,50.758,326.832,0.550,-2.928,225.293,0
61572,0.316,4.872,50.758,326.832,0.544,-2.963,225.293,0
61573,0.316,4.872,50.725,326.569,0.551,-3.002,225.293,0
61574,0.316,4.872,50.725,326.569,0.543,-2.971,225.597,0
61575,0.316,4.872,50.693,326.569,0.555,-2.897,225.597,0
61576,0.225,4.881,50.660,326.569,0.546,-2.808,225.597,0
61577,0.225,4.881,50.660,326.569,0.553,-2.858,225.597,0
61578,0.225,4.881,50.628,326.569,0.547,-2.920,225.902,0
61579,0.225,4.881,50.595,326.306,0.549,-2.971,225.902,0
61580,0.225,4.881,50.595,326.306,0.551,-3.005,226.206,0
61581,0.225,4.881,50.628,326.044,0.547,-2.963,226.206,0
61582,0.225,4.881,50.563,326.306,0.555,-2.827,226.511,0
61583,0.225,4.881,50.563,326.044,0.548,-2.731,226.511,0
61584,0.225,4.881,50.530,326.044,0.555,-2.792,226.206,0
61585,0.225,4.881,50.530,325.781,0.547,-2.870,226.206,0
61586,0.133,5.087,50.563,325.781,0.557,-2.932,226.511,0
61587,0.133,5.087,50.530,325.781,0.546,-2.974,226.511,0
61588,0.133,5.087,50.563,325.781,0.556,-3.002,226.511,0
61589,0.133,5.087,50.563,325.519,0.546,-2.955,226.511,0
61590,0.133,5.087,50.563,325.519,0.556,-2.823,226.511,0
61591,0.133,5.087,50.595,325.519,0.548,-2.808,226.815,0
61592,0.133,5.087,50.595,325.256,0.555,-2.877,226.815,0
61593,0.133,5.087,50.628,325.256,0.550,-2.932,226.815,0
61594,0.133,5.087,50.660,325.256,0.551,-2.974,226.815,0
61595,0.133,5.087,50.660,324.994,0.552,-3.005,226.815,0
61596,0.118,5.291,50.725,324.994,0.551,-2.967,226.815,0
61597,0.118,5.291,50.725,324.994,0.555,-2.781,226.815,0
61598,0.118,5.291,50.758,324.994,0.550,-2.762,226.815,0
61599,0.118,5.291,50.758,324.731,0.556,-2.823,226.815,0
61600,0.118,5.291,50.758,324.469,0.548,-2.893,227.119,0
61601,0.118,5.291,50.791,324.469,0.557,-2.936,227.119,0
61602,0.118,5.291,50.791,324.469,0.547,-2.978,227.119,0
61603,0.118,5.291,50.823,324.469,0.556,-3.009,227.119,0
61604,0.118,5.291,50.823,323.944,0.548,-2.951,227.119,0
61605,0.118,5.291,50.823,323.944,0.555,-2.777,227.119,0
61606,0.103,5.349,50.823,323.944,0.546,-2.696,227.119,0
61607,0.103,5.349,50.823,323.944,0.554,-2.765,227.424,0
61608,0.103,5.349,50.823,323.681,0.545,-2.843,226.815,0
61609,0.103,5.349,50.823,323.681,0.552,-2.893,226.511,0
61610,0.103,5.349,50.791,323.419,0.546,-2.936,226.511,0
61611,0.103,5.349,50.791,323.156,0.551,-2.963,226.511,0
61612,0.103,5.349,50.758,323.156,0.547,-2.994,226.511,0
61613,0.103,5.349,50.758,323.156,0.551,-2.998,226.206,0
61614,0.103,5.349,50.758,322.894,0.548,-2.955,226.206,0
61615,0.103,5.349,50.725,322.894,0.550,-2.897,226.206,0
61616,0.235,5.406,50.693,322.894,0.549,-2.928,226.206,0
61617,0.235,5.406,50.660,322.894,0.549,-2.963,226.206,0
61618,0.235,5.406,50.660,322.894,0.551,-2.998,226.511,0
61619,0.235,5.406,50.660,322.369,0.546,-3.005,226.511,0
61620,0.235,5.406,50.628,322.369,0.550,-2.881,226.511,0
61621,0.235,5.406,50.595,322.369,0.545,-2.735,226.511,0
61622,0.235,5.406,50.595,322.369,0.550,-2.769,226.511,0
61623,0.235,5.406,50.595,322.369,0.546,-2.839,226.511,0
61624,0.235,5.406,50.563,322.106,0.550,-2.905,226.206,0
61625,0.235,5.406,50.563,322.106,0.543,-2.951,226.206,0
61626,0.368,5.604,50.563,321.844,0.551,-2.990,226.511,0
61627,0.368,5.604,50.563,321.844,0.542,-3.009,226.511,0
61628,0.368,5.604,50.595,321.581,0.548,-2.905,226.206,0
61629,0.368,5.604,50.595,321.844,0.542,-2.746,226.206,0
61630,0.368,5.604,50.595,321.844,0.551,-2.750,226.206,0
61631,0.368,5.604,50.595,321.581,0.544,-2.808,226.511,0
61632,0.368,5.604,50.595,321.581,0.551,-2.866,226.511,0
61633,0.368,5.604,50.628,321.581,0.543,-2.912,226.206,0
61634,0.368,5.604,50.628,321.581,0.545,-2.959,226.511,0
61635,0.368,5.604,50.660,321.581,0.546,-2.998,226.206,0
61636,0.407,5.804,50.660,321.581,0.540,-3.002,225.597,0
61637,0.407,5.804,50.725,321.581,0.549,-2.955,225.902,0
61638,0.407,5.804,50.693,321.844,0.543,-2.877,226.206,0
61639,0.407,5.804,50.725,321.581,0.551,-2.858,226.815,0
61640,0.407,5.804,50.725,321.581,0.550,-2.908,226.511,0
61641,0.407,5.804,50.758,321.581,0.543,-2.967,226.511,0
61642,0.407,5.804,50.758,321.844,0.547,-3.009,226.815,0
61643,0.407,5.804,50.823,321.844,0.546,-2.959,226.511,0
61644,0.407,5.804,50.791,322.106,0.547,-2.762,226.511,0
61645,0.407,5.804,50.791,321.844,0.549,-2.677,226.511,0
61646,0.447,5.907,50.791,321.844,0.543,-2.738,226.815,0
61647,0.447,5.907,50.823,322.106,0.553,-2.827,226.815,0
61648,0.447,5.907,50.791,322.106,0.543,-2.885,226.511,0
61649,0.447,5.907,50.791,322.106,0.553,-2.943,226.206,0
61650,0.447,5.907,50.791,322.369,0.544,-2.971,226.511,0
61651,0.447,5.907,50.791,322.369,0.553,-2.998,226.815,0
61652,0.447,5.907,50.791,322.106,0.544,-3.002,226.511,0
61653,0.447,5.907,50.758,322.106,0.550,-2.874,226.206,0
61654,0.447,5.907,50.725,322.369,0.544,-2.758,226.511,0
61655,0.447,5.907,50.725,322.369,0.553,-2.792,226.815,0
61656,0.374,6.013,50.693,322.369,0.544,-2.850,226.815,0
61657,0.374,6.013,50.660,322.631,0.553,-2.908,226.815,0
61658,0.374,6.013,50.660,322.631,0.546,-2.955,226.815,0
61659,0.374,6.013,50.660,322.894,0.554,-2.998,226.815,0
61660,0.374,6.013,50.660,322.631,0.546,-2.990,226.815,0
61661,0.374,6.013,50.595,322.894,0.552,-2.889,226.815,0
61662,0.374,6.013,50.595,322.894,0.547,-2.796,226.815,0
61663,0.374,6.013,50.595,323.156,0.551,-2.847,226.815,0
61664,0.374,6.013,50.595,323.156,0.548,-2.897,226.815,0
61665,0.374,6.013,50.563,323.156,0.550,-2.939,226.815,0
61666,0.301,6.257,50.563,323.156,0.548,-2.974,227.119,0
61667,0.301,6.257,50.563,323.419,0.547,-3.002,226.815,0
61668,0.301,6.257,50.563,323.419,0.549,-3.002,226.815,0
61669,0.301,6.257,50.563,323.681,0.547,-2.963,226.815,0
61670,0.301,6.257,50.563,323.681,0.549,-2.963,226.815,0
61671,0.301,6.257,50.563,323.681,0.547,-2.998,226.815,0
61672,0.301,6.257,50.595,323.419,0.551,-3.002,226.815,0
61673,0.301,6.257,50.628,323.681,0.547,-2.885,226.511,0
61674,0.301,6.257,50.628,323.681,0.554,-2.792,226.815,0
61675,0.301,6.257,50.628,323.944,0.547,-2.823,227.119,0
61676,0.244,6.501,50.660,323.944,0.553,-2.885,226.815,0
61677,0.244,6.501,50.660,324.206,0.546,-2.932,227.119,0
61678,0.244,6.501,50.693,324.206,0.555,-2.974,227.119,0
61679,0.244,6.501,50.725,324.206,0.547,-3.005,227.119,0
61680,0.244,6.501,50.758,323.944,0.555,-2.951,227.119,0
61681,0.244,6.501,50.758,324.206,0.547,-2.808,227.424,0
61682,0.244,6.501,50.758,324.206,0.557,-2.758,227.119,0
61683,0.244,6.501,50.791,324.469,0.547,-2.819,227.119,0
61684,0.244,6.501,50.791,324.469,0.557,-2.889,227.119,0
61685,0.244,6.501,50.823,324.469,0.547,-2.936,227.119,0
61686,0.188,6.550,50.823,324.469,0.555,-2.974,227.119,0
61687,0.188,6.550,50.823,324.469,0.547,-3.005,227.119,0
61688,0.188,6.550,50.823,324.731,0.554,-2.951,227.119,0
61689,0.188,6.550,50.823,324.731,0.547,-2.804,227.119,0
61690,0.188,6.550,50.791,324.731,0.551,-2.777,227.424,0
61691,0.188,6.550,50.791,324.994,0.550,-2.843,227.119,0
61692,0.188,6.550,50.791,324.731,0.551,-2.905,227.424,0
61693,0.188,6.550,50.758,324.994,0.551,-2.955,227.119,0
61694,0.188,6.550,50.758,324.994,0.550,-2.994,227.119,0
61695,0.188,6.550,50.758,324.994,0.551,-3.002,227.119,0
61696,0.331,6.594,50.725,325.256,0.550,-2.874,227.119,0
61697,0.331,6.594,50.693,325.519,0.551,-2.769,227.119,0
61698,0.331,6.594,50.693,325.781,0.549,-2.812,227.119,0
61699,0.331,6.594,50.660,325.781,0.551,-2.881,227.119,0
61700,0.331,6.594,50.660,325.781,0.548,-2.943,227.424,0
61701,0.331,6.594,50.628,325.781,0.553,-2.978,227.119,0
61702,0.331,6.594,50.628,326.044,0.549,-3.002,227.119,0
61703,0.331,6.594,50.595,326.044,0.553,-2.967,227.119,0
61704,0.331,6.594,50.563,326.306,0.549,-2.769,227.424,0
61705,0.331,6.594,50.563,326.306,0.554,-2.750,227.728,0
61706,0.476,6.591,50.563,326.306,0.549,-2.823,227.728,0
61707,0.476,6.591,50.563,326.569,0.553,-2.885,227.424,0
61708,0.476,6.591,50.563,326.832,0.546,-2.936,227.424,0
61709,0.476,6.591,50.530,326.832,0.553,-2.974,227.728,0
61710,0.476,6.591,50.530,326.832,0.547,-3.002,227.424,0
61711,0.476,6.591,50.595,326.832,0.555,-2.994,227.424,0
61712,0.476,6.591,50.563,326.832,0.547,-2.862,227.728,0
61713,0.476,6.591,50.563,326.832,0.555,-2.773,227.728,0
61714,0.476,6.591,50.595,326.832,0.547,-2.827,227.728,0
61715,0.476,6.591,50.595,326.832,0.555,-2.885,227.728,0
61716,0.532,6.587,50.628,326.832,0.547,-2.928,227.728,0
61717,0.532,6.587,50.628,327.357,0.554,-2.971,227.728,0
61718,0.532,6.587,50.660,327.357,0.546,-2.998,227.424,0
61719,0.532,6.587,50.693,327.357,0.554,-3.005,227.728,0
61720,0.532,6.587,50.693,327.357,0.549,-2.874,227.728,0
61721,0.532,6.587,50.725,327.094,0.552,-2.719,227.728,0
61722,0.532,6.587,50.758,327.357,0.552,-2.754,227.728,0
61723,0.532,6.587,50.758,327.357,0.550,-2.827,227.728,0
61724,0.532,6.587,50.791,327.619,0.553,-2.877,227.728,0
61725,0.532,6.587,50.791,327.357,0.549,-2.924,227.728,0
61726,0.590,6.334,50.791,327.357,0.556,-2.963,227.728,0
61727,0.590,6.334,50.823,327.357,0.548,-2.986,227.728,0
61728,0.590,6.334,50.823,327.357,0.554,-3.002,228.033,0
61729,0.590,6.334,50.823,327.357,0.546,-2.994,227.424,0
61730,0.590,6.334,50.823,327.357,0.555,-2.967,227.424,0
61731,0.590,6.334,50.823,327.357,0.546,-2.974,227.728,0
61732,0.590,6.334,50.823,326.832,0.555,-2.998,227.728,0
61733,0.590,6.334,50.823,326.569,0.546,-3.009,227.728,0
61734,0.590,6.334,50.791,326.832,0.554,-2.889,227.424,0
61735,0.590,6.334,50.758,326.832,0.548,-2.708,227.728,0
61736,0.333,6.084,50.758,326.569,0.551,-2.742,227.728,0
61737,0.333,6.084,50.725,326.832,0.551,-2.819,227.728,0
61738,0.333,6.084,50.725,326.569,0.550,-2.877,228.033,0
61739,0.333,6.084,50.693,326.569,0.554,-2.928,227.728,0
61740,0.333,6.084,50.693,326.306,0.547,-2.971,227.424,0
61741,0.333,6.084,50.660,326.306,0.554,-3.002,227.728,0
61742,0.333,6.084,50.660,326.044,0.547,-2.967,227.728,0
61743,0.333,6.084,50.628,326.306,0.555,-2.843,227.424,0
61744,0.333,6.084,50.595,326.044,0.547,-2.750,227.728,0
61745,0.333,6.084,50.595,326.044,0.555,-2.804,227.728,0
61746,0.074,6.485,50.563,325.781,0.548,-2.881,227.728,0
61747,0.074,6.485,50.563,325.781,0.555,-2.928,227.728,0
61748,0.074,6.485,50.563,325.519,0.546,-2.971,227.424,0
61749,0.074,6.485,50.530,325.519,0.552,-3.005,227.728,0
61750,0.074,6.485,50.563,325.256,0.547,-2.963,227.728,0
61751,0.074,6.485,50.530,325.519,0.550,-2.847,227.728,0
61752,0.074,6.485,50.563,325.256,0.552,-2.777,227.728,0
61753,0.074,6.485,50.563,324.994,0.550,-2.843,227.728,0
61754,0.074,6.485,50.595,324.994,0.553,-2.905,227.728,0
61755,0.074,6.485,50.595,324.994,0.546,-2.947,227.424,0
61756,0.141,6.885,50.595,324.731,0.552,-2.994,227.728,0
61757,0.141,6.885,50.628,324.469,0.547,-3.005,227.728,0
61758,0.141,6.885,50.660,324.731,0.554,-2.870,227.424,0
61759,0.141,6.885,50.660,324.731,0.547,-2.727,227.728,0
61760,0.141,6.885,50.693,324.731,0.555,-2.765,227.728,0
61761,0.141,6.885,50.693,324.469,0.547,-2.843,227.728,0
61762,0.141,6.885,50.725,324.206,0.556,-2.901,227.728,0
61763,0.141,6.885,50.758,324.469,0.548,-2.951,227.728,0
61764,0.141,6.885,50.758,324.206,0.556,-2.982,227.728,0
61765,0.141,6.885,50.791,323.944,0.547,-3.002,228.033,0
61766,0.208,6.532,50.823,323.944,0.556,-2.982,227.728,0
61767,0.208,6.532,50.791,323.681,0.547,-2.881,227.424,0
61768,0.208,6.532,50.823,323.681,0.554,-2.889,227.119,0
61769,0.208,6.532,50.823,323.681,0.546,-2.943,227.119,0
61770,0.208,6.532,50.823,323.419,0.553,-2.974,227.119,0
61771,0.208,6.532,50.823,323.419,0.547,-3.005,227.424,0
61772,0.208,6.532,50.823,322.894,0.551,-2.974,227.119,0
61773,0.208,6.532,50.791,322.894,0.553,-2.804,227.119,0
61774,0.208,6.532,50.791,322.894,0.547,-2.738,227.119,0
61775,0.208,6.532,50.758,322.894,0.556,-2.800,227.119,0
61776,0.284,6.181,50.758,322.631,0.547,-2.870,227.119,0
61777,0.284,6.181,50.758,322.631,0.556,-2.916,227.119,0
61778,0.284,6.181,50.725,322.631,0.547,-2.955,227.424,0
61779,0.284,6.181,50.725,322.631,0.557,-2.986,227.119,0
61780,0.284,6.181,50.693,322.631,0.547,-2.998,227.119,0
61781,0.284,6.181,50.693,322.369,0.553,-2.994,227.424,0
61782,0.284,6.181,50.660,322.369,0.548,-2.971,227.119,0
61783,0.284,6.181,50.660,322.369,0.555,-2.974,227.119,0
61784,0.284,6.181,50.628,322.369,0.547,-2.998,227.119,0
61785,0.284,6.181,50.628,322.106,0.553,-3.009,226.815,0
61786,0.358,6.146,50.628,322.106,0.546,-2.870,226.815,0
61787,0.358,6.146,50.595,322.106,0.552,-2.708,227.119,0
61788,0.358,6.146,50.595,322.106,0.547,-2.735,226.815,0
61789,0.358,6.146,50.563,322.106,0.551,-2.812,227.119,0
61790,0.358,6.146,50.563,321.844,0.547,-2.877,227.119,0
61791,0.358,6.146,50.563,322.106,0.550,-2.924,226.815,0
61792,0.358,6.146,50.563,322.106,0.549,-2.959,226.815,0
61793,0.358,6.146,50.563,321.844,0.549,-2.986,226.815,0
61794,0.358,6.146,50.595,321.581,0.549,-3.002,227.119,0
61795,0.358,6.146,50.595,321.581,0.549,-2.951,226.815,0
61796,0.334,6.110,50.595,321.844,0.551,-2.789,226.815,0
61797,0.334,6.110,50.628,321.581,0.549,-2.796,226.815,0
61798,0.334,6.110,50.628,321.844,0.554,-2.862,226.815,0
61799,0.334,6.110,50.660,321.844,0.549,-2.916,227.119,0
61800,0.334,6.110,50.660,321.844,0.555,-2.963,227.119,0
61801,0.334,6.110,50.693,321.844,0.549,-2.994,227.119,0
61802,0.334,6.110,50.725,321.581,0.554,-3.009,227.119,0
61803,0.334,6.110,50.725,321.581,0.548,-2.874,227.424,0
61804,0.334,6.110,50.758,321.844,0.557,-2.689,227.119,0
61805,0.334,6.110,50.758,321.844,0.547,-2.735,227.424,0
61806,0.310,6.359,50.758,322.106,0.557,-2.812,227.424,0
61807,0.310,6.359,50.791,321.844,0.548,-2.881,227.424,0
61808,0.310,6.359,50.791,321.844,0.557,-2.932,227.119,0
61809,0.310,6.359,50.791,322.106,0.548,-2.971,227.119,0
61810,0.310,6.359,50.791,322.106,0.556,-3.005,227.119,0
61811,0.310,6.359,50.823,322.106,0.547,-2.967,227.424,0
61812,0.310,6.359,50.791,322.369,0.556,-2.908,227.424,0
61813,0.310,6.359,50.791,322.106,0.547,-2.897,227.424,0
61814,0.310,6.359,50.791,322.369,0.555,-2.947,227.424,0
61815,0.310,6.359,50.758,322.369,0.547,-2.982,227.119,0
61816,0.428,6.604,50.758,322.369,0.557,-3.005,227.119,0
61817,0.428,6.604,50.758,322.369,0.548,-2.971,227.119,0
61818,0.428,6.604,50.725,322.631,0.556,-2.758,227.424,0
61819,0.428,6.604,50.725,322.894,0.547,-2.727,227.119,0
61820,0.428,6.604,50.693,322.894,0.554,-2.792,227.119,0
61821,0.428,6.604,50.693,322.894,0.548,-2.866,227.424,0
61822,0.428,6.604,50.660,322.894,0.555,-2.916,227.119,0
61823,0.428,6.604,50.628,322.894,0.548,-2.963,227.119,0
61824,0.428,6.604,50.628,323.156,0.555,-2.990,227.119,0
61825,0.428,6.604,50.628,323.156,0.547,-2.998,227.119,0
61826,0.546,6.463,50.595,323.156,0.554,-2.943,227.119,0
61827,0.546,6.463,50.595,323.156,0.547,-2.901,227.119,0
61828,0.546,6.463,50.563,323.419,0.553,-2.924,226.815,0
61829,0.546,6.463,50.563,323.419,0.546,-2.967,227.119,0
61830,0.546,6.463,50.530,323.419,0.554,-2.994,226.815,0
61831,0.546,6.463,50.563,323.681,0.548,-3.005,226.511,0
61832,0.546,6.463,50.563,323.681,0.551,-2.963,227.119,0
61833,0.546,6.463,50.563,323.681,0.549,-2.870,227.119,0
61834,0.546,6.463,50.563,323.681,0.551,-2.862,227.119,0
61835,0.546,6.463,50.563,323.944,0.551,-2.905,227.119,0
61836,0.582,6.325,50.563,323.944,0.551,-2.951,227.119,0
61837,0.582,6.325,50.595,324.206,0.553,-2.990,227.119,0
61838,0.582,6.325,50.628,324.206,0.551,-3.002,227.119,0
61839,0.582,6.325,50.628,324.469,0.555,-2.986,227.119,0
61840,0.582,6.325,50.628,324.469,0.551,-2.967,227.424,0
61841,0.582,6.325,50.660,324.469,0.555,-2.990,227.424,0
61842,0.582,6.325,50.693,324.469,0.550,-3.002,227.424,0
61843,0.582,6.325,50.725,324.206,0.557,-2.963,227.424,0
61844,0.582,6.325,50.725,324.731,0.549,-2.762,227.424,0
61845,0.582,6.325,50.758,324.994,0.556,-2.746,227.424,0
61846,0.617,6.454,50.758,324.731,0.549,-2.812,227.424,0
61847,0.617,6.454,50.791,324.731,0.557,-2.881,227.728,0
61848,0.617,6.454,50.791,324.731,0.547,-2.932,227.424,0
61849,0.617,6.454,50.823,324.994,0.555,-2.967,227.424,0
61850,0.617,6.454,50.823,325.256,0.548,-2.994,227.424,0
61851,0.617,6.454,50.856,324.994,0.557,-3.005,227.119,0
61852,0.617,6.454,50.823,324.994,0.548,-2.843,227.424,0
61853,0.617,6.454,50.823,324.994,0.555,-2.708,227.424,0
61854,0.617,6.454,50.823,325.256,0.547,-2.746,227.424,0
61855,0.617,6.454,50.823,325.256,0.556,-2.819,227.424,0
61856,0.453,6.587,50.791,325.256,0.548,-2.881,227.424,0
61857,0.453,6.587,50.791,325.519,0.555,-2.936,227.424,0
61858,0.453,6.587,50.758,325.519,0.548,-2.974,227.424,0
61859,0.453,6.587,50.758,325.519,0.554,-3.005,227.424,0
61860,0.453,6.587,50.758,325.781,0.547,-2.994,227.119,0
61861,0.453,6.587,50.693,325.781,0.555,-2.947,227.424,0
61862,0.453,6.587,50.693,325.781,0.548,-2.928,227.119,0
61863,0.453,6.587,50.660,326.044,0.554,-2.963,227.119,0
61864,0.453,6.587,50.660,326.044,0.549,-3.005,227.119,0
61865,0.453,6.587,50.660,326.044,0.553,-2.963,227.119,0
61866,0.288,6.521,50.628,326.306,0.550,-2.839,227.424,0
61867,0.288,6.521,50.595,326.569,0.552,-2.750,227.728,0
61868,0.288,6.521,50.595,326.569,0.553,-2.812,227.728,0
61869,0.288,6.521,50.595,326.569,0.551,-2.889,227.728,0
61870,0.288,6.521,50.563,326.832,0.554,-2.939,227.728,0
61871,0.288,6.521,50.563,326.832,0.550,-2.978,227.728,0
61872,0.288,6.521,50.563,326.832,0.554,-3.005,227.728,0
61873,0.288,6.521,50.563,326.832,0.548,-2.986,227.728,0
61874,0.288,6.521,50.563,327.094,0.555,-2.777,227.424,0
61875,0.288,6.521,50.563,327.094,0.546,-2.692,227.728,0
61876,0.232,6.451,50.563,327.357,0.557,-2.762,227.424,0
61877,0.232,6.451,50.563,327.357,0.549,-2.839,227.728,0
61878,0.232,6.451,50.595,327.357,0.558,-2.901,227.728,0
61879,0.232,6.451,50.595,327.357,0.550,-2.943,227.728,0
61880,0.232,6.451,50.628,327.619,0.559,-2.978,227.728,0
61881,0.232,6.451,50.628,327.619,0.550,-3.005,227.728,0
61882,0.232,6.451,50.660,327.357,0.557,-2.963,228.033,0
61883,0.232,6.451,50.693,327.357,0.550,-2.862,228.033,0
61884,0.232,6.451,50.693,327.357,0.557,-2.835,228.033,0
61885,0.232,6.451,50.725,327.619,0.550,-2.881,228.033,0
61886,0.176,6.574,50.758,327.619,0.554,-2.936,228.033,0
61887,0.176,6.574,50.758,327.619,0.552,-2.967,228.033,0
61888,0.176,6.574,50.791,327.357,0.551,-3.002,228.033,0
61889,0.176,6.574,50.791,327.357,0.555,-2.998,228.033,0
61890,0.176,6.574,50.823,327.357,0.549,-2.963,228.033,0
61891,0.176,6.574,50.823,327.357,0.557,-2.939,228.033,0
61892,0.176,6.574,50.823,327.619,0.547,-2.967,227.728,0
61893,0.176,6.574,50.823,327.357,0.557,-2.998,228.033,0
61894,0.176,6.574,50.823,327.094,0.548,-3.002,227.728,0
61895,0.176,6.574,50.823,327.094,0.556,-2.889,228.033,0
61896,0.199,6.693,50.791,327.357,0.549,-2.731,228.033,0
61897,0.199,6.693,50.758,327.094,0.554,-2.754,228.033,0
61898,0.199,6.693,50.758,327.094,0.551,-2.835,228.033,0
61899,0.199,6.693,50.758,327.094,0.552,-2.885,228.033,0
61900,0.199,6.693,50.758,327.094,0.555,-2.932,227.728,0
61901,0.199,6.693,50.725,327.094,0.551,-2.967,228.033,0
61902,0.199,6.693,50.693,326.832,0.557,-2.994,228.033,0
61903,0.199,6.693,50.725,326.569,0.549,-3.002,227.728,0
61904,0.199,6.693,50.693,326.569,0.556,-2.912,228.033,0
61905,0.199,6.693,50.660,326.569,0.548,-2.823,228.033,0
61906,0.221,6.444,50.628,326.569,0.556,-2.854,227.728,0
61907,0.221,6.444,50.628,326.306,0.546,-2.912,227.424,0
61908,0.221,6.444,50.628,326.044,0.556,-2.955,227.424,0
61909,0.221,6.444,50.595,326.044,0.545,-2.994,227.728,0
61910,0.221,6.444,50.595,325.781,0.552,-2.998,227.728,0
61911,0.221,6.444,50.595,325.781,0.548,-2.858,228.033,0
61912,0.221,6.444,50.563,325.781,0.552,-2.769,227.728,0
61913,0.221,6.444,50.563,325.781,0.551,-2.816,227.728,0
61914,0.221,6.444,50.563,325.519,0.550,-2.885,227.424,0
61915,0.221,6.444,50.563,325.256,0.557,-2.936,227.728,0
61916,0.182,6.197,50.563,325.256,0.547,-2.971,227.424,0
61917,0.182,6.197,50.563,324.994,0.558,-3.005,227.424,0
61918,0.182,6.197,50.595,324.731,0.547,-2.994,227.424,0
61919,0.182,6.197,50.595,324.994,0.555,-2.796,227.728,0
61920,0.182,6.197,50.595,324.994,0.549,-2.689,227.728,0
61921,0.182,6.197,50.595,324.731,0.554,-2.750,227.728,0
61922,0.182,6.197,50.628,324.731,0.551,-2.835,228.033,0
61923,0.182,6.197,50.660,324.469,0.558,-2.905,228.033,0
61924,0.182,6.197,50.660,324.469,0.553,-2.947,227.728,0
61925,0.182,6.197,50.693,324.469,0.552,-2.986,228.033,0
61926,0.144,6.143,50.725,324.206,0.554,-3.013,228.033,0
61927,0.144,6.143,50.725,324.206,0.550,-2.936,227.728,0
61928,0.144,6.143,50.725,323.944,0.554,-2.715,228.033,0
61929,0.144,6.143,50.758,323.944,0.549,-2.712,227.728,0
61930,0.144,6.143,50.758,323.944,0.555,-2.781,227.424,0
61931,0.144,6.143,50.758,323.681,0.547,-2.854,227.424,0
61932,0.144,6.143,50.791,323.681,0.556,-2.908,227.424,0
61933,0.144,6.143,50.791,323.681,0.548,-2.943,227.424,0
61934,0.144,6.143,50.791,323.419,0.555,-2.982,227.424,0
61935,0.144,6.143,50.791,323.156,0.547,-3.005,227.728,0
61936,0.261,6.087,50.791,322.894,0.556,-2.959,227.424,0
61937,0.261,6.087,50.791,322.894,0.549,-2.839,227.424,0
61938,0.261,6.087,50.791,322.894,0.557,-2.789,227.424,0
61939,0.261,6.087,50.758,322.894,0.548,-2.839,227.424,0
61940,0.261,6.087,50.758,322.894,0.557,-2.901,227.424,0
61941,0.261,6.087,50.758,322.894,0.549,-2.943,227.424,0
61942,0.261,6.087,50.758,322.631,0.556,-2.974,227.424,0
61943,0.261,6.087,50.725,322.369,0.549,-3.002,227.424,0
61944,0.261,6.087,50.725,322.369,0.557,-2.994,227.424,0
61945,0.261,6.087,50.693,322.369,0.550,-2.971,227.424,0
61946,0.380,5.997,50.693,322.369,0.556,-2.971,227.424,0
61947,0.380,5.997,50.660,322.369,0.549,-2.994,227.424,0
61948,0.380,5.997,50.660,322.106,0.553,-3.009,227.424,0
61949,0.380,5.997,50.628,322.106,0.550,-2.893,227.424,0
61950,0.380,5.997,50.595,322.106,0.552,-2.715,227.424,0
61951,0.380,5.997,50.595,322.106,0.551,-2.719,227.119,0
61952,0.380,5.997,50.595,322.106,0.552,-2.796,227.424,0
61953,0.380,5.997,50.563,322.106,0.551,-2.858,227.119,0
61954,0.380,5.997,50.563,322.106,0.550,-2.912,227.119,0
61955,0.380,5.997,50.563,321.844,0.553,-2.947,227.119,0
61956,0.263,5.910,50.563,321.844,0.549,-2.978,227.119,0
61957,0.263,5.910,50.563,321.844,0.553,-2.998,227.119,0
61958,0.263,5.910,50.595,321.581,0.548,-3.002,227.119,0
61959,0.263,5.910,50.563,321.844,0.553,-2.877,227.119,0
61960,0.263,5.910,50.563,321.844,0.547,-2.754,227.119,0
61961,0.263,5.910,50.595,321.844,0.554,-2.792,227.119,0
61962,0.263,5.910,50.595,321.844,0.546,-2.854,227.424,0
61963,0.263,5.910,50.595,321.844,0.553,-2.905,227.424,0
61964,0.263,5.910,50.628,321.844,0.547,-2.955,227.119,0
61965,0.263,5.910,50.660,321.844,0.555,-2.990,227.119,0
61966,0.147,6.216,50.693,321.844,0.547,-2.998,227.424,0
61967,0.147,6.216,50.693,321.844,0.555,-2.920,227.424,0
61968,0.147,6.216,50.693,321.844,0.547,-2.866,227.119,0
61969,0.147,6.216,50.725,321.844,0.553,-2.897,227.119,0
61970,0.147,6.216,50.758,321.844,0.548,-2.936,227.424,0
61971,0.147,6.216,50.758,321.844,0.556,-2.986,227.119,0
61972,0.147,6.216,50.791,321.844,0.549,-2.998,227.119,0
61973,0.147,6.216,50.791,321.844,0.557,-2.990,227.424,0
61974,0.147,6.216,50.823,322.106,0.548,-2.974,227.424,0
61975,0.147,6.216,50.823,321.844,0.557,-3.005,227.424,0
61976,0.171,6.522,50.856,321.844,0.548,-2.994,227.424,0
61977,0.171,6.522,50.823,322.106,0.558,-2.823,227.424,0
61978,0.171,6.522,50.823,322.106,0.549,-2.715,227.424,0
61979,0.171,6.522,50.823,322.106,0.558,-2.781,227.424,0
61980,0.171,6.522,50.823,322.369,0.549,-2.854,227.424,0
61981,0.171,6.522,50.791,322.369,0.558,-2.920,227.424,0
61982,0.171,6.522,50.791,322.631,0.549,-2.963,227.424,0
61983,0.171,6.522,50.791,322.631,0.558,-3.002,227.424,0
61984,0.171,6.522,50.791,322.369,0.549,-2.998,227.424,0
61985,0.171,6.522,50.758,322.631,0.557,-2.862,227.424,0
61986,0.196,6.563,50.725,322.894,0.550,-2.769,227.424,0
61987,0.196,6.563,50.693,323.156,0.555,-2.823,227.424,0
61988,0.196,6.563,50.693,323.156,0.550,-2.885,227.424,0
61989,0.196,6.563,50.660,323.156,0.557,-2.932,227.424,0
61990,0.196,6.563,50.660,323.156,0.550,-2.978,227.424,0
61991,0.196,6.563,50.628,323.156,0.555,-3.005,227.424,0
61992,0.196,6.563,50.628,323.156,0.549,-2.967,227.119,0
61993,0.196,6.563,50.595,323.419,0.555,-2.881,227.424,0
61994,0.196,6.563,50.595,323.419,0.550,-2.850,227.119,0
61995,0.196,6.563,50.563,323.419,0.554,-2.897,227.119,0
61996,0.226,6.606,50.563,323.419,0.550,-2.955,227.119,0
61997,0.226,6.606,50.563,323.681,0.553,-2.990,227.119,0
61998,0.226,6.606,50.563,323.681,0.553,-2.994,227.424,0
61999,0.226,6.606,50.563,323.681,0.553,-2.978,227.424,0
62000,0.226,6.606,50.563,323.944,0.553,-2.920,227.424,0
62001,0.226,6.606,50.563,324.206,0.551,-2.928,227.424,0
62002,0.226,6.606,50.563,324.206,0.554,-2.959,227.424,0
62003,0.226,6.606,50.563,324.206,0.550,-3.002,227.119,0
62004,0.226,6.606,50.595,324.206,0.555,-2.998,227.424,0
62005,0.226,6.606,50.595,324.206,0.550,-2.850,227.424,0
62006,0.255,6.325,50.628,324.731,0.555,-2.758,227.424,0
62007,0.255,6.325,50.628,324.731,0.549,-2.796,227.119,0
62008,0.255,6.325,50.660,324.731,0.556,-2.870,227.424,0
62009,0.255,6.325,50.660,324.731,0.549,-2.912,227.424,0
62010,0.255,6.325,50.693,324.731,0.555,-2.955,227.424,0
62011,0.255,6.325,50.693,324.731,0.550,-2.990,227.424,0
62012,0.255,6.325,50.725,324.994,0.557,-3.002,227.424,0
62013,0.255,6.325,50.758,324.994,0.548,-2.963,227.424,0
62014,0.255,6.325,50.758,325.256,0.556,-2.827,227.424,0
62015,0.255,6.325,50.791,324.994,0.548,-2.839,227.424,0
62016,0.334,6.044,50.791,324.994,0.557,-2.889,227.424,0
62017,0.334,6.044,50.791,325.256,0.549,-2.939,227.424,0
62018,0.334,6.044,50.791,325.256,0.558,-2.978,227.424,0
62019,0.334,6.044,50.823,325.256,0.549,-3.005,227.424,0
62020,0.334,6.044,50.823,325.256,0.557,-2.963,227.424,0
62021,0.334,6.044,50.823,325.519,0.550,-2.854,227.424,0
62022,0.334,6.044,50.791,325.781,0.555,-2.847,227.424,0
62023,0.334,6.044,50.791,325.781,0.550,-2.897,227.424,0
62024,0.334,6.044,50.791,325.781,0.554,-2.947,227.424,0
62025,0.334,6.044,50.758,325.781,0.550,-2.994,227.424,0
62026,0.415,6.369,50.791,325.781,0.553,-3.002,227.424,0
62027,0.415,6.369,50.758,326.044,0.550,-2.912,227.424,0
62028,0.415,6.369,50.725,326.044,0.553,-2.769,227.424,0
62029,0.415,6.369,50.725,326.044,0.553,-2.785,228.033,0
62030,0.415,6.369,50.693,326.044,0.553,-2.858,228.033,0
62031,0.415,6.369,50.693,326.306,0.555,-2.924,228.033,0
62032,0.415,6.369,50.660,326.306,0.551,-2.971,227.728,0
62033,0.415,6.369,50.660,326.569,0.558,-3.005,228.033,0
62034,0.415,6.369,50.628,326.569,0.549,-3.002,228.033,0
62035,0.415,6.369,50.628,326.569,0.557,-2.901,228.033,0
62036,0.392,6.694,50.595,326.569,0.549,-2.708,228.033,0
62037,0.392,6.694,50.563,326.832,0.558,-2.735,227.728,0
62038,0.392,6.694,50.563,327.094,0.549,-2.816,227.728,0
62039,0.392,6.694,50.563,327.094,0.559,-2.877,227.728,0
62040,0.392,6.694,50.563,327.094,0.551,-2.932,228.033,0
62041,0.392,6.694,50.563,327.357,0.559,-2.974,228.033,0
62042,0.392,6.694,50.563,327.357,0.551,-3.002,228.033,0
62043,0.392,6.694,50.595,327.094,0.558,-2.998,228.033,0
62044,0.392,6.694,50.563,327.357,0.551,-2.819,228.033,0
62045,0.392,6.694,50.563,327.357,0.557,-2.727,228.033,0
62046,0.369,6.632,50.595,327.357,0.552,-2.773,228.033,0
62047,0.369,6.632,50.595,327.357,0.555,-2.850,228.033,0
62048,0.369,6.632,50.628,327.357,0.554,-2.901,227.728,0
62049,0.369,6.632,50.628,327.357,0.551,-2.947,227.728,0
62050,0.369,6.632,50.660,327.094,0.555,-2.986,228.033,0
62051,0.369,6.632,50.693,327.094,0.550,-3.002,228.033,0
62052,0.369,6.632,50.693,327.094,0.555,-2.974,228.033,0
62053,0.369,6.632,50.725,327.094,0.548,-2.866,228.033,0
62054,0.369,6.632,50.725,327.357,0.558,-2.877,228.033,0
62055,0.369,6.632,50.758,327.094,0.550,-2.939,228.033,0
62056,0.354,6.571,50.758,327.094,0.551,-2.974,228.033,0
62057,0.354,6.571,50.758,326.832,0.556,-3.002,228.033,0
62058,0.354,6.571,50.791,326.832,0.549,-2.986,228.033,0
62059,0.354,6.571,50.791,326.832,0.558,-2.812,228.033,0
62060,0.354,6.571,50.791,326.832,0.551,-2.742,228.033,0
62061,0.354,6.571,50.791,326.832,0.560,-2.792,228.033,0
62062,0.354,6.571,50.791,327.094,0.549,-2.858,228.033,0
62063,0.354,6.571,50.791,326.832,0.559,-2.916,228.033,0
62064,0.354,6.571,50.791,326.832,0.550,-2.947,228.033,0
62065,0.354,6.571,50.791,326.569,0.555,-2.967,228.033,0
62066,0.337,6.535,50.791,326.569,0.553,-2.998,228.337,0
62067,0.337,6.535,50.791,326.306,0.553,-3.002,228.033,0
62068,0.337,6.535,50.758,326.306,0.555,-2.885,228.033,0
62069,0.337,6.535,50.725,326.306,0.550,-2.746,227.728,0
62070,0.337,6.535,50.725,326.044,0.556,-2.765,228.033,0
62071,0.337,6.535,50.693,326.044,0.549,-2.847,228.033,0
62072,0.337,6.535,50.660,326.044,0.556,-2.901,228.033,0
62073,0.337,6.535,50.660,325.781,0.548,-2.939,227.728,0
62074,0.337,6.535,50.628,325.781,0.557,-2.974,227.728,0
62075,0.337,6.535,50.628,325.519,0.550,-3.002,227.728,0
62076,0.258,6.501,50.628,325.256,0.559,-2.990,227.728,0
62077,0.258,6.501,50.595,325.256,0.550,-2.885,228.033,0
62078,0.258,6.501,50.595,324.994,0.558,-2.870,228.033,0
62079,0.258,6.501,50.563,324.994,0.551,-2.920,228.033,0
62080,0.258,6.501,50.563,324.994,0.557,-2.971,228.033,0
62081,0.258,6.501,50.563,324.731,0.550,-3.002,228.033,0
62082,0.258,6.501,50.595,324.731,0.556,-2.967,228.033,0
62083,0.258,6.501,50.563,324.731,0.552,-2.850,227.728,0
62084,0.258,6.501,50.563,324.469,0.556,-2.758,227.728,0
62085,0.258,6.501,50.563,324.469,0.551,-2.812,228.033,0
62086,0.177,6.566,50.595,324.206,0.554,-2.881,227.728,0
62087,0.177,6.566,50.595,324.206,0.553,-2.936,228.033,0
62088,0.177,6.566,50.628,324.206,0.552,-2.986,227.728,0
62089,0.177,6.566,50.628,323.944,0.555,-2.998,227.728,0
62090,0.177,6.566,50.660,323.681,0.550,-3.005,228.033,0
62091,0.177,6.566,50.693,323.419,0.555,-2.908,227.424,0
62092,0.177,6.566,50.693,323.681,0.550,-2.796,227.119,0
62093,0.177,6.566,50.725,323.681,0.556,-2.839,227.424,0
62094,0.177,6.566,50.725,323.419,0.549,-2.905,227.728,0
62095,0.177,6.566,50.758,323.419,0.557,-2.955,227.728,0
62096,0.191,6.631,50.758,323.156,0.550,-2.986,227.424,0
62097,0.191,6.631,50.791,322.894,0.558,-3.013,227.424,0
62098,0.191,6.631,50.823,322.631,0.550,-2.978,227.424,0
62099,0.191,6.631,50.823,322.894,0.559,-2.754,227.424,0
62100,0.191,6.631,50.791,322.894,0.549,-2.669,227.424,0
62101,0.191,6.631,50.791,322.894,0.559,-2.742,227.424,0
62102,0.191,6.631,50.823,322.894,0.549,-2.819,227.728,0
62103,0.191,6.631,50.791,322.631,0.558,-2.881,227.424,0
62104,0.191,6.631,50.791,322.631,0.550,-2.932,227.424,0
62105,0.191,6.631,50.791,322.369,0.557,-2.963,227.424,0
62106,0.203,6.481,50.791,322.369,0.550,-2.990,227.424,0
62107,0.203,6.481,50.758,322.369,0.555,-3.013,227.424,0
62108,0.203,6.481,50.758,322.369,0.549,-2.936,227.728,0
62109,0.203,6.481,50.725,322.369,0.553,-2.738,227.424,0
62110,0.203,6.481,50.725,322.106,0.551,-2.700,227.728,0
62111,0.203,6.481,50.693,322.106,0.553,-2.785,227.728,0
62112,0.203,6.481,50.693,322.106,0.554,-2.850,227.424,0
62113,0.203,6.481,50.660,322.106,0.553,-2.893,227.119,0
62114,0.203,6.481,50.660,322.106,0.554,-2.943,227.119,0
62115,0.203,6.481,50.628,322.106,0.551,-2.963,227.119,0
62116,0.209,6.331,50.595,322.106,0.555,-2.990,227.424,0
62117,0.209,6.331,50.595,322.106,0.551,-3.002,227.424,0
62118,0.209,6.331,50.595,322.369,0.556,-2.994,227.424,0
62119,0.209,6.331,50.563,322.369,0.549,-2.986,227.119,0
62120,0.209,6.331,50.530,322.369,0.557,-2.986,227.424,0
62121,0.209,6.331,50.563,322.369,0.550,-3.005,227.119,0
62122,0.209,6.331,50.563,322.106,0.558,-2.990,227.424,0
62123,0.209,6.331,50.563,322.369,0.550,-2.816,227.424,0
62124,0.209,6.331,50.563,322.369,0.559,-2.731,227.424,0
62125,0.209,6.331,50.563,322.369,0.551,-2.792,227.424,0
62126,0.217,6.513,50.563,322.106,0.559,-2.854,227.424,0
62127,0.217,6.513,50.595,322.369,0.549,-2.905,227.728,0
62128,0.217,6.513,50.595,322.369,0.557,-2.951,227.728,0
62129,0.217,6.513,50.628,322.369,0.549,-2.978,227.424,0
62130,0.217,6.513,50.628,322.369,0.557,-3.005,227.424,0
62131,0.217,6.513,50.660,322.106,0.548,-2.982,227.119,0
62132,0.217,6.513,50.660,322.369,0.558,-2.827,227.424,0
62133,0.217,6.513,50.693,322.369,0.548,-2.769,227.424,0
62134,0.217,6.513,50.725,322.369,0.556,-2.819,227.728,0
62135,0.217,6.513,50.758,322.369,0.550,-2.881,227.728,0
62136,0.339,6.693,50.758,322.631,0.558,-2.936,227.424,0
62137,0.339,6.693,50.791,322.369,0.549,-2.978,227.424,0
62138,0.339,6.693,50.791,322.369,0.557,-3.002,227.424,0
62139,0.339,6.693,50.823,322.631,0.549,-2.998,227.424,0
62140,0.339,6.693,50.823,322.631,0.558,-2.955,227.728,0
62141,0.339,6.693,50.823,322.631,0.549,-2.951,227.728,0
62142,0.339,6.693,50.823,322.631,0.559,-2.994,227.728,0
62143,0.339,6.693,50.856,322.631,0.549,-3.002,227.728,0
62144,0.339,6.693,50.823,322.894,0.558,-2.932,227.728,0
62145,0.339,6.693,50.823,322.894,0.549,-2.792,227.728,0
62146,0.460,6.810,50.823,322.894,0.558,-2.827,227.728,0
62147,0.460,6.810,50.791,323.156,0.549,-2.901,227.728,0
62148,0.460,6.810,50.791,323.156,0.557,-2.951,227.424,0
62149,0.460,6.810,50.791,323.419,0.550,-2.990,227.424,0
62150,0.460,6.810,50.791,323.156,0.555,-3.005,227.424,0
62151,0.460,6.810,50.758,323.419,0.547,-2.908,227.728,0
62152,0.460,6.810,50.725,323.419,0.555,-2.742,227.424,0
62153,0.460,6.810,50.693,323.681,0.549,-2.769,227.424,0
62154,0.460,6.810,50.693,323.944,0.554,-2.843,227.424,0
62155,0.460,6.810,50.693,323.944,0.549,-2.897,227.424,0
62156,0.401,6.928,50.660,323.944,0.554,-2.947,227.424,0
62157,0.401,6.928,50.628,323.944,0.550,-2.982,227.424,0
62158,0.401,6.928,50.628,323.944,0.554,-3.005,227.424,0
62159,0.401,6.928,50.628,323.944,0.551,-2.955,227.119,0
62160,0.401,6.928,50.595,324.206,0.552,-2.816,227.424,0
62161,0.401,6.928,50.595,324.206,0.553,-2.750,227.424,0
62162,0.401,6.928,50.563,324.469,0.552,-2.823,227.424,0
62163,0.401,6.928,50.563,324.731,0.554,-2.877,227.424,0
62164,0.401,6.928,50.563,324.731,0.551,-2.928,227.424,0
62165,0.401,6.928,50.530,324.731,0.554,-2.967,227.424,0
62166,0.342,6.990,50.563,324.731,0.551,-3.002,227.424,0
62167,0.342,6.990,50.563,324.731,0.555,-3.005,227.424,0
62168,0.342,6.990,50.595,324.994,0.550,-2.974,227.424,0
62169,0.342,6.990,50.563,325.256,0.554,-2.804,227.424,0
62170,0.342,6.990,50.595,325.256,0.549,-2.738,227.424,0
62171,0.342,6.990,50.595,325.256,0.555,-2.804,227.424,0
62172,0.342,6.990,50.628,325.256,0.549,-2.870,227.424,0
62173,0.342,6.990,50.660,325.519,0.558,-2.905,227.424,0
62174,0.342,6.990,50.660,325.519,0.549,-2.939,227.424,0
62175,0.342,6.990,50.693,325.781,0.557,-2.971,227.424,0
62176,0.330,7.051,50.725,325.781,0.549,-2.994,227.424,0
62177,0.330,7.051,50.758,325.519,0.559,-2.994,227.424,0
62178,0.330,7.051,50.758,325.781,0.550,-3.002,227.424,0
62179,0.330,7.051,50.758,326.044,0.558,-2.974,227.424,0
62180,0.330,7.051,50.791,326.044,0.550,-2.990,227.728,0
62181,0.330,7.051,50.823,326.044,0.558,-2.998,227.728,0
62182,0.330,7.051,50.823,326.044,0.549,-2.994,227.728,0
62183,0.330,7.051,50.823,326.306,0.557,-2.947,228.033,0
62184,0.330,7.051,50.823,326.306,0.551,-2.951,228.033,0
62185,0.330,7.051,50.823,326.306,0.555,-2.986,228.033,0
62186,0.317,6.962,50.823,326.306,0.554,-3.005,228.337,0
62187,0.317,6.962,50.823,326.306,0.550,-2.955,228.033,0
62188,0.317,6.962,50.791,326.569,0.558,-2.738,228.033,0
62189,0.317,6.962,50.791,326.569,0.549,-2.731,228.033,0
62190,0.317,6.962,50.791,326.832,0.557,-2.819,228.033,0
62191,0.317,6.962,50.791,326.569,0.549,-2.885,228.033,0
62192,0.317,6.962,50.758,326.569,0.557,-2.928,228.033,0
62193,0.317,6.962,50.725,326.832,0.549,-2.959,228.033,0
62194,0.317,6.962,50.725,326.832,0.558,-3.002,228.033,0
62195,0.317,6.962,50.758,326.832,0.549,-2.967,227.728,0
62196,0.273,6.874,50.693,326.832,0.558,-2.870,228.033,0
62197,0.273,6.874,50.660,326.832,0.549,-2.781,227.728,0
62198,0.273,6.874,50.660,326.832,0.550,-2.819,228.033,0
62199,0.273,6.874,50.628,326.832,0.558,-2.889,228.033,0
62200,0.273,6.874,50.628,326.832,0.549,-2.943,227.728,0
62201,0.273,6.874,50.595,326.832,0.558,-2.994,228.033,0
62202,0.273,6.874,50.595,326.832,0.549,-2.971,228.033,0
62203,0.273,6.874,50.563,327.094,0.558,-2.990,228.033,0
62204,0.273,6.874,50.563,327.094,0.550,-2.951,228.033,0
62205,0.273,6.874,50.563,327.094,0.557,-2.986,227.728,0
62206,0.231,6.872,50.563,326.832,0.547,-3.009,228.033,0
62207,0.231,6.872,50.563,326.832,0.557,-2.955,227.728,0
62208,0.231,6.872,50.530,327.094,0.550,-2.750,227.728,0
62209,0.231,6.872,50.530,327.094,0.555,-2.738,227.728,0
62210,0.231,6.872,50.563,327.094,0.552,-2.808,227.728,0
62211,0.231,6.872,50.563,327.094,0.553,-2.881,227.728,0
62212,0.231,6.872,50.595,326.832,0.554,-2.936,228.033,0
62213,0.231,6.872,50.595,326.832,0.552,-2.974,228.033,0
62214,0.231,6.872,50.628,326.832,0.557,-3.002,228.033,0
62215,0.231,6.872,50.660,326.569,0.551,-2.967,228.033,0
62216,0.361,6.869,50.660,326.832,0.558,-2.850,227.728,0
62217,0.361,6.869,50.693,326.569,0.550,-2.758,228.033,0
62218,0.361,6.869,50.693,326.306,0.560,-2.800,228.033,0
62219,0.361,6.869,50.725,326.306,0.550,-2.870,228.033,0
62220,0.361,6.869,50.758,326.306,0.558,-2.928,228.033,0
62221,0.361,6.869,50.758,326.306,0.550,-2.955,228.033,0
62222,0.361,6.869,50.758,326.306,0.557,-2.994,228.033,0
62223,0.361,6.869,50.791,326.044,0.553,-3.002,228.337,0
62224,0.361,6.869,50.791,326.044,0.553,-2.905,228.337,0
62225,0.361,6.869,50.791,326.044,0.558,-2.789,228.033,0
62226,0.491,6.875,50.791,326.044,0.552,-2.808,228.337,0
62227,0.491,6.875,50.791,325.781,0.558,-2.870,228.337,0
62228,0.491,6.875,50.791,325.781,0.550,-2.920,228.337,0
62229,0.491,6.875,50.791,325.781,0.559,-2.955,228.033,0
62230,0.491,6.875,50.791,325.519,0.550,-2.982,228.033,0
62231,0.491,6.875,50.758,325.519,0.560,-3.005,228.033,0
62232,0.491,6.875,50.791,325.256,0.549,-2.959,228.033,0
62233,0.491,6.875,50.725,325.256,0.557,-2.835,228.337,0
62234,0.491,6.875,50.725,325.256,0.551,-2.781,228.033,0
62235,0.491,6.875,50.725,324.994,0.554,-2.835,228.033,0
62236,0.494,6.882,50.693,324.994,0.553,-2.893,228.033,0
62237,0.494,6.882,50.693,324.731,0.554,-2.939,228.033,0
62238,0.494,6.882,50.660,324.731,0.556,-2.971,228.033,0
62239,0.494,6.882,50.628,324.469,0.553,-2.998,228.033,0
62240,0.494,6.882,50.660,324.206,0.557,-3.009,228.033,0
62241,0.494,6.882,50.628,324.206,0.551,-2.889,228.033,0
62242,0.494,6.882,50.595,324.206,0.557,-2.719,228.033,0
62243,0.494,6.882,50.595,323.944,0.551,-2.742,228.337,0
62244,0.494,6.882,50.595,323.944,0.558,-2.816,228.033,0
62245,0.494,6.882,50.563,323.681,0.549,-2.885,227.728,0
62246,0.498,6.797,50.563,323.681,0.559,-2.920,227.424,0
62247,0.498,6.797,50.563,323.419,0.549,-2.982,227.424,0
62248,0.498,6.797,50.563,323.156,0.557,-2.986,227.424,0
62249,0.498,6.797,50.563,323.156,0.549,-3.013,227.424,0
62250,0.498,6.797,50.595,322.894,0.556,-2.928,227.424,0
62251,0.498,6.797,50.563,322.894,0.549,-2.715,227.119,0
62252,0.498,6.797,50.595,322.631,0.556,-2.704,227.424,0
62253,0.498,6.797,50.628,322.631,0.548,-2.789,227.424,0
62254,0.498,6.797,50.628,322.631,0.556,-2.854,227.424,0
62255,0.498,6.797,50.628,322.631,0.546,-2.908,227.424,0
62256,0.313,6.715,50.660,322.369,0.555,-2.951,227.424,0
62257,0.313,6.715,50.660,322.369,0.548,-2.982,227.424,0
62258,0.313,6.715,50.693,322.106,0.555,-3.009,227.424,0
62259,0.313,6.715,50.725,321.844,0.549,-2.963,227.424,0
62260,0.313,6.715,50.725,322.106,0.557,-2.769,227.119,0
62261,0.313,6.715,50.725,322.106,0.549,-2.746,227.424,0
62262,0.313,6.715,50.758,321.844,0.558,-2.819,227.424,0
62263,0.313,6.715,50.758,322.106,0.549,-2.885,227.424,0
62264,0.313,6.715,50.791,322.106,0.557,-2.936,227.424,0
62265,0.313,6.715,50.791,322.106,0.548,-2.978,227.424,0
62266,0.129,6.684,50.791,322.106,0.555,-3.005,227.424,0
62267,0.129,6.684,50.823,321.844,0.550,-2.963,227.728,0
62268,0.129,6.684,50.791,321.844,0.554,-2.912,227.424,0
62269,0.129,6.684,50.791,322.106,0.551,-2.916,227.424,0
62270,0.129,6.684,50.791,322.106,0.553,-2.955,227.728,0
62271,0.129,6.684,50.791,322.106,0.554,-2.994,227.424,0
62272,0.129,6.684,50.791,321.581,0.550,-3.013,227.424,0
62273,0.129,6.684,50.758,321.581,0.555,-2.889,227.424,0
62274,0.129,6.684,50.758,321.844,0.549,-2.692,227.424,0
62275,0.129,6.684,50.725,321.844,0.555,-2.715,227.424,0
62276,0.154,6.651,50.725,321.844,0.548,-2.792,227.424,0
62277,0.154,6.651,50.693,322.106,0.557,-2.862,227.424,0
62278,0.154,6.651,50.693,321.844,0.549,-2.908,227.424,0
62279,0.154,6.651,50.660,322.106,0.558,-2.947,227.424,0
62280,0.154,6.651,50.628,322.106,0.549,-2.982,227.424,0
62281,0.154,6.651,50.628,322.106,0.558,-3.002,227.424,0
62282,0.154,6.651,50.628,322.106,0.549,-3.002,227.424,0
62283,0.154,6.651,50.628,322.106,0.558,-2.978,227.424,0
62284,0.154,6.651,50.595,322.369,0.550,-2.971,227.424,0
62285,0.154,6.651,50.563,322.369,0.557,-2.982,227.424,0
62286,0.182,6.622,50.563,322.369,0.549,-3.002,227.424,0
62287,0.182,6.622,50.595,322.106,0.558,-2.963,227.424,0
62288,0.182,6.622,50.563,322.369,0.549,-2.839,227.424,0
62289,0.182,6.622,50.563,322.631,0.558,-2.789,227.728,0
62290,0.182,6.622,50.563,322.631,0.547,-2.839,227.424,0
62291,0.182,6.622,50.563,322.631,0.556,-2.897,227.424,0
62292,0.182,6.622,50.563,322.631,0.549,-2.943,227.424,0
62293,0.182,6.622,50.595,322.631,0.557,-2.974,227.424,0
62294,0.182,6.622,50.628,322.631,0.548,-3.002,227.424,0
62295,0.182,6.622,50.628,322.631,0.557,-2.967,227.119,0
62296,0.291,6.593,50.628,322.894,0.547,-2.912,227.424,0
62297,0.291,6.593,50.660,322.894,0.558,-2.916,227.424,0
62298,0.291,6.593,50.660,322.894,0.549,-2.955,227.424,0
62299,0.291,6.593,50.693,322.894,0.557,-2.994,227.728,0
62300,0.291,6.593,50.725,322.631,0.550,-3.002,227.728,0
62301,0.291,6.593,50.725,322.894,0.556,-2.862,227.728,0
62302,0.291,6.593,50.758,322.894,0.551,-2.754,227.728,0
62303,0.291,6.593,50.758,322.894,0.554,-2.796,227.728,0
62304,0.291,6.593,50.758,323.156,0.549,-2.866,227.728,0
62305,0.291,6.593,50.758,323.156,0.555,-2.916,227.728,0
62306,0.401,6.809,50.791,323.419,0.551,-2.959,227.728,0
62307,0.401,6.809,50.791,323.156,0.554,-2.998,227.424,0
62308,0.401,6.809,50.791,323.156,0.550,-3.009,227.424,0
62309,0.401,6.809,50.791,323.419,0.554,-2.881,227.424,0
62310,0.401,6.809,50.791,323.681,0.553,-2.731,227.424,0
62311,0.401,6.809,50.791,323.681,0.552,-2.758,227.424,0
62312,0.401,6.809,50.758,323.681,0.553,-2.831,227.424,0
62313,0.401,6.809,50.758,323.419,0.551,-2.893,227.728,0
62314,0.401,6.809,50.758,323.681,0.554,-2.943,227.728,0
62315,0.401,6.809,50.758,323.944,0.550,-2.978,227.424,0
62316,0.218,7.029,50.758,323.944,0.555,-3.002,227.424,0
62317,0.218,7.029,50.725,324.206,0.549,-2.951,227.424,0
62318,0.218,7.029,50.693,324.206,0.556,-2.835,227.424,0
62319,0.218,7.029,50.660,324.206,0.549,-2.847,227.424,0
62320,0.218,7.029,50.660,324.206,0.556,-2.901,227.424,0
62321,0.218,7.029,50.660,324.469,0.549,-2.951,227.424,0
62322,0.218,7.029,50.628,324.469,0.557,-2.990,227.424,0
62323,0.218,7.029,50.628,324.469,0.549,-3.002,227.424,0
62324,0.218,7.029,50.595,324.731,0.557,-2.924,227.424,0
62325,0.218,7.029,50.595,324.994,0.554,-2.819,227.424,0
62326,0.036,6.944,50.563,325.256,0.551,-2.831,227.424,0
62327,0.036,6.944,50.563,325.256,0.554,-2.893,227.424,0
62328,0.036,6.944,50.563,325.256,0.550,-2.947,227.424,0
62329,0.036,6.944,50.563,325.256,0.555,-2.978,227.424,0
62330,0.036,6.944,50.563,325.256,0.550,-3.005,227.424,0
62331,0.036,6.944,50.595,325.256,0.555,-2.955,227.424,0
62332,0.036,6.944,50.563,325.519,0.555,-2.789,227.424,0
62333,0.036,6.944,50.595,325.519,0.549,-2.758,227.424,0
62334,0.036,6.944,50.595,325.519,0.554,-2.827,227.424,0
62335,0.036,6.944,50.595,325.781,0.551,-2.881,227.424,0
62336,0.107,6.857,50.628,326.044,0.553,-2.932,227.424,0
62337,0.107,6.857,50.628,326.044,0.554,-2.967,227.424,0
62338,0.107,6.857,50.660,326.044,0.554,-2.990,227.424,0
62339,0.107,6.857,50.693,326.044,0.559,-3.002,227.728,0
62340,0.107,6.857,50.725,326.044,0.550,-2.936,227.424,0
62341,0.107,6.857,50.725,326.306,0.558,-2.800,227.728,0
62342,0.107,6.857,50.758,326.306,0.550,-2.800,228.337,0
62343,0.107,6.857,50.758,326.569,0.558,-2.854,228.337,0
62344,0.107,6.857,50.791,326.569,0.551,-2.908,228.337,0
62345,0.107,6.857,50.791,326.832,0.556,-2.943,228.337,0
62346,0.177,6.854,50.791,327.094,0.553,-2.974,228.337,0
62347,0.177,6.854,50.823,326.832,0.554,-2.994,228.337,0
62348,0.177,6.854,50.823,326.569,0.554,-3.002,228.337,0
62349,0.177,6.854,50.823,326.832,0.551,-2.866,228.033,0
62350,0.177,6.854,50.823,327.094,0.557,-2.731,228.033,0
62351,0.177,6.854,50.791,327.094,0.550,-2.765,228.033,0
62352,0.177,6.854,50.791,327.094,0.557,-2.827,228.337,0
62353,0.177,6.854,50.791,327.094,0.549,-2.889,228.337,0
62354,0.177,6.854,50.791,327.094,0.558,-2.936,228.337,0
62355,0.177,6.854,50.758,327.094,0.550,-2.967,228.337,0
62356,0.345,6.850,50.725,327.357,0.559,-2.994,228.033,0
62357,0.345,6.850,50.758,327.094,0.551,-3.005,228.033,0
62358,0.345,6.850,50.725,327.094,0.558,-2.908,228.033,0
62359,0.345,6.850,50.693,327.094,0.551,-2.769,228.337,0
62360,0.345,6.850,50.660,327.094,0.558,-2.789,228.337,0
62361,0.345,6.850,50.660,327.094,0.551,-2.854,228.033,0
62362,0.345,6.850,50.628,327.094,0.555,-2.908,228.033,0
62363,0.345,6.850,50.628,327.094,0.553,-2.951,228.033,0
62364,0.345,6.850,50.595,327.094,0.554,-2.990,228.033,0
62365,0.345,6.850,50.595,327.094,0.556,-3.002,228.033,0
62366,0.512,6.985,50.595,327.094,0.552,-2.947,228.033,0
62367,0.512,6.985,50.563,327.094,0.554,-2.804,228.033,0
62368,0.512,6.985,50.563,326.832,0.549,-2.819,228.033,0
62369,0.512,6.985,50.530,326.832,0.557,-2.877,228.033,0
62370,0.512,6.985,50.530,326.832,0.549,-2.932,228.033,0
62371,0.512,6.985,50.530,326.832,0.557,-2.978,228.033,0
62372,0.512,6.985,50.563,326.832,0.549,-3.009,228.033,0
62373,0.512,6.985,50.563,326.569,0.556,-2.943,228.033,0
62374,0.512,6.985,50.563,326.569,0.549,-2.808,228.337,0
62375,0.512,6.985,50.563,326.569,0.555,-2.796,227.728,0
62376,0.425,7.124,50.595,326.569,0.549,-2.858,227.728,0
62377,0.425,7.124,50.595,326.569,0.553,-2.920,227.728,0
62378,0.425,7.124,50.628,326.569,0.553,-2.963,228.033,0
62379,0.425,7.124,50.628,326.306,0.552,-2.998,228.033,0
62380,0.425,7.124,50.693,326.044,0.556,-3.002,228.033,0
62381,0.425,7.124,50.693,326.044,0.550,-2.850,228.337,0
62382,0.425,7.124,50.725,326.044,0.558,-2.742,228.337,0
62383,0.425,7.124,50.725,326.044,0.551,-2.785,228.337,0
62384,0.425,7.124,50.758,326.044,0.560,-2.850,228.337,0
62385,0.425,7.124,50.791,326.044,0.552,-2.905,228.337,0
62386,0.339,7.034,50.791,326.044,0.561,-2.947,228.337,0
62387,0.339,7.034,50.823,325.781,0.552,-2.978,228.337,0
62388,0.339,7.034,50.823,325.519,0.557,-3.005,228.337,0
62389,0.339,7.034,50.823,325.256,0.551,-2.982,228.033,0
62390,0.339,7.034,50.823,325.519,0.553,-2.812,228.033,0
62391,0.339,7.034,50.823,325.256,0.555,-2.750,228.033,0
62392,0.339,7.034,50.823,325.256,0.552,-2.808,228.033,0
62393,0.339,7.034,50.791,324.994,0.557,-2.866,228.033,0
62394,0.339,7.034,50.791,324.994,0.550,-2.912,228.033,0
62395,0.339,7.034,50.791,324.994,0.559,-2.947,228.337,0
62396,0.285,6.944,50.758,324.994,0.549,-2.978,228.033,0
62397,0.285,6.944,50.758,324.731,0.557,-3.002,227.728,0
62398,0.285,6.944,50.758,324.469,0.549,-2.982,227.728,0
62399,0.285,6.944,50.725,324.469,0.560,-2.874,228.033,0
62400,0.285,6.944,50.693,324.206,0.550,-2.858,228.033,0
62401,0.285,6.944,50.693,324.206,0.558,-2.897,228.033,0
62402,0.285,6.944,50.660,324.206,0.550,-2.939,228.033,0
62403,0.285,6.944,50.628,323.944,0.557,-2.974,228.033,0
62404,0.285,6.944,50.628,323.944,0.551,-3.002,228.033,0
62405,0.285,6.944,50.628,323.944,0.555,-2.971,227.728,0
62406,0.234,6.910,50.595,323.681,0.550,-2.943,227.424,0
62407,0.234,6.910,50.563,323.681,0.554,-2.943,227.119,0
62408,0.234,6.910,50.595,323.419,0.550,-2.978,226.815,0
62409,0.234,6.910,50.563,323.156,0.555,-3.009,227.424,0
62410,0.234,6.910,50.563,322.894,0.550,-2.978,227.728,0
62411,0.234,6.910,50.563,322.894,0.555,-2.781,227.728,0
62412,0.234,6.910,50.563,322.894,0.551,-2.723,227.728,0
62413,0.234,6.910,50.563,322.631,0.555,-2.792,227.424,0
62414,0.234,6.910,50.595,322.369,0.551,-2.862,227.424,0
62415,0.234,6.910,50.595,322.369,0.555,-2.916,227.424,0
62416,0.342,6.875,50.595,322.369,0.551,-2.963,227.728,0
62417,0.342,6.875,50.628,322.369,0.555,-2.990,227.728,0
62418,0.342,6.875,50.628,322.106,0.553,-3.002,227.728,0
62419,0.342,6.875,50.660,322.106,0.558,-2.936,227.424,0
62420,0.342,6.875,50.693,321.844,0.553,-2.870,227.728,0
62421,0.342,6.875,50.693,321.844,0.557,-2.901,227.728,0
62422,0.342,6.875,50.725,321.844,0.554,-2.947,227.728,0
62423,0.342,6.875,50.725,321.844,0.556,-2.990,228.033,0
62424,0.342,6.875,50.758,321.581,0.557,-3.013,227.728,0
62425,0.342,6.875,50.791,321.581,0.554,-2.920,228.033,0
62426,0.451,6.821,50.791,321.844,0.557,-2.715,228.337,0
62427,0.451,6.821,50.823,321.844,0.551,-2.723,227.728,0
62428,0.451,6.821,50.823,321.581,0.556,-2.804,227.728,0
62429,0.451,6.821,50.823,321.581,0.549,-2.874,227.728,0
62430,0.451,6.821,50.823,321.581,0.557,-2.924,227.728,0
62431,0.451,6.821,50.823,321.844,0.549,-2.967,227.728,0
62432,0.451,6.821,50.823,321.844,0.557,-3.002,227.728,0
62433,0.451,6.821,50.856,321.581,0.549,-2.967,227.424,0
62434,0.451,6.821,50.791,321.844,0.558,-2.850,227.424,0
62435,0.451,6.821,50.791,321.844,0.549,-2.754,227.728,0
62436,0.355,6.768,50.791,321.844,0.558,-2.804,227.424,0
62437,0.355,6.768,50.758,322.106,0.549,-2.870,227.728,0
62438,0.355,6.768,50.758,321.844,0.558,-2.924,227.728,0
62439,0.355,6.768,50.725,321.844,0.550,-2.967,227.728,0
62440,0.355,6.768,50.725,321.844,0.557,-2.994,227.424,0
62441,0.355,6.768,50.725,321.844,0.550,-2.998,227.728,0
62442,0.355,6.768,50.693,321.844,0.555,-2.901,227.424,0
62443,0.355,6.768,50.660,322.106,0.553,-2.816,227.728,0
62444,0.355,6.768,50.628,322.106,0.554,-2.854,227.424,0
62445,0.355,6.768,50.628,322.106,0.554,-2.908,227.424,0
62446,0.260,6.999,50.628,322.106,0.551,-2.951,227.424,0
62447,0.260,6.999,50.595,322.369,0.553,-2.982,227.119,0
62448,0.260,6.999,50.595,322.106,0.553,-3.002,227.728,0
62449,0.260,6.999,50.595,322.106,0.553,-2.982,227.728,0
62450,0.260,6.999,50.563,322.369,0.551,-2.885,227.424,0
62451,0.260,6.999,50.563,322.369,0.555,-2.889,227.424,0
62452,0.260,6.999,50.530,322.631,0.551,-2.928,227.424,0
62453,0.260,6.999,50.563,322.631,0.555,-2.967,227.424,0
62454,0.260,6.999,50.563,322.631,0.551,-2.998,227.424,0
62455,0.260,6.999,50.595,322.631,0.555,-2.998,227.424,0
62456,0.186,7.228,50.563,322.894,0.550,-2.854,227.424,0
62457,0.186,7.228,50.563,323.156,0.557,-2.773,227.424,0
62458,0.186,7.228,50.595,322.894,0.551,-2.812,227.728,0
62459,0.186,7.228,50.595,323.156,0.557,-2.870,227.424,0
62460,0.186,7.228,50.628,323.156,0.553,-2.916,227.424,0
62461,0.186,7.228,50.660,322.894,0.558,-2.951,227.728,0
62462,0.186,7.228,50.660,323.156,0.551,-2.986,227.728,0
62463,0.186,7.228,50.693,323.156,0.557,-3.002,228.033,0
62464,0.186,7.228,50.725,322.894,0.550,-2.982,227.728,0
62465,0.186,7.228,50.725,323.156,0.558,-2.870,227.728,0
62466,0.113,7.465,50.725,323.419,0.551,-2.854,228.033,0
62467,0.113,7.465,50.758,323.419,0.557,-2.897,228.033,0
62468,0.113,7.465,50.758,323.419,0.551,-2.951,228.033,0
62469,0.113,7.465,50.791,323.419,0.557,-2.982,227.728,0
62470,0.113,7.465,50.791,323.419,0.551,-3.005,227.728,0
62471,0.113,7.465,50.823,323.419,0.555,-2.955,227.728,0
62472,0.113,7.465,50.823,323.681,0.551,-2.796,227.728,0
62473,0.113,7.465,50.791,323.681,0.557,-2.812,227.728,0
62474,0.113,7.465,50.823,323.681,0.550,-2.870,227.728,0
62475,0.113,7.465,50.791,323.681,0.558,-2.928,227.728,0
62476,0.336,7.699,50.791,323.944,0.551,-2.967,227.728,0
62477,0.336,7.699,50.791,323.944,0.553,-3.002,227.728,0
62478,0.336,7.699,50.791,323.944,0.555,-2.967,227.728,0
62479,0.336,7.699,50.758,324.206,0.553,-2.866,227.728,0
62480,0.336,7.699,50.758,324.206,0.558,-2.773,227.728,0
62481,0.336,7.699,50.758,324.206,0.552,-2.827,227.728,0
62482,0.336,7.699,50.725,324.206,0.559,-2.893,228.033,0
62483,0.336,7.699,50.693,324.469,0.552,-2.947,228.033,0
62484,0.336,7.699,50.693,324.469,0.558,-2.986,228.033,0
62485,0.336,7.699,50.693,324.469,0.551,-3.002,227.728,0
62486,0.559,7.451,50.660,324.731,0.559,-2.916,227.728,0
62487,0.559,7.451,50.628,324.994,0.549,-2.812,227.728,0
62488,0.559,7.451,50.628,324.994,0.560,-2.835,227.728,0
62489,0.559,7.451,50.595,324.994,0.549,-2.897,227.728,0
62490,0.559,7.451,50.595,325.256,0.558,-2.947,227.728,0
62491,0.559,7.451,50.563,325.256,0.549,-2.986,227.424,0
62492,0.559,7.451,50.563,325.519,0.558,-3.002,227.424,0
62493,0.559,7.451,50.563,325.519,0.549,-2.990,227.424,0
62494,0.559,7.451,50.563,325.781,0.558,-2.974,227.728,0
62495,0.559,7.451,50.530,325.781,0.549,-2.994,227.424,0
62496,0.351,7.209,50.563,325.781,0.557,-3.005,227.119,0
62497,0.351,7.209,50.563,325.781,0.548,-2.889,227.119,0
62498,0.351,7.209,50.563,325.781,0.555,-2.765,227.728,0
62499,0.351,7.209,50.563,326.044,0.550,-2.789,227.728,0
62500,0.351,7.209,50.595,326.044,0.554,-2.858,228.033,0
62501,0.351,7.209,50.595,326.044,0.553,-2.920,228.337,0
62502,0.351,7.209,50.628,326.306,0.553,-2.955,228.337,0
62503,0.351,7.209,50.628,326.306,0.557,-2.990,228.337,0
62504,0.351,7.209,50.693,326.306,0.551,-3.005,228.337,0
62505,0.351,7.209,50.693,326.306,0.558,-2.920,228.337,0
62506,0.142,7.154,50.725,326.569,0.551,-2.792,228.337,0
62507,0.142,7.154,50.725,326.832,0.559,-2.800,228.337,0
62508,0.142,7.154,50.758,326.832,0.551,-2.866,228.337,0
62509,0.142,7.154,50.758,326.832,0.560,-2.916,228.337,0
62510,0.142,7.154,50.791,326.832,0.551,-2.951,228.337,0
62511,0.142,7.154,50.791,327.094,0.559,-2.982,228.337,0
62512,0.142,7.154,50.823,327.094,0.551,-3.002,228.337,0
62513,0.142,7.154,50.823,327.094,0.557,-2.986,228.337,0
62514,0.142,7.154,50.823,327.094,0.552,-2.908,228.337,0
62515,0.142,7.154,50.791,327.094,0.557,-2.908,228.337,0
62516,0.168,7.097,50.823,327.094,0.555,-2.947,228.337,0
62517,0.168,7.097,50.791,327.357,0.554,-2.978,228.337,0
62518,0.168,7.097,50.791,327.094,0.558,-3.002,228.337,0
62519,0.168,7.097,50.791,327.094,0.552,-2.978,228.337,0
62520,0.168,7.097,50.758,327.094,0.560,-2.777,228.337,0
62521,0.168,7.097,50.758,326.832,0.551,-2.738,228.337,0
62522,0.168,7.097,50.725,327.094,0.560,-2.808,228.642,0
62523,0.168,7.097,50.725,327.094,0.550,-2.862,228.337,0
62524,0.168,7.097,50.693,326.832,0.560,-2.920,228.337,0
62525,0.168,7.097,50.693,326.832,0.551,-2.955,228.337,0
62526,0.194,7.021,50.660,326.832,0.558,-2.990,228.337,0
62527,0.194,7.021,50.660,326.832,0.549,-3.005,228.033,0
62528,0.194,7.021,50.660,326.569,0.555,-2.939,228.337,0
62529,0.194,7.021,50.628,326.569,0.551,-2.754,228.337,0
62530,0.194,7.021,50.595,326.569,0.554,-2.742,228.033,0
62531,0.194,7.021,50.595,326.569,0.555,-2.816,228.033,0
62532,0.194,7.021,50.595,326.569,0.551,-2.881,228.033,0
62533,0.194,7.021,50.563,326.569,0.557,-2.928,228.033,0
62534,0.194,7.021,50.563,326.306,0.550,-2.963,228.033,0
62535,0.194,7.021,50.563,326.306,0.557,-2.998,228.033,0
62536,0.217,6.944,50.595,326.044,0.550,-2.998,228.033,0
62537,0.217,6.944,50.563,326.044,0.558,-2.874,228.033,0
62538,0.217,6.944,50.563,326.044,0.550,-2.800,227.728,0
62539,0.217,6.944,50.563,326.044,0.559,-2.843,228.033,0
62540,0.217,6.944,50.595,326.044,0.551,-2.905,228.337,0
62541,0.217,6.944,50.628,325.781,0.557,-2.955,228.337,0
62542,0.217,6.944,50.628,325.519,0.551,-2.994,228.337,0
62543,0.217,6.944,50.660,325.519,0.554,-3.005,228.033,0
62544,0.217,6.944,50.660,325.519,0.555,-2.870,228.337,0
62545,0.217,6.944,50.693,325.519,0.553,-2.719,228.337,0
62546,0.240,6.900,50.693,325.519,0.558,-2.762,228.337,0
62547,0.240,6.900,50.725,325.519,0.551,-2.831,228.337,0
62548,0.240,6.900,50.758,325.256,0.558,-2.897,228.337,0
62549,0.240,6.900,50.758,325.256,0.550,-2.943,228.337,0
62550,0.240,6.900,50.791,325.256,0.559,-2.974,228.337,0
62551,0.240,6.900,50.791,324.994,0.550,-3.005,228.337,0
62552,0.240,6.900,50.823,324.994,0.557,-2.994,228.337,0
62553,0.240,6.900,50.823,324.994,0.550,-2.978,228.337,0
62554,0.240,6.900,50.823,324.731,0.556,-2.928,228.337,0
62555,0.240,6.900,50.823,324.469,0.554,-2.936,228.337,0
62556,0.386,6.856,50.823,324.469,0.555,-2.971,228.337,0
62557,0.386,6.856,50.791,324.469,0.556,-3.005,228.337,0
62558,0.386,6.856,50.823,324.206,0.552,-2.986,228.337,0
62559,0.386,6.856,50.791,324.206,0.559,-2.823,228.337,0
62560,0.386,6.856,50.791,324.206,0.551,-2.731,228.337,0
62561,0.386,6.856,50.758,323.944,0.559,-2.785,228.337,0
62562,0.386,6.856,50.758,323.681,0.551,-2.850,228.033,0
62563,0.386,6.856,50.758,323.681,0.558,-2.908,227.728,0
62564,0.386,6.856,50.725,323.681,0.551,-2.947,227.728,0
62565,0.386,6.856,50.693,323.419,0.557,-2.978,227.728,0
62566,0.532,6.913,50.693,323.419,0.550,-2.998,227.728,0
62567,0.532,6.913,50.693,323.419,0.556,-2.994,227.728,0
62568,0.532,6.913,50.628,323.419,0.547,-2.990,227.728,0
62569,0.532,6.913,50.628,323.156,0.557,-2.990,227.728,0
62570,0.532,6.913,50.628,322.894,0.547,-3.002,227.424,0
62571,0.532,6.913,50.595,322.631,0.556,-2.971,227.424,0
62572,0.532,6.913,50.595,322.894,0.547,-2.905,227.424,0
62573,0.532,6.913,50.595,322.894,0.558,-2.924,227.424,0
62574,0.532,6.913,50.563,322.631,0.549,-2.967,227.728,0
62575,0.532,6.913,50.563,322.631,0.557,-2.998,227.728,0
62576,0.506,6.972,50.595,322.369,0.548,-2.998,227.424,0
62577,0.506,6.972,50.563,322.369,0.557,-2.982,227.424,0
62578,0.506,6.972,50.563,322.369,0.547,-2.978,227.424,0
62579,0.506,6.972,50.563,322.106,0.557,-3.002,227.424,0
62580,0.506,6.972,50.595,321.844,0.550,-2.998,227.728,0
62581,0.506,6.972,50.595,322.106,0.558,-2.823,227.728,0
62582,0.506,6.972,50.595,321.844,0.547,-2.704,227.728,0
62583,0.506,6.972,50.628,321.844,0.558,-2.750,227.728,0
62584,0.506,6.972,50.628,321.844,0.549,-2.831,227.424,0
62585,0.506,6.972,50.660,321.581,0.557,-2.893,227.424,0
62586,0.482,6.951,50.693,321.581,0.549,-2.936,227.728,0
62587,0.482,6.951,50.693,321.844,0.555,-2.974,227.728,0
62588,0.482,6.951,50.725,321.844,0.547,-3.002,228.033,0
62589,0.482,6.951,50.758,321.581,0.555,-2.994,227.728,0
62590,0.482,6.951,50.725,321.581,0.550,-2.905,227.728,0
62591,0.482,6.951,50.758,321.581,0.555,-2.858,227.728,0
62592,0.482,6.951,50.791,321.581,0.550,-2.901,227.728,0
62593,0.482,6.951,50.791,321.844,0.553,-2.955,227.728,0
62594,0.482,6.951,50.791,321.844,0.551,-2.998,227.728,0
62595,0.482,6.951,50.823,321.581,0.551,-3.005,228.033,0
62596,0.378,6.931,50.823,321.581,0.554,-2.881,227.728,0
62597,0.378,6.931,50.823,321.844,0.551,-2.727,227.728,0
62598,0.378,6.931,50.823,321.844,0.557,-2.769,227.728,0
62599,0.378,6.931,50.791,322.106,0.550,-2.847,227.728,0
62600,0.378,6.931,50.791,322.106,0.557,-2.905,227.728,0
62601,0.378,6.931,50.791,322.106,0.550,-2.959,227.728,0
62602,0.378,6.931,50.758,322.106,0.558,-2.990,228.033,0
62603,0.378,6.931,50.758,322.106,0.550,-3.005,227.728,0
62604,0.378,6.931,50.758,322.106,0.558,-2.912,227.728,0
62605,0.378,6.931,50.725,322.369,0.549,-2.727,227.424,0
62606,0.276,7.074,50.693,322.369,0.553,-2.712,227.728,0
62607,0.276,7.074,50.693,322.631,0.555,-2.785,228.033,0
62608,0.276,7.074,50.660,322.631,0.554,-2.858,227.728,0
62609,0.276,7.074,50.660,322.631,0.555,-2.908,228.033,0
62610,0.276,7.074,50.628,322.631,0.553,-2.951,227.728,0
62611,0.276,7.074,50.595,322.631,0.554,-2.978,227.424,0
62612,0.276,7.074,50.595,322.631,0.553,-2.998,227.424,0
62613,0.276,7.074,50.595,322.631,0.553,-3.002,227.424,0
62614,0.276,7.074,50.563,322.894,0.556,-2.850,227.424,0
62615,0.276,7.074,50.563,322.894,0.547,-2.765,227.424,0
62616,0.310,7.216,50.563,322.894,0.551,-2.804,227.728,0
62617,0.310,7.216,50.530,322.894,0.554,-2.858,227.728,0
62618,0.310,7.216,50.563,323.156,0.550,-2.908,227.424,0
62619,0.310,7.216,50.563,323.156,0.554,-2.943,227.728,0
62620,0.310,7.216,50.563,323.156,0.549,-2.986,227.728,0
62621,0.310,7.216,50.563,323.419,0.557,-3.005,227.424,0
62622,0.310,7.216,50.595,323.419,0.549,-2.994,227.424,0
62623,0.310,7.216,50.595,323.419,0.555,-2.959,227.424,0
62624,0.310,7.216,50.595,323.681,0.550,-2.924,227.424,0
62625,0.310,7.216,50.628,323.681,0.555,-2.943,227.728,0
62626,0.343,7.251,50.628,323.681,0.550,-2.978,227.424,0
62627,0.343,7.251,50.660,323.944,0.557,-3.002,227.424,0
62628,0.343,7.251,50.693,323.944,0.550,-2.967,227.424,0
62629,0.343,7.251,50.693,323.944,0.556,-2.885,227.728,0
62630,0.343,7.251,50.725,324.206,0.549,-2.823,227.728,0
62631,0.343,7.251,50.758,323.944,0.557,-2.870,227.728,0
62632,0.343,7.251,50.758,324.206,0.548,-2.924,227.728,0
62633,0.343,7.251,50.791,324.206,0.557,-2.963,228.033,0
62634,0.343,7.251,50.791,324.469,0.549,-2.998,228.033,0
62635,0.343,7.251,50.823,324.206,0.555,-3.002,227.728,0
62636,0.369,7.288,50.823,324.206,0.549,-2.889,227.728,0
62637,0.369,7.288,50.823,324.469,0.558,-2.765,227.728,0
62638,0.369,7.288,50.823,324.469,0.548,-2.796,227.728,0
62639,0.369,7.288,50.823,324.469,0.558,-2.858,227.728,0
62640,0.369,7.288,50.823,324.731,0.548,-2.920,228.033,0
62641,0.369,7.288,50.823,324.731,0.558,-2.959,227.728,0
62642,0.369,7.288,50.791,324.731,0.548,-2.994,227.728,0
62643,0.369,7.288,50.791,324.469,0.557,-3.002,227.728,0
62644,0.369,7.288,50.791,324.731,0.547,-2.924,227.728,0
62645,0.369,7.288,50.758,324.994,0.555,-2.847,227.728,0
62646,0.393,7.279,50.758,324.994,0.550,-2.877,227.728,0
62647,0.393,7.279,50.725,324.994,0.554,-2.928,227.728,0
62648,0.393,7.279,50.725,325.256,0.550,-2.974,227.424,0
62649,0.393,7.279,50.693,325.256,0.551,-2.998,227.424,0
62650,0.393,7.279,50.693,325.256,0.551,-2.998,227.424,0
62651,0.393,7.279,50.660,325.256,0.550,-2.971,227.424,0
62652,0.393,7.279,50.628,325.519,0.553,-2.998,227.424,0
62653,0.393,7.279,50.628,325.519,0.549,-3.005,227.119,0
62654,0.393,7.279,50.595,325.781,0.554,-2.877,227.424,0
62655,0.393,7.279,50.595,326.044,0.547,-2.727,227.119,0
62656,0.319,7.271,50.563,326.044,0.553,-2.765,227.119,0
62657,0.319,7.271,50.563,326.044,0.546,-2.839,227.424,0
62658,0.319,7.271,50.563,326.306,0.554,-2.908,228.033,0
62659,0.319,7.271,50.530,326.306,0.548,-2.955,228.033,0
62660,0.319,7.271,50.563,326.569,0.557,-2.986,228.033,0
62661,0.319,7.271,50.563,326.569,0.548,-3.005,228.033,0
62662,0.319,7.271,50.563,326.569,0.557,-2.939,227.728,0
62663,0.319,7.271,50.530,326.832,0.548,-2.769,227.728,0
62664,0.319,7.271,50.563,326.832,0.554,-2.781,228.033,0
62665,0.319,7.271,50.563,326.832,0.549,-2.847,228.033,0
62666,0.244,7.353,50.595,326.832,0.552,-2.901,228.033,0
62667,0.244,7.353,50.595,326.832,0.550,-2.947,228.033,0
62668,0.244,7.353,50.628,327.094,0.549,-2.982,228.033,0
62669,0.244,7.353,50.660,327.357,0.551,-3.002,228.033,0
62670,0.244,7.353,50.693,327.094,0.549,-2.998,228.033,0
62671,0.244,7.353,50.693,327.094,0.553,-2.827,227.728,0
62672,0.244,7.353,50.725,327.094,0.546,-2.731,228.033,0
62673,0.244,7.353,50.758,327.094,0.554,-2.781,228.337,0
62674,0.244,7.353,50.758,327.357,0.547,-2.847,228.642,0
62675,0.244,7.353,50.791,327.357,0.555,-2.893,228.946,0
62676,0.223,7.434,50.791,327.357,0.547,-2.939,228.642,0
62677,0.223,7.434,50.823,327.357,0.560,-2.971,228.642,0
62678,0.223,7.434,50.823,327.357,0.550,-2.998,228.642,0
62679,0.223,7.434,50.856,327.357,0.559,-2.974,228.642,0
62680,0.223,7.434,50.823,327.357,0.551,-2.967,228.337,0
62681,0.223,7.434,50.823,327.357,0.560,-2.951,228.946,0
62682,0.223,7.434,50.823,327.357,0.555,-2.978,228.946,0
62683,0.223,7.434,50.823,327.094,0.560,-3.005,229.251,0
62684,0.223,7.434,50.823,326.832,0.559,-2.967,229.555,0
62685,0.223,7.434,50.791,327.094,0.560,-2.827,229.555,0
62686,0.202,7.404,50.791,327.094,0.563,-2.735,229.860,0
62687,0.202,7.404,50.758,326.832,0.559,-2.789,230.164,0
62688,0.202,7.404,50.758,327.094,0.566,-2.847,230.164,0
62689,0.202,7.404,50.725,327.094,0.558,-2.905,230.468,0
62690,0.202,7.404,50.725,326.832,0.569,-2.943,230.773,0
62691,0.202,7.404,50.693,326.832,0.560,-2.974,230.468,0
62692,0.202,7.404,50.660,326.569,0.568,-3.002,230.468,0
62693,0.202,7.404,50.660,326.569,0.562,-2.998,230.773,0
62694,0.202,7.404,50.660,326.569,0.571,-2.978,230.773,0
62695,0.202,7.404,50.628,326.569,0.562,-2.971,231.077,0
62696,0.342,7.374,50.628,326.306,0.572,-2.998,231.077,0
62697,0.342,7.374,50.628,326.044,0.563,-3.002,231.077,0
62698,0.342,7.374,50.595,326.044,0.572,-2.843,231.382,0
62699,0.342,7.374,50.563,326.044,0.564,-2.719,231.382,0
62700,0.342,7.374,50.563,326.044,0.572,-2.769,231.686,0
62701,0.342,7.374,50.563,325.781,0.567,-2.843,231.991,0
62702,0.342,7.374,50.563,325.781,0.571,-2.905,232.295,0
62703,0.342,7.374,50.563,325.519,0.568,-2.951,232.295,0
62704,0.342,7.374,50.563,325.519,0.572,-2.990,232.295,0
62705,0.342,7.374,50.563,325.256,0.570,-3.005,232.295,0
62706,0.483,7.535,50.595,324.994,0.571,-2.943,232.295,0
62707,0.483,7.535,50.563,325.256,0.571,-2.762,232.600,0
62708,0.483,7.535,50.595,325.256,0.570,-2.742,232.600,0
62709,0.483,7.535,50.628,325.256,0.571,-2.812,232.904,0
62710,0.483,7.535,50.628,324.994,0.571,-2.877,232.904,0
62711,0.483,7.535,50.660,324.731,0.572,-2.932,232.600,0
62712,0.483,7.535,50.693,324.731,0.569,-2.971,232.904,0
62713,0.483,7.535,50.693,324.731,0.574,-3.002,232.904,0
62714,0.483,7.535,50.725,324.469,0.567,-2.994,232.904,0
62715,0.483,7.535,50.725,324.731,0.576,-2.827,232.904,0
62716,0.334,7.701,50.758,324.469,0.569,-2.723,233.208,0
62717,0.334,7.701,50.791,324.206,0.578,-2.777,232.904,0
62718,0.334,7.701,50.791,324.206,0.570,-2.847,232.904,0
62719,0.334,7.701,50.791,324.206,0.578,-2.901,232.904,0
62720,0.334,7.701,50.823,323.944,0.570,-2.943,233.208,0
62721,0.334,7.701,50.823,323.944,0.580,-2.982,233.208,0
62722,0.334,7.701,50.823,323.681,0.571,-3.005,233.513,0
62723,0.334,7.701,50.823,323.681,0.579,-2.998,233.208,0
62724,0.334,7.701,50.823,323.419,0.571,-2.990,233.208,0
62725,0.334,7.701,50.823,323.419,0.578,-2.982,233.208,0
62726,0.186,7.888,50.791,323.156,0.572,-3.005,233.208,0
62727,0.186,7.888,50.791,322.894,0.578,-2.959,233.208,0
62728,0.186,7.888,50.758,322.894,0.574,-2.831,233.208,0
62729,0.186,7.888,50.758,322.894,0.577,-2.781,233.208,0
62730,0.186,7.888,50.725,322.894,0.577,-2.827,233.208,0
62731,0.186,7.888,50.725,322.894,0.576,-2.889,233.513,0
62732,0.186,7.888,50.693,322.631,0.579,-2.932,233.208,0
62733,0.186,7.888,50.693,322.631,0.572,-2.963,233.208,0
62734,0.186,7.888,50.660,322.631,0.578,-2.990,233.513,0
62735,0.186,7.888,50.660,322.369,0.573,-2.998,233.513,0
62736,0.176,8.074,50.660,322.369,0.580,-2.881,233.513,0
62737,0.176,8.074,50.628,322.369,0.572,-2.792,233.817,0
62738,0.176,8.074,50.595,322.106,0.581,-2.827,233.513,0
62739,0.176,8.074,50.595,322.106,0.576,-2.881,233.817,0
62740,0.176,8.074,50.563,322.369,0.579,-2.924,233.817,0
62741,0.176,8.074,50.563,322.106,0.575,-2.963,233.817,0
62742,0.176,8.074,50.563,322.106,0.581,-2.990,233.513,0
62743,0.176,8.074,50.563,321.844,0.572,-2.998,233.513,0
62744,0.176,8.074,50.563,321.844,0.580,-3.005,233.513,0
62745,0.176,8.074,50.563,321.844,0.572,-2.943,233.817,0
62746,0.164,7.996,50.563,321.844,0.580,-2.816,233.817,0
62747,0.164,7.996,50.563,321.844,0.572,-2.827,233.513,0
62748,0.164,7.996,50.595,321.844,0.579,-2.881,233.513,0
62749,0.164,7.996,50.595,321.844,0.571,-2.932,233.513,0
62750,0.164,7.996,50.628,321.844,0.579,-2.971,233.817,0
62751,0.164,7.996,50.628,321.844,0.570,-2.998,233.817,0
62752,0.164,7.996,50.660,321.581,0.578,-3.002,233.513,0
62753,0.164,7.996,50.693,321.581,0.570,-2.854,233.817,0
62754,0.164,7.996,50.693,321.581,0.577,-2.735,233.817,0
62755,0.164,7.996,50.725,321.581,0.568,-2.777,233.817,0
62756,0.158,7.918,50.758,321.844,0.578,-2.847,233.817,0
62757,0.158,7.918,50.758,321.581,0.569,-2.908,233.817,0
62758,0.158,7.918,50.791,321.581,0.577,-2.951,233.817,0
62759,0.158,7.918,50.791,321.581,0.569,-2.982,233.513,0
62760,0.158,7.918,50.823,321.844,0.578,-3.005,233.817,0
62761,0.158,7.918,50.823,321.581,0.569,-2.951,233.513,0
62762,0.158,7.918,50.823,321.844,0.578,-2.819,233.513,0
62763,0.158,7.918,50.823,321.844,0.569,-2.804,233.513,0
62764,0.158,7.918,50.823,321.844,0.576,-2.866,233.817,0
62765,0.158,7.918,50.823,322.106,0.572,-2.916,234.122,0
62766,0.150,8.032,50.823,321.844,0.577,-2.963,234.122,0
62767,0.150,8.032,50.823,322.106,0.571,-3.002,233.817,0
62768,0.150,8.032,50.823,321.844,0.575,-2.963,233.513,0
62769,0.150,8.032,50.791,322.369,0.573,-2.835,233.817,0
62770,0.150,8.032,50.791,322.369,0.577,-2.731,234.122,0
62771,0.150,8.032,50.758,322.369,0.574,-2.796,234.122,0
62772,0.150,8.032,50.725,322.631,0.575,-2.862,234.122,0
62773,0.150,8.032,50.725,322.631,0.576,-2.908,234.122,0
62774,0.150,8.032,50.693,322.631,0.574,-2.955,233.817,0
62775,0.150,8.032,50.693,322.894,0.577,-2.986,233.817,0
62776,0.263,8.147,50.660,322.894,0.572,-3.002,233.817,0
62777,0.263,8.147,50.660,322.631,0.578,-2.986,233.817,0
62778,0.263,8.147,50.628,322.894,0.570,-2.870,233.817,0
62779,0.263,8.147,50.595,322.894,0.579,-2.862,233.817,0
62780,0.263,8.147,50.595,323.156,0.570,-2.905,233.817,0
62781,0.263,8.147,50.595,323.156,0.579,-2.947,234.122,0
62782,0.263,8.147,50.563,323.419,0.571,-2.982,234.122,0
62783,0.263,8.147,50.563,323.156,0.579,-3.002,233.817,0
62784,0.263,8.147,50.595,323.156,0.571,-2.998,233.817,0
62785,0.263,8.147,50.563,323.419,0.580,-2.858,233.817,0
62786,0.377,8.256,50.563,323.419,0.572,-2.708,233.817,0
62787,0.377,8.256,50.563,323.419,0.577,-2.762,233.817,0
62788,0.377,8.256,50.563,323.681,0.576,-2.827,233.817,0
62789,0.377,8.256,50.563,323.681,0.574,-2.889,233.817,0
62790,0.377,8.256,50.595,323.944,0.579,-2.920,234.122,0
62791,0.377,8.256,50.595,323.944,0.571,-2.955,234.122,0
62792,0.377,8.256,50.628,324.206,0.580,-2.974,234.122,0
62793,0.377,8.256,50.628,323.944,0.570,-2.994,234.426,0
62794,0.377,8.256,50.693,324.206,0.579,-2.998,234.426,0
62795,0.377,8.256,50.693,324.206,0.571,-2.924,234.122,0
62796,0.313,8.368,50.693,324.469,0.578,-2.862,234.122,0
62797,0.313,8.368,50.725,324.469,0.570,-2.889,234.122,0
62798,0.313,8.368,50.758,324.469,0.579,-2.932,233.817,0
62799,0.313,8.368,50.791,324.469,0.568,-2.967,233.817,0
62800,0.313,8.368,50.791,324.731,0.579,-2.994,233.817,0
62801,0.313,8.368,50.823,324.469,0.571,-2.978,233.817,0
62802,0.313,8.368,50.823,324.731,0.579,-2.963,234.122,0
62803,0.313,8.368,50.823,324.994,0.572,-2.932,234.122,0
62804,0.313,8.368,50.823,324.731,0.579,-2.963,234.122,0
62805,0.313,8.368,50.823,324.731,0.574,-2.994,234.426,0
62806,0.247,8.351,50.856,324.731,0.578,-3.002,234.426,0
62807,0.247,8.351,50.823,324.994,0.573,-2.893,234.426,0
62808,0.247,8.351,50.823,324.994,0.579,-2.792,234.426,0
62809,0.247,8.351,50.791,324.994,0.575,-2.823,234.426,0
62810,0.247,8.351,50.791,325.256,0.578,-2.885,234.426,0
62811,0.247,8.351,50.791,325.256,0.575,-2.936,234.426,0
62812,0.247,8.351,50.758,325.256,0.578,-2.974,234.426,0
62813,0.247,8.351,50.758,325.519,0.575,-3.005,234.122,0
62814,0.247,8.351,50.758,325.256,0.578,-2.963,234.426,0
62815,0.247,8.351,50.725,325.519,0.576,-2.839,234.122,0
62816,0.337,8.334,50.693,325.781,0.576,-2.765,234.426,0
62817,0.337,8.334,50.660,325.781,0.578,-2.816,234.122,0
62818,0.337,8.334,50.660,325.781,0.575,-2.889,234.426,0
62819,0.337,8.334,50.628,325.781,0.579,-2.932,234.426,0
62820,0.337,8.334,50.628,326.044,0.574,-2.978,234.122,0
62821,0.337,8.334,50.595,326.306,0.581,-3.009,234.426,0
62822,0.337,8.334,50.595,326.044,0.575,-2.986,235.035,0
62823,0.337,8.334,50.563,326.569,0.583,-2.808,235.035,0
62824,0.337,8.334,50.563,326.306,0.576,-2.723,235.035,0
62825,0.337,8.334,50.530,326.569,0.581,-2.781,235.035,0
62826,0.427,8.190,50.530,326.569,0.575,-2.850,235.035,0
62827,0.427,8.190,50.563,326.832,0.582,-2.905,235.035,0
62828,0.427,8.190,50.563,326.832,0.574,-2.947,234.731,0
62829,0.427,8.190,50.563,327.094,0.584,-2.978,235.035,0
62830,0.427,8.190,50.563,327.094,0.574,-3.002,235.035,0
62831,0.427,8.190,50.595,327.094,0.583,-2.963,235.035,0
62832,0.427,8.190,50.595,327.357,0.574,-2.835,235.035,0
62833,0.427,8.190,50.595,327.094,0.583,-2.785,235.035,0
62834,0.427,8.190,50.628,327.094,0.574,-2.835,235.035,0
62835,0.427,8.190,50.628,327.357,0.584,-2.889,235.035,0
62836,0.424,8.047,50.660,327.357,0.575,-2.932,235.035,0
62837,0.424,8.047,50.693,327.357,0.583,-2.967,235.340,0
62838,0.424,8.047,50.725,327.357,0.575,-2.994,235.035,0
62839,0.424,8.047,50.758,327.357,0.583,-3.002,235.340,0
62840,0.424,8.047,50.758,327.357,0.574,-2.974,235.035,0
62841,0.424,8.047,50.758,327.357,0.583,-2.971,235.035,0
62842,0.424,8.047,50.791,327.357,0.574,-2.974,235.035,0
62843,0.424,8.047,50.791,327.357,0.584,-3.002,235.035,0
62844,0.424,8.047,50.823,327.094,0.575,-2.967,235.035,0
62845,0.424,8.047,50.823,327.094,0.584,-2.874,235.340,0
62846,0.422,8.028,50.823,327.094,0.576,-2.800,235.340,0
62847,0.422,8.028,50.823,327.094,0.583,-2.843,235.340,0
62848,0.422,8.028,50.823,327.094,0.577,-2.897,235.340,0
62849,0.422,8.028,50.791,327.094,0.584,-2.936,235.340,0
62850,0.422,8.028,50.791,327.094,0.576,-2.971,235.035,0
62851,0.422,8.028,50.791,327.357,0.584,-2.986,235.035,0
62852,0.422,8.028,50.758,327.094,0.575,-2.998,235.035,0
62853,0.422,8.028,50.758,327.094,0.584,-3.002,235.035,0
62854,0.422,8.028,50.758,326.832,0.575,-2.982,235.035,0
62855,0.422,8.028,50.725,326.832,0.583,-3.002,235.035,0
62856,0.470,8.007,50.725,326.569,0.575,-2.990,235.035,0
62857,0.470,8.007,50.693,326.832,0.584,-2.870,235.035,0
62858,0.470,8.007,50.660,326.569,0.575,-2.812,235.340,0
62859,0.470,8.007,50.660,326.306,0.584,-2.854,235.340,0
62860,0.470,8.007,50.660,326.306,0.575,-2.905,235.340,0
62861,0.470,8.007,50.628,326.306,0.585,-2.959,235.035,0
62862,0.470,8.007,50.628,326.044,0.576,-2.986,235.035,0
62863,0.470,8.007,50.595,326.044,0.584,-3.002,235.035,0
62864,0.470,8.007,50.595,325.781,0.575,-2.963,235.035,0
62865,0.470,8.007,50.595,325.781,0.586,-2.804,235.035,0
62866,0.515,8.066,50.563,325.519,0.575,-2.727,235.035,0
62867,0.515,8.066,50.595,325.519,0.584,-2.789,235.035,0
62868,0.515,8.066,50.563,325.256,0.575,-2.866,235.035,0
62869,0.515,8.066,50.563,325.256,0.584,-2.908,235.035,0
62870,0.515,8.066,50.563,325.256,0.575,-2.951,235.035,0
62871,0.515,8.066,50.563,325.256,0.586,-2.982,235.340,0
62872,0.515,8.066,50.595,324.994,0.576,-3.002,235.340,0
62873,0.515,8.066,50.595,324.731,0.586,-2.982,235.340,0
62874,0.515,8.066,50.595,324.731,0.576,-2.850,235.340,0
62875,0.515,8.066,50.595,324.731,0.586,-2.831,235.035,0
62876,0.447,8.126,50.628,324.731,0.576,-2.889,235.035,0
62877,0.447,8.126,50.628,324.731,0.582,-2.932,235.035,0
62878,0.447,8.126,50.660,324.469,0.581,-2.974,235.340,0
62879,0.447,8.126,50.693,324.206,0.580,-3.005,235.340,0
62880,0.447,8.126,50.725,323.944,0.580,-2.990,235.644,0
62881,0.447,8.126,50.725,324.206,0.585,-2.785,235.644,0
62882,0.447,8.126,50.725,323.944,0.578,-2.692,235.644,0
62883,0.447,8.126,50.758,323.944,0.584,-2.762,235.035,0
62884,0.447,8.126,50.758,323.944,0.578,-2.839,235.340,0
62885,0.447,8.126,50.791,323.681,0.586,-2.889,235.035,0
62886,0.380,8.013,50.791,323.681,0.576,-2.936,234.731,0
62887,0.380,8.013,50.823,323.419,0.583,-2.978,235.035,0
62888,0.380,8.013,50.823,323.419,0.577,-2.994,235.035,0
62889,0.380,8.013,50.823,323.156,0.583,-3.005,235.035,0
62890,0.380,8.013,50.823,323.156,0.574,-2.928,234.731,0
62891,0.380,8.013,50.791,323.156,0.583,-2.754,234.731,0
62892,0.380,8.013,50.791,323.156,0.575,-2.758,234.731,0
62893,0.380,8.013,50.791,322.894,0.583,-2.819,234.731,0
62894,0.380,8.013,50.791,322.631,0.577,-2.877,234.731,0
62895,0.380,8.013,50.758,322.631,0.583,-2.924,234.731,0
62896,0.322,7.900,50.758,322.631,0.578,-2.959,234.731,0
62897,0.322,7.900,50.725,322.631,0.584,-2.978,234.731,0
62898,0.322,7.900,50.725,322.369,0.580,-3.005,234.731,0
62899,0.322,7.900,50.693,322.106,0.580,-2.924,234.731,0
62900,0.322,7.900,50.693,322.106,0.583,-2.835,234.731,0
62901,0.322,7.900,50.660,322.369,0.578,-2.847,234.731,0
62902,0.322,7.900,50.628,322.369,0.584,-2.893,235.035,0
62903,0.322,7.900,50.628,322.106,0.576,-2.936,235.035,0
62904,0.322,7.900,50.595,322.369,0.584,-2.959,234.731,0
62905,0.322,7.900,50.595,322.106,0.574,-2.982,234.426,0
62906,0.263,7.668,50.595,321.844,0.584,-3.002,234.731,0
62907,0.263,7.668,50.563,321.844,0.574,-2.939,234.426,0
62908,0.263,7.668,50.563,322.106,0.584,-2.796,234.731,0
62909,0.263,7.668,50.563,321.844,0.575,-2.781,235.035,0
62910,0.263,7.668,50.563,321.844,0.584,-2.835,234.731,0
62911,0.263,7.668,50.563,322.106,0.577,-2.889,234.731,0
62912,0.263,7.668,50.563,322.106,0.583,-2.924,234.731,0
62913,0.263,7.668,50.563,321.844,0.579,-2.959,234.731,0
62914,0.263,7.668,50.595,321.844,0.583,-2.978,234.731,0
62915,0.263,7.668,50.595,321.844,0.580,-3.002,234.731,0
62916,0.372,7.435,50.628,321.844,0.580,-2.994,234.731,0
62917,0.372,7.435,50.628,321.844,0.582,-2.924,234.731,0
62918,0.372,7.435,50.628,321.844,0.578,-2.905,234.731,0
62919,0.372,7.435,50.660,321.844,0.584,-2.939,235.035,0
62920,0.372,7.435,50.693,321.844,0.578,-2.974,234.731,0
62921,0.372,7.435,50.693,321.844,0.585,-3.005,234.731,0
62922,0.372,7.435,50.758,321.581,0.578,-2.963,235.035,0
62923,0.372,7.435,50.758,321.844,0.586,-2.816,235.035,0
62924,0.372,7.435,50.758,321.844,0.577,-2.708,234.731,0
62925,0.372,7.435,50.791,321.844,0.584,-2.769,235.035,0
62926,0.480,7.909,50.791,321.844,0.577,-2.839,235.035,0
62927,0.480,7.909,50.823,321.844,0.585,-2.901,235.035,0
62928,0.480,7.909,50.823,321.844,0.576,-2.939,234.731,0
62929,0.480,7.909,50.823,321.844,0.584,-2.974,234.731,0
62930,0.480,7.909,50.823,322.106,0.575,-3.002,235.035,0
62931,0.480,7.909,50.823,322.106,0.584,-2.963,235.035,0
62932,0.480,7.909,50.823,322.369,0.575,-2.874,234.731,0
62933,0.480,7.909,50.823,322.369,0.586,-2.823,234.731,0
62934,0.480,7.909,50.791,322.369,0.575,-2.877,235.035,0
62935,0.480,7.909,50.791,322.369,0.583,-2.924,235.035,0
62936,0.459,8.384,50.791,322.631,0.576,-2.963,235.035,0
62937,0.459,8.384,50.758,322.894,0.584,-2.998,234.731,0
62938,0.459,8.384,50.758,322.631,0.578,-2.994,234.731,0
62939,0.459,8.384,50.725,322.894,0.583,-2.951,235.035,0
62940,0.459,8.384,50.693,322.894,0.580,-2.893,235.035,0
62941,0.459,8.384,50.693,322.894,0.580,-2.916,235.035,0
62942,0.459,8.384,50.660,323.156,0.583,-2.959,234.731,0
62943,0.459,8.384,50.628,323.156,0.578,-2.990,235.035,0
62944,0.459,8.384,50.628,323.156,0.584,-3.005,235.035,0
62945,0.459,8.384,50.628,323.156,0.575,-2.889,234.731,0
62946,0.438,8.260,50.595,323.156,0.586,-2.738,234.731,0
62947,0.438,8.260,50.595,323.419,0.574,-2.758,234.731,0
62948,0.438,8.260,50.563,323.419,0.583,-2.823,235.035,0
62949,0.438,8.260,50.563,323.419,0.575,-2.877,234.731,0
62950,0.438,8.260,50.563,323.681,0.584,-2.928,234.731,0
62951,0.438,8.260,50.563,323.681,0.576,-2.951,234.731,0
62952,0.438,8.260,50.563,323.944,0.584,-2.990,234.731,0
62953,0.438,8.260,50.563,323.944,0.576,-3.002,234.731,0
62954,0.438,8.260,50.563,323.944,0.580,-2.920,234.731,0
62955,0.438,8.260,50.563,323.944,0.578,-2.835,234.426,0
62956,0.489,8.134,50.595,324.206,0.579,-2.870,234.731,0
62957,0.489,8.134,50.595,324.469,0.580,-2.905,234.731,0
62958,0.489,8.134,50.628,324.469,0.578,-2.955,234.731,0
62959,0.489,8.134,50.628,324.469,0.583,-2.982,234.731,0
62960,0.489,8.134,50.660,324.469,0.575,-3.002,234.731,0
62961,0.489,8.134,50.693,324.469,0.584,-2.998,234.731,0
62962,0.489,8.134,50.693,324.731,0.578,-2.827,234.731,0
62963,0.489,8.134,50.693,324.731,0.585,-2.723,235.035,0
62964,0.489,8.134,50.725,324.994,0.575,-2.769,234.731,0
62965,0.489,8.134,50.758,324.994,0.585,-2.835,234.731,0
62966,0.540,8.163,50.758,324.994,0.576,-2.893,235.035,0
62967,0.540,8.163,50.791,324.994,0.585,-2.928,235.035,0
62968,0.540,8.163,50.791,325.256,0.576,-2.947,235.035,0
62969,0.540,8.163,50.823,324.994,0.586,-2.971,235.035,0
62970,0.540,8.163,50.823,325.256,0.575,-3.002,234.731,0
62971,0.540,8.163,50.823,325.256,0.583,-2.971,234.731,0
62972,0.540,8.163,50.823,325.519,0.575,-2.866,235.035,0
62973,0.540,8.163,50.823,325.519,0.585,-2.769,234.731,0
62974,0.540,8.163,50.823,325.519,0.575,-2.808,234.731,0
62975,0.540,8.163,50.791,325.519,0.584,-2.870,235.035,0
62976,0.409,8.194,50.791,325.519,0.575,-2.924,235.035,0
62977,0.409,8.194,50.791,325.781,0.584,-2.967,234.731,0
62978,0.409,8.194,50.758,325.781,0.576,-2.982,235.035,0
62979,0.409,8.194,50.758,325.781,0.585,-2.994,235.035,0
62980,0.409,8.194,50.758,325.781,0.576,-3.016,235.035,0
62981,0.409,8.194,50.725,325.781,0.582,-2.893,235.035,0
62982,0.409,8.194,50.693,326.044,0.578,-2.692,235.035,0
62983,0.409,8.194,50.660,326.044,0.584,-2.712,235.035,0
62984,0.409,8.194,50.660,326.306,0.578,-2.796,235.340,0
62985,0.409,8.194,50.628,326.306,0.583,-2.862,235.340,0
62986,0.278,8.194,50.595,326.306,0.580,-2.901,235.340,0
62987,0.278,8.194,50.595,326.306,0.583,-2.955,235.340,0
62988,0.278,8.194,50.595,326.569,0.579,-2.971,235.340,0
62989,0.278,8.194,50.563,326.569,0.583,-3.005,235.340,0
62990,0.278,8.194,50.595,326.569,0.578,-2.955,235.340,0
62991,0.278,8.194,50.563,326.832,0.582,-2.862,235.340,0
62992,0.278,8.194,50.563,327.094,0.579,-2.816,235.035,0
62993,0.278,8.194,50.530,327.094,0.582,-2.881,235.340,0
62994,0.278,8.194,50.563,327.357,0.579,-2.928,235.035,0
62995,0.278,8.194,50.563,327.357,0.578,-2.971,235.035,0
62996,0.308,8.191,50.563,327.094,0.581,-2.994,235.340,0
62997,0.308,8.191,50.595,327.094,0.578,-2.998,235.340,0
62998,0.308,8.191,50.595,327.357,0.582,-2.870,235.035,0
62999,0.308,8.191,50.628,327.357,0.576,-2.792,235.340,0
63000,0.308,8.191,50.628,327.357,0.583,-2.816,235.340,0
63001,0.308,8.191,50.660,327.357,0.578,-2.885,235.035,0
63002,0.308,8.191,50.693,327.357,0.584,-2.924,235.340,0
63003,0.308,8.191,50.693,327.619,0.577,-2.967,235.340,0
63004,0.308,8.191,50.725,327.357,0.586,-2.990,235.340,0
63005,0.308,8.191,50.758,327.357,0.578,-2.971,235.340,0
63006,0.337,8.066,50.758,327.357,0.584,-2.967,235.644,0
63007,0.337,8.066,50.758,327.357,0.576,-2.924,235.644,0
63008,0.337,8.066,50.791,327.094,0.586,-2.955,235.340,0
63009,0.337,8.066,50.791,327.094,0.574,-2.990,235.340,0
63010,0.337,8.066,50.823,327.094,0.584,-3.002,235.340,0
63011,0.337,8.066,50.823,327.094,0.576,-2.967,235.340,0
63012,0.337,8.066,50.823,327.094,0.584,-2.866,235.340,0
63013,0.337,8.066,50.823,327.357,0.577,-2.762,235.340,0
63014,0.337,8.066,50.791,327.094,0.584,-2.808,235.340,0
63015,0.337,8.066,50.791,327.094,0.576,-2.870,235.340,0
63016,0.438,7.940,50.791,326.832,0.584,-2.908,235.340,0
63017,0.438,7.940,50.791,327.094,0.584,-2.947,235.340,0
63018,0.438,7.940,50.758,327.094,0.576,-2.971,235.340,0
63019,0.438,7.940,50.758,326.832,0.584,-2.990,235.340,0
63020,0.438,7.940,50.758,326.569,0.575,-2.998,235.035,0
63021,0.438,7.940,50.725,326.569,0.585,-2.998,235.035,0
63022,0.438,7.940,50.725,326.569,0.576,-2.974,235.340,0
63023,0.438,7.940,50.693,326.569,0.583,-2.994,235.644,0
63024,0.438,7.940,50.693,326.306,0.574,-2.998,235.340,0
63025,0.438,7.940,50.660,326.306,0.577,-2.943,235.340,0
63026,0.537,8.069,50.628,326.044,0.581,-2.897,235.340,0
63027,0.537,8.069,50.595,325.781,0.576,-2.928,235.035,0
63028,0.537,8.069,50.595,325.781,0.579,-2.963,235.035,0
63029,0.537,8.069,50.595,325.781,0.583,-2.990,235.340,0
63030,0.537,8.069,50.595,325.519,0.574,-3.005,235.340,0
63031,0.537,8.069,50.563,325.256,0.584,-2.901,235.035,0
63032,0.537,8.069,50.563,325.256,0.576,-2.762,235.035,0
63033,0.537,8.069,50.563,325.256,0.584,-2.773,235.340,0
63034,0.537,8.069,50.563,325.256,0.576,-2.843,235.340,0
63035,0.537,8.069,50.563,324.994,0.585,-2.897,235.035,0
63036,0.410,8.201,50.563,324.731,0.576,-2.943,235.035,0
63037,0.410,8.201,50.563,324.731,0.583,-2.978,235.340,0
63038,0.410,8.201,50.595,324.731,0.578,-3.005,235.340,0
63039,0.410,8.201,50.628,324.469,0.586,-2.955,235.340,0
63040,0.410,8.201,50.628,324.469,0.578,-2.843,235.340,0
63041,0.410,8.201,50.628,324.206,0.584,-2.785,235.340,0
63042,0.410,8.201,50.660,324.206,0.579,-2.843,235.644,0
63043,0.410,8.201,50.660,323.944,0.585,-2.901,235.644,0
63044,0.410,8.201,50.693,323.944,0.581,-2.947,235.644,0
63045,0.410,8.201,50.725,323.944,0.584,-2.982,235.644,0
63046,0.285,7.915,50.758,323.681,0.579,-3.002,235.340,0
63047,0.285,7.915,50.758,323.156,0.581,-2.959,235.035,0
63048,0.285,7.915,50.758,323.419,0.582,-2.850,234.731,0
63049,0.285,7.915,50.791,323.419,0.579,-2.835,234.731,0
63050,0.285,7.915,50.791,323.156,0.582,-2.893,234.731,0
63051,0.285,7.915,50.823,323.156,0.575,-2.939,234.731,0
63052,0.285,7.915,50.823,323.156,0.583,-2.978,235.035,0
63053,0.285,7.915,50.823,323.156,0.576,-3.002,235.035,0
63054,0.285,7.915,50.823,322.894,0.584,-2.967,235.035,0
63055,0.285,7.915,50.823,322.894,0.575,-2.920,234.731,0
63056,0.229,7.626,50.823,322.631,0.584,-2.916,234.731,0
63057,0.229,7.626,50.791,322.631,0.575,-2.963,235.035,0
63058,0.229,7.626,50.791,322.631,0.584,-2.998,234.731,0
63059,0.229,7.626,50.791,322.631,0.576,-3.002,235.035,0
63060,0.229,7.626,50.758,322.369,0.584,-2.974,234.731,0
63061,0.229,7.626,50.758,322.369,0.576,-2.800,234.731,0
63062,0.229,7.626,50.725,322.369,0.585,-2.754,234.731,0
63063,0.229,7.626,50.725,322.369,0.578,-2.819,235.035,0
63064,0.229,7.626,50.693,322.369,0.582,-2.881,235.035,0
63065,0.229,7.626,50.693,322.106,0.580,-2.920,234.731,0
63066,0.174,7.694,50.660,322.369,0.579,-2.955,235.035,0
63067,0.174,7.694,50.660,322.106,0.583,-2.982,235.035,0
63068,0.174,7.694,50.628,322.106,0.577,-3.005,234.731,0
63069,0.174,7.694,50.628,322.106,0.583,-2.994,234.731,0
63070,0.174,7.694,50.595,322.106,0.575,-2.978,234.426,0
63071,0.174,7.694,50.595,322.106,0.585,-2.959,234.731,0
63072,0.174,7.694,50.563,322.106,0.576,-2.982,234.731,0
63073,0.174,7.694,50.595,322.369,0.584,-3.002,234.731,0
63074,0.174,7.694,50.595,322.106,0.574,-2.990,234.731,0
63075,0.174,7.694,50.563,322.106,0.586,-2.982,234.731,0
63076,0.119,7.760,50.563,322.106,0.574,-2.967,234.731,0
63077,0.119,7.760,50.563,322.106,0.583,-2.990,234.731,0
63078,0.119,7.760,50.595,322.106,0.574,-3.002,234.731,0
63079,0.119,7.760,50.595,322.106,0.586,-2.928,235.035,0
63080,0.119,7.760,50.595,322.106,0.577,-2.781,235.035,0
63081,0.119,7.760,50.595,322.106,0.583,-2.781,234.731,0
63082,0.119,7.760,50.628,322.106,0.578,-2.843,234.731,0
63083,0.119,7.760,50.628,322.106,0.582,-2.901,234.731,0
63084,0.119,7.760,50.660,322.369,0.578,-2.939,235.035,0
63085,0.119,7.760,50.693,322.106,0.583,-2.974,234.426,0
63086,0.065,7.818,50.693,322.369,0.578,-3.002,234.731,0
63087,0.065,7.818,50.725,322.106,0.578,-3.002,234.731,0
63088,0.065,7.818,50.725,322.106,0.579,-2.982,234.731,0
63089,0.065,7.818,50.758,322.106,0.579,-2.955,235.035,0
63090,0.065,7.818,50.758,322.106,0.580,-2.947,235.035,0
63091,0.065,7.818,50.791,322.106,0.578,-2.971,234.731,0
63092,0.065,7.818,50.791,322.369,0.580,-3.005,235.035,0
63093,0.065,7.818,50.823,322.369,0.576,-2.967,234.731,0
63094,0.065,7.818,50.823,322.631,0.583,-2.847,234.731,0
63095,0.065,7.818,50.823,322.369,0.577,-2.773,234.731,0
63096,0.101,7.872,50.823,322.369,0.583,-2.827,235.035,0
63097,0.101,7.872,50.823,322.631,0.576,-2.893,235.035,0
63098,0.101,7.872,50.823,322.631,0.584,-2.943,235.035,0
63099,0.101,7.872,50.791,322.894,0.577,-2.978,235.035,0
63100,0.101,7.872,50.791,322.631,0.585,-3.002,235.035,0
63101,0.101,7.872,50.791,322.631,0.576,-2.955,235.035,0
63102,0.101,7.872,50.758,322.894,0.586,-2.796,235.035,0
63103,0.101,7.872,50.758,323.156,0.576,-2.750,234.731,0
63104,0.101,7.872,50.725,323.156,0.584,-2.819,235.035,0
63105,0.101,7.872,50.725,323.156,0.578,-2.877,235.035,0
63106,0.136,7.912,50.693,323.419,0.586,-2.928,235.035,0
63107,0.136,7.912,50.660,323.156,0.578,-2.967,235.035,0
63108,0.136,7.912,50.660,323.419,0.584,-2.994,235.035,0
63109,0.136,7.912,50.660,323.419,0.580,-3.005,235.035,0
63110,0.136,7.912,50.628,323.419,0.580,-2.916,234.731,0
63111,0.136,7.912,50.595,323.681,0.580,-2.765,234.731,0
63112,0.136,7.912,50.595,323.944,0.578,-2.789,234.731,0
63113,0.136,7.912,50.595,323.944,0.584,-2.854,234.731,0
63114,0.136,7.912,50.563,324.206,0.575,-2.901,234.731,0
63115,0.136,7.912,50.563,324.206,0.584,-2.947,235.035,0
63116,0.244,7.950,50.530,324.206,0.575,-2.974,234.731,0
63117,0.244,7.950,50.530,324.206,0.584,-2.998,234.731,0
63118,0.244,7.950,50.563,324.206,0.574,-3.002,234.731,0
63119,0.244,7.950,50.563,324.469,0.584,-2.870,234.731,0
63120,0.244,7.950,50.563,324.469,0.575,-2.762,234.731,0
63121,0.244,7.950,50.563,324.469,0.584,-2.789,234.731,0
63122,0.244,7.950,50.595,324.469,0.575,-2.850,234.731,0
63123,0.244,7.950,50.595,324.731,0.583,-2.897,234.731,0
63124,0.244,7.950,50.628,324.994,0.575,-2.939,234.731,0
63125,0.244,7.950,50.628,324.994,0.583,-2.959,235.035,0
63126,0.352,7.901,50.660,324.994,0.578,-2.986,235.035,0
63127,0.352,7.901,50.693,324.994,0.582,-3.009,234.731,0
63128,0.352,7.901,50.725,324.994,0.578,-2.955,234.731,0
63129,0.352,7.901,50.725,325.256,0.582,-2.812,234.731,0
63130,0.352,7.901,50.758,325.256,0.578,-2.758,234.731,0
63131,0.352,7.901,50.758,325.519,0.582,-2.812,235.035,0
63132,0.352,7.901,50.791,325.519,0.579,-2.866,235.035,0
63133,0.352,7.901,50.791,325.781,0.580,-2.905,234.731,0
63134,0.352,7.901,50.791,325.781,0.580,-2.939,235.035,0
63135,0.352,7.901,50.823,325.781,0.578,-2.963,234.731,0
63136,0.495,7.851,50.823,325.781,0.580,-2.986,235.035,0
63137,0.495,7.851,50.823,325.781,0.577,-3.005,235.035,0
63138,0.495,7.851,50.823,326.044,0.583,-2.994,235.035,0
63139,0.495,7.851,50.823,326.044,0.577,-2.978,235.035,0
63140,0.495,7.851,50.823,326.306,0.586,-2.943,235.340,0
63141,0.495,7.851,50.791,326.306,0.578,-2.947,235.644,0
63142,0.495,7.851,50.791,326.306,0.584,-2.982,235.949,0
63143,0.495,7.851,50.758,326.306,0.578,-3.002,235.644,0
63144,0.495,7.851,50.791,326.306,0.582,-3.002,235.644,0
63145,0.495,7.851,50.725,326.306,0.578,-2.858,235.644,0
63146,0.637,8.104,50.725,326.569,0.583,-2.762,235.340,0
63147,0.637,8.104,50.693,326.306,0.579,-2.792,235.644,0
63148,0.637,8.104,50.693,326.306,0.584,-2.858,235.644,0
63149,0.637,8.104,50.693,326.569,0.578,-2.905,235.340,0
63150,0.637,8.104,50.660,326.832,0.584,-2.951,235.340,0
63151,0.637,8.104,50.628,326.832,0.576,-2.978,235.340,0
63152,0.637,8.104,50.628,326.569,0.584,-3.009,235.340,0
63153,0.637,8.104,50.628,326.569,0.575,-2.947,235.340,0
63154,0.637,8.104,50.595,326.832,0.584,-2.792,235.340,0
63155,0.637,8.104,50.563,326.832,0.575,-2.735,235.035,0
63156,0.489,8.360,50.563,326.832,0.585,-2.800,235.340,0
63157,0.489,8.360,50.563,326.832,0.575,-2.870,235.340,0
63158,0.489,8.360,50.563,326.832,0.584,-2.924,235.340,0
63159,0.489,8.360,50.563,327.094,0.583,-2.955,235.340,0
63160,0.489,8.360,50.563,327.094,0.578,-2.986,235.340,0
63161,0.489,8.360,50.563,327.094,0.582,-2.998,235.340,0
63162,0.489,8.360,50.563,326.832,0.580,-2.982,235.340,0
63163,0.489,8.360,50.563,326.832,0.580,-2.928,235.340,0
63164,0.489,8.360,50.595,327.094,0.582,-2.959,235.340,0
63165,0.489,8.360,50.595,327.094,0.579,-2.990,235.340,0
63166,0.342,8.141,50.628,326.832,0.583,-3.009,235.340,0
63167,0.342,8.141,50.660,326.832,0.578,-2.916,235.644,0
63168,0.342,8.141,50.660,326.832,0.583,-2.746,235.644,0
63169,0.342,8.141,50.693,326.832,0.578,-2.773,235.340,0
63170,0.342,8.141,50.725,326.832,0.584,-2.839,235.644,0
63171,0.342,8.141,50.725,326.569,0.576,-2.893,235.340,0
63172,0.342,8.141,50.758,326.569,0.584,-2.939,235.340,0
63173,0.342,8.141,50.758,326.569,0.578,-2.967,235.644,0
63174,0.342,8.141,50.791,326.569,0.585,-2.990,235.340,0
63175,0.342,8.141,50.791,326.569,0.578,-3.002,235.644,0
63176,0.191,7.922,50.791,326.306,0.584,-2.982,235.644,0
63177,0.191,7.922,50.823,326.306,0.579,-2.924,235.644,0
63178,0.191,7.922,50.823,326.306,0.583,-2.943,235.644,0
63179,0.191,7.922,50.823,326.306,0.578,-2.967,235.340,0
63180,0.191,7.922,50.823,326.306,0.583,-2.994,235.340,0
63181,0.191,7.922,50.823,326.044,0.579,-3.005,235.644,0
63182,0.191,7.922,50.823,326.044,0.582,-2.862,235.644,0
63183,0.191,7.922,50.791,325.781,0.580,-2.704,235.644,0
63184,0.191,7.922,50.758,325.781,0.582,-2.742,235.340,0
63185,0.191,7.922,50.758,325.781,0.579,-2.812,235.340,0
63186,0.039,7.940,50.758,325.781,0.580,-2.862,235.340,0
63187,0.039,7.940,50.758,325.519,0.579,-2.901,235.644,0
63188,0.039,7.940,50.725,325.519,0.579,-2.932,235.340,0
63189,0.039,7.940,50.693,325.256,0.579,-2.959,235.340,0
63190,0.039,7.940,50.693,325.256,0.579,-2.978,235.340,0
63191,0.039,7.940,50.660,324.994,0.580,-2.998,235.340,0
63192,0.039,7.940,50.660,324.994,0.579,-2.998,235.035,0
63193,0.039,7.940,50.628,324.994,0.580,-2.982,235.340,0
63194,0.039,7.940,50.595,324.731,0.579,-2.982,235.035,0
63195,0.039,7.940,50.595,324.731,0.581,-3.005,235.340,0
63196,0.200,7.956,50.628,324.469,0.579,-2.994,235.340,0
63197,0.200,7.956,50.595,324.469,0.582,-2.936,235.340,0
63198,0.200,7.956,50.563,324.206,0.580,-2.939,235.644,0
63199,0.200,7.956,50.563,324.206,0.582,-2.971,235.340,0
63200,0.200,7.956,50.563,323.944,0.579,-3.005,235.340,0
63201,0.200,7.956,50.595,323.681,0.582,-2.998,235.340,0
63202,0.200,7.956,50.563,323.681,0.580,-2.943,235.035,0
63203,0.200,7.956,50.563,323.419,0.579,-2.885,235.035,0
63204,0.200,7.956,50.563,323.419,0.585,-2.928,234.731,0
63205,0.200,7.956,50.595,323.419,0.576,-2.959,234.731,0
63206,0.361,7.919,50.595,323.156,0.585,-2.998,235.035,0
63207,0.361,7.919,50.628,322.894,0.575,-3.009,234.731,0
63208,0.361,7.919,50.628,322.894,0.586,-2.885,235.035,0
63209,0.361,7.919,50.660,322.631,0.575,-2.712,235.035,0
63210,0.361,7.919,50.693,322.631,0.585,-2.738,235.035,0
63211,0.361,7.919,50.693,322.631,0.574,-2.819,234.731,0
63212,0.361,7.919,50.693,322.369,0.584,-2.874,235.035,0
63213,0.361,7.919,50.725,322.369,0.578,-2.928,235.035,0
63214,0.361,7.919,50.758,322.369,0.583,-2.971,235.035,0
63215,0.361,7.919,50.758,322.369,0.578,-2.998,235.035,0
63216,0.299,7.884,50.791,322.106,0.581,-2.990,235.035,0
63217,0.299,7.884,50.791,322.106,0.581,-2.905,235.035,0
63218,0.299,7.884,50.791,322.106,0.579,-2.843,235.035,0
63219,0.299,7.884,50.791,322.106,0.582,-2.889,234.731,0
63220,0.299,7.884,50.791,322.106,0.576,-2.932,235.035,0
63221,0.299,7.884,50.823,322.106,0.584,-2.974,235.035,0
63222,0.299,7.884,50.791,322.106,0.576,-3.002,235.035,0
63223,0.299,7.884,50.823,321.844,0.586,-2.994,234.731,0
63224,0.299,7.884,50.791,322.106,0.575,-2.858,235.035,0
63225,0.299,7.884,50.758,322.106,0.584,-2.754,235.035,0
63226,0.235,8.122,50.758,322.106,0.575,-2.796,235.035,0
63227,0.235,8.122,50.758,322.106,0.584,-2.862,235.035,0
63228,0.235,8.122,50.758,322.106,0.574,-2.908,235.035,0
63229,0.235,8.122,50.725,321.844,0.582,-2.947,234.731,0
63230,0.235,8.122,50.693,321.844,0.575,-2.974,235.035,0
63231,0.235,8.122,50.693,322.106,0.583,-2.998,234.731,0
63232,0.235,8.122,50.693,321.844,0.574,-3.002,234.731,0
63233,0.235,8.122,50.660,321.844,0.583,-2.990,234.731,0
63234,0.235,8.122,50.628,322.106,0.575,-2.986,234.731,0
63235,0.235,8.122,50.628,322.369,0.582,-2.998,234.426,0
63236,0.228,8.360,50.628,322.106,0.574,-3.002,234.731,0
63237,0.228,8.360,50.595,322.106,0.582,-2.932,234.731,0
63238,0.228,8.360,50.595,322.106,0.578,-2.862,234.731,0
63239,0.228,8.360,50.563,322.106,0.582,-2.885,235.035,0
63240,0.228,8.360,50.563,322.369,0.579,-2.928,234.731,0
63241,0.228,8.360,50.563,322.369,0.582,-2.963,234.426,0
63242,0.228,8.360,50.563,322.369,0.579,-2.990,234.426,0
63243,0.228,8.360,50.563,322.369,0.578,-2.998,234.426,0
63244,0.228,8.360,50.595,322.369,0.583,-2.994,234.731,0
63245,0.228,8.360,50.595,322.631,0.578,-2.971,234.731,0
63246,0.218,8.218,50.595,322.631,0.582,-2.974,234.731,0
63247,0.218,8.218,50.595,322.631,0.576,-2.998,234.731,0
63248,0.218,8.218,50.628,322.631,0.584,-3.002,234.731,0
63249,0.218,8.218,50.628,322.369,0.573,-2.947,234.731,0
63250,0.218,8.218,50.660,322.631,0.584,-2.835,234.731,0
63251,0.218,8.218,50.660,322.631,0.574,-2.854,234.731,0
63252,0.218,8.218,50.693,322.631,0.585,-2.905,235.035,0
63253,0.218,8.218,50.725,322.894,0.573,-2.947,235.035,0
63254,0.218,8.218,50.725,322.894,0.584,-2.978,234.731,0
63255,0.218,8.218,50.758,322.894,0.575,-3.002,234.731,0
63256,0.328,8.074,50.791,322.894,0.585,-2.951,235.035,0
63257,0.328,8.074,50.791,322.894,0.578,-2.835,235.035,0
63258,0.328,8.074,50.791,322.894,0.585,-2.819,235.035,0
63259,0.328,8.074,50.823,323.156,0.578,-2.877,235.035,0
63260,0.328,8.074,50.823,323.156,0.583,-2.924,235.340,0
63261,0.328,8.074,50.823,323.156,0.581,-2.971,235.035,0
63262,0.328,8.074,50.823,323.156,0.583,-3.002,235.035,0
63263,0.328,8.074,50.856,323.156,0.581,-2.971,235.035,0
63264,0.328,8.074,50.823,323.419,0.582,-2.920,235.035,0
63265,0.328,8.074,50.791,323.419,0.584,-2.831,235.035,0
63266,0.436,8.153,50.791,323.419,0.579,-2.870,235.340,0
63267,0.436,8.153,50.791,323.681,0.584,-2.924,235.340,0
63268,0.436,8.153,50.791,323.681,0.576,-2.967,235.340,0
63269,0.436,8.153,50.758,323.681,0.585,-3.002,235.340,0
63270,0.436,8.153,50.758,323.419,0.576,-3.005,235.035,0
63271,0.436,8.153,50.725,323.944,0.584,-2.877,235.035,0
63272,0.436,8.153,50.693,323.944,0.575,-2.731,235.035,0
63273,0.436,8.153,50.693,323.944,0.586,-2.765,235.035,0
63274,0.436,8.153,50.660,324.206,0.574,-2.843,235.035,0
63275,0.436,8.153,50.628,324.469,0.584,-2.897,235.035,0
63276,0.282,8.235,50.628,324.469,0.577,-2.947,234.731,0
63277,0.282,8.235,50.628,324.469,0.584,-2.974,235.035,0
63278,0.282,8.235,50.595,324.731,0.578,-3.005,235.035,0
63279,0.282,8.235,50.595,324.469,0.582,-2.986,234.731,0
63280,0.282,8.235,50.563,324.994,0.580,-2.897,235.035,0
63281,0.282,8.235,50.563,324.994,0.582,-2.877,235.035,0
63282,0.282,8.235,50.563,324.994,0.580,-2.916,234.731,0
63283,0.282,8.235,50.563,325.256,0.579,-2.955,234.731,0
63284,0.282,8.235,50.530,325.256,0.583,-2.990,235.035,0
63285,0.282,8.235,50.563,325.256,0.578,-3.002,235.035,0
63286,0.130,8.168,50.563,325.519,0.584,-2.924,234.731,0
63287,0.130,8.168,50.563,325.519,0.576,-2.843,235.035,0
63288,0.130,8.168,50.563,325.781,0.582,-2.866,235.035,0
63289,0.130,8.168,50.595,325.519,0.576,-2.912,234.731,0
63290,0.130,8.168,50.628,325.519,0.587,-2.959,235.035,0
63291,0.130,8.168,50.628,325.519,0.582,-2.982,235.035,0
63292,0.130,8.168,50.660,325.781,0.578,-2.998,235.035,0
63293,0.130,8.168,50.693,325.781,0.581,-2.998,234.731,0
63294,0.130,8.168,50.693,326.044,0.584,-2.885,234.731,0
63295,0.130,8.168,50.725,326.306,0.575,-2.808,235.340,0
63296,0.167,8.100,50.725,326.306,0.586,-2.850,235.644,0
63297,0.167,8.100,50.758,326.569,0.578,-2.901,235.644,0
63298,0.167,8.100,50.758,326.569,0.588,-2.936,235.644,0
63299,0.167,8.100,50.791,326.569,0.577,-2.971,235.644,0
63300,0.167,8.100,50.791,326.832,0.587,-2.990,235.644,0
63301,0.167,8.100,50.791,326.832,0.583,-3.002,235.644,0
63302,0.167,8.100,50.823,326.832,0.580,-2.990,235.644,0
63303,0.167,8.100,50.823,326.832,0.584,-2.978,235.644,0
63304,0.167,8.100,50.823,326.832,0.581,-2.967,235.644,0
63305,0.167,8.100,50.823,327.094,0.586,-2.982,235.644,0
63306,0.205,7.999,50.823,327.094,0.580,-3.005,235.644,0
63307,0.205,7.999,50.823,326.832,0.583,-2.963,235.644,0
63308,0.205,7.999,50.791,327.094,0.578,-2.908,235.644,0
63309,0.205,7.999,50.791,327.094,0.585,-2.924,235.644,0
63310,0.205,7.999,50.758,326.832,0.578,-2.963,235.340,0
63311,0.205,7.999,50.758,326.832,0.585,-2.994,235.644,0
63312,0.205,7.999,50.758,326.832,0.577,-3.002,235.340,0
63313,0.205,7.999,50.725,326.832,0.583,-2.916,235.340,0
63314,0.205,7.999,50.725,326.832,0.577,-2.831,235.340,0
63315,0.205,7.999,50.693,327.094,0.583,-2.854,235.340,0
63316,0.139,7.897,50.693,327.094,0.579,-2.908,235.340,0
63317,0.139,7.897,50.660,327.094,0.584,-2.951,235.340,0
63318,0.139,7.897,50.628,326.832,0.579,-2.986,235.340,0
63319,0.139,7.897,50.628,326.832,0.581,-3.002,235.340,0
63320,0.139,7.897,50.628,326.569,0.580,-2.998,235.340,0
63321,0.139,7.897,50.595,326.832,0.582,-2.920,235.644,0
63322,0.139,7.897,50.563,326.832,0.582,-2.827,235.340,0
63323,0.139,7.897,50.563,326.569,0.581,-2.862,235.644,0
63324,0.139,7.897,50.563,326.569,0.583,-2.916,235.340,0
63325,0.139,7.897,50.530,326.569,0.579,-2.971,235.340,0
63326,0.075,7.899,50.563,326.569,0.584,-3.002,235.340,0
63327,0.075,7.899,50.563,326.306,0.577,-2.994,235.340,0
63328,0.075,7.899,50.563,326.569,0.584,-2.885,235.340,0
63329,0.075,7.899,50.563,326.306,0.578,-2.816,235.340,0
63330,0.075,7.899,50.563,326.306,0.585,-2.858,235.644,0
63331,0.075,7.899,50.595,326.306,0.578,-2.912,235.340,0
63332,0.075,7.899,50.595,326.044,0.585,-2.963,235.340,0
63333,0.075,7.899,50.628,326.044,0.578,-2.994,235.644,0
63334,0.075,7.899,50.660,325.781,0.586,-2.998,235.340,0
63335,0.075,7.899,50.660,326.044,0.576,-2.947,235.340,0
63336,0.260,7.896,50.693,326.044,0.586,-2.905,235.644,0
63337,0.260,7.896,50.725,326.044,0.578,-2.939,235.340,0
63338,0.260,7.896,50.725,325.781,0.586,-2.978,235.340,0
63339,0.260,7.896,50.758,325.519,0.578,-3.005,235.644,0
63340,0.260,7.896,50.791,325.519,0.586,-2.947,235.644,0
63341,0.260,7.896,50.791,325.519,0.579,-2.789,235.949,0
63342,0.260,7.896,50.791,325.519,0.585,-2.738,235.644,0
63343,0.260,7.896,50.791,325.256,0.577,-2.800,235.340,0
63344,0.260,7.896,50.823,325.256,0.584,-2.858,235.644,0
63345,0.260,7.896,50.823,324.994,0.578,-2.908,235.644,0
63346,0.444,8.068,50.823,324.994,0.585,-2.943,235.644,0
63347,0.444,8.068,50.823,324.994,0.579,-2.971,235.644,0
63348,0.444,8.068,50.791,324.731,0.583,-2.990,235.340,0
63349,0.444,8.068,50.791,324.731,0.578,-3.002,235.340,0
63350,0.444,8.068,50.791,324.469,0.583,-2.994,235.644,0
63351,0.444,8.068,50.758,324.469,0.580,-2.932,235.644,0
63352,0.444,8.068,50.758,324.206,0.582,-2.936,235.644,0
63353,0.444,8.068,50.725,324.206,0.580,-2.963,235.644,0
63354,0.444,8.068,50.725,324.206,0.581,-2.994,235.644,0
63355,0.444,8.068,50.725,323.944,0.580,-3.005,235.340,0
63356,0.428,8.243,50.693,323.944,0.582,-2.990,235.340,0
63357,0.428,8.243,50.693,323.944,0.582,-2.947,235.340,0
63358,0.428,8.243,50.660,323.944,0.582,-2.893,235.340,0
63359,0.428,8.243,50.628,323.681,0.580,-2.924,234.731,0
63360,0.428,8.243,50.628,323.419,0.580,-2.963,234.731,0
63361,0.428,8.243,50.628,323.419,0.579,-2.990,235.035,0
63362,0.428,8.243,50.628,323.419,0.583,-3.002,234.731,0
63363,0.428,8.243,50.595,323.156,0.576,-2.998,235.035,0
63364,0.428,8.243,50.563,322.894,0.584,-2.974,235.035,0
63365,0.428,8.243,50.595,322.894,0.575,-2.974,234.731,0
63366,0.413,8.316,50.563,322.631,0.585,-3.002,235.035,0
63367,0.413,8.316,50.595,322.369,0.575,-2.994,235.035,0
63368,0.413,8.316,50.563,322.369,0.586,-2.858,235.035,0
63369,0.413,8.316,50.563,322.369,0.576,-2.754,234.731,0
63370,0.413,8.316,50.595,322.106,0.584,-2.808,235.035,0
63371,0.413,8.316,50.595,321.844,0.579,-2.870,235.035,0
63372,0.413,8.316,50.595,321.844,0.584,-2.920,235.035,0
63373,0.413,8.316,50.628,321.844,0.579,-2.955,235.035,0
63374,0.413,8.316,50.628,321.581,0.580,-2.990,235.035,0
63375,0.413,8.316,50.660,321.844,0.584,-3.002,235.035,0
63376,0.658,8.387,50.693,321.581,0.580,-2.932,235.340,0
63377,0.658,8.387,50.693,321.844,0.585,-2.781,235.035,0
63378,0.658,8.387,50.693,321.581,0.578,-2.792,235.035,0
63379,0.658,8.387,50.725,321.581,0.587,-2.847,235.035,0
63380,0.658,8.387,50.758,321.319,0.578,-2.901,235.340,0
63381,0.658,8.387,50.758,321.581,0.586,-2.947,235.340,0
63382,0.658,8.387,50.758,321.581,0.577,-2.990,235.035,0
63383,0.658,8.387,50.791,321.319,0.585,-3.002,235.035,0
63384,0.658,8.387,50.791,321.319,0.575,-2.963,235.035,0
63385,0.658,8.387,50.791,321.581,0.584,-2.835,235.035,0
63386,0.902,8.396,50.791,321.581,0.575,-2.847,235.035,0
63387,0.902,8.396,50.791,321.581,0.584,-2.889,235.035,0
63388,0.902,8.396,50.791,321.581,0.577,-2.943,235.035,0
63389,0.902,8.396,50.791,321.844,0.582,-2.974,235.035,0
63390,0.902,8.396,50.791,321.581,0.579,-3.002,235.035,0
63391,0.902,8.396,50.791,321.581,0.583,-3.005,235.035,0
63392,0.902,8.396,50.758,321.581,0.578,-2.971,235.035,0
63393,0.902,8.396,50.758,321.844,0.580,-2.982,235.035,0
63394,0.902,8.396,50.725,321.844,0.580,-2.998,234.731,0
63395,0.902,8.396,50.758,321.581,0.580,-2.971,234.731,0
63396,0.463,8.410,50.693,321.844,0.580,-2.897,235.035,0
63397,0.463,8.410,50.693,322.106,0.580,-2.808,235.035,0
63398,0.463,8.410,50.660,322.106,0.580,-2.847,234.731,0
63399,0.463,8.410,50.660,321.844,0.578,-2.901,234.731,0
63400,0.463,8.410,50.628,322.106,0.583,-2.947,235.035,0
63401,0.463,8.410,50.628,322.106,0.577,-2.978,235.035,0
63402,0.463,8.410,50.595,322.106,0.582,-3.002,234.731,0
63403,0.463,8.410,50.628,322.106,0.574,-2.971,234.731,0
63404,0.463,8.410,50.595,322.106,0.584,-2.881,235.035,0
63405,0.463,8.410,50.563,322.106,0.575,-2.792,234.731,0
63406,0.025,8.604,50.563,322.369,0.586,-2.831,234.731,0
63407,0.025,8.604,50.563,322.369,0.576,-2.881,234.731,0
63408,0.025,8.604,50.563,322.631,0.584,-2.924,235.035,0
63409,0.025,8.604,50.563,322.631,0.575,-2.959,235.035,0
63410,0.025,8.604,50.563,322.631,0.585,-2.986,235.035,0
63411,0.025,8.604,50.563,322.631,0.575,-3.002,235.035,0
63412,0.025,8.604,50.595,322.631,0.583,-2.967,234.731,0
63413,0.025,8.604,50.595,322.894,0.576,-2.912,234.731,0
63414,0.025,8.604,50.628,322.631,0.584,-2.862,235.035,0
63415,0.025,8.604,50.628,322.894,0.578,-2.901,235.035,0
63416,0.136,8.791,50.660,323.156,0.584,-2.932,235.035,0
63417,0.136,8.791,50.660,323.156,0.578,-2.967,235.035,0
63418,0.136,8.791,50.693,323.156,0.582,-2.998,235.035,0
63419,0.136,8.791,50.725,322.894,0.580,-3.002,234.731,0
63420,0.136,8.791,50.725,323.156,0.579,-2.901,235.035,0
63421,0.136,8.791,50.758,323.156,0.583,-2.808,235.035,0
63422,0.136,8.791,50.758,323.419,0.578,-2.847,235.340,0
63423,0.136,8.791,50.791,323.419,0.584,-2.897,235.340,0
63424,0.136,8.791,50.791,323.419,0.576,-2.939,235.035,0
63425,0.136,8.791,50.791,323.419,0.584,-2.974,235.035,0
63426,0.247,8.603,50.823,323.419,0.576,-3.002,235.035,0
63427,0.247,8.603,50.856,323.419,0.585,-2.998,235.035,0
63428,0.247,8.603,50.823,323.419,0.575,-2.854,235.035,0
63429,0.247,8.603,50.823,323.681,0.580,-2.773,235.035,0
63430,0.247,8.603,50.791,323.681,0.577,-2.812,235.035,0
63431,0.247,8.603,50.791,323.681,0.582,-2.866,234.731,0
63432,0.247,8.603,50.791,323.681,0.576,-2.920,235.035,0
63433,0.247,8.603,50.791,323.944,0.583,-2.959,235.035,0
63434,0.247,8.603,50.758,323.944,0.575,-2.982,235.035,0
63435,0.247,8.603,50.758,323.944,0.583,-3.002,235.035,0
63436,0.371,8.416,50.758,324.206,0.576,-2.994,234.731,0
63437,0.371,8.416,50.693,324.206,0.582,-2.959,234.731,0
63438,0.371,8.416,50.693,324.469,0.579,-2.936,234.731,0
63439,0.371,8.416,50.693,324.469,0.580,-2.971,234.731,0
63440,0.371,8.416,50.660,324.469,0.582,-3.002,234.731,0
63441,0.371,8.416,50.660,324.469,0.584,-2.990,234.731,0
63442,0.371,8.416,50.628,324.994,0.575,-2.858,234.731,0
63443,0.371,8.416,50.628,324.994,0.582,-2.808,234.731,0
63444,0.371,8.416,50.595,324.994,0.575,-2.854,234.731,0
63445,0.371,8.416,50.595,324.994,0.584,-2.912,235.035,0
63446,0.494,8.293,50.563,325.256,0.576,-2.955,235.035,0
63447,0.494,8.293,50.563,325.519,0.583,-2.986,235.035,0
63448,0.494,8.293,50.563,325.256,0.577,-3.002,235.035,0
63449,0.494,8.293,50.563,325.256,0.582,-2.963,235.035,0
63450,0.494,8.293,50.563,325.519,0.578,-2.816,234.731,0
63451,0.494,8.293,50.563,325.519,0.582,-2.823,234.731,0
63452,0.494,8.293,50.563,325.781,0.580,-2.870,234.731,0
63453,0.494,8.293,50.563,325.781,0.579,-2.916,234.731,0
63454,0.494,8.293,50.563,325.781,0.580,-2.955,234.731,0
63455,0.494,8.293,50.595,325.781,0.579,-2.978,235.035,0
63456,0.401,8.172,50.628,326.044,0.584,-2.994,234.426,0
63457,0.401,8.172,50.628,326.306,0.577,-3.002,235.035,0
63458,0.401,8.172,50.660,326.306,0.585,-2.990,235.949,0
63459,0.401,8.172,50.660,326.569,0.578,-2.998,235.644,0
63460,0.401,8.172,50.693,326.306,0.584,-2.963,235.644,0
63461,0.401,8.172,50.693,326.569,0.578,-2.889,235.644,0
63462,0.401,8.172,50.725,326.832,0.583,-2.839,235.949,0
63463,0.401,8.172,50.758,326.832,0.580,-2.877,235.949,0
63464,0.401,8.172,50.758,326.832,0.583,-2.928,235.949,0
63465,0.401,8.172,50.758,326.832,0.580,-2.963,235.644,0
63466,0.308,8.118,50.791,326.832,0.584,-2.986,235.644,0
63467,0.308,8.118,50.823,327.094,0.579,-3.002,235.644,0
63468,0.308,8.118,50.823,327.094,0.583,-2.986,235.644,0
63469,0.308,8.118,50.823,327.357,0.580,-2.905,235.644,0
63470,0.308,8.118,50.823,327.357,0.583,-2.897,235.949,0
63471,0.308,8.118,50.823,327.094,0.582,-2.932,235.949,0
63472,0.308,8.118,50.823,327.357,0.583,-2.971,235.644,0
63473,0.308,8.118,50.791,327.094,0.580,-2.994,235.949,0
63474,0.308,8.118,50.823,327.094,0.583,-3.002,235.644,0
63475,0.308,8.118,50.791,327.094,0.579,-2.893,235.949,0
63476,0.270,8.062,50.758,327.357,0.583,-2.789,235.949,0
63477,0.270,8.062,50.758,327.357,0.582,-2.816,235.644,0
63478,0.270,8.062,50.725,327.357,0.585,-2.877,235.644,0
63479,0.270,8.062,50.725,327.094,0.580,-2.920,235.644,0
63480,0.270,8.062,50.693,327.094,0.585,-2.959,235.644,0
63481,0.270,8.062,50.693,327.094,0.579,-2.990,235.340,0
63482,0.270,8.062,50.693,327.094,0.585,-2.998,235.340,0
63483,0.270,8.062,50.660,327.094,0.576,-2.998,235.340,0
63484,0.270,8.062,50.628,326.832,0.584,-2.912,235.340,0
63485,0.270,8.062,50.628,326.832,0.576,-2.885,235.340,0
63486,0.232,8.191,50.595,326.832,0.586,-2.920,235.644,0
63487,0.232,8.191,50.595,326.832,0.576,-2.955,235.644,0
63488,0.232,8.191,50.563,326.569,0.584,-2.990,235.340,0
63489,0.232,8.191,50.595,326.569,0.575,-2.998,235.340,0
63490,0.232,8.191,50.563,326.569,0.585,-2.870,235.340,0
63491,0.232,8.191,50.530,326.306,0.576,-2.785,235.340,0
63492,0.232,8.191,50.563,326.306,0.585,-2.827,235.340,0
63493,0.232,8.191,50.563,326.306,0.576,-2.889,235.340,0
63494,0.232,8.191,50.563,326.306,0.584,-2.936,235.035,0
63495,0.232,8.191,50.563,326.044,0.574,-2.978,235.340,0
63496,0.272,8.321,50.595,326.044,0.584,-2.998,235.340,0
63497,0.272,8.321,50.595,326.044,0.575,-3.009,235.340,0
63498,0.272,8.321,50.628,325.781,0.584,-2.916,235.340,0
63499,0.272,8.321,50.628,326.044,0.576,-2.835,235.340,0
63500,0.272,8.321,50.660,325.781,0.588,-2.854,235.644,0
63501,0.272,8.321,50.660,325.781,0.577,-2.897,235.340,0
63502,0.272,8.321,50.693,325.781,0.586,-2.951,235.340,0
63503,0.272,8.321,50.725,325.781,0.576,-2.986,235.644,0
63504,0.272,8.321,50.758,325.519,0.587,-3.002,235.949,0
63505,0.272,8.321,50.791,325.256,0.577,-2.974,235.949,0
63506,0.311,8.004,50.791,325.256,0.585,-2.777,235.644,0
63507,0.311,8.004,50.823,325.256,0.577,-2.731,235.644,0
63508,0.311,8.004,50.791,325.256,0.583,-2.800,235.644,0
63509,0.311,8.004,50.823,324.994,0.575,-2.854,235.644,0
63510,0.311,8.004,50.856,324.994,0.586,-2.893,235.644,0
63511,0.311,8.004,50.823,324.731,0.576,-2.943,235.644,0
63512,0.311,8.004,50.856,324.469,0.585,-2.963,235.644,0
63513,0.311,8.004,50.823,324.469,0.577,-2.990,235.644,0
63514,0.311,8.004,50.856,324.206,0.583,-3.005,235.644,0
63515,0.311,8.004,50.823,324.206,0.575,-2.874,235.644,0
63516,0.186,7.691,50.823,324.206,0.584,-2.719,235.644,0
63517,0.186,7.691,50.791,324.206,0.576,-2.758,235.644,0
63518,0.186,7.691,50.791,324.206,0.583,-2.827,235.949,0
63519,0.186,7.691,50.758,323.944,0.578,-2.866,235.644,0
63520,0.186,7.691,50.758,323.944,0.584,-2.912,235.644,0
63521,0.186,7.691,50.758,323.681,0.578,-2.951,235.340,0
63522,0.186,7.691,50.725,323.681,0.583,-2.967,235.035,0
63523,0.186,7.691,50.725,323.681,0.576,-2.990,235.035,0
63524,0.186,7.691,50.693,323.419,0.583,-2.998,234.731,0
63525,0.186,7.691,50.693,323.419,0.574,-2.947,235.035,0
63526,0.062,7.722,50.660,323.156,0.583,-2.874,234.731,0
63527,0.062,7.722,50.628,323.156,0.574,-2.893,235.035,0
63528,0.062,7.722,50.628,322.894,0.582,-2.928,235.035,0
63529,0.062,7.722,50.595,322.894,0.574,-2.959,235.035,0
63530,0.062,7.722,50.595,322.631,0.583,-2.994,235.340,0
63531,0.062,7.722,50.595,322.631,0.574,-2.998,234.731,0
63532,0.062,7.722,50.595,322.369,0.580,-3.005,234.731,0
63533,0.062,7.722,50.563,322.106,0.577,-2.955,234.731,0
63534,0.062,7.722,50.563,322.106,0.577,-2.916,234.731,0
63535,0.062,7.722,50.563,322.106,0.580,-2.932,234.731,0
63536,0.104,7.751,50.563,322.106,0.574,-2.963,234.731,0
63537,0.104,7.751,50.563,322.106,0.582,-2.990,234.731,0
63538,0.104,7.751,50.595,322.106,0.572,-3.009,234.731,0
63539,0.104,7.751,50.595,321.844,0.582,-2.870,234.731,0
63540,0.104,7.751,50.595,321.844,0.574,-2.727,234.731,0
63541,0.104,7.751,50.595,321.581,0.582,-2.735,234.731,0
63542,0.104,7.751,50.628,321.581,0.571,-2.816,234.731,0
63543,0.104,7.751,50.628,321.844,0.582,-2.870,234.731,0
63544,0.104,7.751,50.660,321.581,0.574,-2.924,235.035,0
63545,0.104,7.751,50.693,321.581,0.583,-2.951,235.035,0
63546,0.145,7.932,50.693,321.581,0.575,-2.982,234.731,0
63547,0.145,7.932,50.725,321.581,0.577,-3.002,235.035,0
63548,0.145,7.932,50.758,321.319,0.576,-2.994,235.035,0
63549,0.145,7.932,50.758,321.581,0.579,-2.959,235.035,0
63550,0.145,7.932,50.791,321.581,0.576,-2.971,235.035,0
63551,0.145,7.932,50.791,321.581,0.579,-3.005,235.035,0
63552,0.145,7.932,50.823,321.319,0.578,-2.990,234.731,0
63553,0.145,7.932,50.823,321.581,0.575,-2.831,234.731,0
63554,0.145,7.932,50.823,321.581,0.578,-2.754,235.035,0
63555,0.145,7.932,50.823,321.581,0.576,-2.812,235.035,0
63556,0.211,8.113,50.823,321.581,0.579,-2.870,235.035,0
63557,0.211,8.113,50.823,321.844,0.576,-2.920,234.731,0
63558,0.211,8.113,50.823,322.106,0.581,-2.959,235.035,0
63559,0.211,8.113,50.791,322.106,0.576,-2.990,235.035,0
63560,0.211,8.113,50.791,322.106,0.580,-2.998,235.035,0
63561,0.211,8.113,50.791,322.106,0.574,-3.002,235.035,0
63562,0.211,8.113,50.791,322.106,0.583,-2.990,235.035,0
63563,0.211,8.113,50.758,322.106,0.575,-2.974,235.035,0
63564,0.211,8.113,50.725,322.369,0.584,-2.967,235.035,0
63565,0.211,8.113,50.725,322.106,0.574,-2.990,235.340,0
63566,0.275,7.982,50.725,322.106,0.583,-3.002,235.035,0
63567,0.275,7.982,50.693,322.106,0.572,-2.959,234.731,0
63568,0.275,7.982,50.660,322.369,0.576,-2.835,234.731,0
63569,0.275,7.982,50.628,322.369,0.578,-2.831,234.731,0
63570,0.275,7.982,50.628,322.631,0.578,-2.881,234.731,0
63571,0.275,7.982,50.595,322.631,0.577,-2.920,234.731,0
63572,0.275,7.982,50.595,322.631,0.577,-2.959,234.731,0
63573,0.275,7.982,50.563,322.631,0.576,-2.982,234.731,0
63574,0.275,7.982,50.595,322.631,0.580,-2.998,234.731,0
63575,0.275,7.982,50.563,322.894,0.574,-2.998,234.731,0
63576,0.336,7.851,50.563,322.894,0.580,-2.982,234.426,0
63577,0.336,7.851,50.563,323.156,0.576,-2.998,234.426,0
63578,0.336,7.851,50.595,323.156,0.580,-3.002,234.731,0
63579,0.336,7.851,50.595,323.156,0.576,-2.874,234.731,0
63580,0.336,7.851,50.595,323.156,0.580,-2.765,234.731,0
63581,0.336,7.851,50.595,323.419,0.572,-2.789,234.731,0
63582,0.336,7.851,50.595,323.419,0.583,-2.843,234.731,0
63583,0.336,7.851,50.628,323.419,0.574,-2.889,235.035,0
63584,0.336,7.851,50.628,323.681,0.582,-2.932,234.731,0
63585,0.336,7.851,50.660,323.681,0.575,-2.963,234.731,0
63586,0.396,7.854,50.660,323.681,0.583,-2.990,234.731,0
63587,0.396,7.854,50.693,323.681,0.578,-3.002,234.731,0
63588,0.396,7.854,50.725,323.681,0.580,-2.990,234.731,0
63589,0.396,7.854,50.725,323.681,0.579,-2.905,235.035,0
63590,0.396,7.854,50.758,323.944,0.579,-2.866,234.731,0
63591,0.396,7.854,50.758,323.944,0.580,-2.908,234.731,0
63592,0.396,7.854,50.791,323.944,0.577,-2.947,235.035,0
63593,0.396,7.854,50.791,323.944,0.583,-2.986,235.035,0
63594,0.396,7.854,50.823,323.944,0.575,-3.002,235.035,0
63595,0.396,7.854,50.823,323.944,0.584,-2.959,235.035,0
63596,0.326,7.860,50.823,324.206,0.575,-2.831,235.035,0
63597,0.326,7.860,50.791,324.206,0.584,-2.789,234.731,0
63598,0.326,7.860,50.791,324.469,0.575,-2.843,234.731,0
63599,0.326,7.860,50.791,324.469,0.585,-2.893,235.035,0
63600,0.326,7.860,50.791,324.469,0.575,-2.939,234.731,0
63601,0.326,7.860,50.791,324.469,0.584,-2.974,235.035,0
63602,0.326,7.860,50.791,324.469,0.573,-3.002,235.035,0
63603,0.326,7.860,50.791,324.731,0.584,-2.994,235.035,0
63604,0.326,7.860,50.758,324.731,0.575,-2.943,234.731,0
63605,0.326,7.860,50.725,324.994,0.584,-2.908,235.035,0
63606,0.256,8.166,50.725,324.994,0.575,-2.943,235.035,0
63607,0.256,8.166,50.693,324.994,0.582,-2.982,235.035,0
63608,0.256,8.166,50.693,324.994,0.573,-3.013,235.035,0
63609,0.256,8.166,50.693,325.256,0.584,-2.963,234.731,0
63610,0.256,8.166,50.660,325.519,0.575,-2.777,234.731,0
63611,0.256,8.166,50.628,325.519,0.583,-2.727,235.035,0
63612,0.256,8.166,50.628,325.519,0.575,-2.800,234.731,0
63613,0.256,8.166,50.595,325.519,0.585,-2.862,234.731,0
63614,0.256,8.166,50.595,325.781,0.576,-2.912,234.731,0
63615,0.256,8.166,50.563,325.781,0.584,-2.951,234.731,0
63616,0.246,8.472,50.563,326.044,0.578,-2.982,234.731,0
63617,0.246,8.472,50.563,326.044,0.582,-2.998,235.035,0
63618,0.246,8.472,50.563,326.306,0.579,-2.998,235.035,0
63619,0.246,8.472,50.563,326.306,0.585,-2.959,235.644,0
63620,0.246,8.472,50.563,326.569,0.579,-2.936,235.644,0
63621,0.246,8.472,50.563,326.569,0.584,-2.955,235.644,0
63622,0.246,8.472,50.563,326.569,0.580,-2.994,235.644,0
63623,0.246,8.472,50.628,326.569,0.584,-2.994,235.644,0
63624,0.246,8.472,50.628,326.832,0.580,-2.928,235.644,0
63625,0.246,8.472,50.628,326.832,0.584,-2.870,235.644,0
63626,0.237,8.263,50.628,326.832,0.579,-2.908,235.340,0
63627,0.237,8.263,50.660,326.832,0.584,-2.943,235.644,0
63628,0.237,8.263,50.693,326.832,0.579,-2.971,235.644,0
63629,0.237,8.263,50.693,327.094,0.583,-3.002,235.644,0
63630,0.237,8.263,50.725,327.094,0.578,-3.002,235.644,0
63631,0.237,8.263,50.758,327.094,0.586,-2.874,235.644,0
63632,0.237,8.263,50.758,327.357,0.578,-2.769,235.644,0
63633,0.237,8.263,50.758,327.094,0.584,-2.812,235.644,0
63634,0.237,8.263,50.791,327.357,0.577,-2.858,235.644,0
63635,0.237,8.263,50.791,327.357,0.584,-2.905,235.644,0
63636,0.241,8.056,50.823,327.357,0.578,-2.936,235.644,0
63637,0.241,8.056,50.823,327.357,0.584,-2.963,235.644,0
63638,0.241,8.056,50.823,327.357,0.579,-2.986,235.644,0
63639,0.241,8.056,50.823,327.357,0.586,-3.002,235.644,0
63640,0.241,8.056,50.823,327.357,0.581,-2.967,235.644,0
63641,0.241,8.056,50.791,327.357,0.586,-2.877,235.644,0
63642,0.241,8.056,50.791,327.094,0.580,-2.792,235.949,0
63643,0.241,8.056,50.758,327.094,0.587,-2.827,235.644,0
63644,0.241,8.056,50.758,327.094,0.580,-2.881,235.644,0
63645,0.241,8.056,50.758,327.094,0.585,-2.924,235.644,0
63646,0.246,8.221,50.725,327.094,0.581,-2.955,235.644,0
63647,0.246,8.221,50.725,326.832,0.584,-2.982,235.644,0
63648,0.246,8.221,50.693,326.832,0.580,-2.998,235.644,0
63649,0.246,8.221,50.693,326.569,0.583,-3.002,235.340,0
63650,0.246,8.221,50.660,326.832,0.580,-2.893,235.340,0
63651,0.246,8.221,50.660,326.569,0.583,-2.762,235.340,0
63652,0.246,8.221,50.628,326.569,0.580,-2.796,235.340,0
63653,0.246,8.221,50.628,326.306,0.583,-2.862,235.949,0
63654,0.246,8.221,50.595,326.044,0.581,-2.908,235.949,0
63655,0.246,8.221,50.595,326.044,0.579,-2.947,235.644,0
63656,0.159,8.388,50.563,326.044,0.581,-2.978,235.340,0
63657,0.159,8.388,50.563,326.044,0.581,-3.009,235.644,0
63658,0.159,8.388,50.595,325.781,0.584,-2.955,235.644,0
63659,0.159,8.388,50.563,326.044,0.579,-2.812,235.644,0
63660,0.159,8.388,50.563,326.044,0.585,-2.765,235.644,0
63661,0.159,8.388,50.563,325.781,0.581,-2.816,235.644,0
63662,0.159,8.388,50.563,325.519,0.585,-2.881,235.644,0
63663,0.159,8.388,50.563,325.519,0.581,-2.928,235.644,0
63664,0.159,8.388,50.595,325.519,0.584,-2.963,235.644,0
63665,0.159,8.388,50.595,325.519,0.580,-2.994,235.644,0
63666,0.072,8.040,50.628,325.256,0.586,-3.005,235.644,0
63667,0.072,8.040,50.628,324.994,0.579,-2.924,235.644,0
63668,0.072,8.040,50.660,324.994,0.584,-2.765,235.644,0
63669,0.072,8.040,50.660,324.994,0.580,-2.765,235.949,0
63670,0.072,8.040,50.693,324.994,0.583,-2.823,235.949,0
63671,0.072,8.040,50.725,324.994,0.580,-2.889,235.949,0
63672,0.072,8.040,50.725,324.994,0.583,-2.928,235.949,0
63673,0.072,8.040,50.758,324.469,0.580,-2.963,235.644,0
63674,0.072,8.040,50.758,324.469,0.583,-2.986,235.644,0
63675,0.072,8.040,50.791,324.469,0.581,-2.998,235.644,0
63676,0.291,7.688,50.791,324.469,0.584,-3.002,235.949,0
63677,0.291,7.688,50.791,324.206,0.584,-2.986,235.949,0
63678,0.291,7.688,50.823,323.944,0.584,-2.994,235.949,0
63679,0.291,7.688,50.823,323.944,0.584,-3.002,235.949,0
63680,0.291,7.688,50.823,323.944,0.585,-2.986,236.253,0
63681,0.291,7.688,50.791,323.944,0.586,-2.947,236.253,0
63682,0.291,7.688,50.791,323.681,0.584,-2.967,235.949,0
63683,0.291,7.688,50.791,323.419,0.584,-2.994,235.949,0
63684,0.291,7.688,50.823,323.419,0.587,-2.998,235.949,0
63685,0.291,7.688,50.758,323.419,0.582,-2.928,235.949,0
63686,0.512,7.890,50.758,323.156,0.589,-2.831,235.949,0
63687,0.512,7.890,50.758,322.894,0.582,-2.858,236.253,0
63688,0.512,7.890,50.725,322.894,0.591,-2.908,235.949,0
63689,0.512,7.890,50.693,322.894,0.580,-2.943,236.557,0
63690,0.512,7.890,50.725,322.894,0.590,-2.974,236.557,0
63691,0.512,7.890,50.693,322.894,0.580,-2.994,236.557,0
63692,0.512,7.890,50.660,322.631,0.589,-3.005,236.557,0
63693,0.512,7.890,50.660,322.369,0.582,-2.943,236.253,0
63694,0.512,7.890,50.628,322.369,0.590,-2.785,236.557,0
63695,0.512,7.890,50.595,322.369,0.587,-2.746,236.557,0
63696,0.407,8.096,50.595,322.369,0.588,-2.800,236.557,0
63697,0.407,8.096,50.595,322.106,0.589,-2.866,236.862,0
63698,0.407,8.096,50.595,322.106,0.586,-2.905,237.166,0
63699,0.407,8.096,50.563,322.106,0.592,-2.936,237.166,0
63700,0.407,8.096,50.563,322.106,0.586,-2.967,236.862,0
63701,0.407,8.096,50.563,322.106,0.594,-2.986,236.862,0
63702,0.407,8.096,50.595,321.844,0.584,-3.002,237.166,0
63703,0.407,8.096,50.595,321.844,0.592,-2.998,237.166,0
63704,0.407,8.096,50.595,321.844,0.584,-2.978,237.471,0
63705,0.407,8.096,50.595,321.844,0.592,-2.994,237.166,0
63706,0.302,8.309,50.628,321.844,0.586,-2.998,237.166,0
63707,0.302,8.309,50.628,321.844,0.590,-2.994,237.471,0
63708,0.302,8.309,50.628,321.581,0.589,-2.967,237.471,0
63709,0.302,8.309,50.660,321.581,0.587,-2.971,237.775,0
63710,0.302,8.309,50.660,321.844,0.591,-2.998,237.471,0
63711,0.302,8.309,50.693,321.581,0.592,-3.002,237.166,0
63712,0.302,8.309,50.693,321.844,0.582,-2.877,237.471,0
63713,0.302,8.309,50.725,321.581,0.591,-2.785,237.471,0
63714,0.302,8.309,50.725,321.581,0.587,-2.812,237.471,0
63715,0.302,8.309,50.758,321.581,0.591,-2.874,237.471,0
63716,0.255,8.521,50.758,321.581,0.587,-2.924,237.471,0
63717,0.255,8.521,50.791,321.581,0.592,-2.967,237.471,0
63718,0.255,8.521,50.791,321.844,0.595,-3.002,237.166,0
63719,0.255,8.521,50.791,321.581,0.589,-2.998,237.166,0
63720,0.255,8.521,50.791,321.844,0.593,-2.870,237.471,0
63721,0.255,8.521,50.791,321.844,0.590,-2.785,238.080,0
63722,0.255,8.521,50.791,322.106,0.597,-2.827,238.080,0
63723,0.255,8.521,50.791,322.106,0.589,-2.885,238.080,0
63724,0.255,8.521,50.791,322.106,0.598,-2.932,238.080,0
63725,0.255,8.521,50.791,322.369,0.588,-2.967,237.775,0
63726,0.208,8.385,50.758,322.369,0.599,-2.998,238.384,0
63727,0.208,8.385,50.791,322.106,0.588,-3.002,238.384,0
63728,0.208,8.385,50.758,322.369,0.598,-2.912,238.384,0
63729,0.208,8.385,50.725,322.369,0.589,-2.816,238.080,0
63730,0.208,8.385,50.693,322.631,0.599,-2.847,238.384,0
63731,0.208,8.385,50.693,322.631,0.590,-2.901,238.384,0
63732,0.208,8.385,50.660,322.894,0.598,-2.943,238.384,0
63733,0.208,8.385,50.660,322.894,0.592,-2.971,238.384,0
63734,0.208,8.385,50.628,322.631,0.595,-2.998,238.384,0
63735,0.208,8.385,50.628,322.631,0.597,-3.002,238.689,0
63736,0.177,8.250,50.628,322.894,0.592,-3.002,238.689,0
63737,0.177,8.250,50.595,322.894,0.599,-2.943,238.384,0
63738,0.177,8.250,50.563,322.894,0.590,-2.905,238.384,0
63739,0.177,8.250,50.563,323.156,0.599,-2.920,238.384,0
63740,0.177,8.250,50.563,323.419,0.589,-2.959,238.689,0
63741,0.177,8.250,50.563,323.419,0.600,-2.986,238.689,0
63742,0.177,8.250,50.563,323.156,0.592,-3.002,238.689,0
63743,0.177,8.250,50.563,323.156,0.599,-2.990,238.689,0
63744,0.177,8.250,50.563,323.419,0.595,-2.881,238.689,0
63745,0.177,8.250,50.595,323.681,0.594,-2.874,238.689,0
63746,0.147,8.518,50.595,323.681,0.600,-2.912,238.993,0
63747,0.147,8.518,50.595,323.944,0.590,-2.947,238.993,0
63748,0.147,8.518,50.628,323.944,0.600,-2.978,238.993,0
63749,0.147,8.518,50.628,323.944,0.591,-2.998,238.993,0
63750,0.147,8.518,50.693,323.944,0.600,-2.971,239.297,0
63751,0.147,8.518,50.693,324.206,0.592,-2.901,238.993,0
63752,0.147,8.518,50.693,324.206,0.599,-2.808,239.297,0
63753,0.147,8.518,50.725,324.206,0.596,-2.843,239.297,0
63754,0.147,8.518,50.725,324.206,0.596,-2.889,239.297,0
63755,0.147,8.518,50.758,324.206,0.599,-2.932,239.297,0
63756,0.191,8.784,50.758,324.206,0.593,-2.963,239.297,0
63757,0.191,8.784,50.758,324.469,0.601,-2.986,239.297,0
63758,0.191,8.784,50.791,324.469,0.592,-3.005,239.297,0
63759,0.191,8.784,50.823,324.469,0.601,-2.936,239.297,0
63760,0.191,8.784,50.791,324.731,0.592,-2.792,239.297,0
63761,0.191,8.784,50.823,324.731,0.601,-2.773,239.297,0
63762,0.191,8.784,50.823,324.731,0.594,-2.827,239.297,0
63763,0.191,8.784,50.823,324.731,0.599,-2.889,239.297,0
63764,0.191,8.784,50.791,324.731,0.598,-2.932,239.297,0
63765,0.191,8.784,50.791,324.994,0.596,-2.959,239.602,0
63766,0.234,8.694,50.791,324.994,0.599,-2.986,239.602,0
63767,0.234,8.694,50.791,324.994,0.591,-2.998,239.602,0
63768,0.234,8.694,50.758,324.994,0.600,-3.005,239.602,0
63769,0.234,8.694,50.758,325.256,0.590,-2.959,239.297,0
63770,0.234,8.694,50.758,325.256,0.601,-2.971,239.297,0
63771,0.234,8.694,50.725,325.519,0.589,-2.994,239.297,0
63772,0.234,8.694,50.725,325.256,0.600,-3.009,239.297,0
63773,0.234,8.694,50.693,325.519,0.590,-2.897,239.297,0
63774,0.234,8.694,50.660,325.519,0.599,-2.758,239.297,0
63775,0.234,8.694,50.660,325.781,0.592,-2.781,239.297,0
63776,0.118,8.607,50.628,325.781,0.599,-2.843,239.297,0
63777,0.118,8.607,50.628,326.044,0.595,-2.905,239.297,0
63778,0.118,8.607,50.595,326.044,0.596,-2.951,239.297,0
63779,0.118,8.607,50.595,326.306,0.599,-2.978,239.297,0
63780,0.118,8.607,50.563,326.306,0.594,-3.002,239.906,0
63781,0.118,8.607,50.595,326.306,0.600,-2.951,239.906,0
63782,0.118,8.607,50.563,326.569,0.594,-2.796,239.906,0
63783,0.118,8.607,50.563,326.569,0.601,-2.773,239.906,0
63784,0.118,8.607,50.563,326.832,0.592,-2.827,239.906,0
63785,0.118,8.607,50.563,326.832,0.601,-2.877,239.906,0
63786,0.002,8.854,50.563,327.094,0.591,-2.928,239.906,0
63787,0.002,8.854,50.563,327.094,0.600,-2.959,239.906,0
63788,0.002,8.854,50.563,327.094,0.591,-2.986,239.906,0
63789,0.002,8.854,50.595,327.094,0.601,-3.002,239.906,0
63790,0.002,8.854,50.628,327.094,0.592,-2.936,240.211,0
63791,0.002,8.854,50.628,327.357,0.600,-2.839,239.906,0
63792,0.002,8.854,50.660,327.357,0.592,-2.835,240.211,0
63793,0.002,8.854,50.660,327.357,0.600,-2.893,240.211,0
63794,0.002,8.854,50.693,327.357,0.595,-2.924,240.515,0
63795,0.002,8.854,50.725,327.357,0.599,-2.955,240.515,0
63796,0.081,9.100,50.758,327.357,0.598,-2.998,240.211,0
63797,0.081,9.100,50.758,327.357,0.595,-2.998,240.211,0
63798,0.081,9.100,50.791,327.357,0.599,-3.005,240.211,0
63799,0.081,9.100,50.791,327.357,0.592,-2.959,240.211,0
63800,0.081,9.100,50.823,327.357,0.601,-2.746,240.211,0
63801,0.081,9.100,50.823,327.619,0.592,-2.692,239.906,0
63802,0.081,9.100,50.823,327.357,0.603,-2.765,240.211,0
63803,0.081,9.100,50.823,327.357,0.591,-2.816,240.211,0
63804,0.081,9.100,50.823,327.357,0.602,-2.874,240.211,0
63805,0.081,9.100,50.823,327.357,0.590,-2.901,239.906,0
63806,0.162,8.891,50.823,327.619,0.600,-2.924,240.211,0
63807,0.162,8.891,50.823,327.357,0.591,-2.959,240.211,0
63808,0.162,8.891,50.791,327.357,0.600,-2.967,240.211,0
63809,0.162,8.891,50.791,327.094,0.592,-2.986,240.211,0
63810,0.162,8.891,50.758,327.094,0.597,-2.994,240.211,0
63811,0.162,8.891,50.758,327.094,0.594,-3.002,240.211,0
63812,0.162,8.891,50.725,327.094,0.594,-2.978,240.211,0
63813,0.162,8.891,50.725,326.832,0.596,-2.971,240.211,0
63814,0.162,8.891,50.725,326.832,0.592,-2.998,240.211,0
63815,0.162,8.891,50.693,326.306,0.597,-2.998,240.211,0
63816,0.275,8.682,50.660,326.569,0.591,-2.908,240.211,0
63817,0.275,8.682,50.660,326.569,0.600,-2.839,240.211,0
63818,0.275,8.682,50.660,326.306,0.591,-2.870,240.211,0
63819,0.275,8.682,50.628,326.044,0.600,-2.916,240.515,0
63820,0.275,8.682,50.595,326.306,0.591,-2.951,240.211,0
63821,0.275,8.682,50.595,326.044,0.600,-2.982,240.211,0
63822,0.275,8.682,50.595,326.044,0.592,-2.994,240.211,0
63823,0.275,8.682,50.595,325.781,0.601,-3.009,239.906,0
63824,0.275,8.682,50.563,325.781,0.593,-2.936,240.211,0
63825,0.275,8.682,50.563,325.519,0.601,-2.874,240.211,0
63826,0.387,8.726,50.563,325.519,0.594,-2.905,240.211,0
63827,0.387,8.726,50.563,325.519,0.602,-2.943,240.515,0
63828,0.387,8.726,50.563,325.256,0.596,-2.978,240.211,0
63829,0.387,8.726,50.595,324.994,0.599,-3.002,240.211,0
63830,0.387,8.726,50.595,324.994,0.596,-2.982,240.211,0
63831,0.387,8.726,50.595,324.994,0.597,-2.819,240.515,0
63832,0.387,8.726,50.628,324.994,0.599,-2.781,240.515,0
63833,0.387,8.726,50.628,324.994,0.594,-2.835,240.211,0
63834,0.387,8.726,50.660,324.731,0.601,-2.893,240.211,0
63835,0.387,8.726,50.660,324.469,0.591,-2.943,240.515,0
63836,0.285,8.771,50.693,324.469,0.602,-2.971,240.515,0
63837,0.285,8.771,50.693,324.206,0.592,-3.005,240.820,0
63838,0.285,8.771,50.725,324.206,0.603,-2.994,240.515,0
63839,0.285,8.771,50.758,323.944,0.592,-2.978,240.515,0
63840,0.285,8.771,50.758,324.206,0.602,-2.967,240.820,0
63841,0.285,8.771,50.791,324.206,0.592,-2.982,240.211,0
63842,0.285,8.771,50.823,323.944,0.603,-2.998,240.515,0
63843,0.285,8.771,50.791,323.681,0.596,-2.978,240.515,0
63844,0.285,8.771,50.823,323.681,0.600,-2.928,239.906,0
63845,0.285,8.771,50.823,323.419,0.593,-2.955,239.906,0
63846,0.185,8.931,50.823,323.419,0.601,-2.986,239.906,0
63847,0.185,8.931,50.823,323.419,0.595,-3.002,240.211,0
63848,0.185,8.931,50.823,323.156,0.596,-2.986,239.906,0
63849,0.185,8.931,50.791,323.156,0.599,-2.889,239.906,0
63850,0.185,8.931,50.791,322.894,0.594,-2.881,239.906,0
63851,0.185,8.931,50.758,322.894,0.601,-2.916,239.906,0
63852,0.185,8.931,50.758,322.894,0.600,-2.947,239.906,0
63853,0.185,8.931,50.758,322.631,0.598,-2.986,239.906,0
63854,0.185,8.931,50.725,322.631,0.594,-2.998,239.906,0
63855,0.185,8.931,50.725,322.369,0.601,-2.994,239.602,0
63856,0.200,9.091,50.693,322.369,0.592,-2.850,239.602,0
63857,0.200,9.091,50.693,322.369,0.601,-2.735,239.906,0
63858,0.200,9.091,50.660,322.106,0.592,-2.777,239.906,0
63859,0.200,9.091,50.660,322.106,0.601,-2.835,239.906,0
63860,0.200,9.091,50.628,322.369,0.595,-2.885,239.906,0
63861,0.200,9.091,50.628,322.369,0.599,-2.916,239.906,0
63862,0.200,9.091,50.595,322.369,0.599,-2.943,239.906,0
63863,0.200,9.091,50.595,322.106,0.593,-2.967,239.906,0
63864,0.200,9.091,50.595,322.106,0.601,-2.978,239.906,0
63865,0.200,9.091,50.563,322.106,0.591,-2.998,239.906,0
63866,0.217,8.990,50.563,322.106,0.601,-2.998,239.906,0
63867,0.217,8.990,50.563,322.106,0.593,-2.990,239.906,0
63868,0.217,8.990,50.563,321.844,0.600,-2.974,239.906,0
63869,0.217,8.990,50.563,322.106,0.596,-2.990,239.906,0
63870,0.217,8.990,50.595,321.581,0.595,-3.002,239.906,0
63871,0.217,8.990,50.595,321.844,0.601,-2.901,239.602,0
63872,0.217,8.990,50.595,322.106,0.593,-2.804,239.906,0
63873,0.217,8.990,50.595,321.844,0.602,-2.823,239.906,0
63874,0.217,8.990,50.628,321.844,0.592,-2.889,239.906,0
63875,0.217,8.990,50.660,321.581,0.601,-2.928,240.211,0
63876,0.330,8.887,50.693,321.581,0.594,-2.955,240.211,0
63877,0.330,8.887,50.693,321.581,0.603,-2.994,240.211,0
63878,0.330,8.887,50.693,321.844,0.596,-2.994,240.211,0
63879,0.330,8.887,50.725,321.581,0.601,-2.994,240.211,0
63880,0.330,8.887,50.725,321.844,0.597,-2.908,239.906,0
63881,0.330,8.887,50.758,321.844,0.598,-2.823,239.906,0
63882,0.330,8.887,50.758,321.844,0.601,-2.858,239.906,0
63883,0.330,8.887,50.791,321.844,0.596,-2.908,240.211,0
63884,0.330,8.887,50.791,321.844,0.602,-2.951,240.211,0
63885,0.330,8.887,50.791,321.844,0.593,-2.982,239.906,0
63886,0.442,9.103,50.791,322.106,0.602,-3.002,240.211,0
63887,0.442,9.103,50.823,321.844,0.591,-2.986,239.906,0
63888,0.442,9.103,50.791,322.106,0.600,-2.854,239.906,0
63889,0.442,9.103,50.791,322.106,0.592,-2.827,239.602,0
63890,0.442,9.103,50.791,322.106,0.599,-2.870,239.602,0
63891,0.442,9.103,50.791,322.369,0.594,-2.924,239.602,0
63892,0.442,9.103,50.791,322.369,0.599,-2.971,239.906,0
63893,0.442,9.103,50.758,322.631,0.596,-2.986,239.906,0
63894,0.442,9.103,50.758,322.631,0.595,-3.005,240.211,0
63895,0.442,9.103,50.758,322.631,0.600,-2.920,239.906,0
63896,0.374,9.321,50.725,322.631,0.593,-2.819,240.211,0
63897,0.374,9.321,50.693,322.894,0.603,-2.843,239.906,0
63898,0.374,9.321,50.693,322.894,0.592,-2.897,239.602,0
63899,0.374,9.321,50.693,322.894,0.602,-2.936,239.906,0
63900,0.374,9.321,50.660,323.156,0.595,-2.971,239.906,0
63901,0.374,9.321,50.628,323.156,0.604,-2.986,239.906,0
63902,0.374,9.321,50.628,323.156,0.599,-3.005,239.906,0
63903,0.374,9.321,50.595,323.419,0.599,-2.939,239.906,0
63904,0.374,9.321,50.595,323.419,0.603,-2.870,240.211,0
63905,0.374,9.321,50.563,323.419,0.595,-2.874,240.211,0
63906,0.304,9.247,50.563,323.419,0.603,-2.908,239.906,0
63907,0.304,9.247,50.563,323.681,0.592,-2.951,239.906,0
63908,0.304,9.247,50.563,323.681,0.601,-2.986,239.906,0
63909,0.304,9.247,50.563,323.681,0.596,-2.998,239.906,0
63910,0.304,9.247,50.563,323.681,0.600,-3.002,239.906,0
63911,0.304,9.247,50.563,323.944,0.598,-2.982,239.906,0
63912,0.304,9.247,50.595,323.944,0.595,-2.990,239.906,0
63913,0.304,9.247,50.595,323.944,0.602,-2.998,239.906,0
63914,0.304,9.247,50.595,324.206,0.593,-2.986,240.211,0
63915,0.304,9.247,50.628,324.206,0.603,-2.978,239.906,0
63916,0.168,9.174,50.660,324.206,0.594,-2.998,239.906,0
63917,0.168,9.174,50.693,324.469,0.602,-2.994,239.906,0
63918,0.168,9.174,50.693,324.469,0.596,-2.994,239.906,0
63919,0.168,9.174,50.693,324.731,0.600,-2.982,240.211,0
63920,0.168,9.174,50.725,324.731,0.600,-2.994,240.211,0
63921,0.168,9.174,50.758,324.731,0.598,-3.013,240.211,0
63922,0.168,9.174,50.791,324.731,0.601,-2.908,239.906,0
63923,0.168,9.174,50.758,324.994,0.592,-2.712,240.515,0
63924,0.168,9.174,50.791,324.994,0.603,-2.735,240.515,0
63925,0.168,9.174,50.791,324.994,0.594,-2.792,240.515,0
63926,0.033,9.179,50.791,325.256,0.603,-2.850,240.211,0
63927,0.033,9.179,50.791,325.256,0.595,-2.897,239.906,0
63928,0.033,9.179,50.791,325.256,0.602,-2.943,240.211,0
63929,0.033,9.179,50.791,325.256,0.598,-2.967,240.211,0
63930,0.033,9.179,50.791,325.256,0.598,-2.978,240.211,0
63931,0.033,9.179,50.791,325.256,0.603,-2.998,240.211,0
63932,0.033,9.179,50.791,325.519,0.594,-2.998,240.211,0
63933,0.033,9.179,50.758,325.519,0.604,-2.939,240.211,0
63934,0.033,9.179,50.758,325.519,0.595,-2.877,239.906,0
63935,0.033,9.179,50.758,325.781,0.604,-2.893,239.906,0
63936,0.095,9.185,50.725,325.519,0.593,-2.928,240.211,0
63937,0.095,9.185,50.725,325.519,0.603,-2.967,240.211,0
63938,0.095,9.185,50.725,325.781,0.594,-3.002,240.211,0
63939,0.095,9.185,50.693,325.781,0.604,-2.978,240.211,0
63940,0.095,9.185,50.660,326.044,0.597,-2.827,240.211,0
63941,0.095,9.185,50.660,326.044,0.600,-2.800,240.211,0
63942,0.095,9.185,50.628,326.306,0.601,-2.854,240.515,0
63943,0.095,9.185,50.628,326.306,0.599,-2.912,240.820,0
63944,0.095,9.185,50.595,326.569,0.603,-2.951,240.820,0
63945,0.095,9.185,50.595,326.306,0.598,-2.978,240.515,0
63946,0.159,9.157,50.563,326.569,0.603,-3.005,240.515,0
63947,0.159,9.157,50.595,326.569,0.595,-2.955,240.820,0
63948,0.159,9.157,50.563,326.832,0.605,-2.843,240.820,0
63949,0.159,9.157,50.530,327.094,0.594,-2.819,240.515,0
63950,0.159,9.157,50.530,326.832,0.605,-2.870,240.515,0
63951,0.159,9.157,50.563,327.094,0.594,-2.924,240.515,0
63952,0.159,9.157,50.563,327.357,0.603,-2.955,240.515,0
63953,0.159,9.157,50.595,327.357,0.595,-2.986,240.515,0
63954,0.159,9.157,50.595,327.357,0.604,-3.002,240.515,0
63955,0.159,9.157,50.628,327.357,0.594,-2.998,240.515,0
63956,0.123,9.131,50.628,327.357,0.604,-2.959,240.515,0
63957,0.123,9.131,50.628,327.357,0.596,-2.939,240.515,0
63958,0.123,9.131,50.660,327.357,0.603,-2.959,240.820,0
63959,0.123,9.131,50.693,327.357,0.599,-2.986,240.820,0
63960,0.123,9.131,50.725,327.094,0.601,-3.005,240.820,0
63961,0.123,9.131,50.725,327.357,0.601,-2.893,240.820,0
63962,0.123,9.131,50.758,327.357,0.600,-2.769,240.820,0
63963,0.123,9.131,50.758,327.619,0.603,-2.781,240.515,0
63964,0.123,9.131,50.791,327.619,0.595,-2.835,240.820,0
63965,0.123,9.131,50.791,327.357,0.605,-2.885,240.820,0
63966,0.088,9.512,50.791,327.357,0.595,-2.924,241.124,0
63967,0.088,9.512,50.791,327.357,0.605,-2.959,240.820,0
63968,0.088,9.512,50.823,327.357,0.595,-2.982,240.820,0
63969,0.088,9.512,50.823,327.357,0.606,-2.986,240.820,0
63970,0.088,9.512,50.823,327.094,0.594,-3.002,240.820,0
63971,0.088,9.512,50.791,327.094,0.604,-2.990,240.820,0
63972,0.088,9.512,50.791,327.094,0.596,-2.982,240.820,0
63973,0.088,9.512,50.791,327.094,0.604,-2.994,240.820,0
63974,0.088,9.512,50.791,327.357,0.599,-2.998,240.820,0
63975,0.088,9.512,50.758,327.094,0.601,-2.994,240.820,0
63976,0.142,9.891,50.758,326.832,0.600,-2.974,240.820,0
63977,0.142,9.891,50.725,326.569,0.599,-2.971,240.820,0
63978,0.142,9.891,50.725,326.832,0.603,-2.986,240.820,0
63979,0.142,9.891,50.725,326.569,0.596,-3.002,240.820,0
63980,0.142,9.891,50.693,326.306,0.604,-2.955,240.515,0
63981,0.142,9.891,50.660,326.306,0.603,-2.812,240.820,0
63982,0.142,9.891,50.660,326.569,0.598,-2.731,240.820,0
63983,0.142,9.891,50.628,326.306,0.601,-2.773,240.820,0
63984,0.142,9.891,50.628,326.306,0.600,-2.847,240.820,0
63985,0.142,9.891,50.595,326.044,0.600,-2.881,240.211,0
63986,0.196,9.544,50.595,325.781,0.600,-2.928,240.515,0
63987,0.196,9.544,50.563,325.781,0.592,-2.971,240.820,0
63988,0.196,9.544,50.563,325.781,0.603,-2.982,240.515,0
63989,0.196,9.544,50.563,325.519,0.595,-3.005,240.515,0
63990,0.196,9.544,50.595,325.256,0.602,-2.963,240.515,0
63991,0.196,9.544,50.563,325.256,0.594,-2.816,240.515,0
63992,0.196,9.544,50.563,325.256,0.603,-2.723,240.515,0
63993,0.196,9.544,50.563,324.994,0.592,-2.769,240.515,0
63994,0.196,9.544,50.595,324.994,0.603,-2.823,240.515,0
63995,0.196,9.544,50.595,324.994,0.593,-2.877,240.515,0
63996,0.322,9.196,50.595,324.731,0.603,-2.916,240.515,0
63997,0.322,9.196,50.628,324.469,0.594,-2.955,240.515,0
63998,0.322,9.196,50.628,324.469,0.602,-2.986,240.820,0
63999,0.322,9.196,50.660,324.469,0.596,-3.002,240.820,0
64000,0.322,9.196,50.725,323.944,0.603,-2.959,240.820,0
64001,0.322,9.196,50.693,324.206,0.596,-2.854,240.820,0
64002,0.322,9.196,50.725,324.206,0.601,-2.781,240.820,0
64003,0.322,9.196,50.758,324.206,0.598,-2.827,240.820,0
64004,0.322,9.196,50.758,323.944,0.601,-2.885,240.820,0
64005,0.322,9.196,50.791,323.944,0.599,-2.932,240.820,0
64006,0.448,9.262,50.791,323.681,0.599,-2.971,240.211,0
64007,0.448,9.262,50.791,323.681,0.601,-2.982,240.211,0
64008,0.448,9.262,50.823,323.681,0.595,-2.998,240.211,0
64009,0.448,9.262,50.823,323.419,0.603,-2.998,240.211,0
64010,0.448,9.262,50.823,323.156,0.593,-2.994,240.211,0
64011,0.448,9.262,50.823,323.156,0.603,-2.994,240.515,0
64012,0.448,9.262,50.823,322.894,0.594,-3.005,240.515,0
64013,0.448,9.262,50.823,322.894,0.602,-2.916,240.211,0
64014,0.448,9.262,50.791,322.894,0.598,-2.816,240.211,0
64015,0.448,9.262,50.791,322.894,0.600,-2.835,240.211,0
64016,0.406,9.329,50.758,322.631,0.603,-2.885,240.211,0
64017,0.406,9.329,50.758,322.631,0.595,-2.924,240.211,0
64018,0.406,9.329,50.758,322.369,0.604,-2.963,240.211,0
64019,0.406,9.329,50.725,322.369,0.593,-2.982,240.211,0
64020,0.406,9.329,50.725,322.369,0.603,-2.998,240.211,0
64021,0.406,9.329,50.693,322.106,0.595,-2.974,240.211,0
64022,0.406,9.329,50.693,322.369,0.602,-2.920,240.211,0
64023,0.406,9.329,50.660,322.369,0.599,-2.897,240.211,0
64024,0.406,9.329,50.628,322.106,0.599,-2.924,240.515,0
64025,0.406,9.329,50.628,322.106,0.603,-2.959,240.211,0
64026,0.361,9.526,50.595,322.106,0.594,-2.982,240.211,0
64027,0.361,9.526,50.595,322.106,0.603,-2.998,240.211,0
64028,0.361,9.526,50.595,322.106,0.594,-2.990,239.906,0
64029,0.361,9.526,50.563,322.106,0.600,-2.936,239.906,0
64030,0.361,9.526,50.563,322.106,0.596,-2.885,239.906,0
64031,0.361,9.526,50.563,322.106,0.599,-2.912,240.211,0
64032,0.361,9.526,50.563,322.106,0.600,-2.947,239.906,0
64033,0.361,9.526,50.563,322.106,0.595,-2.974,239.906,0
64034,0.361,9.526,50.563,322.106,0.603,-2.990,239.906,0
64035,0.361,9.526,50.563,322.106,0.593,-2.998,239.906,0
64036,0.273,9.725,50.595,322.106,0.602,-2.936,239.906,0
64037,0.273,9.725,50.595,322.106,0.593,-2.885,239.906,0
64038,0.273,9.725,50.628,321.844,0.603,-2.905,240.211,0
64039,0.273,9.725,50.628,321.844,0.595,-2.947,240.211,0
64040,0.273,9.725,50.660,321.844,0.602,-2.971,240.211,0
64041,0.273,9.725,50.693,321.844,0.597,-2.998,240.211,0
64042,0.273,9.725,50.725,321.844,0.598,-2.971,239.906,0
64043,0.273,9.725,50.725,322.106,0.601,-2.889,240.211,0
64044,0.273,9.725,50.758,322.106,0.596,-2.808,240.211,0
64045,0.273,9.725,50.758,322.106,0.602,-2.847,240.211,0
64046,0.183,9.607,50.791,322.106,0.594,-2.893,240.211,0
64047,0.183,9.607,50.823,322.106,0.604,-2.936,240.211,0
64048,0.183,9.607,50.823,322.106,0.592,-2.971,240.211,0
64049,0.183,9.607,50.823,322.369,0.603,-2.994,240.211,0
64050,0.183,9.607,50.856,322.106,0.594,-3.013,240.211,0
64051,0.183,9.607,50.856,322.106,0.602,-2.951,240.211,0
64052,0.183,9.607,50.823,322.106,0.596,-2.742,240.211,0
64053,0.183,9.607,50.823,322.369,0.601,-2.723,240.211,0
64054,0.183,9.607,50.823,322.369,0.599,-2.781,240.211,0
64055,0.183,9.607,50.823,322.369,0.598,-2.850,240.211,0
64056,0.247,9.487,50.791,322.631,0.602,-2.893,240.515,0
64057,0.247,9.487,50.791,322.631,0.598,-2.943,240.515,0
64058,0.247,9.487,50.758,322.631,0.604,-2.967,240.515,0
64059,0.247,9.487,50.758,322.631,0.594,-2.990,240.515,0
64060,0.247,9.487,50.758,322.631,0.602,-2.998,240.211,0
64061,0.247,9.487,50.725,322.894,0.592,-2.963,240.211,0
64062,0.247,9.487,50.693,323.156,0.604,-2.889,240.211,0
64063,0.247,9.487,50.693,323.156,0.596,-2.924,240.211,0
64064,0.247,9.487,50.660,323.419,0.603,-2.951,240.515,0
64065,0.247,9.487,50.660,323.419,0.599,-2.990,240.515,0
64066,0.311,9.626,50.628,323.419,0.595,-3.002,240.211,0
64067,0.311,9.626,50.628,323.156,0.603,-2.939,240.211,0
64068,0.311,9.626,50.595,323.681,0.593,-2.823,239.906,0
64069,0.311,9.626,50.595,323.681,0.601,-2.812,239.906,0
64070,0.311,9.626,50.595,323.681,0.591,-2.866,239.602,0
64071,0.311,9.626,50.563,323.681,0.601,-2.916,239.906,0
64072,0.311,9.626,50.563,323.681,0.596,-2.943,239.906,0
64073,0.311,9.626,50.563,323.944,0.599,-2.971,239.906,0
64074,0.311,9.626,50.563,324.206,0.599,-2.998,239.602,0
64075,0.311,9.626,50.563,324.206,0.592,-3.005,239.906,0
64076,0.281,9.768,50.595,324.206,0.601,-2.905,239.906,0
64077,0.281,9.768,50.563,324.206,0.592,-2.765,239.906,0
64078,0.281,9.768,50.595,324.206,0.602,-2.769,239.906,0
64079,0.281,9.768,50.595,324.469,0.593,-2.827,239.906,0
64080,0.281,9.768,50.595,324.469,0.601,-2.874,239.906,0
64081,0.281,9.768,50.595,324.469,0.599,-2.912,240.211,0
64082,0.281,9.768,50.628,324.469,0.599,-2.936,239.906,0
64083,0.281,9.768,50.660,324.731,0.603,-2.967,239.906,0
64084,0.281,9.768,50.693,324.994,0.595,-2.978,240.211,0
64085,0.281,9.768,50.693,324.994,0.605,-3.002,240.211,0
64086,0.250,9.790,50.725,324.994,0.594,-2.998,240.211,0
64087,0.250,9.790,50.758,324.994,0.602,-2.971,240.211,0
64088,0.250,9.790,50.758,325.256,0.594,-2.916,240.211,0
64089,0.250,9.790,50.791,325.519,0.603,-2.819,240.515,0
64090,0.250,9.790,50.791,325.519,0.598,-2.854,240.515,0
64091,0.250,9.790,50.823,325.519,0.601,-2.901,240.515,0
64092,0.250,9.790,50.823,325.519,0.601,-2.936,240.211,0
64093,0.250,9.790,50.823,325.519,0.598,-2.963,240.515,0
64094,0.250,9.790,50.823,325.781,0.601,-2.990,240.515,0
64095,0.250,9.790,50.823,325.781,0.596,-2.994,240.211,0
64096,0.226,9.812,50.823,325.781,0.604,-3.002,240.211,0
64097,0.226,9.812,50.823,325.781,0.593,-3.002,240.211,0
64098,0.226,9.812,50.823,325.781,0.605,-2.998,240.211,0
64099,0.226,9.812,50.791,325.781,0.595,-2.982,240.211,0
64100,0.226,9.812,50.758,326.044,0.604,-2.967,240.211,0
64101,0.226,9.812,50.758,326.044,0.595,-2.982,240.211,0
64102,0.226,9.812,50.758,326.044,0.602,-2.990,239.906,0
64103,0.226,9.812,50.725,326.306,0.598,-3.009,240.515,0
64104,0.226,9.812,50.725,326.306,0.599,-2.955,240.820,0
64105,0.226,9.812,50.693,326.306,0.601,-2.870,240.820,0
64106,0.203,9.843,50.693,326.306,0.598,-2.881,241.124,0
64107,0.203,9.843,50.660,326.306,0.603,-2.928,240.820,0
64108,0.203,9.843,50.628,326.569,0.597,-2.967,240.820,0
64109,0.203,9.843,50.628,326.832,0.604,-2.998,240.515,0
64110,0.203,9.843,50.628,326.569,0.594,-2.998,240.515,0
64111,0.203,9.843,50.595,326.832,0.607,-2.889,240.515,0
64112,0.203,9.843,50.563,326.832,0.595,-2.823,240.820,0
64113,0.203,9.843,50.563,326.832,0.604,-2.858,240.515,0
64114,0.203,9.843,50.563,327.094,0.596,-2.908,240.820,0
64115,0.203,9.843,50.563,327.094,0.605,-2.951,240.820,0
64116,0.164,9.875,50.563,327.094,0.595,-2.986,240.820,0
64117,0.164,9.875,50.595,327.094,0.605,-3.002,240.820,0
64118,0.164,9.875,50.595,327.094,0.597,-2.932,240.820,0
64119,0.164,9.875,50.595,327.094,0.605,-2.731,240.820,0
64120,0.164,9.875,50.595,327.357,0.600,-2.727,240.820,0
64121,0.164,9.875,50.628,327.357,0.604,-2.789,240.820,0
64122,0.164,9.875,50.628,327.357,0.595,-2.847,240.820,0
64123,0.164,9.875,50.628,327.357,0.605,-2.893,240.820,0
64124,0.164,9.875,50.660,327.619,0.596,-2.936,240.820,0
64125,0.164,9.875,50.660,327.357,0.604,-2.959,240.820,0
64126,0.123,9.671,50.693,327.357,0.600,-2.986,240.820,0
64127,0.123,9.671,50.693,327.094,0.600,-2.998,240.515,0
64128,0.123,9.671,50.725,327.094,0.604,-2.971,241.124,0
64129,0.123,9.671,50.758,327.094,0.595,-2.905,240.820,0
64130,0.123,9.671,50.758,327.094,0.605,-2.816,240.820,0
64131,0.123,9.671,50.758,327.094,0.598,-2.847,241.124,0
64132,0.123,9.671,50.791,327.094,0.603,-2.893,241.124,0
64133,0.123,9.671,50.791,327.094,0.594,-2.924,240.820,0
64134,0.123,9.671,50.791,327.094,0.604,-2.955,240.515,0
64135,0.123,9.671,50.791,326.832,0.595,-2.978,240.820,0
64136,0.118,9.465,50.791,326.832,0.603,-3.002,240.515,0
64137,0.118,9.465,50.823,326.832,0.595,-2.994,240.820,0
64138,0.118,9.465,50.791,326.832,0.604,-2.974,240.820,0
64139,0.118,9.465,50.791,326.832,0.595,-2.978,240.820,0
64140,0.118,9.465,50.791,326.569,0.603,-2.998,240.820,0
64141,0.118,9.465,50.791,326.569,0.598,-3.002,240.820,0
64142,0.118,9.465,50.758,326.569,0.602,-2.974,240.820,0
64143,0.118,9.465,50.758,326.569,0.599,-2.920,241.124,0
64144,0.118,9.465,50.725,326.569,0.602,-2.924,241.124,0
64145,0.118,9.465,50.693,326.306,0.600,-2.963,240.515,0
64146,0.112,9.503,50.693,326.306,0.599,-2.986,240.820,0
64147,0.112,9.503,50.660,326.044,0.603,-2.998,240.820,0
64148,0.112,9.503,50.660,325.781,0.597,-3.002,240.820,0
64149,0.112,9.503,50.628,325.781,0.604,-2.982,240.515,0
64150,0.112,9.503,50.628,325.781,0.597,-2.982,240.820,0
64151,0.112,9.503,50.595,325.781,0.606,-2.994,240.820,0
64152,0.112,9.503,50.595,325.256,0.596,-3.005,240.820,0
64153,0.112,9.503,50.595,325.256,0.606,-2.912,240.820,0
64154,0.112,9.503,50.563,325.256,0.596,-2.792,240.820,0
64155,0.112,9.503,50.563,325.256,0.605,-2.796,240.820,0
64156,0.288,9.537,50.563,324.994,0.596,-2.858,240.820,0
64157,0.288,9.537,50.563,324.994,0.608,-2.908,240.820,0
64158,0.288,9.537,50.563,324.731,0.598,-2.951,241.124,0
64159,0.288,9.537,50.563,324.469,0.607,-2.974,240.820,0
64160,0.288,9.537,50.595,324.469,0.599,-2.998,240.820,0
64161,0.288,9.537,50.595,324.206,0.604,-2.967,240.820,0
64162,0.288,9.537,50.595,324.206,0.601,-2.893,241.124,0
64163,0.288,9.537,50.628,324.206,0.601,-2.808,241.124,0
64164,0.288,9.537,50.660,323.944,0.604,-2.839,240.820,0
64165,0.288,9.537,50.660,323.944,0.598,-2.897,240.820,0
64166,0.465,9.672,50.693,323.681,0.605,-2.936,240.515,0
64167,0.465,9.672,50.693,323.419,0.596,-2.974,240.515,0
64168,0.465,9.672,50.725,323.419,0.605,-2.998,240.515,0
64169,0.465,9.672,50.758,323.156,0.595,-3.005,240.515,0
64170,0.465,9.672,50.758,323.156,0.602,-2.877,240.515,0
64171,0.465,9.672,50.791,323.156,0.594,-2.765,240.211,0
64172,0.465,9.672,50.791,323.156,0.604,-2.789,240.211,0
64173,0.465,9.672,50.791,322.894,0.597,-2.854,240.211,0
64174,0.465,9.672,50.823,322.894,0.598,-2.908,240.515,0
64175,0.465,9.672,50.823,322.894,0.603,-2.939,240.211,0
64176,0.460,9.807,50.823,322.894,0.595,-2.974,240.211,0
64177,0.460,9.807,50.823,322.894,0.604,-2.998,240.211,0
64178,0.460,9.807,50.823,322.631,0.593,-3.002,240.211,0
64179,0.460,9.807,50.823,322.369,0.603,-2.986,240.211,0
64180,0.460,9.807,50.791,322.369,0.594,-2.967,240.211,0
64181,0.460,9.807,50.791,322.369,0.602,-2.974,240.211,0
64182,0.460,9.807,50.758,322.369,0.599,-2.998,240.515,0
64183,0.460,9.807,50.758,322.106,0.599,-3.002,240.515,0
64184,0.460,9.807,50.758,322.106,0.602,-2.908,240.211,0
64185,0.460,9.807,50.725,322.369,0.594,-2.758,240.515,0
64186,0.454,9.706,50.693,322.106,0.604,-2.769,240.515,0
64187,0.454,9.706,50.693,322.106,0.594,-2.839,240.211,0
64188,0.454,9.706,50.660,322.106,0.601,-2.885,240.211,0
64189,0.454,9.706,50.660,322.106,0.595,-2.928,239.906,0
64190,0.454,9.706,50.628,322.106,0.601,-2.955,240.211,0
64191,0.454,9.706,50.628,322.106,0.600,-2.967,240.211,0
64192,0.454,9.706,50.595,322.106,0.595,-2.994,240.211,0
64193,0.454,9.706,50.595,322.106,0.602,-2.994,240.211,0
64194,0.454,9.706,50.595,322.106,0.593,-3.005,240.211,0
64195,0.454,9.706,50.595,322.106,0.601,-2.978,240.211,0
64196,0.269,9.604,50.563,322.369,0.592,-2.912,239.906,0
64197,0.269,9.604,50.563,322.106,0.602,-2.916,239.906,0
64198,0.269,9.604,50.563,322.369,0.595,-2.951,239.906,0
64199,0.269,9.604,50.563,322.369,0.601,-2.971,239.906,0
64200,0.269,9.604,50.563,322.106,0.598,-2.994,240.211,0
64201,0.269,9.604,50.595,322.369,0.598,-2.998,240.211,0
64202,0.269,9.604,50.595,322.106,0.603,-3.002,240.211,0
64203,0.269,9.604,50.628,322.106,0.595,-2.916,240.211,0
64204,0.269,9.604,50.628,322.369,0.603,-2.843,240.211,0
64205,0.269,9.604,50.660,322.369,0.592,-2.870,240.211,0
64206,0.084,9.525,50.660,322.369,0.602,-2.912,240.211,0
64207,0.084,9.525,50.660,322.369,0.593,-2.943,240.211,0
64208,0.084,9.525,50.693,322.369,0.601,-2.974,240.211,0
64209,0.084,9.525,50.725,322.369,0.595,-2.998,240.515,0
64210,0.084,9.525,50.758,322.369,0.600,-3.002,240.211,0
64211,0.084,9.525,50.758,322.369,0.598,-2.928,240.211,0
64212,0.084,9.525,50.758,322.631,0.598,-2.800,240.211,0
64213,0.084,9.525,50.791,322.369,0.600,-2.808,240.211,0
64214,0.084,9.525,50.791,322.369,0.595,-2.858,240.211,0
64215,0.084,9.525,50.823,322.631,0.603,-2.912,240.211,0
64216,0.211,9.443,50.823,322.631,0.592,-2.947,240.211,0
64217,0.211,9.443,50.791,322.631,0.603,-2.978,240.211,0
64218,0.211,9.443,50.823,322.631,0.592,-2.998,240.211,0
64219,0.211,9.443,50.823,322.631,0.600,-3.002,240.211,0
64220,0.211,9.443,50.791,322.631,0.594,-2.850,240.515,0
64221,0.211,9.443,50.791,322.894,0.602,-2.742,240.515,0
64222,0.211,9.443,50.758,322.894,0.596,-2.781,240.515,0
64223,0.211,9.443,50.758,322.894,0.600,-2.843,240.211,0
64224,0.211,9.443,50.758,323.156,0.599,-2.901,240.211,0
64225,0.211,9.443,50.758,323.419,0.594,-2.936,239.906,0
64226,0.337,9.335,50.725,323.419,0.603,-2.971,240.211,0
64227,0.337,9.335,50.693,323.419,0.593,-3.002,240.515,0
64228,0.337,9.335,50.693,323.419,0.601,-2.990,240.211,0
64229,0.337,9.335,50.660,323.681,0.592,-2.986,239.906,0
64230,0.337,9.335,50.660,323.681,0.601,-2.963,240.211,0
64231,0.337,9.335,50.628,323.944,0.595,-2.982,240.211,0
64232,0.337,9.335,50.628,323.944,0.597,-2.998,239.906,0
64233,0.337,9.335,50.628,323.944,0.599,-3.005,240.211,0
64234,0.337,9.335,50.595,323.944,0.592,-2.978,240.211,0
64235,0.337,9.335,50.595,324.206,0.602,-2.928,240.211,0
64236,0.237,9.229,50.563,324.206,0.591,-2.947,239.906,0
64237,0.237,9.229,50.563,324.469,0.600,-2.982,239.906,0
64238,0.237,9.229,50.563,324.469,0.591,-3.002,239.906,0
64239,0.237,9.229,50.563,324.206,0.599,-3.002,239.906,0
64240,0.237,9.229,50.563,324.469,0.597,-2.916,239.906,0
64241,0.237,9.229,50.563,324.731,0.596,-2.847,239.906,0
64242,0.237,9.229,50.563,324.731,0.601,-2.866,239.906,0
64243,0.237,9.229,50.595,324.731,0.593,-2.920,239.906,0
64244,0.237,9.229,50.595,324.994,0.600,-2.951,239.906,0
64245,0.237,9.229,50.595,324.994,0.592,-2.978,240.211,0
64246,0.136,9.234,50.628,325.256,0.602,-3.005,240.211,0
64247,0.136,9.234,50.660,324.994,0.595,-2.963,240.211,0
64248,0.136,9.234,50.660,324.994,0.600,-2.920,240.211,0
64249,0.136,9.234,50.693,325.256,0.597,-2.912,240.211,0
64250,0.136,9.234,50.693,325.519,0.595,-2.943,240.211,0
64251,0.136,9.234,50.725,325.519,0.600,-2.971,240.211,0
64252,0.136,9.234,50.725,325.781,0.594,-2.994,240.211,0
64253,0.136,9.234,50.758,325.781,0.601,-2.998,240.211,0
64254,0.136,9.234,50.791,325.781,0.592,-2.963,240.211,0
64255,0.136,9.234,50.758,326.044,0.601,-2.932,240.211,0
64256,0.209,9.238,50.791,326.044,0.591,-2.881,240.211,0
64257,0.209,9.238,50.791,326.044,0.602,-2.912,240.211,0
64258,0.209,9.238,50.791,326.306,0.595,-2.943,240.820,0
64259,0.209,9.238,50.823,326.044,0.603,-2.971,241.124,0
64260,0.209,9.238,50.791,326.044,0.598,-3.002,241.124,0
64261,0.209,9.238,50.791,326.306,0.605,-3.002,241.124,0
64262,0.209,9.238,50.823,326.044,0.595,-2.959,240.820,0
64263,0.209,9.238,50.791,326.306,0.605,-2.796,240.820,0
64264,0.209,9.238,50.758,326.569,0.594,-2.719,241.124,0
64265,0.209,9.238,50.758,326.832,0.604,-2.777,241.124,0
64266,0.282,9.278,50.758,326.832,0.594,-2.843,240.820,0
64267,0.282,9.278,50.725,326.569,0.603,-2.889,240.820,0
64268,0.282,9.278,50.725,326.569,0.592,-2.924,240.820,0
64269,0.282,9.278,50.725,326.569,0.597,-2.955,240.820,0
64270,0.282,9.278,50.693,326.832,0.603,-2.994,240.820,0
64271,0.282,9.278,50.660,326.832,0.604,-2.990,240.820,0
64272,0.282,9.278,50.660,326.569,0.596,-3.005,240.820,0
64273,0.282,9.278,50.660,326.832,0.602,-2.908,240.820,0
64274,0.282,9.278,50.628,326.832,0.595,-2.738,240.820,0
64275,0.282,9.278,50.595,326.832,0.601,-2.765,240.820,0
64276,0.377,9.318,50.595,326.832,0.598,-2.831,240.820,0
64277,0.377,9.318,50.595,326.832,0.598,-2.881,240.515,0
64278,0.377,9.318,50.563,326.832,0.599,-2.920,240.515,0
64279,0.377,9.318,50.563,326.832,0.595,-2.955,240.515,0
64280,0.377,9.318,50.563,326.569,0.602,-2.986,240.820,0
64281,0.377,9.318,50.530,326.569,0.594,-3.005,240.820,0
64282,0.377,9.318,50.563,326.569,0.603,-2.955,240.515,0
64283,0.377,9.318,50.563,326.832,0.593,-2.858,240.515,0
64284,0.377,9.318,50.563,326.832,0.602,-2.823,240.515,0
64285,0.377,9.318,50.595,326.569,0.594,-2.877,240.515,0
64286,0.471,9.444,50.595,326.832,0.602,-2.912,240.820,0
64287,0.471,9.444,50.595,326.832,0.595,-2.959,240.515,0
64288,0.471,9.444,50.628,326.569,0.600,-2.982,240.515,0
64289,0.471,9.444,50.660,326.569,0.598,-3.002,240.515,0
64290,0.471,9.444,50.693,326.306,0.595,-3.002,240.820,0
64291,0.471,9.444,50.693,326.569,0.601,-2.943,240.820,0
64292,0.471,9.444,50.725,326.569,0.595,-2.850,240.820,0
64293,0.471,9.444,50.725,326.306,0.605,-2.885,240.820,0
64294,0.471,9.444,50.758,326.306,0.594,-2.912,240.820,0
64295,0.471,9.444,50.758,326.306,0.602,-2.959,240.820,0
64296,0.284,9.574,50.791,326.044,0.593,-2.986,240.820,0
64297,0.284,9.574,50.791,326.044,0.603,-3.002,240.515,0
64298,0.284,9.574,50.823,325.781,0.595,-2.963,240.820,0
64299,0.284,9.574,50.823,326.044,0.605,-2.843,240.820,0
64300,0.284,9.574,50.823,325.781,0.595,-2.746,241.124,0
64301,0.284,9.574,50.823,325.519,0.605,-2.808,241.124,0
64302,0.284,9.574,50.823,325.519,0.596,-2.839,240.820,0
64303,0.284,9.574,50.823,325.519,0.602,-2.889,240.820,0
64304,0.284,9.574,50.823,325.256,0.596,-2.928,240.820,0
64305,0.284,9.574,50.823,325.256,0.600,-2.951,240.820,0
64306,0.098,9.515,50.791,325.256,0.599,-2.974,240.820,0
64307,0.098,9.515,50.791,325.256,0.599,-2.990,240.820,0
64308,0.098,9.515,50.758,325.256,0.599,-3.002,240.515,0
64309,0.098,9.515,50.758,324.731,0.596,-2.998,240.820,0
64310,0.098,9.515,50.725,324.994,0.600,-2.947,240.515,0
64311,0.098,9.515,50.725,324.994,0.596,-2.928,240.820,0
64312,0.098,9.515,50.693,324.731,0.603,-2.939,240.515,0
64313,0.098,9.515,50.693,324.731,0.594,-2.967,240.515,0
64314,0.098,9.515,50.660,324.469,0.603,-2.986,240.820,0
64315,0.098,9.515,50.628,324.206,0.594,-3.005,240.820,0
64316,0.191,9.451,50.628,324.206,0.601,-2.908,240.211,0
64317,0.191,9.451,50.595,324.206,0.592,-2.765,240.211,0
64318,0.191,9.451,50.595,323.944,0.601,-2.758,240.211,0
64319,0.191,9.451,50.595,323.944,0.592,-2.808,240.515,0
64320,0.191,9.451,50.563,323.681,0.601,-2.874,239.906,0
64321,0.191,9.451,50.563,323.419,0.594,-2.905,239.906,0
64322,0.191,9.451,50.563,323.156,0.600,-2.939,240.211,0
64323,0.191,9.451,50.563,323.156,0.597,-2.967,240.211,0
64324,0.191,9.451,50.563,322.894,0.598,-2.974,240.211,0
64325,0.191,9.451,50.563,322.894,0.603,-3.002,240.211,0
64326,0.282,9.471,50.595,322.631,0.594,-3.005,240.211,0
64327,0.282,9.471,50.595,322.894,0.603,-2.881,240.211,0
64328,0.282,9.471,50.595,322.631,0.594,-2.727,240.211,0
64329,0.282,9.471,50.628,322.369,0.603,-2.762,240.211,0
64330,0.282,9.471,50.660,322.369,0.594,-2.827,239.906,0
64331,0.282,9.471,50.660,322.106,0.603,-2.881,240.211,0
64332,0.282,9.471,50.693,322.106,0.598,-2.916,240.211,0
64333,0.282,9.471,50.693,322.106,0.598,-2.947,240.515,0
64334,0.282,9.471,50.725,321.844,0.604,-2.978,240.515,0
64335,0.282,9.471,50.725,321.844,0.595,-2.994,240.211,0
64336,0.299,9.491,50.758,321.844,0.603,-3.002,240.211,0
64337,0.299,9.491,50.791,321.844,0.594,-2.951,240.211,0
64338,0.299,9.491,50.791,321.844,0.604,-2.823,240.515,0
64339,0.299,9.491,50.791,321.844,0.594,-2.785,240.515,0
64340,0.299,9.491,50.823,321.844,0.601,-2.835,240.515,0
64341,0.299,9.491,50.823,321.844,0.598,-2.897,240.515,0
64342,0.299,9.491,50.823,321.581,0.598,-2.932,240.515,0
64343,0.299,9.491,50.823,321.844,0.601,-2.967,240.515,0
64344,0.299,9.491,50.823,321.844,0.594,-2.986,240.515,0
64345,0.299,9.491,50.791,321.844,0.604,-3.005,240.211,0
64346,0.314,9.525,50.823,321.844,0.592,-2.924,240.515,0
64347,0.314,9.525,50.791,321.844,0.601,-2.796,240.211,0
64348,0.314,9.525,50.791,321.844,0.595,-2.792,240.211,0
64349,0.314,9.525,50.758,321.844,0.600,-2.839,240.211,0
64350,0.314,9.525,50.758,321.844,0.596,-2.897,240.211,0
64351,0.314,9.525,50.725,321.844,0.599,-2.936,240.515,0
64352,0.314,9.525,50.725,321.844,0.600,-2.959,240.211,0
64353,0.314,9.525,50.693,321.844,0.594,-2.986,240.211,0
64354,0.314,9.525,50.693,321.844,0.602,-3.005,240.211,0
64355,0.314,9.525,50.693,321.844,0.592,-2.978,240.211,0
64356,0.363,9.559,50.628,321.844,0.601,-2.877,240.211,0
64357,0.363,9.559,50.628,322.106,0.594,-2.843,239.906,0
64358,0.363,9.559,50.628,322.106,0.602,-2.893,239.906,0
64359,0.363,9.559,50.595,322.106,0.597,-2.928,240.211,0
64360,0.363,9.559,50.595,322.106,0.598,-2.955,240.211,0
64361,0.363,9.559,50.563,322.106,0.599,-2.974,240.211,0
64362,0.363,9.559,50.563,322.106,0.595,-2.990,240.211,0
64363,0.363,9.559,50.595,322.369,0.604,-2.990,240.211,0
64364,0.363,9.559,50.563,322.369,0.592,-3.005,240.211,0
64365,0.363,9.559,50.563,322.369,0.603,-2.971,240.211,0
64366,0.413,9.396,50.563,322.631,0.592,-2.905,240.211,0
64367,0.413,9.396,50.595,322.631,0.603,-2.905,240.211,0
64368,0.413,9.396,50.595,322.631,0.594,-2.936,240.211,0
64369,0.413,9.396,50.595,322.631,0.601,-2.963,240.211,0
64370,0.413,9.396,50.595,322.631,0.598,-2.982,240.211,0
64371,0.413,9.396,50.628,322.894,0.596,-3.002,239.906,0
64372,0.413,9.396,50.660,322.894,0.601,-2.998,240.211,0
64373,0.413,9.396,50.660,322.894,0.594,-2.963,240.211,0
64374,0.413,9.396,50.693,322.894,0.603,-2.936,240.211,0
64375,0.413,9.396,50.693,322.894,0.592,-2.908,240.211,0
64376,0.349,9.234,50.725,322.894,0.602,-2.928,240.211,0
64377,0.349,9.234,50.758,322.894,0.593,-2.971,240.211,0
64378,0.349,9.234,50.758,323.156,0.602,-3.002,240.211,0
64379,0.349,9.234,50.758,323.156,0.595,-2.998,240.515,0
64380,0.349,9.234,50.791,323.156,0.603,-2.990,240.515,0
64381,0.349,9.234,50.791,322.894,0.598,-2.986,240.515,0
64382,0.349,9.234,50.791,323.156,0.598,-3.005,240.515,0
64383,0.349,9.234,50.823,323.156,0.600,-2.978,240.211,0
64384,0.349,9.234,50.791,323.156,0.595,-2.835,240.211,0
64385,0.349,9.234,50.791,323.419,0.603,-2.750,240.515,0
64386,0.284,8.726,50.791,323.419,0.594,-2.823,240.211,0
64387,0.284,8.726,50.791,323.681,0.603,-2.870,240.211,0
64388,0.284,8.726,50.791,323.681,0.593,-2.912,240.211,0
64389,0.284,8.726,50.791,323.681,0.602,-2.951,240.211,0
64390,0.284,8.726,50.758,323.419,0.595,-2.982,240.211,0
64391,0.284,8.726,50.758,323.681,0.600,-2.994,240.515,0
64392,0.284,8.726,50.758,323.944,0.599,-2.990,240.211,0
64393,0.284,8.726,50.725,324.206,0.596,-2.978,240.211,0
64394,0.284,8.726,50.693,324.206,0.601,-3.002,240.211,0
64395,0.284,8.726,50.725,323.944,0.600,-2.986,240.211,0
64396,0.348,8.216,50.660,324.469,0.602,-2.816,239.906,0
64397,0.348,8.216,50.660,324.469,0.592,-2.762,240.211,0
64398,0.348,8.216,50.628,324.469,0.601,-2.800,239.906,0
64399,0.348,8.216,50.628,324.731,0.594,-2.874,239.906,0
64400,0.348,8.216,50.595,324.731,0.601,-2.916,239.602,0
64401,0.348,8.216,50.595,324.731,0.596,-2.955,239.906,0
64402,0.348,8.216,50.595,324.731,0.601,-2.974,240.211,0
64403,0.348,8.216,50.563,324.994,0.592,-2.998,240.211,0
64404,0.348,8.216,50.563,324.994,0.600,-2.998,240.211,0
64405,0.348,8.216,50.563,325.256,0.594,-2.971,239.906,0
64406,0.412,8.591,50.563,325.519,0.597,-2.916,239.906,0
64407,0.412,8.591,50.563,325.519,0.599,-2.939,239.906,0
64408,0.412,8.591,50.563,325.519,0.594,-2.978,239.906,0
64409,0.412,8.591,50.595,325.519,0.602,-2.990,239.602,0
64410,0.412,8.591,50.595,325.519,0.592,-3.002,239.906,0
64411,0.412,8.591,50.595,325.781,0.602,-2.967,239.906,0
64412,0.412,8.591,50.628,326.044,0.594,-2.854,239.602,0
64413,0.412,8.591,50.628,326.044,0.603,-2.847,239.906,0
64414,0.412,8.591,50.628,326.044,0.593,-2.897,240.211,0
64415,0.412,8.591,50.660,326.044,0.603,-2.932,240.211,0
64416,0.352,8.966,50.693,326.044,0.596,-2.963,239.906,0
64417,0.352,8.966,50.693,326.306,0.602,-2.986,240.515,0
64418,0.352,8.966,50.725,326.569,0.600,-3.002,240.820,0
64419,0.352,8.966,50.758,326.569,0.599,-2.998,240.515,0
64420,0.352,8.966,50.758,326.569,0.599,-2.963,240.820,0
64421,0.352,8.966,50.791,326.569,0.599,-2.905,240.820,0
64422,0.352,8.966,50.791,326.832,0.602,-2.881,240.515,0
64423,0.352,8.966,50.791,326.832,0.598,-2.908,240.515,0
64424,0.352,8.966,50.823,327.094,0.605,-2.943,240.515,0
64425,0.352,8.966,50.823,327.094,0.596,-2.967,241.124,0
64426,0.293,9.060,50.823,327.094,0.606,-2.986,240.820,0
64427,0.293,9.060,50.823,327.357,0.595,-3.002,241.429,0
64428,0.293,9.060,50.823,327.094,0.606,-2.994,241.429,0
64429,0.293,9.060,50.791,327.094,0.596,-2.971,241.124,0
64430,0.293,9.060,50.791,327.094,0.606,-2.986,241.124,0
64431,0.293,9.060,50.758,327.094,0.594,-3.005,241.124,0
64432,0.293,9.060,50.758,327.094,0.605,-2.990,240.820,0
64433,0.293,9.060,50.758,327.357,0.595,-2.920,241.124,0
64434,0.293,9.060,50.725,327.357,0.607,-2.901,241.124,0
64435,0.293,9.060,50.725,327.094,0.596,-2.939,241.124,0
64436,0.272,9.154,50.693,327.094,0.605,-2.971,241.124,0
64437,0.272,9.154,50.693,327.094,0.600,-2.998,241.124,0
64438,0.272,9.154,50.693,327.094,0.608,-2.998,241.124,0
64439,0.272,9.154,50.660,327.094,0.601,-2.955,241.124,0
64440,0.272,9.154,50.628,327.094,0.603,-2.928,241.124,0
64441,0.272,9.154,50.628,326.832,0.605,-2.955,241.429,0
64442,0.272,9.154,50.595,326.832,0.600,-2.994,241.124,0
64443,0.272,9.154,50.595,326.832,0.607,-3.009,241.124,0
64444,0.272,9.154,50.595,326.569,0.597,-2.955,241.124,0
64445,0.272,9.154,50.563,326.832,0.606,-2.723,240.820,0
64446,0.252,9.106,50.563,326.832,0.595,-2.681,240.515,0
64447,0.252,9.106,50.563,326.832,0.604,-2.762,240.820,0
64448,0.252,9.106,50.563,326.832,0.595,-2.831,241.124,0
64449,0.252,9.106,50.563,326.569,0.602,-2.881,241.124,0
64450,0.252,9.106,50.563,326.569,0.596,-2.920,240.820,0
64451,0.252,9.106,50.595,326.306,0.601,-2.963,240.515,0
64452,0.252,9.106,50.595,326.569,0.598,-2.978,240.820,0
64453,0.252,9.106,50.595,326.569,0.598,-2.998,240.515,0
64454,0.252,9.106,50.628,326.306,0.601,-3.002,240.820,0
64455,0.252,9.106,50.628,326.306,0.596,-2.971,240.820,0
64456,0.193,9.057,50.660,326.044,0.603,-2.955,240.515,0
64457,0.193,9.057,50.660,326.044,0.594,-2.990,240.820,0
64458,0.193,9.057,50.693,326.044,0.604,-3.002,240.820,0
64459,0.193,9.057,50.725,326.044,0.594,-2.978,241.124,0
64460,0.193,9.057,50.725,326.044,0.605,-2.874,240.820,0
64461,0.193,9.057,50.758,325.781,0.595,-2.885,240.820,0
64462,0.193,9.057,50.758,325.519,0.605,-2.928,240.820,0
64463,0.193,9.057,50.791,325.519,0.596,-2.967,240.820,0
64464,0.193,9.057,50.791,325.519,0.606,-2.986,240.820,0
64465,0.193,9.057,50.823,325.256,0.598,-2.998,240.820,0
64466,0.132,9.016,50.823,325.256,0.603,-2.990,240.820,0
64467,0.132,9.016,50.823,325.256,0.596,-2.943,240.820,0
64468,0.132,9.016,50.823,324.994,0.603,-2.967,241.124,0
64469,0.132,9.016,50.823,324.994,0.599,-2.986,240.820,0
64470,0.132,9.016,50.823,324.994,0.602,-2.998,241.124,0
64471,0.132,9.016,50.791,324.731,0.601,-2.990,241.124,0
64472,0.132,9.016,50.791,324.731,0.601,-2.959,240.820,0
64473,0.132,9.016,50.758,324.731,0.602,-2.963,240.820,0
64474,0.132,9.016,50.758,324.469,0.598,-2.982,241.124,0
64475,0.132,9.016,50.725,324.469,0.604,-3.005,241.124,0
64476,0.095,8.974,50.725,323.944,0.597,-2.955,241.124,0
64477,0.095,8.974,50.725,324.206,0.607,-2.816,240.820,0
64478,0.095,8.974,50.693,324.206,0.595,-2.777,240.820,0
64479,0.095,8.974,50.660,324.206,0.606,-2.823,240.820,0
64480,0.095,8.974,50.660,323.944,0.596,-2.877,240.820,0
64481,0.095,8.974,50.628,323.681,0.605,-2.912,241.124,0
64482,0.095,8.974,50.628,323.419,0.595,-2.947,240.515,0
64483,0.095,8.974,50.628,323.419,0.604,-2.967,240.211,0
64484,0.095,8.974,50.628,323.419,0.597,-2.978,240.211,0
64485,0.095,8.974,50.595,323.156,0.604,-2.994,240.211,0
64486,0.057,8.982,50.595,322.894,0.599,-3.002,240.211,0
64487,0.057,8.982,50.595,322.894,0.600,-2.990,240.515,0
64488,0.057,8.982,50.563,322.894,0.603,-2.978,240.211,0
64489,0.057,8.982,50.595,322.631,0.596,-2.994,240.211,0
64490,0.057,8.982,50.595,322.631,0.604,-3.002,240.211,0
64491,0.057,8.982,50.595,322.369,0.594,-2.986,240.211,0
64492,0.057,8.982,50.595,322.369,0.604,-2.955,240.211,0
64493,0.057,8.982,50.595,322.369,0.596,-2.947,240.211,0
64494,0.057,8.982,50.595,322.106,0.604,-2.974,240.515,0
64495,0.057,8.982,50.628,322.106,0.600,-3.005,240.515,0
64496,0.258,8.990,50.660,321.844,0.598,-2.994,240.211,0
64497,0.258,8.990,50.660,321.844,0.603,-2.982,240.515,0
64498,0.258,8.990,50.660,321.844,0.596,-2.939,240.515,0
64499,0.258,8.990,50.693,321.581,0.605,-2.947,240.211,0
64500,0.258,8.990,50.693,321.844,0.596,-2.978,240.515,0
64501,0.258,8.990,50.725,321.581,0.604,-3.002,240.515,0
64502,0.258,8.990,50.758,321.319,0.597,-2.986,240.515,0
64503,0.258,8.990,50.725,321.319,0.603,-2.877,240.515,0
64504,0.258,8.990,50.758,321.319,0.601,-2.858,240.515,0
64505,0.258,8.990,50.758,321.581,0.598,-2.905,240.515,0
64506,0.459,9.100,50.791,321.319,0.605,-2.951,240.211,0
64507,0.459,9.100,50.791,321.581,0.596,-2.986,240.211,0
64508,0.459,9.100,50.791,321.581,0.603,-3.002,240.211,0
64509,0.459,9.100,50.791,321.319,0.594,-2.986,240.211,0
64510,0.459,9.100,50.791,321.581,0.600,-2.808,240.211,0
64511,0.459,9.100,50.791,321.581,0.595,-2.765,240.515,0
64512,0.459,9.100,50.758,321.581,0.601,-2.823,240.820,0
64513,0.459,9.100,50.758,321.581,0.598,-2.881,240.211,0
64514,0.459,9.100,50.758,321.844,0.598,-2.928,240.211,0
64515,0.459,9.100,50.725,321.844,0.602,-2.959,239.906,0
64516,0.387,9.213,50.725,321.844,0.594,-2.986,240.211,0
64517,0.387,9.213,50.725,321.844,0.605,-3.002,240.211,0
64518,0.387,9.213,50.725,321.844,0.595,-2.994,240.211,0
64519,0.387,9.213,50.693,322.106,0.605,-2.959,240.211,0
64520,0.387,9.213,50.660,322.106,0.596,-2.955,240.211,0
64521,0.387,9.213,50.660,322.106,0.607,-2.982,240.515,0
64522,0.387,9.213,50.628,321.844,0.599,-3.002,240.515,0
64523,0.387,9.213,50.628,321.844,0.603,-2.998,240.515,0
64524,0.387,9.213,50.628,322.106,0.601,-2.986,240.211,0
64525,0.387,9.213,50.595,322.106,0.600,-2.971,240.211,0
64526,0.316,9.303,50.595,322.106,0.603,-2.978,240.515,0
64527,0.316,9.303,50.595,322.369,0.598,-2.998,240.515,0
64528,0.316,9.303,50.595,322.369,0.605,-2.998,240.211,0
64529,0.316,9.303,50.563,322.369,0.596,-2.971,240.515,0
64530,0.316,9.303,50.563,322.369,0.605,-2.959,240.211,0
64531,0.316,9.303,50.563,322.369,0.597,-2.982,240.515,0
64532,0.316,9.303,50.595,322.631,0.606,-3.002,240.515,0
64533,0.316,9.303,50.595,322.631,0.597,-2.998,240.515,0
64534,0.316,9.303,50.595,322.894,0.605,-2.967,240.515,0
64535,0.316,9.303,50.595,322.894,0.594,-2.963,240.515,0
64536,0.177,9.393,50.628,322.894,0.605,-2.978,240.515,0
64537,0.177,9.393,50.660,322.894,0.605,-3.002,240.515,0
64538,0.177,9.393,50.660,322.894,0.598,-2.994,240.515,0
64539,0.177,9.393,50.693,323.156,0.606,-2.951,240.515,0
64540,0.177,9.393,50.693,323.156,0.596,-2.963,240.820,0
64541,0.177,9.393,50.725,323.156,0.605,-2.986,240.515,0
64542,0.177,9.393,50.758,322.894,0.597,-3.005,240.515,0
64543,0.177,9.393,50.758,322.894,0.606,-2.955,240.515,0
64544,0.177,9.393,50.758,323.419,0.596,-2.754,240.515,0
64545,0.177,9.393,50.758,323.419,0.603,-2.712,240.515,0
64546,0.037,9.447,50.791,323.419,0.596,-2.773,240.820,0
64547,0.037,9.447,50.791,323.419,0.606,-2.835,240.820,0
64548,0.037,9.447,50.791,323.419,0.595,-2.885,240.515,0
64549,0.037,9.447,50.791,323.681,0.604,-2.928,240.211,0
64550,0.037,9.447,50.791,323.681,0.599,-2.951,240.820,0
64551,0.037,9.447,50.791,323.681,0.599,-2.974,240.515,0
64552,0.037,9.447,50.791,323.681,0.601,-2.998,240.211,0
64553,0.037,9.447,50.791,323.681,0.595,-2.994,239.906,0
64554,0.037,9.447,50.758,323.944,0.604,-2.877,240.211,0
64555,0.037,9.447,50.758,323.944,0.594,-2.765,240.211,0
64556,0.127,9.499,50.758,323.944,0.602,-2.808,240.211,0
64557,0.127,9.499,50.758,323.944,0.593,-2.862,240.211,0
64558,0.127,9.499,50.725,324.206,0.603,-2.908,240.211,0
64559,0.127,9.499,50.725,324.206,0.598,-2.947,240.515,0
64560,0.127,9.499,50.693,324.206,0.600,-2.982,241.124,0
64561,0.127,9.499,50.660,324.469,0.602,-2.994,241.124,0
64562,0.127,9.499,50.660,324.469,0.597,-3.002,240.820,0
64563,0.127,9.499,50.628,324.469,0.606,-2.936,240.211,0
64564,0.127,9.499,50.628,324.731,0.595,-2.839,239.906,0
64565,0.127,9.499,50.595,324.731,0.604,-2.877,239.906,0
64566,0.217,9.337,50.595,324.994,0.595,-2.916,240.211,0
64567,0.217,9.337,50.563,324.994,0.605,-2.955,240.211,0
64568,0.217,9.337,50.563,325.256,0.599,-2.990,240.211,0
64569,0.217,9.337,50.563,325.256,0.599,-3.002,240.515,0
64570,0.217,9.337,50.563,325.519,0.604,-2.943,240.820,0
64571,0.217,9.337,50.563,325.519,0.597,-2.893,240.515,0
64572,0.217,9.337,50.563,325.519,0.607,-2.905,240.515,0
64573,0.217,9.337,50.563,325.781,0.597,-2.943,240.515,0
64574,0.217,9.337,50.563,326.044,0.605,-2.974,240.211,0
64575,0.217,9.337,50.563,326.044,0.595,-2.994,240.515,0
64576,0.228,9.176,50.628,325.781,0.604,-3.002,240.515,0
64577,0.228,9.176,50.628,325.781,0.598,-2.928,240.515,0
64578,0.228,9.176,50.628,326.044,0.605,-2.835,240.515,0
64579,0.228,9.176,50.660,326.306,0.603,-2.858,241.124,0
64580,0.228,9.176,50.660,326.306,0.601,-2.901,241.429,0
64581,0.228,9.176,50.693,326.306,0.604,-2.936,241.429,0
64582,0.228,9.176,50.725,326.306,0.600,-2.971,241.429,0
64583,0.228,9.176,50.758,326.569,0.606,-2.990,241.429,0
64584,0.228,9.176,50.758,326.569,0.599,-3.002,241.429,0
64585,0.228,9.176,50.791,326.569,0.607,-2.994,241.429,0
64586,0.237,9.349,50.791,326.569,0.598,-2.990,241.124,0
64587,0.237,9.349,50.791,326.832,0.605,-2.978,241.429,0
64588,0.237,9.349,50.791,327.094,0.598,-2.998,241.429,0
64589,0.237,9.349,50.823,327.094,0.605,-2.994,241.124,0
64590,0.237,9.349,50.823,327.094,0.595,-2.971,240.820,0
64591,0.237,9.349,50.823,327.094,0.606,-2.943,240.820,0
64592,0.237,9.349,50.823,327.094,0.595,-2.963,240.820,0
64593,0.237,9.349,50.791,327.357,0.604,-2.986,241.124,0
64594,0.237,9.349,50.823,327.357,0.595,-3.002,241.429,0
64595,0.237,9.349,50.791,327.357,0.604,-3.002,241.124,0
64596,0.220,9.519,50.758,327.357,0.596,-2.971,241.124,0
64597,0.220,9.519,50.758,327.094,0.605,-2.963,240.820,0
64598,0.220,9.519,50.758,327.094,0.597,-2.978,241.124,0
64599,0.220,9.519,50.725,327.357,0.606,-3.002,240.820,0
64600,0.220,9.519,50.725,326.832,0.597,-2.998,241.124,0
64601,0.220,9.519,50.693,327.094,0.604,-2.885,241.124,0
64602,0.220,9.519,50.660,327.094,0.599,-2.812,240.820,0
64603,0.220,9.519,50.660,326.832,0.601,-2.843,240.820,0
64604,0.220,9.519,50.628,326.832,0.602,-2.897,240.820,0
64605,0.220,9.519,50.628,326.832,0.598,-2.936,240.820,0
64606,0.203,9.604,50.595,326.832,0.605,-2.971,240.820,0
64607,0.203,9.604,50.595,326.569,0.596,-2.994,241.429,0
64608,0.203,9.604,50.595,326.569,0.606,-3.002,241.124,0
64609,0.203,9.604,50.563,326.832,0.595,-2.947,240.820,0
64610,0.203,9.604,50.563,326.569,0.606,-2.870,241.124,0
64611,0.203,9.604,50.563,326.569,0.596,-2.889,241.124,0
64612,0.203,9.604,50.563,326.306,0.605,-2.928,240.820,0
64613,0.203,9.604,50.563,326.306,0.599,-2.963,240.820,0
64614,0.203,9.604,50.563,326.306,0.603,-2.994,241.124,0
64615,0.203,9.604,50.595,326.306,0.601,-3.002,241.124,0
64616,0.253,9.688,50.628,326.044,0.599,-2.986,241.124,0
64617,0.253,9.688,50.595,326.044,0.604,-2.839,241.124,0
64618,0.253,9.688,50.628,326.044,0.597,-2.781,240.820,0
64619,0.253,9.688,50.628,326.044,0.604,-2.827,241.124,0
64620,0.253,9.688,50.660,326.044,0.597,-2.893,241.124,0
64621,0.253,9.688,50.693,325.781,0.606,-2.936,241.124,0
64622,0.253,9.688,50.693,325.781,0.596,-2.974,241.124,0
64623,0.253,9.688,50.725,325.519,0.607,-2.994,241.124,0
64624,0.253,9.688,50.758,325.519,0.595,-3.002,241.124,0
64625,0.253,9.688,50.758,325.519,0.604,-2.982,240.820,0
64626,0.302,9.438,50.758,325.256,0.595,-2.971,240.820,0
64627,0.302,9.438,50.791,325.256,0.606,-2.974,241.124,0
64628,0.302,9.438,50.791,325.256,0.596,-3.002,241.124,0
64629,0.302,9.438,50.823,324.994,0.604,-2.967,240.820,0
64630,0.302,9.438,50.791,325.256,0.595,-2.881,240.820,0
64631,0.302,9.438,50.791,324.994,0.604,-2.812,240.820,0
64632,0.302,9.438,50.823,324.731,0.594,-2.854,240.820,0
64633,0.302,9.438,50.791,324.731,0.601,-2.901,241.124,0
64634,0.302,9.438,50.791,324.469,0.597,-2.943,241.124,0
64635,0.302,9.438,50.791,324.731,0.603,-2.963,241.124,0
64636,0.263,9.190,50.758,324.206,0.599,-2.990,240.820,0
64637,0.263,9.190,50.758,324.206,0.601,-2.994,240.820,0
64638,0.263,9.190,50.758,324.206,0.599,-3.005,241.124,0
64639,0.263,9.190,50.725,323.944,0.600,-2.959,240.820,0
64640,0.263,9.190,50.693,323.944,0.602,-2.881,241.124,0
64641,0.263,9.190,50.693,323.681,0.599,-2.901,240.820,0
64642,0.263,9.190,50.660,323.681,0.605,-2.924,240.515,0
64643,0.263,9.190,50.660,323.419,0.595,-2.963,240.211,0
64644,0.263,9.190,50.628,323.419,0.604,-2.986,240.515,0
64645,0.263,9.190,50.628,323.419,0.594,-3.002,240.211,0
64646,0.223,9.341,50.628,323.156,0.603,-2.990,240.211,0
64647,0.223,9.341,50.595,323.156,0.595,-2.951,240.515,0
64648,0.223,9.341,50.595,323.156,0.603,-2.947,239.906,0
64649,0.223,9.341,50.595,323.156,0.600,-2.967,240.515,0
64650,0.223,9.341,50.563,322.894,0.600,-2.990,240.211,0
64651,0.223,9.341,50.595,322.631,0.602,-2.998,240.211,0
64652,0.223,9.341,50.595,322.631,0.595,-2.982,240.211,0
64653,0.223,9.341,50.563,322.631,0.604,-2.947,240.211,0
64654,0.223,9.341,50.595,322.631,0.595,-2.963,240.515,0
64655,0.223,9.341,50.595,322.369,0.603,-2.982,240.515,0
64656,0.185,9.493,50.595,322.369,0.598,-3.002,240.211,0
64657,0.185,9.493,50.628,322.106,0.603,-2.994,240.211,0
64658,0.185,9.493,50.628,322.106,0.602,-2.932,240.515,0
64659,0.185,9.493,50.660,322.106,0.599,-2.939,240.515,0
64660,0.185,9.493,50.660,322.106,0.606,-2.967,240.211,0
64661,0.185,9.493,50.693,321.844,0.596,-2.998,240.515,0
64662,0.185,9.493,50.693,321.844,0.605,-3.002,240.515,0
64663,0.185,9.493,50.725,321.844,0.595,-2.971,240.515,0
64664,0.185,9.493,50.725,321.581,0.605,-2.963,240.515,0
64665,0.185,9.493,50.758,321.581,0.600,-2.986,240.515,0
64666,0.147,9.429,50.758,321.581,0.604,-3.013,240.515,0
64667,0.147,9.429,50.758,321.581,0.603,-2.939,240.820,0
64668,0.147,9.429,50.758,321.581,0.599,-2.800,241.124,0
64669,0.147,9.429,50.758,321.581,0.605,-2.781,240.820,0
64670,0.147,9.429,50.791,321.581,0.596,-2.843,240.820,0
64671,0.147,9.429,50.791,321.581,0.602,-2.889,240.515,0
64672,0.147,9.429,50.791,321.581,0.600,-2.936,240.820,0
64673,0.147,9.429,50.758,321.581,0.607,-2.967,240.820,0
64674,0.147,9.429,50.758,321.581,0.596,-2.994,240.515,0
64675,0.147,9.429,50.758,321.844,0.606,-3.002,240.515,0
64676,0.231,9.363,50.758,321.844,0.596,-3.002,240.515,0
64677,0.231,9.363,50.758,321.844,0.606,-2.874,240.515,0
64678,0.231,9.363,50.725,321.844,0.599,-2.781,240.515,0
64679,0.231,9.363,50.725,321.844,0.598,-2.816,240.820,0
64680,0.231,9.363,50.693,322.106,0.605,-2.877,240.515,0
64681,0.231,9.363,50.693,322.106,0.596,-2.928,240.820,0
64682,0.231,9.363,50.660,322.369,0.606,-2.955,240.515,0
64683,0.231,9.363,50.660,322.106,0.598,-2.978,240.515,0
64684,0.231,9.363,50.628,322.106,0.604,-3.005,240.515,0
64685,0.231,9.363,50.628,322.106,0.595,-2.971,240.515,0
64686,0.313,9.437,50.628,322.369,0.605,-2.932,240.820,0
64687,0.313,9.437,50.595,322.369,0.596,-2.928,240.515,0
64688,0.313,9.437,50.595,322.369,0.603,-2.959,240.515,0
64689,0.313,9.437,50.595,322.369,0.596,-2.982,240.515,0
64690,0.313,9.437,50.563,322.631,0.602,-2.998,240.515,0
64691,0.313,9.437,50.595,322.631,0.600,-3.002,240.211,0
64692,0.313,9.437,50.563,322.631,0.599,-2.870,240.211,0
64693,0.313,9.437,50.563,322.631,0.603,-2.758,240.515,0
64694,0.313,9.437,50.563,322.894,0.595,-2.789,240.515,0
64695,0.313,9.437,50.595,322.894,0.606,-2.847,240.515,0
64696,0.182,9.512,50.595,322.894,0.593,-2.893,240.515,0
64697,0.182,9.512,50.595,322.894,0.605,-2.920,240.211,0
64698,0.182,9.512,50.628,322.894,0.596,-2.943,240.211,0
64699,0.182,9.512,50.628,323.156,0.604,-2.967,240.515,0
64700,0.182,9.512,50.660,323.156,0.596,-2.986,240.211,0
64701,0.182,9.512,50.660,323.419,0.602,-3.002,240.211,0
64702,0.182,9.512,50.693,323.419,0.600,-3.002,240.515,0
64703,0.182,9.512,50.725,323.419,0.599,-2.982,240.515,0
64704,0.182,9.512,50.725,323.419,0.602,-2.951,240.211,0
64705,0.182,9.512,50.725,323.681,0.596,-2.936,240.515,0
64706,0.049,9.563,50.758,323.681,0.604,-2.955,240.515,0
64707,0.049,9.563,50.758,323.681,0.594,-2.986,240.515,0
64708,0.049,9.563,50.758,323.681,0.605,-2.994,240.515,0
64709,0.049,9.563,50.791,323.681,0.596,-2.998,240.211,0
64710,0.049,9.563,50.791,323.944,0.601,-2.959,240.211,0
64711,0.049,9.563,50.791,324.206,0.598,-2.916,240.515,0
64712,0.049,9.563,50.791,323.944,0.600,-2.939,240.515,0
64713,0.049,9.563,50.791,323.944,0.601,-2.967,240.820,0
64714,0.049,9.563,50.791,324.206,0.597,-2.990,240.515,0
64715,0.049,9.563,50.791,324.206,0.605,-3.002,240.515,0
64716,0.232,9.612,50.791,324.206,0.594,-2.924,240.515,0
64717,0.232,9.612,50.758,324.206,0.605,-2.800,240.515,0
64718,0.232,9.612,50.758,324.206,0.594,-2.800,240.515,0
64719,0.232,9.612,50.758,324.469,0.605,-2.854,240.820,0
64720,0.232,9.612,50.725,324.469,0.597,-2.893,240.515,0
64721,0.232,9.612,50.725,324.731,0.603,-2.932,240.515,0
64722,0.232,9.612,50.693,324.731,0.601,-2.963,240.515,0
64723,0.232,9.612,50.693,324.731,0.596,-2.978,240.211,0
64724,0.232,9.612,50.660,324.731,0.604,-3.002,240.211,0
64725,0.232,9.612,50.660,324.731,0.594,-2.967,240.211,0
64726,0.413,9.587,50.628,324.994,0.603,-2.839,240.211,0
64727,0.413,9.587,50.628,324.994,0.593,-2.831,240.211,0
64728,0.413,9.587,50.595,324.994,0.601,-2.893,240.515,0
64729,0.413,9.587,50.595,324.994,0.594,-2.928,240.211,0
64730,0.413,9.587,50.595,325.519,0.600,-2.963,240.211,0
64731,0.413,9.587,50.563,325.519,0.598,-2.990,240.211,0
64732,0.413,9.587,50.563,325.519,0.596,-3.005,240.211,0
64733,0.413,9.587,50.595,325.256,0.602,-2.990,240.211,0
64734,0.413,9.587,50.563,325.781,0.592,-2.800,240.211,0
64735,0.413,9.587,50.563,326.044,0.603,-2.685,240.211,0
64736,0.279,9.565,50.563,326.044,0.593,-2.742,240.211,0
64737,0.279,9.565,50.563,326.044,0.601,-2.812,240.211,0
64738,0.279,9.565,50.595,326.306,0.596,-2.870,240.515,0
64739,0.279,9.565,50.595,326.306,0.606,-2.916,240.820,0
64740,0.279,9.565,50.628,326.569,0.597,-2.936,241.124,0
64741,0.279,9.565,50.660,326.569,0.604,-2.963,240.820,0
64742,0.279,9.565,50.660,326.569,0.599,-2.990,241.124,0
64743,0.279,9.565,50.693,326.832,0.604,-3.005,240.820,0
64744,0.279,9.565,50.725,326.569,0.600,-2.998,240.820,0
64745,0.279,9.565,50.725,326.569,0.603,-2.955,241.124,0
64746,0.147,9.465,50.758,326.832,0.602,-2.924,241.429,0
64747,0.147,9.465,50.758,326.832,0.600,-2.912,241.429,0
64748,0.147,9.465,50.758,326.832,0.600,-2.943,241.124,0
64749,0.147,9.465,50.791,327.094,0.598,-2.974,241.124,0
64750,0.147,9.465,50.791,327.094,0.603,-2.994,241.124,0
64751,0.147,9.465,50.823,327.094,0.596,-2.998,241.124,0
64752,0.147,9.465,50.823,327.094,0.605,-2.998,240.820,0
64753,0.147,9.465,50.791,327.094,0.596,-2.994,240.820,0
64754,0.147,9.465,50.823,327.094,0.605,-2.982,240.820,0
64755,0.147,9.465,50.791,327.094,0.596,-2.963,241.124,0
64756,0.308,9.362,50.791,327.357,0.605,-2.982,241.124,0
64757,0.308,9.362,50.791,327.357,0.596,-3.002,240.820,0
64758,0.308,9.362,50.791,327.094,0.605,-2.998,240.820,0
64759,0.308,9.362,50.758,327.357,0.595,-2.870,240.820,0
64760,0.308,9.362,50.725,327.357,0.603,-2.769,240.820,0
64761,0.308,9.362,50.725,327.357,0.594,-2.808,241.124,0
64762,0.308,9.362,50.725,327.357,0.605,-2.858,241.124,0
64763,0.308,9.362,50.725,327.357,0.595,-2.889,240.820,0
64764,0.308,9.362,50.693,327.094,0.604,-2.928,240.820,0
64765,0.308,9.362,50.660,327.094,0.598,-2.939,240.820,0
64766,0.471,9.296,50.660,327.094,0.604,-2.974,241.429,0
64767,0.471,9.296,50.628,326.832,0.600,-2.986,241.429,0
64768,0.471,9.296,50.628,326.832,0.600,-2.998,241.124,0
64769,0.471,9.296,50.628,326.569,0.603,-2.998,241.124,0
64770,0.471,9.296,50.595,326.832,0.598,-2.932,241.124,0
64771,0.471,9.296,50.595,326.832,0.606,-2.858,240.820,0
64772,0.471,9.296,50.595,326.569,0.596,-2.885,240.820,0
64773,0.471,9.296,50.595,326.306,0.605,-2.916,240.820,0
64774,0.471,9.296,50.563,326.306,0.595,-2.947,240.820,0
64775,0.471,9.296,50.563,326.306,0.607,-2.994,241.124,0
64776,0.345,9.231,50.563,326.306,0.597,-2.998,240.820,0
64777,0.345,9.231,50.595,326.044,0.606,-2.998,241.124,0
64778,0.345,9.231,50.595,326.044,0.600,-2.843,240.820,0
64779,0.345,9.231,50.595,325.781,0.603,-2.762,241.124,0
64780,0.345,9.231,50.628,325.781,0.601,-2.792,241.124,0
64781,0.345,9.231,50.628,325.781,0.600,-2.854,241.429,0
64782,0.345,9.231,50.628,325.519,0.605,-2.893,241.124,0
64783,0.345,9.231,50.660,325.519,0.597,-2.943,241.124,0
64784,0.345,9.231,50.693,325.256,0.607,-2.955,240.820,0
64785,0.345,9.231,50.693,325.256,0.596,-2.990,241.124,0
64786,0.218,9.409,50.693,324.994,0.607,-3.002,241.124,0
64787,0.218,9.409,50.758,324.994,0.595,-2.982,240.820,0
64788,0.218,9.409,50.758,324.994,0.604,-2.866,240.820,0
64789,0.218,9.409,50.758,324.731,0.595,-2.785,240.820,0
64790,0.218,9.409,50.791,324.994,0.604,-2.843,240.820,0
64791,0.218,9.409,50.791,324.731,0.594,-2.885,240.820,0
64792,0.218,9.409,50.791,324.731,0.604,-2.932,241.124,0
64793,0.218,9.409,50.823,324.469,0.594,-2.951,241.124,0
64794,0.218,9.409,50.791,324.206,0.604,-2.974,241.124,0
64795,0.218,9.409,50.823,324.206,0.596,-3.005,241.124,0
64796,0.225,9.584,50.823,324.206,0.603,-2.943,241.124,0
64797,0.225,9.584,50.791,324.206,0.598,-2.831,240.820,0
64798,0.225,9.584,50.791,324.206,0.604,-2.823,241.124,0
64799,0.225,9.584,50.791,323.944,0.599,-2.874,241.124,0
64800,0.225,9.584,50.758,323.944,0.603,-2.908,240.820,0
64801,0.225,9.584,50.758,323.681,0.601,-2.943,240.515,0
64802,0.225,9.584,50.725,323.419,0.598,-2.955,240.515,0
64803,0.225,9.584,50.725,323.419,0.605,-2.978,240.211,0
64804,0.225,9.584,50.693,323.419,0.597,-3.002,240.515,0
64805,0.225,9.584,50.693,323.156,0.605,-3.002,240.515,0
64806,0.229,9.428,50.693,322.894,0.596,-2.986,240.820,0
64807,0.229,9.428,50.660,322.894,0.604,-2.939,240.820,0
64808,0.229,9.428,50.628,322.894,0.596,-2.916,240.515,0
64809,0.229,9.428,50.628,322.631,0.604,-2.939,240.515,0
64810,0.229,9.428,50.595,322.894,0.599,-2.967,240.515,0
64811,0.229,9.428,50.595,322.631,0.600,-2.990,240.515,0
64812,0.229,9.428,50.595,322.631,0.594,-2.994,240.515,0
64813,0.229,9.428,50.595,322.631,0.605,-3.002,240.211,0
64814,0.229,9.428,50.563,322.369,0.595,-2.998,240.515,0
64815,0.229,9.428,50.563,322.369,0.603,-3.005,240.211,0
64816,0.211,9.271,50.563,322.369,0.600,-2.994,240.211,0
64817,0.211,9.271,50.595,322.369,0.597,-2.990,240.515,0
64818,0.211,9.271,50.595,322.369,0.605,-2.986,240.515,0
64819,0.211,9.271,50.595,322.369,0.594,-2.990,240.515,0
64820,0.211,9.271,50.595,322.106,0.598,-3.005,240.515,0
64821,0.211,9.271,50.628,322.106,0.603,-2.943,240.515,0
64822,0.211,9.271,50.628,322.106,0.594,-2.839,240.211,0
64823,0.211,9.271,50.628,322.106,0.599,-2.819,240.211,0
64824,0.211,9.271,50.660,322.106,0.600,-2.874,240.515,0
64825,0.211,9.271,50.693,321.844,0.604,-2.912,240.515,0
64826,0.193,9.451,50.693,321.844,0.595,-2.947,240.211,0
64827,0.193,9.451,50.725,321.844,0.604,-2.967,240.211,0
64828,0.193,9.451,50.725,321.844,0.594,-2.986,240.211,0
64829,0.193,9.451,50.758,321.581,0.603,-3.002,239.906,0
64830,0.193,9.451,50.758,321.844,0.595,-2.990,239.602,0
64831,0.193,9.451,50.758,321.844,0.601,-2.947,239.602,0
64832,0.193,9.451,50.791,321.844,0.597,-2.963,239.602,0
64833,0.193,9.451,50.791,321.844,0.597,-2.990,239.602,0
64834,0.193,9.451,50.823,321.581,0.600,-3.002,239.297,0
64835,0.193,9.451,50.791,321.581,0.593,-2.939,239.297,0
64836,0.215,9.632,50.791,321.844,0.599,-2.866,239.297,0
64837,0.215,9.632,50.791,322.106,0.591,-2.877,239.297,0
64838,0.215,9.632,50.791,322.106,0.600,-2.924,239.297,0
64839,0.215,9.632,50.758,321.844,0.588,-2.959,238.993,0
64840,0.215,9.632,50.758,321.844,0.597,-2.990,238.993,0
64841,0.215,9.632,50.758,321.844,0.588,-2.994,238.993,0
64842,0.215,9.632,50.725,322.106,0.597,-3.005,238.689,0
64843,0.215,9.632,50.758,322.106,0.588,-2.967,238.384,0
64844,0.215,9.632,50.725,322.106,0.594,-2.978,238.080,0
64845,0.215,9.632,50.693,322.106,0.588,-3.002,238.384,0
64846,0.238,9.501,50.693,322.106,0.588,-2.998,238.080,0
64847,0.238,9.501,50.660,322.369,0.590,-2.874,238.080,0
64848,0.238,9.501,50.660,322.369,0.586,-2.762,237.775,0
64849,0.238,9.501,50.628,322.369,0.591,-2.804,237.471,0
64850,0.238,9.501,50.595,322.631,0.583,-2.866,237.471,0
64851,0.238,9.501,50.595,322.894,0.591,-2.912,237.471,0
64852,0.238,9.501,50.595,322.894,0.580,-2.947,237.166,0
64853,0.238,9.501,50.595,322.894,0.590,-2.974,237.166,0
64854,0.238,9.501,50.563,322.894,0.580,-2.990,236.862,0
64855,0.238,9.501,50.563,322.894,0.588,-2.998,237.166,0
64856,0.377,9.369,50.563,323.156,0.580,-2.939,236.862,0
64857,0.377,9.369,50.563,323.156,0.587,-2.885,236.862,0
64858,0.377,9.369,50.563,323.156,0.580,-2.901,236.862,0
64859,0.377,9.369,50.595,323.156,0.588,-2.928,237.166,0
64860,0.377,9.369,50.595,323.419,0.580,-2.971,236.862,0
64861,0.377,9.369,50.595,323.419,0.584,-2.990,236.557,0
64862,0.377,9.369,50.628,323.419,0.582,-2.994,236.557,0
64863,0.377,9.369,50.628,323.681,0.582,-2.998,236.557,0
64864,0.377,9.369,50.660,323.681,0.582,-2.967,236.253,0
64865,0.377,9.369,50.693,323.681,0.579,-2.982,236.253,0
64866,0.515,8.935,50.693,323.681,0.583,-3.002,235.949,0
64867,0.515,8.935,50.725,323.681,0.574,-2.967,235.644,0
64868,0.515,8.935,50.725,323.944,0.583,-2.874,235.644,0
64869,0.515,8.935,50.758,323.944,0.572,-2.819,235.340,0
64870,0.515,8.935,50.758,324.206,0.582,-2.862,235.340,0
64871,0.515,8.935,50.758,324.206,0.571,-2.897,235.035,0
64872,0.515,8.935,50.791,324.206,0.582,-2.936,235.035,0
64873,0.515,8.935,50.791,324.469,0.569,-2.963,235.035,0
64874,0.515,8.935,50.823,324.469,0.580,-2.974,234.731,0
64875,0.515,8.935,50.791,324.469,0.570,-2.990,234.731,0
64876,0.445,8.503,50.823,324.731,0.578,-3.002,234.426,0
64877,0.445,8.503,50.823,324.731,0.569,-2.994,234.426,0
64878,0.445,8.503,50.791,324.731,0.577,-2.963,234.426,0
64879,0.445,8.503,50.791,324.994,0.568,-2.947,234.426,0
64880,0.445,8.503,50.791,324.731,0.576,-2.967,234.122,0
64881,0.445,8.503,50.758,324.994,0.567,-2.994,234.122,0
64882,0.445,8.503,50.758,325.256,0.575,-3.005,233.817,0
64883,0.445,8.503,50.758,324.994,0.563,-2.951,232.904,0
64884,0.445,8.503,50.725,325.256,0.571,-2.866,233.208,0
64885,0.445,8.503,50.725,325.256,0.566,-2.870,233.208,0
64886,0.377,8.660,50.725,325.256,0.570,-2.908,233.208,0
64887,0.377,8.660,50.693,325.256,0.562,-2.951,232.904,0
64888,0.377,8.660,50.693,325.256,0.563,-2.971,232.600,0
64889,0.377,8.660,50.660,325.519,0.562,-2.994,232.295,0
64890,0.377,8.660,50.660,325.256,0.563,-2.971,232.295,0
64891,0.377,8.660,50.595,325.781,0.563,-2.881,232.295,0
64892,0.377,8.660,50.628,325.781,0.563,-2.800,232.295,0
64893,0.377,8.660,50.595,325.781,0.562,-2.831,231.991,0
64894,0.377,8.660,50.595,325.781,0.559,-2.881,231.686,0
64895,0.377,8.660,50.563,325.781,0.558,-2.924,231.382,0
64896,0.371,8.816,50.563,326.044,0.558,-2.963,231.077,0
64897,0.371,8.816,50.563,326.044,0.559,-2.982,231.382,0
64898,0.371,8.816,50.563,326.306,0.562,-3.002,231.686,0
64899,0.371,8.816,50.595,326.306,0.558,-2.998,231.686,0
64900,0.371,8.816,50.595,326.306,0.564,-2.959,231.991,0
64901,0.371,8.816,50.595,326.569,0.556,-2.963,231.382,0
64902,0.371,8.816,50.595,326.569,0.561,-2.994,231.077,0
64903,0.371,8.816,50.628,326.569,0.556,-3.002,231.382,0
64904,0.371,8.816,50.628,326.832,0.563,-2.901,231.686,0
64905,0.371,8.816,50.660,326.832,0.555,-2.777,231.382,0
64906,0.365,8.496,50.660,327.094,0.561,-2.808,231.077,0
64907,0.365,8.496,50.693,327.094,0.551,-2.866,230.773,0
64908,0.365,8.496,50.693,327.094,0.560,-2.905,230.773,0
64909,0.365,8.496,50.725,327.094,0.552,-2.947,231.077,0
64910,0.365,8.496,50.725,327.094,0.560,-2.974,231.077,0
64911,0.365,8.496,50.758,327.357,0.551,-2.994,230.773,0
64912,0.365,8.496,50.791,327.619,0.555,-2.998,230.468,0
64913,0.365,8.496,50.791,327.357,0.552,-2.994,230.164,0
64914,0.365,8.496,50.791,327.357,0.554,-2.994,230.468,0
64915,0.365,8.496,50.791,327.357,0.555,-2.978,230.468,0
64916,0.413,8.174,50.823,327.357,0.549,-2.998,229.860,0
64917,0.413,8.174,50.823,327.357,0.557,-2.994,229.860,0
64918,0.413,8.174,50.823,327.619,0.549,-2.943,229.860,0
64919,0.413,8.174,50.791,327.357,0.557,-2.893,229.860,0
64920,0.413,8.174,50.791,327.357,0.547,-2.920,229.555,0
64921,0.413,8.174,50.791,327.357,0.557,-2.947,229.860,0
64922,0.413,8.174,50.791,327.357,0.547,-2.974,229.555,0
64923,0.413,8.174,50.758,327.357,0.555,-2.994,229.555,0
64924,0.413,8.174,50.725,327.357,0.549,-3.002,229.555,0
64925,0.413,8.174,50.758,327.357,0.549,-2.947,229.251,0
64926,0.462,7.985,50.725,327.094,0.550,-2.816,228.946,0
64927,0.462,7.985,50.693,327.094,0.548,-2.773,229.251,0
64928,0.462,7.985,50.693,327.357,0.554,-2.816,229.555,0
64929,0.462,7.985,50.660,327.094,0.546,-2.870,228.946,0
64930,0.462,7.985,50.660,326.832,0.552,-2.908,228.642,0
64931,0.462,7.985,50.628,327.094,0.544,-2.936,228.642,0
64932,0.462,7.985,50.595,327.094,0.553,-2.951,228.337,0
64933,0.462,7.985,50.595,326.832,0.543,-2.971,228.033,0
64934,0.462,7.985,50.595,326.832,0.553,-2.978,228.337,0
64935,0.462,7.985,50.595,326.569,0.543,-2.994,228.337,0
64936,0.509,7.799,50.595,326.569,0.549,-2.998,228.033,0
64937,0.509,7.799,50.595,326.569,0.543,-3.005,228.033,0
64938,0.509,7.799,50.595,326.306,0.550,-2.939,228.033,0
64939,0.509,7.799,50.563,326.306,0.543,-2.897,228.337,0
64940,0.509,7.799,50.595,326.044,0.549,-2.897,228.337,0
64941,0.509,7.799,50.595,326.044,0.545,-2.932,228.033,0
64942,0.509,7.799,50.595,326.044,0.545,-2.955,227.728,0
64943,0.509,7.799,50.595,325.781,0.548,-2.986,228.033,0
64944,0.509,7.799,50.628,325.781,0.544,-3.002,228.033,0
64945,0.509,7.799,50.628,325.519,0.549,-2.998,228.337,0
64946,0.555,7.812,50.628,325.256,0.543,-2.971,228.033,0
64947,0.555,7.812,50.660,324.994,0.550,-2.986,228.033,0
64948,0.555,7.812,50.693,324.994,0.542,-3.002,228.033,0
64949,0.555,7.812,50.725,324.994,0.551,-2.994,228.033,0
64950,0.555,7.812,50.725,324.731,0.543,-2.959,227.728,0
64951,0.555,7.812,50.725,324.731,0.550,-2.971,228.033,0
64952,0.555,7.812,50.758,324.994,0.544,-2.998,227.728,0
64953,0.555,7.812,50.791,324.731,0.543,-3.002,227.728,0
64954,0.555,7.812,50.791,324.469,0.552,-2.932,228.033,0
64955,0.555,7.812,50.791,324.469,0.545,-2.808,228.033,0
64956,0.398,7.828,50.791,324.206,0.548,-2.823,227.728,0
64957,0.398,7.828,50.791,324.206,0.547,-2.877,227.728,0
64958,0.398,7.828,50.791,324.206,0.545,-2.928,227.424,0
64959,0.398,7.828,50.791,324.206,0.551,-2.959,227.728,0
64960,0.398,7.828,50.791,323.944,0.545,-2.986,227.728,0
64961,0.398,7.828,50.791,323.681,0.551,-3.002,227.728,0
64962,0.398,7.828,50.791,323.681,0.543,-2.932,227.424,0
64963,0.398,7.828,50.758,323.681,0.550,-2.831,227.424,0
64964,0.398,7.828,50.758,323.681,0.543,-2.847,227.424,0
64965,0.398,7.828,50.725,323.419,0.551,-2.901,227.424,0
64966,0.240,7.763,50.725,323.156,0.543,-2.936,227.424,0
64967,0.240,7.763,50.725,323.156,0.550,-2.959,227.119,0
64968,0.240,7.763,50.693,323.156,0.544,-2.974,227.119,0
64969,0.240,7.763,50.660,322.894,0.549,-3.005,227.424,0
64970,0.240,7.763,50.660,322.894,0.547,-2.990,227.119,0
64971,0.240,7.763,50.628,322.894,0.548,-2.971,226.815,0
64972,0.240,7.763,50.628,322.894,0.550,-2.974,226.815,0
64973,0.240,7.763,50.595,322.631,0.545,-2.990,227.119,0
64974,0.240,7.763,50.595,322.631,0.551,-3.002,227.424,0
64975,0.240,7.763,50.595,322.369,0.545,-2.998,227.424,0
64976,0.281,7.696,50.595,322.369,0.553,-2.920,227.424,0
64977,0.281,7.696,50.563,322.369,0.545,-2.874,227.424,0
64978,0.281,7.696,50.563,322.369,0.554,-2.893,227.424,0
64979,0.281,7.696,50.563,322.369,0.545,-2.928,227.424,0
64980,0.281,7.696,50.563,322.369,0.553,-2.955,227.424,0
64981,0.281,7.696,50.595,322.106,0.546,-2.978,227.424,0
64982,0.281,7.696,50.595,322.106,0.553,-2.998,227.424,0
64983,0.281,7.696,50.595,322.369,0.546,-2.994,227.424,0
64984,0.281,7.696,50.595,322.369,0.553,-2.994,227.424,0
64985,0.281,7.696,50.628,322.369,0.546,-2.967,227.424,0
64986,0.320,7.525,50.628,322.106,0.555,-2.974,227.424,0
64987,0.320,7.525,50.660,322.106,0.546,-2.990,227.424,0
64988,0.320,7.525,50.660,322.106,0.556,-3.005,227.424,0
64989,0.320,7.525,50.725,321.844,0.546,-2.951,227.424,0
64990,0.320,7.525,50.725,322.106,0.554,-2.812,227.424,0
64991,0.320,7.525,50.725,322.106,0.546,-2.765,227.728,0
64992,0.320,7.525,50.758,322.106,0.554,-2.819,227.728,0
64993,0.320,7.525,50.758,322.369,0.548,-2.870,227.728,0
64994,0.320,7.525,50.758,322.106,0.553,-2.912,227.728,0
64995,0.320,7.525,50.791,322.106,0.549,-2.936,227.728,0
64996,0.311,7.356,50.791,322.106,0.550,-2.959,227.728,0
64997,0.311,7.356,50.791,322.106,0.551,-2.978,227.728,0
64998,0.311,7.356,50.791,322.106,0.550,-2.998,227.728,0
64999,0.311,7.356,50.791,322.106,0.554,-2.994,227.728,0
65000,0.311,7.356,50.823,322.106,0.549,-3.005,227.424,0
65001,0.311,7.356,50.791,322.106,0.554,-2.978,227.728,0
65002,0.311,7.356,50.791,322.106,0.548,-2.971,227.424,0
65003,0.311,7.356,50.791,322.369,0.554,-2.982,227.728,0
65004,0.311,7.356,50.758,322.106,0.547,-3.009,227.728,0
65005,0.311,7.356,50.758,322.106,0.555,-2.951,227.728,0
65006,0.302,7.487,50.758,322.369,0.547,-2.789,227.728,0
65007,0.302,7.487,50.693,322.369,0.555,-2.731,227.424,0
65008,0.302,7.487,50.693,322.106,0.546,-2.789,227.728,0
65009,0.302,7.487,50.693,322.369,0.554,-2.847,227.728,0
65010,0.302,7.487,50.660,322.369,0.546,-2.893,227.424,0
65011,0.302,7.487,50.628,322.369,0.552,-2.932,227.119,0
65012,0.302,7.487,50.628,322.631,0.549,-2.959,227.424,0
65013,0.302,7.487,50.628,322.894,0.551,-2.982,227.424,0
65014,0.302,7.487,50.595,322.894,0.550,-3.002,227.424,0
65015,0.302,7.487,50.628,322.894,0.549,-2.994,227.424,0
65016,0.313,7.616,50.563,322.894,0.551,-2.936,227.424,0
65017,0.313,7.616,50.595,323.156,0.548,-2.924,227.424,0
65018,0.313,7.616,50.595,323.419,0.555,-2.955,227.728,0
65019,0.313,7.616,50.563,323.419,0.548,-2.978,227.424,0
65020,0.313,7.616,50.563,323.419,0.555,-3.005,227.424,0
65021,0.313,7.616,50.595,323.419,0.547,-2.990,227.424,0
65022,0.313,7.616,50.595,323.681,0.555,-2.978,227.424,0
65023,0.313,7.616,50.595,323.681,0.547,-2.986,227.728,0
65024,0.313,7.616,50.628,323.681,0.557,-3.002,227.728,0
65025,0.313,7.616,50.628,323.681,0.547,-2.986,227.424,0
65026,0.323,7.740,50.628,323.944,0.557,-2.881,227.728,0
65027,0.323,7.740,50.660,323.944,0.549,-2.870,228.033,0
65028,0.323,7.740,50.660,323.944,0.553,-2.908,227.728,0
65029,0.323,7.740,50.693,323.944,0.550,-2.939,227.728,0
65030,0.323,7.740,50.725,324.206,0.551,-2.967,227.728,0
65031,0.323,7.740,50.725,323.944,0.550,-2.986,227.728,0
65032,0.323,7.740,50.758,324.206,0.550,-3.002,227.728,0
65033,0.323,7.740,50.791,324.469,0.553,-2.994,227.728,0
65034,0.323,7.740,50.758,324.469,0.549,-2.928,227.728,0
65035,0.323,7.740,50.791,324.731,0.554,-2.881,227.728,0
65036,0.369,7.863,50.791,324.731,0.549,-2.905,227.728,0
65037,0.369,7.863,50.791,324.731,0.556,-2.939,227.728,0
65038,0.369,7.863,50.791,324.994,0.549,-2.963,228.033,0
65039,0.369,7.863,50.791,324.994,0.555,-2.982,227.728,0
65040,0.369,7.863,50.791,325.256,0.548,-2.994,227.728,0
65041,0.369,7.863,50.791,325.256,0.556,-2.998,227.728,0
65042,0.369,7.863,50.791,325.256,0.549,-2.990,228.033,0
65043,0.369,7.863,50.758,325.256,0.558,-2.963,228.033,0
65044,0.369,7.863,50.758,325.519,0.549,-2.971,227.728,0
65045,0.369,7.863,50.725,325.519,0.558,-2.990,227.728,0
65046,0.415,7.919,50.725,325.519,0.549,-2.998,227.728,0
65047,0.415,7.919,50.693,325.519,0.557,-3.002,228.033,0
65048,0.415,7.919,50.693,325.519,0.547,-2.986,227.728,0
65049,0.415,7.919,50.660,325.519,0.555,-2.978,227.424,0
65050,0.415,7.919,50.660,325.781,0.548,-3.002,227.728,0
65051,0.415,7.919,50.660,325.519,0.554,-2.963,227.424,0
65052,0.415,7.919,50.628,326.044,0.549,-2.877,227.424,0
65053,0.415,7.919,50.595,326.044,0.553,-2.827,227.728,0
65054,0.415,7.919,50.595,326.306,0.550,-2.862,227.728,0
65055,0.415,7.919,50.595,326.044,0.551,-2.912,228.337,0
65056,0.400,7.974,50.595,326.044,0.556,-2.947,228.337,0
65057,0.400,7.974,50.563,326.306,0.549,-2.971,228.033,0
65058,0.400,7.974,50.563,326.306,0.557,-2.998,228.337,0
65059,0.400,7.974,50.595,326.569,0.549,-2.994,228.033,0
65060,0.400,7.974,50.563,326.569,0.558,-3.009,228.033,0
65061,0.400,7.974,50.595,326.569,0.550,-2.959,228.033,0
65062,0.400,7.974,50.595,326.569,0.558,-2.854,228.337,0
65063,0.400,7.974,50.595,326.832,0.550,-2.858,228.337,0
65064,0.400,7.974,50.628,326.832,0.554,-2.905,228.337,0
65065,0.400,7.974,50.628,326.832,0.553,-2.939,228.337,0
65066,0.383,7.953,50.660,326.832,0.552,-2.978,228.642,0
65067,0.383,7.953,50.693,326.832,0.556,-2.998,228.337,0
65068,0.383,7.953,50.725,326.832,0.550,-3.002,228.337,0
65069,0.383,7.953,50.725,326.832,0.558,-2.990,228.337,0
65070,0.383,7.953,50.758,326.832,0.551,-2.959,228.337,0
65071,0.383,7.953,50.758,327.094,0.557,-2.959,228.337,0
65072,0.383,7.953,50.758,327.094,0.549,-2.990,228.337,0
65073,0.383,7.953,50.791,327.094,0.556,-3.002,228.337,0
65074,0.383,7.953,50.823,326.832,0.551,-2.963,228.337,0
65075,0.383,7.953,50.791,327.094,0.552,-2.831,228.337,0
65076,0.430,7.932,50.823,327.094,0.556,-2.773,228.337,0
65077,0.430,7.932,50.791,327.094,0.550,-2.827,228.337,0
65078,0.430,7.932,50.823,327.357,0.558,-2.874,228.337,0
65079,0.430,7.932,50.791,327.094,0.549,-2.916,228.337,0
65080,0.430,7.932,50.791,327.094,0.559,-2.951,228.337,0
65081,0.430,7.932,50.791,327.094,0.551,-2.971,228.337,0
65082,0.430,7.932,50.758,326.832,0.558,-2.986,228.337,0
65083,0.430,7.932,50.758,326.832,0.552,-3.002,228.642,0
65084,0.430,7.932,50.758,326.832,0.553,-2.990,228.337,0
65085,0.430,7.932,50.725,326.832,0.560,-2.974,228.337,0
65086,0.476,7.779,50.725,326.832,0.550,-2.974,228.337,0
65087,0.476,7.779,50.693,326.569,0.557,-2.994,228.337,0
65088,0.476,7.779,50.693,326.569,0.551,-3.002,228.337,0
65089,0.476,7.779,50.693,326.306,0.558,-2.959,228.337,0
65090,0.476,7.779,50.660,326.569,0.550,-2.819,228.337,0
65091,0.476,7.779,50.628,326.306,0.557,-2.804,228.337,0
65092,0.476,7.779,50.628,326.306,0.549,-2.847,228.337,0
65093,0.476,7.779,50.628,326.306,0.558,-2.889,228.337,0
65094,0.476,7.779,50.595,326.306,0.556,-2.916,228.033,0
65095,0.476,7.779,50.595,326.306,0.550,-2.943,228.033,0
65096,0.386,7.629,50.595,326.306,0.557,-2.963,228.033,0
65097,0.386,7.629,50.563,326.044,0.549,-2.974,228.337,0
65098,0.386,7.629,50.563,326.044,0.558,-2.990,228.337,0
65099,0.386,7.629,50.563,326.044,0.550,-2.994,228.337,0
65100,0.386,7.629,50.595,326.044,0.559,-3.002,228.033,0
65101,0.386,7.629,50.595,325.781,0.550,-2.994,228.033,0
65102,0.386,7.629,50.595,325.519,0.557,-2.974,228.337,0
65103,0.386,7.629,50.595,325.519,0.551,-2.978,228.337,0
65104,0.386,7.629,50.628,325.256,0.557,-2.994,228.642,0
65105,0.386,7.629,50.660,325.256,0.553,-2.998,228.642,0
65106,0.296,7.591,50.660,324.994,0.554,-2.974,228.337,0
65107,0.296,7.591,50.660,324.994,0.555,-2.943,228.033,0
65108,0.296,7.591,50.693,324.731,0.551,-2.955,228.337,0
65109,0.296,7.591,50.725,324.469,0.557,-2.982,228.337,0
65110,0.296,7.591,50.725,324.469,0.550,-3.005,228.337,0
65111,0.296,7.591,50.758,324.206,0.558,-2.994,228.337,0
65112,0.296,7.591,50.758,324.206,0.550,-2.982,228.337,0
65113,0.296,7.591,50.758,324.206,0.557,-2.951,228.337,0
65114,0.296,7.591,50.791,323.944,0.550,-2.982,228.033,0
65115,0.296,7.591,50.791,323.944,0.554,-3.005,228.033,0
65116,0.255,7.551,50.791,323.681,0.552,-2.994,228.337,0
65117,0.255,7.551,50.791,323.681,0.551,-2.947,227.728,0
65118,0.255,7.551,50.791,323.681,0.555,-2.951,227.728,0
65119,0.255,7.551,50.791,323.419,0.550,-2.978,227.728,0
65120,0.255,7.551,50.791,323.419,0.557,-3.002,227.728,0
65121,0.255,7.551,50.823,323.156,0.549,-2.955,227.728,0
65122,0.255,7.551,50.758,322.894,0.557,-2.812,228.033,0
65123,0.255,7.551,50.758,322.894,0.550,-2.754,227.728,0
65124,0.255,7.551,50.758,322.894,0.558,-2.808,227.728,0
65125,0.255,7.551,50.725,322.894,0.550,-2.870,228.033,0
65126,0.212,7.503,50.725,322.631,0.559,-2.916,227.728,0
65127,0.212,7.503,50.693,322.631,0.550,-2.947,227.728,0
65128,0.212,7.503,50.693,322.369,0.557,-2.974,227.728,0
65129,0.212,7.503,50.660,322.369,0.550,-2.998,228.033,0
65130,0.212,7.503,50.660,322.369,0.557,-2.998,228.033,0
65131,0.212,7.503,50.628,322.369,0.551,-2.982,228.033,0
65132,0.212,7.503,50.628,322.369,0.554,-2.978,228.033,0
65133,0.212,7.503,50.595,322.369,0.552,-3.002,227.728,0
65134,0.212,7.503,50.628,322.369,0.552,-2.990,227.728,0
65135,0.212,7.503,50.595,322.369,0.554,-2.905,227.728,0
65136,0.226,7.454,50.595,322.369,0.551,-2.835,227.728,0
65137,0.226,7.454,50.595,322.106,0.556,-2.870,227.424,0
65138,0.226,7.454,50.563,322.106,0.551,-2.905,227.728,0
65139,0.226,7.454,50.563,322.369,0.557,-2.943,227.728,0
65140,0.226,7.454,50.595,322.369,0.550,-2.963,227.728,0
65141,0.226,7.454,50.595,322.106,0.556,-2.986,227.728,0
65142,0.226,7.454,50.595,322.106,0.550,-2.998,228.033,0
65143,0.226,7.454,50.595,322.106,0.555,-3.005,227.728,0
65144,0.226,7.454,50.595,322.106,0.549,-2.951,227.728,0
65145,0.226,7.454,50.595,322.369,0.555,-2.839,228.033,0
65146,0.241,7.254,50.628,322.106,0.549,-2.850,227.728,0
65147,0.241,7.254,50.628,322.106,0.556,-2.889,227.728,0
65148,0.241,7.254,50.660,322.106,0.549,-2.928,227.728,0
65149,0.241,7.254,50.693,322.106,0.556,-2.951,227.728,0
65150,0.241,7.254,50.693,322.106,0.547,-2.971,228.033,0
65151,0.241,7.254,50.725,322.369,0.557,-2.990,227.728,0
65152,0.241,7.254,50.758,322.369,0.549,-2.990,227.728,0
65153,0.241,7.254,50.758,322.369,0.558,-2.998,227.728,0
65154,0.241,7.254,50.758,322.631,0.548,-2.971,227.728,0
65155,0.241,7.254,50.758,322.631,0.558,-2.932,227.728,0
65156,0.258,7.053,50.791,322.631,0.550,-2.943,227.728,0
65157,0.258,7.053,50.791,322.369,0.557,-2.974,227.728,0
65158,0.258,7.053,50.791,322.631,0.550,-2.986,228.033,0
65159,0.258,7.053,50.791,322.631,0.557,-3.002,228.033,0
65160,0.258,7.053,50.823,322.631,0.551,-2.990,228.033,0
65161,0.258,7.053,50.791,322.631,0.554,-2.908,228.033,0
65162,0.258,7.053,50.791,322.631,0.553,-2.854,228.033,0
65163,0.258,7.053,50.758,322.631,0.553,-2.885,227.728,0
65164,0.258,7.053,50.758,322.894,0.554,-2.916,227.728,0
65165,0.258,7.053,50.758,322.894,0.551,-2.947,228.033,0
65166,0.276,7.113,50.725,322.894,0.556,-2.974,228.033,0
65167,0.276,7.113,50.725,322.894,0.549,-2.994,228.033,0
65168,0.276,7.113,50.725,322.631,0.554,-3.002,227.728,0
65169,0.276,7.113,50.693,322.894,0.547,-2.854,227.424,0
65170,0.276,7.113,50.693,322.894,0.557,-2.754,227.728,0
65171,0.276,7.113,50.660,323.156,0.549,-2.773,227.728,0
65172,0.276,7.113,50.660,322.894,0.557,-2.831,227.728,0
65173,0.276,7.113,50.628,323.156,0.547,-2.893,227.728,0
65174,0.276,7.113,50.628,323.156,0.557,-2.920,227.728,0
65175,0.276,7.113,50.628,323.419,0.549,-2.939,227.424,0
65176,0.243,7.174,50.595,323.419,0.555,-2.978,227.728,0
65177,0.243,7.174,50.595,323.419,0.550,-2.994,227.424,0
65178,0.243,7.174,50.563,323.419,0.554,-2.998,227.728,0
65179,0.243,7.174,50.595,323.419,0.551,-3.002,227.728,0
65180,0.243,7.174,50.563,323.681,0.554,-2.847,227.728,0
65181,0.243,7.174,50.563,323.944,0.555,-2.712,227.728,0
65182,0.243,7.174,50.563,323.944,0.552,-2.750,227.728,0
65183,0.243,7.174,50.595,323.944,0.557,-2.816,227.728,0
65184,0.243,7.174,50.595,324.206,0.551,-2.874,227.728,0
65185,0.243,7.174,50.595,324.206,0.557,-2.905,228.033,0
65186,0.209,7.494,50.628,324.469,0.550,-2.939,228.033,0
65187,0.209,7.494,50.628,324.469,0.557,-2.955,227.728,0
65188,0.209,7.494,50.660,324.469,0.548,-2.978,227.728,0
65189,0.209,7.494,50.693,324.469,0.558,-2.994,227.728,0
65190,0.209,7.494,50.693,324.469,0.549,-2.998,227.728,0
65191,0.209,7.494,50.725,324.469,0.558,-3.002,227.728,0
65192,0.209,7.494,50.725,324.731,0.549,-2.831,228.033,0
65193,0.209,7.494,50.758,324.994,0.558,-2.704,228.033,0
65194,0.209,7.494,50.758,324.994,0.550,-2.738,227.728,0
65195,0.209,7.494,50.758,325.256,0.555,-2.804,228.033,0
65196,0.451,7.813,50.791,325.256,0.551,-2.839,228.033,0
65197,0.451,7.813,50.791,325.256,0.555,-2.897,227.728,0
65198,0.451,7.813,50.791,325.256,0.553,-2.905,228.033,0
65199,0.451,7.813,50.791,325.519,0.554,-2.943,228.033,0
65200,0.451,7.813,50.791,325.519,0.554,-2.947,228.033,0
65201,0.451,7.813,50.791,325.781,0.553,-2.963,227.728,0
65202,0.451,7.813,50.791,325.781,0.556,-2.982,227.728,0
65203,0.451,7.813,50.791,325.781,0.551,-2.986,228.033,0
65204,0.451,7.813,50.758,325.781,0.557,-3.002,228.033,0
65205,0.451,7.813,50.758,326.044,0.550,-2.998,228.033,0
65206,0.693,7.696,50.758,326.044,0.557,-2.978,228.033,0
65207,0.693,7.696,50.725,326.306,0.550,-2.982,228.033,0
65208,0.693,7.696,50.725,326.306,0.558,-2.998,228.337,0
65209,0.693,7.696,50.725,326.044,0.551,-2.967,228.337,0
65210,0.693,7.696,50.693,326.306,0.559,-2.912,228.642,0
65211,0.693,7.696,50.693,326.569,0.551,-2.835,228.337,0
65212,0.693,7.696,50.660,326.569,0.559,-2.854,228.642,0
65213,0.693,7.696,50.660,326.569,0.551,-2.901,228.642,0
65214,0.693,7.696,50.628,326.832,0.556,-2.928,228.337,0
65215,0.693,7.696,50.628,326.832,0.553,-2.951,228.337,0
65216,0.409,7.584,50.595,326.832,0.553,-2.974,228.337,0
65217,0.409,7.584,50.595,326.832,0.557,-2.982,228.337,0
65218,0.409,7.584,50.595,326.832,0.551,-2.994,228.033,0
65219,0.409,7.584,50.595,327.094,0.558,-2.994,228.337,0
65220,0.409,7.584,50.563,327.094,0.550,-2.974,228.642,0
65221,0.409,7.584,50.563,327.094,0.558,-2.974,228.337,0
65222,0.409,7.584,50.595,327.094,0.551,-2.982,228.337,0
65223,0.409,7.584,50.595,326.832,0.551,-2.994,228.337,0
65224,0.409,7.584,50.595,326.832,0.558,-3.002,228.642,0
65225,0.409,7.584,50.628,327.094,0.550,-2.877,228.337,0
65226,0.124,7.696,50.595,327.094,0.558,-2.765,228.337,0
65227,0.124,7.696,50.628,327.094,0.549,-2.816,228.337,0
65228,0.124,7.696,50.628,326.832,0.558,-2.850,228.337,0
65229,0.124,7.696,50.660,326.569,0.550,-2.889,228.337,0
65230,0.124,7.696,50.693,326.569,0.557,-2.943,228.337,0
65231,0.124,7.696,50.693,326.832,0.551,-2.963,228.337,0
65232,0.124,7.696,50.725,326.569,0.559,-2.990,228.642,0
65233,0.124,7.696,50.758,326.569,0.550,-2.998,228.337,0
65234,0.124,7.696,50.758,326.569,0.555,-2.990,228.337,0
65235,0.124,7.696,50.758,326.832,0.550,-2.990,228.642,0
65236,0.258,7.801,50.791,326.832,0.550,-2.978,228.337,0
65237,0.258,7.801,50.791,326.569,0.558,-3.005,228.337,0
65238,0.258,7.801,50.823,326.306,0.548,-2.947,228.337,0
65239,0.258,7.801,50.791,326.569,0.554,-2.816,228.337,0
65240,0.258,7.801,50.791,326.569,0.552,-2.781,228.337,0
65241,0.258,7.801,50.791,326.569,0.553,-2.831,228.337,0
65242,0.258,7.801,50.791,326.306,0.556,-2.893,228.337,0
65243,0.258,7.801,50.791,326.306,0.551,-2.928,228.337,0
65244,0.258,7.801,50.791,326.306,0.558,-2.943,228.337,0
65245,0.258,7.801,50.791,326.306,0.549,-2.967,228.337,0
65246,0.393,7.726,50.758,326.306,0.558,-2.982,228.337,0
65247,0.393,7.726,50.758,326.044,0.548,-2.998,228.642,0
65248,0.393,7.726,50.758,326.044,0.557,-2.967,228.337,0
65249,0.393,7.726,50.725,325.781,0.549,-2.908,228.337,0
65250,0.393,7.726,50.693,325.781,0.555,-2.858,228.337,0
65251,0.393,7.726,50.693,325.781,0.553,-2.866,228.337,0
65252,0.393,7.726,50.660,325.519,0.553,-2.908,228.337,0
65253,0.393,7.726,50.660,325.519,0.555,-2.943,228.337,0
65254,0.393,7.726,50.628,325.256,0.551,-2.963,228.337,0
65255,0.393,7.726,50.628,325.519,0.557,-2.990,228.337,0
65256,0.197,7.656,50.628,325.256,0.551,-2.990,228.337,0
65257,0.197,7.656,50.595,324.994,0.558,-2.986,228.337,0
65258,0.197,7.656,50.595,324.994,0.551,-2.943,228.337,0
65259,0.197,7.656,50.595,324.731,0.560,-2.982,228.337,0
65260,0.197,7.656,50.563,324.994,0.550,-2.990,228.337,0
65261,0.197,7.656,50.595,324.731,0.559,-3.002,228.337,0
65262,0.197,7.656,50.595,324.731,0.551,-2.963,228.337,0
65263,0.197,7.656,50.563,324.731,0.558,-2.893,228.337,0
65264,0.197,7.656,50.563,324.469,0.551,-2.881,228.337,0
65265,0.197,7.656,50.595,324.469,0.557,-2.920,228.337,0
65266,0.001,7.524,50.595,324.206,0.552,-2.936,228.337,0
65267,0.001,7.524,50.595,324.206,0.554,-2.951,228.337,0
65268,0.001,7.524,50.628,323.944,0.554,-2.978,228.337,0
65269,0.001,7.524,50.628,323.944,0.551,-2.998,228.337,0
65270,0.001,7.524,50.660,323.681,0.554,-3.005,227.728,0
65271,0.001,7.524,50.660,323.419,0.550,-2.982,227.728,0
65272,0.001,7.524,50.693,323.419,0.555,-2.978,227.728,0
65273,0.001,7.524,50.693,323.156,0.550,-2.963,227.728,0
65274,0.001,7.524,50.725,323.156,0.557,-2.982,228.033,0
65275,0.001,7.524,50.758,323.156,0.549,-2.998,228.033,0
65276,0.159,7.388,50.758,322.894,0.557,-3.002,228.033,0
65277,0.159,7.388,50.758,322.894,0.548,-2.893,227.728,0
65278,0.159,7.388,50.791,322.631,0.557,-2.781,227.728,0
65279,0.159,7.388,50.791,322.369,0.549,-2.796,227.728,0
65280,0.159,7.388,50.791,322.369,0.558,-2.862,228.033,0
65281,0.159,7.388,50.791,322.369,0.551,-2.897,228.033,0
65282,0.159,7.388,50.791,322.369,0.557,-2.939,227.728,0
65283,0.159,7.388,50.791,322.106,0.551,-2.951,228.033,0
65284,0.159,7.388,50.791,321.844,0.554,-2.982,228.033,0
65285,0.159,7.388,50.791,321.844,0.555,-2.998,228.033,0
65286,0.316,7.299,50.791,321.844,0.553,-2.998,228.033,0
65287,0.316,7.299,50.791,321.844,0.555,-2.994,228.033,0
65288,0.316,7.299,50.758,321.844,0.550,-2.955,227.728,0
65289,0.316,7.299,50.758,321.844,0.557,-2.893,227.728,0
65290,0.316,7.299,50.725,321.581,0.550,-2.912,228.033,0
65291,0.316,7.299,50.725,321.581,0.558,-2.947,227.728,0
65292,0.316,7.299,50.693,321.581,0.549,-2.982,227.728,0
65293,0.316,7.299,50.693,321.581,0.559,-3.005,227.728,0
65294,0.316,7.299,50.693,321.581,0.548,-2.963,227.728,0
65295,0.316,7.299,50.660,321.844,0.558,-2.885,227.728,0
65296,0.258,7.210,50.628,321.844,0.549,-2.870,227.728,0
65297,0.258,7.210,50.628,321.844,0.557,-2.908,227.728,0
65298,0.258,7.210,50.595,321.844,0.550,-2.943,228.033,0
65299,0.258,7.210,50.595,321.844,0.556,-2.971,228.033,0
65300,0.258,7.210,50.595,321.844,0.549,-2.998,227.728,0
65301,0.258,7.210,50.595,321.581,0.555,-2.998,227.728,0
65302,0.258,7.210,50.563,321.844,0.552,-2.889,227.728,0
65303,0.258,7.210,50.563,321.844,0.554,-2.804,227.728,0
65304,0.258,7.210,50.563,322.106,0.553,-2.835,227.728,0
65305,0.258,7.210,50.563,322.106,0.555,-2.881,227.728,0
65306,0.202,7.266,50.595,322.106,0.553,-2.920,227.728,0
65307,0.202,7.266,50.595,322.106,0.552,-2.943,227.728,0
65308,0.202,7.266,50.595,322.106,0.553,-2.967,227.728,0
65309,0.202,7.266,50.595,322.106,0.553,-2.986,227.424,0
65310,0.202,7.266,50.628,322.106,0.554,-2.994,227.728,0
65311,0.202,7.266,50.660,322.106,0.551,-2.998,227.728,0
65312,0.202,7.266,50.660,322.106,0.555,-2.963,227.728,0
65313,0.202,7.266,50.660,322.369,0.551,-2.939,227.728,0
65314,0.202,7.266,50.693,322.106,0.557,-2.959,228.033,0
65315,0.202,7.266,50.693,322.369,0.549,-2.974,227.728,0
65316,0.313,7.319,50.725,322.631,0.557,-2.998,228.033,0
65317,0.313,7.319,50.758,322.631,0.550,-3.002,227.728,0
65318,0.313,7.319,50.791,322.631,0.558,-2.967,228.033,0
65319,0.313,7.319,50.758,322.631,0.549,-2.847,227.728,0
65320,0.313,7.319,50.758,322.894,0.557,-2.823,228.033,0
65321,0.313,7.319,50.791,322.894,0.550,-2.866,228.033,0
65322,0.313,7.319,50.791,323.156,0.558,-2.905,228.033,0
65323,0.313,7.319,50.791,323.156,0.549,-2.932,228.033,0
65324,0.313,7.319,50.791,323.156,0.557,-2.951,228.033,0
65325,0.313,7.319,50.791,323.156,0.550,-2.967,227.728,0
65326,0.424,7.375,50.791,323.156,0.556,-2.982,228.033,0
65327,0.424,7.375,50.791,323.156,0.550,-2.998,228.033,0
65328,0.424,7.375,50.791,323.419,0.554,-2.994,228.033,0
65329,0.424,7.375,50.758,323.419,0.553,-3.005,227.728,0
65330,0.424,7.375,50.758,323.156,0.551,-2.974,228.033,0
65331,0.424,7.375,50.758,323.156,0.555,-2.978,228.033,0
65332,0.424,7.375,50.725,323.419,0.550,-2.994,227.728,0
65333,0.424,7.375,50.725,323.419,0.556,-2.998,227.728,0
65334,0.424,7.375,50.693,323.419,0.549,-2.998,227.728,0
65335,0.424,7.375,50.693,323.681,0.558,-2.978,227.424,0
65336,0.261,7.434,50.660,323.681,0.550,-2.986,227.728,0
65337,0.261,7.434,50.660,323.681,0.558,-3.002,227.728,0
65338,0.261,7.434,50.628,323.681,0.550,-2.943,228.033,0
65339,0.261,7.434,50.628,323.681,0.560,-2.893,228.033,0
65340,0.261,7.434,50.595,323.944,0.549,-2.905,227.728,0
65341,0.261,7.434,50.595,323.944,0.557,-2.939,228.033,0
65342,0.261,7.434,50.595,324.206,0.549,-2.967,228.033,0
65343,0.261,7.434,50.595,324.206,0.556,-2.998,227.728,0
65344,0.261,7.434,50.595,324.206,0.550,-3.002,227.728,0
65345,0.261,7.434,50.595,324.206,0.554,-2.990,227.728,0
65346,0.098,7.426,50.563,324.469,0.553,-2.905,227.424,0
65347,0.098,7.426,50.563,324.469,0.553,-2.823,227.728,0
65348,0.098,7.426,50.563,324.731,0.554,-2.858,227.728,0
65349,0.098,7.426,50.595,324.731,0.551,-2.908,227.728,0
65350,0.098,7.426,50.595,324.731,0.555,-2.947,227.728,0
65351,0.098,7.426,50.595,324.731,0.551,-2.978,227.728,0
65352,0.098,7.426,50.628,324.994,0.556,-3.002,227.728,0
65353,0.098,7.426,50.660,324.731,0.549,-2.990,227.728,0
65354,0.098,7.426,50.660,324.994,0.557,-2.920,227.728,0
65355,0.098,7.426,50.660,325.256,0.549,-2.897,227.728,0
65356,0.159,7.416,50.693,325.519,0.557,-2.928,228.033,0
65357,0.159,7.416,50.725,325.519,0.549,-2.963,227.728,0
65358,0.159,7.416,50.725,325.519,0.558,-2.986,227.728,0
65359,0.159,7.416,50.758,325.519,0.550,-3.002,228.033,0
65360,0.159,7.416,50.791,325.519,0.558,-2.971,227.728,0
65361,0.159,7.416,50.791,326.044,0.549,-2.870,228.033,0
65362,0.159,7.416,50.791,326.044,0.558,-2.792,227.728,0
65363,0.159,7.416,50.791,326.306,0.558,-2.827,228.033,0
65364,0.159,7.416,50.791,326.044,0.553,-2.874,228.642,0
65365,0.159,7.416,50.823,326.044,0.559,-2.912,228.642,0
65366,0.218,7.390,50.791,326.306,0.551,-2.932,228.642,0
65367,0.218,7.390,50.791,326.306,0.559,-2.963,228.642,0
65368,0.218,7.390,50.791,326.569,0.550,-2.982,228.642,0
65369,0.218,7.390,50.791,326.569,0.559,-2.998,228.337,0
65370,0.218,7.390,50.791,326.569,0.550,-2.998,228.642,0
65371,0.218,7.390,50.758,326.569,0.560,-2.998,228.337,0
65372,0.218,7.390,50.758,326.832,0.551,-2.936,228.337,0
65373,0.218,7.390,50.758,326.832,0.559,-2.912,228.337,0
65374,0.218,7.390,50.725,326.832,0.557,-2.920,228.337,0
65375,0.218,7.390,50.725,326.832,0.551,-2.947,228.337,0
65376,0.287,7.363,50.725,327.094,0.558,-2.971,228.337,0
65377,0.287,7.363,50.693,327.094,0.550,-2.986,228.642,0
65378,0.287,7.363,50.660,327.357,0.558,-2.998,228.642,0
65379,0.287,7.363,50.660,327.094,0.550,-3.005,228.337,0
65380,0.287,7.363,50.660,327.094,0.559,-2.936,228.337,0
65381,0.287,7.363,50.628,327.357,0.551,-2.831,228.337,0
65382,0.287,7.363,50.628,327.357,0.556,-2.827,228.337,0
65383,0.287,7.363,50.595,327.357,0.552,-2.870,228.337,0
65384,0.287,7.363,50.595,327.357,0.553,-2.908,228.337,0
65385,0.287,7.363,50.563,327.094,0.557,-2.939,228.337,0
65386,0.357,7.416,50.563,327.094,0.553,-2.955,228.033,0
65387,0.357,7.416,50.563,327.094,0.558,-2.974,228.337,0
65388,0.357,7.416,50.563,327.094,0.550,-2.998,228.337,0
65389,0.357,7.416,50.563,327.094,0.559,-2.998,228.337,0
65390,0.357,7.416,50.595,326.832,0.549,-2.990,228.337,0
65391,0.357,7.416,50.595,326.832,0.558,-2.982,228.337,0
65392,0.357,7.416,50.595,326.569,0.551,-2.982,228.033,0
65393,0.357,7.416,50.628,326.569,0.557,-2.998,228.337,0
65394,0.357,7.416,50.660,326.306,0.553,-2.971,228.337,0
65395,0.357,7.416,50.628,326.306,0.552,-2.955,228.337,0
65396,0.432,7.471,50.660,326.569,0.555,-2.889,228.337,0
65397,0.432,7.471,50.693,326.569,0.551,-2.912,228.337,0
65398,0.432,7.471,50.693,326.306,0.559,-2.947,228.337,0
65399,0.432,7.471,50.725,326.306,0.551,-2.978,228.337,0
65400,0.432,7.471,50.758,326.044,0.560,-3.005,228.642,0
65401,0.432,7.471,50.758,326.044,0.550,-2.998,228.337,0
65402,0.432,7.471,50.791,326.044,0.557,-2.974,228.337,0
65403,0.432,7.471,50.791,326.044,0.551,-2.990,228.337,0
65404,0.432,7.471,50.823,325.781,0.556,-3.002,228.642,0
65405,0.432,7.471,50.823,325.519,0.557,-2.947,228.642,0
65406,0.506,7.429,50.823,325.781,0.552,-2.835,228.642,0
65407,0.506,7.429,50.823,325.519,0.558,-2.831,228.337,0
65408,0.506,7.429,50.823,325.519,0.551,-2.877,228.337,0
65409,0.506,7.429,50.823,325.519,0.560,-2.932,228.337,0
65410,0.506,7.429,50.791,325.256,0.551,-2.963,228.642,0
65411,0.506,7.429,50.791,325.256,0.560,-2.990,228.337,0
65412,0.506,7.429,50.791,324.994,0.550,-3.002,228.337,0
65413,0.506,7.429,50.791,324.994,0.557,-2.978,228.337,0
65414,0.506,7.429,50.758,324.994,0.553,-2.924,228.337,0
65415,0.506,7.429,50.725,324.994,0.555,-2.928,228.337,0
65416,0.427,7.390,50.725,324.994,0.555,-2.955,228.337,0
65417,0.427,7.390,50.725,324.994,0.553,-2.986,228.642,0
65418,0.427,7.390,50.725,324.731,0.557,-3.002,228.642,0
65419,0.427,7.390,50.693,324.469,0.553,-2.982,228.642,0
65420,0.427,7.390,50.660,324.206,0.559,-2.889,228.642,0
65421,0.427,7.390,50.628,324.206,0.551,-2.881,228.337,0
65422,0.427,7.390,50.628,324.206,0.559,-2.912,228.642,0
65423,0.427,7.390,50.595,324.206,0.550,-2.947,228.337,0
65424,0.427,7.390,50.595,323.944,0.559,-2.971,228.337,0
65425,0.427,7.390,50.595,323.944,0.550,-2.990,228.337,0
65426,0.348,7.443,50.563,323.681,0.558,-3.005,227.728,0
65427,0.348,7.443,50.563,323.681,0.549,-2.982,227.728,0
65428,0.348,7.443,50.563,323.419,0.555,-2.920,227.728,0
65429,0.348,7.443,50.563,323.419,0.550,-2.912,227.728,0
65430,0.348,7.443,50.563,323.419,0.556,-2.943,227.728,0
65431,0.348,7.443,50.563,323.156,0.550,-2.967,227.728,0
65432,0.348,7.443,50.563,323.156,0.556,-2.986,227.424,0
65433,0.348,7.443,50.595,323.156,0.550,-3.002,227.728,0
65434,0.348,7.443,50.595,322.894,0.554,-2.994,227.728,0
65435,0.348,7.443,50.628,322.894,0.551,-2.967,227.728,0
65436,0.354,7.494,50.628,322.894,0.554,-2.963,227.728,0
65437,0.354,7.494,50.660,322.894,0.555,-2.990,227.728,0
65438,0.354,7.494,50.660,322.631,0.551,-3.005,227.728,0
65439,0.354,7.494,50.725,322.369,0.556,-2.982,227.728,0
65440,0.354,7.494,50.693,322.369,0.551,-2.908,228.033,0
65441,0.354,7.494,50.725,322.369,0.558,-2.889,228.033,0
65442,0.354,7.494,50.758,322.369,0.550,-2.920,228.033,0
65443,0.354,7.494,50.758,322.369,0.558,-2.951,228.033,0
65444,0.354,7.494,50.758,322.106,0.550,-2.974,228.033,0
65445,0.354,7.494,50.791,322.106,0.559,-2.990,228.033,0
65446,0.360,7.465,50.823,321.844,0.552,-2.998,228.033,0
65447,0.360,7.465,50.823,321.844,0.559,-3.002,228.337,0
65448,0.360,7.465,50.823,321.844,0.550,-2.978,228.033,0
65449,0.360,7.465,50.823,321.844,0.558,-2.936,228.033,0
65450,0.360,7.465,50.823,321.844,0.551,-2.943,228.033,0
65451,0.360,7.465,50.791,321.581,0.555,-2.974,228.033,0
65452,0.360,7.465,50.823,321.581,0.554,-2.998,228.033,0
65453,0.360,7.465,50.823,321.581,0.553,-3.002,228.033,0
65454,0.360,7.465,50.791,321.581,0.555,-2.978,228.033,0
65455,0.360,7.465,50.791,321.581,0.553,-2.974,227.728,0
65456,0.258,7.435,50.758,321.844,0.558,-2.978,228.033,0
65457,0.258,7.435,50.758,321.844,0.550,-3.002,227.728,0
65458,0.258,7.435,50.758,321.844,0.558,-2.990,228.033,0
65459,0.258,7.435,50.725,321.844,0.551,-2.897,228.033,0
65460,0.258,7.435,50.693,321.844,0.559,-2.843,228.033,0
65461,0.258,7.435,50.693,321.844,0.551,-2.881,228.033,0
65462,0.258,7.435,50.660,321.844,0.559,-2.932,227.728,0
65463,0.258,7.435,50.660,322.106,0.549,-2.967,227.728,0
65464,0.258,7.435,50.628,322.106,0.557,-2.994,228.033,0
65465,0.258,7.435,50.628,322.106,0.549,-3.005,228.033,0
65466,0.154,7.478,50.595,321.844,0.557,-2.932,227.728,0
65467,0.154,7.478,50.595,322.106,0.548,-2.847,227.728,0
65468,0.154,7.478,50.595,322.369,0.556,-2.858,227.728,0
65469,0.154,7.478,50.563,322.369,0.549,-2.905,227.728,0
65470,0.154,7.478,50.563,322.369,0.554,-2.939,227.728,0
65471,0.154,7.478,50.563,322.369,0.549,-2.971,227.424,0
65472,0.154,7.478,50.563,322.369,0.555,-2.990,227.728,0
65473,0.154,7.478,50.563,322.369,0.550,-3.002,227.424,0
65474,0.154,7.478,50.595,322.369,0.553,-2.967,227.728,0
65475,0.154,7.478,50.563,322.631,0.551,-2.881,228.033,0
65476,0.343,7.516,50.595,322.631,0.551,-2.823,227.728,0
65477,0.343,7.516,50.595,322.894,0.551,-2.862,227.424,0
65478,0.343,7.516,50.628,322.894,0.553,-2.905,227.728,0
65479,0.343,7.516,50.628,323.156,0.555,-2.939,227.728,0
65480,0.343,7.516,50.660,323.156,0.552,-2.963,227.728,0
65481,0.343,7.516,50.660,323.156,0.555,-2.982,227.728,0
65482,0.343,7.516,50.693,323.156,0.553,-3.002,228.033,0
65483,0.343,7.516,50.725,323.419,0.558,-2.990,228.033,0
65484,0.343,7.516,50.725,323.419,0.551,-2.990,228.033,0
65485,0.343,7.516,50.758,323.419,0.558,-2.994,228.033,0
65486,0.532,7.476,50.791,323.156,0.551,-3.002,228.033,0
65487,0.532,7.476,50.791,323.419,0.558,-2.936,228.337,0
65488,0.532,7.476,50.791,323.681,0.550,-2.804,228.033,0
65489,0.532,7.476,50.823,323.944,0.558,-2.816,228.033,0
65490,0.532,7.476,50.791,323.944,0.550,-2.866,228.033,0
65491,0.532,7.476,50.823,323.944,0.559,-2.901,228.033,0
65492,0.532,7.476,50.823,323.944,0.549,-2.928,228.033,0
65493,0.532,7.476,50.823,323.944,0.558,-2.947,228.033,0
65494,0.532,7.476,50.791,324.206,0.550,-2.971,228.033,0
65495,0.532,7.476,50.791,324.206,0.555,-2.978,228.033,0
65496,0.445,7.438,50.791,324.206,0.551,-2.994,228.033,0
65497,0.445,7.438,50.791,324.469,0.554,-2.994,228.033,0
65498,0.445,7.438,50.758,324.469,0.555,-3.002,228.033,0
65499,0.445,7.438,50.725,324.469,0.552,-2.990,227.728,0
65500,0.445,7.438,50.758,324.469,0.557,-2.994,228.033,0
65501,0.445,7.438,50.725,324.469,0.552,-2.986,228.033,0
65502,0.445,7.438,50.725,324.731,0.558,-2.943,228.033,0
65503,0.445,7.438,50.693,324.731,0.549,-2.959,228.033,0
65504,0.445,7.438,50.660,324.994,0.554,-2.978,227.728,0
65505,0.445,7.438,50.660,324.731,0.554,-3.002,228.033,0
65506,0.357,7.422,50.660,324.731,0.553,-2.982,227.728,0
65507,0.357,7.422,50.628,324.994,0.555,-2.847,228.033,0
65508,0.357,7.422,50.595,324.994,0.551,-2.808,227.728,0
65509,0.357,7.422,50.595,324.994,0.555,-2.854,227.728,0
65510,0.357,7.422,50.563,325.256,0.550,-2.897,227.728,0
65511,0.357,7.422,50.563,325.256,0.557,-2.936,227.728,0
65512,0.357,7.422,50.563,325.256,0.549,-2.967,227.728,0
65513,0.357,7.422,50.563,325.256,0.557,-2.986,228.033,0
65514,0.357,7.422,50.563,325.256,0.549,-3.005,227.728,0
65515,0.357,7.422,50.595,325.519,0.558,-2.998,227.728,0
65516,0.205,7.404,50.563,325.519,0.549,-2.978,227.728,0
65517,0.205,7.404,50.595,325.781,0.559,-2.994,227.728,0
65518,0.205,7.404,50.628,325.781,0.550,-2.990,227.728,0
65519,0.205,7.404,50.628,326.044,0.559,-2.971,228.033,0
65520,0.205,7.404,50.628,326.044,0.550,-2.928,228.033,0
65521,0.205,7.404,50.660,326.044,0.559,-2.951,228.033,0
65522,0.205,7.404,50.660,326.306,0.551,-2.982,228.337,0
65523,0.205,7.404,50.693,326.569,0.559,-3.005,228.642,0
65524,0.205,7.404,50.725,326.569,0.553,-2.998,228.642,0
65525,0.205,7.404,50.725,326.569,0.557,-2.959,228.946,0
65526,0.053,7.249,50.758,326.569,0.556,-2.963,228.642,0
65527,0.053,7.249,50.758,326.832,0.555,-2.986,228.642,0
65528,0.053,7.249,50.791,326.832,0.557,-3.005,228.642,0
65529,0.053,7.249,50.823,326.832,0.552,-2.936,228.642,0
65530,0.053,7.249,50.791,327.094,0.558,-2.746,228.642,0
65531,0.053,7.249,50.791,327.094,0.551,-2.715,228.642,0
65532,0.053,7.249,50.791,327.094,0.560,-2.781,228.337,0
65533,0.053,7.249,50.823,327.094,0.550,-2.843,228.946,0
65534,0.053,7.249,50.791,327.094,0.559,-2.881,228.642,0
65535,0.053,7.249,50.791,327.094,0.550,-2.912,228.642,0
65536,0.132,7.088,50.791,327.094,0.556,-2.936,228.642,0
65537,0.132,7.088,50.791,327.357,0.552,-2.951,228.642,0
65538,0.132,7.088,50.758,327.357,0.555,-2.971,228.642,0
65539,0.132,7.088,50.758,327.619,0.555,-2.990,228.642,0
65540,0.132,7.088,50.758,327.357,0.553,-2.994,228.337,0
65541,0.132,7.088,50.758,327.357,0.558,-3.002,228.642,0
65542,0.132,7.088,50.725,327.357,0.551,-2.986,228.642,0
65543,0.132,7.088,50.725,327.619,0.560,-2.943,228.337,0
65544,0.132,7.088,50.693,327.619,0.551,-2.951,228.337,0
65545,0.132,7.088,50.693,327.619,0.559,-2.963,228.642,0
65546,0.209,6.994,50.660,327.357,0.551,-2.986,228.642,0
65547,0.209,6.994,50.660,327.357,0.557,-3.002,228.642,0
65548,0.209,6.994,50.628,327.357,0.553,-2.998,228.337,0
65549,0.209,6.994,50.628,327.357,0.552,-2.982,228.337,0
65550,0.209,6.994,50.595,327.357,0.555,-2.936,228.337,0
65551,0.209,6.994,50.595,327.357,0.550,-2.897,228.033,0
65552,0.209,6.994,50.595,327.094,0.558,-2.924,228.033,0
65553,0.209,6.994,50.563,327.094,0.548,-2.955,228.337,0
65554,0.209,6.994,50.595,327.094,0.558,-2.971,228.337,0
65555,0.209,6.994,50.595,326.832,0.550,-2.998,228.337,0
65556,0.142,6.900,50.595,326.832,0.558,-2.998,228.337,0
65557,0.142,6.900,50.595,326.569,0.550,-2.998,228.033,0
65558,0.142,6.900,50.595,326.832,0.555,-2.870,228.033,0
65559,0.142,6.900,50.595,326.569,0.554,-2.750,228.337,0
65560,0.142,6.900,50.628,326.569,0.553,-2.785,228.337,0
65561,0.142,6.900,50.628,326.306,0.558,-2.835,228.337,0
65562,0.142,6.900,50.628,326.306,0.551,-2.877,228.642,0
65563,0.142,6.900,50.660,326.044,0.559,-2.916,228.337,0
65564,0.142,6.900,50.693,326.044,0.551,-2.947,228.337,0
65565,0.142,6.900,50.693,326.044,0.560,-2.963,228.337,0
65566,0.075,7.000,50.725,325.781,0.551,-2.978,228.337,0
65567,0.075,7.000,50.725,325.781,0.558,-2.994,228.337,0
65568,0.075,7.000,50.758,325.519,0.551,-2.998,228.337,0
65569,0.075,7.000,50.758,325.519,0.555,-2.971,228.642,0
65570,0.075,7.000,50.791,325.519,0.555,-2.939,228.642,0
65571,0.075,7.000,50.791,325.256,0.551,-2.967,228.337,0
65572,0.075,7.000,50.791,324.994,0.557,-2.990,228.337,0
65573,0.075,7.000,50.823,324.994,0.551,-3.005,228.337,0
65574,0.075,7.000,50.823,324.731,0.558,-2.928,228.337,0
65575,0.075,7.000,50.823,324.994,0.551,-2.762,228.337,0
65576,0.313,7.096,50.791,324.731,0.559,-2.773,228.337,0
65577,0.313,7.096,50.791,324.731,0.551,-2.827,228.337,0
65578,0.313,7.096,50.791,324.731,0.557,-2.885,228.337,0
65579,0.313,7.096,50.791,324.731,0.552,-2.924,228.337,0
65580,0.313,7.096,50.758,324.731,0.555,-2.947,228.642,0
65581,0.313,7.096,50.758,324.469,0.557,-2.974,228.337,0
65582,0.313,7.096,50.725,324.206,0.554,-2.990,228.337,0
65583,0.313,7.096,50.725,324.206,0.558,-3.005,228.337,0
65584,0.313,7.096,50.725,323.944,0.550,-2.982,228.337,0
65585,0.313,7.096,50.693,324.206,0.559,-2.862,228.642,0
65586,0.549,6.934,50.660,323.944,0.551,-2.800,228.642,0
65587,0.549,6.934,50.660,323.681,0.559,-2.843,228.642,0
65588,0.549,6.934,50.628,323.681,0.550,-2.885,227.728,0
65589,0.549,6.934,50.628,323.681,0.557,-2.920,227.728,0
65590,0.549,6.934,50.595,323.419,0.549,-2.947,227.728,0
65591,0.549,6.934,50.595,323.419,0.558,-2.963,227.728,0
65592,0.549,6.934,50.595,323.156,0.550,-2.986,227.728,0
65593,0.549,6.934,50.563,322.894,0.556,-2.998,227.728,0
65594,0.549,6.934,50.595,322.894,0.549,-2.990,227.728,0
65595,0.549,6.934,50.563,322.894,0.557,-2.978,227.728,0
65596,0.497,6.775,50.563,322.631,0.549,-2.936,227.728,0
65597,0.497,6.775,50.563,322.631,0.555,-2.947,227.728,0
65598,0.497,6.775,50.563,322.631,0.551,-2.974,227.728,0
65599,0.497,6.775,50.595,322.631,0.553,-2.990,227.728,0
65600,0.497,6.775,50.595,322.369,0.554,-3.002,227.728,0
65601,0.497,6.775,50.628,322.369,0.553,-2.967,227.728,0
65602,0.497,6.775,50.628,322.369,0.555,-2.912,227.728,0
65603,0.497,6.775,50.628,322.369,0.552,-2.874,227.728,0
65604,0.497,6.775,50.660,322.369,0.557,-2.897,227.728,0
65605,0.497,6.775,50.660,322.369,0.550,-2.932,228.033,0
65606,0.445,6.700,50.693,322.106,0.557,-2.951,227.728,0
65607,0.445,6.700,50.725,322.106,0.550,-2.974,228.033,0
65608,0.445,6.700,50.758,321.844,0.558,-2.990,227.728,0
65609,0.445,6.700,50.758,322.106,0.550,-3.002,227.728,0
65610,0.445,6.700,50.791,321.844,0.558,-2.998,227.728,0
65611,0.445,6.700,50.791,321.844,0.548,-2.982,227.728,0
65612,0.445,6.700,50.791,321.844,0.557,-2.916,228.033,0
65613,0.445,6.700,50.823,321.581,0.549,-2.866,227.728,0
65614,0.445,6.700,50.823,321.844,0.556,-2.897,227.728,0
65615,0.445,6.700,50.823,321.844,0.551,-2.936,228.033,0
65616,0.313,6.625,50.823,321.581,0.553,-2.959,227.728,0
65617,0.313,6.625,50.823,321.581,0.554,-2.990,227.728,0
65618,0.313,6.625,50.823,321.581,0.553,-2.994,228.033,0
65619,0.313,6.625,50.823,321.581,0.555,-3.013,227.728,0
65620,0.313,6.625,50.791,321.581,0.552,-2.908,228.033,0
65621,0.313,6.625,50.791,321.581,0.558,-2.708,227.728,0
65622,0.313,6.625,50.758,321.581,0.550,-2.696,228.033,0
65623,0.313,6.625,50.758,321.844,0.557,-2.762,228.033,0
65624,0.313,6.625,50.725,321.844,0.551,-2.835,228.033,0
65625,0.313,6.625,50.725,321.844,0.558,-2.874,228.033,0
65626,0.179,6.660,50.725,321.844,0.551,-2.916,228.033,0
65627,0.179,6.660,50.693,321.844,0.558,-2.932,227.728,0
65628,0.179,6.660,50.660,321.844,0.550,-2.971,227.728,0
65629,0.179,6.660,50.660,322.106,0.557,-2.974,228.033,0
65630,0.179,6.660,50.628,322.106,0.549,-3.002,227.728,0
65631,0.179,6.660,50.628,322.106,0.558,-2.986,228.033,0
65632,0.179,6.660,50.595,322.106,0.548,-2.908,227.728,0
65633,0.179,6.660,50.563,322.106,0.558,-2.862,227.728,0
65634,0.179,6.660,50.563,322.106,0.549,-2.901,227.728,0
65635,0.179,6.660,50.563,322.369,0.558,-2.928,227.728,0
65636,0.115,6.694,50.563,322.369,0.556,-2.947,227.728,0
65637,0.115,6.694,50.563,322.369,0.551,-2.974,227.728,0
65638,0.115,6.694,50.563,322.631,0.556,-3.005,227.728,0
65639,0.115,6.694,50.563,322.631,0.557,-2.982,227.728,0
65640,0.115,6.694,50.563,322.894,0.550,-2.901,227.728,0
65641,0.115,6.694,50.595,322.894,0.558,-2.889,227.728,0
65642,0.115,6.694,50.595,322.894,0.551,-2.924,228.033,0
65643,0.115,6.694,50.595,322.894,0.558,-2.955,228.033,0
65644,0.115,6.694,50.628,323.156,0.551,-2.974,227.728,0
65645,0.115,6.694,50.628,323.156,0.550,-2.994,227.728,0
65646,0.053,6.663,50.660,323.156,0.557,-3.005,228.033,0
65647,0.053,6.663,50.693,322.894,0.550,-2.920,228.033,0
65648,0.053,6.663,50.725,323.156,0.557,-2.750,228.033,0
65649,0.053,6.663,50.725,323.419,0.549,-2.738,228.033,0
65650,0.053,6.663,50.758,323.419,0.558,-2.819,228.033,0
65651,0.053,6.663,50.758,323.419,0.549,-2.854,228.033,0
65652,0.053,6.663,50.791,323.681,0.557,-2.897,228.033,0
65653,0.053,6.663,50.791,323.681,0.550,-2.912,228.033,0
65654,0.053,6.663,50.823,323.681,0.555,-2.943,227.728,0
65655,0.053,6.663,50.823,323.681,0.551,-2.955,227.728,0
65656,0.185,6.629,50.791,323.944,0.554,-2.967,228.033,0
65657,0.185,6.629,50.823,323.944,0.554,-2.978,227.728,0
65658,0.185,6.629,50.823,324.206,0.553,-2.994,228.033,0
65659,0.185,6.629,50.823,324.206,0.557,-2.998,228.033,0
65660,0.185,6.629,50.791,324.469,0.551,-2.994,228.033,0
65661,0.185,6.629,50.791,324.469,0.559,-2.990,228.033,0
65662,0.185,6.629,50.758,324.469,0.551,-2.998,228.033,0
65663,0.185,6.629,50.791,324.469,0.559,-2.990,228.033,0
65664,0.185,6.629,50.758,324.731,0.551,-3.009,228.033,0
65665,0.185,6.629,50.758,324.731,0.559,-2.971,228.033,0
65666,0.317,6.631,50.725,324.994,0.550,-2.893,228.033,0
65667,0.317,6.631,50.725,324.731,0.559,-2.912,228.033,0
65668,0.317,6.631,50.693,324.731,0.549,-2.928,227.728,0
65669,0.317,6.631,50.693,324.994,0.556,-2.971,227.728,0
65670,0.317,6.631,50.660,324.994,0.551,-2.982,227.728,0
65671,0.317,6.631,50.660,325.256,0.554,-3.002,228.033,0
65672,0.317,6.631,50.660,325.256,0.554,-3.002,228.033,0
65673,0.317,6.631,50.628,324.994,0.553,-2.986,227.728,0
65674,0.317,6.631,50.628,324.994,0.555,-2.986,227.728,0
65675,0.317,6.631,50.595,325.256,0.549,-2.990,227.728,0
65676,0.381,6.634,50.595,325.256,0.554,-2.998,227.728,0
65677,0.381,6.634,50.563,325.256,0.550,-2.897,228.033,0
65678,0.381,6.634,50.563,325.519,0.558,-2.804,227.728,0
65679,0.381,6.634,50.563,325.781,0.549,-2.850,227.728,0
65680,0.381,6.634,50.563,325.781,0.558,-2.893,227.728,0
65681,0.381,6.634,50.563,325.781,0.550,-2.932,227.728,0
65682,0.381,6.634,50.563,325.781,0.558,-2.955,227.728,0
65683,0.381,6.634,50.595,326.044,0.550,-2.986,227.728,0
65684,0.381,6.634,50.595,326.044,0.559,-3.002,228.033,0
65685,0.381,6.634,50.628,326.044,0.550,-2.982,227.728,0
65686,0.445,6.604,50.628,326.306,0.560,-2.847,228.337,0
65687,0.445,6.604,50.660,326.306,0.551,-2.819,228.642,0
65688,0.445,6.604,50.693,326.306,0.561,-2.866,228.946,0
65689,0.445,6.604,50.693,326.569,0.553,-2.912,228.946,0
65690,0.445,6.604,50.725,326.832,0.558,-2.951,228.642,0
65691,0.445,6.604,50.725,326.832,0.554,-2.974,228.642,0
65692,0.445,6.604,50.758,326.832,0.555,-2.994,228.642,0
65693,0.445,6.604,50.791,326.832,0.558,-2.998,228.946,0
65694,0.445,6.604,50.791,326.832,0.552,-2.963,228.642,0
65695,0.445,6.604,50.791,327.094,0.559,-2.947,228.642,0
65696,0.556,6.575,50.791,327.357,0.553,-2.971,228.642,0
65697,0.556,6.575,50.823,327.094,0.559,-2.994,228.642,0
65698,0.556,6.575,50.823,327.357,0.553,-3.002,228.642,0
65699,0.556,6.575,50.823,327.357,0.560,-2.990,228.642,0
65700,0.556,6.575,50.823,327.357,0.552,-2.955,228.642,0
65701,0.556,6.575,50.823,327.357,0.559,-2.967,228.642,0
65702,0.556,6.575,50.791,327.357,0.554,-2.994,228.946,0
65703,0.556,6.575,50.823,327.357,0.555,-2.990,228.642,0
65704,0.556,6.575,50.791,327.357,0.558,-3.005,228.642,0
65705,0.556,6.575,50.791,327.619,0.553,-2.967,228.642,0
65706,0.667,6.641,50.758,327.619,0.559,-2.877,228.642,0
65707,0.667,6.641,50.758,327.357,0.551,-2.877,228.642,0
65708,0.667,6.641,50.725,327.357,0.560,-2.912,228.337,0
65709,0.667,6.641,50.725,327.357,0.550,-2.943,228.642,0
65710,0.667,6.641,50.693,327.619,0.558,-2.971,228.337,0
65711,0.667,6.641,50.660,327.357,0.551,-2.986,228.337,0
65712,0.667,6.641,50.660,327.619,0.555,-3.002,228.337,0
65713,0.667,6.641,50.660,327.357,0.554,-2.994,228.337,0
65714,0.667,6.641,50.628,327.357,0.552,-2.924,228.337,0
65715,0.667,6.641,50.595,327.094,0.557,-2.912,228.337,0
65716,0.608,6.710,50.595,327.357,0.551,-2.932,228.337,0
65717,0.608,6.710,50.595,327.094,0.558,-2.963,228.337,0
65718,0.608,6.710,50.595,327.094,0.551,-2.978,228.337,0
65719,0.608,6.710,50.595,327.094,0.559,-2.994,228.337,0
65720,0.608,6.710,50.563,327.094,0.551,-3.002,228.337,0
65721,0.608,6.710,50.595,326.832,0.558,-2.990,228.337,0
65722,0.608,6.710,50.595,326.569,0.552,-2.924,228.337,0
65723,0.608,6.710,50.595,326.569,0.556,-2.924,228.337,0
65724,0.608,6.710,50.595,326.569,0.555,-2.951,228.337,0
65725,0.608,6.710,50.595,326.569,0.553,-2.978,228.337,0
65726,0.550,6.763,50.628,326.569,0.559,-2.994,228.642,0
65727,0.550,6.763,50.628,326.306,0.550,-2.998,228.337,0
65728,0.550,6.763,50.660,326.306,0.559,-2.971,228.337,0
65729,0.550,6.763,50.660,326.044,0.550,-2.905,228.337,0
65730,0.550,6.763,50.693,326.044,0.558,-2.928,228.642,0
65731,0.550,6.763,50.693,325.781,0.550,-2.963,228.642,0
65732,0.550,6.763,50.725,325.781,0.559,-2.990,228.642,0
65733,0.550,6.763,50.758,325.781,0.551,-2.994,228.642,0
65734,0.550,6.763,50.758,325.519,0.557,-2.998,228.642,0
65735,0.550,6.763,50.758,325.256,0.553,-2.974,228.337,0
65736,0.390,6.818,50.758,325.256,0.554,-2.998,228.642,0
65737,0.390,6.818,50.791,324.994,0.557,-2.974,228.642,0
65738,0.390,6.818,50.791,324.994,0.553,-2.939,228.642,0
65739,0.390,6.818,50.791,324.994,0.558,-2.881,228.642,0
65740,0.390,6.818,50.791,324.994,0.551,-2.908,228.642,0
65741,0.390,6.818,50.791,324.731,0.560,-2.955,228.642,0
65742,0.390,6.818,50.791,324.731,0.551,-2.986,228.642,0
65743,0.390,6.818,50.791,324.469,0.560,-2.998,228.642,0
65744,0.390,6.818,50.791,324.469,0.552,-3.005,228.642,0
65745,0.390,6.818,50.758,324.469,0.560,-2.974,228.642,0
65746,0.232,6.721,50.758,324.469,0.553,-2.971,228.642,0
65747,0.232,6.721,50.725,324.206,0.557,-2.994,228.642,0
65748,0.232,6.721,50.725,323.944,0.553,-3.002,228.337,0
65749,0.232,6.721,50.725,323.944,0.554,-2.982,228.337,0
65750,0.232,6.721,50.693,323.944,0.556,-2.974,228.337,0
65751,0.232,6.721,50.660,323.944,0.552,-2.982,228.642,0
65752,0.232,6.721,50.660,323.681,0.558,-2.998,228.033,0
65753,0.232,6.721,50.660,323.681,0.551,-3.002,227.728,0
65754,0.232,6.721,50.628,323.419,0.557,-2.982,227.728,0
65755,0.232,6.721,50.628,323.156,0.549,-2.974,227.728,0
65756,0.164,6.624,50.595,323.156,0.557,-2.986,227.728,0
65757,0.164,6.624,50.595,323.156,0.549,-2.998,227.728,0
65758,0.164,6.624,50.595,322.894,0.558,-3.005,227.728,0
65759,0.164,6.624,50.595,322.894,0.549,-2.971,227.424,0
65760,0.164,6.624,50.563,322.631,0.558,-2.986,227.728,0
65761,0.164,6.624,50.563,322.894,0.549,-2.998,228.033,0
65762,0.164,6.624,50.595,322.631,0.559,-2.998,228.033,0
65763,0.164,6.624,50.595,322.369,0.549,-2.986,227.728,0
65764,0.164,6.624,50.595,322.369,0.557,-2.978,227.728,0
65765,0.164,6.624,50.595,322.369,0.550,-2.982,227.424,0
65766,0.097,6.684,50.628,322.369,0.555,-3.002,227.728,0
65767,0.097,6.684,50.628,322.106,0.550,-2.920,227.728,0
65768,0.097,6.684,50.628,322.106,0.554,-2.796,227.728,0
65769,0.097,6.684,50.660,322.106,0.553,-2.792,227.728,0
65770,0.097,6.684,50.660,322.106,0.553,-2.847,227.728,0
65771,0.097,6.684,50.693,322.106,0.555,-2.893,227.728,0
65772,0.097,6.684,50.693,322.106,0.552,-2.920,227.728,0
65773,0.097,6.684,50.725,322.106,0.557,-2.947,228.033,0
65774,0.097,6.684,50.725,322.106,0.551,-2.963,227.728,0
65775,0.097,6.684,50.725,322.106,0.557,-2.978,228.033,0
65776,0.089,6.743,50.758,321.844,0.551,-2.994,228.033,0
65777,0.089,6.743,50.758,321.844,0.555,-3.002,228.033,0
65778,0.089,6.743,50.791,321.581,0.555,-2.978,228.033,0
65779,0.089,6.743,50.791,321.844,0.554,-2.854,228.033,0
65780,0.089,6.743,50.791,321.844,0.552,-2.831,228.033,0
65781,0.089,6.743,50.791,321.844,0.559,-2.870,228.033,0
65782,0.089,6.743,50.791,321.844,0.551,-2.912,228.033,0
65783,0.089,6.743,50.791,321.844,0.550,-2.943,228.033,0
65784,0.089,6.743,50.791,321.844,0.558,-2.967,228.033,0
65785,0.089,6.743,50.758,321.844,0.549,-2.982,228.033,0
65786,0.080,6.841,50.758,321.844,0.558,-3.005,228.033,0
65787,0.080,6.841,50.758,321.844,0.550,-2.982,228.033,0
65788,0.080,6.841,50.725,321.844,0.558,-2.885,228.033,0
65789,0.080,6.841,50.725,321.844,0.549,-2.858,228.033,0
65790,0.080,6.841,50.693,321.844,0.558,-2.901,227.728,0
65791,0.080,6.841,50.693,321.844,0.547,-2.936,228.033,0
65792,0.080,6.841,50.693,321.844,0.557,-2.967,228.033,0
65793,0.080,6.841,50.660,322.106,0.549,-2.990,228.033,0
65794,0.080,6.841,50.660,321.844,0.558,-3.005,227.728,0
65795,0.080,6.841,50.628,321.844,0.549,-2.916,227.728,0
65796,0.057,6.941,50.595,321.844,0.557,-2.808,227.728,0
65797,0.057,6.941,50.595,322.106,0.549,-2.835,227.728,0
65798,0.057,6.941,50.595,322.106,0.555,-2.885,228.033,0
65799,0.057,6.941,50.595,322.106,0.552,-2.924,228.337,0
65800,0.057,6.941,50.563,322.369,0.557,-2.959,228.033,0
65801,0.057,6.941,50.563,322.631,0.552,-2.982,228.033,0
65802,0.057,6.941,50.563,322.631,0.557,-3.002,227.728,0
65803,0.057,6.941,50.595,322.631,0.553,-2.994,227.728,0
65804,0.057,6.941,50.595,322.631,0.556,-2.928,227.728,0
65805,0.057,6.941,50.595,322.894,0.555,-2.928,228.033,0
65806,0.034,6.884,50.595,322.894,0.555,-2.959,228.337,0
65807,0.034,6.884,50.595,322.894,0.555,-2.990,228.033,0
65808,0.034,6.884,50.628,322.894,0.554,-3.002,228.337,0
65809,0.034,6.884,50.660,322.894,0.558,-2.951,228.642,0
65810,0.034,6.884,50.660,323.156,0.553,-2.850,228.642,0
65811,0.034,6.884,50.660,323.156,0.560,-2.843,228.642,0
65812,0.034,6.884,50.693,323.419,0.554,-2.885,228.642,0
65813,0.034,6.884,50.725,323.419,0.563,-2.920,228.946,0
65814,0.034,6.884,50.725,323.419,0.555,-2.955,228.946,0
65815,0.034,6.884,50.758,323.419,0.564,-2.978,228.946,0
65816,0.234,6.825,50.758,323.419,0.556,-2.990,229.251,0
65817,0.234,6.825,50.758,323.419,0.566,-3.002,229.251,0
65818,0.234,6.825,50.791,323.681,0.558,-2.986,229.555,0
65819,0.234,6.825,50.791,323.681,0.567,-2.947,229.555,0
65820,0.234,6.825,50.791,323.944,0.558,-2.951,229.555,0
65821,0.234,6.825,50.791,324.206,0.566,-2.967,229.860,0
65822,0.234,6.825,50.791,324.206,0.559,-2.990,230.164,0
65823,0.234,6.825,50.791,324.206,0.567,-3.002,230.164,0
65824,0.234,6.825,50.791,324.206,0.560,-2.994,230.164,0
65825,0.234,6.825,50.758,324.469,0.566,-2.974,230.468,0
65826,0.433,6.753,50.758,324.469,0.563,-2.982,230.468,0
65827,0.433,6.753,50.758,324.731,0.566,-3.002,230.468,0
65828,0.433,6.753,50.758,324.731,0.564,-2.998,230.468,0
65829,0.433,6.753,50.725,324.731,0.566,-2.986,230.773,0
65830,0.433,6.753,50.693,324.731,0.567,-2.967,230.773,0
65831,0.433,6.753,50.693,324.994,0.565,-2.982,231.077,0
65832,0.433,6.753,50.693,324.994,0.569,-3.002,231.077,0
65833,0.433,6.753,50.660,324.994,0.566,-2.986,231.077,0
65834,0.433,6.753,50.628,325.256,0.570,-2.947,231.077,0
65835,0.433,6.753,50.628,324.994,0.564,-2.951,231.382,0
65836,0.275,6.687,50.628,324.994,0.572,-2.974,231.382,0
65837,0.275,6.687,50.628,325.256,0.566,-2.998,231.382,0
65838,0.275,6.687,50.595,325.256,0.571,-2.998,231.686,0
65839,0.275,6.687,50.595,325.256,0.566,-2.982,231.686,0
65840,0.275,6.687,50.595,325.519,0.572,-2.982,231.382,0
65841,0.275,6.687,50.595,325.781,0.567,-3.002,231.686,0
65842,0.275,6.687,50.595,325.519,0.571,-2.998,231.991,0
65843,0.275,6.687,50.595,325.781,0.567,-2.939,232.295,0
65844,0.275,6.687,50.595,325.519,0.572,-2.936,231.991,0
65845,0.275,6.687,50.595,325.781,0.570,-2.959,231.991,0
65846,0.116,6.803,50.595,326.044,0.572,-2.990,231.991,0
65847,0.116,6.803,50.628,326.044,0.571,-3.002,231.686,0
65848,0.116,6.803,50.660,326.044,0.572,-2.932,231.991,0
65849,0.116,6.803,50.660,326.044,0.572,-2.816,231.991,0
65850,0.116,6.803,50.693,326.044,0.572,-2.819,231.991,0
65851,0.116,6.803,50.693,326.306,0.575,-2.870,232.600,0
65852,0.116,6.803,50.725,326.569,0.574,-2.916,232.904,0
65853,0.116,6.803,50.725,326.569,0.573,-2.959,233.208,0
65854,0.116,6.803,50.758,326.569,0.576,-2.978,233.208,0
65855,0.116,6.803,50.758,326.569,0.574,-2.994,233.208,0
65856,0.095,6.918,50.758,326.832,0.577,-3.009,233.513,0
65857,0.095,6.918,50.791,326.569,0.575,-2.955,233.208,0
65858,0.095,6.918,50.791,327.094,0.581,-2.905,233.513,0
65859,0.095,6.918,50.791,327.094,0.574,-2.905,233.513,0
65860,0.095,6.918,50.791,327.357,0.581,-2.936,233.513,0
65861,0.095,6.918,50.791,327.357,0.572,-2.971,233.817,0
65862,0.095,6.918,50.791,327.357,0.580,-3.002,233.817,0
65863,0.095,6.918,50.791,327.357,0.573,-2.994,233.817,0
65864,0.095,6.918,50.791,327.357,0.583,-2.959,233.817,0
65865,0.095,6.918,50.758,327.619,0.572,-2.951,234.122,0
65866,0.075,6.809,50.758,327.619,0.582,-2.986,233.817,0
65867,0.075,6.809,50.758,327.619,0.573,-3.002,234.122,0
65868,0.075,6.809,50.758,327.619,0.581,-2.990,233.513,0
65869,0.075,6.809,50.725,327.619,0.572,-2.924,233.817,0
65870,0.075,6.809,50.693,327.357,0.582,-2.897,233.817,0
65871,0.075,6.809,50.660,327.619,0.574,-2.924,234.122,0
65872,0.075,6.809,50.660,327.619,0.582,-2.959,234.122,0
65873,0.075,6.809,50.660,327.619,0.574,-2.982,234.122,0
65874,0.075,6.809,50.628,327.619,0.580,-3.002,234.122,0
65875,0.075,6.809,50.628,327.357,0.576,-3.002,234.122,0
65876,0.221,6.700,50.595,327.357,0.576,-2.963,234.426,0
65877,0.221,6.700,50.595,327.357,0.578,-2.943,234.122,0
65878,0.221,6.700,50.563,327.357,0.578,-2.967,234.122,0
65879,0.221,6.700,50.563,327.357,0.579,-2.994,234.122,0
65880,0.221,6.700,50.595,327.357,0.578,-2.998,234.122,0
65881,0.221,6.700,50.595,327.357,0.580,-2.939,234.426,0
65882,0.221,6.700,50.563,327.357,0.578,-2.889,234.122,0
65883,0.221,6.700,50.563,327.357,0.580,-2.901,234.426,0
65884,0.221,6.700,50.595,327.094,0.578,-2.936,234.426,0
65885,0.221,6.700,50.595,327.094,0.582,-2.963,234.426,0
65886,0.368,6.790,50.595,327.094,0.576,-2.978,234.426,0
65887,0.368,6.790,50.628,327.094,0.583,-2.998,234.426,0
65888,0.368,6.790,50.660,327.094,0.576,-2.998,234.731,0
65889,0.368,6.790,50.660,326.832,0.583,-2.994,234.731,0
65890,0.368,6.790,50.693,326.569,0.575,-2.990,234.426,0
65891,0.368,6.790,50.693,326.569,0.584,-2.978,234.731,0
65892,0.368,6.790,50.725,326.569,0.576,-2.994,234.731,0
65893,0.368,6.790,50.758,326.306,0.583,-3.002,234.731,0
65894,0.368,6.790,50.758,326.306,0.575,-2.939,235.035,0
65895,0.368,6.790,50.758,326.044,0.583,-2.858,235.035,0
65896,0.378,6.882,50.758,326.044,0.575,-2.858,235.035,0
65897,0.378,6.882,50.791,325.781,0.584,-2.908,235.035,0
65898,0.378,6.882,50.791,325.781,0.575,-2.947,235.035,0
65899,0.378,6.882,50.823,325.519,0.584,-2.974,235.035,0
65900,0.378,6.882,50.823,325.519,0.575,-2.994,235.035,0
65901,0.378,6.882,50.823,325.519,0.584,-3.002,234.731,0
65902,0.378,6.882,50.791,325.256,0.574,-2.994,235.035,0
65903,0.378,6.882,50.791,325.256,0.584,-2.982,235.035,0
65904,0.378,6.882,50.791,324.994,0.574,-2.994,234.731,0
65905,0.378,6.882,50.791,324.731,0.582,-3.005,234.731,0
65906,0.389,6.774,50.758,324.994,0.573,-2.951,234.731,0
65907,0.389,6.774,50.758,324.731,0.583,-2.932,235.035,0
65908,0.389,6.774,50.758,324.731,0.572,-2.951,235.035,0
65909,0.389,6.774,50.725,324.469,0.583,-2.982,234.731,0
65910,0.389,6.774,50.725,324.206,0.573,-3.005,234.731,0
65911,0.389,6.774,50.693,324.206,0.582,-2.943,234.731,0
65912,0.389,6.774,50.693,324.206,0.574,-2.850,235.035,0
65913,0.389,6.774,50.660,324.206,0.582,-2.854,234.731,0
65914,0.389,6.774,50.660,323.944,0.577,-2.893,234.731,0
65915,0.389,6.774,50.628,323.944,0.578,-2.943,234.731,0
65916,0.320,6.665,50.595,323.681,0.577,-2.974,234.122,0
65917,0.320,6.665,50.595,323.419,0.576,-2.998,234.122,0
65918,0.320,6.665,50.595,323.419,0.575,-2.998,234.122,0
65919,0.320,6.665,50.595,323.419,0.579,-2.955,234.426,0
65920,0.320,6.665,50.563,323.419,0.575,-2.924,234.426,0
65921,0.320,6.665,50.563,323.419,0.578,-2.947,234.122,0
65922,0.320,6.665,50.563,323.156,0.572,-2.982,234.122,0
65923,0.320,6.665,50.563,323.156,0.582,-3.005,234.122,0
65924,0.320,6.665,50.595,322.894,0.573,-2.990,234.426,0
65925,0.320,6.665,50.595,322.631,0.583,-2.955,234.426,0
65926,0.253,6.891,50.595,322.894,0.574,-2.951,234.426,0
65927,0.253,6.891,50.595,322.631,0.581,-2.974,234.426,0
65928,0.253,6.891,50.628,322.631,0.572,-3.002,234.731,0
65929,0.253,6.891,50.660,322.369,0.582,-2.994,234.426,0
65930,0.253,6.891,50.660,322.369,0.572,-2.912,234.426,0
65931,0.253,6.891,50.660,322.369,0.582,-2.854,234.426,0
65932,0.253,6.891,50.693,322.369,0.573,-2.893,234.426,0
65933,0.253,6.891,50.725,322.369,0.582,-2.920,234.731,0
65934,0.253,6.891,50.725,322.369,0.574,-2.951,234.731,0
65935,0.253,6.891,50.725,322.106,0.581,-2.978,234.426,0
65936,0.241,7.118,50.758,322.106,0.572,-2.994,234.426,0
65937,0.241,7.118,50.758,322.106,0.582,-3.002,234.426,0
65938,0.241,7.118,50.791,322.106,0.573,-2.986,234.731,0
65939,0.241,7.118,50.791,322.106,0.582,-2.916,234.731,0
65940,0.241,7.118,50.791,322.106,0.571,-2.916,234.731,0
65941,0.241,7.118,50.791,322.369,0.581,-2.936,234.731,0
65942,0.241,7.118,50.791,322.369,0.574,-2.963,234.731,0
65943,0.241,7.118,50.823,322.369,0.582,-2.986,234.731,0
65944,0.241,7.118,50.791,322.106,0.574,-2.998,234.731,0
65945,0.241,7.118,50.791,322.106,0.580,-2.998,234.731,0
65946,0.229,7.096,50.791,322.106,0.574,-2.994,234.731,0
65947,0.229,7.096,50.791,322.106,0.580,-3.002,235.035,0
65948,0.229,7.096,50.791,322.106,0.572,-3.002,234.731,0
65949,0.229,7.096,50.758,322.106,0.578,-2.986,234.731,0
65950,0.229,7.096,50.758,322.106,0.575,-2.978,234.731,0
65951,0.229,7.096,50.725,322.106,0.578,-2.994,234.426,0
65952,0.229,7.096,50.725,322.106,0.575,-3.002,234.426,0
65953,0.229,7.096,50.725,322.106,0.574,-2.947,234.122,0
65954,0.229,7.096,50.693,322.106,0.577,-2.885,234.426,0
65955,0.229,7.096,50.660,322.106,0.572,-2.908,234.426,0
65956,0.302,7.074,50.660,322.106,0.579,-2.943,234.731,0
65957,0.302,7.074,50.628,322.106,0.572,-2.971,234.426,0
65958,0.302,7.074,50.595,322.106,0.580,-2.998,234.731,0
65959,0.302,7.074,50.628,322.106,0.571,-2.998,234.426,0
65960,0.302,7.074,50.595,322.106,0.579,-2.881,234.426,0
65961,0.302,7.074,50.563,322.369,0.572,-2.800,234.731,0
65962,0.302,7.074,50.563,322.369,0.580,-2.835,234.731,0
65963,0.302,7.074,50.563,322.369,0.571,-2.881,234.426,0
65964,0.302,7.074,50.563,322.369,0.580,-2.924,234.426,0
65965,0.302,7.074,50.563,322.369,0.572,-2.955,234.426,0
65966,0.375,7.075,50.563,322.369,0.582,-2.982,234.426,0
65967,0.375,7.075,50.563,322.631,0.574,-3.002,234.426,0
65968,0.375,7.075,50.595,322.631,0.579,-3.002,234.426,0
65969,0.375,7.075,50.595,322.631,0.575,-2.932,234.731,0
65970,0.375,7.075,50.628,322.894,0.579,-2.750,235.035,0
65971,0.375,7.075,50.628,322.894,0.577,-2.758,235.035,0
65972,0.375,7.075,50.660,323.156,0.578,-2.816,234.731,0
65973,0.375,7.075,50.660,323.156,0.578,-2.874,234.731,0
65974,0.375,7.075,50.693,323.156,0.576,-2.908,235.035,0
65975,0.375,7.075,50.725,323.419,0.580,-2.943,235.035,0
65976,0.302,7.078,50.725,323.419,0.576,-2.967,235.035,0
65977,0.302,7.078,50.758,323.419,0.580,-2.982,235.035,0
65978,0.302,7.078,50.758,323.681,0.576,-2.994,235.035,0
65979,0.302,7.078,50.791,323.681,0.580,-2.998,235.035,0
65980,0.302,7.078,50.791,323.681,0.575,-2.978,234.731,0
65981,0.302,7.078,50.823,323.681,0.582,-2.971,235.035,0
65982,0.302,7.078,50.823,323.944,0.575,-2.990,235.035,0
65983,0.302,7.078,50.823,324.206,0.583,-3.005,235.035,0
65984,0.302,7.078,50.823,323.944,0.574,-2.955,235.035,0
65985,0.302,7.078,50.823,324.206,0.582,-2.874,235.035,0
65986,0.231,7.276,50.823,324.206,0.575,-2.850,235.035,0
65987,0.231,7.276,50.823,324.206,0.581,-2.893,235.035,0
65988,0.231,7.276,50.791,324.469,0.574,-2.924,235.035,0
65989,0.231,7.276,50.791,324.469,0.583,-2.947,235.035,0
65990,0.231,7.276,50.791,324.469,0.575,-2.967,235.035,0
65991,0.231,7.276,50.758,324.469,0.582,-2.986,235.035,0
65992,0.231,7.276,50.758,324.731,0.574,-2.998,235.035,0
65993,0.231,7.276,50.725,324.994,0.583,-2.994,234.731,0
65994,0.231,7.276,50.725,324.994,0.572,-2.974,234.426,0
65995,0.231,7.276,50.693,324.994,0.580,-2.963,234.731,0
65996,0.124,7.475,50.693,324.994,0.572,-2.978,234.731,0
65997,0.124,7.475,50.660,324.994,0.582,-2.998,234.122,0
65998,0.124,7.475,50.660,325.256,0.573,-2.994,235.035,0
65999,0.124,7.475,50.628,325.256,0.583,-2.955,235.340,0
66000,0.124,7.475,50.628,325.256,0.574,-2.905,235.035,0
66001,0.124,7.475,50.595,325.519,0.582,-2.924,235.035,0
66002,0.124,7.475,50.595,325.519,0.574,-2.955,234.426,0
66003,0.124,7.475,50.595,325.781,0.582,-2.974,234.731,0
66004,0.124,7.475,50.563,325.781,0.573,-2.990,234.731,0
66005,0.124,7.475,50.563,325.781,0.583,-3.002,235.035,0
66006,0.018,7.529,50.595,325.781,0.575,-2.971,235.035,0
66007,0.018,7.529,50.563,326.044,0.582,-2.862,234.731,0
66008,0.018,7.529,50.563,326.044,0.576,-2.858,234.731,0
66009,0.018,7.529,50.595,326.044,0.579,-2.905,234.731,0
66010,0.018,7.529,50.595,326.044,0.578,-2.936,234.731,0
66011,0.018,7.529,50.595,326.044,0.579,-2.967,234.731,0
66012,0.018,7.529,50.628,326.306,0.580,-2.982,235.035,0
66013,0.018,7.529,50.628,326.306,0.578,-3.005,235.644,0
66014,0.018,7.529,50.660,326.306,0.580,-2.994,235.644,0
66015,0.018,7.529,50.693,326.306,0.577,-2.998,235.644,0
66016,0.138,7.584,50.693,326.569,0.583,-2.998,235.644,0
66017,0.138,7.584,50.725,326.569,0.578,-2.998,235.644,0
66018,0.138,7.584,50.725,326.569,0.583,-2.998,235.644,0
66019,0.138,7.584,50.758,326.832,0.579,-3.002,235.340,0
66020,0.138,7.584,50.791,326.569,0.579,-3.002,235.644,0
66021,0.138,7.584,50.791,326.569,0.579,-2.943,235.340,0
66022,0.138,7.584,50.791,327.094,0.578,-2.823,235.644,0
66023,0.138,7.584,50.823,327.094,0.580,-2.835,235.340,0
66024,0.138,7.584,50.823,327.094,0.577,-2.889,235.644,0
66025,0.138,7.584,50.823,327.094,0.582,-2.936,235.644,0
66026,0.258,7.435,50.823,327.094,0.576,-2.963,235.644,0
66027,0.258,7.435,50.791,327.357,0.582,-2.994,235.949,0
66028,0.258,7.435,50.823,327.094,0.576,-2.994,235.644,0
66029,0.258,7.435,50.791,327.357,0.583,-2.990,235.644,0
66030,0.258,7.435,50.791,327.357,0.575,-2.947,235.644,0
66031,0.258,7.435,50.758,327.357,0.582,-2.967,235.340,0
66032,0.258,7.435,50.758,327.357,0.575,-2.990,235.340,0
66033,0.258,7.435,50.758,327.357,0.582,-2.998,235.340,0
66034,0.258,7.435,50.758,327.357,0.574,-2.990,235.644,0
66035,0.258,7.435,50.725,327.357,0.583,-2.951,235.340,0
66036,0.305,7.288,50.693,327.357,0.574,-2.971,235.340,0
66037,0.305,7.288,50.693,327.357,0.583,-2.990,235.340,0
66038,0.305,7.288,50.660,327.094,0.575,-3.005,235.340,0
66039,0.305,7.288,50.693,327.094,0.583,-2.963,235.340,0
66040,0.305,7.288,50.660,327.094,0.574,-2.858,235.644,0
66041,0.305,7.288,50.628,327.094,0.583,-2.819,235.644,0
66042,0.305,7.288,50.595,327.094,0.575,-2.858,235.644,0
66043,0.305,7.288,50.595,327.094,0.584,-2.905,235.340,0
66044,0.305,7.288,50.595,327.094,0.575,-2.947,235.644,0
66045,0.305,7.288,50.563,326.832,0.584,-2.967,235.340,0
66046,0.354,7.338,50.563,326.832,0.575,-2.982,235.340,0
66047,0.354,7.338,50.563,326.832,0.583,-2.994,235.340,0
66048,0.354,7.338,50.595,326.832,0.575,-2.990,235.340,0
66049,0.354,7.338,50.595,326.832,0.583,-2.986,235.340,0
66050,0.354,7.338,50.563,326.569,0.575,-2.967,235.340,0
66051,0.354,7.338,50.595,326.569,0.583,-2.974,235.644,0
66052,0.354,7.338,50.595,326.569,0.574,-2.990,235.340,0
66053,0.354,7.338,50.595,326.569,0.583,-3.002,235.340,0
66054,0.354,7.338,50.628,326.306,0.575,-2.998,235.644,0
66055,0.354,7.338,50.628,326.306,0.576,-2.967,235.340,0
66056,0.371,7.390,50.660,326.306,0.582,-2.974,235.644,0
66057,0.371,7.390,50.660,326.044,0.577,-2.994,235.644,0
66058,0.371,7.390,50.693,326.044,0.582,-3.002,235.644,0
66059,0.371,7.390,50.725,325.781,0.576,-2.939,235.644,0
66060,0.371,7.390,50.725,325.781,0.582,-2.819,235.644,0
66061,0.371,7.390,50.758,325.519,0.575,-2.785,235.340,0
66062,0.371,7.390,50.758,325.519,0.582,-2.839,235.644,0
66063,0.371,7.390,50.758,325.256,0.583,-2.893,235.340,0
66064,0.371,7.390,50.791,325.256,0.578,-2.916,235.340,0
66065,0.371,7.390,50.791,324.994,0.576,-2.955,235.340,0
66066,0.387,7.334,50.791,324.994,0.580,-2.963,235.644,0
66067,0.387,7.334,50.823,324.731,0.577,-2.986,235.949,0
66068,0.387,7.334,50.791,324.731,0.580,-2.998,235.949,0
66069,0.387,7.334,50.823,324.469,0.577,-3.002,235.644,0
66070,0.387,7.334,50.791,324.469,0.580,-2.847,235.340,0
66071,0.387,7.334,50.791,324.206,0.576,-2.731,235.340,0
66072,0.387,7.334,50.791,324.206,0.581,-2.773,235.340,0
66073,0.387,7.334,50.758,324.206,0.575,-2.823,235.644,0
66074,0.387,7.334,50.758,323.944,0.582,-2.874,235.644,0
66075,0.387,7.334,50.725,323.681,0.578,-2.908,235.340,0
66076,0.317,7.276,50.725,323.681,0.580,-2.939,235.035,0
66077,0.317,7.276,50.725,323.419,0.579,-2.967,235.035,0
66078,0.317,7.276,50.693,323.156,0.579,-2.998,235.035,0
66079,0.317,7.276,50.693,323.156,0.581,-3.002,235.035,0
66080,0.317,7.276,50.660,323.156,0.578,-2.990,235.035,0
66081,0.317,7.276,50.660,323.156,0.582,-2.947,235.035,0
66082,0.317,7.276,50.628,323.156,0.576,-2.959,235.035,0
66083,0.317,7.276,50.628,323.156,0.584,-2.986,235.035,0
66084,0.317,7.276,50.595,322.894,0.575,-2.998,235.340,0
66085,0.317,7.276,50.595,322.894,0.583,-2.998,234.731,0
66086,0.249,7.304,50.595,322.631,0.574,-2.986,234.731,0
66087,0.249,7.304,50.563,322.631,0.583,-2.994,235.035,0
66088,0.249,7.304,50.595,322.631,0.574,-3.009,235.035,0
66089,0.249,7.304,50.595,322.369,0.582,-2.928,235.035,0
66090,0.249,7.304,50.563,322.631,0.574,-2.754,235.035,0
66091,0.249,7.304,50.595,322.369,0.583,-2.735,235.035,0
66092,0.249,7.304,50.595,322.369,0.572,-2.792,235.035,0
66093,0.249,7.304,50.595,322.369,0.581,-2.843,235.035,0
66094,0.249,7.304,50.595,322.369,0.574,-2.889,234.731,0
66095,0.249,7.304,50.628,322.106,0.582,-2.924,234.731,0
66096,0.267,7.332,50.628,322.369,0.573,-2.951,234.731,0
66097,0.267,7.332,50.660,322.106,0.582,-2.963,235.035,0
66098,0.267,7.332,50.660,322.106,0.574,-2.963,235.035,0
66099,0.267,7.332,50.693,322.106,0.583,-2.982,235.035,0
66100,0.267,7.332,50.725,322.106,0.574,-3.005,235.035,0
66101,0.267,7.332,50.725,322.106,0.583,-2.885,235.035,0
66102,0.267,7.332,50.725,322.106,0.576,-2.777,234.731,0
66103,0.267,7.332,50.758,322.106,0.581,-2.789,235.035,0
66104,0.267,7.332,50.758,322.106,0.575,-2.827,235.035,0
66105,0.267,7.332,50.791,322.369,0.581,-2.881,235.035,0
66106,0.285,7.197,50.791,322.106,0.575,-2.908,235.035,0
66107,0.285,7.197,50.791,322.106,0.580,-2.920,235.035,0
66108,0.285,7.197,50.791,322.369,0.578,-2.947,235.035,0
66109,0.285,7.197,50.791,322.369,0.580,-2.951,235.035,0
66110,0.285,7.197,50.791,322.369,0.579,-2.971,235.035,0
66111,0.285,7.197,50.758,322.369,0.577,-2.982,235.035,0
66112,0.285,7.197,50.758,322.369,0.579,-2.990,235.035,0
66113,0.285,7.197,50.758,322.369,0.576,-2.998,235.035,0
66114,0.285,7.197,50.758,322.369,0.580,-3.002,235.035,0
66115,0.285,7.197,50.758,322.369,0.575,-2.990,235.035,0
66116,0.328,7.062,50.725,322.631,0.582,-2.963,235.035,0
66117,0.328,7.062,50.693,322.631,0.574,-2.967,235.340,0
66118,0.328,7.062,50.693,322.369,0.583,-2.990,235.035,0
66119,0.328,7.062,50.693,322.369,0.575,-3.005,235.035,0
66120,0.328,7.062,50.693,322.369,0.583,-2.994,235.035,0
66121,0.328,7.062,50.660,322.631,0.575,-2.974,235.035,0
66122,0.328,7.062,50.628,322.369,0.583,-2.978,235.035,0
66123,0.328,7.062,50.628,322.631,0.575,-3.002,235.035,0
66124,0.328,7.062,50.628,322.631,0.583,-2.998,235.035,0
66125,0.328,7.062,50.628,322.631,0.575,-2.978,235.035,0
66126,0.371,6.854,50.595,322.631,0.583,-2.982,235.035,0
66127,0.371,6.854,50.595,322.631,0.576,-3.002,235.035,0
66128,0.371,6.854,50.628,322.631,0.580,-2.998,235.035,0
66129,0.371,6.854,50.595,322.894,0.578,-2.881,235.035,0
66130,0.371,6.854,50.595,322.894,0.580,-2.804,235.035,0
66131,0.371,6.854,50.595,323.156,0.579,-2.835,235.035,0
66132,0.371,6.854,50.595,323.156,0.579,-2.889,235.035,0
66133,0.371,6.854,50.595,323.156,0.579,-2.920,235.340,0
66134,0.371,6.854,50.628,323.156,0.577,-2.955,235.035,0
66135,0.371,6.854,50.628,323.419,0.579,-2.982,235.035,0
66136,0.454,6.649,50.628,323.419,0.576,-3.002,235.035,0
66137,0.454,6.649,50.660,323.419,0.580,-2.994,235.035,0
66138,0.454,6.649,50.660,323.419,0.576,-2.951,235.035,0
66139,0.454,6.649,50.693,323.681,0.582,-2.924,235.035,0
66140,0.454,6.649,50.693,323.681,0.575,-2.955,235.035,0
66141,0.454,6.649,50.693,323.681,0.582,-2.982,235.035,0
66142,0.454,6.649,50.725,323.944,0.576,-3.002,235.035,0
66143,0.454,6.649,50.758,323.944,0.582,-2.982,235.340,0
66144,0.454,6.649,50.725,324.206,0.574,-2.928,235.035,0
66145,0.454,6.649,50.758,324.206,0.583,-2.932,235.035,0
66146,0.537,6.841,50.758,324.206,0.575,-2.963,235.035,0
66147,0.537,6.841,50.758,324.469,0.582,-2.986,235.035,0
66148,0.537,6.841,50.758,324.469,0.572,-3.002,235.035,0
66149,0.537,6.841,50.791,324.469,0.583,-2.998,235.035,0
66150,0.537,6.841,50.758,324.731,0.573,-2.943,235.035,0
66151,0.537,6.841,50.758,324.731,0.582,-2.920,235.035,0
66152,0.537,6.841,50.758,324.731,0.574,-2.947,235.035,0
66153,0.537,6.841,50.758,324.731,0.583,-2.967,235.340,0
66154,0.537,6.841,50.758,324.994,0.573,-2.990,235.035,0
66155,0.537,6.841,50.725,324.994,0.582,-3.002,235.035,0
66156,0.428,7.037,50.725,325.256,0.574,-2.978,235.035,0
66157,0.428,7.037,50.693,325.256,0.582,-2.916,235.035,0
66158,0.428,7.037,50.693,325.256,0.574,-2.920,235.035,0
66159,0.428,7.037,50.693,325.256,0.584,-2.955,235.035,0
66160,0.428,7.037,50.660,325.519,0.572,-2.982,235.035,0
66161,0.428,7.037,50.660,325.519,0.583,-2.998,235.035,0
66162,0.428,7.037,50.660,325.519,0.572,-2.994,235.035,0
66163,0.428,7.037,50.628,325.781,0.582,-2.967,235.035,0
66164,0.428,7.037,50.628,326.044,0.573,-2.936,235.035,0
66165,0.428,7.037,50.595,326.306,0.583,-2.951,235.035,0
66166,0.322,7.234,50.595,326.306,0.575,-2.971,235.340,0
66167,0.322,7.234,50.595,326.044,0.582,-2.990,235.644,0
66168,0.322,7.234,50.595,326.306,0.575,-3.002,235.644,0
66169,0.322,7.234,50.595,326.306,0.583,-2.998,235.644,0
66170,0.322,7.234,50.595,326.569,0.576,-2.974,235.644,0
66171,0.322,7.234,50.595,326.569,0.582,-2.971,235.340,0
66172,0.322,7.234,50.595,326.569,0.575,-2.994,235.644,0
66173,0.322,7.234,50.628,326.569,0.583,-3.002,235.340,0
66174,0.322,7.234,50.628,326.569,0.575,-2.978,235.644,0
66175,0.322,7.234,50.628,326.832,0.583,-2.920,235.644,0
66176,0.158,7.431,50.628,326.832,0.575,-2.932,235.644,0
66177,0.158,7.431,50.660,326.832,0.582,-2.959,235.644,0
66178,0.158,7.431,50.660,326.569,0.575,-2.982,235.644,0
66179,0.158,7.431,50.693,326.569,0.582,-3.002,235.644,0
66180,0.158,7.431,50.725,326.569,0.575,-2.990,235.644,0
66181,0.158,7.431,50.725,326.569,0.581,-2.959,235.340,0
66182,0.158,7.431,50.725,326.832,0.575,-2.959,235.340,0
66183,0.158,7.431,50.758,326.569,0.582,-2.978,235.644,0
66184,0.158,7.431,50.758,326.832,0.575,-3.005,235.644,0
66185,0.158,7.431,50.791,326.832,0.582,-2.990,235.644,0
66186,-0.007,7.332,50.758,326.832,0.576,-2.959,235.949,0
66187,-0.007,7.332,50.791,326.569,0.583,-2.963,235.644,0
66188,-0.007,7.332,50.791,326.569,0.575,-2.986,235.644,0
66189,-0.007,7.332,50.791,326.569,0.582,-3.002,235.644,0
66190,-0.007,7.332,50.791,326.569,0.574,-2.974,235.340,0
66191,-0.007,7.332,50.791,326.569,0.583,-2.881,235.644,0
66192,-0.007,7.332,50.758,326.569,0.575,-2.889,235.644,0
66193,-0.007,7.332,50.758,326.569,0.583,-2.936,235.644,0
66194,-0.007,7.332,50.758,326.569,0.575,-2.967,235.644,0
66195,-0.007,7.332,50.725,326.569,0.584,-2.998,235.644,0
66196,0.183,7.231,50.725,326.306,0.579,-2.994,235.644,0
66197,0.183,7.231,50.693,326.569,0.579,-2.951,235.644,0
66198,0.183,7.231,50.693,326.306,0.582,-2.897,235.644,0
66199,0.183,7.231,50.693,326.306,0.578,-2.916,235.644,0
66200,0.183,7.231,50.660,326.306,0.581,-2.959,235.644,0
66201,0.183,7.231,50.660,326.306,0.577,-2.986,235.340,0
66202,0.183,7.231,50.628,326.044,0.581,-3.002,235.644,0
66203,0.183,7.231,50.628,326.044,0.578,-2.990,235.644,0
66204,0.183,7.231,50.595,326.306,0.583,-2.928,235.644,0
66205,0.183,7.231,50.595,326.044,0.579,-2.928,235.644,0
66206,0.375,7.324,50.595,326.044,0.581,-2.955,235.644,0
66207,0.375,7.324,50.595,325.781,0.578,-2.982,235.644,0
66208,0.375,7.324,50.595,325.519,0.583,-3.002,235.340,0
66209,0.375,7.324,50.595,325.519,0.576,-2.994,235.644,0
66210,0.375,7.324,50.595,325.519,0.583,-2.928,235.340,0
66211,0.375,7.324,50.595,325.519,0.577,-2.858,235.644,0
66212,0.375,7.324,50.595,325.256,0.581,-2.889,235.340,0
66213,0.375,7.324,50.595,325.256,0.576,-2.920,235.340,0
66214,0.375,7.324,50.628,324.994,0.583,-2.951,235.644,0
66215,0.375,7.324,50.628,324.994,0.576,-2.978,235.340,0
66216,0.295,7.419,50.660,324.994,0.583,-2.990,235.644,0
66217,0.295,7.419,50.693,324.994,0.575,-3.002,235.644,0
66218,0.295,7.419,50.693,324.731,0.583,-2.982,235.644,0
66219,0.295,7.419,50.693,324.731,0.576,-2.936,235.644,0
66220,0.295,7.419,50.725,324.469,0.584,-2.947,235.644,0
66221,0.295,7.419,50.725,324.469,0.576,-2.967,235.644,0
66222,0.295,7.419,50.725,324.206,0.584,-2.990,235.644,0
66223,0.295,7.419,50.758,324.206,0.576,-2.998,235.644,0
66224,0.295,7.419,50.791,324.206,0.583,-2.998,235.949,0
66225,0.295,7.419,50.758,324.206,0.578,-2.967,235.949,0
66226,0.214,7.338,50.791,323.944,0.584,-2.912,235.644,0
66227,0.214,7.338,50.791,323.681,0.576,-2.928,235.644,0
66228,0.214,7.338,50.791,323.419,0.584,-2.955,235.035,0
66229,0.214,7.338,50.791,323.681,0.576,-2.978,235.035,0
66230,0.214,7.338,50.791,323.419,0.582,-2.998,235.035,0
66231,0.214,7.338,50.791,323.156,0.576,-2.998,235.035,0
66232,0.214,7.338,50.758,323.156,0.578,-2.998,235.035,0
66233,0.214,7.338,50.758,322.894,0.578,-2.971,235.035,0
66234,0.214,7.338,50.758,322.631,0.576,-2.990,235.035,0
66235,0.214,7.338,50.758,322.631,0.579,-3.005,235.035,0
66236,0.168,7.256,50.725,322.369,0.575,-2.947,235.035,0
66237,0.168,7.256,50.693,322.369,0.582,-2.789,235.035,0
66238,0.168,7.256,50.693,322.369,0.574,-2.762,235.035,0
66239,0.168,7.256,50.693,322.106,0.582,-2.804,235.035,0
66240,0.168,7.256,50.660,322.106,0.574,-2.862,235.035,0
66241,0.168,7.256,50.628,322.106,0.583,-2.901,234.731,0
66242,0.168,7.256,50.628,321.844,0.574,-2.943,234.731,0
66243,0.168,7.256,50.628,321.844,0.583,-2.971,235.035,0
66244,0.168,7.256,50.595,321.844,0.574,-2.986,235.340,0
66245,0.168,7.256,50.595,321.844,0.581,-2.998,234.731,0
66246,0.124,7.281,50.595,321.844,0.571,-2.990,234.426,0
66247,0.124,7.281,50.563,321.844,0.581,-2.963,234.731,0
66248,0.124,7.281,50.563,321.581,0.571,-2.955,235.035,0
66249,0.124,7.281,50.563,321.844,0.581,-2.978,235.035,0
66250,0.124,7.281,50.563,321.844,0.572,-2.998,234.731,0
66251,0.124,7.281,50.595,321.581,0.580,-2.998,234.731,0
66252,0.124,7.281,50.595,321.581,0.572,-2.827,234.426,0
66253,0.124,7.281,50.595,321.581,0.580,-2.727,235.035,0
66254,0.124,7.281,50.595,321.581,0.572,-2.769,234.731,0
66255,0.124,7.281,50.628,321.844,0.582,-2.835,235.035,0
66256,0.056,7.307,50.628,321.844,0.575,-2.877,235.035,0
66257,0.056,7.307,50.660,321.844,0.584,-2.916,234.731,0
66258,0.056,7.307,50.660,321.844,0.575,-2.943,234.731,0
66259,0.056,7.307,50.693,321.844,0.584,-2.963,234.731,0
66260,0.056,7.307,50.725,321.844,0.576,-2.986,234.731,0
66261,0.056,7.307,50.725,321.844,0.582,-2.994,235.035,0
66262,0.056,7.307,50.758,321.844,0.576,-3.005,235.035,0
66263,0.056,7.307,50.791,321.581,0.580,-2.986,235.340,0
66264,0.056,7.307,50.758,322.106,0.579,-2.920,235.340,0
66265,0.056,7.307,50.791,321.844,0.582,-2.920,235.644,0
66266,-0.011,7.503,50.791,322.106,0.577,-2.939,235.340,0
66267,-0.011,7.503,50.791,322.106,0.582,-2.974,235.340,0
66268,-0.011,7.503,50.791,322.106,0.578,-2.986,235.035,0
66269,-0.011,7.503,50.791,322.106,0.581,-3.002,235.340,0
66270,-0.011,7.503,50.791,322.106,0.579,-2.990,235.035,0
66271,-0.011,7.503,50.791,322.369,0.579,-2.967,235.035,0
66272,-0.011,7.503,50.758,322.369,0.581,-2.967,235.035,0
66273,-0.011,7.503,50.758,322.369,0.578,-2.994,235.340,0
66274,-0.011,7.503,50.725,322.369,0.582,-3.002,235.340,0
66275,-0.011,7.503,50.725,322.631,0.576,-2.998,235.340,0
66276,0.010,7.697,50.725,322.631,0.584,-2.963,235.340,0
66277,0.010,7.697,50.693,322.631,0.576,-2.912,235.035,0
66278,0.010,7.697,50.693,322.894,0.584,-2.874,235.340,0
66279,0.010,7.697,50.693,322.631,0.576,-2.905,235.340,0
66280,0.010,7.697,50.660,322.894,0.586,-2.920,235.035,0
66281,0.010,7.697,50.660,322.894,0.575,-2.955,235.035,0
66282,0.010,7.697,50.628,322.894,0.584,-2.974,235.035,0
66283,0.010,7.697,50.628,322.894,0.574,-2.986,235.035,0
66284,0.010,7.697,50.628,322.894,0.583,-3.005,235.035,0
66285,0.010,7.697,50.628,323.156,0.576,-2.978,235.035,0
66286,0.030,7.768,50.595,323.156,0.583,-2.877,234.731,0
66287,0.030,7.768,50.595,323.156,0.575,-2.850,234.731,0
66288,0.030,7.768,50.595,323.156,0.582,-2.881,235.035,0
66289,0.030,7.768,50.595,323.156,0.576,-2.920,235.035,0
66290,0.030,7.768,50.595,323.419,0.580,-2.951,235.035,0
66291,0.030,7.768,50.595,323.419,0.578,-2.971,234.731,0
66292,0.030,7.768,50.595,323.419,0.578,-2.990,234.426,0
66293,0.030,7.768,50.628,323.419,0.578,-2.998,235.035,0
66294,0.030,7.768,50.628,323.419,0.576,-3.002,235.035,0
66295,0.030,7.768,50.628,323.681,0.580,-2.978,235.035,0
66296,0.153,7.838,50.628,323.681,0.575,-2.982,235.035,0
66297,0.153,7.838,50.660,323.681,0.584,-2.994,235.035,0
66298,0.153,7.838,50.693,323.681,0.576,-3.005,235.035,0
66299,0.153,7.838,50.693,323.681,0.582,-2.885,234.731,0
66300,0.153,7.838,50.693,323.944,0.576,-2.731,235.035,0
66301,0.153,7.838,50.725,323.944,0.583,-2.758,235.340,0
66302,0.153,7.838,50.758,323.944,0.577,-2.827,235.644,0
66303,0.153,7.838,50.758,323.944,0.583,-2.877,235.340,0
66304,0.153,7.838,50.758,324.206,0.575,-2.912,235.340,0
66305,0.153,7.838,50.758,324.469,0.584,-2.947,235.340,0
66306,0.276,7.659,50.758,324.469,0.575,-2.974,235.035,0
66307,0.276,7.659,50.758,324.731,0.581,-2.986,235.340,0
66308,0.276,7.659,50.791,324.731,0.575,-3.002,235.340,0
66309,0.276,7.659,50.791,324.469,0.583,-2.971,235.035,0
66310,0.276,7.659,50.791,324.994,0.575,-2.870,235.340,0
66311,0.276,7.659,50.758,324.994,0.585,-2.870,235.340,0
66312,0.276,7.659,50.758,325.256,0.576,-2.897,235.340,0
66313,0.276,7.659,50.758,325.256,0.586,-2.951,235.340,0
66314,0.276,7.659,50.758,325.256,0.576,-2.963,235.340,0
66315,0.276,7.659,50.725,325.519,0.584,-2.982,235.340,0
66316,0.313,7.481,50.725,325.519,0.576,-3.005,235.340,0
66317,0.313,7.481,50.725,325.519,0.585,-2.982,235.035,0
66318,0.313,7.481,50.693,325.781,0.578,-2.870,235.340,0
66319,0.313,7.481,50.660,325.781,0.586,-2.823,235.340,0
66320,0.313,7.481,50.660,325.781,0.575,-2.854,235.035,0
66321,0.313,7.481,50.660,325.781,0.585,-2.893,235.035,0
66322,0.313,7.481,50.628,326.044,0.576,-2.928,235.035,0
66323,0.313,7.481,50.595,326.044,0.585,-2.939,235.035,0
66324,0.313,7.481,50.628,326.306,0.577,-2.963,235.340,0
66325,0.313,7.481,50.595,326.306,0.586,-2.974,235.949,0
66326,0.349,7.544,50.595,326.569,0.579,-2.982,235.949,0
66327,0.349,7.544,50.595,326.569,0.582,-2.998,235.644,0
66328,0.349,7.544,50.595,326.569,0.578,-2.994,235.644,0
66329,0.349,7.544,50.595,326.569,0.581,-2.998,235.644,0
66330,0.349,7.544,50.595,326.832,0.579,-2.998,235.644,0
66331,0.349,7.544,50.595,327.094,0.584,-3.005,235.644,0
66332,0.349,7.544,50.628,327.094,0.575,-2.982,235.644,0
66333,0.349,7.544,50.595,327.094,0.584,-2.908,235.644,0
66334,0.349,7.544,50.628,327.094,0.575,-2.885,235.644,0
66335,0.349,7.544,50.628,327.094,0.585,-2.905,235.644,0
66336,0.365,7.607,50.660,327.357,0.576,-2.947,235.644,0
66337,0.365,7.607,50.660,327.357,0.584,-2.967,235.644,0
66338,0.365,7.607,50.693,327.357,0.579,-2.978,235.644,0
66339,0.365,7.607,50.693,327.357,0.584,-2.990,235.949,0
66340,0.365,7.607,50.725,327.094,0.579,-3.002,235.949,0
66341,0.365,7.607,50.725,327.094,0.584,-2.951,235.644,0
66342,0.365,7.607,50.725,327.357,0.580,-2.874,235.949,0
66343,0.365,7.607,50.758,327.094,0.583,-2.893,235.644,0
66344,0.365,7.607,50.758,327.094,0.582,-2.924,235.949,0
66345,0.365,7.607,50.758,327.357,0.582,-2.959,235.949,0
66346,0.378,7.732,50.791,327.357,0.584,-2.974,235.644,0
66347,0.378,7.732,50.791,327.094,0.579,-2.994,235.644,0
66348,0.378,7.732,50.791,326.832,0.586,-2.994,235.644,0
66349,0.378,7.732,50.791,326.832,0.578,-2.990,235.644,0
66350,0.378,7.732,50.791,326.832,0.586,-2.974,235.644,0
66351,0.378,7.732,50.758,326.832,0.578,-2.990,235.644,0
66352,0.378,7.732,50.758,326.832,0.586,-3.002,235.644,0
66353,0.378,7.732,50.758,326.569,0.574,-2.943,235.644,0
66354,0.378,7.732,50.758,326.569,0.584,-2.781,235.644,0
66355,0.378,7.732,50.725,326.569,0.575,-2.781,235.340,0
66356,0.355,7.857,50.693,326.569,0.583,-2.835,235.644,0
66357,0.355,7.857,50.693,326.569,0.575,-2.885,235.644,0
66358,0.355,7.857,50.693,326.306,0.585,-2.924,235.644,0
66359,0.355,7.857,50.660,326.306,0.576,-2.951,235.949,0
66360,0.355,7.857,50.660,326.044,0.586,-2.978,235.644,0
66361,0.355,7.857,50.628,326.044,0.576,-2.998,235.644,0
66362,0.355,7.857,50.628,326.044,0.585,-3.002,235.644,0
66363,0.355,7.857,50.628,326.044,0.576,-2.963,235.644,0
66364,0.355,7.857,50.595,326.044,0.586,-2.847,235.644,0
66365,0.355,7.857,50.595,326.044,0.576,-2.850,235.644,0
66366,0.334,7.604,50.595,326.044,0.586,-2.885,235.644,0
66367,0.334,7.604,50.595,326.044,0.578,-2.928,235.644,0
66368,0.334,7.604,50.595,325.781,0.584,-2.959,235.644,0
66369,0.334,7.604,50.563,325.781,0.577,-2.978,235.644,0
66370,0.334,7.604,50.595,325.781,0.584,-2.998,235.340,0
66371,0.334,7.604,50.595,325.519,0.578,-2.998,235.644,0
66372,0.334,7.604,50.595,325.519,0.582,-2.963,235.644,0
66373,0.334,7.604,50.595,325.519,0.580,-2.936,235.949,0
66374,0.334,7.604,50.628,325.256,0.582,-2.881,235.949,0
66375,0.334,7.604,50.628,324.994,0.582,-2.908,235.949,0
66376,0.220,7.351,50.660,325.256,0.581,-2.939,235.644,0
66377,0.220,7.351,50.660,324.994,0.582,-2.963,235.644,0
66378,0.220,7.351,50.693,324.994,0.580,-2.990,235.949,0
66379,0.220,7.351,50.693,324.731,0.582,-2.998,235.949,0
66380,0.220,7.351,50.725,324.469,0.582,-2.990,235.949,0
66381,0.220,7.351,50.758,324.469,0.583,-2.971,235.949,0
66382,0.220,7.351,50.758,324.469,0.583,-2.971,235.644,0
66383,0.220,7.351,50.758,324.206,0.581,-2.967,235.949,0
66384,0.220,7.351,50.791,323.944,0.583,-2.990,235.949,0
66385,0.220,7.351,50.791,323.944,0.582,-3.002,235.949,0
66386,0.106,7.216,50.791,323.944,0.581,-3.005,235.949,0
66387,0.106,7.216,50.791,323.944,0.583,-2.959,235.644,0
66388,0.106,7.216,50.791,323.944,0.582,-2.947,235.644,0
66389,0.106,7.216,50.791,323.681,0.580,-2.955,235.340,0
66390,0.106,7.216,50.791,323.419,0.580,-2.978,235.340,0
66391,0.106,7.216,50.791,323.419,0.579,-2.998,235.340,0
66392,0.106,7.216,50.791,323.419,0.582,-2.998,235.035,0
66393,0.106,7.216,50.758,323.156,0.576,-3.002,235.035,0
66394,0.106,7.216,50.758,322.894,0.582,-2.854,235.035,0
66395,0.106,7.216,50.758,322.894,0.575,-2.738,234.731,0
66396,0.091,7.081,50.725,322.894,0.582,-2.765,235.035,0
66397,0.091,7.081,50.693,322.894,0.574,-2.819,234.731,0
66398,0.091,7.081,50.693,322.631,0.582,-2.870,234.731,0
66399,0.091,7.081,50.660,322.631,0.575,-2.905,235.035,0
66400,0.091,7.081,50.660,322.106,0.584,-2.936,235.035,0
66401,0.091,7.081,50.628,322.106,0.574,-2.951,234.731,0
66402,0.091,7.081,50.628,322.106,0.583,-2.963,235.035,0
66403,0.091,7.081,50.595,322.106,0.574,-2.978,235.340,0
66404,0.091,7.081,50.595,321.844,0.584,-2.998,235.340,0
66405,0.091,7.081,50.595,321.844,0.575,-2.998,235.035,0
66406,0.075,6.856,50.595,321.844,0.584,-2.994,235.035,0
66407,0.075,6.856,50.563,321.844,0.574,-2.994,235.035,0
66408,0.075,6.856,50.563,321.581,0.586,-2.982,235.035,0
66409,0.075,6.856,50.563,321.581,0.575,-2.998,234.731,0
66410,0.075,6.856,50.595,321.581,0.584,-3.005,235.035,0
66411,0.075,6.856,50.595,321.581,0.576,-2.928,235.035,0
66412,0.075,6.856,50.595,321.581,0.584,-2.781,235.035,0
66413,0.075,6.856,50.595,321.581,0.579,-2.781,235.035,0
66414,0.075,6.856,50.628,321.319,0.584,-2.835,235.035,0
66415,0.075,6.856,50.628,321.319,0.576,-2.881,235.035,0
66416,0.100,6.629,50.660,321.581,0.586,-2.928,235.340,0
66417,0.100,6.629,50.660,321.581,0.579,-2.947,235.340,0
66418,0.100,6.629,50.693,321.581,0.586,-2.974,235.035,0
66419,0.100,6.629,50.693,321.581,0.578,-2.994,235.035,0
66420,0.100,6.629,50.725,321.581,0.586,-2.998,235.340,0
66421,0.100,6.629,50.725,321.319,0.578,-2.967,234.731,0
66422,0.100,6.629,50.725,321.581,0.584,-2.955,235.644,0
66423,0.100,6.629,50.758,321.844,0.580,-2.901,235.644,0
66424,0.100,6.629,50.758,321.581,0.584,-2.924,235.644,0
66425,0.100,6.629,50.791,321.844,0.580,-2.951,235.340,0
66426,0.123,6.844,50.791,321.844,0.583,-2.982,235.340,0
66427,0.123,6.844,50.791,322.106,0.579,-2.994,235.340,0
66428,0.123,6.844,50.791,322.106,0.583,-2.998,235.340,0
66429,0.123,6.844,50.823,321.844,0.580,-2.994,235.340,0
66430,0.123,6.844,50.791,322.106,0.580,-2.947,235.035,0
66431,0.123,6.844,50.791,322.106,0.580,-2.932,235.340,0
66432,0.123,6.844,50.791,322.106,0.580,-2.947,235.340,0
66433,0.123,6.844,50.791,322.106,0.581,-2.974,235.035,0
66434,0.123,6.844,50.758,322.106,0.578,-2.994,235.035,0
66435,0.123,6.844,50.791,322.106,0.583,-3.002,235.035,0
66436,0.276,7.056,50.758,322.369,0.576,-2.955,235.340,0
66437,0.276,7.056,50.725,322.369,0.584,-2.854,235.340,0
66438,0.276,7.056,50.725,322.369,0.575,-2.862,235.035,0
66439,0.276,7.056,50.693,322.631,0.586,-2.905,235.340,0
66440,0.276,7.056,50.693,322.631,0.576,-2.936,235.340,0
66441,0.276,7.056,50.660,322.631,0.586,-2.955,235.340,0
66442,0.276,7.056,50.660,322.631,0.576,-2.974,235.035,0
66443,0.276,7.056,50.628,322.894,0.586,-2.990,235.035,0
66444,0.276,7.056,50.628,322.894,0.576,-2.998,235.340,0
66445,0.276,7.056,50.628,322.894,0.585,-2.994,235.035,0
66446,0.430,6.672,50.595,323.156,0.576,-2.978,235.035,0
66447,0.430,6.672,50.595,323.156,0.586,-2.955,235.035,0
66448,0.430,6.672,50.595,323.419,0.576,-2.974,235.035,0
66449,0.430,6.672,50.595,323.419,0.583,-2.994,235.035,0
66450,0.430,6.672,50.563,323.156,0.577,-3.002,235.035,0
66451,0.430,6.672,50.595,323.419,0.582,-2.998,235.035,0
66452,0.430,6.672,50.563,323.419,0.579,-2.978,235.035,0
66453,0.430,6.672,50.595,323.681,0.580,-2.974,235.035,0
66454,0.430,6.672,50.595,323.681,0.580,-2.986,235.035,0
66455,0.430,6.672,50.595,323.681,0.580,-3.005,235.035,0
66456,0.352,6.288,50.628,323.419,0.583,-2.959,235.340,0
66457,0.352,6.288,50.628,323.681,0.577,-2.870,235.035,0
66458,0.352,6.288,50.660,323.944,0.583,-2.823,235.035,0
66459,0.352,6.288,50.660,323.944,0.577,-2.870,235.035,0
66460,0.352,6.288,50.693,323.681,0.583,-2.912,235.035,0
66461,0.352,6.288,50.693,323.944,0.577,-2.943,235.340,0
66462,0.352,6.288,50.725,323.944,0.585,-2.963,235.340,0
66463,0.352,6.288,50.725,323.944,0.576,-2.986,235.340,0
66464,0.352,6.288,50.758,324.206,0.577,-2.998,235.035,0
66465,0.352,6.288,50.758,324.206,0.583,-2.998,235.035,0
66466,0.275,6.378,50.791,324.206,0.576,-2.994,235.035,0
66467,0.275,6.378,50.791,324.206,0.584,-2.982,235.644,0
66468,0.275,6.378,50.791,324.469,0.576,-2.982,235.340,0
66469,0.275,6.378,50.791,324.469,0.584,-2.994,235.340,0
66470,0.275,6.378,50.823,324.469,0.577,-3.005,235.035,0
66471,0.275,6.378,50.823,324.469,0.585,-2.982,235.340,0
66472,0.275,6.378,50.791,324.731,0.583,-2.808,235.035,0
66473,0.275,6.378,50.791,324.994,0.575,-2.762,235.035,0
66474,0.275,6.378,50.791,324.994,0.584,-2.819,235.340,0
66475,0.275,6.378,50.758,324.994,0.576,-2.866,235.340,0
66476,0.238,6.466,50.758,324.994,0.583,-2.912,235.340,0
66477,0.238,6.466,50.725,325.256,0.575,-2.951,235.035,0
66478,0.238,6.466,50.725,325.519,0.577,-2.971,235.340,0
66479,0.238,6.466,50.693,325.519,0.582,-2.990,235.340,0
66480,0.238,6.466,50.693,325.519,0.578,-3.002,235.340,0
66481,0.238,6.466,50.693,325.519,0.582,-2.998,235.340,0
66482,0.238,6.466,50.660,325.781,0.579,-2.986,235.340,0
66483,0.238,6.466,50.660,325.781,0.583,-2.974,235.035,0
66484,0.238,6.466,50.628,326.044,0.580,-2.994,235.035,0
66485,0.238,6.466,50.628,326.044,0.580,-3.002,235.340,0
66486,0.202,6.597,50.595,326.306,0.580,-2.978,235.035,0
66487,0.202,6.597,50.595,326.306,0.579,-2.916,235.644,0
66488,0.202,6.597,50.563,326.569,0.580,-2.928,235.644,0
66489,0.202,6.597,50.563,326.569,0.579,-2.959,235.644,0
66490,0.202,6.597,50.563,326.569,0.580,-2.974,235.949,0
66491,0.202,6.597,50.563,326.569,0.579,-3.002,235.644,0
66492,0.202,6.597,50.595,326.832,0.580,-2.998,235.644,0
66493,0.202,6.597,50.595,326.832,0.578,-2.998,235.644,0
66494,0.202,6.597,50.595,326.832,0.580,-2.963,235.644,0
66495,0.202,6.597,50.595,326.832,0.578,-2.893,235.644,0
66496,0.170,6.728,50.595,327.094,0.581,-2.912,235.644,0
66497,0.170,6.728,50.628,327.094,0.578,-2.939,235.644,0
66498,0.170,6.728,50.628,327.357,0.583,-2.963,235.644,0
66499,0.170,6.728,50.660,327.094,0.578,-2.982,235.340,0
66500,0.170,6.728,50.660,327.357,0.583,-2.998,235.644,0
66501,0.170,6.728,50.693,327.357,0.579,-2.994,235.949,0
66502,0.170,6.728,50.725,327.357,0.583,-3.002,235.949,0
66503,0.170,6.728,50.725,327.357,0.579,-2.990,235.949,0
66504,0.170,6.728,50.758,327.357,0.582,-3.002,235.949,0
66505,0.170,6.728,50.758,327.357,0.580,-2.998,235.949,0
66506,0.138,6.515,50.791,327.357,0.583,-2.986,235.949,0
66507,0.138,6.515,50.791,327.357,0.578,-2.978,235.949,0
66508,0.138,6.515,50.791,327.357,0.583,-2.963,235.949,0
66509,0.138,6.515,50.791,327.357,0.581,-2.978,235.644,0
66510,0.138,6.515,50.823,327.094,0.580,-2.994,235.949,0
66511,0.138,6.515,50.823,327.094,0.582,-2.998,235.949,0
66512,0.138,6.515,50.823,327.357,0.578,-3.002,235.644,0
66513,0.138,6.515,50.823,327.094,0.584,-2.978,235.644,0
66514,0.138,6.515,50.791,327.094,0.579,-2.971,235.644,0
66515,0.138,6.515,50.791,327.094,0.584,-2.982,235.644,0
66516,0.183,6.300,50.791,326.569,0.578,-3.002,235.949,0
66517,0.183,6.300,50.791,326.832,0.584,-2.974,235.949,0
66518,0.183,6.300,50.758,326.832,0.575,-2.874,235.949,0
66519,0.183,6.300,50.758,326.569,0.586,-2.877,235.644,0
66520,0.183,6.300,50.725,326.569,0.576,-2.916,235.644,0
66521,0.183,6.300,50.725,326.569,0.584,-2.951,236.253,0
66522,0.183,6.300,50.693,326.306,0.576,-2.982,235.644,0
66523,0.183,6.300,50.660,326.306,0.584,-2.994,235.644,0
66524,0.183,6.300,50.660,326.306,0.576,-3.002,235.949,0
66525,0.183,6.300,50.628,326.306,0.586,-2.986,235.949,0
66526,0.229,6.507,50.628,326.044,0.576,-2.982,235.949,0
66527,0.229,6.507,50.628,326.044,0.585,-3.002,235.340,0
66528,0.229,6.507,50.595,326.044,0.575,-3.002,235.340,0
66529,0.229,6.507,50.595,325.781,0.584,-2.986,235.340,0
66530,0.229,6.507,50.563,325.781,0.577,-2.994,235.644,0
66531,0.229,6.507,50.563,325.519,0.586,-3.002,235.644,0
66532,0.229,6.507,50.595,325.519,0.576,-2.986,235.340,0
66533,0.229,6.507,50.563,325.519,0.586,-2.986,235.340,0
66534,0.229,6.507,50.563,325.519,0.575,-2.978,235.644,0
66535,0.229,6.507,50.563,325.256,0.587,-3.002,235.644,0
66536,0.228,6.715,50.595,325.256,0.577,-3.002,235.644,0
66537,0.228,6.715,50.595,325.256,0.586,-2.986,235.949,0
66538,0.228,6.715,50.595,325.256,0.577,-2.963,235.949,0
66539,0.228,6.715,50.628,325.256,0.587,-2.967,235.949,0
66540,0.228,6.715,50.628,324.994,0.576,-2.998,235.949,0
66541,0.228,6.715,50.660,324.731,0.587,-3.002,235.949,0
66542,0.228,6.715,50.693,324.469,0.578,-2.955,235.949,0
66543,0.228,6.715,50.693,324.469,0.587,-2.854,235.949,0
66544,0.228,6.715,50.725,324.469,0.578,-2.781,235.949,0
66545,0.228,6.715,50.725,324.206,0.587,-2.823,236.253,0
66546,0.225,6.621,50.758,324.206,0.578,-2.870,235.949,0
66547,0.225,6.621,50.758,324.206,0.586,-2.908,235.949,0
66548,0.225,6.621,50.791,324.206,0.577,-2.936,235.949,0
66549,0.225,6.621,50.791,323.944,0.587,-2.967,235.949,0
66550,0.225,6.621,50.823,323.681,0.576,-2.974,235.644,0
66551,0.225,6.621,50.823,323.419,0.584,-2.986,235.340,0
66552,0.225,6.621,50.791,323.419,0.576,-2.998,235.340,0
66553,0.225,6.621,50.823,323.419,0.587,-2.974,235.340,0
66554,0.225,6.621,50.823,323.419,0.575,-2.928,235.340,0
66555,0.225,6.621,50.823,323.156,0.586,-2.893,235.340,0
66556,0.144,6.529,50.791,323.156,0.576,-2.916,235.340,0
66557,0.144,6.529,50.791,322.894,0.584,-2.951,235.340,0
66558,0.144,6.529,50.758,323.156,0.577,-2.967,235.340,0
66559,0.144,6.529,50.758,322.894,0.584,-2.986,235.340,0
66560,0.144,6.529,50.758,322.894,0.578,-2.998,235.340,0
66561,0.144,6.529,50.725,322.631,0.582,-2.994,235.340,0
66562,0.144,6.529,50.725,322.631,0.579,-2.998,235.340,0
66563,0.144,6.529,50.693,322.369,0.582,-2.994,235.035,0
66564,0.144,6.529,50.693,322.369,0.578,-3.005,235.035,0
66565,0.144,6.529,50.660,322.106,0.581,-2.990,235.340,0
66566,0.062,6.784,50.660,322.106,0.581,-2.967,235.035,0
66567,0.062,6.784,50.628,322.369,0.577,-2.978,235.035,0
66568,0.062,6.784,50.628,322.106,0.582,-3.002,235.035,0
66569,0.062,6.784,50.628,322.106,0.578,-2.998,235.035,0
66570,0.062,6.784,50.595,321.844,0.582,-2.986,235.035,0
66571,0.062,6.784,50.595,321.844,0.578,-2.943,235.035,0
66572,0.062,6.784,50.595,321.844,0.581,-2.959,235.035,0
66573,0.062,6.784,50.563,321.844,0.575,-2.986,234.731,0
66574,0.062,6.784,50.563,321.844,0.581,-3.009,234.731,0
66575,0.062,6.784,50.595,321.581,0.573,-2.951,234.731,0
66576,0.084,7.035,50.595,321.844,0.583,-2.847,234.731,0
66577,0.084,7.035,50.595,321.581,0.575,-2.839,235.035,0
66578,0.084,7.035,50.595,321.844,0.584,-2.885,235.340,0
66579,0.084,7.035,50.595,321.581,0.573,-2.920,235.035,0
66580,0.084,7.035,50.628,321.844,0.583,-2.959,235.035,0
66581,0.084,7.035,50.628,321.844,0.574,-2.982,235.035,0
66582,0.084,7.035,50.660,321.581,0.586,-3.002,235.035,0
66583,0.084,7.035,50.693,321.581,0.575,-3.002,235.035,0
66584,0.084,7.035,50.693,321.581,0.584,-2.959,235.035,0
66585,0.084,7.035,50.693,321.581,0.576,-2.885,235.340,0
66586,0.107,6.757,50.725,321.581,0.586,-2.854,235.340,0
66587,0.107,6.757,50.725,321.844,0.576,-2.901,235.340,0
66588,0.107,6.757,50.758,321.844,0.586,-2.939,235.340,0
66589,0.107,6.757,50.758,322.106,0.576,-2.971,235.644,0
66590,0.107,6.757,50.758,322.106,0.584,-2.990,235.340,0
66591,0.107,6.757,50.791,321.844,0.576,-2.994,235.340,0
66592,0.107,6.757,50.791,322.106,0.585,-2.982,235.340,0
66593,0.107,6.757,50.791,322.369,0.576,-2.947,235.644,0
66594,0.107,6.757,50.791,322.369,0.586,-2.967,235.644,0
66595,0.107,6.757,50.791,322.369,0.576,-2.986,235.340,0
66596,0.173,6.479,50.823,322.369,0.584,-3.002,235.035,0
66597,0.173,6.479,50.823,322.106,0.575,-2.982,235.035,0
66598,0.173,6.479,50.791,322.631,0.585,-2.847,235.340,0
66599,0.173,6.479,50.791,322.631,0.579,-2.812,235.644,0
66600,0.173,6.479,50.758,322.631,0.584,-2.850,235.644,0
66601,0.173,6.479,50.758,322.894,0.580,-2.889,235.035,0
66602,0.173,6.479,50.725,322.631,0.580,-2.928,235.340,0
66603,0.173,6.479,50.725,322.631,0.580,-2.951,235.035,0
66604,0.173,6.479,50.725,322.894,0.579,-2.971,235.035,0
66605,0.173,6.479,50.693,322.894,0.580,-2.986,234.731,0
66606,0.240,6.632,50.660,323.156,0.584,-2.998,235.035,0
66607,0.240,6.632,50.660,322.894,0.575,-2.994,235.340,0
66608,0.240,6.632,50.660,323.156,0.582,-2.974,235.644,0
66609,0.240,6.632,50.628,323.419,0.574,-2.928,235.035,0
66610,0.240,6.632,50.628,323.419,0.582,-2.951,235.035,0
66611,0.240,6.632,50.595,323.419,0.576,-2.967,235.340,0
66612,0.240,6.632,50.595,323.419,0.582,-2.986,235.035,0
66613,0.240,6.632,50.595,323.681,0.579,-2.994,235.035,0
66614,0.240,6.632,50.595,323.681,0.576,-2.994,235.035,0
66615,0.240,6.632,50.595,323.944,0.580,-2.982,235.035,0
66616,0.186,6.787,50.595,323.944,0.579,-2.936,235.035,0
66617,0.186,6.787,50.595,323.944,0.583,-2.943,235.035,0
66618,0.186,6.787,50.595,323.944,0.581,-2.967,235.035,0
66619,0.186,6.787,50.595,324.206,0.585,-2.986,235.340,0
66620,0.186,6.787,50.628,324.206,0.579,-2.998,235.340,0
66621,0.186,6.787,50.628,324.206,0.586,-3.002,235.644,0
66622,0.186,6.787,50.628,324.206,0.579,-2.971,235.644,0
66623,0.186,6.787,50.628,324.206,0.586,-2.955,235.340,0
66624,0.186,6.787,50.660,324.206,0.579,-2.951,235.644,0
66625,0.186,6.787,50.693,324.469,0.587,-2.982,235.644,0
66626,0.135,6.881,50.693,324.469,0.578,-2.990,235.340,0
66627,0.135,6.881,50.725,324.469,0.586,-3.005,235.644,0
66628,0.135,6.881,50.725,324.469,0.578,-2.889,235.340,0
66629,0.135,6.881,50.758,324.731,0.585,-2.773,235.644,0
66630,0.135,6.881,50.758,324.731,0.575,-2.804,235.644,0
66631,0.135,6.881,50.758,324.731,0.585,-2.847,235.340,0
66632,0.135,6.881,50.758,324.731,0.575,-2.874,235.644,0
66633,0.135,6.881,50.791,324.994,0.584,-2.916,235.644,0
66634,0.135,6.881,50.791,324.994,0.575,-2.963,235.340,0
66635,0.135,6.881,50.791,325.256,0.584,-2.971,235.340,0
66636,0.221,6.974,50.791,325.256,0.576,-2.986,235.340,0
66637,0.221,6.974,50.791,325.256,0.585,-3.009,235.340,0
66638,0.221,6.974,50.791,325.256,0.576,-2.947,235.340,0
66639,0.221,6.974,50.758,325.519,0.586,-2.808,235.340,0
66640,0.221,6.974,50.758,325.519,0.576,-2.750,235.340,0
66641,0.221,6.974,50.758,325.781,0.585,-2.808,235.644,0
66642,0.221,6.974,50.725,325.781,0.576,-2.862,235.340,0
66643,0.221,6.974,50.725,325.781,0.587,-2.905,235.340,0
66644,0.221,6.974,50.725,325.781,0.575,-2.928,235.340,0
66645,0.221,6.974,50.693,326.044,0.585,-2.955,235.340,0
66646,0.308,7.060,50.660,326.044,0.576,-2.971,235.035,0
66647,0.308,7.060,50.660,326.306,0.585,-2.990,235.644,0
66648,0.308,7.060,50.660,326.306,0.577,-3.005,235.949,0
66649,0.308,7.060,50.628,326.306,0.583,-2.986,235.949,0
66650,0.308,7.060,50.628,326.569,0.576,-2.916,235.949,0
66651,0.308,7.060,50.595,326.569,0.584,-2.893,235.949,0
66652,0.308,7.060,50.595,326.832,0.576,-2.924,235.949,0
66653,0.308,7.060,50.563,326.832,0.584,-2.959,235.644,0
66654,0.308,7.060,50.563,327.094,0.576,-2.978,235.644,0
66655,0.308,7.060,50.563,327.094,0.586,-2.998,235.644,0
66656,0.273,7.149,50.595,327.094,0.576,-3.002,235.644,0
66657,0.273,7.149,50.563,327.094,0.586,-2.928,235.644,0
66658,0.273,7.149,50.563,327.094,0.577,-2.827,235.644,0
66659,0.273,7.149,50.563,327.357,0.586,-2.854,235.949,0
66660,0.273,7.149,50.595,327.357,0.576,-2.897,235.949,0
66661,0.273,7.149,50.595,327.357,0.586,-2.928,235.644,0
66662,0.273,7.149,50.628,327.357,0.576,-2.939,235.644,0
66663,0.273,7.149,50.628,327.357,0.586,-2.943,235.949,0
66664,0.273,7.149,50.660,327.357,0.578,-2.959,236.253,0
66665,0.273,7.149,50.693,327.357,0.587,-2.978,235.949,0
66666,0.240,7.216,50.693,327.357,0.576,-2.994,235.949,0
66667,0.240,7.216,50.725,327.357,0.585,-2.990,235.644,0
66668,0.240,7.216,50.725,327.357,0.575,-2.994,235.949,0
66669,0.240,7.216,50.758,327.619,0.584,-2.982,235.644,0
66670,0.240,7.216,50.758,327.619,0.576,-2.990,235.644,0
66671,0.240,7.216,50.791,327.357,0.586,-2.998,235.949,0
66672,0.240,7.216,50.823,327.357,0.576,-2.994,235.949,0
66673,0.240,7.216,50.823,327.357,0.585,-2.963,235.949,0
66674,0.240,7.216,50.823,327.357,0.576,-2.932,235.949,0
66675,0.240,7.216,50.823,327.357,0.586,-2.955,235.949,0
66676,0.203,7.285,50.823,327.357,0.576,-2.974,235.949,0
66677,0.203,7.285,50.823,327.094,0.586,-2.990,235.949,0
66678,0.203,7.285,50.823,327.094,0.578,-3.002,235.949,0
66679,0.203,7.285,50.823,327.094,0.586,-2.998,235.949,0
66680,0.203,7.285,50.823,327.094,0.579,-2.982,235.949,0
66681,0.203,7.285,50.791,326.832,0.583,-2.943,235.949,0
66682,0.203,7.285,50.791,326.832,0.579,-2.959,236.253,0
66683,0.203,7.285,50.758,326.569,0.583,-2.978,235.949,0
66684,0.203,7.285,50.758,326.569,0.580,-3.002,236.253,0
66685,0.203,7.285,50.758,326.306,0.583,-2.998,235.949,0
66686,0.167,7.350,50.725,326.306,0.582,-2.974,235.949,0
66687,0.167,7.350,50.693,326.044,0.583,-2.978,235.644,0
66688,0.167,7.350,50.693,326.044,0.582,-3.002,235.644,0
66689,0.167,7.350,50.693,326.044,0.580,-3.002,235.644,0
66690,0.167,7.350,50.660,326.044,0.582,-2.928,235.949,0
66691,0.167,7.350,50.628,325.781,0.578,-2.804,236.253,0
66692,0.167,7.350,50.628,325.781,0.583,-2.827,236.253,0
66693,0.167,7.350,50.595,325.519,0.577,-2.877,235.644,0
66694,0.167,7.350,50.595,325.519,0.583,-2.920,235.644,0
66695,0.167,7.350,50.595,325.519,0.577,-2.955,235.644,0
66696,0.097,7.415,50.563,325.256,0.583,-2.974,235.644,0
66697,0.097,7.415,50.563,325.256,0.579,-2.998,235.340,0
66698,0.097,7.415,50.563,324.994,0.585,-3.002,235.644,0
66699,0.097,7.415,50.563,324.994,0.578,-2.967,235.644,0
66700,0.097,7.415,50.563,324.994,0.586,-2.936,235.644,0
66701,0.097,7.415,50.563,324.994,0.578,-2.885,235.644,0
66702,0.097,7.415,50.563,324.994,0.584,-2.912,235.644,0
66703,0.097,7.415,50.595,324.469,0.579,-2.951,235.949,0
66704,0.097,7.415,50.595,324.469,0.584,-2.978,235.949,0
66705,0.097,7.415,50.628,324.469,0.579,-2.998,235.644,0
66706,0.025,7.466,50.660,324.206,0.584,-2.994,235.644,0
66707,0.025,7.466,50.660,324.206,0.579,-2.971,235.644,0
66708,0.025,7.466,50.660,324.206,0.584,-2.947,236.253,0
66709,0.025,7.466,50.693,324.206,0.579,-2.967,236.253,0
66710,0.025,7.466,50.725,323.944,0.583,-2.986,235.949,0
66711,0.025,7.466,50.758,323.944,0.578,-3.005,235.949,0
66712,0.025,7.466,50.791,323.681,0.582,-2.990,235.340,0
66713,0.025,7.466,50.791,323.419,0.579,-2.924,235.340,0
66714,0.025,7.466,50.791,323.419,0.580,-2.924,235.340,0
66715,0.025,7.466,50.791,323.419,0.580,-2.947,235.340,0
66716,0.223,7.513,50.823,323.156,0.579,-2.971,235.340,0
66717,0.223,7.513,50.823,323.156,0.582,-2.998,235.340,0
66718,0.223,7.513,50.823,322.894,0.579,-2.998,235.340,0
66719,0.223,7.513,50.823,322.894,0.584,-2.971,235.340,0
66720,0.223,7.513,50.823,322.894,0.578,-2.897,235.340,0
66721,0.223,7.513,50.791,322.894,0.583,-2.908,235.340,0
66722,0.223,7.513,50.791,322.894,0.575,-2.939,235.340,0
66723,0.223,7.513,50.791,322.631,0.584,-2.963,235.340,0
66724,0.223,7.513,50.758,322.369,0.575,-2.982,235.340,0
66725,0.223,7.513,50.758,322.369,0.584,-2.994,235.340,0
66726,0.419,7.707,50.758,322.369,0.575,-2.994,235.644,0
66727,0.419,7.707,50.725,322.369,0.585,-2.990,235.340,0
66728,0.419,7.707,50.725,322.106,0.574,-2.994,235.340,0
66729,0.419,7.707,50.693,322.369,0.583,-3.002,235.340,0
66730,0.419,7.707,50.693,322.106,0.575,-2.994,235.340,0
66731,0.419,7.707,50.693,322.106,0.582,-2.974,235.035,0
66732,0.419,7.707,50.660,322.106,0.574,-2.959,235.035,0
66733,0.419,7.707,50.628,321.844,0.583,-2.971,235.035,0
66734,0.419,7.707,50.628,322.106,0.574,-2.990,235.035,0
66735,0.419,7.707,50.595,322.106,0.583,-2.998,235.035,0
66736,0.360,7.903,50.595,322.106,0.575,-3.005,234.731,0
66737,0.360,7.903,50.595,321.844,0.584,-2.974,235.035,0
66738,0.360,7.903,50.595,321.844,0.574,-2.901,235.035,0
66739,0.360,7.903,50.563,321.844,0.584,-2.905,235.340,0
66740,0.360,7.903,50.563,321.844,0.576,-2.928,235.340,0
66741,0.360,7.903,50.595,321.844,0.583,-2.963,235.340,0
66742,0.360,7.903,50.595,321.844,0.576,-2.982,235.035,0
66743,0.360,7.903,50.595,321.844,0.583,-2.994,235.035,0
66744,0.360,7.903,50.595,321.581,0.576,-3.002,235.035,0
66745,0.360,7.903,50.595,321.581,0.582,-2.974,235.035,0
66746,0.301,7.507,50.628,321.581,0.578,-2.990,235.035,0
66747,0.301,7.507,50.628,321.844,0.583,-3.002,235.035,0
66748,0.301,7.507,50.660,321.581,0.575,-2.990,235.340,0
66749,0.301,7.507,50.660,321.844,0.584,-2.885,235.035,0
66750,0.301,7.507,50.693,321.844,0.575,-2.823,235.340,0
66751,0.301,7.507,50.693,321.844,0.585,-2.862,235.035,0
66752,0.301,7.507,50.725,321.844,0.575,-2.905,235.035,0
66753,0.301,7.507,50.725,321.844,0.583,-2.951,235.340,0
66754,0.301,7.507,50.758,322.106,0.575,-2.967,235.035,0
66755,0.301,7.507,50.791,322.106,0.584,-2.994,235.035,0
66756,0.217,7.112,50.791,322.106,0.574,-3.002,235.035,0
66757,0.217,7.112,50.823,322.106,0.584,-2.951,235.035,0
66758,0.217,7.112,50.823,322.369,0.576,-2.893,235.340,0
66759,0.217,7.112,50.791,322.369,0.583,-2.905,235.340,0
66760,0.217,7.112,50.823,322.369,0.575,-2.939,235.340,0
66761,0.217,7.112,50.791,322.631,0.583,-2.971,235.340,0
66762,0.217,7.112,50.823,322.631,0.576,-2.986,235.340,0
66763,0.217,7.112,50.823,322.631,0.583,-2.998,235.340,0
66764,0.217,7.112,50.791,322.631,0.578,-2.990,235.340,0
66765,0.217,7.112,50.758,322.631,0.583,-2.947,235.340,0
66766,0.132,7.326,50.758,322.894,0.578,-2.963,235.340,0
66767,0.132,7.326,50.758,322.894,0.583,-2.990,235.340,0
66768,0.132,7.326,50.758,322.894,0.579,-3.002,235.035,0
66769,0.132,7.326,50.725,323.156,0.580,-2.998,235.340,0
66770,0.132,7.326,50.725,323.156,0.582,-2.978,235.644,0
66771,0.132,7.326,50.693,323.156,0.579,-2.978,235.035,0
66772,0.132,7.326,50.660,323.419,0.582,-2.990,235.340,0
66773,0.132,7.326,50.660,323.419,0.578,-2.998,235.340,0
66774,0.132,7.326,50.628,323.419,0.582,-2.978,235.340,0
66775,0.132,7.326,50.628,323.681,0.577,-2.897,235.035,0
66776,0.151,7.540,50.595,323.681,0.584,-2.905,235.035,0
66777,0.151,7.540,50.595,323.944,0.576,-2.936,235.035,0
66778,0.151,7.540,50.595,323.681,0.585,-2.967,235.340,0
66779,0.151,7.540,50.563,323.944,0.576,-2.986,235.340,0
66780,0.151,7.540,50.563,323.944,0.584,-2.994,235.035,0
66781,0.151,7.540,50.563,324.206,0.575,-2.998,235.035,0
66782,0.151,7.540,50.595,324.206,0.584,-2.994,235.340,0
66783,0.151,7.540,50.595,324.469,0.575,-2.986,235.035,0
66784,0.151,7.540,50.595,324.206,0.584,-2.990,235.340,0
66785,0.151,7.540,50.595,324.469,0.575,-3.002,235.035,0
66786,0.171,7.607,50.595,324.469,0.584,-2.994,235.340,0
66787,0.171,7.607,50.628,324.469,0.574,-2.982,235.035,0
66788,0.171,7.607,50.628,324.469,0.584,-2.978,235.035,0
66789,0.171,7.607,50.628,324.731,0.575,-2.978,235.340,0
66790,0.171,7.607,50.660,324.731,0.584,-3.005,235.340,0
66791,0.171,7.607,50.693,324.731,0.574,-2.990,235.340,0
66792,0.171,7.607,50.693,324.994,0.583,-2.967,235.035,0
66793,0.171,7.607,50.725,324.994,0.575,-2.978,235.035,0
66794,0.171,7.607,50.725,324.994,0.582,-2.998,235.035,0
66795,0.171,7.607,50.758,324.994,0.574,-3.002,235.035,0
66796,0.063,7.678,50.791,325.256,0.584,-2.916,235.340,0
66797,0.063,7.678,50.791,325.256,0.576,-2.816,235.340,0
66798,0.063,7.678,50.791,325.256,0.584,-2.835,235.340,0
66799,0.063,7.678,50.791,325.256,0.575,-2.877,235.340,0
66800,0.063,7.678,50.791,325.519,0.584,-2.916,235.340,0
66801,0.063,7.678,50.791,325.519,0.575,-2.947,235.340,0
66802,0.063,7.678,50.791,325.519,0.583,-2.974,235.340,0
66803,0.063,7.678,50.791,325.781,0.574,-2.990,235.340,0
66804,0.063,7.678,50.791,325.519,0.583,-3.002,235.340,0
66805,0.063,7.678,50.823,325.519,0.575,-2.998,235.340,0
66806,-0.043,7.578,50.791,325.781,0.582,-2.839,235.340,0
66807,-0.043,7.578,50.758,326.044,0.576,-2.735,235.644,0
66808,-0.043,7.578,50.758,326.044,0.582,-2.781,235.035,0
66809,-0.043,7.578,50.758,326.044,0.574,-2.843,234.731,0
66810,-0.043,7.578,50.725,326.306,0.582,-2.877,235.340,0
66811,-0.043,7.578,50.693,326.569,0.576,-2.928,235.644,0
66812,-0.043,7.578,50.693,326.569,0.584,-2.947,235.644,0
66813,-0.043,7.578,50.660,326.569,0.578,-2.982,235.644,0
66814,-0.043,7.578,50.660,326.569,0.584,-2.990,235.644,0
66815,-0.043,7.578,50.628,326.832,0.576,-3.002,235.644,0
66816,0.089,7.475,50.628,326.832,0.583,-2.986,235.949,0
66817,0.089,7.475,50.595,327.094,0.578,-2.827,235.949,0
66818,0.089,7.475,50.595,327.094,0.584,-2.750,235.644,0
66819,0.089,7.475,50.595,327.094,0.579,-2.789,235.644,0
66820,0.089,7.475,50.563,327.357,0.584,-2.835,235.949,0
66821,0.089,7.475,50.563,327.357,0.579,-2.893,235.949,0
66822,0.089,7.475,50.563,327.357,0.583,-2.916,235.644,0
66823,0.089,7.475,50.563,327.357,0.579,-2.932,235.644,0
66824,0.089,7.475,50.563,327.357,0.584,-2.959,235.949,0
66825,0.089,7.475,50.563,327.357,0.579,-2.978,235.644,0
66826,0.221,7.513,50.595,327.357,0.582,-2.978,235.949,0
66827,0.221,7.513,50.595,327.357,0.579,-2.998,235.949,0
66828,0.221,7.513,50.595,327.357,0.580,-2.998,235.949,0
66829,0.221,7.513,50.628,327.357,0.579,-3.002,235.949,0
66830,0.221,7.513,50.660,327.357,0.579,-3.002,235.949,0
66831,0.221,7.513,50.660,327.357,0.579,-2.866,235.644,0
66832,0.221,7.513,50.693,327.357,0.579,-2.731,235.644,0
66833,0.221,7.513,50.693,327.357,0.579,-2.762,235.644,0
66834,0.221,7.513,50.725,327.357,0.580,-2.823,235.644,0
66835,0.221,7.513,50.725,327.357,0.578,-2.850,235.644,0
66836,0.197,7.551,50.758,327.357,0.580,-2.889,235.644,0
66837,0.197,7.551,50.758,327.357,0.577,-2.908,235.644,0
66838,0.197,7.551,50.791,327.357,0.584,-2.936,235.949,0
66839,0.197,7.551,50.791,327.357,0.578,-2.943,235.644,0
66840,0.197,7.551,50.791,327.357,0.584,-2.959,235.949,0
66841,0.197,7.551,50.823,327.357,0.577,-2.959,235.644,0
66842,0.197,7.551,50.791,327.357,0.583,-2.978,235.644,0
66843,0.197,7.551,50.823,327.357,0.576,-2.978,235.644,0
66844,0.197,7.551,50.823,327.094,0.584,-2.994,235.644,0
66845,0.197,7.551,50.791,326.832,0.574,-2.998,235.949,0
66846,0.173,7.513,50.791,326.832,0.584,-3.002,235.949,0
66847,0.173,7.513,50.791,326.569,0.573,-2.951,235.644,0
66848,0.173,7.513,50.758,326.569,0.584,-2.847,235.644,0
66849,0.173,7.513,50.758,326.569,0.574,-2.823,235.644,0
66850,0.173,7.513,50.758,326.569,0.583,-2.854,235.644,0
66851,0.173,7.513,50.725,326.306,0.575,-2.897,235.644,0
66852,0.173,7.513,50.725,326.306,0.584,-2.924,235.644,0
66853,0.173,7.513,50.693,326.044,0.575,-2.951,235.644,0
66854,0.173,7.513,50.693,325.781,0.584,-2.959,235.644,0
66855,0.173,7.513,50.660,325.781,0.574,-2.986,235.644,0
66856,0.215,7.475,50.660,325.781,0.586,-2.994,235.644,0
66857,0.215,7.475,50.628,325.781,0.576,-3.002,235.644,0
66858,0.215,7.475,50.628,325.781,0.584,-2.998,235.340,0
66859,0.215,7.475,50.595,325.519,0.576,-2.986,235.340,0
66860,0.215,7.475,50.595,325.256,0.586,-2.951,235.644,0
66861,0.215,7.475,50.563,325.256,0.578,-2.974,235.949,0
66862,0.215,7.475,50.563,325.256,0.586,-3.002,235.949,0
66863,0.215,7.475,50.595,324.994,0.577,-2.998,235.949,0
66864,0.215,7.475,50.563,324.994,0.586,-2.912,235.644,0
66865,0.215,7.475,50.563,324.731,0.576,-2.847,235.644,0
66866,0.258,7.488,50.563,324.469,0.586,-2.870,235.644,0
66867,0.258,7.488,50.595,324.469,0.576,-2.916,235.949,0
66868,0.258,7.488,50.595,324.469,0.586,-2.955,235.949,0
66869,0.258,7.488,50.595,324.206,0.576,-2.978,235.644,0
66870,0.258,7.488,50.628,324.206,0.587,-2.990,235.949,0
66871,0.258,7.488,50.628,324.206,0.577,-3.002,235.949,0
66872,0.258,7.488,50.693,323.944,0.587,-2.990,235.949,0
66873,0.258,7.488,50.660,323.944,0.576,-2.862,235.949,0
66874,0.258,7.488,50.693,323.944,0.587,-2.816,235.949,0
66875,0.258,7.488,50.725,323.944,0.577,-2.858,235.340,0
66876,0.174,7.501,50.725,323.944,0.586,-2.912,235.340,0
66877,0.174,7.501,50.758,323.681,0.582,-2.924,235.340,0
66878,0.174,7.501,50.725,323.419,0.581,-2.963,235.644,0
66879,0.174,7.501,50.758,323.419,0.580,-2.971,235.340,0
66880,0.174,7.501,50.791,323.156,0.582,-2.986,235.340,0
66881,0.174,7.501,50.791,323.156,0.579,-2.998,235.340,0
66882,0.174,7.501,50.791,323.156,0.586,-2.986,235.340,0
66883,0.174,7.501,50.791,322.894,0.576,-2.963,235.644,0
66884,0.174,7.501,50.791,322.894,0.585,-2.963,235.340,0
66885,0.174,7.501,50.791,322.631,0.578,-2.994,235.340,0
66886,0.091,7.490,50.791,322.631,0.582,-2.998,235.340,0
66887,0.091,7.490,50.791,322.631,0.578,-2.994,235.340,0
66888,0.091,7.490,50.791,322.369,0.584,-2.998,235.340,0
66889,0.091,7.490,50.758,322.106,0.575,-2.994,235.035,0
66890,0.091,7.490,50.758,322.369,0.585,-2.978,235.340,0
66891,0.091,7.490,50.758,322.369,0.576,-2.978,235.035,0
66892,0.091,7.490,50.725,322.369,0.586,-2.998,235.035,0
66893,0.091,7.490,50.725,322.106,0.574,-2.998,235.340,0
66894,0.091,7.490,50.693,322.106,0.584,-2.881,235.035,0
66895,0.091,7.490,50.693,322.106,0.575,-2.785,235.035,0
66896,0.136,7.476,50.660,322.369,0.584,-2.816,235.035,0
66897,0.136,7.476,50.660,322.369,0.575,-2.870,235.340,0
66898,0.136,7.476,50.628,322.369,0.583,-2.889,235.035,0
66899,0.136,7.476,50.628,322.106,0.574,-2.916,235.035,0
66900,0.136,7.476,50.628,322.106,0.582,-2.947,234.731,0
66901,0.136,7.476,50.595,322.106,0.572,-2.955,235.035,0
66902,0.136,7.476,50.595,322.106,0.583,-2.963,234.731,0
66903,0.136,7.476,50.595,322.106,0.575,-2.986,234.731,0
66904,0.136,7.476,50.595,322.106,0.584,-2.994,235.035,0
66905,0.136,7.476,50.595,322.106,0.576,-2.994,235.644,0
66906,0.182,7.585,50.595,321.844,0.584,-3.002,235.644,0
66907,0.182,7.585,50.595,321.844,0.577,-2.994,235.340,0
66908,0.182,7.585,50.595,321.844,0.583,-2.916,235.035,0
66909,0.182,7.585,50.595,321.844,0.576,-2.908,235.340,0
66910,0.182,7.585,50.628,321.844,0.583,-2.951,235.035,0
66911,0.182,7.585,50.628,322.106,0.578,-2.963,234.731,0
66912,0.182,7.585,50.628,322.106,0.583,-2.990,235.035,0
66913,0.182,7.585,50.660,321.844,0.579,-2.990,235.035,0
66914,0.182,7.585,50.660,321.844,0.584,-2.928,235.340,0
66915,0.182,7.585,50.693,321.844,0.580,-2.885,235.340,0
66916,0.247,7.694,50.693,322.106,0.581,-2.905,235.644,0
66917,0.247,7.694,50.725,322.369,0.579,-2.939,235.949,0
66918,0.247,7.694,50.725,322.106,0.580,-2.959,235.949,0
66919,0.247,7.694,50.758,322.106,0.583,-2.982,235.644,0
66920,0.247,7.694,50.758,322.106,0.579,-3.002,235.644,0
66921,0.247,7.694,50.791,322.369,0.584,-2.994,235.644,0
66922,0.247,7.694,50.791,322.369,0.578,-2.971,235.644,0
66923,0.247,7.694,50.791,322.369,0.585,-2.978,235.644,0
66924,0.247,7.694,50.791,322.631,0.577,-3.009,235.340,0
66925,0.247,7.694,50.791,322.369,0.586,-2.932,235.644,0
66926,0.313,7.528,50.791,322.631,0.576,-2.808,235.644,0
66927,0.313,7.528,50.791,322.631,0.586,-2.804,235.644,0
66928,0.313,7.528,50.791,322.894,0.575,-2.858,235.340,0
66929,0.313,7.528,50.758,322.894,0.585,-2.897,235.340,0
66930,0.313,7.528,50.758,322.894,0.575,-2.932,235.340,0
66931,0.313,7.528,50.758,323.156,0.583,-2.967,235.340,0
66932,0.313,7.528,50.725,323.419,0.574,-2.978,235.340,0
66933,0.313,7.528,50.725,323.419,0.581,-2.994,235.340,0
66934,0.313,7.528,50.725,323.419,0.575,-3.002,235.340,0
66935,0.313,7.528,50.725,323.419,0.583,-2.974,235.340,0
66936,0.209,7.363,50.693,323.681,0.576,-2.912,235.340,0
66937,0.209,7.363,50.660,323.681,0.582,-2.916,235.035,0
66938,0.209,7.363,50.628,323.681,0.576,-2.947,235.035,0
66939,0.209,7.363,50.628,323.681,0.583,-2.971,235.035,0
66940,0.209,7.363,50.595,323.681,0.578,-2.982,234.731,0
66941,0.209,7.363,50.595,323.944,0.581,-2.998,235.035,0
66942,0.209,7.363,50.595,324.206,0.578,-2.998,235.035,0
66943,0.209,7.363,50.595,323.944,0.580,-3.002,235.340,0
66944,0.209,7.363,50.563,324.206,0.580,-2.967,235.035,0
66945,0.209,7.363,50.563,324.206,0.579,-2.974,235.340,0
66946,0.106,7.522,50.563,324.206,0.581,-2.986,235.340,0
66947,0.106,7.522,50.563,324.206,0.577,-3.002,235.340,0
66948,0.106,7.522,50.595,324.206,0.582,-2.971,235.340,0
66949,0.106,7.522,50.595,324.469,0.575,-2.885,235.035,0
66950,0.106,7.522,50.595,324.731,0.580,-2.881,235.035,0
66951,0.106,7.522,50.628,324.994,0.576,-2.908,235.340,0
66952,0.106,7.522,50.628,324.994,0.583,-2.939,235.035,0
66953,0.106,7.522,50.660,324.994,0.575,-2.955,235.035,0
66954,0.106,7.522,50.660,324.994,0.585,-2.974,235.035,0
66955,0.106,7.522,50.693,324.994,0.577,-2.986,235.340,0
66956,0.261,7.679,50.693,325.256,0.586,-2.998,235.340,0
66957,0.261,7.679,50.725,325.256,0.578,-3.002,235.340,0
66958,0.261,7.679,50.758,325.256,0.586,-2.982,235.340,0
66959,0.261,7.679,50.758,325.256,0.578,-2.908,235.340,0
66960,0.261,7.679,50.791,325.519,0.585,-2.877,235.340,0
66961,0.261,7.679,50.758,325.519,0.575,-2.908,235.340,0
66962,0.261,7.679,50.791,325.519,0.584,-2.936,235.340,0
66963,0.261,7.679,50.791,325.519,0.576,-2.959,235.644,0
66964,0.261,7.679,50.823,325.781,0.584,-2.982,235.644,0
66965,0.261,7.679,50.823,325.781,0.575,-2.994,235.340,0
66966,0.416,7.718,50.823,325.781,0.585,-2.998,235.340,0
66967,0.416,7.718,50.791,325.781,0.575,-2.998,235.340,0
66968,0.416,7.718,50.791,325.781,0.584,-3.002,235.035,0
66969,0.416,7.718,50.791,325.781,0.574,-2.998,235.035,0
66970,0.416,7.718,50.791,326.044,0.584,-2.967,235.340,0
66971,0.416,7.718,50.758,326.044,0.574,-2.916,235.340,0
66972,0.416,7.718,50.758,326.306,0.584,-2.932,235.644,0
66973,0.416,7.718,50.758,326.306,0.576,-2.963,235.949,0
66974,0.416,7.718,50.725,326.306,0.586,-2.986,235.949,0
66975,0.416,7.718,50.725,326.306,0.576,-3.002,235.949,0
66976,0.401,7.757,50.725,326.306,0.587,-2.959,235.949,0
66977,0.401,7.757,50.693,326.832,0.575,-2.877,235.949,0
66978,0.401,7.757,50.660,326.832,0.586,-2.874,235.644,0
66979,0.401,7.757,50.660,326.832,0.575,-2.912,235.644,0
66980,0.401,7.757,50.628,326.832,0.586,-2.947,235.644,0
66981,0.401,7.757,50.595,327.094,0.576,-2.974,235.644,0
66982,0.401,7.757,50.595,327.094,0.586,-2.998,235.949,0
66983,0.401,7.757,50.595,327.094,0.577,-2.994,235.949,0
66984,0.401,7.757,50.595,327.357,0.586,-2.943,235.949,0
66985,0.401,7.757,50.595,327.357,0.576,-2.920,235.949,0
66986,0.384,7.663,50.563,327.357,0.583,-2.943,235.949,0
66987,0.384,7.663,50.563,327.357,0.575,-2.971,235.949,0
66988,0.384,7.663,50.563,327.357,0.584,-2.990,235.949,0
66989,0.384,7.663,50.563,327.357,0.575,-3.002,235.949,0
66990,0.384,7.663,50.595,327.357,0.584,-2.978,235.949,0
66991,0.384,7.663,50.595,327.619,0.575,-2.889,235.949,0
66992,0.384,7.663,50.595,327.619,0.585,-2.897,235.949,0
66993,0.384,7.663,50.595,327.619,0.574,-2.932,235.644,0
66994,0.384,7.663,50.628,327.357,0.584,-2.959,235.644,0
66995,0.384,7.663,50.660,327.357,0.576,-2.978,235.949,0
66996,0.302,7.569,50.660,327.357,0.586,-2.994,235.949,0
66997,0.302,7.569,50.693,327.357,0.578,-2.994,235.949,0
66998,0.302,7.569,50.693,327.357,0.587,-3.002,236.253,0
66999,0.302,7.569,50.725,327.357,0.579,-2.994,236.557,0
67000,0.302,7.569,50.758,327.094,0.590,-3.005,236.557,0
67001,0.302,7.569,50.758,327.094,0.579,-2.994,236.557,0
67002,0.302,7.569,50.758,327.094,0.590,-2.998,236.862,0
67003,0.302,7.569,50.791,327.094,0.582,-3.002,236.862,0
67004,0.302,7.569,50.791,327.094,0.590,-2.998,237.166,0
67005,0.302,7.569,50.791,327.094,0.582,-2.974,237.166,0
67006,0.218,7.549,50.823,326.832,0.590,-2.971,237.166,0
67007,0.218,7.549,50.823,326.832,0.582,-2.986,237.166,0
67008,0.218,7.549,50.823,326.832,0.590,-3.002,237.166,0
67009,0.218,7.549,50.823,326.569,0.582,-2.998,237.471,0
67010,0.218,7.549,50.823,326.569,0.591,-2.974,237.775,0
67011,0.218,7.549,50.791,326.569,0.584,-2.936,237.471,0
67012,0.218,7.549,50.791,326.569,0.592,-2.951,237.775,0
67013,0.218,7.549,50.758,326.569,0.583,-2.971,237.775,0
67014,0.218,7.549,50.758,326.306,0.592,-2.990,237.775,0
67015,0.218,7.549,50.758,326.044,0.593,-2.998,238.080,0
67016,0.241,7.525,50.758,326.044,0.584,-2.994,238.080,0
67017,0.241,7.525,50.725,326.044,0.594,-2.982,238.080,0
67018,0.241,7.525,50.693,326.044,0.588,-2.971,238.689,0
67019,0.241,7.525,50.693,325.781,0.595,-2.990,238.689,0
67020,0.241,7.525,50.660,325.519,0.589,-3.002,238.689,0
67021,0.241,7.525,50.660,325.519,0.596,-2.998,238.689,0
67022,0.241,7.525,50.628,325.256,0.591,-2.974,238.993,0
67023,0.241,7.525,50.628,325.256,0.589,-2.986,238.993,0
67024,0.241,7.525,50.595,325.256,0.596,-2.998,238.993,0
67025,0.241,7.525,50.595,324.994,0.587,-3.005,238.689,0
67026,0.266,7.744,50.595,324.731,0.599,-2.974,238.993,0
67027,0.266,7.744,50.563,324.731,0.586,-2.862,238.993,0
67028,0.266,7.744,50.595,324.469,0.597,-2.866,239.297,0
67029,0.266,7.744,50.563,324.469,0.591,-2.905,239.297,0
67030,0.266,7.744,50.563,324.206,0.598,-2.939,238.993,0
67031,0.266,7.744,50.563,324.206,0.589,-2.971,238.993,0
67032,0.266,7.744,50.595,324.206,0.597,-2.986,238.993,0
67033,0.266,7.744,50.595,323.944,0.590,-2.998,238.993,0
67034,0.266,7.744,50.628,323.944,0.598,-2.998,238.993,0
67035,0.266,7.744,50.628,323.944,0.590,-2.978,238.993,0
67036,0.278,7.963,50.628,323.681,0.598,-2.990,238.689,0
67037,0.278,7.963,50.660,323.681,0.586,-3.009,238.689,0
67038,0.278,7.963,50.693,323.419,0.598,-2.939,238.993,0
67039,0.278,7.963,50.693,323.419,0.592,-2.769,238.993,0
67040,0.278,7.963,50.725,323.419,0.599,-2.723,238.993,0
67041,0.278,7.963,50.725,323.156,0.594,-2.796,238.993,0
67042,0.278,7.963,50.758,323.156,0.597,-2.850,239.297,0
67043,0.278,7.963,50.758,323.156,0.599,-2.893,239.297,0
67044,0.278,7.963,50.791,322.894,0.594,-2.920,239.297,0
67045,0.278,7.963,50.791,322.894,0.600,-2.947,238.993,0
67046,0.288,8.069,50.791,322.894,0.592,-2.971,239.906,0
67047,0.288,8.069,50.791,322.631,0.601,-2.986,239.906,0
67048,0.288,8.069,50.791,322.631,0.592,-2.998,239.906,0
67049,0.288,8.069,50.823,322.369,0.601,-2.994,239.602,0
67050,0.288,8.069,50.791,322.369,0.594,-2.994,239.906,0
67051,0.288,8.069,50.791,322.369,0.603,-2.994,239.906,0
67052,0.288,8.069,50.791,322.369,0.596,-2.998,240.211,0
67053,0.288,8.069,50.791,322.369,0.601,-2.994,240.211,0
67054,0.288,8.069,50.758,322.369,0.596,-2.998,240.211,0
67055,0.288,8.069,50.758,322.106,0.601,-2.967,240.211,0
67056,0.258,8.174,50.758,322.106,0.600,-2.982,240.211,0
67057,0.258,8.174,50.725,322.106,0.598,-2.998,240.211,0
67058,0.258,8.174,50.725,322.106,0.604,-2.998,240.515,0
67059,0.258,8.174,50.693,322.106,0.596,-3.002,240.515,0
67060,0.258,8.174,50.693,322.106,0.607,-2.924,240.515,0
67061,0.258,8.174,50.660,322.106,0.595,-2.850,240.515,0
67062,0.258,8.174,50.628,322.106,0.606,-2.870,240.820,0
67063,0.258,8.174,50.628,322.106,0.595,-2.905,240.515,0
67064,0.258,8.174,50.595,322.106,0.606,-2.932,240.820,0
67065,0.258,8.174,50.595,322.369,0.599,-2.943,240.515,0
67066,0.228,8.246,50.595,322.369,0.605,-2.963,241.124,0
67067,0.228,8.246,50.595,322.106,0.604,-2.971,241.429,0
67068,0.228,8.246,50.563,322.106,0.602,-2.986,241.429,0
67069,0.228,8.246,50.563,322.106,0.604,-2.998,240.820,0
67070,0.228,8.246,50.563,322.106,0.601,-2.998,241.124,0
67071,0.228,8.246,50.595,322.106,0.606,-2.990,241.124,0
67072,0.228,8.246,50.595,322.369,0.598,-2.959,241.733,0
67073,0.228,8.246,50.595,322.369,0.608,-2.974,241.429,0
67074,0.228,8.246,50.595,322.369,0.600,-2.990,241.429,0
67075,0.228,8.246,50.595,322.369,0.608,-3.005,241.733,0
67076,0.179,8.316,50.628,322.106,0.600,-2.978,241.733,0
67077,0.179,8.316,50.660,322.369,0.607,-2.901,241.733,0
67078,0.179,8.316,50.660,322.369,0.608,-2.885,242.038,0
67079,0.179,8.316,50.693,322.369,0.605,-2.916,242.038,0
67080,0.179,8.316,50.693,322.369,0.610,-2.951,242.038,0
67081,0.179,8.316,50.725,322.369,0.604,-2.967,242.342,0
67082,0.179,8.316,50.725,322.369,0.612,-2.986,242.342,0
67083,0.179,8.316,50.758,322.631,0.603,-3.002,242.342,0
67084,0.179,8.316,50.758,322.631,0.614,-2.963,242.646,0
67085,0.179,8.316,50.791,322.631,0.605,-2.835,242.646,0
67086,0.130,8.390,50.791,322.631,0.615,-2.823,242.951,0
67087,0.130,8.390,50.791,322.631,0.609,-2.874,242.951,0
67088,0.130,8.390,50.823,322.631,0.610,-2.908,242.951,0
67089,0.130,8.390,50.823,322.631,0.615,-2.932,242.951,0
67090,0.130,8.390,50.823,322.894,0.605,-2.963,243.255,0
67091,0.130,8.390,50.823,322.894,0.614,-2.986,243.560,0
67092,0.130,8.390,50.791,323.156,0.605,-2.998,243.560,0
67093,0.130,8.390,50.823,323.156,0.615,-2.990,243.560,0
67094,0.130,8.390,50.791,323.156,0.609,-2.939,243.560,0
67095,0.130,8.390,50.758,323.419,0.614,-2.924,243.560,0
67096,0.320,8.462,50.758,323.419,0.615,-2.951,243.864,0
67097,0.320,8.462,50.758,323.419,0.612,-2.974,243.864,0
67098,0.320,8.462,50.725,323.681,0.618,-2.990,243.560,0
67099,0.320,8.462,50.725,323.681,0.607,-2.994,243.560,0
67100,0.320,8.462,50.693,323.944,0.617,-2.974,243.864,0
67101,0.320,8.462,50.693,323.944,0.608,-2.939,244.169,0
67102,0.320,8.462,50.660,323.944,0.619,-2.963,244.169,0
67103,0.320,8.462,50.660,324.206,0.612,-2.978,244.169,0
67104,0.320,8.462,50.628,324.206,0.616,-2.998,244.169,0
67105,0.320,8.462,50.628,324.206,0.616,-2.998,244.473,0
67106,0.511,8.660,50.595,324.206,0.612,-2.990,244.778,0
67107,0.511,8.660,50.595,324.206,0.619,-2.994,244.778,0
67108,0.511,8.660,50.595,324.206,0.609,-2.986,244.473,0
67109,0.511,8.660,50.563,324.469,0.617,-3.005,244.473,0
67110,0.511,8.660,50.595,324.731,0.611,-3.005,244.473,0
67111,0.511,8.660,50.595,324.469,0.619,-2.939,244.778,0
67112,0.511,8.660,50.563,324.731,0.615,-2.877,244.778,0
67113,0.511,8.660,50.595,324.994,0.613,-2.854,244.778,0
67114,0.511,8.660,50.595,324.994,0.620,-2.881,245.082,0
67115,0.511,8.660,50.595,324.994,0.609,-2.916,244.778,0
67116,0.220,8.865,50.595,325.256,0.619,-2.947,244.778,0
67117,0.220,8.865,50.628,325.256,0.612,-2.959,245.082,0
67118,0.220,8.865,50.628,325.519,0.619,-2.978,245.082,0
67119,0.220,8.865,50.660,325.519,0.615,-2.994,245.386,0
67120,0.220,8.865,50.660,325.519,0.616,-2.986,245.386,0
67121,0.220,8.865,50.693,325.781,0.621,-3.005,245.386,0
67122,0.220,8.865,50.725,325.781,0.612,-2.994,245.082,0
67123,0.220,8.865,50.725,325.781,0.620,-2.998,245.082,0
67124,0.220,8.865,50.725,326.044,0.611,-3.002,245.082,0
67125,0.220,8.865,50.758,326.044,0.622,-3.002,245.386,0
67126,-0.072,8.822,50.758,326.044,0.615,-2.994,245.386,0
67127,-0.072,8.822,50.791,326.044,0.616,-2.994,244.778,0
67128,-0.072,8.822,50.791,326.044,0.617,-2.994,245.082,0
67129,-0.072,8.822,50.823,326.044,0.607,-2.998,244.778,0
67130,-0.072,8.822,50.823,326.044,0.615,-2.959,244.169,0
67131,-0.072,8.822,50.791,326.306,0.609,-2.901,245.082,0
67132,-0.072,8.822,50.791,326.306,0.619,-2.920,245.082,0
67133,-0.072,8.822,50.791,326.569,0.610,-2.943,245.386,0
67134,-0.072,8.822,50.791,326.569,0.619,-2.971,245.691,0
67135,-0.072,8.822,50.791,326.569,0.612,-2.994,245.691,0
67136,0.078,8.774,50.791,326.569,0.617,-3.002,245.691,0
67137,0.078,8.774,50.758,326.569,0.617,-2.998,245.691,0
67138,0.078,8.774,50.758,326.832,0.613,-2.963,245.691,0
67139,0.078,8.774,50.725,326.832,0.620,-2.924,245.691,0
67140,0.078,8.774,50.725,327.094,0.611,-2.843,245.386,0
67141,0.078,8.774,50.693,326.832,0.620,-2.881,245.691,0
67142,0.078,8.774,50.693,326.832,0.610,-2.920,245.691,0
67143,0.078,8.774,50.693,327.094,0.619,-2.947,245.691,0
67144,0.078,8.774,50.660,327.094,0.614,-2.971,245.995,0
67145,0.078,8.774,50.628,327.094,0.620,-2.986,245.995,0
67146,0.229,8.851,50.628,327.094,0.619,-3.005,245.995,0
67147,0.229,8.851,50.628,327.094,0.615,-2.939,245.995,0
67148,0.229,8.851,50.595,327.094,0.622,-2.862,245.995,0
67149,0.229,8.851,50.595,327.094,0.613,-2.874,246.300,0
67150,0.229,8.851,50.595,327.094,0.620,-2.916,246.300,0
67151,0.229,8.851,50.563,327.094,0.612,-2.943,246.300,0
67152,0.229,8.851,50.563,327.094,0.623,-2.971,246.300,0
67153,0.229,8.851,50.563,327.357,0.617,-2.994,245.995,0
67154,0.229,8.851,50.563,327.357,0.617,-2.994,245.691,0
67155,0.229,8.851,50.563,327.094,0.621,-2.990,245.995,0
67156,0.358,8.929,50.563,327.094,0.613,-2.974,245.995,0
67157,0.358,8.929,50.595,327.094,0.614,-2.982,246.300,0
67158,0.358,8.929,50.595,327.094,0.617,-2.994,246.300,0
67159,0.358,8.929,50.628,327.357,0.620,-3.002,245.995,0
67160,0.358,8.929,50.628,327.357,0.613,-2.994,245.995,0
67161,0.358,8.929,50.660,327.094,0.624,-2.990,246.300,0
67162,0.358,8.929,50.693,326.832,0.612,-3.002,246.604,0
67163,0.358,8.929,50.693,326.832,0.623,-2.994,246.604,0
67164,0.358,8.929,50.725,326.832,0.625,-2.986,246.604,0
67165,0.358,8.929,50.758,326.832,0.611,-2.974,246.604,0
67166,0.488,8.971,50.758,326.832,0.623,-2.986,246.604,0
67167,0.488,8.971,50.758,326.569,0.616,-2.998,246.604,0
67168,0.488,8.971,50.791,326.306,0.623,-2.998,246.300,0
67169,0.488,8.971,50.791,326.306,0.613,-2.955,246.300,0
67170,0.488,8.971,50.791,326.306,0.621,-2.908,246.300,0
67171,0.488,8.971,50.823,326.306,0.613,-2.924,246.300,0
67172,0.488,8.971,50.823,326.306,0.622,-2.943,246.300,0
67173,0.488,8.971,50.823,326.306,0.612,-2.967,246.300,0
67174,0.488,8.971,50.823,326.306,0.622,-2.982,246.300,0
67175,0.488,8.971,50.823,326.044,0.616,-2.998,245.995,0
67176,0.296,9.015,50.791,326.044,0.617,-3.002,246.300,0
67177,0.296,9.015,50.791,325.781,0.622,-2.963,246.300,0
67178,0.296,9.015,50.758,325.781,0.614,-2.897,246.604,0
67179,0.296,9.015,50.758,325.781,0.622,-2.850,246.604,0
67180,0.296,9.015,50.758,325.781,0.611,-2.881,246.604,0
67181,0.296,9.015,50.725,325.519,0.621,-2.905,246.909,0
67182,0.296,9.015,50.725,325.256,0.613,-2.939,246.300,0
67183,0.296,9.015,50.693,325.256,0.622,-2.959,246.300,0
67184,0.296,9.015,50.693,324.994,0.619,-2.971,246.604,0
67185,0.296,9.015,50.660,324.994,0.616,-2.982,246.300,0
67186,0.103,9.165,50.660,324.731,0.621,-2.990,246.300,0
67187,0.103,9.165,50.628,324.731,0.611,-3.002,246.300,0
67188,0.103,9.165,50.628,324.469,0.620,-3.005,246.300,0
67189,0.103,9.165,50.628,324.206,0.611,-2.994,246.300,0
67190,0.103,9.165,50.595,324.206,0.617,-2.978,245.995,0
67191,0.103,9.165,50.595,323.944,0.615,-2.978,245.995,0
67192,0.103,9.165,50.595,323.944,0.616,-2.994,245.995,0
67193,0.103,9.165,50.595,323.681,0.619,-2.994,245.995,0
67194,0.103,9.165,50.595,323.681,0.611,-2.998,245.691,0
67195,0.103,9.165,50.595,323.681,0.620,-2.974,245.386,0
67196,0.209,9.310,50.595,323.419,0.611,-2.951,245.386,0
67197,0.209,9.310,50.595,323.156,0.619,-2.974,245.386,0
67198,0.209,9.310,50.595,323.156,0.615,-2.994,245.386,0
67199,0.209,9.310,50.628,323.156,0.615,-3.002,245.691,0
67200,0.209,9.310,50.628,322.894,0.621,-2.990,245.386,0
67201,0.209,9.310,50.628,322.894,0.611,-2.943,245.386,0
67202,0.209,9.310,50.660,322.631,0.622,-2.932,245.691,0
67203,0.209,9.310,50.660,322.631,0.610,-2.955,245.691,0
67204,0.209,9.310,50.660,322.631,0.620,-2.982,245.691,0
67205,0.209,9.310,50.725,322.369,0.616,-3.002,245.995,0
67206,0.314,9.157,50.725,322.369,0.615,-2.994,245.995,0
67207,0.314,9.157,50.725,322.369,0.620,-2.947,245.995,0
67208,0.314,9.157,50.758,322.106,0.612,-2.963,245.691,0
67209,0.314,9.157,50.758,322.106,0.622,-2.978,245.691,0
67210,0.314,9.157,50.758,322.106,0.613,-3.002,245.691,0
67211,0.314,9.157,50.791,322.106,0.620,-2.990,245.691,0
67212,0.314,9.157,50.791,322.106,0.613,-2.998,245.691,0
67213,0.314,9.157,50.791,322.106,0.618,-2.986,245.691,0
67214,0.314,9.157,50.791,322.369,0.617,-2.998,245.691,0
67215,0.314,9.157,50.791,322.106,0.614,-2.998,245.995,0
67216,0.218,9.006,50.791,322.106,0.620,-2.990,245.691,0
67217,0.218,9.006,50.758,322.106,0.610,-2.936,245.691,0
67218,0.218,9.006,50.758,322.106,0.620,-2.870,245.691,0
67219,0.218,9.006,50.758,322.106,0.613,-2.897,245.995,0
67220,0.218,9.006,50.758,322.369,0.621,-2.928,245.995,0
67221,0.218,9.006,50.725,322.106,0.617,-2.951,245.691,0
67222,0.218,9.006,50.725,322.106,0.615,-2.974,245.995,0
67223,0.218,9.006,50.725,322.106,0.621,-2.990,245.691,0
67224,0.218,9.006,50.693,322.369,0.612,-2.998,245.691,0
67225,0.218,9.006,50.693,322.106,0.619,-2.998,245.691,0
67226,0.121,9.262,50.660,322.106,0.612,-2.978,245.691,0
67227,0.121,9.262,50.660,322.369,0.618,-2.963,245.386,0
67228,0.121,9.262,50.628,322.106,0.616,-2.978,245.691,0
67229,0.121,9.262,50.628,322.106,0.613,-2.990,245.386,0
67230,0.121,9.262,50.595,322.369,0.618,-2.998,245.691,0
67231,0.121,9.262,50.595,322.369,0.609,-2.998,245.691,0
67232,0.121,9.262,50.595,322.369,0.620,-2.994,245.386,0
67233,0.121,9.262,50.563,322.631,0.611,-2.959,245.386,0
67234,0.121,9.262,50.563,322.631,0.619,-2.924,245.386,0
67235,0.121,9.262,50.563,322.631,0.613,-2.932,245.386,0
67236,0.109,9.518,50.563,322.631,0.613,-2.955,245.386,0
67237,0.109,9.518,50.563,322.631,0.617,-2.974,245.082,0
67238,0.109,9.518,50.595,322.631,0.610,-2.986,245.386,0
67239,0.109,9.518,50.595,322.894,0.620,-2.998,245.082,0
67240,0.109,9.518,50.628,322.894,0.612,-2.998,245.691,0
67241,0.109,9.518,50.628,322.894,0.620,-2.994,245.995,0
67242,0.109,9.518,50.628,322.894,0.617,-2.998,245.691,0
67243,0.109,9.518,50.693,322.894,0.614,-2.994,245.691,0
67244,0.109,9.518,50.660,322.894,0.620,-2.994,245.691,0
67245,0.109,9.518,50.693,322.894,0.612,-2.967,245.691,0
67246,0.097,9.304,50.725,322.894,0.621,-2.982,245.995,0
67247,0.097,9.304,50.725,322.894,0.611,-2.998,245.995,0
67248,0.097,9.304,50.758,322.894,0.620,-2.994,245.995,0
67249,0.097,9.304,50.758,322.894,0.615,-2.967,245.691,0
67250,0.097,9.304,50.791,323.156,0.613,-2.916,245.691,0
67251,0.097,9.304,50.791,323.156,0.618,-2.932,245.691,0
67252,0.097,9.304,50.791,323.156,0.611,-2.967,245.691,0
67253,0.097,9.304,50.823,323.419,0.621,-2.982,245.691,0
67254,0.097,9.304,50.791,323.419,0.611,-3.005,245.691,0
67255,0.097,9.304,50.823,323.419,0.622,-2.990,245.691,0
67256,0.167,9.091,50.823,323.681,0.613,-2.978,245.691,0
67257,0.167,9.091,50.791,323.681,0.620,-2.982,245.995,0
67258,0.167,9.091,50.791,323.681,0.619,-3.002,245.995,0
67259,0.167,9.091,50.791,323.681,0.615,-3.002,245.995,0
67260,0.167,9.091,50.791,323.944,0.622,-2.990,245.995,0
67261,0.167,9.091,50.758,323.944,0.611,-2.901,245.691,0
67262,0.167,9.091,50.758,323.944,0.620,-2.831,245.691,0
67263,0.167,9.091,50.725,323.944,0.612,-2.866,245.691,0
67264,0.167,9.091,50.725,324.206,0.621,-2.905,245.995,0
67265,0.167,9.091,50.693,324.469,0.617,-2.943,245.691,0
67266,0.235,9.216,50.693,324.469,0.614,-2.967,245.691,0
67267,0.235,9.216,50.660,324.731,0.621,-2.986,245.691,0
67268,0.235,9.216,50.660,324.731,0.611,-3.002,245.691,0
67269,0.235,9.216,50.628,324.731,0.619,-2.998,245.691,0
67270,0.235,9.216,50.628,324.731,0.610,-2.994,245.691,0
67271,0.235,9.216,50.595,324.994,0.617,-2.943,245.691,0
67272,0.235,9.216,50.595,324.994,0.615,-2.928,245.691,0
67273,0.235,9.216,50.595,325.256,0.612,-2.951,245.386,0
67274,0.235,9.216,50.563,325.256,0.619,-2.971,245.386,0
67275,0.235,9.216,50.563,325.256,0.610,-2.998,245.691,0
67276,0.098,9.344,50.563,325.519,0.621,-2.998,245.691,0
67277,0.098,9.344,50.595,325.256,0.613,-2.971,245.691,0
67278,0.098,9.344,50.563,325.519,0.623,-2.905,245.386,0
67279,0.098,9.344,50.563,325.519,0.616,-2.854,245.386,0
67280,0.098,9.344,50.595,325.781,0.619,-2.885,245.691,0
67281,0.098,9.344,50.595,326.044,0.623,-2.916,245.691,0
67282,0.098,9.344,50.628,325.781,0.612,-2.936,245.995,0
67283,0.098,9.344,50.628,326.044,0.622,-2.959,245.691,0
67284,0.098,9.344,50.660,326.044,0.615,-2.971,245.995,0
67285,0.098,9.344,50.660,326.306,0.623,-2.986,246.300,0
67286,-0.039,9.113,50.693,326.306,0.618,-2.994,246.604,0
67287,-0.039,9.113,50.693,326.569,0.620,-2.994,246.604,0
67288,-0.039,9.113,50.725,326.306,0.622,-2.994,246.604,0
67289,-0.039,9.113,50.758,326.569,0.614,-2.990,246.604,0
67290,-0.039,9.113,50.758,326.569,0.623,-2.990,246.300,0
67291,-0.039,9.113,50.758,326.569,0.623,-2.998,246.604,0
67292,-0.039,9.113,50.791,326.832,0.622,-2.998,246.604,0
67293,-0.039,9.113,50.791,326.832,0.613,-3.002,246.604,0
67294,-0.039,9.113,50.791,326.832,0.621,-2.947,246.604,0
67295,-0.039,9.113,50.791,327.094,0.616,-2.897,246.909,0
67296,0.136,8.878,50.823,327.094,0.623,-2.901,246.604,0
67297,0.136,8.878,50.791,327.094,0.620,-2.932,246.604,0
67298,0.136,8.878,50.791,326.832,0.624,-2.955,246.604,0
67299,0.136,8.878,50.791,327.094,0.616,-2.974,246.604,0
67300,0.136,8.878,50.758,327.094,0.624,-2.986,246.604,0
67301,0.136,8.878,50.758,327.094,0.619,-2.998,246.300,0
67302,0.136,8.878,50.758,327.094,0.616,-2.994,246.300,0
67303,0.136,8.878,50.758,326.832,0.623,-2.955,246.604,0
67304,0.136,8.878,50.725,326.832,0.615,-2.912,246.909,0
67305,0.136,8.878,50.725,327.094,0.619,-2.928,246.604,0
67306,0.311,9.153,50.693,327.094,0.612,-2.951,246.604,0
67307,0.311,9.153,50.693,327.094,0.621,-2.974,246.604,0
67308,0.311,9.153,50.660,326.832,0.616,-2.990,246.604,0
67309,0.311,9.153,50.660,326.569,0.618,-3.002,246.604,0
67310,0.311,9.153,50.660,326.569,0.619,-2.990,246.300,0
67311,0.311,9.153,50.628,326.832,0.616,-2.943,246.300,0
67312,0.311,9.153,50.628,326.832,0.623,-2.947,245.995,0
67313,0.311,9.153,50.595,326.569,0.612,-2.974,246.300,0
67314,0.311,9.153,50.595,326.569,0.619,-2.994,246.300,0
67315,0.311,9.153,50.595,326.569,0.613,-2.994,245.995,0
67316,0.336,9.429,50.563,326.569,0.619,-3.002,245.995,0
67317,0.336,9.429,50.563,326.569,0.617,-2.982,246.300,0
67318,0.336,9.429,50.563,326.569,0.616,-2.994,246.300,0
67319,0.336,9.429,50.563,326.306,0.622,-3.002,246.604,0
67320,0.336,9.429,50.595,326.306,0.615,-2.924,246.300,0
67321,0.336,9.429,50.563,326.569,0.624,-2.804,246.300,0
67322,0.336,9.429,50.595,326.306,0.612,-2.831,246.300,0
67323,0.336,9.429,50.595,326.306,0.622,-2.877,246.300,0
67324,0.336,9.429,50.628,326.044,0.616,-2.912,246.300,0
67325,0.336,9.429,50.628,326.306,0.622,-2.939,245.995,0
67326,0.358,9.284,50.660,326.044,0.620,-2.959,246.604,0
67327,0.358,9.284,50.660,326.044,0.616,-2.986,246.604,0
67328,0.358,9.284,50.693,325.781,0.624,-2.994,246.604,0
67329,0.358,9.284,50.725,325.519,0.615,-3.002,246.300,0
67330,0.358,9.284,50.725,325.519,0.625,-2.963,246.604,0
67331,0.358,9.284,50.758,325.519,0.613,-2.905,246.909,0
67332,0.358,9.284,50.758,325.256,0.622,-2.912,246.604,0
67333,0.358,9.284,50.791,325.256,0.615,-2.932,246.909,0
67334,0.358,9.284,50.791,324.994,0.623,-2.963,246.604,0
67335,0.358,9.284,50.791,325.256,0.617,-2.967,246.604,0
67336,0.380,9.138,50.791,324.994,0.621,-2.986,246.604,0
67337,0.380,9.138,50.823,324.994,0.619,-3.005,246.300,0
67338,0.380,9.138,50.823,324.731,0.617,-2.936,246.604,0
67339,0.380,9.138,50.791,324.731,0.623,-2.854,246.604,0
67340,0.380,9.138,50.791,324.731,0.617,-2.854,246.604,0
67341,0.380,9.138,50.791,324.731,0.625,-2.885,246.909,0
67342,0.380,9.138,50.791,324.469,0.615,-2.912,246.909,0
67343,0.380,9.138,50.758,324.469,0.625,-2.932,246.909,0
67344,0.380,9.138,50.758,324.206,0.614,-2.947,246.604,0
67345,0.380,9.138,50.725,324.206,0.627,-2.971,246.604,0
67346,0.400,9.134,50.725,324.206,0.620,-2.974,246.909,0
67347,0.400,9.134,50.725,323.944,0.620,-2.982,246.909,0
67348,0.400,9.134,50.693,323.944,0.621,-2.986,246.604,0
67349,0.400,9.134,50.660,323.681,0.613,-2.994,246.300,0
67350,0.400,9.134,50.660,323.419,0.624,-2.998,245.995,0
67351,0.400,9.134,50.660,323.419,0.612,-2.994,245.691,0
67352,0.400,9.134,50.628,323.156,0.622,-2.998,245.691,0
67353,0.400,9.134,50.628,322.894,0.617,-2.986,245.691,0
67354,0.400,9.134,50.628,322.894,0.616,-2.994,245.691,0
67355,0.400,9.134,50.628,322.894,0.621,-2.998,245.995,0
67356,0.304,9.129,50.595,322.894,0.611,-3.002,245.995,0
67357,0.304,9.129,50.595,322.631,0.620,-2.982,245.995,0
67358,0.304,9.129,50.595,322.369,0.614,-2.990,245.691,0
67359,0.304,9.129,50.595,322.369,0.618,-3.002,245.691,0
67360,0.304,9.129,50.595,322.106,0.617,-2.982,245.691,0
67361,0.304,9.129,50.595,322.106,0.613,-2.943,245.386,0
67362,0.304,9.129,50.595,322.106,0.622,-2.943,245.691,0
67363,0.304,9.129,50.595,322.106,0.613,-2.971,245.691,0
67364,0.304,9.129,50.628,321.844,0.620,-2.990,245.691,0
67365,0.304,9.129,50.628,321.844,0.617,-2.994,245.691,0
67366,0.206,9.210,50.660,321.844,0.614,-3.009,245.691,0
67367,0.206,9.210,50.660,321.581,0.618,-2.943,245.386,0
67368,0.206,9.210,50.693,321.844,0.611,-2.885,245.691,0
67369,0.206,9.210,50.693,321.581,0.621,-2.889,245.691,0
67370,0.206,9.210,50.693,321.319,0.611,-2.924,245.386,0
67371,0.206,9.210,50.725,321.319,0.617,-2.951,245.386,0
67372,0.206,9.210,50.725,321.581,0.615,-2.978,245.691,0
67373,0.206,9.210,50.758,321.319,0.615,-2.998,245.691,0
67374,0.206,9.210,50.791,321.319,0.617,-2.998,245.386,0
67375,0.206,9.210,50.791,321.581,0.609,-2.939,245.386,0
67376,0.250,9.288,50.791,321.581,0.618,-2.905,245.386,0
67377,0.250,9.288,50.791,321.581,0.608,-2.928,245.082,0
67378,0.250,9.288,50.791,321.581,0.617,-2.955,245.386,0
67379,0.250,9.288,50.791,321.581,0.611,-2.971,245.386,0
67380,0.250,9.288,50.791,321.581,0.618,-3.002,245.386,0
67381,0.250,9.288,50.791,321.844,0.616,-2.998,245.386,0
67382,0.250,9.288,50.791,321.844,0.613,-2.994,245.386,0
67383,0.250,9.288,50.758,321.844,0.620,-3.002,245.386,0
67384,0.250,9.288,50.758,321.844,0.612,-2.998,245.691,0
67385,0.250,9.288,50.758,321.844,0.620,-2.994,245.386,0
67386,0.295,9.374,50.725,321.844,0.610,-2.943,245.691,0
67387,0.295,9.374,50.725,321.844,0.620,-2.905,245.386,0
67388,0.295,9.374,50.693,322.106,0.613,-2.928,245.386,0
67389,0.295,9.374,50.660,321.844,0.616,-2.955,245.386,0
67390,0.295,9.374,50.660,321.844,0.617,-2.971,245.082,0
67391,0.295,9.374,50.660,321.844,0.612,-2.986,245.082,0
67392,0.295,9.374,50.628,322.106,0.620,-2.998,245.082,0
67393,0.295,9.374,50.628,322.106,0.608,-2.998,245.386,0
67394,0.295,9.374,50.595,322.106,0.621,-2.994,245.691,0
67395,0.295,9.374,50.595,322.369,0.613,-2.986,245.691,0
67396,0.345,9.459,50.595,322.369,0.617,-2.998,245.082,0
67397,0.345,9.459,50.595,322.369,0.616,-2.994,245.386,0
67398,0.345,9.459,50.595,322.631,0.612,-2.990,245.691,0
67399,0.345,9.459,50.595,322.369,0.620,-2.982,245.691,0
67400,0.345,9.459,50.595,322.631,0.610,-2.971,245.386,0
67401,0.345,9.459,50.595,322.894,0.619,-2.982,245.386,0
67402,0.345,9.459,50.595,322.894,0.613,-2.990,245.386,0
67403,0.345,9.459,50.595,322.894,0.619,-3.005,245.386,0
67404,0.345,9.459,50.628,322.894,0.617,-2.994,245.386,0
67405,0.345,9.459,50.628,322.894,0.614,-2.990,245.386,0
67406,0.395,9.240,50.660,323.156,0.620,-2.994,245.386,0
67407,0.395,9.240,50.660,323.156,0.608,-2.994,245.082,0
67408,0.395,9.240,50.660,323.156,0.619,-3.002,244.778,0
67409,0.395,9.240,50.693,323.156,0.611,-2.986,245.386,0
67410,0.395,9.240,50.693,323.156,0.620,-3.005,245.691,0
67411,0.395,9.240,50.725,322.894,0.616,-2.978,245.691,0
67412,0.395,9.240,50.725,323.156,0.615,-2.885,245.691,0
67413,0.395,9.240,50.758,323.156,0.620,-2.850,245.691,0
67414,0.395,9.240,50.758,323.156,0.611,-2.885,245.386,0
67415,0.395,9.240,50.791,323.419,0.621,-2.924,245.691,0
67416,0.214,9.022,50.791,323.419,0.611,-2.939,245.691,0
67417,0.214,9.022,50.791,323.681,0.620,-2.978,245.691,0
67418,0.214,9.022,50.823,323.681,0.614,-2.982,245.386,0
67419,0.214,9.022,50.791,323.681,0.619,-2.982,245.691,0
67420,0.214,9.022,50.823,323.681,0.619,-3.002,245.386,0
67421,0.214,9.022,50.823,323.681,0.613,-2.998,245.691,0
67422,0.214,9.022,50.791,323.944,0.621,-2.870,245.691,0
67423,0.214,9.022,50.791,324.206,0.609,-2.723,245.386,0
67424,0.214,9.022,50.791,324.206,0.619,-2.754,245.386,0
67425,0.214,9.022,50.758,324.206,0.611,-2.808,245.691,0
67426,0.033,9.082,50.758,324.206,0.620,-2.858,245.691,0
67427,0.033,9.082,50.725,324.206,0.613,-2.897,245.691,0
67428,0.033,9.082,50.725,324.469,0.619,-2.936,245.691,0
67429,0.033,9.082,50.693,324.469,0.611,-2.959,245.386,0
67430,0.033,9.082,50.693,324.469,0.617,-2.971,245.386,0
67431,0.033,9.082,50.660,324.469,0.614,-2.986,245.386,0
67432,0.033,9.082,50.660,324.731,0.611,-3.005,245.386,0
67433,0.033,9.082,50.660,324.731,0.619,-2.974,245.386,0
67434,0.033,9.082,50.595,324.994,0.612,-2.893,245.691,0
67435,0.033,9.082,50.595,325.256,0.616,-2.877,245.691,0
67436,0.221,9.140,50.595,325.256,0.619,-2.901,245.386,0
67437,0.221,9.140,50.563,325.519,0.611,-2.932,245.386,0
67438,0.221,9.140,50.563,325.519,0.620,-2.951,245.386,0
67439,0.221,9.140,50.563,325.519,0.615,-2.967,245.386,0
67440,0.221,9.140,50.563,325.519,0.620,-2.986,245.386,0
67441,0.221,9.140,50.563,325.781,0.611,-3.002,245.082,0
67442,0.221,9.140,50.595,325.781,0.620,-3.002,245.691,0
67443,0.221,9.140,50.595,326.044,0.611,-2.963,245.386,0
67444,0.221,9.140,50.595,326.044,0.620,-2.916,245.386,0
67445,0.221,9.140,50.595,326.044,0.615,-2.877,245.386,0
67446,0.410,9.201,50.628,326.306,0.617,-2.912,245.691,0
67447,0.410,9.201,50.628,326.306,0.620,-2.932,246.300,0
67448,0.410,9.201,50.660,326.306,0.614,-2.959,245.995,0
67449,0.410,9.201,50.660,326.569,0.621,-2.963,246.300,0
67450,0.410,9.201,50.693,326.569,0.612,-2.986,246.300,0
67451,0.410,9.201,50.725,326.306,0.621,-2.986,246.300,0
67452,0.410,9.201,50.725,326.569,0.612,-3.002,245.995,0
67453,0.410,9.201,50.725,326.569,0.621,-2.998,245.995,0
67454,0.410,9.201,50.758,326.569,0.613,-2.994,246.300,0
67455,0.410,9.201,50.758,326.832,0.617,-2.881,245.995,0
67456,0.330,9.268,50.791,327.094,0.617,-2.785,245.995,0
67457,0.330,9.268,50.791,327.094,0.613,-2.804,245.995,0
67458,0.330,9.268,50.791,327.357,0.621,-2.850,246.300,0
67459,0.330,9.268,50.791,327.094,0.609,-2.885,245.691,0
67460,0.330,9.268,50.791,327.094,0.620,-2.901,245.995,0
67461,0.330,9.268,50.791,327.357,0.611,-2.920,246.604,0
67462,0.330,9.268,50.791,327.357,0.621,-2.936,246.300,0
67463,0.330,9.268,50.791,327.357,0.615,-2.951,245.995,0
67464,0.330,9.268,50.791,327.357,0.619,-2.963,246.300,0
67465,0.330,9.268,50.758,327.094,0.617,-2.967,246.300,0
67466,0.250,9.219,50.758,327.094,0.614,-2.978,245.995,0
67467,0.250,9.219,50.758,327.357,0.622,-2.986,245.995,0
67468,0.250,9.219,50.725,327.094,0.610,-2.990,245.995,0
67469,0.250,9.219,50.725,327.357,0.621,-2.994,245.995,0
67470,0.250,9.219,50.693,327.094,0.609,-3.005,245.995,0
67471,0.250,9.219,50.693,326.832,0.619,-2.994,246.300,0
67472,0.250,9.219,50.660,326.832,0.613,-2.990,246.300,0
67473,0.250,9.219,50.660,326.832,0.619,-3.002,245.995,0
67474,0.250,9.219,50.660,326.569,0.618,-2.986,245.995,0
67475,0.250,9.219,50.628,326.569,0.613,-2.967,245.995,0
67476,0.129,9.172,50.595,326.832,0.622,-2.963,245.995,0
67477,0.129,9.172,50.595,326.832,0.611,-2.986,245.995,0
67478,0.129,9.172,50.595,326.569,0.621,-3.005,246.300,0
67479,0.129,9.172,50.595,326.306,0.612,-2.998,245.995,0
67480,0.129,9.172,50.595,326.306,0.621,-2.986,245.995,0
67481,0.129,9.172,50.563,326.306,0.616,-2.978,245.995,0
67482,0.129,9.172,50.595,326.306,0.616,-2.990,245.995,0
67483,0.129,9.172,50.595,326.306,0.620,-3.002,245.995,0
67484,0.129,9.172,50.595,326.044,0.611,-2.959,245.995,0
67485,0.129,9.172,50.595,326.044,0.620,-2.827,246.300,0
67486,0.005,8.974,50.595,326.044,0.612,-2.796,246.300,0
67487,0.005,8.974,50.628,326.044,0.620,-2.839,246.300,0
67488,0.005,8.974,50.628,325.781,0.611,-2.877,245.995,0
67489,0.005,8.974,50.660,325.781,0.619,-2.920,245.995,0
67490,0.005,8.974,50.660,325.781,0.615,-2.943,245.995,0
67491,0.005,8.974,50.693,325.519,0.613,-2.967,246.300,0
67492,0.005,8.974,50.693,325.519,0.621,-2.978,245.995,0
67493,0.005,8.974,50.693,325.519,0.612,-2.994,245.995,0
67494,0.005,8.974,50.725,325.256,0.619,-2.998,245.995,0
67495,0.005,8.974,50.758,325.256,0.609,-3.002,245.995,0
67496,0.147,8.772,50.758,325.256,0.621,-2.986,245.995,0
67497,0.147,8.772,50.758,325.256,0.611,-2.982,245.995,0
67498,0.147,8.772,50.758,324.994,0.621,-2.994,246.300,0
67499,0.147,8.772,50.791,324.994,0.615,-3.002,245.995,0
67500,0.147,8.772,50.823,324.731,0.615,-2.982,245.995,0
67501,0.147,8.772,50.791,324.731,0.619,-2.908,245.995,0
67502,0.147,8.772,50.791,324.731,0.612,-2.908,245.995,0
67503,0.147,8.772,50.791,324.469,0.621,-2.939,246.300,0
67504,0.147,8.772,50.791,324.206,0.610,-2.959,245.995,0
67505,0.147,8.772,50.791,324.206,0.621,-2.978,246.300,0
67506,0.288,8.807,50.758,323.944,0.612,-2.990,245.995,0
67507,0.288,8.807,50.758,323.944,0.620,-2.990,245.995,0
67508,0.288,8.807,50.758,323.944,0.614,-2.998,245.995,0
67509,0.288,8.807,50.725,323.681,0.616,-2.998,245.691,0
67510,0.288,8.807,50.725,323.681,0.616,-2.994,245.082,0
67511,0.288,8.807,50.693,323.419,0.610,-2.994,245.082,0
67512,0.288,8.807,50.693,323.419,0.618,-2.998,244.778,0
67513,0.288,8.807,50.693,323.419,0.609,-2.994,245.082,0
67514,0.288,8.807,50.660,323.156,0.619,-2.998,245.082,0
67515,0.288,8.807,50.660,323.156,0.612,-2.994,245.082,0
67516,0.301,8.844,50.628,323.156,0.614,-2.990,245.082,0
67517,0.301,8.844,50.628,322.894,0.620,-2.998,245.386,0
67518,0.301,8.844,50.628,322.894,0.610,-2.998,245.386,0
67519,0.301,8.844,50.595,322.631,0.619,-2.971,245.386,0
67520,0.301,8.844,50.595,322.631,0.610,-2.971,245.386,0
67521,0.301,8.844,50.595,322.369,0.619,-2.978,245.082,0
67522,0.301,8.844,50.595,322.369,0.617,-2.990,245.082,0
67523,0.301,8.844,50.595,322.369,0.613,-3.002,245.082,0
67524,0.301,8.844,50.595,322.106,0.620,-2.982,245.082,0
67525,0.301,8.844,50.595,322.106,0.609,-2.936,245.082,0
67526,0.314,9.028,50.595,321.844,0.619,-2.943,245.386,0
67527,0.314,9.028,50.595,321.844,0.611,-2.963,245.386,0
67528,0.314,9.028,50.628,321.844,0.621,-2.986,245.386,0
67529,0.314,9.028,50.628,321.844,0.615,-2.990,245.082,0
67530,0.314,9.028,50.628,321.844,0.615,-3.005,245.386,0
67531,0.314,9.028,50.660,321.581,0.620,-2.986,245.691,0
67532,0.314,9.028,50.693,321.581,0.611,-2.986,245.386,0
67533,0.314,9.028,50.693,321.581,0.620,-3.002,245.691,0
67534,0.314,9.028,50.725,321.581,0.612,-2.990,245.691,0
67535,0.314,9.028,50.725,321.319,0.620,-2.889,245.691,0
67536,0.270,9.212,50.758,321.581,0.613,-2.870,245.691,0
67537,0.270,9.212,50.758,321.581,0.619,-2.908,245.691,0
67538,0.270,9.212,50.791,321.581,0.619,-2.936,245.691,0
67539,0.270,9.212,50.791,321.581,0.615,-2.959,245.691,0
67540,0.270,9.212,50.791,321.581,0.622,-2.990,245.691,0
67541,0.270,9.212,50.791,321.581,0.613,-2.998,245.691,0
67542,0.270,9.212,50.823,321.581,0.621,-2.998,245.691,0
67543,0.270,9.212,50.823,321.844,0.612,-2.971,245.995,0
67544,0.270,9.212,50.823,321.844,0.623,-2.947,245.995,0
67545,0.270,9.212,50.791,321.844,0.619,-2.971,245.995,0
67546,0.226,9.256,50.791,321.844,0.617,-2.986,245.995,0
67547,0.226,9.256,50.791,322.106,0.621,-3.002,245.995,0
67548,0.226,9.256,50.758,321.844,0.614,-2.990,245.995,0
67549,0.226,9.256,50.758,322.106,0.621,-2.951,245.995,0
67550,0.226,9.256,50.758,322.106,0.613,-2.955,245.995,0
67551,0.226,9.256,50.725,322.106,0.623,-2.971,245.691,0
67552,0.226,9.256,50.725,322.106,0.615,-2.998,245.995,0
67553,0.226,9.256,50.725,322.106,0.620,-2.990,245.691,0
67554,0.226,9.256,50.693,322.369,0.620,-2.936,245.386,0
67555,0.226,9.256,50.660,322.106,0.614,-2.912,245.691,0
67556,0.176,9.300,50.660,322.369,0.623,-2.924,245.995,0
67557,0.176,9.300,50.628,322.631,0.612,-2.947,245.691,0
67558,0.176,9.300,50.628,322.631,0.623,-2.986,245.995,0
67559,0.176,9.300,50.595,322.631,0.614,-2.998,245.995,0
67560,0.176,9.300,50.595,322.631,0.619,-2.994,245.691,0
67561,0.176,9.300,50.595,322.631,0.620,-3.002,245.691,0
67562,0.176,9.300,50.595,322.631,0.614,-2.994,245.691,0
67563,0.176,9.300,50.563,322.894,0.622,-2.924,245.691,0
67564,0.176,9.300,50.595,322.894,0.610,-2.874,245.386,0
67565,0.176,9.300,50.563,322.894,0.621,-2.901,245.691,0
67566,0.126,9.384,50.595,322.894,0.613,-2.936,245.691,0
67567,0.126,9.384,50.595,323.156,0.621,-2.955,245.386,0
67568,0.126,9.384,50.595,323.156,0.611,-2.967,245.386,0
67569,0.126,9.384,50.595,323.419,0.620,-2.982,245.386,0
67570,0.126,9.384,50.628,323.419,0.613,-2.986,245.386,0
67571,0.126,9.384,50.628,323.419,0.616,-2.986,245.386,0
67572,0.126,9.384,50.660,323.419,0.619,-2.990,245.386,0
67573,0.126,9.384,50.660,323.419,0.613,-3.002,245.691,0
67574,0.126,9.384,50.693,323.681,0.619,-2.994,245.691,0
67575,0.126,9.384,50.693,323.681,0.616,-2.990,245.386,0
67576,0.234,9.466,50.725,323.681,0.613,-2.974,245.691,0
67577,0.234,9.466,50.758,323.944,0.622,-2.994,245.691,0
67578,0.234,9.466,50.758,323.681,0.610,-3.002,245.691,0
67579,0.234,9.466,50.758,323.944,0.621,-2.920,245.691,0
67580,0.234,9.466,50.758,323.944,0.614,-2.843,245.691,0
67581,0.234,9.466,50.791,323.944,0.621,-2.843,245.691,0
67582,0.234,9.466,50.791,323.944,0.613,-2.885,245.386,0
67583,0.234,9.466,50.791,324.206,0.620,-2.920,245.691,0
67584,0.234,9.466,50.791,324.206,0.611,-2.939,245.691,0
67585,0.234,9.466,50.791,324.206,0.621,-2.963,245.691,0
67586,0.340,9.197,50.791,324.206,0.613,-2.986,245.691,0
67587,0.340,9.197,50.791,324.206,0.617,-2.986,245.691,0
67588,0.340,9.197,50.791,324.469,0.619,-2.986,245.691,0
67589,0.340,9.197,50.791,324.469,0.613,-3.005,245.691,0
67590,0.340,9.197,50.791,324.469,0.621,-2.920,245.691,0
67591,0.340,9.197,50.758,324.731,0.611,-2.819,245.691,0
67592,0.340,9.197,50.758,324.731,0.620,-2.823,245.691,0
67593,0.340,9.197,50.725,324.731,0.611,-2.870,245.691,0
67594,0.340,9.197,50.725,324.994,0.620,-2.905,245.691,0
67595,0.340,9.197,50.693,324.731,0.616,-2.939,245.386,0
67596,0.246,8.929,50.693,324.994,0.615,-2.955,245.082,0
67597,0.246,8.929,50.660,325.256,0.620,-2.978,245.386,0
67598,0.246,8.929,50.660,325.519,0.610,-2.994,245.691,0
67599,0.246,8.929,50.628,325.519,0.619,-2.998,245.995,0
67600,0.246,8.929,50.628,325.519,0.612,-2.967,245.691,0
67601,0.246,8.929,50.595,325.519,0.622,-2.908,245.691,0
67602,0.246,8.929,50.595,325.781,0.616,-2.924,245.691,0
67603,0.246,8.929,50.595,326.044,0.614,-2.939,245.386,0
67604,0.246,8.929,50.595,326.044,0.621,-2.971,245.691,0
67605,0.246,8.929,50.563,326.044,0.611,-2.986,245.386,0
67606,0.151,9.118,50.563,326.306,0.621,-2.998,245.691,0
67607,0.151,9.118,50.595,326.044,0.611,-2.990,245.995,0
67608,0.151,9.118,50.595,326.569,0.623,-2.939,246.300,0
67609,0.151,9.118,50.595,326.569,0.615,-2.877,245.995,0
67610,0.151,9.118,50.595,326.569,0.619,-2.897,245.995,0
67611,0.151,9.118,50.595,326.569,0.616,-2.916,245.995,0
67612,0.151,9.118,50.628,326.569,0.613,-2.943,245.995,0
67613,0.151,9.118,50.628,326.569,0.622,-2.955,245.995,0
67614,0.151,9.118,50.660,326.832,0.612,-2.967,245.691,0
67615,0.151,9.118,50.693,326.832,0.623,-2.974,245.995,0
67616,0.196,9.303,50.693,326.832,0.611,-2.986,245.995,0
67617,0.196,9.303,50.725,327.094,0.621,-2.994,245.995,0
67618,0.196,9.303,50.725,327.094,0.613,-3.002,246.300,0
67619,0.196,9.303,50.758,327.094,0.618,-2.994,246.300,0
67620,0.196,9.303,50.758,327.094,0.615,-2.963,246.300,0
67621,0.196,9.303,50.758,327.094,0.616,-2.932,246.300,0
67622,0.196,9.303,50.791,327.357,0.622,-2.947,245.995,0
67623,0.196,9.303,50.791,327.357,0.614,-2.974,246.300,0
67624,0.196,9.303,50.791,327.357,0.623,-2.978,246.300,0
67625,0.196,9.303,50.791,327.357,0.615,-2.990,246.300,0
67626,0.240,9.175,50.791,327.357,0.623,-3.002,246.300,0
67627,0.240,9.175,50.791,327.357,0.616,-2.982,246.300,0
67628,0.240,9.175,50.791,327.357,0.620,-2.978,245.995,0
67629,0.240,9.175,50.791,327.357,0.619,-2.974,246.300,0
67630,0.240,9.175,50.791,327.357,0.618,-2.994,246.604,0
67631,0.240,9.175,50.758,327.357,0.621,-2.998,246.604,0
67632,0.240,9.175,50.758,327.094,0.615,-2.990,246.300,0
67633,0.240,9.175,50.758,326.832,0.623,-2.947,246.300,0
67634,0.240,9.175,50.758,327.094,0.613,-2.928,245.995,0
67635,0.240,9.175,50.725,326.832,0.624,-2.947,246.604,0
67636,0.290,9.046,50.693,326.832,0.615,-2.967,246.300,0
67637,0.290,9.046,50.693,326.832,0.624,-2.978,246.604,0
67638,0.290,9.046,50.660,326.832,0.621,-2.994,246.300,0
67639,0.290,9.046,50.660,326.832,0.618,-2.998,246.300,0
67640,0.290,9.046,50.628,326.569,0.625,-3.005,246.604,0
67641,0.290,9.046,50.628,326.306,0.616,-2.974,246.604,0
67642,0.290,9.046,50.595,326.306,0.624,-2.916,246.300,0
67643,0.290,9.046,50.595,326.306,0.615,-2.939,246.604,0
67644,0.290,9.046,50.595,326.306,0.624,-2.955,246.604,0
67645,0.290,9.046,50.595,326.044,0.616,-2.974,246.604,0
67646,0.342,9.288,50.563,325.781,0.621,-2.990,246.300,0
67647,0.342,9.288,50.563,325.781,0.622,-2.998,245.995,0
67648,0.342,9.288,50.595,325.781,0.615,-2.998,246.300,0
67649,0.342,9.288,50.563,325.781,0.621,-2.990,245.995,0
67650,0.342,9.288,50.563,325.519,0.615,-2.990,246.300,0
67651,0.342,9.288,50.595,325.519,0.623,-2.994,246.300,0
67652,0.342,9.288,50.595,325.256,0.616,-2.986,246.300,0
67653,0.342,9.288,50.595,325.256,0.621,-2.974,246.300,0
67654,0.342,9.288,50.628,325.256,0.620,-2.990,246.300,0
67655,0.342,9.288,50.660,324.994,0.616,-3.002,246.604,0
67656,0.322,9.531,50.660,324.731,0.623,-2.974,246.300,0
67657,0.322,9.531,50.693,324.994,0.616,-2.858,246.300,0
67658,0.322,9.531,50.693,324.994,0.624,-2.858,246.604,0
67659,0.322,9.531,50.725,324.994,0.615,-2.897,246.604,0
67660,0.322,9.531,50.758,324.731,0.625,-2.932,246.604,0
67661,0.322,9.531,50.758,324.731,0.617,-2.959,246.604,0
67662,0.322,9.531,50.791,324.469,0.624,-2.978,246.604,0
67663,0.322,9.531,50.791,324.469,0.620,-2.990,246.604,0
67664,0.322,9.531,50.791,324.469,0.620,-2.994,246.604,0
67665,0.322,9.531,50.823,324.206,0.621,-2.998,246.604,0
67666,0.304,9.407,50.823,324.206,0.614,-2.978,246.604,0
67667,0.304,9.407,50.823,323.944,0.624,-2.971,246.300,0
67668,0.304,9.407,50.823,323.944,0.614,-2.982,246.604,0
67669,0.304,9.407,50.791,323.681,0.624,-2.994,246.604,0
67670,0.304,9.407,50.791,323.681,0.612,-3.002,245.995,0
67671,0.304,9.407,50.823,323.419,0.621,-2.986,245.691,0
67672,0.304,9.407,50.791,323.419,0.613,-2.920,245.386,0
67673,0.304,9.407,50.758,323.156,0.617,-2.881,245.386,0
67674,0.304,9.407,50.758,322.894,0.618,-2.901,245.386,0
67675,0.304,9.407,50.758,322.894,0.615,-2.920,245.386,0
67676,0.208,9.284,50.725,322.894,0.620,-2.951,245.691,0
67677,0.208,9.284,50.693,322.894,0.610,-2.959,245.691,0
67678,0.208,9.284,50.693,322.894,0.620,-2.978,245.691,0
67679,0.208,9.284,50.660,322.631,0.611,-2.990,245.691,0
67680,0.208,9.284,50.660,322.631,0.620,-2.994,245.386,0
67681,0.208,9.284,50.660,322.631,0.617,-2.994,245.691,0
67682,0.208,9.284,50.628,322.369,0.613,-3.002,245.691,0
67683,0.208,9.284,50.628,322.369,0.620,-2.928,245.691,0
67684,0.208,9.284,50.628,322.369,0.611,-2.850,245.386,0
67685,0.208,9.284,50.595,322.369,0.619,-2.866,245.386,0
67686,0.113,9.159,50.595,322.106,0.611,-2.897,245.386,0
67687,0.113,9.159,50.595,322.106,0.620,-2.920,245.386,0
67688,0.113,9.159,50.595,322.106,0.616,-2.939,245.386,0
67689,0.113,9.159,50.595,322.106,0.615,-2.947,245.386,0
67690,0.113,9.159,50.595,321.844,0.620,-2.963,245.386,0
67691,0.113,9.159,50.595,322.106,0.612,-2.971,245.691,0
67692,0.113,9.159,50.595,321.844,0.620,-2.986,245.386,0
67693,0.113,9.159,50.595,321.844,0.613,-2.994,245.691,0
67694,0.113,9.159,50.628,321.844,0.620,-2.998,245.691,0
67695,0.113,9.159,50.628,321.581,0.616,-2.994,245.691,0
67696,0.054,9.034,50.660,321.581,0.617,-2.963,245.691,0
67697,0.054,9.034,50.660,321.581,0.621,-2.932,245.691,0
67698,0.054,9.034,50.693,321.844,0.613,-2.951,245.995,0
67699,0.054,9.034,50.693,321.844,0.619,-2.959,245.691,0
67700,0.054,9.034,50.725,321.844,0.611,-2.990,245.691,0
67701,0.054,9.034,50.758,321.581,0.621,-3.002,245.691,0
67702,0.054,9.034,50.758,321.581,0.614,-2.982,245.691,0
67703,0.054,9.034,50.758,321.844,0.618,-2.858,245.691,0
67704,0.054,9.034,50.791,321.844,0.619,-2.796,245.691,0
67705,0.054,9.034,50.791,321.844,0.612,-2.835,245.691,0
67706,-0.007,9.156,50.791,321.844,0.620,-2.870,245.691,0
67707,-0.007,9.156,50.791,321.844,0.617,-2.912,245.691,0
67708,-0.007,9.156,50.823,321.581,0.619,-2.936,245.386,0
67709,-0.007,9.156,50.823,321.844,0.610,-2.951,245.386,0
67710,-0.007,9.156,50.791,321.844,0.620,-2.971,245.386,0
67711,-0.007,9.156,50.791,322.106,0.610,-2.986,245.386,0
67712,-0.007,9.156,50.791,322.106,0.620,-2.998,245.995,0
67713,-0.007,9.156,50.791,322.106,0.613,-2.998,245.691,0
67714,-0.007,9.156,50.758,322.106,0.620,-2.986,245.386,0
67715,-0.007,9.156,50.758,322.106,0.617,-3.002,245.691,0
67716,0.162,9.278,50.758,322.369,0.609,-2.994,245.386,0
67717,0.162,9.278,50.725,322.369,0.620,-2.994,245.082,0
67718,0.162,9.278,50.725,322.369,0.610,-2.994,245.386,0
67719,0.162,9.278,50.693,322.631,0.619,-2.998,245.691,0
67720,0.162,9.278,50.693,322.631,0.611,-3.002,245.386,0
67721,0.162,9.278,50.660,322.631,0.618,-2.908,245.386,0
67722,0.162,9.278,50.660,322.631,0.614,-2.839,245.386,0
67723,0.162,9.278,50.628,322.894,0.616,-2.862,245.386,0
67724,0.162,9.278,50.595,323.156,0.619,-2.893,245.082,0
67725,0.162,9.278,50.595,322.894,0.611,-2.924,245.386,0
67726,0.331,9.365,50.595,323.156,0.619,-2.939,245.386,0
67727,0.331,9.365,50.595,323.156,0.612,-2.955,245.691,0
67728,0.331,9.365,50.563,323.156,0.619,-2.971,245.386,0
67729,0.331,9.365,50.563,323.156,0.619,-2.982,245.386,0
67730,0.331,9.365,50.563,323.419,0.614,-2.986,245.386,0
67731,0.331,9.365,50.595,323.419,0.621,-2.990,245.386,0
67732,0.331,9.365,50.595,323.419,0.611,-2.998,245.691,0
67733,0.331,9.365,50.595,323.419,0.620,-3.002,245.995,0
67734,0.331,9.365,50.628,323.419,0.616,-2.982,246.300,0
67735,0.331,9.365,50.595,323.681,0.618,-2.928,245.995,0
67736,0.358,9.454,50.628,323.681,0.622,-2.928,245.995,0
67737,0.358,9.454,50.628,323.681,0.615,-2.943,245.995,0
67738,0.358,9.454,50.660,323.944,0.624,-2.971,245.691,0
67739,0.358,9.454,50.660,324.206,0.616,-2.974,245.995,0
67740,0.358,9.454,50.693,324.206,0.624,-2.986,246.604,0
67741,0.358,9.454,50.693,324.206,0.623,-2.986,246.300,0
67742,0.358,9.454,50.725,324.206,0.619,-2.994,245.995,0
67743,0.358,9.454,50.758,324.469,0.625,-3.002,245.995,0
67744,0.358,9.454,50.758,324.469,0.615,-2.994,245.995,0
67745,0.358,9.454,50.758,324.469,0.623,-2.936,246.300,0
67746,0.386,9.324,50.791,324.731,0.618,-2.893,246.300,0
67747,0.386,9.324,50.791,324.731,0.621,-2.912,246.300,0
67748,0.386,9.324,50.791,324.469,0.621,-2.936,246.300,0
67749,0.386,9.324,50.791,324.731,0.615,-2.959,246.300,0
67750,0.386,9.324,50.791,324.731,0.624,-2.974,245.995,0
67751,0.386,9.324,50.791,324.731,0.612,-2.990,245.995,0
67752,0.386,9.324,50.791,324.994,0.622,-3.002,245.995,0
67753,0.386,9.324,50.791,324.994,0.615,-2.994,245.995,0
67754,0.386,9.324,50.791,324.731,0.619,-3.005,245.995,0
67755,0.386,9.324,50.791,324.994,0.619,-2.963,245.691,0
67756,0.358,9.194,50.758,324.994,0.616,-2.974,245.995,0
67757,0.358,9.194,50.758,325.256,0.622,-2.982,245.995,0
67758,0.358,9.194,50.725,325.256,0.613,-2.986,245.995,0
67759,0.358,9.194,50.725,325.519,0.622,-2.990,246.300,0
67760,0.358,9.194,50.693,325.519,0.615,-2.974,245.995,0
67761,0.358,9.194,50.693,325.781,0.624,-2.939,245.691,0
67762,0.358,9.194,50.660,325.519,0.619,-2.959,245.691,0
67763,0.358,9.194,50.660,325.781,0.617,-2.978,245.995,0
67764,0.358,9.194,50.628,325.781,0.624,-2.994,245.995,0
67765,0.358,9.194,50.628,325.781,0.615,-2.971,245.995,0
67766,0.330,9.212,50.628,326.044,0.626,-2.943,245.995,0
67767,0.330,9.212,50.595,326.044,0.613,-2.858,245.995,0
67768,0.330,9.212,50.595,326.306,0.624,-2.881,246.300,0
67769,0.330,9.212,50.563,326.306,0.618,-2.920,246.909,0
67770,0.330,9.212,50.595,326.569,0.622,-2.955,246.604,0
67771,0.330,9.212,50.563,326.569,0.622,-2.974,246.604,0
67772,0.330,9.212,50.563,326.832,0.617,-2.986,246.909,0
67773,0.330,9.212,50.563,326.569,0.624,-3.002,246.604,0
67774,0.330,9.212,50.595,326.569,0.615,-2.971,246.604,0
67775,0.330,9.212,50.595,326.832,0.625,-2.901,246.604,0
67776,0.145,9.229,50.595,327.094,0.613,-2.816,246.604,0
67777,0.145,9.229,50.595,327.094,0.624,-2.847,246.604,0
67778,0.145,9.229,50.628,327.094,0.617,-2.881,246.604,0
67779,0.145,9.229,50.660,327.357,0.624,-2.908,246.604,0
67780,0.145,9.229,50.660,327.357,0.621,-2.932,246.604,0
67781,0.145,9.229,50.660,327.357,0.619,-2.951,246.909,0
67782,0.145,9.229,50.693,327.357,0.625,-2.963,246.909,0
67783,0.145,9.229,50.725,327.357,0.615,-2.974,246.909,0
67784,0.145,9.229,50.725,327.357,0.624,-2.986,246.909,0
67785,0.145,9.229,50.758,327.619,0.613,-2.990,246.909,0
67786,-0.039,9.176,50.758,327.357,0.625,-2.998,246.909,0
67787,-0.039,9.176,50.791,327.357,0.617,-2.994,246.909,0
67788,-0.039,9.176,50.791,327.357,0.622,-2.982,246.909,0
67789,-0.039,9.176,50.791,327.619,0.622,-2.982,246.604,0
67790,-0.039,9.176,50.791,327.357,0.617,-2.986,246.909,0
67791,-0.039,9.176,50.791,327.357,0.624,-2.994,246.909,0
67792,-0.039,9.176,50.823,327.357,0.615,-2.994,246.604,0
67793,-0.039,9.176,50.791,327.357,0.625,-2.967,246.909,0
67794,-0.039,9.176,50.791,327.357,0.613,-2.947,246.909,0
67795,-0.039,9.176,50.791,327.357,0.624,-2.955,246.909,0
67796,-0.062,9.121,50.791,327.357,0.618,-2.974,246.604,0
67797,-0.062,9.121,50.758,327.094,0.621,-2.986,246.604,0
67798,-0.062,9.121,50.758,327.094,0.623,-2.994,246.909,0
67799,-0.062,9.121,50.758,327.357,0.617,-2.998,246.909,0
67800,-0.062,9.121,50.725,327.094,0.624,-2.998,247.213,0
67801,-0.062,9.121,50.725,327.094,0.615,-3.002,246.909,0
67802,-0.062,9.121,50.725,326.832,0.622,-2.955,246.909,0
67803,-0.062,9.121,50.693,326.832,0.616,-2.877,246.909,0
67804,-0.062,9.121,50.660,326.832,0.623,-2.874,246.604,0
67805,-0.062,9.121,50.660,326.832,0.616,-2.905,246.604,0
67806,-0.083,9.309,50.628,326.569,0.620,-2.932,246.909,0
67807,-0.083,9.309,50.628,326.306,0.619,-2.955,246.909,0
67808,-0.083,9.309,50.595,326.306,0.615,-2.967,246.604,0
67809,-0.083,9.309,50.628,326.306,0.621,-2.982,246.604,0
67810,-0.083,9.309,50.595,326.044,0.615,-2.986,246.604,0
67811,-0.083,9.309,50.595,326.044,0.624,-3.005,246.604,0
67812,-0.083,9.309,50.595,325.781,0.614,-2.978,246.604,0
67813,-0.083,9.309,50.563,325.781,0.622,-2.939,246.300,0
67814,-0.083,9.309,50.595,325.519,0.615,-2.936,246.300,0
67815,-0.083,9.309,50.563,325.256,0.621,-2.955,246.300,0
67816,0.209,9.494,50.595,325.256,0.618,-2.974,246.300,0
67817,0.209,9.494,50.595,325.256,0.619,-2.998,246.604,0
67818,0.209,9.494,50.595,325.256,0.622,-3.002,246.604,0
67819,0.209,9.494,50.628,324.994,0.614,-2.990,246.604,0
67820,0.209,9.494,50.628,325.256,0.623,-2.924,246.604,0
67821,0.209,9.494,50.660,324.994,0.613,-2.912,246.604,0
67822,0.209,9.494,50.660,324.731,0.623,-2.943,246.604,0
67823,0.209,9.494,50.693,324.731,0.614,-2.967,246.300,0
67824,0.209,9.494,50.693,324.731,0.624,-2.986,246.604,0
67825,0.209,9.494,50.725,324.731,0.617,-3.005,246.909,0
67826,0.502,9.234,50.758,324.469,0.622,-3.002,246.604,0
67827,0.502,9.234,50.758,324.206,0.619,-2.974,246.909,0
67828,0.502,9.234,50.758,324.206,0.618,-2.920,246.604,0
67829,0.502,9.234,50.791,323.944,0.620,-2.916,246.604,0
67830,0.502,9.234,50.791,323.944,0.616,-2.936,246.604,0
67831,0.502,9.234,50.791,323.944,0.623,-2.974,246.604,0
67832,0.502,9.234,50.823,323.944,0.615,-2.982,246.604,0
67833,0.502,9.234,50.823,323.681,0.624,-2.998,246.604,0
67834,0.502,9.234,50.823,323.419,0.612,-2.998,245.995,0
67835,0.502,9.234,50.823,323.419,0.623,-2.986,245.995,0
67836,0.301,8.978,50.791,323.419,0.615,-2.978,245.995,0
67837,0.301,8.978,50.823,323.156,0.619,-2.971,245.995,0
67838,0.301,8.978,50.791,323.156,0.622,-2.982,245.995,0
67839,0.301,8.978,50.791,323.156,0.613,-2.994,246.300,0
67840,0.301,8.978,50.791,322.894,0.622,-2.998,246.300,0
67841,0.301,8.978,50.758,322.894,0.614,-2.990,245.995,0
67842,0.301,8.978,50.725,322.631,0.623,-2.959,245.995,0
67843,0.301,8.978,50.725,322.631,0.619,-2.963,245.995,0
67844,0.301,8.978,50.693,322.631,0.616,-2.982,245.995,0
67845,0.301,8.978,50.693,322.631,0.624,-2.990,245.995,0
67846,0.100,9.037,50.693,322.369,0.615,-3.002,245.691,0
67847,0.100,9.037,50.660,322.369,0.619,-2.971,245.386,0
67848,0.100,9.037,50.628,322.106,0.612,-2.932,245.691,0
67849,0.100,9.037,50.628,322.106,0.622,-2.924,245.691,0
67850,0.100,9.037,50.595,322.106,0.610,-2.951,245.995,0
67851,0.100,9.037,50.595,322.106,0.620,-2.959,245.995,0
67852,0.100,9.037,50.595,322.106,0.616,-2.967,245.691,0
67853,0.100,9.037,50.595,322.106,0.616,-2.982,245.691,0
67854,0.100,9.037,50.595,321.844,0.618,-2.986,245.691,0
67855,0.100,9.037,50.595,321.844,0.612,-2.998,245.691,0
67856,0.098,9.094,50.595,321.844,0.620,-2.998,245.691,0
67857,0.098,9.094,50.595,321.844,0.611,-2.994,245.691,0
67858,0.098,9.094,50.595,321.844,0.621,-2.990,245.995,0
67859,0.098,9.094,50.595,321.844,0.616,-2.959,245.691,0
67860,0.098,9.094,50.595,321.844,0.618,-2.967,245.691,0
67861,0.098,9.094,50.628,321.844,0.621,-2.974,245.691,0
67862,0.098,9.094,50.628,321.844,0.614,-2.994,245.995,0
67863,0.098,9.094,50.660,321.844,0.621,-3.002,245.691,0
67864,0.098,9.094,50.693,321.581,0.613,-2.994,246.300,0
67865,0.098,9.094,50.693,321.844,0.623,-2.905,245.995,0
67866,0.097,9.094,50.693,321.844,0.616,-2.877,245.691,0
67867,0.097,9.094,50.725,321.844,0.620,-2.901,245.691,0
67868,0.097,9.094,50.725,321.581,0.621,-2.932,245.995,0
67869,0.097,9.094,50.758,321.581,0.615,-2.955,246.300,0
67870,0.097,9.094,50.758,321.844,0.623,-2.971,246.300,0
67871,0.097,9.094,50.791,321.844,0.613,-2.982,246.300,0
67872,0.097,9.094,50.791,321.844,0.623,-3.002,245.995,0
67873,0.097,9.094,50.791,321.844,0.616,-2.998,246.300,0
67874,0.097,9.094,50.791,321.581,0.622,-2.990,245.995,0
67875,0.097,9.094,50.791,321.581,0.619,-2.998,245.691,0
67876,0.135,9.093,50.791,321.844,0.615,-2.998,246.300,0
67877,0.135,9.093,50.823,321.844,0.626,-3.002,246.300,0
67878,0.135,9.093,50.823,321.844,0.616,-2.932,246.300,0
67879,0.135,9.093,50.791,322.106,0.623,-2.889,246.300,0
67880,0.135,9.093,50.758,322.106,0.615,-2.901,245.995,0
67881,0.135,9.093,50.758,322.369,0.625,-2.932,245.995,0
67882,0.135,9.093,50.758,322.369,0.621,-2.963,245.995,0
67883,0.135,9.093,50.758,322.106,0.620,-2.982,246.300,0
67884,0.135,9.093,50.725,322.369,0.624,-2.998,246.909,0
67885,0.135,9.093,50.725,322.631,0.615,-2.994,246.300,0
67886,0.174,8.899,50.693,322.631,0.624,-2.998,246.300,0
67887,0.174,8.899,50.693,322.894,0.616,-2.982,246.300,0
67888,0.174,8.899,50.660,322.894,0.622,-2.974,246.300,0
67889,0.174,8.899,50.628,322.894,0.621,-2.982,245.995,0
67890,0.174,8.899,50.628,322.894,0.615,-3.002,245.995,0
67891,0.174,8.899,50.628,323.156,0.620,-2.994,245.995,0
67892,0.174,8.899,50.628,322.894,0.612,-2.986,245.691,0
67893,0.174,8.899,50.595,323.156,0.621,-2.951,245.995,0
67894,0.174,8.899,50.595,323.156,0.619,-2.943,245.995,0
67895,0.174,8.899,50.563,323.156,0.619,-2.959,246.300,0
67896,0.205,8.704,50.563,323.419,0.621,-2.978,245.995,0
67897,0.205,8.704,50.563,323.419,0.614,-2.994,246.300,0
67898,0.205,8.704,50.563,323.419,0.621,-3.002,246.300,0
67899,0.205,8.704,50.595,323.419,0.616,-2.990,246.300,0
67900,0.205,8.704,50.595,323.681,0.624,-2.978,246.300,0
67901,0.205,8.704,50.595,323.944,0.621,-2.955,245.995,0
67902,0.205,8.704,50.595,323.944,0.618,-2.971,246.300,0
67903,0.205,8.704,50.628,323.944,0.625,-2.986,246.300,0
67904,0.205,8.704,50.628,323.944,0.616,-2.994,246.300,0
67905,0.205,8.704,50.660,324.206,0.625,-3.002,246.300,0
67906,0.235,9.087,50.693,324.206,0.619,-2.998,246.300,0
67907,0.235,9.087,50.693,324.469,0.620,-2.971,246.300,0
67908,0.235,9.087,50.693,324.469,0.624,-2.924,246.300,0
67909,0.235,9.087,50.725,324.469,0.617,-2.928,246.300,0
67910,0.235,9.087,50.725,324.469,0.624,-2.947,246.604,0
67911,0.235,9.087,50.758,324.731,0.616,-2.967,246.300,0
67912,0.235,9.087,50.758,324.731,0.624,-2.974,246.300,0
67913,0.235,9.087,50.791,324.731,0.622,-2.986,246.300,0
67914,0.235,9.087,50.791,324.731,0.619,-2.994,246.604,0
67915,0.235,9.087,50.791,324.731,0.623,-3.002,246.300,0
67916,0.351,9.469,50.823,324.731,0.615,-2.998,246.300,0
67917,0.351,9.469,50.791,324.994,0.623,-2.978,246.300,0
67918,0.351,9.469,50.791,324.994,0.614,-2.955,246.300,0
67919,0.351,9.469,50.823,324.994,0.627,-2.971,246.300,0
67920,0.351,9.469,50.791,325.256,0.617,-2.986,246.300,0
67921,0.351,9.469,50.791,325.256,0.620,-2.998,246.300,0
67922,0.351,9.469,50.791,325.256,0.622,-2.998,246.604,0
67923,0.351,9.469,50.758,325.256,0.617,-2.974,246.604,0
67924,0.351,9.469,50.758,325.256,0.623,-2.963,246.604,0
67925,0.351,9.469,50.758,325.519,0.613,-2.982,246.604,0
67926,0.467,9.446,50.725,325.781,0.624,-2.998,246.300,0
67927,0.467,9.446,50.725,325.781,0.615,-2.994,246.300,0
67928,0.467,9.446,50.693,325.781,0.622,-3.002,246.300,0
67929,0.467,9.446,50.693,325.781,0.619,-2.994,245.995,0
67930,0.467,9.446,50.660,325.781,0.613,-3.002,245.691,0
67931,0.467,9.446,50.660,326.044,0.623,-2.986,245.691,0
67932,0.467,9.446,50.628,326.044,0.609,-2.963,245.691,0
67933,0.467,9.446,50.628,326.306,0.623,-2.971,245.995,0
67934,0.467,9.446,50.628,326.306,0.615,-2.994,246.909,0
67935,0.467,9.446,50.595,326.306,0.622,-2.998,246.909,0
67936,0.377,9.425,50.595,326.306,0.619,-2.990,246.604,0
67937,0.377,9.425,50.595,326.569,0.621,-2.982,246.604,0
67938,0.377,9.425,50.563,326.569,0.620,-2.994,246.909,0
67939,0.377,9.425,50.595,326.832,0.615,-2.998,246.604,0
67940,0.377,9.425,50.595,326.832,0.624,-3.002,246.604,0
67941,0.377,9.425,50.595,327.094,0.615,-2.978,246.604,0
67942,0.377,9.425,50.595,327.094,0.623,-2.971,246.604,0
67943,0.377,9.425,50.595,327.094,0.615,-2.986,246.909,0
67944,0.377,9.425,50.628,327.094,0.625,-2.998,246.909,0
67945,0.377,9.425,50.628,327.357,0.619,-2.990,246.604,0
67946,0.285,9.446,50.628,327.357,0.619,-2.955,246.909,0
67947,0.285,9.446,50.628,327.357,0.623,-2.912,246.909,0
67948,0.285,9.446,50.660,327.357,0.615,-2.932,246.604,0
67949,0.285,9.446,50.693,327.357,0.626,-2.955,246.604,0
67950,0.285,9.446,50.693,327.357,0.615,-2.971,246.909,0
67951,0.285,9.446,50.725,327.357,0.624,-2.986,246.909,0
67952,0.285,9.446,50.758,327.619,0.616,-2.994,246.909,0
67953,0.285,9.446,50.758,327.357,0.623,-3.002,246.909,0
67954,0.285,9.446,50.758,327.357,0.619,-2.982,246.909,0
67955,0.285,9.446,50.791,327.357,0.618,-2.932,246.909,0
67956,0.293,9.465,50.791,327.357,0.624,-2.932,246.909,0
67957,0.293,9.465,50.791,327.357,0.615,-2.959,246.909,0
67958,0.293,9.465,50.791,327.357,0.624,-2.978,246.909,0
67959,0.293,9.465,50.823,327.357,0.615,-2.978,246.909,0
67960,0.293,9.465,50.791,327.357,0.624,-2.994,246.909,0
67961,0.293,9.465,50.791,327.357,0.617,-3.002,246.909,0
67962,0.293,9.465,50.791,327.357,0.620,-2.990,246.604,0
67963,0.293,9.465,50.758,327.357,0.621,-2.990,246.909,0
67964,0.293,9.465,50.758,327.094,0.616,-2.986,246.909,0
67965,0.293,9.465,50.758,327.094,0.623,-2.990,246.909,0
67966,0.301,9.366,50.725,327.094,0.614,-2.986,246.909,0
67967,0.301,9.366,50.725,327.094,0.624,-3.002,246.604,0
67968,0.301,9.366,50.725,326.832,0.612,-2.998,246.604,0
67969,0.301,9.366,50.693,326.832,0.622,-2.986,246.604,0
67970,0.301,9.366,50.693,326.832,0.615,-2.986,246.604,0
67971,0.301,9.366,50.660,326.569,0.624,-2.978,246.604,0
67972,0.301,9.366,50.660,326.569,0.617,-2.994,246.300,0
67973,0.301,9.366,50.628,326.306,0.620,-3.002,246.300,0
67974,0.301,9.366,50.628,326.306,0.620,-2.990,246.604,0
67975,0.301,9.366,50.628,326.044,0.616,-2.932,246.604,0
67976,0.272,9.269,50.595,326.044,0.624,-2.905,246.604,0
67977,0.272,9.269,50.595,325.781,0.614,-2.928,246.604,0
67978,0.272,9.269,50.595,325.781,0.623,-2.951,246.604,0
67979,0.272,9.269,50.563,325.519,0.613,-2.974,246.604,0
67980,0.272,9.269,50.563,325.519,0.623,-2.982,246.604,0
67981,0.272,9.269,50.563,325.519,0.615,-2.998,246.604,0
67982,0.272,9.269,50.595,325.519,0.623,-2.990,246.604,0
67983,0.272,9.269,50.595,325.256,0.620,-2.986,246.604,0
67984,0.272,9.269,50.595,324.994,0.616,-2.967,246.604,0
67985,0.272,9.269,50.595,324.994,0.624,-2.982,246.909,0
67986,0.244,8.929,50.628,324.994,0.615,-2.998,246.604,0
67987,0.244,8.929,50.628,324.731,0.624,-3.002,246.604,0
67988,0.244,8.929,50.660,324.731,0.613,-2.986,246.604,0
67989,0.244,8.929,50.660,324.469,0.620,-2.928,246.604,0
67990,0.244,8.929,50.693,324.469,0.614,-2.858,246.604,0
67991,0.244,8.929,50.725,324.469,0.623,-2.893,246.300,0
67992,0.244,8.929,50.725,324.206,0.612,-2.924,246.604,0
67993,0.244,8.929,50.758,324.206,0.624,-2.959,247.213,0
67994,0.244,8.929,50.758,324.206,0.612,-2.982,246.909,0
67995,0.244,8.929,50.758,323.944,0.623,-2.994,246.604,0
67996,0.304,8.588,50.791,323.681,0.613,-3.002,245.995,0
67997,0.304,8.588,50.791,323.681,0.619,-2.990,245.995,0
67998,0.304,8.588,50.791,323.681,0.617,-2.963,246.300,0
67999,0.304,8.588,50.791,323.419,0.613,-2.974,245.386,0
68000,0.304,8.588,50.791,323.681,0.621,-2.986,245.691,0
68001,0.304,8.588,50.823,323.419,0.611,-3.002,245.995,0
68002,0.304,8.588,50.823,323.419,0.620,-2.998,245.995,0
68003,0.304,8.588,50.791,323.156,0.616,-2.990,245.995,0
68004,0.304,8.588,50.791,323.156,0.618,-2.994,245.995,0
68005,0.304,8.588,50.791,322.894,0.621,-2.998,245.995,0
68006,0.365,8.729,50.758,322.894,0.613,-2.998,245.995,0
68007,0.365,8.729,50.725,322.894,0.621,-2.990,245.995,0
68008,0.365,8.729,50.758,322.631,0.611,-3.002,245.691,0
68009,0.365,8.729,50.725,322.631,0.621,-2.990,245.691,0
68010,0.365,8.729,50.725,322.369,0.620,-2.971,245.691,0
68011,0.365,8.729,50.693,322.631,0.617,-2.967,245.995,0
68012,0.365,8.729,50.693,322.369,0.623,-2.974,245.691,0
68013,0.365,8.729,50.660,322.369,0.612,-2.990,245.691,0
68014,0.365,8.729,50.628,322.369,0.622,-2.994,245.691,0
68015,0.365,8.729,50.628,322.106,0.615,-2.998,245.691,0
68016,0.258,8.872,50.628,322.106,0.621,-2.994,245.691,0
68017,0.258,8.872,50.595,322.106,0.619,-2.990,245.386,0
68018,0.258,8.872,50.595,322.106,0.615,-2.994,245.386,0
68019,0.258,8.872,50.595,322.106,0.624,-3.005,245.386,0
68020,0.258,8.872,50.595,322.106,0.614,-2.994,245.691,0
68021,0.258,8.872,50.595,322.369,0.623,-2.971,245.691,0
68022,0.258,8.872,50.595,322.369,0.616,-2.963,245.691,0
68023,0.258,8.872,50.595,322.369,0.623,-2.971,245.691,0
68024,0.258,8.872,50.595,322.106,0.620,-2.982,245.691,0
68025,0.258,8.872,50.595,322.106,0.617,-2.990,245.386,0
68026,0.153,9.013,50.628,322.106,0.625,-2.998,245.691,0
68027,0.153,9.013,50.628,322.106,0.615,-2.998,245.691,0
68028,0.153,9.013,50.628,322.106,0.623,-2.986,245.995,0
68029,0.153,9.013,50.660,322.106,0.615,-2.959,245.995,0
68030,0.153,9.013,50.660,322.106,0.621,-2.963,245.691,0
68031,0.153,9.013,50.693,322.106,0.619,-2.978,245.691,0
68032,0.153,9.013,50.693,322.106,0.615,-2.994,245.995,0
68033,0.153,9.013,50.725,322.106,0.623,-3.002,245.691,0
68034,0.153,9.013,50.758,322.106,0.612,-2.990,245.691,0
68035,0.153,9.013,50.758,322.106,0.621,-2.947,245.691,0
68036,0.235,9.151,50.758,322.106,0.612,-2.939,245.995,0
68037,0.235,9.151,50.758,322.106,0.623,-2.955,245.995,0
68038,0.235,9.151,50.791,322.106,0.617,-2.982,245.691,0
68039,0.235,9.151,50.791,322.106,0.617,-2.994,245.691,0
68040,0.235,9.151,50.823,322.106,0.621,-2.998,245.386,0
68041,0.235,9.151,50.823,322.369,0.615,-2.990,245.691,0
68042,0.235,9.151,50.791,322.369,0.621,-2.943,245.995,0
68043,0.235,9.151,50.791,322.369,0.612,-2.943,245.995,0
68044,0.235,9.151,50.791,322.369,0.623,-2.971,245.995,0
68045,0.235,9.151,50.791,322.369,0.617,-2.994,246.300,0
68046,0.317,8.974,50.791,322.631,0.619,-2.998,245.995,0
68047,0.317,8.974,50.758,322.631,0.619,-3.005,245.691,0
68048,0.317,8.974,50.758,322.631,0.613,-2.974,245.691,0
68049,0.317,8.974,50.758,322.894,0.619,-2.912,245.995,0
68050,0.317,8.974,50.725,322.894,0.612,-2.928,245.995,0
68051,0.317,8.974,50.725,322.894,0.620,-2.951,245.691,0
68052,0.317,8.974,50.693,323.156,0.613,-2.971,245.691,0
68053,0.317,8.974,50.693,323.156,0.619,-2.990,245.995,0
68054,0.317,8.974,50.660,323.156,0.619,-2.998,245.691,0
68055,0.317,8.974,50.660,323.419,0.613,-2.998,245.691,0
68056,0.208,8.796,50.628,323.156,0.619,-2.967,245.386,0
68057,0.208,8.796,50.628,323.419,0.611,-2.928,245.082,0
68058,0.208,8.796,50.595,323.681,0.619,-2.874,245.995,0
68059,0.208,8.796,50.595,323.681,0.617,-2.901,245.995,0
68060,0.208,8.796,50.595,323.681,0.617,-2.924,245.995,0
68061,0.208,8.796,50.563,323.681,0.625,-2.951,245.691,0
68062,0.208,8.796,50.563,323.944,0.613,-2.967,245.691,0
68063,0.208,8.796,50.563,323.944,0.621,-2.978,245.691,0
68064,0.208,8.796,50.595,323.944,0.614,-2.982,245.386,0
68065,0.208,8.796,50.595,323.944,0.620,-2.998,245.691,0
68066,0.098,8.659,50.595,324.206,0.621,-3.002,245.995,0
68067,0.098,8.659,50.595,324.206,0.613,-2.990,245.995,0
68068,0.098,8.659,50.595,324.469,0.623,-2.982,245.691,0
68069,0.098,8.659,50.628,324.469,0.613,-2.986,245.995,0
68070,0.098,8.659,50.628,324.469,0.623,-2.990,245.691,0
68071,0.098,8.659,50.660,324.469,0.618,-3.002,245.691,0
68072,0.098,8.659,50.693,324.731,0.616,-2.990,245.386,0
68073,0.098,8.659,50.693,324.731,0.623,-2.924,245.386,0
68074,0.098,8.659,50.693,324.994,0.612,-2.893,245.386,0
68075,0.098,8.659,50.725,324.994,0.620,-2.912,245.386,0
68076,0.281,8.519,50.725,324.994,0.611,-2.932,245.386,0
68077,0.281,8.519,50.758,324.994,0.621,-2.951,245.386,0
68078,0.281,8.519,50.758,325.256,0.612,-2.959,245.082,0
68079,0.281,8.519,50.791,325.256,0.617,-2.974,245.082,0
68080,0.281,8.519,50.791,325.256,0.616,-2.978,245.082,0
68081,0.281,8.519,50.791,325.519,0.610,-2.982,244.778,0
68082,0.281,8.519,50.791,325.519,0.617,-2.990,244.778,0
68083,0.281,8.519,50.791,325.781,0.607,-2.998,244.473,0
68084,0.281,8.519,50.791,325.781,0.615,-3.002,244.169,0
68085,0.281,8.519,50.791,325.519,0.604,-2.994,244.169,0
68086,0.465,8.434,50.791,325.781,0.615,-2.994,244.473,0
68087,0.465,8.434,50.791,325.781,0.607,-2.986,244.169,0
68088,0.465,8.434,50.791,326.044,0.611,-2.994,243.864,0
68089,0.465,8.434,50.758,326.044,0.611,-3.005,243.560,0
68090,0.465,8.434,50.758,326.044,0.606,-2.990,243.255,0
68091,0.465,8.434,50.725,326.044,0.611,-2.986,242.951,0
68092,0.465,8.434,50.725,326.044,0.601,-2.974,243.255,0
68093,0.465,8.434,50.725,326.306,0.612,-2.994,243.864,0
68094,0.465,8.434,50.693,326.306,0.601,-2.994,243.864,0
68095,0.465,8.434,50.693,326.306,0.612,-3.005,243.864,0
68096,0.307,8.354,50.660,326.306,0.601,-2.971,243.255,0
68097,0.307,8.354,50.660,326.569,0.609,-2.762,243.255,0
68098,0.307,8.354,50.628,326.569,0.601,-2.719,242.951,0
68099,0.307,8.354,50.628,326.569,0.609,-2.765,242.951,0
68100,0.307,8.354,50.628,326.569,0.601,-2.823,242.951,0
68101,0.307,8.354,50.595,326.832,0.608,-2.874,242.951,0
68102,0.307,8.354,50.595,326.832,0.603,-2.901,242.646,0
68103,0.307,8.354,50.595,327.094,0.604,-2.924,242.342,0
68104,0.307,8.354,50.563,327.094,0.603,-2.943,242.342,0
68105,0.307,8.354,50.563,327.094,0.599,-2.951,242.342,0
68106,0.147,7.956,50.563,327.094,0.605,-2.971,242.342,0
68107,0.147,7.956,50.595,327.357,0.597,-2.974,242.038,0
68108,0.147,7.956,50.595,327.357,0.603,-2.998,241.733,0
68109,0.147,7.956,50.595,327.357,0.595,-2.990,241.733,0
68110,0.147,7.956,50.628,327.357,0.603,-2.998,241.429,0
68111,0.147,7.956,50.628,327.357,0.593,-2.982,241.429,0
68112,0.147,7.956,50.628,327.357,0.602,-2.955,241.429,0
68113,0.147,7.956,50.660,327.357,0.592,-2.971,241.429,0
68114,0.147,7.956,50.660,327.357,0.601,-2.978,241.429,0
68115,0.147,7.956,50.693,327.357,0.593,-2.986,240.820,0
68116,0.135,7.556,50.725,327.357,0.598,-2.994,240.820,0
68117,0.135,7.556,50.758,327.094,0.590,-2.998,240.515,0
68118,0.135,7.556,50.758,327.094,0.599,-2.963,240.515,0
68119,0.135,7.556,50.758,327.094,0.589,-2.947,240.515,0
68120,0.135,7.556,50.791,327.094,0.597,-2.889,240.515,0
68121,0.135,7.556,50.791,327.094,0.587,-2.897,240.211,0
68122,0.135,7.556,50.791,327.094,0.597,-2.928,240.211,0
68123,0.135,7.556,50.791,327.094,0.595,-2.951,240.211,0
68124,0.135,7.556,50.823,327.094,0.588,-2.974,239.906,0
68125,0.135,7.556,50.823,326.832,0.595,-2.982,239.602,0
68126,0.121,7.282,50.791,326.832,0.587,-2.974,239.602,0
68127,0.121,7.282,50.823,326.832,0.591,-2.998,239.297,0
68128,0.121,7.282,50.791,326.832,0.586,-2.986,239.297,0
68129,0.121,7.282,50.791,326.832,0.594,-2.998,238.993,0
68130,0.121,7.282,50.758,326.569,0.594,-2.998,238.993,0
68131,0.121,7.282,50.758,326.569,0.585,-2.998,238.993,0
68132,0.121,7.282,50.758,326.306,0.592,-2.982,238.993,0
68133,0.121,7.282,50.725,326.569,0.584,-2.905,238.689,0
68134,0.121,7.282,50.725,326.306,0.591,-2.866,238.689,0
68135,0.121,7.282,50.693,326.306,0.582,-2.877,238.689,0
68136,0.193,7.007,50.693,326.044,0.590,-2.893,238.689,0
68137,0.193,7.007,50.693,326.044,0.582,-2.924,238.384,0
68138,0.193,7.007,50.660,325.781,0.590,-2.947,238.080,0
68139,0.193,7.007,50.660,325.781,0.582,-2.947,238.080,0
68140,0.193,7.007,50.628,325.781,0.588,-2.963,238.080,0
68141,0.193,7.007,50.628,325.519,0.581,-2.971,238.080,0
68142,0.193,7.007,50.595,325.519,0.587,-2.978,237.775,0
68143,0.193,7.007,50.595,325.519,0.580,-2.986,237.775,0
68144,0.193,7.007,50.563,325.256,0.587,-2.990,237.775,0
68145,0.193,7.007,50.563,324.994,0.579,-2.998,237.166,0
68146,0.266,6.929,50.595,324.731,0.586,-2.986,236.862,0
68147,0.266,6.929,50.563,324.731,0.577,-2.998,237.166,0
68148,0.266,6.929,50.595,324.731,0.585,-2.978,237.166,0
68149,0.266,6.929,50.595,324.469,0.576,-3.002,237.166,0
68150,0.266,6.929,50.595,324.469,0.583,-2.998,236.862,0
68151,0.266,6.929,50.628,323.944,0.575,-2.982,236.557,0
68152,0.266,6.929,50.628,324.206,0.583,-2.870,236.557,0
68153,0.266,6.929,50.628,324.206,0.575,-2.789,236.253,0
68154,0.266,6.929,50.660,323.944,0.583,-2.827,236.557,0
68155,0.266,6.929,50.660,323.681,0.574,-2.870,236.253,0
68156,0.339,6.853,50.693,323.681,0.582,-2.912,235.644,0
68157,0.339,6.853,50.693,323.419,0.572,-2.920,235.340,0
68158,0.339,6.853,50.725,323.419,0.580,-2.955,235.644,0
68159,0.339,6.853,50.725,323.156,0.575,-2.959,235.340,0
68160,0.339,6.853,50.758,323.156,0.580,-2.971,235.340,0
68161,0.339,6.853,50.758,323.156,0.574,-2.994,235.340,0
68162,0.339,6.853,50.791,323.156,0.579,-2.998,235.035,0
68163,0.339,6.853,50.791,322.894,0.575,-2.998,235.035,0
68164,0.339,6.853,50.791,322.894,0.575,-2.990,235.035,0
68165,0.339,6.853,50.823,322.894,0.576,-2.963,234.731,0
68166,0.413,6.831,50.823,322.631,0.574,-2.974,234.731,0
68167,0.413,6.831,50.823,322.631,0.576,-2.982,234.731,0
68168,0.413,6.831,50.791,322.631,0.571,-2.998,234.426,0
68169,0.413,6.831,50.823,322.631,0.576,-2.990,234.426,0
68170,0.413,6.831,50.791,322.369,0.570,-2.978,234.122,0
68171,0.413,6.831,50.791,322.369,0.574,-2.959,234.122,0
68172,0.413,6.831,50.758,322.369,0.567,-2.971,234.122,0
68173,0.413,6.831,50.758,322.369,0.575,-2.986,234.122,0
68174,0.413,6.831,50.758,322.369,0.566,-2.998,233.817,0
68175,0.413,6.831,50.725,322.369,0.574,-2.998,233.817,0
68176,0.304,6.810,50.725,322.369,0.564,-2.967,233.513,0
68177,0.304,6.810,50.693,322.106,0.574,-2.924,233.208,0
68178,0.304,6.810,50.693,322.106,0.564,-2.939,233.208,0
68179,0.304,6.810,50.660,322.106,0.573,-2.943,233.208,0
68180,0.304,6.810,50.660,322.106,0.564,-2.974,232.904,0
68181,0.304,6.810,50.628,322.106,0.572,-2.971,232.904,0
68182,0.304,6.810,50.628,322.106,0.563,-2.998,232.904,0
68183,0.304,6.810,50.628,322.106,0.572,-2.990,232.600,0
68184,0.304,6.810,50.595,322.369,0.563,-2.971,232.295,0
68185,0.304,6.810,50.595,322.369,0.570,-2.963,232.295,0
68186,0.194,6.634,50.595,322.106,0.561,-2.982,232.295,0
68187,0.194,6.634,50.595,322.369,0.568,-2.994,232.295,0
68188,0.194,6.634,50.595,322.369,0.560,-2.994,231.991,0
68189,0.194,6.634,50.595,322.369,0.567,-3.002,231.686,0
68190,0.194,6.634,50.595,322.631,0.559,-2.998,231.686,0
68191,0.194,6.634,50.595,322.369,0.567,-3.002,231.686,0
68192,0.194,6.634,50.628,322.369,0.558,-2.982,231.382,0
68193,0.194,6.634,50.595,322.369,0.566,-2.974,231.382,0
68194,0.194,6.634,50.628,322.369,0.558,-2.978,231.077,0
68195,0.194,6.634,50.628,322.631,0.566,-2.994,231.382,0
68196,0.196,6.456,50.660,322.369,0.556,-2.998,231.382,0
68197,0.196,6.456,50.660,322.369,0.567,-2.978,231.077,0
68198,0.196,6.456,50.693,322.369,0.556,-2.947,231.077,0
68199,0.196,6.456,50.693,322.631,0.563,-2.955,230.773,0
68200,0.196,6.456,50.725,322.631,0.557,-2.971,230.773,0
68201,0.196,6.456,50.725,322.369,0.563,-2.978,230.773,0
68202,0.196,6.456,50.758,322.631,0.556,-2.994,230.468,0
68203,0.196,6.456,50.758,322.631,0.561,-3.002,230.468,0
68204,0.196,6.456,50.791,322.631,0.555,-2.994,230.468,0
68205,0.196,6.456,50.758,322.894,0.561,-2.990,230.164,0
68206,0.197,6.587,50.791,322.631,0.555,-2.947,229.860,0
68207,0.197,6.587,50.791,322.894,0.558,-2.943,229.860,0
68208,0.197,6.587,50.791,322.894,0.556,-2.955,229.860,0
68209,0.197,6.587,50.791,322.894,0.555,-2.971,229.860,0
68210,0.197,6.587,50.791,322.894,0.556,-2.994,229.860,0
68211,0.197,6.587,50.758,322.894,0.553,-3.005,229.555,0
68212,0.197,6.587,50.791,322.894,0.556,-2.978,229.555,0
68213,0.197,6.587,50.758,323.156,0.550,-2.920,229.251,0
68214,0.197,6.587,50.758,323.156,0.556,-2.916,228.946,0
68215,0.197,6.587,50.725,323.419,0.549,-2.939,228.946,0
68216,0.147,6.718,50.725,323.419,0.557,-2.959,228.946,0
68217,0.147,6.718,50.725,323.419,0.548,-2.990,228.642,0
68218,0.147,6.718,50.725,323.681,0.555,-2.998,228.337,0
68219,0.147,6.718,50.693,323.419,0.546,-3.002,228.642,0
68220,0.147,6.718,50.660,323.681,0.554,-2.874,228.337,0
68221,0.147,6.718,50.660,323.944,0.545,-2.742,228.337,0
68222,0.147,6.718,50.628,323.944,0.554,-2.765,228.033,0
68223,0.147,6.718,50.628,324.206,0.545,-2.819,228.033,0
68224,0.147,6.718,50.595,324.206,0.553,-2.862,228.033,0
68225,0.147,6.718,50.595,324.206,0.543,-2.901,227.728,0
68226,0.097,6.497,50.595,324.469,0.553,-2.916,227.728,0
68227,0.097,6.497,50.595,324.469,0.542,-2.932,227.728,0
68228,0.097,6.497,50.595,324.731,0.551,-2.959,227.424,0
68229,0.097,6.497,50.595,324.731,0.542,-2.955,227.119,0
68230,0.097,6.497,50.595,324.731,0.550,-2.971,227.119,0
68231,0.097,6.497,50.563,324.731,0.542,-2.982,227.119,0
68232,0.097,6.497,50.595,324.731,0.549,-2.986,227.119,0
68233,0.097,6.497,50.595,324.994,0.542,-2.986,227.119,0
68234,0.097,6.497,50.595,325.256,0.549,-2.990,227.119,0
68235,0.097,6.497,50.628,324.994,0.543,-2.998,226.815,0
68236,0.203,6.275,50.628,325.256,0.545,-2.986,226.815,0
68237,0.203,6.275,50.660,325.256,0.546,-2.978,226.815,0
68238,0.203,6.275,50.660,325.256,0.542,-2.971,226.815,0
68239,0.203,6.275,50.693,325.519,0.547,-2.982,226.511,0
68240,0.203,6.275,50.693,325.519,0.542,-2.990,226.511,0
68241,0.203,6.275,50.725,325.519,0.548,-2.994,226.511,0
68242,0.203,6.275,50.758,325.781,0.539,-3.002,226.511,0
68243,0.203,6.275,50.758,326.044,0.548,-2.994,226.511,0
68244,0.203,6.275,50.758,326.044,0.539,-2.978,226.206,0
68245,0.203,6.275,50.791,326.306,0.549,-2.978,226.511,0
68246,0.311,6.450,50.791,326.306,0.541,-2.982,226.511,0
68247,0.311,6.450,50.791,326.306,0.546,-2.986,226.511,0
68248,0.311,6.450,50.823,326.306,0.541,-2.994,226.206,0
68249,0.311,6.450,50.791,326.569,0.539,-2.998,226.206,0
68250,0.311,6.450,50.791,326.569,0.543,-3.005,226.511,0
68251,0.311,6.450,50.791,326.569,0.537,-2.986,226.206,0
68252,0.311,6.450,50.791,326.569,0.543,-2.982,225.597,0
68253,0.311,6.450,50.791,326.569,0.535,-2.986,225.597,0
68254,0.311,6.450,50.758,326.832,0.542,-2.998,225.902,0
68255,0.311,6.450,50.758,326.832,0.537,-2.998,225.597,0
68256,0.313,6.628,50.758,326.832,0.537,-3.002,225.293,0
68257,0.313,6.628,50.758,326.569,0.542,-2.974,225.293,0
68258,0.313,6.628,50.725,326.569,0.535,-2.889,225.293,0
68259,0.313,6.628,50.725,326.832,0.538,-2.877,224.988,0
68260,0.313,6.628,50.693,326.832,0.540,-2.905,224.988,0
68261,0.313,6.628,50.693,326.832,0.535,-2.932,224.988,0
68262,0.313,6.628,50.660,326.832,0.542,-2.955,224.684,0
68263,0.313,6.628,50.660,326.832,0.533,-2.967,224.684,0
68264,0.313,6.628,50.628,326.832,0.541,-2.982,224.684,0
68265,0.313,6.628,50.628,326.832,0.533,-2.994,224.379,0
68266,0.314,6.359,50.628,326.832,0.540,-2.994,224.379,0
68267,0.314,6.359,50.595,326.569,0.531,-2.974,224.379,0
68268,0.314,6.359,50.595,326.569,0.539,-2.924,224.379,0
68269,0.314,6.359,50.595,326.832,0.529,-2.943,224.075,0
68270,0.314,6.359,50.595,326.832,0.530,-2.963,224.075,0
68271,0.314,6.359,50.563,326.569,0.537,-2.978,224.075,0
68272,0.314,6.359,50.595,326.569,0.529,-2.998,223.771,0
68273,0.314,6.359,50.595,326.569,0.537,-2.994,223.466,0
68274,0.314,6.359,50.595,326.569,0.528,-2.994,223.466,0
68275,0.314,6.359,50.595,326.569,0.534,-2.994,223.466,0
68276,0.368,6.088,50.628,326.569,0.530,-2.998,223.162,0
68277,0.368,6.088,50.628,326.569,0.529,-2.943,223.162,0
68278,0.368,6.088,50.628,326.306,0.535,-2.897,223.162,0
68279,0.368,6.088,50.660,326.306,0.527,-2.912,223.162,0
68280,0.368,6.088,50.693,326.306,0.535,-2.939,223.162,0
68281,0.368,6.088,50.693,326.306,0.525,-2.959,222.857,0
68282,0.368,6.088,50.693,326.306,0.533,-2.978,222.857,0
68283,0.368,6.088,50.725,326.306,0.527,-2.986,222.857,0
68284,0.368,6.088,50.725,326.044,0.527,-2.998,222.857,0
68285,0.368,6.088,50.758,326.044,0.530,-2.994,222.857,0
68286,0.421,6.044,50.758,326.044,0.524,-2.994,222.553,0
68287,0.421,6.044,50.791,325.781,0.531,-2.982,222.553,0
68288,0.421,6.044,50.791,325.781,0.522,-2.986,222.248,0
68289,0.421,6.044,50.791,325.781,0.529,-2.998,222.248,0
68290,0.421,6.044,50.791,325.519,0.524,-2.994,221.944,0
68291,0.421,6.044,50.791,325.519,0.523,-2.971,221.944,0
68292,0.421,6.044,50.791,325.256,0.529,-2.959,221.944,0
68293,0.421,6.044,50.791,325.256,0.521,-2.974,221.639,0
68294,0.421,6.044,50.791,325.256,0.529,-2.982,221.639,0
68295,0.421,6.044,50.758,324.994,0.520,-2.990,221.639,0
68296,0.366,6.001,50.758,324.994,0.523,-2.998,221.335,0
68297,0.366,6.001,50.758,324.994,0.526,-3.002,221.335,0
68298,0.366,6.001,50.758,324.731,0.519,-2.982,221.335,0
68299,0.366,6.001,50.725,324.731,0.529,-2.955,221.031,0
68300,0.366,6.001,50.725,324.731,0.519,-2.951,221.031,0
68301,0.366,6.001,50.693,324.469,0.525,-2.963,221.031,0
68302,0.366,6.001,50.693,324.469,0.523,-2.971,221.031,0
68303,0.366,6.001,50.660,324.469,0.520,-2.986,220.726,0
68304,0.366,6.001,50.660,324.206,0.527,-2.986,220.726,0
68305,0.366,6.001,50.628,324.206,0.517,-3.002,220.422,0
68306,0.313,5.876,50.628,323.944,0.524,-3.002,220.422,0
68307,0.313,5.876,50.628,323.681,0.517,-2.998,220.117,0
68308,0.313,5.876,50.628,323.419,0.517,-2.998,219.813,0
68309,0.313,5.876,50.595,323.681,0.521,-2.986,219.508,0
68310,0.313,5.876,50.595,323.419,0.514,-2.955,219.508,0
68311,0.313,5.876,50.595,323.419,0.522,-2.967,219.508,0
68312,0.313,5.876,50.595,323.156,0.513,-2.986,219.204,0
68313,0.313,5.876,50.595,322.894,0.521,-2.990,219.204,0
68314,0.313,5.876,50.595,322.894,0.513,-3.002,219.204,0
68315,0.313,5.876,50.628,322.631,0.515,-2.994,218.899,0
68316,0.314,5.751,50.628,322.631,0.518,-2.990,218.899,0
68317,0.314,5.751,50.628,322.369,0.512,-2.998,218.899,0
68318,0.314,5.751,50.660,322.106,0.517,-2.998,218.899,0
68319,0.314,5.751,50.660,322.106,0.511,-2.978,218.899,0
68320,0.314,5.751,50.660,322.106,0.518,-2.936,218.899,0
68321,0.314,5.751,50.693,322.106,0.510,-2.947,218.595,0
68322,0.314,5.751,50.693,321.844,0.515,-2.971,218.899,0
68323,0.314,5.751,50.725,321.844,0.514,-2.982,218.595,0
68324,0.314,5.751,50.725,321.844,0.509,-2.998,218.595,0
68325,0.314,5.751,50.758,322.106,0.517,-3.013,218.595,0
68326,0.316,5.507,50.758,321.844,0.510,-2.936,218.290,0
68327,0.316,5.507,50.758,321.844,0.518,-2.908,217.986,0
68328,0.316,5.507,50.791,321.844,0.508,-2.916,217.682,0
68329,0.316,5.507,50.791,321.844,0.514,-2.939,217.682,0
68330,0.316,5.507,50.791,321.844,0.509,-2.967,217.682,0
68331,0.316,5.507,50.791,321.844,0.510,-2.990,217.377,0
68332,0.316,5.507,50.791,321.844,0.511,-2.998,217.377,0
68333,0.316,5.507,50.791,321.844,0.506,-2.994,217.073,0
68334,0.316,5.507,50.791,321.844,0.514,-2.994,217.073,0
68335,0.316,5.507,50.791,321.844,0.505,-3.002,217.073,0
68336,0.346,5.265,50.758,321.844,0.513,-2.994,216.768,0
68337,0.346,5.265,50.758,321.844,0.506,-2.998,217.073,0
68338,0.346,5.265,50.758,321.844,0.506,-2.998,217.073,0
68339,0.346,5.265,50.725,321.844,0.508,-2.994,216.768,0
68340,0.346,5.265,50.725,321.844,0.505,-2.998,216.768,0
68341,0.346,5.265,50.693,322.106,0.510,-2.974,216.464,0
68342,0.346,5.265,50.693,321.844,0.502,-2.974,216.464,0
68343,0.346,5.265,50.660,322.106,0.509,-2.982,216.159,0
68344,0.346,5.265,50.660,322.106,0.501,-2.994,216.159,0
68345,0.346,5.265,50.628,322.106,0.505,-2.998,216.159,0
68346,0.378,5.318,50.628,322.106,0.507,-2.998,215.855,0
68347,0.378,5.318,50.628,322.106,0.503,-3.002,215.855,0
68348,0.378,5.318,50.628,322.106,0.509,-2.998,215.550,0
68349,0.378,5.318,50.595,322.369,0.500,-2.990,215.246,0
68350,0.378,5.318,50.595,322.369,0.506,-2.982,215.246,0
68351,0.378,5.318,50.595,322.631,0.500,-2.982,215.246,0
68352,0.378,5.318,50.595,322.369,0.501,-2.990,214.942,0
68353,0.378,5.318,50.595,322.369,0.505,-2.998,214.942,0
68354,0.378,5.318,50.628,322.631,0.497,-2.994,214.637,0
68355,0.378,5.318,50.595,322.631,0.505,-2.998,214.637,0
68356,0.290,5.372,50.628,322.894,0.497,-2.986,214.637,0
68357,0.290,5.372,50.628,322.894,0.502,-2.986,214.637,0
68358,0.290,5.372,50.628,322.894,0.497,-2.998,214.637,0
68359,0.290,5.372,50.660,322.894,0.497,-2.998,214.637,0
68360,0.290,5.372,50.660,322.894,0.502,-2.994,214.637,0
68361,0.290,5.372,50.660,322.894,0.496,-2.978,214.333,0
68362,0.290,5.372,50.693,323.156,0.503,-2.986,214.333,0
68363,0.290,5.372,50.693,323.156,0.493,-2.994,214.333,0
68364,0.290,5.372,50.725,323.156,0.497,-2.990,214.333,0
68365,0.290,5.372,50.725,323.419,0.497,-2.986,214.028,0
68366,0.202,5.503,50.758,323.419,0.494,-2.955,214.028,0
68367,0.202,5.503,50.758,323.419,0.500,-2.967,213.724,0
68368,0.202,5.503,50.758,323.419,0.493,-2.982,213.419,0
68369,0.202,5.503,50.791,323.419,0.497,-2.994,213.419,0
68370,0.202,5.503,50.791,323.681,0.495,-3.005,213.115,0
68371,0.202,5.503,50.791,323.681,0.491,-2.994,213.115,0
68372,0.202,5.503,50.791,323.681,0.498,-2.982,212.810,0
68373,0.202,5.503,50.791,323.419,0.491,-2.986,212.810,0
68374,0.202,5.503,50.791,323.681,0.497,-2.990,212.810,0
68375,0.202,5.503,50.791,323.944,0.492,-2.994,212.506,0
68376,0.296,5.631,50.758,323.944,0.490,-3.002,212.506,0
68377,0.296,5.631,50.758,323.944,0.493,-2.994,212.506,0
68378,0.296,5.631,50.758,323.944,0.486,-3.005,212.506,0
68379,0.296,5.631,50.758,323.944,0.494,-2.986,212.506,0
68380,0.296,5.631,50.725,324.206,0.486,-2.955,212.506,0
68381,0.296,5.631,50.693,324.206,0.489,-2.943,212.201,0
68382,0.296,5.631,50.693,324.206,0.488,-2.971,212.201,0
68383,0.296,5.631,50.693,324.469,0.485,-2.990,211.897,0
68384,0.296,5.631,50.660,324.731,0.492,-3.002,211.897,0
68385,0.296,5.631,50.660,324.731,0.484,-2.994,211.593,0
68386,0.392,5.471,50.628,324.994,0.490,-2.939,211.593,0
68387,0.392,5.471,50.628,324.994,0.485,-2.932,211.288,0
68388,0.392,5.471,50.595,324.994,0.487,-2.951,211.288,0
68389,0.392,5.471,50.595,325.256,0.489,-2.974,210.984,0
68390,0.392,5.471,50.595,325.256,0.484,-2.990,210.679,0
68391,0.392,5.471,50.563,325.519,0.490,-2.994,210.679,0
68392,0.392,5.471,50.595,325.256,0.483,-3.005,210.679,0
68393,0.392,5.471,50.563,325.256,0.485,-2.943,210.375,0
68394,0.392,5.471,50.595,325.519,0.486,-2.920,210.375,0
68395,0.392,5.471,50.595,325.781,0.481,-2.924,210.375,0
68396,0.407,5.310,50.595,325.781,0.489,-2.947,210.070,0
68397,0.407,5.310,50.595,326.044,0.477,-2.971,210.070,0
68398,0.407,5.310,50.595,326.044,0.476,-2.982,210.070,0
68399,0.407,5.310,50.628,326.044,0.484,-2.990,210.070,0
68400,0.407,5.310,50.660,326.044,0.478,-2.998,210.070,0
68401,0.407,5.310,50.660,326.306,0.479,-2.998,210.070,0
68402,0.407,5.310,50.693,326.306,0.482,-3.002,210.375,0
68403,0.407,5.310,50.693,326.306,0.476,-2.986,210.375,0
68404,0.407,5.310,50.725,326.569,0.481,-2.982,210.375,0
68405,0.407,5.310,50.725,326.569,0.477,-3.002,210.070,0
68406,0.422,5.224,50.758,326.832,0.479,-2.998,210.070,0
68407,0.422,5.224,50.791,326.569,0.485,-2.990,209.766,0
68408,0.422,5.224,50.791,326.832,0.476,-2.971,209.461,0
68409,0.422,5.224,50.791,326.832,0.476,-2.959,209.157,0
68410,0.422,5.224,50.791,327.094,0.482,-2.971,209.157,0
68411,0.422,5.224,50.823,327.357,0.476,-2.974,208.853,0
68412,0.422,5.224,50.791,327.357,0.479,-2.986,209.157,0
68413,0.422,5.224,50.791,327.357,0.480,-3.005,208.853,0
68414,0.422,5.224,50.823,327.357,0.475,-2.990,208.853,0
68415,0.422,5.224,50.791,327.357,0.481,-2.974,208.853,0
68416,0.368,5.137,50.791,327.357,0.475,-2.967,208.548,0
68417,0.368,5.137,50.758,327.357,0.470,-2.986,208.548,0
68418,0.368,5.137,50.758,327.357,0.476,-2.994,208.548,0
68419,0.368,5.137,50.758,327.357,0.469,-2.990,208.244,0
68420,0.368,5.137,50.725,327.357,0.469,-2.971,208.244,0
68421,0.368,5.137,50.725,327.357,0.475,-2.943,208.244,0
68422,0.368,5.137,50.693,327.357,0.468,-2.959,207.939,0
68423,0.368,5.137,50.693,327.094,0.473,-2.986,207.939,0
68424,0.368,5.137,50.693,327.357,0.470,-2.994,207.635,0
68425,0.368,5.137,50.660,327.357,0.467,-3.002,207.939,0
68426,0.313,5.126,50.660,327.357,0.473,-2.986,207.635,0
68427,0.313,5.126,50.628,327.094,0.470,-2.982,207.330,0
68428,0.313,5.126,50.628,327.094,0.471,-2.986,207.330,0
68429,0.313,5.126,50.628,326.832,0.477,-3.005,207.026,0
68430,0.313,5.126,50.595,326.832,0.468,-2.990,207.026,0
68431,0.313,5.126,50.595,326.832,0.473,-2.947,206.721,0
68432,0.313,5.126,50.595,326.832,0.473,-2.955,206.721,0
68433,0.313,5.126,50.595,326.569,0.469,-2.963,206.721,0
68434,0.313,5.126,50.595,326.569,0.475,-2.994,206.721,0
68435,0.313,5.126,50.595,326.569,0.469,-2.998,206.721,0
68436,0.325,5.116,50.595,326.569,0.468,-2.994,206.417,0
68437,0.325,5.116,50.595,326.306,0.472,-2.959,206.417,0
68438,0.325,5.116,50.595,326.306,0.461,-2.971,206.721,0
68439,0.325,5.116,50.628,326.306,0.467,-2.990,206.417,0
68440,0.325,5.116,50.628,326.044,0.467,-3.002,206.417,0
68441,0.325,5.116,50.660,326.044,0.461,-2.971,206.417,0
68442,0.325,5.116,50.660,326.044,0.469,-2.908,206.112,0
68443,0.325,5.116,50.693,326.044,0.463,-2.924,206.112,0
68444,0.325,5.116,50.693,326.044,0.463,-2.947,206.112,0
68445,0.325,5.116,50.725,326.044,0.468,-2.974,206.112,0
68446,0.339,4.782,50.725,325.781,0.461,-2.990,205.808,0
68447,0.339,4.782,50.758,325.781,0.467,-2.998,205.808,0
68448,0.339,4.782,50.758,325.781,0.471,-2.998,205.504,0
68449,0.339,4.782,50.791,325.519,0.464,-2.990,205.504,0
68450,0.339,4.782,50.791,325.519,0.468,-2.974,205.504,0
68451,0.339,4.782,50.791,325.519,0.467,-2.939,205.199,0
68452,0.339,4.782,50.791,325.519,0.465,-2.959,205.199,0
68453,0.339,4.782,50.791,325.256,0.469,-2.978,205.199,0
68454,0.339,4.782,50.791,324.994,0.467,-2.990,205.199,0
68455,0.339,4.782,50.791,324.994,0.463,-2.994,204.895,0
68456,0.299,4.449,50.791,324.994,0.469,-2.998,204.895,0
68457,0.299,4.449,50.791,324.731,0.460,-3.002,204.895,0
68458,0.299,4.449,50.758,324.731,0.457,-2.990,204.895,0
68459,0.299,4.449,50.758,324.469,0.463,-2.990,204.590,0
68460,0.299,4.449,50.758,324.469,0.456,-2.998,204.590,0
68461,0.299,4.449,50.758,324.206,0.457,-2.967,204.286,0
68462,0.299,4.449,50.725,324.206,0.464,-2.881,204.286,0
68463,0.299,4.449,50.693,323.944,0.456,-2.804,204.286,0
68464,0.299,4.449,50.693,323.944,0.457,-2.835,204.286,0
68465,0.299,4.449,50.693,323.944,0.463,-2.862,203.981,0
68466,0.261,4.468,50.660,323.944,0.455,-2.893,203.981,0
68467,0.261,4.468,50.660,323.681,0.460,-2.916,203.677,0
68468,0.261,4.468,50.628,323.419,0.463,-2.928,203.068,0
68469,0.261,4.468,50.628,323.419,0.458,-2.943,203.068,0
68470,0.261,4.468,50.595,323.419,0.460,-2.951,202.764,0
68471,0.261,4.468,50.595,323.156,0.460,-2.955,202.764,0
68472,0.261,4.468,50.595,323.156,0.457,-2.963,202.764,0
68473,0.261,4.468,50.595,323.156,0.460,-2.971,202.459,0
68474,0.261,4.468,50.563,322.894,0.458,-2.974,202.459,0
68475,0.261,4.468,50.563,322.894,0.456,-2.971,202.459,0
68476,0.269,4.485,50.563,322.631,0.463,-2.982,202.764,0
68477,0.269,4.485,50.595,322.631,0.453,-2.990,202.764,0
68478,0.269,4.485,50.595,322.369,0.453,-2.994,202.764,0
68479,0.269,4.485,50.595,322.369,0.457,-2.998,202.459,0
68480,0.269,4.485,50.595,322.106,0.451,-2.998,202.764,0
68481,0.269,4.485,50.628,322.106,0.454,-2.990,202.764,0
68482,0.269,4.485,50.628,322.106,0.455,-2.982,202.764,0
68483,0.269,4.485,50.660,321.844,0.453,-2.994,202.764,0
68484,0.269,4.485,50.660,321.844,0.458,-3.002,202.764,0
68485,0.269,4.485,50.693,321.844,0.452,-2.978,202.764,0
68486,0.276,4.568,50.725,321.844,0.453,-2.947,203.068,0
68487,0.276,4.568,50.725,321.844,0.464,-2.928,203.068,0
68488,0.276,4.568,50.758,321.581,0.458,-2.943,203.068,0
68489,0.276,4.568,50.791,321.581,0.460,-2.963,203.068,0
68490,0.276,4.568,50.791,321.581,0.461,-2.990,203.068,0
68491,0.276,4.568,50.791,321.581,0.458,-2.990,203.068,0
68492,0.276,4.568,50.791,321.844,0.464,-2.994,203.372,0
68493,0.276,4.568,50.823,321.581,0.460,-3.002,203.372,0
68494,0.276,4.568,50.823,321.319,0.459,-2.943,203.372,0
68495,0.276,4.568,50.823,321.581,0.465,-2.769,203.372,0
68496,0.375,4.647,50.823,321.581,0.460,-2.762,203.372,0
68497,0.375,4.647,50.823,321.581,0.456,-2.819,203.372,0
68498,0.375,4.647,50.823,321.581,0.460,-2.862,203.677,0
68499,0.375,4.647,50.791,321.581,0.455,-2.905,203.677,0
68500,0.375,4.647,50.791,321.581,0.458,-2.920,203.981,0
68501,0.375,4.647,50.758,321.844,0.457,-2.932,203.981,0
68502,0.375,4.647,50.758,321.844,0.457,-2.963,203.981,0
68503,0.375,4.647,50.725,321.844,0.463,-2.959,203.981,0
68504,0.375,4.647,50.725,321.844,0.456,-2.978,204.286,0
68505,0.375,4.647,50.693,322.106,0.457,-2.974,204.286,0
68506,0.473,4.485,50.693,322.106,0.464,-3.005,204.286,0
68507,0.473,4.485,50.693,322.106,0.461,-2.971,204.286,0
68508,0.473,4.485,50.660,322.106,0.464,-2.978,204.286,0
68509,0.473,4.485,50.660,322.106,0.468,-2.982,204.286,0
68510,0.473,4.485,50.628,322.369,0.463,-2.978,204.286,0
68511,0.473,4.485,50.595,322.369,0.467,-3.002,204.590,0
68512,0.473,4.485,50.628,322.369,0.465,-2.974,204.590,0
68513,0.473,4.485,50.595,322.369,0.465,-2.905,204.590,0
68514,0.473,4.485,50.595,322.369,0.471,-2.889,204.895,0
68515,0.473,4.485,50.563,322.369,0.464,-2.905,204.895,0
68516,0.453,4.325,50.595,322.631,0.465,-2.932,205.199,0
68517,0.453,4.325,50.595,322.631,0.468,-2.951,205.199,0
68518,0.453,4.325,50.595,322.894,0.461,-2.959,205.504,0
68519,0.453,4.325,50.595,322.894,0.467,-2.967,205.504,0
68520,0.453,4.325,50.595,322.631,0.465,-2.971,205.808,0
68521,0.453,4.325,50.595,322.894,0.463,-2.974,205.808,0
68522,0.453,4.325,50.628,322.894,0.470,-2.990,205.808,0
68523,0.453,4.325,50.628,323.156,0.463,-2.986,206.112,0
68524,0.453,4.325,50.660,323.156,0.465,-2.986,206.112,0
68525,0.453,4.325,50.660,323.419,0.472,-2.994,206.417,0
68526,0.435,4.481,50.693,323.419,0.465,-2.990,206.417,0
68527,0.435,4.481,50.725,323.419,0.473,-2.990,206.417,0
68528,0.435,4.481,50.725,323.681,0.475,-2.994,206.417,0
68529,0.435,4.481,50.758,323.419,0.471,-2.994,206.721,0
68530,0.435,4.481,50.758,323.681,0.477,-2.998,206.721,0
68531,0.435,4.481,50.791,323.681,0.479,-3.002,206.721,0
68532,0.435,4.481,50.791,323.681,0.472,-2.990,206.721,0
68533,0.435,4.481,50.791,323.944,0.475,-2.990,207.026,0
68534,0.435,4.481,50.791,323.944,0.473,-2.978,207.026,0
68535,0.435,4.481,50.791,323.944,0.475,-2.982,207.026,0
68536,0.473,4.637,50.823,323.944,0.477,-3.005,207.330,0
68537,0.473,4.637,50.823,324.206,0.469,-2.982,207.330,0
68538,0.473,4.637,50.823,324.206,0.477,-2.974,207.635,0
68539,0.473,4.637,50.791,324.206,0.477,-2.986,207.635,0
68540,0.473,4.637,50.791,324.206,0.471,-2.998,207.939,0
68541,0.473,4.637,50.791,324.206,0.476,-2.994,207.939,0
68542,0.473,4.637,50.758,324.206,0.475,-2.994,207.939,0
68543,0.473,4.637,50.758,324.469,0.475,-2.994,207.939,0
68544,0.473,4.637,50.725,324.469,0.481,-2.998,208.244,0
68545,0.473,4.637,50.725,324.731,0.471,-3.005,208.244,0
68546,0.512,4.540,50.725,324.731,0.476,-2.994,208.244,0
68547,0.512,4.540,50.693,324.731,0.480,-2.967,208.244,0
68548,0.512,4.540,50.693,324.994,0.479,-2.971,208.244,0
68549,0.512,4.540,50.660,324.731,0.484,-2.986,208.244,0
68550,0.512,4.540,50.660,324.994,0.478,-3.002,208.548,0
68551,0.512,4.540,50.628,324.994,0.480,-2.994,208.548,0
68552,0.512,4.540,50.595,325.256,0.484,-2.998,208.548,0
68553,0.512,4.540,50.628,325.256,0.479,-2.994,208.548,0
68554,0.512,4.540,50.595,325.519,0.485,-2.994,208.853,0
68555,0.512,4.540,50.595,325.519,0.480,-2.990,208.853,0
68556,0.331,4.444,50.595,325.781,0.482,-2.990,208.853,0
68557,0.331,4.444,50.595,325.781,0.483,-3.002,208.853,0
68558,0.331,4.444,50.595,326.044,0.477,-3.002,209.157,0
68559,0.331,4.444,50.595,326.044,0.484,-2.986,209.461,0
68560,0.331,4.444,50.595,326.044,0.479,-2.978,209.461,0
68561,0.331,4.444,50.595,326.044,0.480,-2.982,209.766,0
68562,0.331,4.444,50.628,326.306,0.486,-3.002,210.070,0
68563,0.331,4.444,50.628,326.306,0.479,-2.994,210.375,0
68564,0.331,4.444,50.628,326.569,0.484,-2.947,210.375,0
68565,0.331,4.444,50.660,326.569,0.486,-2.943,210.679,0
68566,0.150,4.500,50.693,326.832,0.482,-2.955,210.679,0
68567,0.150,4.500,50.693,326.832,0.490,-2.974,210.679,0
68568,0.150,4.500,50.693,326.832,0.486,-2.986,210.679,0
68569,0.150,4.500,50.725,326.832,0.486,-2.998,210.679,0
68570,0.150,4.500,50.758,326.832,0.492,-2.998,210.679,0
68571,0.150,4.500,50.758,327.094,0.485,-2.990,210.984,0
68572,0.150,4.500,50.791,327.094,0.486,-2.959,210.984,0
68573,0.150,4.500,50.791,327.357,0.490,-2.959,210.984,0
68574,0.150,4.500,50.791,327.094,0.487,-2.974,210.984,0
68575,0.150,4.500,50.791,327.094,0.493,-2.978,210.984,0
68576,0.285,4.551,50.791,327.357,0.489,-2.994,211.288,0
68577,0.285,4.551,50.791,327.357,0.485,-3.002,211.288,0
68578,0.285,4.551,50.823,327.357,0.493,-2.990,211.593,0
68579,0.285,4.551,50.791,327.619,0.486,-2.986,211.593,0
68580,0.285,4.551,50.791,327.357,0.490,-2.978,211.897,0
68581,0.285,4.551,50.791,327.357,0.492,-2.982,211.897,0
68582,0.285,4.551,50.758,327.357,0.486,-2.994,211.897,0
68583,0.285,4.551,50.758,327.357,0.492,-3.002,212.201,0
68584,0.285,4.551,50.758,327.357,0.490,-3.002,212.506,0
68585,0.285,4.551,50.725,327.357,0.489,-2.998,212.201,0
68586,0.419,4.568,50.725,327.357,0.496,-3.002,212.201,0
68587,0.419,4.568,50.725,327.357,0.489,-2.967,212.506,0
68588,0.419,4.568,50.693,327.357,0.493,-2.959,212.201,0
68589,0.419,4.568,50.693,327.357,0.497,-2.963,212.201,0
68590,0.419,4.568,50.660,327.094,0.491,-2.974,212.506,0
68591,0.419,4.568,50.628,327.094,0.499,-2.990,212.506,0
68592,0.419,4.568,50.628,327.094,0.493,-2.998,212.810,0
68593,0.419,4.568,50.628,327.094,0.495,-3.002,212.810,0
68594,0.419,4.568,50.595,326.832,0.500,-2.998,212.810,0
68595,0.419,4.568,50.595,326.832,0.494,-2.986,212.810,0
68596,0.206,4.588,50.595,326.569,0.502,-2.982,213.115,0
68597,0.206,4.588,50.595,326.832,0.495,-2.986,213.419,0
68598,0.206,4.588,50.563,326.569,0.498,-2.998,213.419,0
68599,0.206,4.588,50.595,326.569,0.501,-3.002,213.724,0
68600,0.206,4.588,50.595,326.306,0.497,-2.982,214.028,0
68601,0.206,4.588,50.595,326.306,0.505,-2.967,214.028,0
68602,0.206,4.588,50.595,326.044,0.497,-2.959,214.028,0
68603,0.206,4.588,50.628,326.044,0.498,-2.982,214.333,0
68604,0.206,4.588,50.628,326.044,0.502,-2.998,214.333,0
68605,0.206,4.588,50.628,325.781,0.498,-2.994,214.333,0
68606,-0.005,4.529,50.660,325.781,0.507,-2.994,214.637,0
68607,-0.005,4.529,50.693,325.781,0.501,-2.990,214.637,0
68608,-0.005,4.529,50.693,325.781,0.504,-2.994,214.637,0
68609,-0.005,4.529,50.725,325.519,0.505,-3.009,214.637,0
68610,-0.005,4.529,50.758,325.256,0.500,-2.943,214.942,0
68611,-0.005,4.529,50.758,325.256,0.509,-2.796,214.942,0
68612,-0.005,4.529,50.758,325.519,0.502,-2.754,214.942,0
68613,-0.005,4.529,50.791,325.256,0.504,-2.800,215.246,0
68614,-0.005,4.529,50.791,325.256,0.510,-2.858,215.246,0
68615,-0.005,4.529,50.791,324.994,0.502,-2.889,215.550,0
68616,0.106,4.466,50.791,324.994,0.511,-2.912,215.550,0
68617,0.106,4.466,50.791,324.994,0.504,-2.939,215.855,0
68618,0.106,4.466,50.823,324.731,0.506,-2.955,216.159,0
68619,0.106,4.466,50.791,324.731,0.513,-2.963,216.159,0
68620,0.106,4.466,50.823,324.731,0.506,-2.974,216.464,0
68621,0.106,4.466,50.791,324.469,0.511,-2.982,216.464,0
68622,0.106,4.466,50.791,324.206,0.508,-2.986,216.768,0
68623,0.106,4.466,50.791,324.206,0.509,-2.994,216.768,0
68624,0.106,4.466,50.791,324.206,0.515,-2.998,216.768,0
68625,0.106,4.466,50.758,323.944,0.509,-3.002,217.073,0
68626,0.218,4.546,50.758,323.944,0.517,-2.994,217.073,0
68627,0.218,4.546,50.725,323.944,0.512,-2.986,217.073,0
68628,0.218,4.546,50.725,323.681,0.511,-2.982,217.073,0
68629,0.218,4.546,50.693,323.681,0.517,-2.990,216.464,0
68630,0.218,4.546,50.693,323.419,0.510,-3.002,216.768,0
68631,0.218,4.546,50.660,323.419,0.517,-3.002,216.768,0
68632,0.218,4.546,50.660,323.156,0.512,-2.998,217.073,0
68633,0.218,4.546,50.628,323.156,0.516,-2.998,217.073,0
68634,0.218,4.546,50.628,323.156,0.516,-2.998,217.377,0
68635,0.218,4.546,50.595,322.894,0.513,-2.998,217.377,0
68636,0.301,4.624,50.595,322.631,0.521,-3.002,217.377,0
68637,0.301,4.624,50.595,322.894,0.512,-3.002,217.682,0
68638,0.301,4.624,50.595,322.631,0.521,-2.998,217.986,0
68639,0.301,4.624,50.595,322.631,0.516,-2.994,217.986,0
68640,0.301,4.624,50.595,322.631,0.519,-3.002,217.986,0
68641,0.301,4.624,50.595,322.369,0.517,-2.990,218.290,0
68642,0.301,4.624,50.595,322.369,0.517,-2.982,218.290,0
68643,0.301,4.624,50.595,322.369,0.524,-2.982,218.595,0
68644,0.301,4.624,50.628,322.106,0.517,-2.990,218.595,0
68645,0.301,4.624,50.628,322.106,0.525,-2.994,218.595,0
68646,0.383,4.597,50.628,322.106,0.517,-2.994,218.595,0
68647,0.383,4.597,50.660,322.106,0.525,-2.998,218.899,0
68648,0.383,4.597,50.660,322.106,0.518,-2.982,218.899,0
68649,0.383,4.597,50.693,321.844,0.523,-2.994,218.899,0
68650,0.383,4.597,50.693,321.844,0.521,-3.002,218.899,0
68651,0.383,4.597,50.725,321.581,0.520,-2.994,219.204,0
68652,0.383,4.597,50.725,321.844,0.526,-2.990,219.204,0
68653,0.383,4.597,50.758,321.581,0.519,-2.986,219.508,0
68654,0.383,4.597,50.758,321.581,0.529,-3.002,219.508,0
68655,0.383,4.597,50.791,321.581,0.519,-2.982,219.508,0
68656,0.355,4.571,50.791,321.581,0.529,-2.928,219.813,0
68657,0.355,4.571,50.791,321.581,0.523,-2.947,219.813,0
68658,0.355,4.571,50.823,321.581,0.527,-2.963,220.117,0
68659,0.355,4.571,50.823,321.581,0.526,-2.982,220.117,0
68660,0.355,4.571,50.823,321.581,0.525,-3.002,220.117,0
68661,0.355,4.571,50.823,321.581,0.530,-2.994,220.422,0
68662,0.355,4.571,50.791,321.581,0.525,-2.974,220.422,0
68663,0.355,4.571,50.791,321.581,0.533,-2.967,220.422,0
68664,0.355,4.571,50.791,321.581,0.525,-2.974,220.726,0
68665,0.355,4.571,50.791,321.581,0.534,-2.998,220.726,0
68666,0.330,4.391,50.758,321.844,0.525,-2.998,220.726,0
68667,0.330,4.391,50.758,321.844,0.529,-3.002,220.726,0
68668,0.330,4.391,50.758,321.844,0.534,-2.939,220.726,0
68669,0.330,4.391,50.725,322.106,0.525,-2.881,221.031,0
68670,0.330,4.391,50.725,321.844,0.533,-2.893,221.031,0
68671,0.330,4.391,50.693,322.106,0.528,-2.924,221.031,0
68672,0.330,4.391,50.660,322.106,0.529,-2.943,221.335,0
68673,0.330,4.391,50.660,322.369,0.531,-2.967,221.335,0
68674,0.330,4.391,50.660,322.369,0.527,-2.982,221.335,0
68675,0.330,4.391,50.628,322.369,0.529,-2.990,221.335,0
68676,0.413,4.209,50.628,322.369,0.530,-2.994,221.335,0
68677,0.413,4.209,50.595,322.631,0.533,-2.994,221.639,0
68678,0.413,4.209,50.595,322.631,0.531,-2.955,221.639,0
68679,0.413,4.209,50.595,322.631,0.537,-2.967,221.944,0
68680,0.413,4.209,50.563,322.894,0.531,-2.978,221.944,0
68681,0.413,4.209,50.563,322.631,0.533,-2.990,221.944,0
68682,0.413,4.209,50.595,322.894,0.535,-2.994,222.248,0
68683,0.413,4.209,50.563,322.894,0.532,-3.002,222.248,0
68684,0.413,4.209,50.595,322.894,0.539,-2.986,222.248,0
68685,0.413,4.209,50.595,322.894,0.532,-2.936,222.553,0
68686,0.495,4.256,50.595,323.156,0.541,-2.928,222.553,0
68687,0.495,4.256,50.595,323.156,0.532,-2.943,222.553,0
68688,0.495,4.256,50.628,323.419,0.541,-2.955,222.857,0
68689,0.495,4.256,50.628,323.419,0.534,-2.974,222.857,0
68690,0.495,4.256,50.660,323.419,0.540,-2.978,222.857,0
68691,0.495,4.256,50.660,323.419,0.535,-2.986,223.162,0
68692,0.495,4.256,50.693,323.681,0.537,-2.990,223.162,0
68693,0.495,4.256,50.693,323.681,0.541,-2.994,223.162,0
68694,0.495,4.256,50.725,323.944,0.536,-2.994,223.466,0
68695,0.495,4.256,50.758,323.944,0.542,-3.002,223.466,0
68696,0.352,4.306,50.758,323.944,0.536,-3.002,223.466,0
68697,0.352,4.306,50.758,323.944,0.545,-2.990,223.771,0
68698,0.352,4.306,50.791,324.206,0.537,-2.990,223.771,0
68699,0.352,4.306,50.791,324.206,0.547,-2.982,224.075,0
68700,0.352,4.306,50.791,324.206,0.538,-2.990,224.075,0
68701,0.352,4.306,50.791,324.206,0.545,-2.994,224.075,0
68702,0.352,4.306,50.791,324.206,0.541,-2.998,224.075,0
68703,0.352,4.306,50.791,324.206,0.543,-2.986,224.379,0
68704,0.352,4.306,50.823,324.469,0.545,-2.951,224.379,0
68705,0.352,4.306,50.791,324.469,0.541,-2.963,224.379,0
68706,0.208,4.250,50.791,324.469,0.547,-2.978,224.684,0
68707,0.208,4.250,50.791,324.731,0.541,-2.982,224.684,0
68708,0.208,4.250,50.758,324.731,0.546,-3.002,224.684,0
68709,0.208,4.250,50.758,324.994,0.541,-2.994,224.684,0
68710,0.208,4.250,50.758,324.731,0.549,-2.990,224.684,0
68711,0.208,4.250,50.725,324.731,0.541,-2.986,224.988,0
68712,0.208,4.250,50.725,324.994,0.549,-2.982,224.988,0
68713,0.208,4.250,50.693,324.994,0.541,-2.990,224.988,0
68714,0.208,4.250,50.693,325.256,0.549,-2.994,224.988,0
68715,0.208,4.250,50.660,325.256,0.542,-3.005,225.293,0
68716,0.231,4.193,50.660,325.256,0.550,-2.974,225.293,0
68717,0.231,4.193,50.628,325.256,0.545,-2.947,225.293,0
68718,0.231,4.193,50.628,325.519,0.549,-2.955,225.293,0
68719,0.231,4.193,50.595,325.519,0.548,-2.974,225.293,0
68720,0.231,4.193,50.595,325.519,0.549,-2.994,225.597,0
68721,0.231,4.193,50.595,325.781,0.553,-2.994,225.902,0
68722,0.231,4.193,50.595,325.781,0.547,-3.002,225.902,0
68723,0.231,4.193,50.563,325.781,0.554,-3.002,225.902,0
68724,0.231,4.193,50.595,326.044,0.547,-2.998,225.902,0
68725,0.231,4.193,50.563,326.044,0.555,-2.978,226.206,0
68726,0.253,4.203,50.595,326.306,0.547,-2.943,226.206,0
68727,0.253,4.203,50.595,326.569,0.558,-2.951,226.815,0
68728,0.253,4.203,50.595,326.569,0.549,-2.974,226.815,0
68729,0.253,4.203,50.628,326.832,0.556,-2.990,227.119,0
68730,0.253,4.203,50.628,326.832,0.550,-3.002,227.119,0
68731,0.253,4.203,50.660,326.832,0.554,-2.998,227.424,0
68732,0.253,4.203,50.660,327.094,0.554,-2.982,227.424,0
68733,0.253,4.203,50.693,327.094,0.553,-2.982,227.424,0
68734,0.253,4.203,50.725,327.357,0.559,-2.990,227.728,0
68735,0.253,4.203,50.725,327.357,0.553,-3.002,227.728,0
68736,0.301,4.212,50.758,327.094,0.562,-2.994,228.033,0
68737,0.301,4.212,50.758,327.094,0.554,-2.994,228.033,0
68738,0.301,4.212,50.758,327.357,0.563,-2.994,228.337,0
68739,0.301,4.212,50.791,327.357,0.556,-2.994,228.337,0
68740,0.301,4.212,50.791,327.357,0.560,-2.994,228.642,0
68741,0.301,4.212,50.791,327.357,0.560,-2.982,228.946,0
68742,0.301,4.212,50.791,327.357,0.559,-2.963,228.946,0
68743,0.301,4.212,50.791,327.357,0.565,-2.963,228.946,0
68744,0.301,4.212,50.791,327.357,0.559,-2.978,229.251,0
68745,0.301,4.212,50.791,327.357,0.567,-2.986,229.251,0
68746,0.348,4.162,50.791,327.357,0.559,-2.990,229.555,0
68747,0.348,4.162,50.791,327.619,0.569,-3.002,229.555,0
68748,0.348,4.162,50.791,327.619,0.559,-2.990,229.860,0
68749,0.348,4.162,50.758,327.619,0.568,-2.986,229.860,0
68750,0.348,4.162,50.758,327.619,0.563,-2.982,230.164,0
68751,0.348,4.162,50.725,327.357,0.566,-2.990,230.164,0
68752,0.348,4.162,50.725,327.357,0.565,-2.994,230.164,0
68753,0.348,4.162,50.725,327.619,0.568,-2.994,230.468,0
68754,0.348,4.162,50.693,327.619,0.568,-3.002,230.773,0
68755,0.348,4.162,50.693,327.357,0.566,-2.990,230.773,0
68756,0.206,4.113,50.660,327.094,0.570,-2.963,230.773,0
68757,0.206,4.113,50.660,327.094,0.567,-2.955,231.077,0
68758,0.206,4.113,50.628,327.357,0.574,-2.967,231.077,0
68759,0.206,4.113,50.628,327.094,0.567,-2.982,231.382,0
68760,0.206,4.113,50.628,327.094,0.575,-2.986,231.686,0
68761,0.206,4.113,50.595,327.094,0.569,-2.998,231.686,0
68762,0.206,4.113,50.595,326.832,0.576,-3.002,231.991,0
68763,0.206,4.113,50.595,326.569,0.569,-2.990,231.686,0
68764,0.206,4.113,50.595,326.569,0.579,-2.967,232.295,0
68765,0.206,4.113,50.595,326.306,0.570,-2.967,232.295,0
68766,0.066,4.347,50.595,326.306,0.579,-2.982,232.295,0
68767,0.066,4.347,50.595,326.306,0.572,-2.990,232.600,0
68768,0.066,4.347,50.595,326.306,0.580,-3.005,232.600,0
68769,0.066,4.347,50.595,326.306,0.571,-2.994,232.904,0
68770,0.066,4.347,50.628,326.044,0.582,-2.978,232.904,0
68771,0.066,4.347,50.628,325.781,0.572,-2.947,233.208,0
68772,0.066,4.347,50.628,325.781,0.583,-2.951,233.208,0
68773,0.066,4.347,50.660,325.781,0.574,-2.967,233.208,0
68774,0.066,4.347,50.660,325.519,0.584,-2.986,233.513,0
68775,0.066,4.347,50.693,325.519,0.575,-3.002,233.513,0
68776,0.124,4.579,50.725,324.994,0.584,-2.963,233.513,0
68777,0.124,4.579,50.725,325.256,0.578,-2.874,233.817,0
68778,0.124,4.579,50.725,325.256,0.587,-2.823,234.122,0
68779,0.124,4.579,50.758,325.256,0.578,-2.854,234.426,0
68780,0.124,4.579,50.758,324.994,0.588,-2.889,234.426,0
68781,0.124,4.579,50.758,324.994,0.578,-2.924,234.426,0
68782,0.124,4.579,50.791,324.731,0.586,-2.943,234.731,0
68783,0.124,4.579,50.791,324.731,0.582,-2.967,234.731,0
68784,0.124,4.579,50.791,324.469,0.586,-2.978,234.731,0
68785,0.124,4.579,50.791,324.469,0.583,-2.982,235.035,0
68786,0.183,4.728,50.791,324.206,0.587,-2.998,235.035,0
68787,0.183,4.728,50.823,324.469,0.583,-3.002,235.340,0
68788,0.183,4.728,50.823,324.206,0.585,-2.994,235.340,0
68789,0.183,4.728,50.791,324.206,0.587,-2.986,235.644,0
68790,0.183,4.728,50.791,323.944,0.587,-2.978,235.340,0
68791,0.183,4.728,50.791,323.944,0.588,-2.978,235.340,0
68792,0.183,4.728,50.758,323.681,0.586,-2.998,235.644,0
68793,0.183,4.728,50.758,323.681,0.588,-2.998,235.340,0
68794,0.183,4.728,50.758,323.681,0.587,-2.990,235.340,0
68795,0.183,4.728,50.725,323.419,0.587,-2.990,235.340,0
68796,0.173,4.876,50.693,323.156,0.588,-2.986,235.340,0
68797,0.173,4.876,50.693,323.156,0.586,-2.986,235.644,0
68798,0.173,4.876,50.660,323.156,0.591,-3.002,235.949,0
68799,0.173,4.876,50.660,322.894,0.588,-2.986,235.644,0
68800,0.173,4.876,50.660,322.894,0.593,-2.986,235.949,0
68801,0.173,4.876,50.628,322.894,0.585,-2.986,235.949,0
68802,0.173,4.876,50.628,322.631,0.594,-2.990,235.949,0
68803,0.173,4.876,50.595,322.631,0.584,-2.998,235.949,0
68804,0.173,4.876,50.595,322.369,0.595,-3.005,235.949,0
68805,0.173,4.876,50.595,322.369,0.584,-2.990,236.253,0
68806,0.162,5.279,50.595,322.369,0.594,-2.982,236.253,0
68807,0.162,5.279,50.595,322.369,0.584,-2.982,236.253,0
68808,0.162,5.279,50.595,322.369,0.591,-2.986,236.253,0
68809,0.162,5.279,50.595,322.369,0.586,-2.990,236.557,0
68810,0.162,5.279,50.595,322.369,0.595,-2.990,236.557,0
68811,0.162,5.279,50.595,322.106,0.587,-2.998,236.557,0
68812,0.162,5.279,50.628,322.106,0.596,-2.994,236.862,0
68813,0.162,5.279,50.628,322.106,0.587,-2.994,236.862,0
68814,0.162,5.279,50.628,322.106,0.596,-2.974,236.862,0
68815,0.162,5.279,50.660,322.106,0.587,-2.986,236.862,0
68816,0.179,5.681,50.660,322.106,0.590,-2.994,237.166,0
68817,0.179,5.681,50.693,321.844,0.599,-3.002,237.471,0
68818,0.179,5.681,50.725,321.844,0.589,-2.986,237.775,0
68819,0.179,5.681,50.725,321.844,0.600,-2.943,237.775,0
68820,0.179,5.681,50.725,321.844,0.596,-2.932,237.775,0
68821,0.179,5.681,50.725,321.844,0.598,-2.951,237.775,0
68822,0.179,5.681,50.758,321.844,0.593,-2.967,238.384,0
68823,0.179,5.681,50.758,321.581,0.601,-2.978,238.080,0
68824,0.179,5.681,50.791,321.581,0.592,-2.990,238.384,0
68825,0.179,5.681,50.791,321.844,0.603,-2.998,238.384,0
68826,0.196,5.807,50.823,321.581,0.592,-2.994,238.689,0
68827,0.196,5.807,50.791,321.581,0.601,-2.978,238.689,0
68828,0.196,5.807,50.791,321.844,0.594,-2.936,238.689,0
68829,0.196,5.807,50.791,321.844,0.602,-2.951,238.689,0
68830,0.196,5.807,50.791,321.844,0.596,-2.963,238.993,0
68831,0.196,5.807,50.791,321.844,0.602,-2.978,239.297,0
68832,0.196,5.807,50.791,321.844,0.599,-2.998,239.297,0
68833,0.196,5.807,50.758,321.844,0.600,-2.990,239.297,0
68834,0.196,5.807,50.758,322.106,0.601,-2.971,239.602,0
68835,0.196,5.807,50.725,322.106,0.598,-2.974,239.297,0
68836,0.284,5.934,50.725,322.106,0.605,-2.971,239.602,0
68837,0.284,5.934,50.725,322.369,0.600,-3.002,239.602,0
68838,0.284,5.934,50.725,322.106,0.609,-2.959,239.602,0
68839,0.284,5.934,50.693,322.631,0.600,-2.870,239.906,0
68840,0.284,5.934,50.660,322.631,0.608,-2.835,240.211,0
68841,0.284,5.934,50.660,322.631,0.600,-2.866,240.211,0
68842,0.284,5.934,50.628,322.631,0.609,-2.897,239.906,0
68843,0.284,5.934,50.628,322.631,0.600,-2.936,240.211,0
68844,0.284,5.934,50.595,322.631,0.609,-2.943,240.515,0
68845,0.284,5.934,50.595,322.894,0.605,-2.955,240.515,0
68846,0.371,5.962,50.595,322.894,0.607,-2.978,240.820,0
68847,0.371,5.962,50.595,323.156,0.608,-2.982,240.515,0
68848,0.371,5.962,50.595,323.156,0.603,-2.982,240.820,0
68849,0.371,5.962,50.595,323.156,0.613,-2.978,241.124,0
68850,0.371,5.962,50.595,323.156,0.601,-2.986,241.124,0
68851,0.371,5.962,50.595,323.419,0.610,-2.990,241.124,0
68852,0.371,5.962,50.595,323.156,0.603,-2.994,241.124,0
68853,0.371,5.962,50.595,323.419,0.612,-3.002,241.124,0
68854,0.371,5.962,50.628,323.681,0.606,-2.998,241.429,0
68855,0.371,5.962,50.628,323.681,0.611,-2.994,241.429,0
68856,0.263,5.993,50.660,323.681,0.609,-2.978,241.733,0
68857,0.263,5.993,50.660,323.681,0.609,-2.986,242.038,0
68858,0.263,5.993,50.693,323.944,0.615,-2.990,242.038,0
68859,0.263,5.993,50.693,323.944,0.607,-2.994,242.038,0
68860,0.263,5.993,50.725,323.944,0.615,-2.971,242.342,0
68861,0.263,5.993,50.725,324.206,0.608,-2.967,242.646,0
68862,0.263,5.993,50.758,324.206,0.617,-2.974,242.342,0
68863,0.263,5.993,50.758,324.206,0.612,-2.982,242.646,0
68864,0.263,5.993,50.758,324.206,0.615,-2.986,242.646,0
68865,0.263,5.993,50.791,324.469,0.619,-2.990,242.951,0
68866,0.153,6.290,50.791,324.469,0.609,-2.994,243.255,0
68867,0.153,6.290,50.791,324.469,0.618,-2.994,243.255,0
68868,0.153,6.290,50.791,324.731,0.609,-3.002,243.255,0
68869,0.153,6.290,50.823,324.731,0.620,-2.998,243.255,0
68870,0.153,6.290,50.791,324.994,0.613,-2.986,243.560,0
68871,0.153,6.290,50.791,324.994,0.617,-2.990,243.864,0
68872,0.153,6.290,50.791,324.994,0.620,-2.990,243.864,0
68873,0.153,6.290,50.758,324.994,0.613,-2.990,243.560,0
68874,0.153,6.290,50.758,325.256,0.624,-3.005,244.169,0
68875,0.153,6.290,50.758,325.256,0.614,-2.998,244.473,0
68876,0.199,6.587,50.758,325.256,0.623,-2.974,244.169,0
68877,0.199,6.587,50.725,325.256,0.619,-2.978,244.473,0
68878,0.199,6.587,50.725,325.256,0.624,-2.990,244.778,0
68879,0.199,6.587,50.693,325.256,0.624,-2.994,245.082,0
68880,0.199,6.587,50.660,325.519,0.618,-2.998,244.778,0
68881,0.199,6.587,50.693,325.519,0.628,-2.963,245.082,0
68882,0.199,6.587,50.628,325.781,0.616,-2.850,245.082,0
68883,0.199,6.587,50.628,325.519,0.627,-2.727,245.082,0
68884,0.199,6.587,50.628,325.781,0.621,-2.785,245.386,0
68885,0.199,6.587,50.628,325.781,0.625,-2.823,245.386,0
68886,0.246,6.876,50.595,325.781,0.626,-2.858,245.691,0
68887,0.246,6.876,50.595,325.781,0.620,-2.901,245.691,0
68888,0.246,6.876,50.563,326.044,0.630,-2.912,245.691,0
68889,0.246,6.876,50.595,326.306,0.617,-2.932,245.691,0
68890,0.246,6.876,50.595,326.306,0.632,-2.947,246.300,0
68891,0.246,6.876,50.595,326.306,0.620,-2.963,246.300,0
68892,0.246,6.876,50.595,326.306,0.627,-2.974,246.604,0
68893,0.246,6.876,50.595,326.569,0.624,-2.982,246.604,0
68894,0.246,6.876,50.595,326.832,0.625,-2.990,246.604,0
68895,0.246,6.876,50.628,326.832,0.629,-3.002,246.604,0
68896,0.275,7.168,50.628,326.832,0.621,-2.986,246.604,0
68897,0.275,7.168,50.628,327.094,0.632,-2.982,246.909,0
68898,0.275,7.168,50.660,327.094,0.621,-2.990,246.909,0
68899,0.275,7.168,50.693,327.094,0.631,-2.994,246.909,0
68900,0.275,7.168,50.693,327.357,0.621,-3.002,246.909,0
68901,0.275,7.168,50.725,327.357,0.632,-2.994,247.213,0
68902,0.275,7.168,50.725,327.357,0.626,-2.986,247.518,0
68903,0.275,7.168,50.758,327.357,0.628,-2.990,247.518,0
68904,0.275,7.168,50.758,327.094,0.629,-2.994,247.518,0
68905,0.275,7.168,50.791,327.357,0.623,-3.002,247.518,0
68906,0.304,7.451,50.791,327.357,0.633,-2.990,247.822,0
68907,0.304,7.451,50.791,327.357,0.623,-2.986,247.518,0
68908,0.304,7.451,50.791,327.357,0.632,-2.986,247.518,0
68909,0.304,7.451,50.791,327.357,0.623,-2.994,247.213,0
68910,0.304,7.451,50.791,327.619,0.632,-2.998,247.822,0
68911,0.304,7.451,50.791,327.357,0.625,-3.002,248.127,0
68912,0.304,7.451,50.791,327.357,0.629,-2.986,247.822,0
68913,0.304,7.451,50.791,327.357,0.629,-2.986,248.127,0
68914,0.304,7.451,50.758,327.357,0.627,-2.978,248.127,0
68915,0.304,7.451,50.758,327.357,0.634,-2.978,247.822,0
68916,0.209,7.737,50.758,327.357,0.625,-2.990,248.127,0
68917,0.209,7.737,50.758,327.357,0.633,-2.998,248.431,0
68918,0.209,7.737,50.725,327.094,0.625,-2.998,248.431,0
68919,0.209,7.737,50.725,327.094,0.633,-2.994,248.431,0
68920,0.209,7.737,50.725,327.094,0.632,-2.967,248.431,0
68921,0.209,7.737,50.693,327.094,0.630,-2.932,248.431,0
68922,0.209,7.737,50.693,327.094,0.636,-2.866,248.127,0
68923,0.209,7.737,50.660,327.094,0.624,-2.889,248.431,0
68924,0.209,7.737,50.628,326.832,0.635,-2.905,248.431,0
68925,0.209,7.737,50.628,326.832,0.625,-2.932,248.127,0
68926,0.115,7.668,50.595,326.569,0.635,-2.939,248.431,0
68927,0.115,7.668,50.595,326.569,0.632,-2.951,248.735,0
68928,0.115,7.668,50.595,326.569,0.628,-2.959,249.040,0
68929,0.115,7.668,50.595,326.306,0.634,-2.974,248.735,0
68930,0.115,7.668,50.595,326.306,0.625,-2.971,249.040,0
68931,0.115,7.668,50.563,326.306,0.637,-2.982,248.735,0
68932,0.115,7.668,50.595,326.044,0.630,-2.982,248.735,0
68933,0.115,7.668,50.595,325.781,0.631,-2.990,248.735,0
68934,0.115,7.668,50.595,325.781,0.635,-2.998,249.040,0
68935,0.115,7.668,50.628,325.781,0.627,-2.978,248.735,0
68936,0.127,7.599,50.628,325.781,0.637,-2.982,248.735,0
68937,0.127,7.599,50.628,325.519,0.627,-2.974,248.431,0
68938,0.127,7.599,50.660,325.256,0.638,-2.990,248.735,0
68939,0.127,7.599,50.660,325.256,0.631,-2.994,248.735,0
68940,0.127,7.599,50.693,325.256,0.633,-2.967,249.344,0
68941,0.127,7.599,50.693,324.994,0.633,-2.901,249.344,0
68942,0.127,7.599,50.725,324.994,0.628,-2.831,249.344,0
68943,0.127,7.599,50.725,324.731,0.637,-2.866,249.344,0
68944,0.127,7.599,50.758,324.469,0.627,-2.889,249.040,0
68945,0.127,7.599,50.758,324.469,0.634,-2.924,249.040,0
68946,0.139,7.887,50.791,324.469,0.627,-2.947,249.040,0
68947,0.139,7.887,50.791,324.206,0.633,-2.951,249.040,0
68948,0.139,7.887,50.791,324.206,0.631,-2.974,249.040,0
68949,0.139,7.887,50.791,324.206,0.635,-2.986,249.040,0
68950,0.139,7.887,50.791,324.206,0.626,-2.982,249.040,0
68951,0.139,7.887,50.791,324.206,0.633,-3.002,249.040,0
68952,0.139,7.887,50.823,323.944,0.629,-2.982,248.735,0
68953,0.139,7.887,50.791,323.681,0.626,-2.951,248.431,0
68954,0.139,7.887,50.791,323.681,0.634,-2.951,248.127,0
68955,0.139,7.887,50.758,323.681,0.621,-2.959,248.431,0
68956,0.045,8.176,50.758,323.681,0.632,-2.974,248.127,0
68957,0.045,8.176,50.758,323.419,0.633,-2.990,248.127,0
68958,0.045,8.176,50.758,323.156,0.629,-3.002,247.822,0
68959,0.045,8.176,50.725,323.156,0.631,-2.994,248.127,0
68960,0.045,8.176,50.725,323.156,0.620,-2.974,248.127,0
68961,0.045,8.176,50.693,322.894,0.629,-2.947,247.822,0
68962,0.045,8.176,50.693,322.894,0.621,-2.951,247.822,0
68963,0.045,8.176,50.660,322.894,0.631,-2.967,248.127,0
68964,0.045,8.176,50.660,322.631,0.628,-2.974,248.127,0
68965,0.045,8.176,50.628,322.369,0.623,-2.990,248.431,0
68966,-0.048,8.354,50.628,322.369,0.631,-2.994,248.127,0
68967,-0.048,8.354,50.628,322.369,0.619,-2.990,248.127,0
68968,-0.048,8.354,50.595,322.369,0.629,-2.994,247.822,0
68969,-0.048,8.354,50.595,322.369,0.628,-3.002,248.127,0
68970,-0.048,8.354,50.595,322.369,0.624,-2.986,247.822,0
68971,-0.048,8.354,50.595,322.369,0.631,-2.971,247.822,0
68972,-0.048,8.354,50.563,322.106,0.620,-2.982,247.822,0
68973,-0.048,8.354,50.595,322.106,0.632,-2.978,247.822,0
68974,-0.048,8.354,50.595,322.106,0.627,-2.990,248.127,0
68975,-0.048,8.354,50.595,322.369,0.624,-2.982,248.127,0
68976,0.065,8.529,50.628,322.369,0.632,-2.994,248.127,0
68977,0.065,8.529,50.628,322.369,0.623,-2.982,248.127,0
68978,0.065,8.529,50.628,322.106,0.632,-2.986,247.822,0
68979,0.065,8.529,50.660,322.106,0.629,-2.994,248.127,0
68980,0.065,8.529,50.660,322.106,0.624,-2.998,248.431,0
68981,0.065,8.529,50.693,322.106,0.633,-3.002,248.431,0
68982,0.065,8.529,50.725,322.106,0.622,-2.982,248.431,0
68983,0.065,8.529,50.725,322.106,0.632,-2.959,248.127,0
68984,0.065,8.529,50.725,322.106,0.629,-2.947,248.431,0
68985,0.065,8.529,50.758,321.844,0.626,-2.951,248.127,0
68986,0.177,8.588,50.758,322.106,0.632,-2.978,248.127,0
68987,0.177,8.588,50.758,322.106,0.621,-2.978,248.431,0
68988,0.177,8.588,50.791,321.844,0.630,-2.990,248.127,0
68989,0.177,8.588,50.791,322.106,0.628,-2.990,248.127,0
68990,0.177,8.588,50.791,322.106,0.624,-3.002,248.431,0
68991,0.177,8.588,50.823,322.106,0.632,-2.986,248.127,0
68992,0.177,8.588,50.791,322.106,0.621,-2.990,248.127,0
68993,0.177,8.588,50.791,321.844,0.631,-2.982,248.431,0
68994,0.177,8.588,50.791,322.106,0.624,-2.994,248.431,0
68995,0.177,8.588,50.791,322.106,0.629,-3.005,247.822,0
68996,0.208,8.649,50.791,322.106,0.631,-2.986,248.127,0
68997,0.208,8.649,50.758,322.369,0.623,-2.967,248.431,0
68998,0.208,8.649,50.725,322.369,0.631,-2.967,248.127,0
68999,0.208,8.649,50.758,322.106,0.621,-2.978,248.431,0
69000,0.208,8.649,50.725,322.369,0.633,-2.990,248.127,0
69001,0.208,8.649,50.725,322.631,0.628,-2.998,247.822,0
69002,0.208,8.649,50.693,322.631,0.625,-2.994,247.822,0
69003,0.208,8.649,50.693,322.631,0.631,-2.994,248.127,0
69004,0.208,8.649,50.693,322.631,0.620,-2.998,248.127,0
69005,0.208,8.649,50.660,322.631,0.631,-2.994,248.127,0
69006,0.237,8.593,50.628,322.631,0.625,-2.974,248.127,0
69007,0.237,8.593,50.628,322.894,0.627,-2.971,248.127,0
69008,0.237,8.593,50.595,322.894,0.631,-2.978,247.822,0
69009,0.237,8.593,50.595,323.156,0.621,-2.998,248.127,0
69010,0.237,8.593,50.595,323.156,0.629,-3.002,247.822,0
69011,0.237,8.593,50.595,323.156,0.622,-2.994,248.127,0
69012,0.237,8.593,50.563,323.419,0.630,-2.947,248.127,0
69013,0.237,8.593,50.595,323.419,0.630,-2.936,247.822,0
69014,0.237,8.593,50.595,323.419,0.623,-2.955,247.518,0
69015,0.237,8.593,50.595,323.681,0.629,-2.971,247.518,0
69016,0.167,8.538,50.595,323.681,0.620,-2.982,247.822,0
69017,0.167,8.538,50.595,323.681,0.630,-2.990,248.127,0
69018,0.167,8.538,50.595,323.681,0.627,-2.994,248.127,0
69019,0.167,8.538,50.628,323.681,0.625,-3.002,248.127,0
69020,0.167,8.538,50.628,323.944,0.633,-2.998,248.127,0
69021,0.167,8.538,50.660,323.944,0.621,-2.978,248.127,0
69022,0.167,8.538,50.660,323.944,0.631,-2.928,248.127,0
69023,0.167,8.538,50.693,324.206,0.625,-2.924,248.127,0
69024,0.167,8.538,50.693,324.206,0.628,-2.947,248.431,0
69025,0.167,8.538,50.693,324.206,0.628,-2.955,248.127,0
69026,0.097,8.628,50.725,324.206,0.623,-2.967,248.127,0
69027,0.097,8.628,50.758,324.469,0.630,-2.974,247.822,0
69028,0.097,8.628,50.758,324.469,0.622,-2.978,248.127,0
69029,0.097,8.628,50.758,324.731,0.628,-2.986,248.127,0
69030,0.097,8.628,50.791,324.994,0.629,-2.986,248.127,0
69031,0.097,8.628,50.791,324.994,0.620,-2.990,248.431,0
69032,0.097,8.628,50.791,324.994,0.629,-2.990,248.431,0
69033,0.097,8.628,50.791,324.994,0.621,-2.990,248.431,0
69034,0.097,8.628,50.791,325.256,0.630,-2.994,248.127,0
69035,0.097,8.628,50.791,325.256,0.628,-2.990,248.127,0
69036,0.068,8.718,50.791,325.256,0.621,-3.002,248.127,0
69037,0.068,8.718,50.791,325.519,0.629,-2.990,248.431,0
69038,0.068,8.718,50.791,325.256,0.622,-2.978,247.822,0
69039,0.068,8.718,50.758,325.519,0.630,-2.974,247.518,0
69040,0.068,8.718,50.758,325.519,0.629,-2.986,248.431,0
69041,0.068,8.718,50.758,325.519,0.624,-2.990,248.127,0
69042,0.068,8.718,50.725,325.781,0.632,-2.994,248.431,0
69043,0.068,8.718,50.693,325.781,0.620,-3.002,248.431,0
69044,0.068,8.718,50.693,325.781,0.630,-2.982,248.127,0
69045,0.068,8.718,50.693,325.781,0.627,-2.951,248.127,0
69046,0.037,8.435,50.660,326.044,0.627,-2.959,248.431,0
69047,0.037,8.435,50.628,326.044,0.632,-2.967,248.431,0
69048,0.037,8.435,50.628,326.044,0.621,-2.986,248.127,0
69049,0.037,8.435,50.628,326.044,0.631,-2.994,248.127,0
69050,0.037,8.435,50.628,326.306,0.624,-3.002,247.822,0
69051,0.037,8.435,50.595,326.306,0.631,-2.994,248.431,0
69052,0.037,8.435,50.595,326.569,0.631,-2.974,248.735,0
69053,0.037,8.435,50.595,326.306,0.627,-2.978,249.344,0
69054,0.037,8.435,50.595,326.306,0.633,-2.982,248.735,0
69055,0.037,8.435,50.595,326.569,0.623,-3.002,248.735,0
69056,0.298,8.150,50.595,326.569,0.634,-2.998,248.735,0
69057,0.298,8.150,50.595,326.832,0.623,-2.928,248.735,0
69058,0.298,8.150,50.595,326.832,0.632,-2.881,248.735,0
69059,0.298,8.150,50.595,326.832,0.627,-2.901,249.040,0
69060,0.298,8.150,50.595,326.832,0.625,-2.924,248.735,0
69061,0.298,8.150,50.628,327.094,0.633,-2.947,248.735,0
69062,0.298,8.150,50.628,327.094,0.625,-2.971,248.735,0
69063,0.298,8.150,50.660,327.357,0.632,-2.982,248.735,0
69064,0.298,8.150,50.693,327.357,0.622,-2.990,249.040,0
69065,0.298,8.150,50.693,327.094,0.635,-2.994,249.040,0
69066,0.558,8.447,50.725,327.357,0.625,-2.998,249.040,0
69067,0.558,8.447,50.725,327.357,0.628,-2.990,249.040,0
69068,0.558,8.447,50.758,327.357,0.629,-2.978,249.040,0
69069,0.558,8.447,50.758,327.357,0.623,-2.967,249.040,0
69070,0.558,8.447,50.791,327.619,0.632,-2.971,248.735,0
69071,0.558,8.447,50.791,327.619,0.622,-2.986,249.040,0
69072,0.558,8.447,50.791,327.357,0.632,-2.994,249.040,0
69073,0.558,8.447,50.791,327.357,0.624,-2.998,248.735,0
69074,0.558,8.447,50.791,327.357,0.631,-2.994,248.735,0
69075,0.558,8.447,50.791,327.357,0.627,-2.986,248.735,0
69076,0.310,8.749,50.791,327.357,0.628,-2.986,249.040,0
69077,0.310,8.749,50.791,327.357,0.632,-2.994,249.649,0
69078,0.310,8.749,50.758,327.094,0.623,-2.994,249.344,0
69079,0.310,8.749,50.758,327.094,0.631,-2.998,249.040,0
69080,0.310,8.749,50.758,327.094,0.621,-2.994,249.344,0
69081,0.310,8.749,50.725,327.094,0.630,-2.978,249.344,0
69082,0.310,8.749,50.725,327.094,0.622,-2.978,249.344,0
69083,0.310,8.749,50.725,327.094,0.629,-2.994,249.344,0
69084,0.310,8.749,50.725,326.832,0.631,-2.994,249.649,0
69085,0.310,8.749,50.693,326.832,0.620,-2.998,249.344,0
69086,0.063,8.904,50.693,326.832,0.632,-2.998,248.735,0
69087,0.063,8.904,50.693,326.569,0.624,-2.990,249.040,0
69088,0.063,8.904,50.660,326.569,0.625,-2.971,249.040,0
69089,0.063,8.904,50.628,326.569,0.629,-2.978,248.735,0
69090,0.063,8.904,50.628,326.569,0.629,-2.982,248.431,0
69091,0.063,8.904,50.628,326.569,0.624,-2.990,248.735,0
69092,0.063,8.904,50.595,326.306,0.621,-2.994,249.040,0
69093,0.063,8.904,50.595,326.306,0.628,-2.994,249.040,0
69094,0.063,8.904,50.595,326.044,0.618,-2.998,248.735,0
69095,0.063,8.904,50.595,326.044,0.628,-2.998,248.735,0
69096,0.196,9.054,50.595,325.781,0.620,-3.002,248.431,0
69097,0.196,9.054,50.595,325.781,0.626,-2.994,248.431,0
69098,0.196,9.054,50.595,325.781,0.624,-2.974,248.431,0
69099,0.196,9.054,50.628,325.519,0.621,-2.955,248.431,0
69100,0.196,9.054,50.628,325.256,0.629,-2.967,248.735,0
69101,0.196,9.054,50.628,325.256,0.618,-2.982,248.735,0
69102,0.196,9.054,50.628,325.256,0.626,-2.986,248.127,0
69103,0.196,9.054,50.628,324.994,0.619,-3.002,248.127,0
69104,0.196,9.054,50.660,324.994,0.626,-2.994,248.127,0
69105,0.196,9.054,50.660,324.731,0.622,-2.998,248.735,0
69106,0.326,8.900,50.693,324.469,0.623,-2.986,248.431,0
69107,0.326,8.900,50.725,324.469,0.624,-2.994,248.431,0
69108,0.326,8.900,50.725,324.206,0.616,-3.002,248.735,0
69109,0.326,8.900,50.758,324.206,0.625,-2.998,248.431,0
69110,0.326,8.900,50.758,324.206,0.613,-2.978,248.431,0
69111,0.326,8.900,50.758,323.944,0.624,-2.971,248.127,0
69112,0.326,8.900,50.758,323.944,0.618,-2.974,247.822,0
69113,0.326,8.900,50.758,323.681,0.620,-2.994,248.127,0
69114,0.326,8.900,50.791,323.419,0.621,-2.998,247.518,0
69115,0.326,8.900,50.791,323.419,0.612,-3.005,247.518,0
69116,0.432,8.744,50.791,323.419,0.623,-2.943,247.518,0
69117,0.432,8.744,50.791,323.419,0.613,-2.885,247.518,0
69118,0.432,8.744,50.791,323.419,0.623,-2.881,247.822,0
69119,0.432,8.744,50.791,323.156,0.620,-2.908,247.518,0
69120,0.432,8.744,50.758,322.894,0.618,-2.928,247.518,0
69121,0.432,8.744,50.758,322.894,0.624,-2.955,247.518,0
69122,0.432,8.744,50.758,322.894,0.615,-2.974,247.822,0
69123,0.432,8.744,50.725,322.894,0.624,-2.982,247.822,0
69124,0.432,8.744,50.725,322.894,0.617,-2.994,247.518,0
69125,0.432,8.744,50.693,322.631,0.622,-3.002,247.822,0
69126,0.535,8.828,50.693,322.369,0.622,-2.998,247.822,0
69127,0.535,8.828,50.693,322.631,0.614,-2.998,247.518,0
69128,0.535,8.828,50.660,322.369,0.622,-2.982,247.822,0
69129,0.535,8.828,50.660,322.369,0.616,-2.986,247.518,0
69130,0.535,8.828,50.628,322.369,0.623,-2.994,247.822,0
69131,0.535,8.828,50.628,322.369,0.621,-3.002,247.822,0
69132,0.535,8.828,50.628,322.369,0.616,-2.990,247.518,0
69133,0.535,8.828,50.595,322.106,0.623,-2.990,247.518,0
69134,0.535,8.828,50.595,322.106,0.615,-2.982,247.518,0
69135,0.535,8.828,50.595,322.106,0.621,-2.994,247.822,0
69136,0.453,8.915,50.595,322.106,0.621,-2.994,247.822,0
69137,0.453,8.915,50.595,322.106,0.614,-2.990,247.213,0
69138,0.453,8.915,50.595,322.106,0.622,-2.998,247.213,0
69139,0.453,8.915,50.595,322.106,0.615,-2.974,247.213,0
69140,0.453,8.915,50.595,322.106,0.622,-2.978,247.822,0
69141,0.453,8.915,50.628,322.106,0.621,-2.986,247.822,0
69142,0.453,8.915,50.628,322.106,0.613,-2.994,247.822,0
69143,0.453,8.915,50.628,322.106,0.622,-2.998,247.822,0
69144,0.453,8.915,50.660,322.369,0.616,-2.998,247.518,0
69145,0.453,8.915,50.660,322.106,0.620,-3.002,247.518,0
69146,0.371,8.704,50.693,322.106,0.623,-2.998,247.518,0
69147,0.371,8.704,50.725,322.106,0.611,-2.990,247.213,0
69148,0.371,8.704,50.725,322.106,0.619,-2.982,247.213,0
69149,0.371,8.704,50.725,322.106,0.615,-2.974,247.213,0
69150,0.371,8.704,50.758,322.106,0.620,-2.986,247.518,0
69151,0.371,8.704,50.758,322.369,0.621,-2.986,247.822,0
69152,0.371,8.704,50.758,322.369,0.613,-2.990,247.822,0
69153,0.371,8.704,50.791,322.369,0.622,-2.998,247.822,0
69154,0.371,8.704,50.791,322.369,0.611,-2.998,247.518,0
69155,0.371,8.704,50.791,322.106,0.621,-2.986,247.213,0
69156,0.361,8.493,50.791,322.369,0.616,-2.982,247.213,0
69157,0.361,8.493,50.791,322.369,0.619,-2.990,247.213,0
69158,0.361,8.493,50.791,322.369,0.621,-3.002,247.213,0
69159,0.361,8.493,50.791,322.369,0.613,-2.998,247.518,0
69160,0.361,8.493,50.791,322.369,0.623,-2.994,247.213,0
69161,0.361,8.493,50.791,322.369,0.612,-2.990,247.518,0
69162,0.361,8.493,50.758,322.631,0.621,-2.998,247.518,0
69163,0.361,8.493,50.758,322.631,0.619,-2.998,247.518,0
69164,0.361,8.493,50.758,322.631,0.617,-2.916,247.518,0
69165,0.361,8.493,50.725,322.631,0.622,-2.858,247.518,0
69166,0.352,8.740,50.725,322.631,0.613,-2.866,247.213,0
69167,0.352,8.740,50.693,322.631,0.620,-2.901,247.213,0
69168,0.352,8.740,50.693,322.894,0.612,-2.936,246.909,0
69169,0.352,8.740,50.660,322.894,0.620,-2.951,247.213,0
69170,0.352,8.740,50.660,322.894,0.619,-2.963,247.213,0
69171,0.352,8.740,50.628,323.156,0.613,-2.974,247.213,0
69172,0.352,8.740,50.628,323.156,0.620,-2.990,246.909,0
69173,0.352,8.740,50.628,323.156,0.609,-2.994,247.213,0
69174,0.352,8.740,50.595,323.419,0.619,-2.994,246.909,0
69175,0.352,8.740,50.595,323.419,0.614,-3.005,246.909,0
69176,0.275,8.987,50.595,323.419,0.615,-2.974,246.604,0
69177,0.275,8.987,50.563,323.681,0.620,-2.971,246.604,0
69178,0.275,8.987,50.563,323.944,0.611,-2.982,246.604,0
69179,0.275,8.987,50.563,323.944,0.620,-2.990,247.213,0
69180,0.275,8.987,50.595,323.944,0.612,-2.998,246.604,0
69181,0.275,8.987,50.595,323.944,0.618,-2.998,247.213,0
69182,0.275,8.987,50.595,324.206,0.617,-2.986,247.213,0
69183,0.275,8.987,50.628,324.206,0.610,-2.990,246.604,0
69184,0.275,8.987,50.628,324.469,0.620,-2.998,246.909,0
69185,0.275,8.987,50.628,324.469,0.609,-2.998,246.909,0
69186,0.199,8.799,50.660,324.206,0.619,-2.986,246.909,0
69187,0.199,8.799,50.660,324.469,0.616,-2.974,246.909,0
69188,0.199,8.799,50.693,324.469,0.614,-2.955,246.909,0
69189,0.199,8.799,50.693,324.731,0.619,-2.967,246.909,0
69190,0.199,8.799,50.725,324.731,0.609,-2.978,247.213,0
69191,0.199,8.799,50.725,324.731,0.619,-2.986,247.213,0
69192,0.199,8.799,50.758,324.994,0.616,-2.998,246.909,0
69193,0.199,8.799,50.758,324.994,0.615,-2.998,246.909,0
69194,0.199,8.799,50.791,324.994,0.619,-3.002,246.909,0
69195,0.199,8.799,50.791,325.256,0.608,-2.990,246.909,0
69196,0.194,8.609,50.791,325.256,0.620,-2.986,246.909,0
69197,0.194,8.609,50.791,325.519,0.615,-2.978,246.909,0
69198,0.194,8.609,50.791,325.519,0.619,-2.986,247.213,0
69199,0.194,8.609,50.791,325.519,0.621,-2.990,247.518,0
69200,0.194,8.609,50.823,325.519,0.612,-2.994,247.518,0
69201,0.194,8.609,50.791,325.781,0.621,-2.990,247.518,0
69202,0.194,8.609,50.791,326.044,0.613,-2.998,247.518,0
69203,0.194,8.609,50.791,326.044,0.619,-2.994,247.518,0
69204,0.194,8.609,50.791,326.044,0.620,-2.998,247.518,0
69205,0.194,8.609,50.758,326.044,0.613,-2.982,247.518,0
69206,0.188,8.597,50.758,326.044,0.624,-2.978,247.518,0
69207,0.188,8.597,50.725,326.044,0.612,-2.978,248.127,0
69208,0.188,8.597,50.725,326.044,0.623,-2.986,248.127,0
69209,0.188,8.597,50.693,326.306,0.615,-2.994,247.822,0
69210,0.188,8.597,50.693,326.306,0.621,-3.002,248.127,0
69211,0.188,8.597,50.660,326.569,0.619,-3.005,248.127,0
69212,0.188,8.597,50.660,326.569,0.615,-2.978,248.127,0
69213,0.188,8.597,50.660,326.569,0.623,-2.916,248.431,0
69214,0.188,8.597,50.628,326.569,0.616,-2.897,248.127,0
69215,0.188,8.597,50.628,326.569,0.621,-2.924,248.127,0
69216,0.240,8.582,50.595,326.569,0.613,-2.943,248.127,0
69217,0.240,8.582,50.595,326.569,0.623,-2.963,248.127,0
69218,0.240,8.582,50.595,326.832,0.617,-2.974,248.127,0
69219,0.240,8.582,50.595,326.832,0.625,-2.978,248.431,0
69220,0.240,8.582,50.595,326.569,0.615,-2.990,248.431,0
69221,0.240,8.582,50.595,326.569,0.623,-3.002,248.431,0
69222,0.240,8.582,50.595,326.832,0.619,-2.990,248.431,0
69223,0.240,8.582,50.595,326.832,0.621,-2.978,248.735,0
69224,0.240,8.582,50.595,326.832,0.623,-2.959,248.431,0
69225,0.240,8.582,50.628,326.832,0.617,-2.978,248.431,0
69226,0.291,8.634,50.628,326.569,0.623,-2.986,248.735,0
69227,0.291,8.634,50.628,326.569,0.621,-2.998,248.431,0
69228,0.291,8.634,50.660,326.569,0.618,-2.994,248.735,0
69229,0.291,8.634,50.693,326.832,0.625,-2.971,249.040,0
69230,0.291,8.634,50.693,326.569,0.615,-2.936,249.040,0
69231,0.291,8.634,50.725,326.569,0.624,-2.943,249.040,0
69232,0.291,8.634,50.725,326.569,0.617,-2.974,248.735,0
69233,0.291,8.634,50.758,326.569,0.627,-2.982,249.040,0
69234,0.291,8.634,50.758,326.569,0.616,-2.990,249.040,0
69235,0.291,8.634,50.791,326.306,0.625,-3.002,249.040,0
69236,0.345,8.684,50.791,326.569,0.616,-2.978,249.040,0
69237,0.345,8.684,50.791,326.569,0.625,-2.955,249.344,0
69238,0.345,8.684,50.823,326.569,0.621,-2.967,249.344,0
69239,0.345,8.684,50.791,326.569,0.622,-2.978,249.344,0
69240,0.345,8.684,50.823,326.306,0.625,-2.990,249.649,0
69241,0.345,8.684,50.791,326.306,0.617,-2.994,249.344,0
69242,0.345,8.684,50.791,326.306,0.627,-3.002,249.344,0
69243,0.345,8.684,50.791,326.044,0.620,-2.990,249.649,0
69244,0.345,8.684,50.791,326.044,0.626,-2.986,249.649,0
69245,0.345,8.684,50.791,326.044,0.625,-2.982,249.649,0
69246,0.396,8.731,50.758,325.781,0.620,-2.994,249.953,0
69247,0.396,8.731,50.758,325.519,0.628,-2.994,249.649,0
69248,0.396,8.731,50.758,325.519,0.616,-3.002,249.649,0
69249,0.396,8.731,50.725,325.519,0.625,-2.990,249.344,0
69250,0.396,8.731,50.725,325.256,0.620,-2.982,249.344,0
69251,0.396,8.731,50.693,325.256,0.623,-2.986,249.649,0
69252,0.396,8.731,50.693,325.256,0.626,-2.982,249.649,0
69253,0.396,8.731,50.660,325.256,0.617,-2.990,249.649,0
69254,0.396,8.731,50.660,325.256,0.625,-2.994,249.344,0
69255,0.396,8.731,50.628,324.994,0.616,-2.998,249.649,0
69256,0.354,8.778,50.628,324.994,0.623,-2.998,249.649,0
69257,0.354,8.778,50.628,324.994,0.623,-2.998,249.344,0
69258,0.354,8.778,50.595,324.994,0.618,-2.998,249.344,0
69259,0.354,8.778,50.595,324.731,0.628,-2.990,249.953,0
69260,0.354,8.778,50.595,324.731,0.618,-2.986,249.953,0
69261,0.354,8.778,50.563,324.469,0.626,-2.971,250.258,0
69262,0.354,8.778,50.595,324.206,0.620,-2.986,250.562,0
69263,0.354,8.778,50.595,324.206,0.625,-2.990,250.258,0
69264,0.354,8.778,50.595,324.206,0.625,-2.986,250.258,0
69265,0.354,8.778,50.595,323.944,0.620,-2.994,250.562,0
69266,0.311,9.135,50.595,323.681,0.628,-3.005,250.258,0
69267,0.311,9.135,50.628,323.419,0.619,-2.990,249.649,0
69268,0.311,9.135,50.628,323.419,0.628,-2.974,249.953,0
69269,0.311,9.135,50.660,323.156,0.626,-2.951,249.953,0
69270,0.311,9.135,50.660,323.156,0.621,-2.963,249.953,0
69271,0.311,9.135,50.660,322.894,0.629,-2.971,250.258,0
69272,0.311,9.135,50.693,322.894,0.621,-3.002,250.867,0
69273,0.311,9.135,50.725,322.894,0.627,-2.990,250.562,0
69274,0.311,9.135,50.725,322.631,0.630,-2.939,250.562,0
69275,0.311,9.135,50.725,322.369,0.622,-2.959,250.562,0
69276,0.393,9.493,50.758,322.369,0.632,-2.963,250.867,0
69277,0.393,9.493,50.758,322.369,0.623,-2.978,250.867,0
69278,0.393,9.493,50.791,322.369,0.630,-2.998,251.171,0
69279,0.393,9.493,50.791,322.106,0.630,-2.994,250.867,0
69280,0.393,9.493,50.791,322.106,0.624,-3.002,250.867,0
69281,0.393,9.493,50.823,321.844,0.632,-2.994,251.171,0
69282,0.393,9.493,50.823,321.844,0.624,-3.002,251.475,0
69283,0.393,9.493,50.823,321.844,0.630,-2.990,251.171,0
69284,0.393,9.493,50.791,321.844,0.630,-2.990,251.171,0
69285,0.393,9.493,50.791,321.844,0.624,-2.994,251.475,0
69286,0.476,9.818,50.791,321.844,0.631,-3.002,251.475,0
69287,0.476,9.818,50.791,321.581,0.624,-2.955,251.475,0
69288,0.476,9.818,50.758,321.844,0.628,-2.885,251.171,0
69289,0.476,9.818,50.758,321.844,0.630,-2.897,251.171,0
69290,0.476,9.818,50.758,321.844,0.624,-2.920,251.475,0
69291,0.476,9.818,50.725,321.581,0.628,-2.939,250.867,0
69292,0.476,9.818,50.725,321.844,0.622,-2.963,250.867,0
69293,0.476,9.818,50.693,321.844,0.627,-2.971,251.475,0
69294,0.476,9.818,50.693,321.844,0.634,-2.974,251.780,0
69295,0.476,9.818,50.660,321.844,0.625,-2.994,252.084,0
69296,0.442,10.144,50.660,321.844,0.633,-3.002,252.084,0
69297,0.442,10.144,50.628,321.844,0.632,-2.990,252.084,0
69298,0.442,10.144,50.628,322.106,0.626,-2.994,252.389,0
69299,0.442,10.144,50.628,322.106,0.633,-2.998,252.389,0
69300,0.442,10.144,50.595,321.844,0.627,-2.955,252.389,0
69301,0.442,10.144,50.595,321.844,0.631,-2.905,252.389,0
69302,0.442,10.144,50.595,321.844,0.636,-2.905,252.693,0
69303,0.442,10.144,50.595,322.106,0.628,-2.920,253.302,0
69304,0.442,10.144,50.595,322.106,0.636,-2.936,253.302,0
69305,0.442,10.144,50.595,322.106,0.636,-2.959,252.998,0
69306,0.409,10.271,50.595,322.106,0.628,-2.955,253.302,0
69307,0.409,10.271,50.595,322.106,0.634,-2.971,252.998,0
69308,0.409,10.271,50.595,322.106,0.634,-2.974,252.693,0
69309,0.409,10.271,50.628,322.369,0.628,-2.974,252.998,0
69310,0.409,10.271,50.628,322.369,0.637,-2.978,253.302,0
69311,0.409,10.271,50.628,322.369,0.631,-2.982,253.302,0
69312,0.409,10.271,50.660,322.631,0.633,-2.982,253.607,0
69313,0.409,10.271,50.693,322.631,0.638,-2.982,253.911,0
69314,0.409,10.271,50.693,322.631,0.628,-2.986,253.911,0
69315,0.409,10.271,50.725,322.631,0.636,-2.986,253.911,0
69316,0.323,10.397,50.725,322.631,0.635,-2.986,253.911,0
69317,0.323,10.397,50.758,322.894,0.631,-2.990,253.911,0
69318,0.323,10.397,50.758,322.894,0.637,-2.994,254.216,0
69319,0.323,10.397,50.758,322.894,0.631,-2.994,253.911,0
69320,0.323,10.397,50.791,322.894,0.637,-2.994,254.216,0
69321,0.323,10.397,50.791,322.894,0.639,-3.002,254.520,0
69322,0.323,10.397,50.791,322.894,0.632,-3.002,254.520,0
69323,0.323,10.397,50.791,323.156,0.640,-2.982,254.824,0
69324,0.323,10.397,50.791,323.156,0.637,-2.978,254.824,0
69325,0.323,10.397,50.791,323.156,0.633,-2.978,254.824,0
69326,0.237,10.674,50.791,323.156,0.641,-2.990,254.824,0
69327,0.237,10.674,50.791,323.156,0.632,-2.994,254.824,0
69328,0.237,10.674,50.791,323.156,0.637,-2.998,255.129,0
69329,0.237,10.674,50.791,323.156,0.639,-2.994,255.129,0
69330,0.237,10.674,50.758,323.156,0.629,-2.974,254.824,0
69331,0.237,10.674,50.758,323.419,0.637,-2.959,254.824,0
69332,0.237,10.674,50.725,323.419,0.637,-2.963,254.520,0
69333,0.237,10.674,50.725,323.681,0.634,-2.978,255.129,0
69334,0.237,10.674,50.693,323.681,0.640,-2.994,255.129,0
69335,0.237,10.674,50.693,323.681,0.635,-2.998,255.129,0
69336,1.037,10.941,50.693,323.681,0.637,-2.994,255.129,0
69337,1.037,10.941,50.660,323.681,0.641,-2.994,255.433,0
69338,1.037,10.941,50.660,323.944,0.633,-2.982,255.433,0
69339,1.037,10.941,50.628,324.206,0.642,-3.002,255.738,0
69340,1.037,10.941,50.628,324.206,0.640,-3.002,256.042,0
69341,1.037,10.941,50.628,324.206,0.635,-2.982,256.042,0
69342,1.037,10.941,50.595,324.206,0.639,-2.939,255.738,0
69343,1.037,10.941,50.595,324.469,0.638,-2.939,256.042,0
69344,1.037,10.941,50.595,324.731,0.638,-2.963,256.042,0
69345,1.037,10.941,50.595,324.731,0.644,-2.978,256.042,0
69346,1.838,11.396,50.595,324.731,0.638,-2.990,256.347,0
69347,1.838,11.396,50.595,324.731,0.641,-2.998,256.347,0
69348,1.838,11.396,50.595,324.994,0.643,-3.002,256.042,0
69349,1.838,11.396,50.628,324.994,0.636,-3.002,256.347,0
69350,1.838,11.396,50.595,325.256,0.644,-2.978,256.651,0
69351,1.838,11.396,50.628,325.256,0.644,-2.963,256.651,0
69352,1.838,11.396,50.628,325.256,0.634,-2.959,256.347,0
69353,1.838,11.396,50.628,325.519,0.642,-2.978,256.347,0
69354,1.838,11.396,50.660,325.519,0.645,-2.986,256.651,0
69355,1.838,11.396,50.693,325.519,0.634,-2.998,256.347,0
69356,1.189,11.865,50.693,325.519,0.644,-2.990,256.651,0
69357,1.189,11.865,50.725,325.781,0.647,-2.990,256.651,0
69358,1.189,11.865,50.725,326.044,0.644,-2.998,256.651,0
69359,1.189,11.865,50.725,326.044,0.645,-2.978,256.651,0
69360,1.189,11.865,50.758,326.044,0.636,-2.982,256.651,0
69361,1.189,11.865,50.758,326.044,0.646,-2.990,256.651,0
69362,1.189,11.865,50.758,326.044,0.645,-2.990,256.651,0
69363,1.189,11.865,50.791,326.306,0.638,-2.998,257.260,0
69364,1.189,11.865,50.791,326.569,0.646,-2.998,257.564,0
69365,1.189,11.865,50.791,326.569,0.644,-2.990,257.564,0
69366,0.541,11.976,50.791,326.832,0.637,-2.974,257.869,0
69367,0.541,11.976,50.791,326.569,0.644,-2.974,257.869,0
69368,0.541,11.976,50.791,326.832,0.646,-2.971,257.869,0
69369,0.541,11.976,50.791,326.832,0.636,-2.978,258.173,0
69370,0.541,11.976,50.758,326.832,0.647,-2.982,258.173,0
69371,0.541,11.976,50.758,327.094,0.638,-2.978,258.478,0
69372,0.541,11.976,50.758,327.094,0.646,-2.986,258.173,0
69373,0.541,11.976,50.725,327.094,0.644,-2.986,257.869,0
69374,0.541,11.976,50.725,327.094,0.644,-2.998,257.869,0
69375,0.541,11.976,50.693,327.094,0.649,-2.994,257.869,0
69376,0.480,12.082,50.693,327.094,0.641,-2.994,257.869,0
69377,0.480,12.082,50.693,327.094,0.649,-2.994,257.869,0
69378,0.480,12.082,50.660,327.357,0.648,-3.005,258.173,0
69379,0.480,12.082,50.660,327.357,0.641,-2.986,258.173,0
69380,0.480,12.082,50.628,327.357,0.649,-2.978,258.173,0
69381,0.480,12.082,50.628,327.357,0.641,-2.986,257.869,0
69382,0.480,12.082,50.595,327.094,0.648,-2.986,257.869,0
69383,0.480,12.082,50.595,327.094,0.646,-2.998,258.173,0
69384,0.480,12.082,50.595,327.094,0.635,-3.002,257.869,0
69385,0.480,12.082,50.595,327.094,0.649,-2.978,257.869,0
69386,0.419,12.400,50.595,327.094,0.646,-2.905,258.173,0
69387,0.419,12.400,50.595,327.094,0.638,-2.905,257.869,0
69388,0.419,12.400,50.595,326.832,0.648,-2.916,257.869,0
69389,0.419,12.400,50.595,326.832,0.642,-2.939,257.869,0
69390,0.419,12.400,50.595,326.832,0.644,-2.959,257.869,0
69391,0.419,12.400,50.628,326.832,0.646,-2.971,257.869,0
69392,0.419,12.400,50.628,326.569,0.637,-2.978,257.869,0
69393,0.419,12.400,50.628,326.569,0.647,-2.986,257.869,0
69394,0.419,12.400,50.660,326.569,0.645,-2.994,257.869,0
69395,0.419,12.400,50.693,326.569,0.637,-2.994,257.869,0
69396,0.383,12.716,50.693,326.569,0.646,-2.994,257.869,0
69397,0.383,12.716,50.693,326.306,0.642,-2.986,258.173,0
69398,0.383,12.716,50.725,326.569,0.644,-2.998,258.173,0
69399,0.383,12.716,50.758,326.306,0.648,-2.971,258.173,0
69400,0.383,12.716,50.758,326.306,0.638,-2.936,258.173,0
69401,0.383,12.716,50.758,326.306,0.647,-2.847,258.173,0
69402,0.383,12.716,50.791,326.044,0.646,-2.874,258.173,0
69403,0.383,12.716,50.791,326.044,0.637,-2.901,258.173,0
69404,0.383,12.716,50.791,326.044,0.648,-2.924,258.173,0
69405,0.383,12.716,50.791,326.044,0.646,-2.943,258.173,0
69406,0.345,13.204,50.791,326.044,0.641,-2.955,258.173,0
69407,0.345,13.204,50.791,325.781,0.646,-2.963,258.173,0
69408,0.345,13.204,50.791,325.781,0.642,-2.974,258.173,0
69409,0.345,13.204,50.791,325.519,0.644,-2.978,258.173,0
69410,0.345,13.204,50.791,325.519,0.649,-2.986,258.173,0
69411,0.345,13.204,50.791,325.519,0.638,-2.990,258.173,0
69412,0.345,13.204,50.758,325.256,0.647,-2.986,258.173,0
69413,0.345,13.204,50.758,325.256,0.647,-2.990,258.173,0
69414,0.345,13.204,50.758,325.256,0.637,-2.994,258.173,0
69415,0.345,13.204,50.725,324.994,0.646,-2.998,258.173,0
69416,0.360,13.691,50.725,324.994,0.645,-3.002,258.173,0
69417,0.360,13.691,50.693,324.731,0.642,-2.990,258.173,0
69418,0.360,13.691,50.693,324.731,0.647,-2.990,258.173,0
69419,0.360,13.691,50.693,324.731,0.642,-2.982,257.869,0
69420,0.360,13.691,50.660,324.469,0.645,-2.967,258.173,0
69421,0.360,13.691,50.628,324.469,0.648,-2.974,257.869,0
69422,0.360,13.691,50.628,324.206,0.638,-2.974,257.869,0
69423,0.360,13.691,50.628,324.206,0.646,-2.990,258.173,0
69424,0.360,13.691,50.595,324.206,0.648,-2.994,258.173,0
69425,0.360,13.691,50.595,323.944,0.638,-2.982,258.173,0
69426,0.375,14.018,50.595,323.944,0.649,-2.986,258.173,0
69427,0.375,14.018,50.595,323.944,0.643,-2.990,257.869,0
69428,0.375,14.018,50.595,323.419,0.643,-2.986,257.564,0
69429,0.375,14.018,50.595,323.419,0.646,-2.978,257.260,0
69430,0.375,14.018,50.595,323.419,0.640,-2.990,257.260,0
69431,0.375,14.018,50.595,323.156,0.642,-2.994,257.260,0
69432,0.375,14.018,50.595,323.156,0.646,-2.998,257.260,0
69433,0.375,14.018,50.628,322.894,0.637,-2.994,257.260,0
69434,0.375,14.018,50.628,322.894,0.643,-2.994,257.260,0
69435,0.375,14.018,50.660,322.894,0.645,-2.998,257.260,0
69436,0.549,14.344,50.660,322.631,0.638,-3.002,257.260,0
69437,0.549,14.344,50.693,322.369,0.648,-2.994,257.260,0
69438,0.549,14.344,50.693,322.106,0.648,-2.990,257.564,0
69439,0.549,14.344,50.725,322.106,0.637,-2.978,257.260,0
69440,0.549,14.344,50.758,322.106,0.648,-2.986,257.564,0
69441,0.549,14.344,50.758,321.844,0.645,-2.998,257.564,0
69442,0.549,14.344,50.758,321.844,0.639,-2.998,257.564,0
69443,0.549,14.344,50.758,321.844,0.646,-2.998,257.564,0
69444,0.549,14.344,50.791,321.844,0.642,-2.998,257.564,0
69445,0.549,14.344,50.791,321.581,0.641,-2.971,257.564,0
69446,0.722,14.059,50.791,321.844,0.646,-2.955,257.564,0
69447,0.722,14.059,50.791,321.581,0.641,-2.971,257.260,0
69448,0.722,14.059,50.823,321.319,0.644,-2.986,257.260,0
69449,0.722,14.059,50.791,321.319,0.646,-2.994,257.260,0
69450,0.722,14.059,50.791,321.319,0.638,-2.994,257.564,0
69451,0.722,14.059,50.791,321.319,0.647,-3.002,257.260,0
69452,0.722,14.059,50.791,321.319,0.646,-2.963,257.564,0
69453,0.722,14.059,50.758,321.319,0.638,-2.866,257.260,0
69454,0.722,14.059,50.758,321.581,0.646,-2.881,257.260,0
69455,0.722,14.059,50.758,321.581,0.645,-2.901,257.564,0
69456,0.538,13.779,50.725,321.581,0.637,-2.939,257.260,0
69457,0.538,13.779,50.725,321.319,0.646,-2.959,257.260,0
69458,0.538,13.779,50.693,321.581,0.646,-2.967,257.260,0
69459,0.538,13.779,50.693,321.581,0.638,-2.978,257.564,0
69460,0.538,13.779,50.693,321.844,0.646,-2.986,257.260,0
69461,0.538,13.779,50.660,321.844,0.644,-2.990,257.260,0
69462,0.538,13.779,50.660,321.581,0.637,-2.998,257.260,0
69463,0.538,13.779,50.628,321.844,0.647,-2.990,257.260,0
69464,0.538,13.779,50.628,321.844,0.643,-3.005,257.260,0
69465,0.538,13.779,50.628,321.844,0.639,-2.982,257.260,0
69466,0.352,13.960,50.595,321.844,0.644,-2.982,257.260,0
69467,0.352,13.960,50.595,322.106,0.644,-2.978,256.956,0
69468,0.352,13.960,50.595,321.844,0.636,-2.978,256.956,0
69469,0.352,13.960,50.595,321.844,0.644,-2.978,256.956,0
69470,0.352,13.960,50.595,321.844,0.644,-2.986,257.260,0
69471,0.352,13.960,50.595,321.844,0.637,-2.982,257.260,0
69472,0.352,13.960,50.595,321.844,0.646,-2.990,257.260,0
69473,0.352,13.960,50.595,322.106,0.644,-3.002,257.260,0
69474,0.352,13.960,50.628,322.106,0.637,-2.971,256.956,0
69475,0.352,13.960,50.628,322.369,0.646,-2.947,256.956,0
69476,0.587,14.138,50.628,322.369,0.641,-2.943,256.956,0
69477,0.587,14.138,50.660,322.369,0.642,-2.943,257.260,0
69478,0.587,14.138,50.660,322.369,0.644,-2.959,257.260,0
69479,0.587,14.138,50.693,322.369,0.640,-2.967,257.260,0
69480,0.587,14.138,50.693,322.631,0.643,-2.971,257.564,0
69481,0.587,14.138,50.725,322.631,0.646,-2.974,257.564,0
69482,0.587,14.138,50.725,322.631,0.636,-2.967,257.260,0
69483,0.587,14.138,50.758,322.894,0.646,-2.971,257.260,0
69484,0.587,14.138,50.758,322.894,0.646,-2.978,257.564,0
69485,0.587,14.138,50.791,323.156,0.638,-2.974,257.260,0
69486,0.821,14.347,50.791,322.894,0.646,-2.982,257.260,0
69487,0.821,14.347,50.791,323.156,0.644,-2.978,257.260,0
69488,0.821,14.347,50.791,322.894,0.638,-2.978,257.260,0
69489,0.821,14.347,50.791,322.894,0.645,-2.978,257.260,0
69490,0.821,14.347,50.791,323.156,0.645,-2.982,257.260,0
69491,0.821,14.347,50.791,323.156,0.640,-2.978,257.564,0
69492,0.821,14.347,50.791,323.156,0.645,-2.990,257.260,0
69493,0.821,14.347,50.791,323.419,0.640,-2.990,257.564,0
69494,0.821,14.347,50.791,323.419,0.644,-2.986,257.260,0
69495,0.821,14.347,50.758,323.419,0.646,-2.998,257.260,0
69496,0.753,14.559,50.758,323.419,0.636,-2.978,257.260,0
69497,0.753,14.559,50.758,323.419,0.646,-2.986,257.260,0
69498,0.753,14.559,50.725,323.419,0.646,-2.967,257.260,0
69499,0.753,14.559,50.725,323.681,0.638,-2.974,257.260,0
69500,0.753,14.559,50.693,323.681,0.647,-2.998,257.260,0
69501,0.753,14.559,50.693,323.681,0.634,-2.994,257.260,0
69502,0.753,14.559,50.693,323.944,0.648,-2.943,257.564,0
69503,0.753,14.559,50.660,323.944,0.643,-2.912,257.564,0
69504,0.753,14.559,50.660,323.944,0.637,-2.928,257.260,0
69505,0.753,14.559,50.628,323.944,0.645,-2.955,257.260,0
69506,0.684,14.721,50.628,324.206,0.645,-2.955,257.564,0
69507,0.684,14.721,50.628,324.206,0.641,-2.967,257.260,0
69508,0.684,14.721,50.595,324.206,0.638,-2.982,257.260,0
69509,0.684,14.721,50.595,324.206,0.645,-2.994,256.956,0
69510,0.684,14.721,50.595,324.469,0.637,-3.002,256.956,0
69511,0.684,14.721,50.595,324.469,0.644,-2.967,257.260,0
69512,0.684,14.721,50.595,324.731,0.646,-2.924,257.260,0
69513,0.684,14.721,50.595,324.731,0.640,-2.924,257.260,0
69514,0.684,14.721,50.595,324.994,0.646,-2.943,257.260,0
69515,0.684,14.721,50.628,325.256,0.645,-2.959,257.260,0
69516,0.780,14.879,50.628,325.256,0.637,-2.971,257.260,0
69517,0.780,14.879,50.628,325.256,0.645,-2.990,257.260,0
69518,0.780,14.879,50.628,325.256,0.645,-2.982,257.260,0
69519,0.780,14.879,50.660,325.519,0.637,-2.994,257.260,0
69520,0.780,14.879,50.660,325.781,0.645,-2.986,257.260,0
69521,0.780,14.879,50.693,325.781,0.644,-2.998,257.260,0
69522,0.780,14.879,50.693,325.781,0.640,-3.002,257.260,0
69523,0.780,14.879,50.725,325.781,0.647,-2.998,257.260,0
69524,0.780,14.879,50.725,325.781,0.645,-3.002,257.260,0
69525,0.780,14.879,50.758,326.044,0.637,-3.002,257.564,0
69526,0.876,16.044,50.758,326.044,0.645,-2.998,257.564,0
69527,0.876,16.044,50.791,326.306,0.643,-2.990,257.564,0
69528,0.876,16.044,50.791,326.306,0.640,-2.998,258.173,0
69529,0.876,16.044,50.791,326.306,0.648,-2.971,258.173,0
69530,0.876,16.044,50.791,326.306,0.638,-2.971,258.173,0
69531,0.876,16.044,50.791,326.569,0.646,-2.974,258.173,0
69532,0.876,16.044,50.791,326.569,0.644,-2.978,258.173,0
69533,0.876,16.044,50.791,326.569,0.637,-2.986,258.173,0
69534,0.876,16.044,50.791,326.832,0.648,-2.982,258.173,0
69535,0.876,16.044,50.791,327.094,0.644,-2.982,258.173,0
69536,1.002,17.209,50.758,327.094,0.642,-2.990,257.869,0
69537,1.002,17.209,50.758,327.094,0.648,-2.986,257.869,0
69538,1.002,17.209,50.758,327.094,0.637,-2.986,258.173,0
69539,1.002,17.209,50.725,327.094,0.649,-2.982,258.173,0
69540,1.002,17.209,50.725,327.357,0.645,-2.986,258.173,0
69541,1.002,17.209,50.725,327.357,0.641,-2.982,258.173,0
69542,1.002,17.209,50.693,327.357,0.648,-2.986,258.173,0
69543,1.002,17.209,50.693,327.357,0.644,-2.990,258.173,0
69544,1.002,17.209,50.660,327.357,0.645,-2.986,258.173,0
69545,1.002,17.209,50.660,327.357,0.649,-2.990,258.173,0
69546,1.129,15.779,50.628,327.357,0.639,-2.990,258.173,0
69547,1.129,15.779,50.628,327.094,0.648,-2.990,257.869,0
69548,1.129,15.779,50.628,327.094,0.645,-2.990,258.173,0
69549,1.129,15.779,50.595,327.094,0.636,-2.994,257.869,0
69550,1.129,15.779,50.595,327.094,0.645,-2.986,257.869,0
69551,1.129,15.779,50.595,327.094,0.643,-2.990,257.869,0
69552,1.129,15.779,50.595,326.832,0.644,-2.998,257.869,0
69553,1.129,15.779,50.595,326.832,0.648,-2.994,257.869,0
69554,1.129,15.779,50.595,326.832,0.640,-2.986,257.869,0
69555,1.129,15.779,50.595,326.832,0.646,-2.967,258.173,0
69556,0.771,14.354,50.595,326.832,0.648,-2.982,257.869,0
69557,0.771,14.354,50.595,326.832,0.637,-2.994,257.869,0
69558,0.771,14.354,50.595,326.569,0.649,-2.994,257.869,0
69559,0.771,14.354,50.628,326.569,0.645,-3.005,257.869,0
69560,0.771,14.354,50.660,326.569,0.641,-2.978,257.869,0
69561,0.771,14.354,50.660,326.569,0.648,-2.877,258.173,0
69562,0.771,14.354,50.660,326.306,0.640,-2.850,258.173,0
69563,0.771,14.354,50.693,326.306,0.649,-2.881,258.173,0
69564,0.771,14.354,50.725,326.044,0.648,-2.901,258.173,0
69565,0.771,14.354,50.725,326.306,0.639,-2.939,258.173,0
69566,0.413,14.191,50.758,326.044,0.648,-2.939,258.173,0
69567,0.413,14.191,50.758,326.306,0.646,-2.963,258.173,0
69568,0.413,14.191,50.791,326.044,0.640,-2.967,258.173,0
69569,0.413,14.191,50.791,325.781,0.646,-2.974,258.173,0
69570,0.413,14.191,50.823,325.781,0.642,-2.986,257.869,0
69571,0.413,14.191,50.791,325.519,0.644,-2.986,257.869,0
69572,0.413,14.191,50.823,325.519,0.646,-2.994,257.869,0
69573,0.413,14.191,50.823,325.519,0.638,-2.994,257.869,0
69574,0.413,14.191,50.823,325.519,0.645,-2.986,258.173,0
69575,0.413,14.191,50.823,325.519,0.646,-2.978,258.173,0
69576,0.485,14.024,50.791,325.519,0.637,-2.974,257.869,0
69577,0.485,14.024,50.791,325.256,0.648,-2.974,258.173,0
69578,0.485,14.024,50.791,325.256,0.642,-2.982,258.173,0
69579,0.485,14.024,50.758,325.256,0.642,-2.990,258.173,0
69580,0.485,14.024,50.758,324.994,0.648,-2.994,258.173,0
69581,0.485,14.024,50.758,324.994,0.638,-2.982,258.173,0
69582,0.485,14.024,50.758,324.731,0.648,-2.998,258.173,0
69583,0.485,14.024,50.725,324.469,0.647,-2.986,258.173,0
69584,0.485,14.024,50.693,324.469,0.640,-2.998,258.173,0
69585,0.485,14.024,50.693,324.469,0.647,-2.986,258.173,0
69586,0.556,14.419,50.693,324.206,0.643,-2.998,258.173,0
69587,0.556,14.419,50.660,324.206,0.642,-2.967,257.869,0
69588,0.556,14.419,50.628,323.944,0.649,-2.963,257.869,0
69589,0.556,14.419,50.628,323.944,0.637,-2.959,257.869,0
69590,0.556,14.419,50.628,323.681,0.645,-2.971,257.260,0
69591,0.556,14.419,50.628,323.681,0.648,-2.971,257.260,0
69592,0.556,14.419,50.595,323.681,0.636,-2.967,257.260,0
69593,0.556,14.419,50.595,323.419,0.645,-2.974,257.260,0
69594,0.556,14.419,50.595,323.419,0.642,-2.971,257.260,0
69595,0.556,14.419,50.595,323.419,0.637,-2.967,257.260,0
69596,0.407,14.818,50.595,323.419,0.646,-2.978,257.260,0
69597,0.407,14.818,50.595,323.156,0.642,-2.967,257.260,0
69598,0.407,14.818,50.595,322.894,0.640,-2.967,257.260,0
69599,0.407,14.818,50.628,322.894,0.647,-2.982,257.260,0
69600,0.407,14.818,50.628,322.631,0.638,-2.974,257.260,0
69601,0.407,14.818,50.628,322.631,0.646,-2.963,257.260,0
69602,0.407,14.818,50.660,322.631,0.648,-2.967,257.564,0
69603,0.407,14.818,50.660,322.369,0.636,-2.974,257.564,0
69604,0.407,14.818,50.693,322.369,0.646,-2.971,257.564,0
69605,0.407,14.818,50.693,322.369,0.644,-2.974,257.564,0
69606,0.260,14.585,50.725,322.369,0.640,-2.982,257.564,0
69607,0.260,14.585,50.725,322.106,0.645,-2.982,257.564,0
69608,0.260,14.585,50.758,322.106,0.640,-2.998,257.564,0
69609,0.260,14.585,50.758,321.844,0.643,-2.978,257.564,0
69610,0.260,14.585,50.758,321.844,0.647,-3.005,257.564,0
69611,0.260,14.585,50.791,321.581,0.636,-2.963,257.564,0
69612,0.260,14.585,50.791,321.844,0.643,-2.850,257.564,0
69613,0.260,14.585,50.791,321.844,0.642,-2.835,257.564,0
69614,0.260,14.585,50.791,321.581,0.639,-2.874,257.564,0
69615,0.260,14.585,50.791,321.844,0.646,-2.901,257.564,0
69616,1.025,14.343,50.791,321.844,0.638,-2.916,257.564,0
69617,1.025,14.343,50.791,321.844,0.644,-2.932,257.564,0
69618,1.025,14.343,50.791,321.581,0.647,-2.947,257.564,0
69619,1.025,14.343,50.758,321.581,0.638,-2.939,257.564,0
69620,1.025,14.343,50.758,321.844,0.644,-2.959,257.564,0
69621,1.025,14.343,50.758,321.844,0.648,-2.955,257.564,0
69622,1.025,14.343,50.758,321.844,0.636,-2.986,257.564,0
69623,1.025,14.343,50.725,321.844,0.644,-2.982,257.564,0
69624,1.025,14.343,50.693,321.844,0.645,-2.990,257.260,0
69625,1.025,14.343,50.693,321.844,0.638,-2.978,257.564,0
69626,1.792,16.212,50.693,322.106,0.648,-2.986,257.564,0
69627,1.792,16.212,50.660,322.106,0.642,-2.986,257.260,0
69628,1.792,16.212,50.660,322.106,0.637,-2.994,257.260,0
69629,1.792,16.212,50.660,322.106,0.645,-2.998,257.260,0
69630,1.792,16.212,50.628,322.106,0.642,-2.971,257.260,0
69631,1.792,16.212,50.628,322.106,0.640,-2.967,257.260,0
69632,1.792,16.212,50.595,322.369,0.642,-2.971,257.260,0
69633,1.792,16.212,50.595,322.369,0.638,-2.974,257.260,0
69634,1.792,16.212,50.595,322.369,0.642,-2.978,257.260,0
69635,1.792,16.212,50.595,322.631,0.645,-2.986,257.260,0
69636,1.727,18.090,50.595,322.631,0.638,-2.982,257.260,0
69637,1.727,18.090,50.595,322.631,0.642,-2.990,257.260,0
69638,1.727,18.090,50.595,322.631,0.647,-2.986,257.260,0
69639,1.727,18.090,50.595,322.631,0.640,-2.986,257.260,0
69640,1.727,18.090,50.595,322.894,0.642,-2.978,257.260,0
69641,1.727,18.090,50.628,322.894,0.637,-2.986,257.260,0
69642,1.727,18.090,50.628,322.894,0.644,-3.002,257.260,0
69643,1.727,18.090,50.660,322.894,0.645,-2.974,257.564,0
69644,1.727,18.090,50.660,322.894,0.636,-2.955,257.260,0
69645,1.727,18.090,50.660,323.156,0.647,-2.959,257.564,0
69646,1.661,18.303,50.693,323.156,0.645,-2.967,257.564,0
69647,1.661,18.303,50.725,323.419,0.640,-2.967,257.260,0
69648,1.661,18.303,50.725,323.419,0.643,-2.959,257.260,0
69649,1.661,18.303,50.758,323.419,0.642,-2.974,257.564,0
69650,1.661,18.303,50.758,323.419,0.642,-2.974,257.564,0
69651,1.661,18.303,50.758,323.419,0.645,-2.959,257.564,0
69652,1.661,18.303,50.791,323.681,0.636,-2.963,257.260,0
69653,1.661,18.303,50.791,323.681,0.647,-2.974,257.260,0
69654,1.661,18.303,50.791,323.681,0.648,-2.951,257.564,0
69655,1.661,18.303,50.791,323.944,0.638,-2.963,257.260,0
69656,1.494,18.518,50.791,323.944,0.645,-2.951,257.564,0
69657,1.494,18.518,50.791,323.944,0.644,-2.971,257.564,0
69658,1.494,18.518,50.791,323.944,0.642,-2.959,257.564,0
69659,1.494,18.518,50.791,323.944,0.648,-2.971,257.564,0
69660,1.494,18.518,50.791,324.206,0.640,-2.963,257.564,0
69661,1.494,18.518,50.758,324.206,0.646,-2.967,257.564,0
69662,1.494,18.518,50.758,324.469,0.648,-2.971,257.564,0
69663,1.494,18.518,50.758,324.469,0.636,-2.971,257.564,0
69664,1.494,18.518,50.725,324.206,0.648,-2.978,257.564,0
69665,1.494,18.518,50.725,324.469,0.646,-2.974,257.564,0
69666,1.328,19.734,50.725,324.731,0.637,-2.978,257.564,0
69667,1.328,19.734,50.693,324.731,0.645,-2.974,257.564,0
69668,1.328,19.734,50.693,324.731,0.642,-2.982,257.260,0
69669,1.328,19.734,50.660,324.731,0.640,-2.974,257.564,0
69670,1.328,19.734,50.660,324.731,0.646,-2.986,257.260,0
69671,1.328,19.734,50.628,324.731,0.641,-2.998,257.260,0
69672,1.328,19.734,50.628,324.994,0.641,-2.994,257.260,0
69673,1.328,19.734,50.628,324.994,0.646,-3.002,257.260,0
69674,1.328,19.734,50.628,324.994,0.638,-2.986,257.260,0
69675,1.328,19.734,50.595,325.256,0.642,-2.955,257.260,0
69676,1.418,20.946,50.595,325.256,0.645,-2.955,257.260,0
69677,1.418,20.946,50.595,325.519,0.637,-2.955,257.260,0
69678,1.418,20.946,50.595,325.519,0.643,-2.959,257.260,0
69679,1.418,20.946,50.595,325.519,0.644,-2.971,257.260,0
69680,1.418,20.946,50.595,325.781,0.640,-2.990,257.564,0
69681,1.418,20.946,50.595,325.781,0.645,-2.990,257.564,0
69682,1.418,20.946,50.628,326.044,0.647,-2.986,257.564,0
69683,1.418,20.946,50.628,326.044,0.637,-3.005,257.869,0
69684,1.418,20.946,50.628,326.044,0.647,-2.978,258.173,0
69685,1.418,20.946,50.660,326.306,0.649,-2.978,258.173,0
69686,1.509,22.647,50.660,326.306,0.638,-2.971,258.173,0
69687,1.509,22.647,50.660,326.569,0.646,-2.974,258.173,0
69688,1.509,22.647,50.693,326.569,0.644,-2.971,258.173,0
69689,1.509,22.647,50.725,326.832,0.641,-2.974,258.173,0
69690,1.509,22.647,50.725,326.569,0.648,-2.978,258.173,0
69691,1.509,22.647,50.725,326.569,0.638,-2.982,258.173,0
69692,1.509,22.647,50.758,326.832,0.648,-2.990,258.173,0
69693,1.509,22.647,50.758,326.832,0.646,-2.990,258.173,0
69694,1.509,22.647,50.791,326.832,0.641,-2.974,258.173,0
69695,1.509,22.647,50.791,326.832,0.648,-2.998,258.173,0
69696,1.427,24.351,50.791,327.094,0.639,-2.974,258.173,0
69697,1.427,24.351,50.791,327.094,0.649,-2.994,258.173,0
69698,1.427,24.351,50.791,327.094,0.648,-2.982,258.173,0
69699,1.427,24.351,50.791,327.094,0.638,-2.982,258.173,0
69700,1.427,24.351,50.791,327.094,0.648,-2.990,258.173,0
69701,1.427,24.351,50.791,327.094,0.641,-2.982,258.173,0
69702,1.427,24.351,50.758,327.357,0.646,-2.974,258.173,0
69703,1.427,24.351,50.758,327.094,0.650,-2.982,258.173,0
69704,1.427,24.351,50.758,327.094,0.638,-2.978,258.173,0
69705,1.427,24.351,50.758,327.094,0.648,-2.986,258.173,0
69706,1.345,28.134,50.725,327.357,0.643,-2.971,258.173,0
69707,1.345,28.134,50.725,327.094,0.642,-2.967,258.173,0
69708,1.345,28.134,50.693,327.094,0.649,-2.971,257.869,0
69709,1.345,28.134,50.693,327.094,0.637,-2.967,258.173,0