44, 1001
John Shilling
Pacific Northwest National Laboratory
PTR-MS
HiScale IOP1
1, 1
2016, 04, 23, 2016, 11, 08
0
dat_ptrms_utc, seconds_past_midnight,  END of measurement cycle
11
1, 1, 1, 1, 1, 1, 1, 1, 1, 1, 1
-9999, -9999, -9999, -9999, -9999, -9999, -9999, -9999, -9999, -9999, -9999
mz42, ppbv, acetonitrile
mz45, ppbv, acetaldehyde
mz59, ppbv, acetone
mz69, ppbv, isoprene
mz71, ppbv, methacrolein
mz79, ppbv, benzene
mz93, ppbv, toluene
mz107, ppbv, m-xylene
mz121, ppbv, trimethylbenzene
mz137, ppbv, monoterpene
flag, NA, 0=good data, 1=zero period, 2=bad data
1
N/A
18
PI_CONTACT_INFO: 902 Battelle Blvd, K4-28, Richland, WA 99352, john.shilling@pnnl.gov
PLATFORM: DOE ARM SGP site
LOCATION: Lamont, OK
ASSOCIATED_DATA: N/A
INSTRUMENT_INFO: N/A
DATA_INFO: Units: ppbv
UNCERTAINTY: N/A
ULOD_FLAG: -7777
ULOD_VALUE: N/A
LLOD_FLAG: -8888
LLOD_VALUE: N/A
DM_CONTACT_INFO: John Shilling, john.shilling@pnnl.gov
PROJECT_INFO: HiScale
STIPULATIONS_ON_USE: Use of these data require prior ok from PI.
OTHER_COMMENTS: N/A
REVISION: R0

dat_ptrms_utc, mz42, mz45, mz59, mz69, mz71, mz79, mz93, mz107, mz121, mz137, flag
72405.000,0.3076,37.7123,10.3144,1.6349,0.8373,0.4606,0.8955,0.5814,0.1135,0.2853,2.0
72965.000,0.1292,35.8039,5.9773,2.5131,0.5129,0.2577,0.2531,0.1994,-9999.0000,0.1841,2.0
73526.000,0.1304,33.9057,5.6550,2.4048,0.5218,0.2196,0.1917,0.3326,-9999.0000,0.0802,2.0
74086.000,0.0872,31.2814,5.6095,2.2882,0.3878,0.2069,0.1671,0.2000,-9999.0000,0.1061,2.0
74647.000,0.0612,29.0225,5.5986,1.9870,0.5107,0.1551,0.2001,0.1935,-9999.0000,0.1060,2.0
75207.000,0.0913,25.8723,5.2658,2.1707,0.4970,0.1847,0.0960,0.1537,-9999.0000,0.1066,2.0
75768.000,0.1306,25.0961,4.9946,1.4084,0.4334,0.1865,0.2169,0.1008,-9999.0000,0.2349,2.0
76328.000,0.0939,24.4054,5.0779,1.4366,0.4133,0.1734,0.2107,0.1075,-9999.0000,-9999.0000,2.0
76889.000,0.0546,23.2328,4.9216,1.4318,0.5024,0.1087,0.1048,0.1147,-9999.0000,0.1048,2.0
77449.000,0.0659,20.1166,4.4192,1.0108,0.4168,0.1197,0.0893,0.1471,-9999.0000,0.2070,2.0
78010.000,0.0918,20.8674,4.8142,1.1775,0.4954,0.0562,0.1366,0.1697,-9999.0000,0.1042,2.0
78570.000,0.0610,19.1953,4.8213,1.2396,0.3796,0.1146,0.1672,0.1408,-9999.0000,0.1296,2.0
79131.000,0.1235,20.0149,4.4916,0.7635,0.3575,0.1202,-9999.0000,0.0980,-9999.0000,0.2322,2.0
79691.000,0.0465,17.9137,4.2658,0.8951,0.3500,0.1298,0.1582,-9999.0000,-9999.0000,0.0515,2.0
80252.000,0.1314,18.0775,4.3934,0.7314,0.3991,0.1733,0.1923,-9999.0000,-9999.0000,0.1028,2.0
80812.000,0.1047,16.6214,4.0988,0.9997,0.3721,0.0753,-9999.0000,-9999.0000,-9999.0000,0.2060,2.0
81373.000,0.0296,15.7172,3.9410,0.8270,0.2613,0.0374,0.0753,0.1474,-9999.0000,0.2331,2.0
81933.000,-9999.0000,14.7271,3.8585,0.5390,0.3671,0.0368,-9999.0000,0.1322,-9999.0000,0.1541,2.0
82494.000,0.0612,15.2802,3.7290,0.6248,0.2442,0.1140,-9999.0000,0.1236,-9999.0000,0.1530,2.0
83054.000,-9999.0000,14.8609,3.8540,0.3642,0.3214,0.0868,0.1019,0.0945,-9999.0000,0.1776,2.0
83615.000,0.0596,15.5212,3.8753,0.7983,0.4006,0.0632,-9999.0000,-9999.0000,-9999.0000,0.0495,2.0
84175.000,0.0276,14.9290,3.5132,0.4231,0.2959,0.1521,-9999.0000,0.1561,-9999.0000,0.0490,2.0
84736.000,0.0544,14.1330,3.5137,0.5189,0.2432,0.0941,-9999.0000,0.1766,-9999.0000,0.1001,2.0
85296.000,0.0719,13.4999,3.5398,0.6311,0.1976,0.1272,-9999.0000,0.1081,-9999.0000,0.1001,2.0
85857.000,0.0537,13.4159,3.2913,0.6210,0.2482,0.0610,-9999.0000,0.1131,-9999.0000,0.1248,2.0
86417.000,0.0752,12.9834,3.3767,0.5192,0.2522,0.0471,-9999.0000,-9999.0000,-9999.0000,0.1238,2.0
86978.000,0.0516,12.4782,3.2549,0.5764,0.3622,0.1200,-9999.0000,0.0995,-9999.0000,0.2015,2.0
87538.000,0.0477,11.6903,3.0548,0.4797,0.3011,0.0677,-9999.0000,0.0984,-9999.0000,0.1239,2.0
88099.000,0.0580,11.3301,3.1583,0.4429,0.3808,0.1195,0.0474,0.1394,-9999.0000,0.1493,2.0
88659.000,0.0769,10.8603,3.1727,0.4257,0.2933,0.0930,-9999.0000,0.1995,-9999.0000,0.1740,2.0
89219.000,0.0975,9.4140,2.8242,0.3233,0.3092,0.0721,-9999.0000,-9999.0000,-9999.0000,0.0715,2.0
89780.000,0.0518,8.8107,2.7809,0.2054,0.2630,0.0528,0.0499,0.1349,-9999.0000,0.1970,2.0
90340.000,-9999.0000,8.0781,2.7809,0.1996,0.2218,0.0833,-9999.0000,-9999.0000,-9999.0000,0.1455,2.0
90901.000,0.0602,7.9534,2.6090,-9999.0000,0.2655,-9999.0000,-9999.0000,-9999.0000,-9999.0000,0.1975,2.0
91461.000,0.0346,7.7610,2.6487,0.1274,0.2727,0.0735,-9999.0000,0.1019,-9999.0000,0.0961,2.0
92022.000,0.0471,7.1596,2.4842,0.1122,0.1735,0.0347,-9999.0000,-9999.0000,-9999.0000,0.0955,2.0
92582.000,0.0723,7.2827,2.5245,0.2529,0.2309,-9999.0000,-9999.0000,0.1267,-9999.0000,0.1201,2.0
93143.000,-9999.0000,6.2943,2.3563,-9999.0000,0.1932,0.0795,-9999.0000,-9999.0000,-9999.0000,0.1203,2.0
93703.000,0.0322,6.2935,2.3938,-9999.0000,0.2403,0.0484,-9999.0000,-9999.0000,-9999.0000,0.0443,2.0
94264.000,0.0403,6.5370,2.2880,0.3611,0.2049,0.0597,-9999.0000,0.1256,-9999.0000,0.0690,2.0
94824.000,0.0461,6.3061,2.4256,0.2017,0.2294,0.0528,-9999.0000,0.1042,-9999.0000,0.1436,2.0
95385.000,0.0285,6.3550,2.4632,-9999.0000,0.1801,0.0542,-9999.0000,-9999.0000,-9999.0000,0.0939,2.0
95945.000,0.0552,5.7196,2.3290,0.1615,0.2282,-9999.0000,-9999.0000,-9999.0000,-9999.0000,0.0927,2.0
96506.000,-9999.0000,5.9089,2.4090,0.3706,0.2580,0.0923,-9999.0000,-9999.0000,-9999.0000,0.0933,2.0
97066.000,-9999.0000,5.5751,2.1910,-9999.0000,0.2344,-9999.0000,-9999.0000,-9999.0000,-9999.0000,0.1189,2.0
97627.000,-9999.0000,5.6329,2.4399,-9999.0000,0.2898,0.0413,-9999.0000,-9999.0000,-9999.0000,0.0423,2.0
98187.000,-9999.0000,5.6807,2.4030,0.2875,0.2723,0.1440,-9999.0000,-9999.0000,-9999.0000,0.0927,2.0
98748.000,0.0587,5.3904,2.4959,-9999.0000,0.2713,0.0354,-9999.0000,-9999.0000,-9999.0000,0.0419,2.0
99308.000,-9999.0000,5.6553,2.2464,-9999.0000,0.2377,0.0351,-9999.0000,-9999.0000,-9999.0000,0.1168,2.0
99869.000,-9999.0000,5.4340,2.4337,-9999.0000,0.2753,0.0410,-9999.0000,0.1081,-9999.0000,0.0662,2.0
100429.000,-9999.0000,5.5216,2.2841,-9999.0000,0.1724,0.0602,-9999.0000,-9999.0000,-9999.0000,0.0910,2.0
100990.000,0.0717,5.4983,2.2917,-9999.0000,0.2573,0.0670,-9999.0000,-9999.0000,-9999.0000,0.1160,2.0
101550.000,-9999.0000,4.9429,2.1634,-9999.0000,0.3401,0.1106,-9999.0000,-9999.0000,-9999.0000,0.1404,2.0
102111.000,-9999.0000,5.0456,2.3457,-9999.0000,0.2100,0.0409,-9999.0000,-9999.0000,-9999.0000,0.0899,2.0
102671.000,0.0700,4.9260,2.0564,0.2564,0.1513,-9999.0000,-9999.0000,-9999.0000,-9999.0000,0.0397,2.0
103232.000,-9999.0000,4.9279,2.1835,-9999.0000,0.1974,0.0599,-9999.0000,-9999.0000,-9999.0000,0.0645,2.0
103792.000,0.0544,4.8850,2.4044,-9999.0000,0.2479,0.0595,-9999.0000,-9999.0000,-9999.0000,0.1386,2.0
104353.000,-9999.0000,5.0873,2.2129,-9999.0000,0.2267,0.0809,-9999.0000,-9999.0000,-9999.0000,0.0645,2.0
104913.000,0.0586,4.7956,2.4929,-9999.0000,0.2102,0.0538,-9999.0000,-9999.0000,-9999.0000,0.0388,2.0
105474.000,0.0341,4.7468,2.4399,-9999.0000,0.2894,0.0357,-9999.0000,-9999.0000,-9999.0000,0.1137,2.0
106034.000,0.0527,4.8891,2.1220,-9999.0000,0.2105,0.0477,-9999.0000,-9999.0000,-9999.0000,0.0881,2.0
106594.000,-9999.0000,4.7547,2.2767,-9999.0000,0.1794,0.0610,-9999.0000,-9999.0000,-9999.0000,0.0631,2.0
107155.000,0.0899,4.6541,2.3014,-9999.0000,0.1413,-9999.0000,-9999.0000,0.1314,-9999.0000,0.1631,2.0
107715.000,0.0479,4.4628,2.4231,-9999.0000,0.1735,0.0614,-9999.0000,-9999.0000,-9999.0000,0.0626,2.0
108276.000,0.0374,4.3149,2.2504,-9999.0000,0.1722,0.0481,-9999.0000,-9999.0000,-9999.0000,0.0372,2.0
108836.000,0.0300,4.4189,2.2560,-9999.0000,0.2473,0.0785,0.0654,-9999.0000,-9999.0000,-9999.0000,2.0
109397.000,0.0427,4.1772,2.1305,-9999.0000,0.1895,-9999.0000,-9999.0000,-9999.0000,-9999.0000,0.0365,2.0
109957.000,0.0385,4.1612,2.2412,-9999.0000,0.2703,0.1455,-9999.0000,-9999.0000,-9999.0000,0.0361,2.0
110518.000,0.0478,4.2065,2.2458,-9999.0000,0.2303,0.0547,-9999.0000,-9999.0000,-9999.0000,0.0362,2.0
111078.000,0.0431,4.5131,2.2274,-9999.0000,0.2276,0.1032,0.0476,-9999.0000,-9999.0000,0.0851,2.0
111639.000,0.0499,4.3521,2.0333,-9999.0000,0.1196,0.0475,-9999.0000,0.0995,-9999.0000,0.1096,2.0
112199.000,-9999.0000,4.1037,2.1018,-9999.0000,0.1982,0.0611,-9999.0000,-9999.0000,-9999.0000,0.0602,2.0
112760.000,0.0742,4.0702,2.1368,-9999.0000,0.1690,0.0838,-9999.0000,-9999.0000,-9999.0000,0.0594,2.0
113320.000,0.0642,4.2814,1.9374,-9999.0000,0.1745,0.0709,-9999.0000,-9999.0000,-9999.0000,-9999.0000,2.0
113881.000,0.0726,4.1347,2.1351,-9999.0000,0.0876,0.0351,-9999.0000,0.1308,-9999.0000,0.1823,2.0
114441.000,0.0438,3.9402,2.0851,-9999.0000,0.1510,0.0971,-9999.0000,-9999.0000,-9999.0000,0.0833,2.0
115002.000,0.0518,3.5701,1.9964,-9999.0000,0.1932,0.0586,-9999.0000,-9999.0000,-9999.0000,0.0825,2.0
115562.000,-9999.0000,3.5751,1.9051,-9999.0000,0.2369,0.0953,-9999.0000,-9999.0000,-9999.0000,0.0821,2.0
116123.000,0.0469,3.7524,1.7032,-9999.0000,0.1716,0.0693,-9999.0000,-9999.0000,-9999.0000,0.0571,2.0
116683.000,0.0544,3.5008,2.0026,-9999.0000,0.1416,0.0947,-9999.0000,-9999.0000,-9999.0000,0.0570,2.0
117244.000,-9999.0000,3.2045,1.9465,-9999.0000,0.1427,0.0833,-9999.0000,-9999.0000,-9999.0000,-9999.0000,2.0
117804.000,-9999.0000,3.2923,1.8014,-9999.0000,0.1091,0.0632,-9999.0000,-9999.0000,-9999.0000,0.1044,2.0
118365.000,-9999.0000,3.3847,1.8650,-9999.0000,0.1150,0.0812,-9999.0000,0.0972,-9999.0000,-9999.0000,2.0
118925.000,0.0602,3.3475,1.8333,-9999.0000,0.1156,0.0574,-9999.0000,-9999.0000,-9999.0000,-9999.0000,2.0
119486.000,0.0365,3.1037,1.9261,0.1806,0.1482,0.0644,-9999.0000,-9999.0000,-9999.0000,0.0557,2.0
120046.000,0.0291,3.2445,1.7809,-9999.0000,0.1278,0.1058,-9999.0000,-9999.0000,-9999.0000,-9999.0000,2.0
120607.000,0.0594,3.0086,1.7438,-9999.0000,-9999.0000,0.0868,-9999.0000,0.1144,-9999.0000,0.1265,2.0
121167.000,-9999.0000,3.2215,1.7245,-9999.0000,0.1266,0.0685,-9999.0000,-9999.0000,-9999.0000,0.0543,2.0
121728.000,0.0288,3.0720,1.8699,-9999.0000,-9999.0000,0.0991,-9999.0000,-9999.0000,-9999.0000,-9999.0000,2.0
122288.000,0.0390,2.9774,1.6935,-9999.0000,0.0906,0.0635,-9999.0000,0.1464,-9999.0000,0.0781,2.0
122849.000,0.0442,3.1340,1.6853,-9999.0000,0.0710,0.0626,-9999.0000,-9999.0000,-9999.0000,0.0774,2.0
123409.000,0.0351,2.8095,1.6216,-9999.0000,0.0772,0.0747,0.0907,0.1123,-9999.0000,0.1010,2.0
123969.000,-9999.0000,2.8829,1.6408,-9999.0000,-9999.0000,0.0450,-9999.0000,0.1573,-9999.0000,0.0531,2.0
124530.000,0.0591,2.6669,1.5978,-9999.0000,0.0704,0.0680,-9999.0000,-9999.0000,-9999.0000,-9999.0000,2.0
125090.000,-9999.0000,2.7096,1.6283,-9999.0000,-9999.0000,-9999.0000,-9999.0000,-9999.0000,-9999.0000,0.0525,2.0
125651.000,-9999.0000,2.7689,1.5370,-9999.0000,-9999.0000,0.0781,-9999.0000,-9999.0000,-9999.0000,0.0749,2.0
126211.000,-9999.0000,2.7885,1.4481,-9999.0000,-9999.0000,0.0603,-9999.0000,0.1574,-9999.0000,-9999.0000,2.0
126772.000,0.0282,2.9222,1.6031,-9999.0000,0.0942,-9999.0000,-9999.0000,-9999.0000,-9999.0000,0.0512,2.0
127332.000,0.0643,2.6923,1.6744,-9999.0000,-9999.0000,0.1264,0.0480,-9999.0000,-9999.0000,0.0979,2.0
127893.000,0.0538,2.6763,1.6786,-9999.0000,-9999.0000,0.0776,-9999.0000,-9999.0000,-9999.0000,0.1437,2.0
128453.000,-9999.0000,2.8197,1.5538,-9999.0000,0.0684,0.1015,-9999.0000,-9999.0000,-9999.0000,0.0734,2.0
129014.000,0.0331,2.8862,1.5361,-9999.0000,0.1046,0.0719,0.0695,0.1297,-9999.0000,-9999.0000,2.0
129574.000,0.0465,3.1391,1.8448,-9999.0000,0.1057,0.1025,0.0826,0.0991,-9999.0000,0.0731,2.0
130135.000,0.0675,3.1798,1.5606,-9999.0000,0.0933,0.1081,0.0481,0.1424,-9999.0000,0.1665,2.0
130695.000,-9999.0000,3.1164,1.7344,-9999.0000,0.1361,0.0493,-9999.0000,0.1298,-9999.0000,0.0960,2.0
131256.000,0.0496,3.4075,1.8423,-9999.0000,0.0667,0.0527,-9999.0000,0.1318,-9999.0000,0.0943,2.0
131816.000,-9999.0000,3.9387,1.7756,-9999.0000,0.1813,0.0651,-9999.0000,-9999.0000,-9999.0000,0.1176,2.0
132377.000,0.0422,3.7133,1.7490,-9999.0000,0.1398,0.0420,-9999.0000,-9999.0000,-9999.0000,0.0942,2.0
132937.000,-9999.0000,4.1236,1.8257,-9999.0000,0.1212,-9999.0000,0.0909,0.0942,-9999.0000,0.0706,2.0
133498.000,0.0509,4.3909,1.9375,-9999.0000,0.1416,0.0685,-9999.0000,0.1092,-9999.0000,-9999.0000,2.0
134058.000,0.0440,4.8218,2.1674,-9999.0000,0.1898,0.0726,-9999.0000,-9999.0000,-9999.0000,0.1641,2.0
134619.000,0.0649,4.9362,2.0108,-9999.0000,0.2508,0.0700,-9999.0000,0.0981,-9999.0000,-9999.0000,2.0
162206.000,0.1521,10.7530,4.4513,0.5702,0.4170,0.1696,0.3268,0.1924,-9999.0000,0.1338,2.0
162727.000,0.6500,5.8602,5.4429,1.5528,0.5838,0.0520,0.4277,0.2512,-9999.0000,0.2438,2.0
163247.000,0.7156,4.3696,5.3767,1.8809,0.5943,0.0599,0.5218,0.2219,-9999.0000,0.1824,2.0
163768.000,0.6364,4.5007,5.4208,1.7718,0.6275,0.0478,0.4690,0.2820,-9999.0000,0.1806,2.0
164288.000,0.7100,4.2928,5.4965,2.0555,0.4895,0.0861,0.3969,0.1901,-9999.0000,0.2236,2.0
164808.000,0.6414,3.9643,5.2557,1.6439,0.5201,0.1089,0.3210,0.1970,-9999.0000,0.1163,2.0
165329.000,0.2047,12.2163,3.8094,0.6329,0.3583,0.0903,0.1489,0.2329,-9999.0000,-9999.0000,2.0
165849.000,0.1214,10.9089,3.5106,0.4863,0.3634,0.1572,0.1446,0.1997,-9999.0000,0.0916,2.0
166370.000,0.0573,10.0373,3.6334,0.3375,0.2246,0.1288,0.0759,0.1855,-9999.0000,0.1742,2.0
166890.000,0.1135,9.8921,3.5912,0.2705,0.1944,0.0881,0.1346,0.1876,-9999.0000,0.1121,2.0
167411.000,0.0883,8.6539,3.2526,0.2037,0.1686,0.0487,0.1246,0.2214,-9999.0000,0.0684,2.0
167931.000,0.0383,7.7284,3.4343,0.3060,0.2236,0.0546,0.0553,0.1276,-9999.0000,-9999.0000,2.0
168452.000,0.0877,8.7168,3.3138,0.2351,0.2798,0.1004,-9999.0000,0.2138,-9999.0000,0.1089,2.0
168972.000,0.0647,8.9498,3.6145,0.2522,0.2047,0.0667,-9999.0000,0.2306,-9999.0000,0.1948,2.0
169493.000,0.0766,8.1969,3.4379,0.4076,0.2507,0.1127,0.0710,0.1658,-9999.0000,0.1511,2.0
170013.000,0.0580,8.2449,3.4115,-9999.0000,0.2563,0.0497,0.0663,0.1712,-9999.0000,0.2135,2.0
170533.000,0.0555,7.9419,3.3394,0.0980,0.2833,0.0498,0.0513,0.2211,-9999.0000,0.1924,2.0
171054.000,0.0731,8.3158,3.5618,0.2129,0.1990,0.1513,0.0989,0.1893,-9999.0000,0.1095,2.0
171574.000,0.0427,7.7761,3.3722,0.2321,0.2193,0.1134,0.0521,0.2602,-9999.0000,0.0878,2.0
172095.000,0.0754,7.9450,3.4788,0.1261,0.2465,0.0820,-9999.0000,0.1036,-9999.0000,0.1712,2.0
172615.000,0.0768,7.3745,3.1848,0.1430,0.2539,0.0936,0.0592,0.1889,-9999.0000,0.0880,2.0
173136.000,0.0830,7.3384,3.3456,0.1140,0.2441,0.0677,0.1163,0.2290,-9999.0000,0.0459,2.0
173656.000,0.0699,7.0231,3.1491,0.1499,0.2511,0.0397,0.0726,0.1633,-9999.0000,0.0658,2.0
174177.000,0.0858,7.2207,3.0623,0.1379,0.1949,0.0730,-9999.0000,0.1660,-9999.0000,0.1504,2.0
174697.000,0.0353,6.7857,3.2121,0.1310,0.1758,0.1080,0.1133,0.2294,-9999.0000,0.0860,2.0
175217.000,0.0617,6.6116,3.0778,-9999.0000,0.2328,0.0624,-9999.0000,0.1877,-9999.0000,0.0868,2.0
175738.000,0.0932,6.2290,2.9775,0.0947,0.2367,0.1197,0.0593,0.2194,-9999.0000,0.1696,2.0
176258.000,0.0357,6.3465,3.0479,0.1133,0.2509,0.1133,-9999.0000,0.1113,-9999.0000,0.1268,2.0
176779.000,0.0641,5.7667,2.8595,-9999.0000,0.2009,0.0496,-9999.0000,0.2478,-9999.0000,0.1256,2.0
177299.000,0.0664,5.9482,2.9416,-9999.0000,0.1716,0.0459,0.0798,0.2067,-9999.0000,0.1686,2.0
177820.000,0.0365,5.3850,2.7196,-9999.0000,0.2676,0.0823,0.0994,0.1720,-9999.0000,0.1886,2.0
178340.000,0.1031,5.5364,3.0587,0.1578,0.2748,0.0752,0.1929,0.1664,-9999.0000,0.1288,2.0
178861.000,0.8483,4.3387,3.8659,0.9642,0.4386,0.0336,0.5293,0.2720,-9999.0000,0.1085,2.0
179381.000,0.8066,3.4766,3.9685,0.8566,0.6331,0.0651,0.5508,0.2009,-9999.0000,0.1925,2.0
179902.000,0.9468,3.4637,3.6038,1.0295,0.4909,0.0560,0.5952,0.1868,-9999.0000,0.2159,2.0
180422.000,1.0589,3.8090,3.7317,0.7822,0.5232,-9999.0000,0.5870,0.2343,-9999.0000,0.0644,2.0
180942.000,0.8096,3.7195,3.6555,0.9598,0.5452,0.0653,0.6234,0.2511,-9999.0000,0.2129,2.0
181463.000,0.0511,6.8106,3.2234,0.1619,0.3273,0.1064,0.0484,0.1401,-9999.0000,0.0421,2.0
181983.000,0.0306,5.0203,2.7415,0.2529,0.3287,0.0993,-9999.0000,0.1539,-9999.0000,0.1038,2.0
182504.000,0.0651,4.7247,2.9390,0.1331,0.2253,0.0830,0.0710,0.2194,-9999.0000,0.1032,2.0
183024.000,0.0450,4.5173,2.6934,0.1175,0.2494,0.0401,0.0590,0.2162,-9999.0000,0.1019,2.0
183545.000,0.0270,4.4709,2.7915,-9999.0000,0.2771,-9999.0000,-9999.0000,0.1559,-9999.0000,0.1433,2.0
184065.000,0.0479,4.4808,2.9507,0.1093,0.2120,0.1284,-9999.0000,0.1877,-9999.0000,0.0807,2.0
184586.000,0.0613,4.0511,2.7130,-9999.0000,0.2971,0.0765,-9999.0000,0.1873,-9999.0000,0.1010,2.0
185106.000,0.0851,4.3262,2.8504,-9999.0000,0.2383,0.0401,0.0593,0.1812,-9999.0000,0.1623,2.0
185626.000,-9999.0000,4.2871,2.6871,0.1127,0.2807,0.1024,-9999.0000,0.1367,-9999.0000,0.1209,2.0
186147.000,0.0548,3.8687,2.3842,-9999.0000,0.2243,0.0306,0.0561,0.2101,-9999.0000,0.1008,2.0
186667.000,0.0570,4.1101,2.6916,-9999.0000,0.2339,0.0822,0.0605,0.1645,-9999.0000,0.2032,2.0
187188.000,0.0615,4.0317,2.5050,0.1051,0.2536,0.0711,0.0744,0.2176,-9999.0000,0.0993,2.0
187708.000,0.0562,4.0813,2.5403,0.1271,0.1898,0.0659,0.0693,0.1785,-9999.0000,0.0990,2.0
188229.000,0.0438,3.9816,2.5711,-9999.0000,0.2014,0.0976,0.0953,-9999.0000,-9999.0000,0.0375,2.0
188749.000,-9999.0000,3.9632,2.4860,-9999.0000,0.1597,0.0462,-9999.0000,0.1742,-9999.0000,0.1609,2.0
189270.000,0.0575,3.6840,2.6311,-9999.0000,0.1964,0.0563,0.0659,0.1898,-9999.0000,0.0987,2.0
189790.000,0.0580,3.8242,2.4447,-9999.0000,0.1544,0.1190,-9999.0000,0.1846,-9999.0000,0.0781,2.0
190310.000,0.0465,3.7141,2.4142,-9999.0000,0.2164,0.0455,0.0552,0.2315,-9999.0000,0.1385,2.0
190831.000,0.0787,3.6973,2.2466,-9999.0000,0.1640,0.0871,-9999.0000,0.1879,-9999.0000,0.0771,2.0
191351.000,0.0761,3.5628,2.4187,-9999.0000,0.2116,0.0355,0.0609,0.2423,-9999.0000,0.0973,2.0
191872.000,0.0704,3.5209,2.3242,-9999.0000,0.2792,0.0661,-9999.0000,0.1861,-9999.0000,0.0762,2.0
192392.000,0.0466,3.5955,2.3831,-9999.0000,0.1734,0.0300,-9999.0000,0.2071,-9999.0000,0.1166,2.0
192913.000,0.0341,3.4047,2.3439,-9999.0000,0.1743,0.0768,-9999.0000,0.1587,-9999.0000,0.1372,2.0
193433.000,0.1353,3.2358,2.4745,-9999.0000,0.2175,0.0929,0.0720,0.1922,-9999.0000,0.0555,2.0
193954.000,0.1017,3.1592,2.2975,-9999.0000,0.2254,0.1016,0.1095,0.1999,-9999.0000,-9999.0000,2.0
194474.000,0.0522,3.1593,2.4021,-9999.0000,0.2361,0.0351,-9999.0000,0.2160,-9999.0000,0.1355,2.0
194995.000,-9999.0000,2.8490,2.3708,-9999.0000,0.2000,0.0560,0.1204,0.2109,-9999.0000,-9999.0000,2.0
195515.000,0.0333,2.9396,2.1964,-9999.0000,0.1760,0.0625,0.0733,0.1751,-9999.0000,0.0546,2.0
196035.000,0.0607,3.1834,2.1949,0.1043,0.2250,0.0476,0.1046,0.1430,-9999.0000,0.0753,2.0
196556.000,0.0497,2.9635,2.0957,-9999.0000,0.2092,0.0708,0.1096,0.1865,-9999.0000,0.0733,2.0
197076.000,0.0823,3.2139,2.1232,-9999.0000,0.1791,0.0716,-9999.0000,0.2096,-9999.0000,-9999.0000,2.0
197597.000,0.0541,2.9986,2.2987,-9999.0000,0.2274,0.0670,0.0528,0.2376,-9999.0000,-9999.0000,2.0
198117.000,0.0404,2.8947,2.1739,-9999.0000,0.1578,0.0613,0.0568,0.1540,-9999.0000,0.1946,2.0
198638.000,0.0529,3.1779,2.1657,-9999.0000,0.1551,0.0526,0.1044,0.1897,-9999.0000,-9999.0000,2.0
199158.000,0.0498,2.9250,2.1172,-9999.0000,0.1490,0.0573,0.1035,0.2155,-9999.0000,-9999.0000,2.0
199679.000,0.0373,2.5925,2.2603,-9999.0000,0.1461,0.0708,0.1197,0.1837,-9999.0000,0.0715,2.0
200199.000,0.0491,2.7714,2.2309,-9999.0000,0.1267,0.0975,0.1218,0.1909,-9999.0000,0.0922,2.0
200719.000,0.0546,2.9158,2.0013,-9999.0000,0.1321,0.1181,0.1221,0.2234,-9999.0000,-9999.0000,2.0
201240.000,0.0754,3.0783,2.2089,-9999.0000,0.1612,0.0429,0.0759,0.1943,-9999.0000,0.0520,2.0
201760.000,0.0465,2.9627,2.1882,-9999.0000,0.1629,0.1176,0.0674,0.1348,-9999.0000,0.1113,2.0
202281.000,0.0460,2.9304,2.1638,-9999.0000,0.1763,0.0529,0.0953,0.2362,-9999.0000,0.1126,2.0
202801.000,0.0886,3.1301,2.0915,-9999.0000,0.1630,0.1126,0.1268,0.2046,-9999.0000,0.0906,2.0
203322.000,0.0779,2.7994,2.1675,-9999.0000,0.1626,0.0919,0.1656,0.1874,-9999.0000,0.1103,2.0
203842.000,0.0565,2.9759,2.2066,-9999.0000,0.1177,0.1451,0.1246,0.1848,-9999.0000,0.0910,2.0
204363.000,0.0516,2.7096,2.1554,-9999.0000,0.1358,0.1320,0.0817,0.2071,-9999.0000,-9999.0000,2.0
204883.000,0.0294,2.9122,2.0205,-9999.0000,0.1424,0.1435,0.0981,0.1980,-9999.0000,0.1704,2.0
205404.000,0.0778,2.6728,2.1623,-9999.0000,0.1514,0.0914,0.0672,0.1686,-9999.0000,0.0685,2.0
205924.000,0.0557,2.6833,2.2524,-9999.0000,0.1424,0.0671,0.0836,0.1052,-9999.0000,0.0890,2.0
206444.000,0.0774,2.6165,2.0211,0.1146,0.1066,0.0319,0.1388,0.1817,-9999.0000,0.0689,2.0
206965.000,0.0472,2.5310,1.7517,-9999.0000,0.1619,0.0663,-9999.0000,0.1354,-9999.0000,0.1280,2.0
207485.000,0.0662,2.7493,2.0708,-9999.0000,0.2097,0.0313,0.1227,0.1252,-9999.0000,-9999.0000,2.0
208006.000,0.1081,2.6728,2.0540,-9999.0000,0.1214,-9999.0000,-9999.0000,0.1197,-9999.0000,-9999.0000,2.0
208526.000,0.0730,2.5950,1.8992,-9999.0000,0.1070,0.0578,-9999.0000,0.2240,-9999.0000,0.0477,2.0
209047.000,0.0307,2.8192,2.1400,-9999.0000,0.1271,0.0573,0.1239,0.1032,-9999.0000,0.0672,2.0
209567.000,0.0371,2.9320,2.2006,-9999.0000,0.1127,0.0377,0.0963,0.2240,-9999.0000,0.0473,2.0
210088.000,0.0757,2.7046,2.1114,-9999.0000,0.1746,0.0679,0.1150,0.1951,-9999.0000,0.0872,2.0
210608.000,0.0463,2.7868,2.0225,-9999.0000,0.0877,0.0387,0.0686,0.1600,-9999.0000,0.1085,2.0
211128.000,0.0745,2.8097,1.9904,-9999.0000,0.1026,0.0586,0.0626,0.1147,-9999.0000,0.0669,2.0
211649.000,0.0503,2.7984,2.0412,-9999.0000,0.1541,0.0682,-9999.0000,0.1457,-9999.0000,0.0663,2.0
212169.000,0.0723,2.8805,2.0871,-9999.0000,0.1500,0.1100,0.1568,0.1522,-9999.0000,0.0462,2.0
212690.000,0.0989,2.6541,1.7741,-9999.0000,0.1293,0.1000,-9999.0000,0.0978,-9999.0000,0.0866,2.0
213210.000,0.0433,2.7479,1.8749,-9999.0000,0.1336,0.0737,0.1167,0.2047,-9999.0000,0.1465,2.0
213731.000,0.0298,2.5229,2.0148,-9999.0000,0.1121,0.0682,-9999.0000,0.1276,-9999.0000,0.0852,2.0
214251.000,0.0641,2.4510,1.9199,-9999.0000,0.1258,0.0293,0.1156,0.1042,-9999.0000,0.1277,2.0
214772.000,0.0364,2.3342,1.8804,-9999.0000,0.2025,0.0642,-9999.0000,0.1450,-9999.0000,0.0449,2.0
215292.000,0.0763,2.3141,1.8699,-9999.0000,0.1507,-9999.0000,0.1139,0.1290,-9999.0000,0.0448,2.0
215812.000,0.0463,2.6777,1.8132,-9999.0000,0.1490,0.0940,0.0923,-9999.0000,-9999.0000,0.1044,2.0
216333.000,0.0524,2.4210,1.9539,-9999.0000,0.1395,0.0846,0.0739,-9999.0000,-9999.0000,0.0845,2.0
216853.000,0.1045,2.2822,1.8154,-9999.0000,0.1550,0.0793,0.0983,-9999.0000,-9999.0000,0.1043,2.0
217374.000,0.0709,2.3732,1.8733,0.0945,0.1917,0.0947,0.1182,-9999.0000,-9999.0000,0.0434,2.0
217894.000,0.0955,2.3030,1.8911,-9999.0000,0.1563,0.0905,0.2085,0.1111,-9999.0000,0.0638,2.0
218415.000,0.0790,2.2991,2.0035,-9999.0000,0.2074,0.1407,0.1235,0.1798,-9999.0000,0.0429,2.0
218935.000,0.0784,2.4931,1.9253,-9999.0000,0.1522,0.0606,0.1017,-9999.0000,-9999.0000,0.0434,2.0
219456.000,0.0586,2.5558,1.8947,-9999.0000,0.1606,0.1104,0.1191,0.1090,-9999.0000,0.0424,2.0
219976.000,0.1378,2.5304,1.8056,-9999.0000,0.2034,0.1724,-9999.0000,-9999.0000,-9999.0000,0.1235,2.0
220497.000,0.0783,2.5240,1.8495,-9999.0000,0.1201,0.0859,0.1161,-9999.0000,-9999.0000,0.0627,2.0
221017.000,0.0593,2.5651,1.7758,-9999.0000,0.1505,0.1107,0.0609,0.1083,-9999.0000,0.0417,2.0
221537.000,0.0723,2.5339,1.9112,-9999.0000,0.1660,0.0698,0.0706,0.0968,-9999.0000,0.0818,2.0
222058.000,0.0361,2.6911,1.7237,-9999.0000,0.1492,0.0623,0.0502,0.1395,-9999.0000,0.0836,2.0
222578.000,0.0521,2.6428,1.8546,-9999.0000,0.2136,0.0550,0.1206,-9999.0000,-9999.0000,0.1219,2.0
223099.000,0.0868,2.7647,1.9165,-9999.0000,0.1487,0.0840,0.0790,-9999.0000,-9999.0000,0.0801,2.0
223619.000,0.1028,3.0168,1.8852,-9999.0000,0.1698,0.0590,0.0844,-9999.0000,-9999.0000,0.0399,2.0
224369.000,0.0890,2.8891,1.8018,-9999.0000,0.1349,0.1113,0.0611,0.1525,-9999.0000,0.1958,2.0
224600.000,0.0437,3.0303,2.0348,-9999.0000,0.1660,0.0321,0.1288,0.1001,-9999.0000,0.0382,2.0
224830.000,0.0840,3.0514,1.7273,-9999.0000,0.1451,0.0417,-9999.0000,0.1942,0.0800,0.0773,2.0
225060.000,0.1154,3.0983,1.8822,-9999.0000,0.2111,0.0883,0.1042,0.1154,-9999.0000,0.1138,2.0
225290.000,0.0899,2.9054,1.7454,0.1401,0.2700,0.0781,0.1409,0.2074,-9999.0000,0.0747,2.0
225520.000,0.1096,3.1476,1.8867,-9999.0000,0.1899,0.0974,-9999.0000,-9999.0000,-9999.0000,-9999.0000,2.0
225751.000,0.0891,2.9972,1.8011,0.1185,0.2386,0.0774,0.1769,0.1437,-9999.0000,-9999.0000,2.0
225981.000,0.0905,2.9726,1.8327,-9999.0000,0.2207,0.1175,0.1416,0.1455,0.1342,0.1904,2.0
226211.000,0.1296,3.3364,1.8294,-9999.0000,0.1899,0.1168,0.0658,0.1031,-9999.0000,-9999.0000,2.0
226441.000,0.0662,3.0877,2.0834,-9999.0000,0.2816,0.0399,0.2084,0.2082,-9999.0000,0.2682,2.0
226671.000,0.0856,3.0048,1.8464,-9999.0000,0.2006,0.0687,0.1791,0.2275,-9999.0000,-9999.0000,2.0
226902.000,1.1548,176.9260,5.4864,2.0100,0.6951,0.0970,0.6715,0.4103,-9999.0000,0.1118,2.0
227132.000,1.0337,167.0460,5.3444,1.6305,0.6075,0.1564,0.5164,0.3621,-9999.0000,0.1993,2.0
227362.000,1.0793,150.3880,5.4683,2.1376,0.8002,0.0846,0.3186,0.3806,-9999.0000,0.1180,2.0
227592.000,1.0357,138.3970,5.4231,1.7920,0.9177,0.0635,0.5375,0.3450,-9999.0000,0.2360,2.0
227822.000,1.1577,132.2970,5.5653,1.7792,0.6840,0.0740,0.4817,0.3678,-9999.0000,0.1571,2.0
228053.000,1.1387,121.1420,5.4703,2.2446,0.7876,0.0822,0.4555,0.2669,0.1167,0.2336,2.0
228283.000,1.1012,113.0870,5.1612,2.0583,0.7936,0.1435,0.4309,0.2590,0.0814,0.2751,2.0
228625.000,0.2793,0.6674,0.2527,0.0880,0.1324,-9999.0000,-9999.0000,0.1995,0.1498,0.0855,2.0
228855.000,-9999.0000,-9999.0000,-9999.0000,-9999.0000,-9999.0000,-9999.0000,-9999.0000,-9999.0000,-9999.0000,-9999.0000,2.0
229085.000,-9999.0000,-9999.0000,-9999.0000,-9999.0000,-9999.0000,-9999.0000,-9999.0000,-9999.0000,-9999.0000,-9999.0000,2.0
229316.000,-9999.0000,-9999.0000,-9999.0000,-9999.0000,-9999.0000,-9999.0000,-9999.0000,-9999.0000,-9999.0000,-9999.0000,2.0
229546.000,-9999.0000,-9999.0000,-9999.0000,-9999.0000,-9999.0000,-9999.0000,-9999.0000,-9999.0000,-9999.0000,-9999.0000,2.0
229776.000,-9999.0000,-9999.0000,-9999.0000,-9999.0000,-9999.0000,-9999.0000,-9999.0000,-9999.0000,-9999.0000,-9999.0000,2.0
230013.000,-9999.0000,-9999.0000,-9999.0000,-9999.0000,-9999.0000,-9999.0000,-9999.0000,-9999.0000,-9999.0000,-9999.0000,2.0
230243.000,0.2776,6.2764,6.9025,0.3970,0.6028,0.1705,0.8448,0.2647,0.1060,0.1688,2.0
230474.000,0.1308,5.3306,2.1291,0.1465,0.2666,0.0817,0.1292,0.2211,-9999.0000,0.2310,2.0
230704.000,0.1019,4.9892,1.8500,-9999.0000,0.2508,0.0498,0.1056,0.2250,-9999.0000,-9999.0000,2.0
230934.000,0.1337,5.4002,1.9775,0.2478,0.2271,0.0867,-9999.0000,0.1283,-9999.0000,-9999.0000,2.0
231164.000,0.0770,5.4465,1.9560,-9999.0000,0.1610,-9999.0000,0.0494,0.2036,-9999.0000,0.1488,2.0
231394.000,0.1444,5.6011,1.9443,0.1326,0.2675,0.0872,-9999.0000,0.2209,-9999.0000,-9999.0000,2.0
231625.000,0.1457,5.8661,2.2859,-9999.0000,0.1998,0.0397,0.2071,0.2945,-9999.0000,0.0712,2.0
231855.000,0.0719,5.9419,1.9524,-9999.0000,0.2401,-9999.0000,0.1053,0.2232,-9999.0000,0.1097,2.0
232085.000,0.0707,6.0782,2.0471,0.1346,0.1196,-9999.0000,0.0942,0.3738,-9999.0000,-9999.0000,2.0
232315.000,0.0943,5.7856,1.9611,0.1666,0.2237,0.0414,-9999.0000,0.2168,-9999.0000,-9999.0000,2.0
232545.000,0.1347,5.5170,1.8708,-9999.0000,0.1588,0.1160,0.0663,0.1176,-9999.0000,0.0701,2.0
232776.000,0.0998,5.9128,2.0389,-9999.0000,0.1780,0.0388,0.0751,0.1984,-9999.0000,-9999.0000,2.0
233006.000,0.1219,5.8579,2.0407,-9999.0000,0.2204,-9999.0000,0.1150,0.1813,-9999.0000,-9999.0000,2.0
233236.000,0.1204,5.8370,2.2174,-9999.0000,0.3072,0.0682,-9999.0000,0.1891,-9999.0000,0.0699,2.0
233466.000,0.1341,6.4132,2.0433,0.1282,0.2230,-9999.0000,0.0705,0.2047,0.1076,0.0715,2.0
233696.000,0.1509,6.2369,2.2413,-9999.0000,0.1995,0.0301,0.0584,0.3128,-9999.0000,0.0700,2.0
233927.000,0.1732,6.4010,2.0946,0.1366,0.1775,0.0866,0.0566,0.1867,-9999.0000,0.2207,2.0
234157.000,0.1440,6.1704,2.3195,-9999.0000,0.1090,0.1154,0.1028,0.1968,0.1115,0.1068,2.0
234387.000,0.0752,6.3798,2.1022,0.1177,0.1577,0.0674,-9999.0000,0.1759,-9999.0000,-9999.0000,2.0
234617.000,0.1359,6.3681,2.0163,0.1823,0.1399,0.1167,0.0954,0.2091,-9999.0000,0.3366,2.0
234847.000,0.1329,6.8692,2.4341,0.3075,0.1814,0.0309,0.0695,0.1809,-9999.0000,0.1470,2.0
235078.000,0.1503,6.3592,2.1496,0.3600,0.1100,0.0587,0.0673,0.1366,-9999.0000,0.1070,2.0
235308.000,0.1066,6.2312,2.0886,-9999.0000,0.1893,0.0494,0.1142,0.1677,-9999.0000,0.3362,2.0
235538.000,0.2032,7.2726,2.3511,-9999.0000,0.2170,0.0869,0.1310,0.2468,-9999.0000,-9999.0000,2.0
235768.000,0.1736,7.3060,2.1989,-9999.0000,0.0825,0.0605,0.0517,0.2017,-9999.0000,0.1084,2.0
235998.000,0.1271,6.5534,2.3313,-9999.0000,0.1999,0.0305,0.1244,0.1681,-9999.0000,0.1071,2.0
236229.000,0.1330,6.7426,2.3140,0.2365,0.1370,-9999.0000,0.0833,0.2131,-9999.0000,0.1423,2.0
236459.000,0.1103,7.3842,2.1104,0.1376,0.2336,0.0711,-9999.0000,0.2551,-9999.0000,0.2251,2.0
236689.000,0.1471,7.0086,2.2656,0.1702,0.1407,0.1271,-9999.0000,0.1370,-9999.0000,-9999.0000,2.0
236919.000,0.1017,6.7973,2.5270,0.2466,0.1200,0.0589,-9999.0000,0.2373,0.0752,-9999.0000,2.0
237149.000,0.1513,7.0539,2.3736,0.2878,0.1893,0.1361,0.0498,0.1867,-9999.0000,0.1061,2.0
237380.000,0.1260,7.2779,2.4555,0.3254,0.1884,-9999.0000,-9999.0000,0.2262,-9999.0000,0.1435,2.0
237610.000,0.1831,7.1838,2.4414,0.2820,0.1965,0.0484,0.0938,0.1629,-9999.0000,0.1044,2.0
237840.000,0.0945,7.2293,2.1064,0.2602,0.1274,0.1048,0.1111,0.2723,-9999.0000,0.2918,2.0
238070.000,0.1212,6.8264,2.4141,0.0911,0.1786,0.0492,0.1324,0.2052,-9999.0000,0.0671,2.0
238300.000,0.1155,6.9347,2.4577,0.1679,0.2167,0.0773,0.1037,0.1834,-9999.0000,0.2935,2.0
238531.000,0.1154,7.3674,2.5928,0.2465,0.1774,0.0582,0.0761,0.2539,0.0840,0.3688,2.0
238761.000,0.1006,7.1370,2.6292,-9999.0000,0.1283,0.0961,0.0484,0.2330,-9999.0000,0.0661,2.0
238991.000,0.1257,7.0852,2.4252,0.1509,0.1876,0.0871,-9999.0000,0.2339,-9999.0000,0.1799,2.0
239221.000,0.1114,7.4372,2.1857,0.1131,0.0607,0.0778,-9999.0000,0.1734,0.0968,0.2938,2.0
239451.000,0.0863,7.2007,2.5304,0.2291,0.1871,-9999.0000,0.0579,0.1316,-9999.0000,0.1791,2.0
239682.000,0.0838,6.5379,2.4497,0.1587,0.1705,0.0310,-9999.0000,0.1861,-9999.0000,0.2580,2.0
239912.000,0.1732,6.2852,2.4232,0.2669,0.1862,0.0293,0.1121,0.1403,-9999.0000,0.1781,2.0
240142.000,0.0986,6.7843,2.5710,0.1795,0.1606,0.0888,0.0699,0.2776,-9999.0000,0.2576,2.0
240372.000,0.0728,6.3152,2.5946,0.1561,0.1393,-9999.0000,0.1144,0.2643,-9999.0000,0.1037,2.0
240602.000,0.1042,6.3878,2.3013,0.1099,0.0881,0.1043,0.0836,0.1382,-9999.0000,0.1017,2.0
240833.000,0.1228,6.0315,2.3635,-9999.0000,0.1501,0.1076,0.0695,0.2453,0.0856,0.1422,2.0
241063.000,0.1736,5.8952,2.2983,0.1340,0.1572,-9999.0000,-9999.0000,0.2404,-9999.0000,0.1399,2.0
241293.000,0.1607,6.2519,2.3838,0.1856,0.1064,0.0376,-9999.0000,0.1459,-9999.0000,0.2492,2.0
241523.000,0.1206,6.1391,2.7517,0.1166,0.2062,0.0677,0.1314,0.2306,-9999.0000,0.1776,2.0
241753.000,0.1256,6.5267,2.6863,0.4878,0.1576,0.1438,0.0766,0.1195,-9999.0000,0.1398,2.0
241984.000,0.1733,5.6605,2.5191,0.2715,0.2150,-9999.0000,0.0850,0.1988,-9999.0000,-9999.0000,2.0
242214.000,0.1688,6.2112,2.5880,0.2730,0.1182,0.1149,-9999.0000,0.2191,-9999.0000,0.2894,2.0
242444.000,0.1279,6.4569,2.5736,0.3248,0.1742,0.0568,-9999.0000,0.1357,-9999.0000,0.1001,2.0
242674.000,0.1173,6.4366,2.6594,0.2838,0.1635,0.1123,0.0641,0.2236,-9999.0000,0.1364,2.0
242904.000,0.1428,7.0321,2.7736,-9999.0000,0.1403,0.0597,0.1346,0.1825,-9999.0000,0.0649,2.0
243135.000,0.0895,6.6844,2.3279,0.2301,0.1356,0.0286,0.0652,0.1650,-9999.0000,0.0625,2.0
243365.000,0.1116,6.3784,2.4307,0.3952,0.1870,0.1440,-9999.0000,0.1892,-9999.0000,0.2143,2.0
243595.000,0.1378,6.5660,2.5787,0.1546,0.1454,0.0851,0.0564,0.1449,-9999.0000,0.0995,2.0
243825.000,0.1659,6.7248,2.7934,0.1838,0.2658,-9999.0000,0.1606,0.2303,-9999.0000,0.1015,2.0
244055.000,0.0927,7.0140,2.7093,0.3595,0.1486,0.0398,-9999.0000,0.2298,-9999.0000,0.0636,2.0
244286.000,0.1460,6.9253,2.5036,-9999.0000,0.1483,0.0682,0.0777,0.2090,-9999.0000,0.4023,2.0
244516.000,0.1612,7.1522,2.5856,0.1270,0.1293,0.1066,0.1149,0.2197,-9999.0000,0.0634,2.0
244746.000,0.2115,7.5595,2.8121,0.3537,0.0982,0.0576,0.0849,0.2154,0.1483,0.2489,2.0
244976.000,0.1328,7.1405,2.6809,0.0995,0.2121,0.0380,-9999.0000,0.1731,-9999.0000,-9999.0000,2.0
245206.000,0.0517,7.0546,2.4812,0.2356,0.1837,0.0476,-9999.0000,0.2033,-9999.0000,0.4329,2.0
245437.000,0.1330,7.0685,2.5672,0.1970,0.1259,0.0568,0.0926,0.1629,-9999.0000,0.1353,2.0
245667.000,0.1158,6.6470,2.7648,0.3580,0.2147,0.0580,0.0585,0.1856,-9999.0000,0.2490,2.0
245897.000,0.0976,6.8444,2.5891,0.3040,0.1578,0.0682,0.1691,0.3280,-9999.0000,0.0999,2.0
246127.000,0.0565,6.7803,2.6549,0.1026,0.2121,0.1410,-9999.0000,0.1226,-9999.0000,0.1719,2.0
246357.000,0.1205,6.5481,2.8346,0.2814,0.1274,0.1050,-9999.0000,0.2746,-9999.0000,0.2108,2.0
246588.000,0.1235,6.7262,2.7176,-9999.0000,0.1354,-9999.0000,0.0657,0.1816,-9999.0000,0.1345,2.0
246919.000,-9999.0000,-9999.0000,-9999.0000,-9999.0000,-9999.0000,-9999.0000,-9999.0000,-9999.0000,-9999.0000,-9999.0000,2.0
247149.000,-9999.0000,-9999.0000,-9999.0000,-9999.0000,-9999.0000,-9999.0000,-9999.0000,-9999.0000,-9999.0000,-9999.0000,2.0
247380.000,-9999.0000,-9999.0000,-9999.0000,-9999.0000,-9999.0000,-9999.0000,-9999.0000,-9999.0000,-9999.0000,-9999.0000,2.0
247610.000,-9999.0000,-9999.0000,-9999.0000,-9999.0000,-9999.0000,-9999.0000,-9999.0000,-9999.0000,-9999.0000,-9999.0000,2.0
247840.000,-9999.0000,-9999.0000,-9999.0000,-9999.0000,-9999.0000,-9999.0000,-9999.0000,-9999.0000,-9999.0000,-9999.0000,2.0
248070.000,-9999.0000,-9999.0000,-9999.0000,-9999.0000,-9999.0000,-9999.0000,-9999.0000,-9999.0000,-9999.0000,-9999.0000,2.0
248300.000,-9999.0000,-9999.0000,-9999.0000,-9999.0000,-9999.0000,-9999.0000,-9999.0000,-9999.0000,-9999.0000,-9999.0000,2.0
248531.000,-9999.0000,-9999.0000,-9999.0000,-9999.0000,-9999.0000,-9999.0000,-9999.0000,-9999.0000,-9999.0000,-9999.0000,2.0
248885.000,-9999.0000,-9999.0000,-9999.0000,-9999.0000,-9999.0000,-9999.0000,-9999.0000,-9999.0000,-9999.0000,-9999.0000,2.0
249115.000,-9999.0000,-9999.0000,-9999.0000,-9999.0000,-9999.0000,-9999.0000,-9999.0000,-9999.0000,-9999.0000,-9999.0000,2.0
249345.000,-9999.0000,-9999.0000,-9999.0000,-9999.0000,-9999.0000,-9999.0000,-9999.0000,-9999.0000,-9999.0000,-9999.0000,2.0
249575.000,-9999.0000,-9999.0000,-9999.0000,-9999.0000,-9999.0000,-9999.0000,-9999.0000,-9999.0000,-9999.0000,-9999.0000,2.0
249805.000,-9999.0000,-9999.0000,-9999.0000,-9999.0000,-9999.0000,-9999.0000,-9999.0000,-9999.0000,-9999.0000,-9999.0000,2.0
250036.000,-9999.0000,-9999.0000,-9999.0000,-9999.0000,-9999.0000,-9999.0000,-9999.0000,-9999.0000,-9999.0000,-9999.0000,2.0
250325.000,1.1357,4.6573,5.3055,1.7598,0.5871,0.0365,0.3305,0.2969,-9999.0000,0.4199,2.0
250555.000,1.0771,4.5273,5.2955,1.7948,0.7244,0.0572,0.4492,0.2148,-9999.0000,0.0663,2.0
250785.000,0.9791,4.6228,5.3525,1.4161,0.5063,0.0466,0.5702,0.2547,0.1573,0.1837,2.0
251015.000,1.1037,4.4793,4.9998,1.7698,0.6239,0.0359,0.5372,0.4196,0.1419,0.2995,2.0
251246.000,1.3033,4.5264,5.3763,1.6287,0.6072,0.1088,0.4350,0.4100,-9999.0000,0.1867,2.0
251476.000,1.1748,4.4289,5.0467,1.4623,0.4666,0.0967,0.3897,0.1389,0.0825,0.3021,2.0
251858.000,0.1829,43.8385,5.4684,1.1616,0.5677,0.2499,0.2454,0.3156,-9999.0000,0.1727,2.0
252088.000,0.1133,11.2546,4.0011,0.5122,0.4568,0.1438,0.1971,0.1317,-9999.0000,0.0588,2.0
252318.000,0.1279,9.9484,3.8333,0.9391,0.3991,0.0874,0.1247,0.2819,-9999.0000,0.2083,2.0
252548.000,0.1490,9.4297,3.8339,0.6939,0.4506,0.0388,0.1842,0.2664,0.0814,0.2420,2.0
252779.000,0.1218,9.2560,3.7600,0.6974,0.3960,0.0922,0.1351,0.1722,-9999.0000,0.0556,2.0
253009.000,0.1182,9.7008,3.9367,0.8230,0.2924,0.1531,0.2696,0.3007,-9999.0000,0.2448,2.0
253239.000,0.1326,8.4382,3.6931,0.7419,0.3511,0.0470,0.1189,0.2029,-9999.0000,0.0559,2.0
253469.000,0.1560,8.3428,3.4845,0.5526,0.3225,0.0746,0.1099,0.2515,0.1585,0.2385,2.0
253699.000,0.1054,7.9175,3.2944,0.5773,0.2582,0.0754,0.1828,0.2339,-9999.0000,0.2766,2.0
253930.000,0.1296,8.0626,3.3556,0.5416,0.2683,0.0479,0.1209,0.2738,-9999.0000,0.2034,2.0
254160.000,0.1144,7.3070,3.5582,0.5379,0.2856,0.0935,0.0574,0.1638,0.1942,0.1289,2.0
254390.000,0.1180,7.0640,3.3071,0.2507,0.3026,0.0927,0.1360,0.1911,-9999.0000,0.2371,2.0
254620.000,0.1852,7.6127,3.5068,0.4818,0.2760,0.0658,0.0663,0.2123,0.0771,0.1652,2.0
254850.000,0.1194,7.7719,3.6181,0.5779,0.2952,0.0659,0.0755,0.2811,-9999.0000,0.1286,2.0
255081.000,0.1089,7.5976,3.5330,0.7056,0.3027,0.1388,0.1275,0.2201,0.0753,0.1640,2.0
255311.000,0.1673,7.6927,3.3117,0.5811,0.2580,0.0755,0.1029,0.1441,-9999.0000,0.2021,2.0
255541.000,0.0798,7.6369,3.5057,0.4007,0.2820,0.1102,0.1173,0.1594,-9999.0000,0.3437,2.0
255771.000,0.1154,7.5726,3.6410,0.5444,0.2107,0.0849,0.0763,0.1929,-9999.0000,0.1651,2.0
256001.000,0.0802,6.8808,3.5982,0.4217,0.3293,0.1014,0.1178,0.2178,-9999.0000,0.1263,2.0
256232.000,0.1456,7.0802,3.5135,0.4407,0.2167,0.0830,0.2234,0.1592,-9999.0000,0.2349,2.0
256462.000,0.1136,7.4062,3.4764,0.3873,0.2833,0.1293,0.1186,0.2768,-9999.0000,0.1628,2.0
256692.000,0.1222,7.6942,3.3639,0.3475,0.3100,0.1194,0.1352,0.1683,-9999.0000,-9999.0000,2.0
256922.000,0.1707,7.6881,3.5642,0.4282,0.2465,0.0931,0.0663,0.2093,-9999.0000,0.1631,2.0
257152.000,0.1695,7.3848,3.1223,0.4250,0.3294,0.0741,0.1270,0.2656,-9999.0000,0.3070,2.0
257383.000,0.1596,7.5296,3.4491,0.2554,0.2444,0.0464,0.1792,0.2646,0.1179,0.3423,2.0
257613.000,0.1393,7.5087,3.4875,0.3443,0.3628,0.1271,0.1682,0.2998,0.0805,0.2675,2.0
257843.000,0.1062,7.4279,3.0996,0.6576,0.4354,0.0542,0.1671,0.1350,-9999.0000,0.1231,2.0
258073.000,0.1621,7.4967,3.2924,0.3628,0.3527,0.0815,0.1590,0.1257,-9999.0000,0.3025,2.0
258303.000,0.2114,7.9190,3.3389,0.4643,0.3568,0.1378,0.0654,0.2447,-9999.0000,0.2695,2.0
258534.000,0.1210,7.3504,3.2187,0.4586,0.3258,0.0729,0.0813,0.3088,-9999.0000,0.1234,2.0
258764.000,0.1492,7.6007,3.6373,0.3813,0.3715,0.0759,0.2194,0.2495,-9999.0000,0.2732,2.0
258994.000,0.1793,8.1782,3.2712,0.3736,0.3012,0.0377,0.0571,0.2448,0.1061,0.2333,2.0
259224.000,0.1538,7.7471,3.2743,0.2870,0.4276,0.0481,0.1392,0.2389,-9999.0000,0.0897,2.0
259454.000,0.2218,7.4155,3.5037,0.3194,0.4327,0.1019,0.1543,0.1575,-9999.0000,0.1609,2.0
259685.000,0.1125,7.9517,3.3463,0.3144,0.4288,0.0642,0.1782,0.1644,0.1031,0.2670,2.0
259915.000,0.1311,6.9967,3.1417,0.2775,0.4471,0.0823,0.1082,0.3181,-9999.0000,0.1948,2.0
260145.000,0.1859,7.1757,3.1273,0.3058,0.5009,-9999.0000,0.1560,0.2561,0.1656,0.2707,2.0
260375.000,0.1155,7.0301,3.1936,0.1258,0.3785,-9999.0000,0.2016,0.2184,-9999.0000,0.3709,2.0
260605.000,0.1331,6.5607,3.1323,0.3597,0.3389,0.0380,0.1545,0.1566,-9999.0000,0.4860,2.0
260836.000,0.1428,6.4391,3.0379,0.3287,0.3868,0.0718,0.2010,0.1792,-9999.0000,0.1207,2.0
261066.000,0.1513,5.7328,3.0138,0.6030,0.5047,0.0446,-9999.0000,0.4061,-9999.0000,0.2620,2.0
261296.000,0.1408,6.2073,2.7963,0.5049,0.3544,-9999.0000,0.1350,0.2307,0.0906,0.1222,2.0
261526.000,0.1498,5.9637,2.8629,0.2626,0.4927,0.1004,0.1259,0.3451,-9999.0000,0.1218,2.0
261756.000,0.1582,5.5362,2.7599,0.2240,0.5370,0.0367,0.0555,0.1996,-9999.0000,0.0854,2.0
261987.000,0.1551,5.8665,3.1015,0.3584,0.4010,0.1280,0.1703,0.2593,-9999.0000,0.1938,2.0
262217.000,0.1400,5.5600,2.5791,0.2626,0.4171,0.0548,0.1165,0.2856,-9999.0000,0.1924,2.0
262447.000,0.1357,5.5201,2.7889,0.1528,0.4916,0.0550,0.0908,0.2763,-9999.0000,0.3358,2.0
262677.000,0.0806,5.4035,2.7419,0.2100,0.4833,0.1547,0.0652,0.2289,-9999.0000,0.1570,2.0
262907.000,0.1382,5.3270,2.5341,0.3326,0.4405,0.1343,0.1748,0.2908,-9999.0000,0.1546,2.0
263138.000,0.1119,5.0487,2.5932,0.4477,0.4616,0.0815,0.1333,0.1308,-9999.0000,0.0486,2.0
263368.000,0.1733,5.2721,2.5968,0.2860,0.3997,0.0372,0.1524,0.3051,-9999.0000,0.2282,2.0
263598.000,0.1331,4.8619,2.5343,0.2592,0.3476,0.0446,-9999.0000,0.1564,0.1396,0.0475,2.0
263828.000,0.0739,4.7431,2.6014,0.2966,0.5396,0.0625,0.1742,0.2794,0.1170,-9999.0000,2.0
264058.000,0.1851,4.9977,2.4528,0.2827,0.5614,0.0992,0.1589,0.2152,-9999.0000,0.1546,2.0
264289.000,0.1873,4.9314,2.7728,0.4365,0.5660,0.1005,0.1178,0.2467,-9999.0000,0.2276,2.0
264519.000,0.1030,4.8686,2.5391,0.3589,0.4428,0.0816,0.0644,0.2155,0.1083,0.0835,2.0
264749.000,0.2275,4.7997,2.3755,0.3788,0.4065,0.1806,0.1859,0.2444,-9999.0000,0.0479,2.0
264979.000,0.1274,4.7035,2.3599,0.3827,0.6398,0.1276,0.1614,0.1790,-9999.0000,0.1198,2.0
265209.000,0.1150,4.4897,2.6394,0.3509,0.5233,0.1289,0.1984,0.2679,-9999.0000,0.1568,2.0
265440.000,0.0704,4.3269,2.2882,0.4499,0.5046,0.0720,0.1326,0.2132,-9999.0000,0.2950,2.0
265670.000,0.1023,4.8335,2.5082,0.3032,0.6321,0.0987,0.1582,0.2505,0.0942,0.0821,2.0
265900.000,0.1299,4.6271,2.4684,0.6162,0.5961,0.0721,0.1499,0.2697,-9999.0000,0.1530,2.0
266130.000,0.0818,4.5040,2.4017,0.2755,0.5294,0.1279,0.1447,0.1690,-9999.0000,-9999.0000,2.0
266360.000,0.1128,4.3649,2.4063,0.1615,0.5347,0.0818,-9999.0000,0.1857,-9999.0000,0.0825,2.0
266591.000,0.1293,4.2583,2.4339,0.2126,0.4660,0.0449,-9999.0000,0.2866,-9999.0000,0.1871,2.0
266821.000,0.1202,4.2610,2.1065,0.4138,0.5386,0.1428,0.1319,0.2767,-9999.0000,0.1164,2.0
267051.000,0.1417,4.1589,2.2425,0.4829,0.4810,0.0620,-9999.0000,0.1051,-9999.0000,-9999.0000,2.0
267281.000,0.1101,3.9887,2.3789,0.2112,0.4629,0.0620,0.1050,0.2646,-9999.0000,0.0801,2.0
267511.000,0.1270,4.2131,2.2503,0.4253,0.5591,0.1317,0.0951,0.1873,-9999.0000,-9999.0000,2.0
267742.000,0.1478,4.1373,2.1980,0.2590,0.5458,0.1652,0.1103,0.1753,-9999.0000,0.1475,2.0
267972.000,0.1691,3.7419,2.3614,0.3640,0.5074,0.1381,0.1762,0.2198,-9999.0000,0.1120,2.0
268202.000,0.1561,3.7243,2.2999,0.4727,0.6597,0.0687,0.0844,0.1091,-9999.0000,0.0775,2.0
268432.000,0.1505,4.1279,2.3880,0.4517,0.6386,0.0507,0.1502,0.1905,-9999.0000,-9999.0000,2.0
268662.000,0.0367,3.6033,2.1111,0.7300,0.5918,0.0432,0.0690,0.1754,-9999.0000,0.1127,2.0
268893.000,0.1285,3.4308,2.0388,0.4710,0.5410,0.0855,0.1003,0.1626,-9999.0000,0.0766,2.0
269123.000,0.0978,3.5019,2.2542,0.6507,0.6306,0.0596,-9999.0000,0.1076,-9999.0000,0.1110,2.0
269353.000,0.1246,3.4370,2.1633,0.5628,0.5509,0.0684,0.0591,0.1813,-9999.0000,0.3175,2.0
269583.000,0.1393,3.5768,2.0204,0.4966,0.4916,0.0692,0.0855,0.1275,-9999.0000,0.0426,2.0
269813.000,0.1607,3.6097,2.2421,0.4228,0.5608,0.0426,0.1266,0.2093,-9999.0000,-9999.0000,2.0
270044.000,0.2123,3.5527,2.0798,0.4660,0.6020,0.0437,0.1459,0.2217,-9999.0000,0.2165,2.0
270274.000,0.1274,3.4126,2.1855,0.4690,0.4661,0.0501,-9999.0000,0.1045,0.1124,0.0749,2.0
270504.000,0.1252,4.0195,2.0646,0.7627,0.5513,0.1034,0.1182,0.2177,-9999.0000,0.1105,2.0
270734.000,0.1057,3.3390,2.0284,0.4535,0.6343,-9999.0000,-9999.0000,0.1685,-9999.0000,0.1431,2.0
270964.000,0.1742,3.2812,2.1986,0.4075,0.4356,0.1035,0.0515,0.1621,-9999.0000,0.0414,2.0
271195.000,0.0938,3.4356,2.0535,0.3885,0.6029,-9999.0000,-9999.0000,-9999.0000,-9999.0000,0.0754,2.0
271425.000,0.1041,3.3653,2.0348,0.6626,0.6075,0.0694,0.0525,0.1355,-9999.0000,0.0416,2.0
271655.000,0.1465,3.3074,2.0626,0.5458,0.6494,0.1323,0.0883,0.1568,-9999.0000,0.2167,2.0
271885.000,0.1169,3.2987,2.2057,0.4107,0.4716,0.1037,-9999.0000,-9999.0000,-9999.0000,0.0410,2.0
272115.000,0.1021,3.2877,2.1205,0.6179,0.5647,0.0938,-9999.0000,0.1499,-9999.0000,0.2111,2.0
272346.000,0.1156,3.3898,2.1275,0.4246,0.6006,-9999.0000,0.1505,0.1317,-9999.0000,0.1769,2.0
272576.000,0.0820,3.5352,2.0648,0.5753,0.4461,-9999.0000,0.0946,0.1067,-9999.0000,0.1100,2.0
272806.000,0.0836,3.3056,2.0190,0.4736,0.6050,0.0586,0.1157,0.1112,-9999.0000,0.0732,2.0
273036.000,0.1224,3.3551,2.3500,0.3629,0.5270,0.0870,0.0866,0.1899,-9999.0000,0.1099,2.0
273266.000,0.0958,3.4615,2.0547,0.3459,0.5629,0.1045,-9999.0000,0.2732,-9999.0000,-9999.0000,2.0
273497.000,0.0518,3.0960,1.9751,0.4923,0.6186,0.1139,-9999.0000,0.1724,-9999.0000,0.0409,2.0
273727.000,0.1543,3.0717,2.0856,0.2657,0.5353,0.0846,0.1988,-9999.0000,-9999.0000,0.1409,2.0
273957.000,0.1310,3.0738,2.0417,0.3099,0.5519,-9999.0000,0.1699,0.1329,-9999.0000,0.1433,2.0
274187.000,0.1773,3.0730,2.1619,0.4227,0.5471,0.0703,0.0795,0.1906,-9999.0000,-9999.0000,2.0
274417.000,0.1516,3.3420,2.1844,0.2714,0.3798,0.0684,-9999.0000,0.1854,-9999.0000,0.2785,2.0
274648.000,0.1495,3.4472,1.9738,0.3490,0.4462,0.0784,0.0619,0.1609,-9999.0000,-9999.0000,2.0
274878.000,0.1659,3.0469,2.0334,0.4525,0.5498,0.0949,0.1358,0.1221,-9999.0000,0.0736,2.0
275108.000,0.1069,3.1098,2.0052,0.3239,0.4397,-9999.0000,-9999.0000,0.2200,-9999.0000,-9999.0000,2.0
275338.000,0.1447,2.7705,2.0049,0.2247,0.4005,0.0694,0.1535,0.1227,-9999.0000,-9999.0000,2.0
275568.000,0.1214,3.1188,2.1380,0.3109,0.3627,0.0428,0.1853,0.1576,-9999.0000,0.0729,2.0
275799.000,0.1359,2.9242,2.3784,0.4575,0.4894,0.0608,-9999.0000,0.1316,-9999.0000,-9999.0000,2.0
276029.000,0.1868,2.8461,2.0881,0.4690,0.4318,0.0425,-9999.0000,0.1562,-9999.0000,0.0722,2.0
276259.000,0.1092,3.1567,2.1821,0.2445,0.5243,0.0521,0.0784,0.1494,-9999.0000,0.1075,2.0
276489.000,0.1119,3.1366,1.9391,0.2224,0.3784,0.1026,0.0848,0.1555,0.0810,-9999.0000,2.0
276719.000,0.1216,2.9534,2.1640,0.3312,0.4242,0.0601,0.1438,0.2115,-9999.0000,0.0722,2.0
276950.000,0.1386,2.8816,2.0286,0.2588,0.4228,0.0426,0.0520,0.0917,-9999.0000,0.0377,2.0
277180.000,0.1120,2.9681,1.9790,0.4693,0.4220,0.0595,0.0682,0.1549,-9999.0000,0.2416,2.0
277410.000,0.1410,3.0242,2.0094,0.1485,0.3921,0.0670,0.1076,0.2245,-9999.0000,-9999.0000,2.0
277640.000,0.2120,2.8215,2.1082,0.1577,0.3117,-9999.0000,0.1875,0.1490,-9999.0000,0.0382,2.0
277870.000,0.1554,2.7808,2.0315,0.3443,0.2803,0.0592,0.2078,-9999.0000,-9999.0000,0.1046,2.0
278101.000,0.1124,2.6059,1.8665,-9999.0000,0.3957,0.0768,-9999.0000,0.2000,-9999.0000,0.1731,2.0
278331.000,0.0815,2.5521,2.1281,0.2226,0.3776,0.0337,-9999.0000,0.1812,-9999.0000,0.0707,2.0
278561.000,0.1057,2.7677,1.8377,0.1992,0.6595,-9999.0000,0.1312,0.0961,-9999.0000,0.1028,2.0
278791.000,0.1072,3.0287,2.0640,0.1506,0.3671,-9999.0000,-9999.0000,0.1251,-9999.0000,-9999.0000,2.0
279021.000,0.0847,3.1596,2.0897,0.4108,0.3491,-9999.0000,0.0634,0.1127,-9999.0000,0.0726,2.0
279252.000,0.0522,2.7477,2.0618,0.1208,0.3631,-9999.0000,0.1780,0.1833,-9999.0000,0.1397,2.0
279482.000,0.1056,2.6014,2.1752,0.2158,0.3978,0.0408,-9999.0000,0.1039,-9999.0000,0.2027,2.0
279712.000,0.0870,2.6606,1.9923,0.2603,0.3526,-9999.0000,0.1105,-9999.0000,-9999.0000,0.0364,2.0
279942.000,0.1276,2.9131,1.9348,0.1567,0.4605,0.0691,0.0618,0.1372,-9999.0000,0.0710,2.0
280172.000,0.0859,2.6396,1.9430,0.2037,0.3059,0.0846,0.0923,-9999.0000,-9999.0000,-9999.0000,2.0
280403.000,0.1007,2.5878,2.1476,0.1201,0.4325,-9999.0000,0.0944,0.1086,-9999.0000,0.1048,2.0
280633.000,0.1358,2.5337,1.8658,0.1725,0.3174,0.0342,0.0776,0.0898,-9999.0000,-9999.0000,2.0
280863.000,0.1126,2.6215,2.0242,0.1345,0.3676,0.0506,0.1257,0.0971,-9999.0000,0.1036,2.0
281093.000,0.1266,2.5077,2.0926,0.2770,0.3691,0.0854,0.1019,-9999.0000,-9999.0000,-9999.0000,2.0
281323.000,0.1090,2.6367,1.8317,0.1008,0.2810,-9999.0000,0.1430,-9999.0000,-9999.0000,0.0361,2.0
281554.000,0.1565,2.5862,1.8513,0.2223,0.2799,0.0933,0.1092,0.2055,-9999.0000,-9999.0000,2.0
281784.000,0.1167,2.4621,1.8360,0.3258,0.2266,-9999.0000,0.0757,0.1953,-9999.0000,0.0693,2.0
282014.000,0.0955,2.6181,1.7746,0.3101,0.2624,0.0677,0.1257,0.2959,-9999.0000,0.1036,2.0
282244.000,0.1640,2.3426,1.7706,0.1670,0.3214,0.0839,0.0588,0.1939,-9999.0000,0.0690,2.0
282474.000,0.0863,2.6763,1.8172,-9999.0000,0.2613,0.0928,0.0511,0.1765,-9999.0000,-9999.0000,2.0
282705.000,0.1458,2.4608,1.8912,-9999.0000,0.3181,0.0431,-9999.0000,0.1166,0.1057,0.1391,2.0
282935.000,0.1597,2.3216,1.7553,0.1493,0.2688,0.0498,0.0913,0.0939,-9999.0000,0.0688,2.0
283165.000,0.1316,2.5411,1.7200,-9999.0000,0.2196,0.0425,0.0773,0.2331,-9999.0000,0.1042,2.0
283395.000,0.1447,2.4183,1.7825,-9999.0000,0.1930,0.0681,0.0772,0.1418,-9999.0000,0.1380,2.0
283625.000,0.1367,2.4001,1.8897,-9999.0000,0.2378,-9999.0000,0.0778,0.3158,-9999.0000,0.0705,2.0
283856.000,0.1300,2.2448,1.6340,0.2204,0.3129,0.0671,-9999.0000,-9999.0000,-9999.0000,0.1028,2.0
284086.000,0.0853,2.2075,1.6497,0.1769,0.2841,-9999.0000,-9999.0000,-9999.0000,-9999.0000,0.1399,2.0
284316.000,0.1292,2.0352,1.6426,0.1138,0.2419,0.0326,0.0664,0.1822,-9999.0000,0.1356,2.0
284546.000,0.1216,2.1907,1.7032,0.1161,0.3130,0.0501,0.1821,0.1748,-9999.0000,0.1029,2.0
284777.000,0.0924,2.2328,1.6681,-9999.0000,0.2804,0.0509,-9999.0000,0.1134,-9999.0000,0.1378,2.0
285007.000,0.1119,2.3513,1.6849,0.1236,0.2748,0.0521,-9999.0000,0.1436,-9999.0000,0.1397,2.0
285237.000,0.1671,2.3256,1.6509,0.1545,0.2103,0.0510,0.1102,0.1041,-9999.0000,0.1040,2.0
285467.000,0.1301,2.4093,1.6584,0.1851,0.1644,-9999.0000,-9999.0000,-9999.0000,-9999.0000,0.0689,2.0
285697.000,0.1475,2.2678,1.4917,-9999.0000,0.2165,0.0329,-9999.0000,-9999.0000,-9999.0000,0.0689,2.0
285928.000,0.1699,2.2154,1.5600,-9999.0000,0.2085,0.0417,0.0595,0.2191,-9999.0000,0.0692,2.0
286158.000,0.1257,2.2843,1.5445,0.1596,0.2130,-9999.0000,-9999.0000,0.1064,-9999.0000,0.1740,2.0
286388.000,0.1526,2.1000,1.6637,-9999.0000,0.2258,0.0501,0.0595,0.2187,-9999.0000,-9999.0000,2.0
286618.000,0.1034,1.7911,1.4322,-9999.0000,0.2149,0.0830,-9999.0000,0.1619,-9999.0000,0.1351,2.0
286848.000,0.1010,1.8284,1.5284,-9999.0000,0.3310,0.0419,-9999.0000,-9999.0000,-9999.0000,0.1707,2.0
287079.000,0.1594,2.2299,1.5518,0.1736,0.2020,0.0341,-9999.0000,-9999.0000,-9999.0000,0.1043,2.0
287309.000,0.1838,2.1088,1.5189,-9999.0000,0.1565,-9999.0000,0.1255,-9999.0000,-9999.0000,0.1031,2.0
287539.000,0.1218,2.0546,1.5309,-9999.0000,0.1813,0.0328,0.0671,0.1087,-9999.0000,0.1694,2.0
287769.000,0.1052,2.3615,1.7360,-9999.0000,0.2604,-9999.0000,0.1413,0.1365,-9999.0000,-9999.0000,2.0
287999.000,0.1386,2.0755,1.6380,-9999.0000,0.1941,0.0345,-9999.0000,0.1588,-9999.0000,-9999.0000,2.0
288230.000,0.1071,2.0897,1.5745,-9999.0000,0.2632,0.0769,-9999.0000,-9999.0000,-9999.0000,0.1042,2.0
288460.000,0.1747,1.8863,1.5677,0.2386,0.3382,-9999.0000,0.0676,0.1358,0.1547,0.1027,2.0
288690.000,0.1195,2.1091,1.6026,0.1019,0.2618,0.0763,0.0607,0.2189,-9999.0000,0.0698,2.0
288920.000,0.0559,2.4543,1.4272,-9999.0000,0.1863,0.0436,0.0964,0.1687,-9999.0000,0.2423,2.0
289150.000,0.1617,1.7853,1.3888,0.1953,0.3095,-9999.0000,-9999.0000,-9999.0000,-9999.0000,0.0371,2.0
289381.000,0.0270,1.8881,1.5009,0.1671,0.3450,-9999.0000,0.0912,0.1069,-9999.0000,0.0685,2.0
289611.000,0.1511,2.1056,1.6006,-9999.0000,0.2978,-9999.0000,-9999.0000,0.1741,-9999.0000,-9999.0000,2.0
289841.000,0.1748,2.0559,1.4424,0.1420,0.3179,-9999.0000,-9999.0000,0.1309,-9999.0000,0.1052,2.0
290071.000,0.0853,1.8208,1.6646,0.1553,0.3145,-9999.0000,-9999.0000,0.1007,-9999.0000,0.1375,2.0
290301.000,0.1436,1.7631,1.5065,-9999.0000,0.2643,0.0431,0.0625,-9999.0000,-9999.0000,0.0368,2.0
290532.000,0.1087,1.7858,1.5624,-9999.0000,0.2028,0.0861,0.0626,-9999.0000,-9999.0000,0.1389,2.0
290762.000,0.1674,1.7493,1.6387,-9999.0000,0.2695,0.0419,0.1258,0.1713,-9999.0000,0.1368,2.0
290992.000,0.1163,1.8925,1.5222,-9999.0000,0.2011,-9999.0000,-9999.0000,0.1366,0.0829,0.1377,2.0
291222.000,0.1206,1.7326,1.4079,0.1558,0.2359,-9999.0000,-9999.0000,0.3264,-9999.0000,0.1038,2.0
291452.000,0.1155,1.8831,1.4945,0.1015,0.2085,0.0419,0.0604,0.1077,-9999.0000,-9999.0000,2.0
291683.000,0.1484,2.0713,1.3791,0.1061,0.2376,0.0430,0.1121,-9999.0000,-9999.0000,0.0368,2.0
291913.000,0.1983,1.9728,1.5461,0.1087,0.2040,0.0782,0.1717,0.1488,-9999.0000,0.0715,2.0
292143.000,0.0944,1.5787,1.4815,-9999.0000,0.1567,-9999.0000,0.0609,-9999.0000,-9999.0000,0.1034,2.0
292373.000,0.1010,1.8058,1.6010,0.1961,0.1946,0.0520,-9999.0000,0.1934,-9999.0000,-9999.0000,2.0
292603.000,0.1497,1.6921,1.3126,-9999.0000,0.2940,0.0415,-9999.0000,0.1598,-9999.0000,0.1025,2.0
292834.000,0.0827,1.9558,1.5778,-9999.0000,0.1758,0.0943,-9999.0000,0.1095,-9999.0000,-9999.0000,2.0
293064.000,0.1069,1.7874,1.2394,-9999.0000,0.2164,0.0416,0.0601,-9999.0000,-9999.0000,0.0692,2.0
293294.000,0.0869,1.7746,1.3152,-9999.0000,0.2891,0.0512,0.0538,0.1268,-9999.0000,0.1042,2.0
293524.000,0.1335,1.6349,1.4371,-9999.0000,0.1996,0.0419,-9999.0000,0.1244,-9999.0000,0.1031,2.0
293754.000,0.1566,1.7692,1.3669,0.0872,0.2448,0.0596,0.0782,0.1079,-9999.0000,0.2054,2.0
293985.000,0.1352,1.6747,1.3381,-9999.0000,0.2189,-9999.0000,0.1361,0.0900,-9999.0000,-9999.0000,2.0
294215.000,0.0773,1.6942,1.4159,0.1896,0.2431,0.0504,0.1343,0.0970,-9999.0000,0.1368,2.0
294445.000,0.0885,1.6167,1.3111,-9999.0000,0.1858,0.0951,0.1299,0.1465,-9999.0000,0.1054,2.0
294675.000,0.0777,1.8595,1.4187,-9999.0000,0.3305,0.0930,0.0938,0.1602,-9999.0000,-9999.0000,2.0
294905.000,0.1067,1.7402,1.4263,-9999.0000,0.3102,-9999.0000,0.1488,0.1037,-9999.0000,0.1355,2.0
295136.000,0.0643,1.7027,1.4932,-9999.0000,0.3117,-9999.0000,-9999.0000,0.1408,-9999.0000,0.1363,2.0
295366.000,0.0821,1.7855,1.3501,-9999.0000,0.3388,-9999.0000,0.1018,0.1415,-9999.0000,0.2041,2.0
295596.000,0.1102,1.8889,1.5554,0.0899,0.3163,0.1116,-9999.0000,0.1991,-9999.0000,0.1727,2.0
295826.000,0.0986,1.8115,1.4112,-9999.0000,0.3018,-9999.0000,0.0680,0.1662,-9999.0000,-9999.0000,2.0
296056.000,0.1167,1.7087,1.3651,-9999.0000,0.3380,0.0502,-9999.0000,-9999.0000,-9999.0000,0.0693,2.0
296287.000,0.1265,1.6613,1.3878,-9999.0000,0.2701,-9999.0000,0.1190,0.1238,0.0834,-9999.0000,2.0
296517.000,0.1306,1.9226,1.4393,-9999.0000,0.3305,0.0337,-9999.0000,0.1683,-9999.0000,0.0361,2.0
296747.000,0.1127,1.6810,1.2491,-9999.0000,0.3640,0.0418,-9999.0000,0.1670,-9999.0000,-9999.0000,2.0
296977.000,0.0935,1.6896,1.4923,-9999.0000,0.3609,0.0348,0.0718,0.0897,-9999.0000,0.1051,2.0
297207.000,0.1206,1.5994,1.2737,0.1013,0.1894,0.0835,-9999.0000,0.1295,0.0805,-9999.0000,2.0
297438.000,0.0946,1.9503,1.4013,-9999.0000,0.2409,0.0496,-9999.0000,0.1647,-9999.0000,0.0687,2.0
297668.000,0.1051,1.8418,1.2389,0.1398,0.2959,0.0848,0.1026,0.3844,-9999.0000,-9999.0000,2.0
297898.000,0.1554,1.9048,1.3863,-9999.0000,0.3190,0.0329,0.1169,-9999.0000,-9999.0000,0.1357,2.0
298128.000,0.1176,1.5510,1.3238,0.2776,0.3989,0.0673,0.0530,0.1485,-9999.0000,0.1702,2.0
298358.000,0.0929,1.8237,1.3004,0.1417,0.4194,0.0768,-9999.0000,0.1687,-9999.0000,-9999.0000,2.0
298589.000,0.0944,1.7577,1.3606,-9999.0000,0.4319,-9999.0000,0.0476,0.2078,-9999.0000,0.0373,2.0
298819.000,0.1370,1.8255,1.3479,-9999.0000,0.3078,0.0658,0.1557,0.1620,-9999.0000,0.2341,2.0
299049.000,0.0997,2.0322,1.4637,0.1539,0.3275,0.0330,0.0846,0.1105,-9999.0000,0.0689,2.0
299279.000,0.1167,1.9616,1.3349,-9999.0000,0.4130,-9999.0000,0.0842,0.2348,-9999.0000,-9999.0000,2.0
299509.000,0.1090,1.7264,1.3928,0.1032,0.4324,0.1177,-9999.0000,0.1827,-9999.0000,0.0692,2.0
299740.000,0.1490,1.7003,1.4783,-9999.0000,0.3997,0.0507,0.1598,0.1482,-9999.0000,0.0362,2.0
299970.000,0.1351,1.7522,1.5007,-9999.0000,0.3371,0.0755,0.1178,0.2093,-9999.0000,-9999.0000,2.0
300200.000,0.0996,1.7960,1.2579,0.1184,0.4124,-9999.0000,0.1326,0.1000,-9999.0000,-9999.0000,2.0
300430.000,0.0806,1.9360,1.6069,-9999.0000,0.3845,-9999.0000,0.0875,0.1857,0.1500,0.0705,2.0
300660.000,0.1634,1.5939,1.2215,-9999.0000,0.3765,0.0491,0.0673,0.1699,-9999.0000,-9999.0000,2.0
300891.000,0.1102,1.8476,1.5542,-9999.0000,0.5034,-9999.0000,0.0944,0.2102,-9999.0000,0.1705,2.0
301121.000,0.0755,1.8091,1.3336,0.1053,0.4079,0.0760,0.1189,0.0931,-9999.0000,0.0697,2.0
301351.000,0.0869,1.7594,1.6543,0.1184,0.4290,0.0326,0.1083,0.1525,-9999.0000,0.1017,2.0
301581.000,0.1508,1.6017,1.4083,-9999.0000,0.4705,0.0658,0.1479,0.1692,-9999.0000,-9999.0000,2.0
301811.000,0.1013,1.8759,1.4999,0.2085,0.3373,0.1179,0.1101,0.1367,0.1573,0.0694,2.0
302042.000,0.0926,1.8080,1.2783,-9999.0000,0.3801,-9999.0000,0.1668,0.1542,-9999.0000,0.0693,2.0
302272.000,0.1264,1.7650,1.5356,-9999.0000,0.4216,-9999.0000,0.0766,0.1885,-9999.0000,-9999.0000,2.0
302502.000,0.1091,1.9601,1.5157,0.1195,0.3866,0.0496,0.1250,0.1701,-9999.0000,0.1020,2.0
302732.000,0.1399,2.1135,1.4503,-9999.0000,0.5346,-9999.0000,0.1501,0.2247,0.1243,0.1358,2.0
302962.000,0.0734,2.0391,1.5112,0.1498,0.4253,0.0735,0.1387,0.1047,-9999.0000,0.1666,2.0
303193.000,0.1051,1.8958,1.4056,0.2061,0.5159,0.0497,0.1656,-9999.0000,-9999.0000,0.2020,2.0
303423.000,0.1553,2.3365,1.6184,-9999.0000,0.5226,-9999.0000,0.1037,0.2010,-9999.0000,0.1039,2.0
303653.000,0.1077,1.8563,1.6129,-9999.0000,0.4591,0.0901,0.2028,0.1661,-9999.0000,0.0675,2.0
303883.000,0.0955,2.2797,1.6459,-9999.0000,0.5376,0.0322,0.0913,0.1492,-9999.0000,0.2664,2.0
304113.000,0.1082,1.9880,1.6214,-9999.0000,0.5368,0.1238,-9999.0000,0.2018,-9999.0000,0.1999,2.0
304344.000,0.1024,2.2632,1.6932,-9999.0000,0.4415,-9999.0000,0.1677,0.1625,-9999.0000,0.0696,2.0
304574.000,0.1759,2.2771,1.5081,0.2617,0.5017,-9999.0000,0.1187,0.2159,-9999.0000,0.1030,2.0
304804.000,0.1074,2.4491,1.5956,0.0897,0.3212,0.0338,0.1032,0.1631,0.1487,0.0363,2.0
305034.000,0.1252,2.4647,1.6142,0.3895,0.4760,0.0818,0.0747,0.1917,-9999.0000,0.1335,2.0
305264.000,0.1137,2.3779,1.6315,-9999.0000,0.4963,0.0409,0.1566,0.2027,-9999.0000,0.1015,2.0
305495.000,0.1462,2.1607,1.6147,-9999.0000,0.3897,0.0759,0.1517,0.1710,-9999.0000,0.0697,2.0
305725.000,0.1556,4.0532,1.6977,0.2027,0.5450,0.0404,0.1313,0.2273,-9999.0000,0.1999,2.0
305955.000,0.0996,3.7854,1.5850,0.1263,0.5485,0.1701,0.1450,0.2175,-9999.0000,0.0703,2.0
306185.000,0.1221,4.0056,1.8188,0.1527,0.5635,0.0490,0.0596,0.2014,-9999.0000,-9999.0000,2.0
306415.000,0.1318,4.1997,1.7587,0.1722,0.6008,0.0580,0.1656,0.0962,-9999.0000,0.1352,2.0
306646.000,0.1516,4.6410,1.7471,-9999.0000,0.5108,-9999.0000,0.1555,0.1647,-9999.0000,0.1008,2.0
306876.000,0.0803,4.9215,1.8017,0.2408,0.5486,0.0746,0.0928,0.1935,-9999.0000,0.2679,2.0
307106.000,0.1336,4.9471,1.9689,0.1068,0.4757,0.0589,0.0947,0.1876,-9999.0000,0.1700,2.0
308302.000,0.1826,5.8947,1.8456,0.3701,0.7384,0.0680,0.1530,0.0985,0.0751,0.1710,2.0
308532.000,0.1484,5.4858,1.9339,0.1873,0.5114,0.0740,0.1561,0.1907,-9999.0000,0.1010,2.0
308763.000,0.1311,5.1328,1.8209,0.4604,0.6217,0.0572,0.0997,0.1724,-9999.0000,0.1999,2.0
308993.000,0.1282,4.8253,1.8658,0.2930,0.3853,-9999.0000,0.1334,0.1922,-9999.0000,0.1018,2.0
309223.000,0.1369,4.9983,1.8982,0.1902,0.5829,0.0496,0.0609,0.2189,-9999.0000,0.1683,2.0
309453.000,0.2108,4.6408,1.6827,0.3126,0.4902,0.0920,0.1263,0.2022,-9999.0000,0.1690,2.0
309683.000,0.0977,4.7214,1.7153,0.1025,0.4519,0.0324,0.1485,0.0929,-9999.0000,0.2335,2.0
309914.000,0.1742,4.8222,1.8973,-9999.0000,0.5107,-9999.0000,0.1319,0.1187,-9999.0000,0.1339,2.0
310144.000,0.1237,4.8596,1.7891,0.2403,0.5551,-9999.0000,0.1568,0.1549,-9999.0000,0.1014,2.0
310374.000,0.1087,4.8116,1.8043,0.0904,0.4059,0.0673,0.2411,0.2569,-9999.0000,0.1699,2.0
310604.000,0.1147,5.7054,1.8970,0.3069,0.4933,-9999.0000,-9999.0000,0.1624,0.0797,-9999.0000,2.0
310834.000,0.1610,5.7407,1.8998,0.2372,0.4324,0.0817,0.1872,0.1084,0.0893,0.2979,2.0
311065.000,0.1482,5.9116,1.9561,0.1519,0.3811,-9999.0000,0.1311,0.1169,-9999.0000,0.1333,2.0
311295.000,0.1540,5.6703,1.9936,0.3090,0.3581,0.0659,0.1489,0.2605,-9999.0000,-9999.0000,2.0
311525.000,0.1795,6.4186,2.1825,0.1800,0.5211,-9999.0000,0.0719,0.1776,0.0973,0.1711,2.0
311755.000,0.1713,6.0141,1.8313,0.2239,0.5636,0.0576,0.0607,0.1630,-9999.0000,0.1345,2.0
311985.000,0.1673,6.2576,1.7975,0.2586,0.3329,0.0410,0.2056,0.1276,-9999.0000,0.0684,2.0
312216.000,0.1292,6.7959,2.0722,0.2767,0.4363,0.0579,0.0531,0.1545,0.1137,0.2013,2.0
312446.000,0.1818,6.2653,2.0567,0.4000,0.3610,0.0501,0.0944,0.1648,0.0836,0.1025,2.0
312676.000,0.2005,6.4533,1.8820,0.4385,0.3978,0.1351,0.1200,0.1666,-9999.0000,0.1368,2.0
312906.000,0.1687,6.5098,1.8899,0.3241,0.3154,0.0862,0.0818,0.2247,-9999.0000,0.1727,2.0
313136.000,0.1381,6.0789,2.0244,0.2771,0.4363,0.0496,0.1740,0.1363,-9999.0000,0.1681,2.0
313367.000,0.1474,6.8005,2.0366,0.3822,0.3862,0.1171,0.0538,-9999.0000,-9999.0000,0.1356,2.0
313597.000,0.1489,6.9427,2.0566,0.0921,0.3716,0.0507,0.0632,0.1748,-9999.0000,0.0698,2.0
313827.000,0.1724,6.4034,2.0989,0.1397,0.3161,0.0662,0.1256,0.2865,0.0927,0.1680,2.0
314057.000,0.1365,6.3742,2.0351,0.1105,0.1993,0.0763,0.0880,0.2829,-9999.0000,0.1036,2.0
314287.000,0.1768,6.2542,2.0846,0.3917,0.3399,0.0601,0.1301,0.2402,-9999.0000,0.1044,2.0
314518.000,0.1659,5.9223,2.1405,0.2814,0.3015,0.0504,0.0709,0.1912,-9999.0000,0.1029,2.0
314748.000,0.1619,5.9714,1.9688,0.2821,0.3364,-9999.0000,-9999.0000,0.2183,-9999.0000,0.0697,2.0
314978.000,0.1562,5.5182,1.9720,0.1927,0.2739,-9999.0000,0.1344,-9999.0000,-9999.0000,0.1353,2.0
315208.000,0.1721,5.5113,1.7736,0.1730,0.2978,0.0325,0.0608,0.2399,-9999.0000,-9999.0000,2.0
315438.000,0.1441,5.4801,1.8004,0.1080,0.2748,0.0417,-9999.0000,-9999.0000,-9999.0000,0.1025,2.0
315669.000,0.1733,5.0137,1.8812,0.3640,0.2564,0.0497,-9999.0000,0.2681,-9999.0000,-9999.0000,2.0
315899.000,0.1430,4.9483,2.0719,0.1401,0.3584,-9999.0000,-9999.0000,0.1873,-9999.0000,0.3002,2.0
316129.000,0.1681,4.6878,1.7866,-9999.0000,0.2890,-9999.0000,0.0529,0.1596,-9999.0000,-9999.0000,2.0
316359.000,0.1520,4.7137,1.9863,0.1408,0.2476,0.0329,0.0938,0.1874,-9999.0000,0.0687,2.0
316589.000,0.0980,4.5239,1.9446,0.1447,0.1553,-9999.0000,0.0796,0.1547,-9999.0000,0.2701,2.0
316820.000,0.1806,5.1472,1.9292,0.1807,0.2597,0.0594,0.1534,0.2452,-9999.0000,0.0701,2.0
317050.000,0.1570,4.6805,1.9385,-9999.0000,0.2053,0.0666,-9999.0000,0.1700,-9999.0000,0.1353,2.0
317280.000,0.1236,4.6923,1.8772,0.0922,0.2924,-9999.0000,0.0792,0.1892,-9999.0000,-9999.0000,2.0
317510.000,0.1557,4.0086,1.7076,-9999.0000,0.2207,-9999.0000,0.0850,0.2205,-9999.0000,-9999.0000,2.0
317740.000,0.1762,4.3226,1.8721,0.2494,0.1468,0.1098,0.0800,0.2438,-9999.0000,0.2036,2.0
317971.000,0.1960,4.4320,1.8613,-9999.0000,0.3427,0.0332,0.0544,0.1430,-9999.0000,0.1687,2.0
318201.000,0.1431,5.1041,2.0832,0.1224,0.2035,0.0824,0.0690,0.1140,-9999.0000,0.1341,2.0
318431.000,0.1083,5.2566,1.7617,0.3042,0.2691,0.0429,0.0892,0.2273,0.0882,0.0705,2.0
318661.000,0.1232,4.6315,1.9299,0.1938,0.1109,0.0331,0.0703,-9999.0000,-9999.0000,0.0689,2.0
318891.000,0.1281,5.1931,1.8526,0.1093,0.1715,0.0837,0.1113,0.2320,-9999.0000,0.0361,2.0
319122.000,0.1150,5.1443,2.0176,-9999.0000,0.1968,0.0918,0.0948,0.1423,-9999.0000,0.1355,2.0
319352.000,0.1567,5.5707,1.8396,0.2015,0.1830,0.0516,-9999.0000,0.1917,-9999.0000,0.1380,2.0
319582.000,0.1687,5.2071,2.1020,0.1562,0.1775,0.0324,0.0928,0.1038,-9999.0000,0.1009,2.0
319812.000,0.1703,5.5377,2.0697,0.2723,0.1660,0.0518,0.1475,0.1380,-9999.0000,0.1384,2.0
320042.000,0.1907,5.3909,2.2184,0.1306,0.1908,0.0766,0.0728,0.2527,-9999.0000,0.0369,2.0
320273.000,0.1698,4.9195,1.9058,0.1144,0.2174,0.0854,-9999.0000,0.1908,-9999.0000,-9999.0000,2.0
320503.000,0.1584,5.0149,2.1531,-9999.0000,0.1712,-9999.0000,0.0548,-9999.0000,-9999.0000,0.1355,2.0
320733.000,0.1294,5.1802,1.8926,0.1976,0.2239,-9999.0000,0.1447,-9999.0000,-9999.0000,0.1697,2.0
320963.000,0.1672,5.5137,2.0881,0.1785,0.1884,0.0501,0.0630,0.1237,-9999.0000,0.1356,2.0
321193.000,0.1745,5.4048,2.0835,-9999.0000,0.1700,0.1328,0.1582,0.1483,-9999.0000,0.1677,2.0
321424.000,0.1693,5.6173,2.1268,0.1999,0.1818,0.1017,0.0890,0.1528,-9999.0000,0.0703,2.0
321654.000,0.2073,5.6746,2.2386,0.1292,0.1551,0.0843,-9999.0000,0.1425,-9999.0000,0.1365,2.0
321884.000,0.1604,5.2712,2.0330,0.2337,0.1900,0.1183,-9999.0000,0.2056,0.1299,0.1702,2.0
322114.000,0.1680,5.2918,2.0133,0.1453,0.2661,0.1342,-9999.0000,0.1146,-9999.0000,0.0363,2.0
322344.000,0.1751,5.0600,1.7097,0.1766,0.2128,0.0663,0.1264,-9999.0000,-9999.0000,0.1017,2.0
322575.000,0.1919,5.1182,1.9637,0.0975,0.2776,0.0430,0.0490,0.1530,0.0785,0.1042,2.0
322805.000,0.2015,4.7676,2.2009,-9999.0000,0.1397,0.0433,0.0496,0.1629,-9999.0000,0.2055,2.0
323035.000,0.1775,5.4374,2.1447,0.2157,0.1636,0.1011,0.0479,0.2397,-9999.0000,0.0365,2.0
323265.000,0.1443,5.6253,1.9564,0.3744,0.2425,-9999.0000,0.1383,0.1342,-9999.0000,0.0705,2.0
323495.000,0.1513,5.4036,2.2940,-9999.0000,0.2058,0.0839,-9999.0000,-9999.0000,-9999.0000,0.1691,2.0
323726.000,0.1729,5.2235,1.9879,0.2147,0.1373,-9999.0000,-9999.0000,0.1670,-9999.0000,0.1028,2.0
323956.000,0.1658,5.2917,1.8282,0.2006,0.1644,0.0511,0.0649,0.1512,-9999.0000,0.2374,2.0
324186.000,0.1795,5.2315,1.8703,0.3061,0.1996,-9999.0000,0.1062,0.1789,-9999.0000,0.1376,2.0
324416.000,0.1628,5.4127,2.0019,0.2381,0.1221,-9999.0000,-9999.0000,0.1257,-9999.0000,0.1045,2.0
324647.000,0.1325,5.3953,2.0244,-9999.0000,0.1915,-9999.0000,0.1964,0.1165,-9999.0000,0.0709,2.0
324877.000,0.1117,5.0782,2.1429,0.3101,0.0881,0.0607,0.1323,0.1718,-9999.0000,0.2062,2.0
327360.000,-9999.0000,-9999.0000,-9999.0000,-9999.0000,-9999.0000,-9999.0000,-9999.0000,-9999.0000,-9999.0000,-9999.0000,1.0
327590.000,-9999.0000,-9999.0000,-9999.0000,-9999.0000,-9999.0000,-9999.0000,-9999.0000,-9999.0000,-9999.0000,-9999.0000,1.0
327820.000,-9999.0000,-9999.0000,-9999.0000,-9999.0000,-9999.0000,-9999.0000,-9999.0000,-9999.0000,-9999.0000,-9999.0000,1.0
328050.000,-9999.0000,-9999.0000,-9999.0000,-9999.0000,-9999.0000,-9999.0000,-9999.0000,-9999.0000,-9999.0000,-9999.0000,1.0
328280.000,-9999.0000,-9999.0000,-9999.0000,-9999.0000,-9999.0000,-9999.0000,-9999.0000,-9999.0000,-9999.0000,-9999.0000,1.0
328511.000,-9999.0000,-9999.0000,-9999.0000,-9999.0000,-9999.0000,-9999.0000,-9999.0000,-9999.0000,-9999.0000,-9999.0000,1.0
328741.000,-9999.0000,-9999.0000,-9999.0000,-9999.0000,-9999.0000,-9999.0000,-9999.0000,-9999.0000,-9999.0000,-9999.0000,1.0
329046.000,-9999.0000,-9999.0000,-9999.0000,-9999.0000,-9999.0000,-9999.0000,-9999.0000,-9999.0000,-9999.0000,-9999.0000,1.0
329277.000,-9999.0000,-9999.0000,-9999.0000,-9999.0000,-9999.0000,-9999.0000,-9999.0000,-9999.0000,-9999.0000,-9999.0000,1.0
329507.000,-9999.0000,-9999.0000,-9999.0000,-9999.0000,-9999.0000,-9999.0000,-9999.0000,-9999.0000,-9999.0000,-9999.0000,1.0
329737.000,-9999.0000,-9999.0000,-9999.0000,-9999.0000,-9999.0000,-9999.0000,-9999.0000,-9999.0000,-9999.0000,-9999.0000,1.0
329967.000,-9999.0000,-9999.0000,-9999.0000,-9999.0000,-9999.0000,-9999.0000,-9999.0000,-9999.0000,-9999.0000,-9999.0000,1.0
330197.000,-9999.0000,-9999.0000,-9999.0000,-9999.0000,-9999.0000,-9999.0000,-9999.0000,-9999.0000,-9999.0000,-9999.0000,1.0
330501.000,0.2682,12.2331,11.4105,1.3909,1.1111,0.1847,0.3636,0.1485,0.1005,0.1773,0.0
330731.000,0.1882,8.3743,2.5613,0.7501,0.2279,0.1037,0.1992,0.1601,-9999.0000,0.0382,0.0
330961.000,0.1330,7.5081,2.4985,0.6864,0.2385,0.0449,0.2013,0.0896,0.0854,0.2763,0.0
331192.000,0.2020,7.2159,2.4678,0.2276,0.2633,0.0870,0.1835,0.3595,-9999.0000,0.2073,0.0
331422.000,0.1966,6.2340,2.5821,0.2777,0.1489,-9999.0000,0.0760,0.3030,-9999.0000,-9999.0000,0.0
331652.000,0.1579,6.0389,2.1989,0.2438,0.2538,-9999.0000,-9999.0000,0.2856,-9999.0000,0.0719,0.0
331882.000,0.0959,5.9815,2.4169,0.2398,0.1304,0.0517,0.1154,-9999.0000,-9999.0000,0.0709,0.0
332112.000,0.1777,5.3450,2.2732,0.4952,0.2039,-9999.0000,0.0866,0.1441,0.1189,0.0391,0.0
332343.000,0.1535,4.8915,2.2072,0.2499,0.2729,0.0585,0.0882,0.1868,-9999.0000,0.1353,0.0
332573.000,0.1425,4.7395,2.1932,0.3578,0.2326,0.0847,0.0657,0.2344,-9999.0000,-9999.0000,0.0
332803.000,0.1715,5.1643,2.0693,0.1660,0.2653,0.0338,-9999.0000,0.2144,-9999.0000,0.1359,0.0
333033.000,0.1739,4.6714,2.1132,0.4788,0.2130,0.0882,0.0539,0.1530,0.1195,0.1072,0.0
333263.000,0.2037,4.9921,2.0903,0.2910,0.2766,0.0936,0.0908,0.1817,-9999.0000,0.3711,0.0
333494.000,0.1605,4.4377,2.1547,0.2559,0.1642,-9999.0000,0.1311,0.1812,-9999.0000,0.0706,0.0
333724.000,0.1586,4.2212,2.0237,0.2792,0.2797,0.0526,0.0766,0.1399,-9999.0000,0.1729,0.0
333954.000,0.1605,4.1218,1.8630,0.1695,0.2587,-9999.0000,-9999.0000,0.1360,-9999.0000,-9999.0000,0.0
334184.000,0.1047,4.4186,2.1724,0.1525,0.2761,-9999.0000,0.0501,-9999.0000,-9999.0000,0.0706,0.0
334414.000,0.1759,3.8247,2.2156,0.3485,0.1924,-9999.0000,-9999.0000,0.1121,-9999.0000,0.0382,0.0
334645.000,0.1902,3.9471,2.1250,0.1341,0.1978,0.0342,0.0819,-9999.0000,-9999.0000,-9999.0000,0.0
334875.000,0.2066,4.0376,2.1859,0.1574,0.1317,0.0950,0.0684,-9999.0000,-9999.0000,0.0382,0.0
335105.000,0.0850,4.1291,2.0031,0.2962,0.2617,-9999.0000,0.1009,0.2375,0.0833,0.0717,0.0
335335.000,0.1229,3.3336,1.7686,0.3098,0.3115,-9999.0000,-9999.0000,-9999.0000,0.0918,-9999.0000,0.0
335565.000,0.1502,3.6584,1.8463,0.1399,0.4615,-9999.0000,0.1418,0.1293,-9999.0000,0.0382,0.0
335796.000,0.1754,3.6672,1.8781,0.3462,0.3903,0.0605,0.1408,0.1727,-9999.0000,0.0378,0.0
336026.000,0.1753,3.4912,1.7018,0.1726,0.3640,0.0435,-9999.0000,0.1364,0.0820,0.1046,0.0
336256.000,0.1807,3.4058,2.0145,0.1835,0.3329,0.0420,0.1211,0.2114,-9999.0000,0.1356,0.0
336486.000,0.1338,3.6162,2.0580,0.1663,0.3327,-9999.0000,-9999.0000,0.2288,-9999.0000,0.1355,0.0
336716.000,0.0921,3.7942,2.1778,0.2719,0.3775,0.0342,-9999.0000,-9999.0000,-9999.0000,-9999.0000,0.0
336947.000,0.1613,3.5382,1.9975,0.3079,0.3013,-9999.0000,0.0907,-9999.0000,-9999.0000,0.1370,0.0
337177.000,0.0959,3.4332,1.8839,-9999.0000,0.3159,0.0505,0.1293,0.1403,-9999.0000,0.2348,0.0
337407.000,0.1530,3.4388,1.9239,0.2396,0.2843,0.0597,-9999.0000,0.2408,-9999.0000,0.0706,0.0
337637.000,0.1315,3.3969,1.6902,0.3425,0.3270,0.0429,-9999.0000,0.2046,-9999.0000,0.1370,0.0
337867.000,0.1395,3.4037,1.7724,0.2032,0.2743,-9999.0000,-9999.0000,0.1055,-9999.0000,0.2026,0.0
338098.000,0.1690,3.3521,1.6130,0.1680,0.2737,0.0840,0.0896,0.1314,-9999.0000,0.2683,0.0
338328.000,0.1781,3.3763,1.8573,0.1004,0.4285,-9999.0000,-9999.0000,-9999.0000,-9999.0000,0.0701,0.0
338558.000,0.1517,3.6991,1.7093,0.1941,0.3579,-9999.0000,-9999.0000,0.1101,0.0740,0.0384,0.0
338788.000,0.1800,3.2985,1.6191,0.1553,0.2766,-9999.0000,0.1160,-9999.0000,-9999.0000,0.1377,0.0
339018.000,0.1536,3.5378,1.7116,0.1196,0.2585,-9999.0000,0.0507,0.2220,-9999.0000,0.1704,0.0
339249.000,0.1822,3.5067,1.7047,0.3508,0.2273,0.0952,-9999.0000,0.1636,-9999.0000,0.0721,0.0
339479.000,0.1993,3.3759,1.9360,-9999.0000,0.2096,0.0865,-9999.0000,0.1450,-9999.0000,-9999.0000,0.0
339709.000,0.1258,3.2485,1.7667,0.2636,0.3053,0.0442,0.1344,0.2171,-9999.0000,-9999.0000,0.0
339939.000,0.1757,3.1278,1.9065,0.1549,0.3104,-9999.0000,0.0996,0.1149,-9999.0000,-9999.0000,0.0
340169.000,0.1619,3.1593,1.7553,-9999.0000,0.3689,-9999.0000,-9999.0000,0.1401,-9999.0000,0.1366,0.0
340400.000,0.1273,3.0742,1.7412,0.2721,0.3593,-9999.0000,0.0660,0.1834,-9999.0000,0.1031,0.0
340630.000,0.1571,3.0007,1.8855,0.2716,0.4272,0.0673,0.0980,0.1475,-9999.0000,-9999.0000,0.0
340860.000,0.1512,2.9787,1.5959,0.2440,0.3899,-9999.0000,-9999.0000,-9999.0000,-9999.0000,0.0714,0.0
341090.000,0.0981,2.8056,1.7785,-9999.0000,0.3860,-9999.0000,0.0505,0.1129,-9999.0000,0.1366,0.0
341320.000,0.1894,3.1209,1.8043,0.4150,0.3970,-9999.0000,0.1649,-9999.0000,0.1141,0.0377,0.0
341551.000,0.1944,3.1458,1.8230,0.3648,0.3894,0.0605,0.0601,0.1688,-9999.0000,0.0713,0.0
341781.000,0.1338,2.8219,1.5558,0.2084,0.3197,-9999.0000,-9999.0000,-9999.0000,0.1463,0.0378,0.0
342011.000,0.1473,3.0457,1.6324,0.4000,0.3120,-9999.0000,0.0765,0.1240,0.1047,0.1382,0.0
342241.000,0.1542,3.3386,1.9093,0.1885,0.4461,0.0512,0.0749,0.1923,-9999.0000,0.2030,0.0
342471.000,0.1496,3.1233,1.7548,0.2563,0.4624,0.0593,0.0665,0.2624,-9999.0000,0.2689,0.0
342702.000,0.2197,3.2533,1.7854,0.2079,0.4309,-9999.0000,-9999.0000,0.1847,0.1034,0.1042,0.0
342932.000,0.1734,2.9897,1.8346,0.5386,0.4673,0.0353,-9999.0000,0.1324,-9999.0000,0.1048,0.0
343162.000,0.2047,2.8963,1.8929,0.3335,0.3652,0.0526,0.0775,0.1335,-9999.0000,-9999.0000,0.0
343392.000,0.1472,2.9206,1.7538,0.2952,0.3282,0.0687,0.0924,0.0956,-9999.0000,0.2045,0.0
343622.000,0.1263,2.7201,1.6117,0.3832,0.4414,-9999.0000,-9999.0000,-9999.0000,-9999.0000,0.2051,0.0
343853.000,0.1861,2.7689,1.6913,0.1572,0.3023,-9999.0000,-9999.0000,0.1131,-9999.0000,0.2044,0.0
344083.000,0.1846,2.4807,1.7657,0.2323,0.4282,-9999.0000,-9999.0000,0.1167,-9999.0000,0.1063,0.0
344313.000,0.2041,2.5902,1.7648,0.1414,0.3291,-9999.0000,0.0606,0.1942,-9999.0000,-9999.0000,0.0
344543.000,0.1187,2.4366,1.8232,0.1953,0.2873,0.0442,-9999.0000,0.1777,-9999.0000,0.1726,0.0
344773.000,0.1857,2.4733,1.7620,-9999.0000,0.4043,-9999.0000,0.1000,0.1651,-9999.0000,0.1040,0.0
345004.000,0.1825,2.5364,1.7048,0.2275,0.2683,-9999.0000,0.0524,-9999.0000,-9999.0000,0.3049,0.0
345234.000,0.1711,2.5039,1.7049,0.2135,0.2356,-9999.0000,-9999.0000,0.1058,0.0966,0.0721,0.0
345464.000,0.0999,2.7400,1.7553,0.2762,0.3950,-9999.0000,0.0675,0.2441,-9999.0000,0.0706,0.0
345694.000,0.1127,2.9230,1.6159,0.2243,0.2833,-9999.0000,-9999.0000,0.1637,-9999.0000,0.2363,0.0
345924.000,0.1827,2.8655,1.5883,0.2793,0.3714,-9999.0000,0.0686,0.1300,-9999.0000,0.1046,0.0
346155.000,0.2136,2.8573,1.5266,-9999.0000,0.4594,-9999.0000,0.1220,0.1784,-9999.0000,0.1026,0.0
346385.000,0.1826,2.6462,1.8053,0.1926,0.4312,-9999.0000,-9999.0000,0.1116,-9999.0000,0.0712,0.0
346615.000,0.1984,3.0108,1.7896,0.2504,0.4104,-9999.0000,-9999.0000,0.2141,-9999.0000,0.0726,0.0
346845.000,0.1965,2.8243,1.7372,0.3328,0.4328,-9999.0000,0.0530,0.1482,-9999.0000,0.0382,0.0
347075.000,0.1617,2.8434,1.8404,0.1936,0.3715,-9999.0000,0.0932,0.1831,0.0947,-9999.0000,0.0
347306.000,0.1676,2.9440,1.7568,0.2143,0.3917,0.0444,0.0784,0.1226,-9999.0000,0.0387,0.0
347536.000,0.1294,2.6058,1.6253,-9999.0000,0.4542,-9999.0000,0.0874,0.1958,-9999.0000,0.1064,0.0
347766.000,0.2146,2.7171,1.6213,0.1092,0.4855,-9999.0000,-9999.0000,-9999.0000,-9999.0000,0.1723,0.0
347996.000,0.1698,2.6523,1.6733,0.2611,0.2326,0.0601,-9999.0000,-9999.0000,-9999.0000,0.0710,0.0
348226.000,0.2265,2.7214,1.6975,0.3145,0.4143,-9999.0000,0.1175,0.2267,-9999.0000,0.1713,0.0
348457.000,0.1886,2.6353,1.7802,0.3337,0.3293,0.0356,-9999.0000,0.1474,-9999.0000,0.1051,0.0
348687.000,0.1499,2.7861,1.7853,0.1955,0.3639,-9999.0000,0.0534,0.1294,-9999.0000,-9999.0000,0.0
348917.000,0.1733,2.8575,1.7211,0.1296,0.3410,-9999.0000,0.1039,0.1589,-9999.0000,0.1400,0.0
349147.000,0.1770,2.6830,1.7820,0.1631,0.3831,-9999.0000,-9999.0000,0.1127,0.0870,0.1059,0.0
349377.000,0.1974,2.9058,1.7352,0.2818,0.3463,0.0861,0.0939,0.1198,-9999.0000,0.1051,0.0
349608.000,0.2225,2.6317,1.5463,0.1596,0.3021,-9999.0000,-9999.0000,0.1990,-9999.0000,0.1046,0.0
349838.000,0.1709,2.6620,1.4744,0.2457,0.2934,-9999.0000,0.0528,-9999.0000,-9999.0000,0.0713,0.0
350068.000,0.1185,2.0799,1.2557,-9999.0000,0.0811,0.0457,-9999.0000,-9999.0000,-9999.0000,-9999.0000,0.0
350298.000,0.1317,2.1504,1.3414,-9999.0000,-9999.0000,-9999.0000,-9999.0000,-9999.0000,-9999.0000,0.0420,0.0
350528.000,0.2036,1.7366,1.4929,0.1616,-9999.0000,-9999.0000,-9999.0000,0.0952,-9999.0000,-9999.0000,0.0
350759.000,0.1302,1.6815,1.2166,-9999.0000,0.0655,-9999.0000,-9999.0000,0.1012,-9999.0000,0.0755,0.0
350989.000,0.1406,1.6345,1.4886,0.1607,0.1112,0.0482,-9999.0000,0.0941,-9999.0000,-9999.0000,0.0
351219.000,0.1852,1.5113,1.2894,-9999.0000,-9999.0000,-9999.0000,-9999.0000,-9999.0000,-9999.0000,0.0764,0.0
351449.000,0.1185,1.4118,1.3505,-9999.0000,-9999.0000,-9999.0000,-9999.0000,-9999.0000,-9999.0000,0.0419,0.0
351680.000,0.1629,1.4141,1.4874,-9999.0000,-9999.0000,-9999.0000,-9999.0000,-9999.0000,-9999.0000,0.0763,0.0
351910.000,0.1505,1.4403,1.1981,0.1265,-9999.0000,-9999.0000,-9999.0000,-9999.0000,-9999.0000,0.1115,0.0
352140.000,0.1322,1.2840,1.3891,-9999.0000,-9999.0000,-9999.0000,-9999.0000,-9999.0000,-9999.0000,0.0420,0.0
352370.000,0.1239,1.1896,1.3572,-9999.0000,-9999.0000,-9999.0000,-9999.0000,-9999.0000,-9999.0000,0.1116,0.0
352600.000,0.1376,1.2310,1.2061,-9999.0000,-9999.0000,0.0400,-9999.0000,-9999.0000,-9999.0000,0.0424,0.0
352831.000,0.1613,0.8006,1.5120,-9999.0000,-9999.0000,-9999.0000,-9999.0000,-9999.0000,-9999.0000,0.0752,0.0
353061.000,0.1547,1.1588,1.4259,-9999.0000,-9999.0000,-9999.0000,-9999.0000,-9999.0000,-9999.0000,-9999.0000,0.0
353291.000,0.0796,1.1055,1.2660,-9999.0000,0.0670,-9999.0000,0.0531,-9999.0000,-9999.0000,0.0770,0.0
353521.000,0.1037,1.2568,1.2248,-9999.0000,-9999.0000,-9999.0000,-9999.0000,0.1436,-9999.0000,-9999.0000,0.0
353751.000,0.1011,0.9814,1.2335,-9999.0000,0.0574,0.0306,-9999.0000,-9999.0000,-9999.0000,-9999.0000,0.0
353982.000,0.1076,0.9484,1.0942,-9999.0000,-9999.0000,-9999.0000,-9999.0000,-9999.0000,-9999.0000,0.0777,0.0
354212.000,0.1713,1.1912,1.2163,-9999.0000,-9999.0000,-9999.0000,-9999.0000,-9999.0000,-9999.0000,0.0413,0.0
354442.000,0.1433,1.1031,1.2545,-9999.0000,-9999.0000,0.0294,-9999.0000,-9999.0000,-9999.0000,-9999.0000,0.0
354672.000,0.0780,1.1105,1.2562,0.1924,-9999.0000,-9999.0000,-9999.0000,-9999.0000,-9999.0000,-9999.0000,0.0
354902.000,0.1010,1.0006,1.3257,-9999.0000,-9999.0000,-9999.0000,-9999.0000,-9999.0000,-9999.0000,0.0415,0.0
355133.000,0.1692,1.1320,1.2089,-9999.0000,0.0579,0.0572,-9999.0000,0.1200,-9999.0000,0.0768,0.0
355363.000,0.0807,1.0304,1.1287,-9999.0000,-9999.0000,-9999.0000,-9999.0000,0.1214,-9999.0000,0.0427,0.0
355593.000,0.1276,1.0793,1.1354,0.1592,0.0833,-9999.0000,-9999.0000,0.0893,-9999.0000,0.0757,0.0
355823.000,0.1254,1.0991,1.2337,-9999.0000,-9999.0000,-9999.0000,-9999.0000,-9999.0000,-9999.0000,-9999.0000,0.0
356053.000,0.1950,0.9258,1.1048,-9999.0000,-9999.0000,0.0479,-9999.0000,-9999.0000,-9999.0000,-9999.0000,0.0
356284.000,0.1034,1.1674,1.2869,0.1294,0.0763,-9999.0000,-9999.0000,-9999.0000,-9999.0000,-9999.0000,0.0
356514.000,0.1239,1.2104,1.3198,-9999.0000,-9999.0000,-9999.0000,-9999.0000,-9999.0000,-9999.0000,0.0760,0.0
356744.000,0.1249,1.0324,1.3519,0.1094,-9999.0000,-9999.0000,-9999.0000,-9999.0000,-9999.0000,-9999.0000,0.0
356974.000,0.1583,0.9630,1.1690,-9999.0000,-9999.0000,-9999.0000,-9999.0000,-9999.0000,-9999.0000,-9999.0000,0.0
357204.000,0.1166,1.0152,1.3805,-9999.0000,0.0580,-9999.0000,-9999.0000,-9999.0000,-9999.0000,0.0770,0.0
357435.000,0.1335,0.9536,1.4215,0.1976,-9999.0000,0.0480,-9999.0000,-9999.0000,-9999.0000,0.0419,0.0
357665.000,0.0945,1.0259,1.2142,-9999.0000,-9999.0000,-9999.0000,-9999.0000,-9999.0000,-9999.0000,0.0424,0.0
357895.000,0.1167,1.1785,1.1242,0.0926,-9999.0000,0.0660,-9999.0000,-9999.0000,-9999.0000,0.0769,0.0
358125.000,0.1254,0.8027,1.2701,-9999.0000,-9999.0000,-9999.0000,-9999.0000,0.1270,-9999.0000,0.0422,0.0
358355.000,0.1254,0.9182,1.2281,-9999.0000,-9999.0000,-9999.0000,-9999.0000,-9999.0000,-9999.0000,-9999.0000,0.0
358586.000,0.1305,0.7626,1.2010,-9999.0000,0.0670,-9999.0000,0.0873,0.0998,-9999.0000,-9999.0000,0.0
358816.000,0.1371,0.9558,1.4290,0.1517,-9999.0000,0.0323,0.0641,0.0936,-9999.0000,0.0435,0.0
359046.000,0.1518,1.0283,1.3166,-9999.0000,-9999.0000,-9999.0000,-9999.0000,-9999.0000,-9999.0000,0.0419,0.0
359276.000,0.1622,1.0031,1.1199,-9999.0000,-9999.0000,-9999.0000,-9999.0000,-9999.0000,-9999.0000,-9999.0000,0.0
359506.000,0.1299,0.9126,1.3597,-9999.0000,-9999.0000,0.0915,-9999.0000,0.1345,0.0776,0.0764,0.0
359737.000,0.1243,1.0587,1.0227,-9999.0000,-9999.0000,0.0905,0.0517,-9999.0000,-9999.0000,-9999.0000,0.0
359967.000,0.1841,1.2570,1.3010,-9999.0000,0.0935,0.0659,-9999.0000,-9999.0000,-9999.0000,0.0768,0.0
360197.000,0.1165,0.9583,1.1182,-9999.0000,-9999.0000,-9999.0000,0.0527,0.1335,-9999.0000,-9999.0000,0.0
360427.000,0.0996,0.8897,1.1257,-9999.0000,-9999.0000,-9999.0000,-9999.0000,0.1165,-9999.0000,-9999.0000,0.0
360657.000,0.1545,1.0081,1.1452,-9999.0000,-9999.0000,-9999.0000,-9999.0000,-9999.0000,-9999.0000,-9999.0000,0.0
360888.000,0.1425,0.9324,1.1491,-9999.0000,-9999.0000,-9999.0000,-9999.0000,-9999.0000,-9999.0000,-9999.0000,0.0
361118.000,0.1651,0.8748,1.1475,-9999.0000,-9999.0000,0.0304,-9999.0000,-9999.0000,-9999.0000,0.0416,0.0
361348.000,0.0989,0.9755,1.0204,0.2687,-9999.0000,0.1084,-9999.0000,-9999.0000,-9999.0000,-9999.0000,0.0
361578.000,0.1663,0.7896,1.0912,-9999.0000,-9999.0000,-9999.0000,0.0868,-9999.0000,-9999.0000,-9999.0000,0.0
361808.000,0.1375,0.8774,1.0387,-9999.0000,-9999.0000,0.0759,-9999.0000,0.1466,-9999.0000,-9999.0000,0.0
362039.000,0.1337,0.7492,1.1190,-9999.0000,-9999.0000,-9999.0000,-9999.0000,0.0917,-9999.0000,-9999.0000,0.0
362269.000,0.1380,0.9138,1.1258,-9999.0000,-9999.0000,-9999.0000,0.0473,0.1469,-9999.0000,-9999.0000,0.0
362499.000,0.1351,0.8669,1.1715,-9999.0000,0.0750,-9999.0000,-9999.0000,0.1138,-9999.0000,0.1106,0.0
362729.000,0.1334,0.9553,1.1802,-9999.0000,0.0590,-9999.0000,0.0472,0.1089,-9999.0000,-9999.0000,0.0
362959.000,0.1099,0.8411,0.9471,-9999.0000,-9999.0000,-9999.0000,-9999.0000,0.1436,-9999.0000,-9999.0000,0.0
363190.000,0.1181,0.8657,1.1581,-9999.0000,-9999.0000,-9999.0000,-9999.0000,-9999.0000,-9999.0000,0.0422,0.0
363420.000,0.1492,0.8678,1.1786,-9999.0000,0.0784,-9999.0000,-9999.0000,0.1306,-9999.0000,0.0443,0.0
363650.000,0.1130,0.9006,1.0414,-9999.0000,0.0570,-9999.0000,-9999.0000,-9999.0000,-9999.0000,0.0418,0.0
363880.000,0.0613,0.7418,1.1167,-9999.0000,0.0672,0.0839,-9999.0000,-9999.0000,-9999.0000,-9999.0000,0.0
364110.000,0.0934,0.8291,1.1667,-9999.0000,-9999.0000,-9999.0000,-9999.0000,0.1172,-9999.0000,-9999.0000,0.0
364341.000,0.1469,0.6184,1.0754,-9999.0000,-9999.0000,0.0756,0.0891,0.1257,-9999.0000,0.0778,0.0
364571.000,0.0747,0.9321,1.1702,-9999.0000,-9999.0000,-9999.0000,-9999.0000,-9999.0000,-9999.0000,0.0772,0.0
364801.000,0.1669,0.8030,1.3442,-9999.0000,-9999.0000,-9999.0000,-9999.0000,-9999.0000,-9999.0000,0.1106,0.0
365031.000,0.1158,0.8969,1.1461,-9999.0000,-9999.0000,-9999.0000,-9999.0000,-9999.0000,-9999.0000,0.1125,0.0
365261.000,0.1432,0.9682,1.0754,-9999.0000,0.0679,-9999.0000,-9999.0000,-9999.0000,-9999.0000,-9999.0000,0.0
365492.000,0.1482,0.9335,1.2754,-9999.0000,-9999.0000,-9999.0000,-9999.0000,-9999.0000,-9999.0000,-9999.0000,0.0
365722.000,0.1330,0.4969,1.1296,-9999.0000,-9999.0000,-9999.0000,-9999.0000,-9999.0000,-9999.0000,0.2152,0.0
365952.000,0.1053,0.8562,1.1565,-9999.0000,-9999.0000,-9999.0000,-9999.0000,-9999.0000,-9999.0000,0.1449,0.0
366182.000,0.1217,0.9240,1.1148,-9999.0000,-9999.0000,0.0413,-9999.0000,0.1733,-9999.0000,-9999.0000,0.0
366412.000,0.1216,0.6804,1.0107,-9999.0000,0.1043,0.0588,-9999.0000,-9999.0000,-9999.0000,-9999.0000,0.0
366643.000,0.1433,0.8001,1.1156,-9999.0000,-9999.0000,0.0494,0.0557,-9999.0000,-9999.0000,0.1125,0.0
366873.000,0.1106,0.7454,1.1630,-9999.0000,-9999.0000,-9999.0000,-9999.0000,0.1306,-9999.0000,0.0424,0.0
367103.000,0.1125,0.6975,0.9567,-9999.0000,-9999.0000,-9999.0000,-9999.0000,0.1993,-9999.0000,-9999.0000,0.0
367333.000,0.1592,0.8132,1.0224,-9999.0000,-9999.0000,-9999.0000,-9999.0000,-9999.0000,-9999.0000,-9999.0000,0.0
367563.000,0.1510,0.7134,1.1347,0.2136,0.1060,0.0955,0.0756,-9999.0000,-9999.0000,0.0798,0.0
367794.000,0.0761,0.8474,1.0650,-9999.0000,0.0672,0.0316,-9999.0000,-9999.0000,-9999.0000,0.0774,0.0
368024.000,0.1465,0.7769,1.2378,-9999.0000,0.0576,-9999.0000,-9999.0000,0.1391,-9999.0000,0.0424,0.0
368254.000,0.1430,1.0236,0.9954,-9999.0000,-9999.0000,0.0490,-9999.0000,-9999.0000,-9999.0000,0.0774,0.0
368484.000,0.0941,0.7572,0.9962,-9999.0000,-9999.0000,-9999.0000,-9999.0000,-9999.0000,-9999.0000,-9999.0000,0.0
368714.000,0.1170,0.7404,1.0195,-9999.0000,-9999.0000,0.0582,0.0559,-9999.0000,-9999.0000,0.0432,0.0
368945.000,0.1367,0.5882,1.1595,0.1026,-9999.0000,-9999.0000,0.0661,0.1259,-9999.0000,-9999.0000,0.0
369175.000,0.1443,0.8651,1.1289,-9999.0000,0.0678,-9999.0000,0.1068,0.0952,-9999.0000,0.0780,0.0
369405.000,0.1825,0.6369,0.9815,-9999.0000,-9999.0000,0.0399,0.1298,-9999.0000,-9999.0000,0.1456,0.0
369635.000,0.1028,0.7315,0.9870,-9999.0000,-9999.0000,0.0399,0.1216,-9999.0000,-9999.0000,0.0425,0.0
369865.000,0.1101,0.7281,1.1048,-9999.0000,-9999.0000,0.1034,0.0578,0.1161,-9999.0000,-9999.0000,0.0
370096.000,0.0990,0.7147,1.0246,-9999.0000,-9999.0000,0.0577,0.0889,-9999.0000,-9999.0000,-9999.0000,0.0
370326.000,0.1129,0.6634,1.1955,-9999.0000,0.0585,-9999.0000,-9999.0000,0.1307,-9999.0000,0.0777,0.0
370556.000,0.0918,0.9284,1.0910,-9999.0000,-9999.0000,0.0414,-9999.0000,-9999.0000,-9999.0000,-9999.0000,0.0
370786.000,0.1324,1.0190,1.1716,0.1744,-9999.0000,-9999.0000,0.0997,-9999.0000,-9999.0000,-9999.0000,0.0
371016.000,0.1495,0.8136,1.1040,-9999.0000,-9999.0000,0.0410,-9999.0000,-9999.0000,-9999.0000,0.1128,0.0
371247.000,0.1488,0.5942,1.1582,-9999.0000,-9999.0000,0.0667,0.0475,0.1946,-9999.0000,-9999.0000,0.0
371477.000,0.1080,0.7303,0.9255,-9999.0000,-9999.0000,0.0748,-9999.0000,-9999.0000,-9999.0000,-9999.0000,0.0
371707.000,0.1524,0.9158,1.0725,-9999.0000,-9999.0000,0.0600,0.1272,-9999.0000,-9999.0000,-9999.0000,0.0
371937.000,0.0995,0.6716,1.0344,-9999.0000,-9999.0000,0.1184,0.0471,-9999.0000,-9999.0000,-9999.0000,0.0
372167.000,0.1596,0.6339,0.9148,-9999.0000,-9999.0000,-9999.0000,-9999.0000,-9999.0000,-9999.0000,0.1482,0.0
372398.000,0.1016,0.6529,0.9778,-9999.0000,-9999.0000,-9999.0000,0.0746,-9999.0000,-9999.0000,0.0440,0.0
372628.000,0.1380,0.5209,0.9711,0.1761,-9999.0000,0.0329,0.0835,-9999.0000,-9999.0000,-9999.0000,0.0
372858.000,0.0837,0.7464,1.0100,-9999.0000,-9999.0000,0.0415,0.0577,-9999.0000,-9999.0000,-9999.0000,0.0
373088.000,0.1377,0.5669,1.0803,-9999.0000,-9999.0000,-9999.0000,-9999.0000,0.1410,-9999.0000,-9999.0000,0.0
373318.000,0.1227,0.6857,1.0063,-9999.0000,0.0616,0.0344,0.0952,-9999.0000,-9999.0000,0.0456,0.0
373549.000,0.0895,0.7820,0.9794,-9999.0000,0.0514,-9999.0000,-9999.0000,-9999.0000,-9999.0000,0.0447,0.0
373779.000,0.0760,0.5900,1.1489,-9999.0000,-9999.0000,-9999.0000,-9999.0000,0.1433,-9999.0000,-9999.0000,0.0
374009.000,0.1563,0.6188,1.0557,-9999.0000,-9999.0000,0.0329,0.0581,-9999.0000,-9999.0000,-9999.0000,0.0
374239.000,0.1431,0.6204,0.9313,-9999.0000,0.0598,-9999.0000,0.1261,0.1600,-9999.0000,0.1489,0.0
374469.000,0.1000,0.5089,0.9276,0.1160,-9999.0000,0.0573,0.1221,-9999.0000,-9999.0000,0.0426,0.0
374700.000,0.1609,0.7738,1.0369,-9999.0000,-9999.0000,0.1119,0.1258,0.1217,-9999.0000,0.0441,0.0
374930.000,0.1426,0.5068,1.1227,-9999.0000,0.0593,0.1291,0.1000,-9999.0000,-9999.0000,0.0439,0.0
375160.000,0.1309,0.7189,1.1325,-9999.0000,-9999.0000,0.1131,0.1106,-9999.0000,-9999.0000,0.0448,0.0
375390.000,0.0969,0.8736,1.0529,-9999.0000,-9999.0000,0.1714,0.1489,0.1091,-9999.0000,0.1469,0.0
375620.000,0.1686,0.5925,0.9952,-9999.0000,-9999.0000,0.0758,0.0569,0.1465,-9999.0000,-9999.0000,0.0
375851.000,0.1304,0.9466,1.0239,0.1780,0.0690,-9999.0000,0.1097,0.1127,-9999.0000,-9999.0000,0.0
376081.000,0.1000,0.7865,1.1668,-9999.0000,-9999.0000,0.0655,0.0797,-9999.0000,-9999.0000,-9999.0000,0.0
376311.000,0.1455,0.6928,1.1863,0.1354,0.1024,0.0403,-9999.0000,0.1072,-9999.0000,-9999.0000,0.0
376541.000,0.1637,0.6852,0.9543,-9999.0000,-9999.0000,0.0579,0.0983,0.1170,0.0833,0.1121,0.0
376771.000,0.1001,0.7619,1.0197,-9999.0000,0.0571,0.0654,0.0963,0.1777,-9999.0000,0.1106,0.0
377002.000,0.1206,0.5292,1.0060,-9999.0000,-9999.0000,-9999.0000,0.0493,0.1376,-9999.0000,-9999.0000,0.0
377232.000,0.1247,0.8979,1.1186,-9999.0000,-9999.0000,0.0672,0.0825,0.1180,-9999.0000,-9999.0000,0.0
377462.000,0.1900,0.5904,1.3060,-9999.0000,-9999.0000,-9999.0000,0.0811,0.1707,0.1263,0.0429,0.0
377692.000,0.0803,0.6199,1.1526,-9999.0000,-9999.0000,-9999.0000,-9999.0000,0.1365,0.0962,0.0783,0.0
377922.000,0.0978,0.6142,1.1155,0.1197,-9999.0000,-9999.0000,0.0904,0.1444,-9999.0000,0.0778,0.0
378153.000,0.0853,0.8524,1.1847,0.1041,0.1130,-9999.0000,0.1169,0.0999,-9999.0000,0.0786,0.0
378383.000,0.1292,0.6260,1.0477,-9999.0000,-9999.0000,0.0844,0.0655,0.1814,-9999.0000,0.1470,0.0
378613.000,0.0997,0.8680,1.1846,0.0884,0.0599,0.0859,0.1014,0.0921,-9999.0000,-9999.0000,0.0
378843.000,0.1389,0.6140,1.1688,0.1575,-9999.0000,0.0761,-9999.0000,0.1267,-9999.0000,-9999.0000,0.0
379073.000,0.1352,0.9278,1.2123,-9999.0000,0.0774,0.0766,-9999.0000,0.1186,-9999.0000,0.0789,0.0
379304.000,0.0964,0.7491,1.1246,0.1091,-9999.0000,0.0426,0.0602,-9999.0000,-9999.0000,-9999.0000,0.0
379534.000,0.1027,0.7442,1.2596,-9999.0000,-9999.0000,0.0494,0.1156,-9999.0000,-9999.0000,-9999.0000,0.0
379764.000,0.0929,0.7646,1.2211,0.1352,-9999.0000,-9999.0000,0.0974,-9999.0000,-9999.0000,-9999.0000,0.0
379994.000,0.1467,0.6542,1.0793,-9999.0000,-9999.0000,-9999.0000,0.0565,0.1508,-9999.0000,-9999.0000,0.0
380224.000,0.0996,0.8015,1.1795,-9999.0000,-9999.0000,0.0328,0.0669,0.1083,-9999.0000,0.0788,0.0
380454.000,0.0801,0.5568,1.1784,-9999.0000,-9999.0000,-9999.0000,0.1229,-9999.0000,-9999.0000,0.1800,0.0
380685.000,0.1609,0.7091,1.3345,-9999.0000,-9999.0000,0.0581,0.1409,0.2163,-9999.0000,-9999.0000,0.0
380915.000,0.1253,0.6801,1.1353,-9999.0000,-9999.0000,0.0407,0.0906,-9999.0000,-9999.0000,-9999.0000,0.0
381145.000,0.1813,0.7477,1.1962,-9999.0000,0.0573,0.1346,-9999.0000,0.1573,-9999.0000,0.1792,0.0
381375.000,0.0984,0.9230,1.2555,0.1904,0.0580,0.0750,0.0733,0.0948,0.0835,-9999.0000,0.0
381606.000,0.1221,0.6274,1.2417,0.1048,-9999.0000,-9999.0000,0.0666,-9999.0000,-9999.0000,0.0785,0.0
381836.000,0.1315,0.6261,1.3114,-9999.0000,-9999.0000,0.0328,0.0503,0.1073,-9999.0000,-9999.0000,0.0
382066.000,0.1191,0.7324,1.2717,0.1156,-9999.0000,0.0822,0.1045,0.1003,-9999.0000,-9999.0000,0.0
382296.000,0.1100,0.6501,1.1561,0.1259,-9999.0000,0.0684,-9999.0000,-9999.0000,-9999.0000,0.1142,0.0
382526.000,0.1715,0.8047,1.1131,0.1769,0.0680,-9999.0000,0.1340,-9999.0000,-9999.0000,-9999.0000,0.0
382757.000,0.1398,0.7878,1.3124,-9999.0000,-9999.0000,0.0323,0.1249,0.1789,-9999.0000,0.1471,0.0
382987.000,0.0919,0.9344,1.1614,-9999.0000,0.0595,0.0330,0.0928,-9999.0000,-9999.0000,0.0790,0.0
383217.000,0.1052,0.9981,0.9920,-9999.0000,0.0683,-9999.0000,-9999.0000,-9999.0000,0.0875,-9999.0000,0.0
383447.000,0.1054,0.9158,1.3702,-9999.0000,0.0774,-9999.0000,0.0675,-9999.0000,-9999.0000,-9999.0000,0.0
383677.000,0.1677,1.2734,1.3434,-9999.0000,-9999.0000,0.0414,0.1176,-9999.0000,-9999.0000,-9999.0000,0.0
383908.000,0.0875,0.9969,1.1413,-9999.0000,0.0683,0.0503,0.0674,0.1338,-9999.0000,-9999.0000,0.0
384138.000,0.0774,1.2755,1.3158,0.1209,-9999.0000,0.0839,0.0906,0.1855,-9999.0000,0.1119,0.0
384368.000,0.1568,0.9387,1.3218,-9999.0000,0.0516,0.0692,0.1034,0.1466,-9999.0000,0.0452,0.0
384598.000,0.1606,1.0706,1.2545,-9999.0000,-9999.0000,0.0686,0.0602,0.1916,0.0788,0.0797,0.0
384828.000,0.1432,1.1095,1.3152,0.2009,0.0695,-9999.0000,0.1031,0.1177,-9999.0000,-9999.0000,0.0
385059.000,0.2058,0.9186,1.2224,-9999.0000,-9999.0000,0.0599,0.1026,0.1354,-9999.0000,0.1145,0.0
385289.000,0.1195,1.0196,1.1817,-9999.0000,0.0953,0.0767,0.0593,-9999.0000,-9999.0000,-9999.0000,0.0
385519.000,0.1989,0.9476,1.1371,0.1058,-9999.0000,-9999.0000,0.0752,-9999.0000,-9999.0000,0.0438,0.0
385749.000,0.0980,0.8222,1.2044,-9999.0000,-9999.0000,0.1566,0.1196,0.1163,-9999.0000,-9999.0000,0.0
385979.000,0.1054,0.7393,1.2467,-9999.0000,-9999.0000,-9999.0000,0.1169,-9999.0000,-9999.0000,0.1127,0.0
386210.000,0.1422,0.8895,1.2753,-9999.0000,-9999.0000,-9999.0000,0.0594,-9999.0000,-9999.0000,-9999.0000,0.0
386440.000,0.1605,0.5462,1.2088,-9999.0000,0.0597,0.0682,0.0767,0.0960,-9999.0000,-9999.0000,0.0
386670.000,0.1359,0.7412,1.1620,0.1040,-9999.0000,0.0406,0.0576,-9999.0000,-9999.0000,0.0777,0.0
386900.000,0.1117,0.7337,1.2825,-9999.0000,-9999.0000,0.0685,-9999.0000,0.1244,-9999.0000,-9999.0000,0.0
387130.000,0.1110,0.9252,1.3211,0.1258,-9999.0000,0.0329,0.1351,0.1781,0.1434,-9999.0000,0.0
387361.000,0.1560,0.8486,1.2346,-9999.0000,-9999.0000,-9999.0000,0.0680,0.1041,-9999.0000,-9999.0000,0.0
387591.000,0.1237,0.8701,1.1467,-9999.0000,-9999.0000,-9999.0000,0.1004,0.1666,-9999.0000,-9999.0000,0.0
387821.000,0.1112,0.8228,1.2976,-9999.0000,-9999.0000,-9999.0000,0.1266,-9999.0000,-9999.0000,0.0442,0.0
388051.000,0.1674,0.6823,1.2853,-9999.0000,-9999.0000,0.0341,0.0786,-9999.0000,-9999.0000,0.1504,0.0
388281.000,0.1159,0.6784,1.2295,-9999.0000,-9999.0000,0.0417,-9999.0000,0.1960,-9999.0000,0.0443,0.0
388512.000,0.1974,0.8648,1.2087,0.2180,0.1137,0.0597,-9999.0000,-9999.0000,-9999.0000,0.1142,0.0
388742.000,0.1317,0.7000,1.1610,0.1315,-9999.0000,0.0342,0.0874,0.1728,-9999.0000,0.0805,0.0
388972.000,0.0858,0.5945,1.1621,-9999.0000,-9999.0000,0.0688,0.0609,0.2358,-9999.0000,-9999.0000,0.0
389202.000,0.1486,0.9225,1.3049,-9999.0000,-9999.0000,-9999.0000,0.1114,-9999.0000,-9999.0000,0.0449,0.0
389432.000,0.1572,0.5599,1.0547,-9999.0000,-9999.0000,0.0333,0.0856,0.1130,-9999.0000,-9999.0000,0.0
389663.000,0.1077,0.6343,1.1355,0.2708,-9999.0000,0.0593,0.0936,-9999.0000,-9999.0000,-9999.0000,0.0
389893.000,0.0681,0.6880,1.2092,-9999.0000,0.0871,0.0600,0.0863,-9999.0000,-9999.0000,-9999.0000,0.0
390123.000,0.1318,0.7510,1.1689,-9999.0000,-9999.0000,0.0869,0.0702,-9999.0000,0.0813,-9999.0000,0.0
390353.000,0.0543,0.5956,1.1375,-9999.0000,0.1044,-9999.0000,0.0939,-9999.0000,-9999.0000,0.1486,0.0
390583.000,0.1926,0.6637,1.0553,0.1986,0.0861,0.0591,0.0850,-9999.0000,-9999.0000,-9999.0000,0.0
390814.000,0.1123,0.5907,1.0600,-9999.0000,-9999.0000,0.0678,-9999.0000,0.1571,-9999.0000,0.0789,0.0
391044.000,0.1071,0.5099,1.0299,0.3032,0.0942,0.0846,-9999.0000,0.1919,-9999.0000,0.1815,0.0
391274.000,0.1612,0.6318,1.2016,-9999.0000,0.0769,0.0589,0.1434,-9999.0000,-9999.0000,-9999.0000,0.0
391504.000,0.1169,0.7006,1.1020,0.1092,0.0592,-9999.0000,0.1270,0.1103,-9999.0000,0.0443,0.0
391734.000,0.1541,0.7246,1.1830,0.3463,0.0691,-9999.0000,-9999.0000,0.1313,-9999.0000,-9999.0000,0.0
391965.000,0.1524,0.6854,1.1736,-9999.0000,0.0590,0.0937,0.1433,-9999.0000,-9999.0000,-9999.0000,0.0
392195.000,0.1211,0.7990,1.3655,0.0904,-9999.0000,0.0848,0.2016,0.0903,0.0990,-9999.0000,0.0
392425.000,0.1489,0.6363,1.3754,-9999.0000,0.0774,-9999.0000,0.1445,0.1661,-9999.0000,0.0446,0.0
392655.000,0.1306,0.6924,1.1903,-9999.0000,-9999.0000,-9999.0000,-9999.0000,0.1094,-9999.0000,0.0443,0.0
392885.000,0.1144,0.8615,1.2063,-9999.0000,0.0694,0.0867,0.1379,0.0940,-9999.0000,0.0801,0.0
393116.000,0.1572,0.7446,1.2809,0.1090,0.1124,0.0763,0.1769,-9999.0000,-9999.0000,0.0442,0.0
393346.000,0.1271,0.7216,1.2165,-9999.0000,-9999.0000,-9999.0000,0.1450,-9999.0000,-9999.0000,-9999.0000,0.0
393576.000,0.1711,0.6846,1.2631,0.1182,-9999.0000,0.0795,0.1409,0.2294,-9999.0000,0.1873,0.0
393806.000,0.1100,0.6608,1.1532,0.0951,0.1501,0.0513,0.0531,0.1208,-9999.0000,-9999.0000,0.0
394036.000,0.1413,0.6747,1.3421,-9999.0000,-9999.0000,-9999.0000,0.1710,0.1015,0.1026,-9999.0000,0.0
394267.000,0.1071,0.6584,1.1966,0.1409,-9999.0000,0.0663,0.1326,-9999.0000,0.1072,0.1798,0.0
394497.000,0.1411,0.5090,1.1257,0.1121,-9999.0000,-9999.0000,0.2211,0.1749,-9999.0000,-9999.0000,0.0
394727.000,0.1276,0.6137,1.2359,0.1118,-9999.0000,0.0508,0.1198,0.1094,-9999.0000,0.0447,0.0
394957.000,0.1656,0.6617,1.2829,-9999.0000,-9999.0000,0.0496,-9999.0000,-9999.0000,-9999.0000,0.0780,0.0
395187.000,0.1247,0.8499,1.2325,0.1336,0.0879,-9999.0000,0.0796,0.1031,-9999.0000,0.0457,0.0
395418.000,0.1376,0.6981,1.3299,-9999.0000,-9999.0000,0.1042,0.0790,-9999.0000,-9999.0000,0.0453,0.0
395648.000,0.0889,0.6975,1.2974,-9999.0000,0.0521,0.0787,0.0972,0.1413,-9999.0000,-9999.0000,0.0
395878.000,0.1004,0.7123,0.9921,-9999.0000,-9999.0000,-9999.0000,0.0607,0.1824,-9999.0000,0.1137,0.0
396108.000,0.0843,0.6243,1.2499,-9999.0000,0.0701,0.0786,0.1736,-9999.0000,-9999.0000,0.0459,0.0
396338.000,0.0866,0.7238,1.2464,-9999.0000,0.0946,0.1024,-9999.0000,-9999.0000,-9999.0000,0.1476,0.0
396569.000,0.0516,0.7909,1.3258,0.1486,-9999.0000,0.0422,0.0865,-9999.0000,0.0803,0.0449,0.0
396799.000,0.1165,0.8239,1.2183,0.1002,-9999.0000,0.1057,0.0553,-9999.0000,-9999.0000,0.1165,0.0
397029.000,0.0974,0.7786,1.1383,-9999.0000,0.0788,-9999.0000,0.0627,-9999.0000,-9999.0000,-9999.0000,0.0
397259.000,0.0792,0.7254,1.1358,-9999.0000,-9999.0000,-9999.0000,0.0625,-9999.0000,-9999.0000,0.1152,0.0
397489.000,0.0561,0.7207,0.9831,-9999.0000,-9999.0000,0.1209,0.0783,0.1554,-9999.0000,0.0449,0.0
397720.000,0.0821,0.4937,1.2286,-9999.0000,-9999.0000,-9999.0000,-9999.0000,-9999.0000,0.1006,0.0788,0.0
397950.000,0.0520,-9999.0000,0.9988,-9999.0000,-9999.0000,-9999.0000,-9999.0000,-9999.0000,-9999.0000,-9999.0000,0.0
398180.000,0.0850,0.6637,0.8733,-9999.0000,0.0665,0.0319,-9999.0000,0.0940,-9999.0000,0.0433,0.0
398410.000,0.0658,0.6461,0.9984,-9999.0000,-9999.0000,0.0343,0.0799,0.1301,-9999.0000,-9999.0000,0.0
398640.000,0.0890,0.6334,1.1094,-9999.0000,-9999.0000,-9999.0000,-9999.0000,0.1413,-9999.0000,0.0813,0.0
398927.000,0.0646,0.8683,0.7715,-9999.0000,-9999.0000,-9999.0000,0.0779,-9999.0000,-9999.0000,0.0792,0.0
399158.000,0.0782,0.7660,0.8012,-9999.0000,-9999.0000,-9999.0000,-9999.0000,0.0990,-9999.0000,-9999.0000,0.0
399389.000,0.0290,0.8320,0.9349,-9999.0000,-9999.0000,-9999.0000,-9999.0000,-9999.0000,-9999.0000,0.0448,0.0
399621.000,0.0929,0.6333,1.0285,0.1716,-9999.0000,-9999.0000,-9999.0000,-9999.0000,-9999.0000,0.0807,0.0
399852.000,0.0476,0.7022,0.9409,-9999.0000,-9999.0000,0.0430,0.0628,-9999.0000,-9999.0000,-9999.0000,0.0
400083.000,0.0617,0.7529,0.8083,-9999.0000,-9999.0000,0.0524,-9999.0000,0.0938,-9999.0000,-9999.0000,0.0
400314.000,0.0726,1.1392,0.9987,-9999.0000,-9999.0000,-9999.0000,-9999.0000,-9999.0000,-9999.0000,-9999.0000,0.0
400545.000,0.0716,1.1697,0.9457,-9999.0000,0.0575,-9999.0000,0.0999,0.1021,-9999.0000,0.2134,0.0
400777.000,0.0870,1.3021,1.1257,0.1317,-9999.0000,-9999.0000,0.1035,-9999.0000,-9999.0000,0.0449,0.0
401008.000,0.0370,1.5435,0.9731,-9999.0000,-9999.0000,-9999.0000,-9999.0000,0.1226,-9999.0000,-9999.0000,0.0
401239.000,0.0773,2.0145,0.8778,-9999.0000,0.0589,-9999.0000,-9999.0000,-9999.0000,-9999.0000,0.0787,0.0
401470.000,0.0422,4.3960,1.0041,0.0958,0.0595,0.1204,-9999.0000,0.1164,0.0806,0.0793,0.0
401701.000,0.0548,11.2631,1.2738,0.2705,0.1028,0.0672,-9999.0000,0.1688,-9999.0000,0.0783,0.0
402072.000,-9999.0000,-9999.0000,-9999.0000,-9999.0000,-9999.0000,-9999.0000,-9999.0000,-9999.0000,-9999.0000,-9999.0000,1.0
402303.000,-9999.0000,-9999.0000,-9999.0000,-9999.0000,-9999.0000,-9999.0000,-9999.0000,-9999.0000,-9999.0000,-9999.0000,1.0
402534.000,-9999.0000,-9999.0000,-9999.0000,-9999.0000,-9999.0000,-9999.0000,-9999.0000,-9999.0000,-9999.0000,-9999.0000,1.0
402766.000,-9999.0000,-9999.0000,-9999.0000,-9999.0000,-9999.0000,-9999.0000,-9999.0000,-9999.0000,-9999.0000,-9999.0000,1.0
402997.000,-9999.0000,-9999.0000,-9999.0000,-9999.0000,-9999.0000,-9999.0000,-9999.0000,-9999.0000,-9999.0000,-9999.0000,1.0
403228.000,-9999.0000,-9999.0000,-9999.0000,-9999.0000,-9999.0000,-9999.0000,-9999.0000,-9999.0000,-9999.0000,-9999.0000,1.0
403459.000,-9999.0000,-9999.0000,-9999.0000,-9999.0000,-9999.0000,-9999.0000,-9999.0000,-9999.0000,-9999.0000,-9999.0000,1.0
403690.000,-9999.0000,-9999.0000,-9999.0000,-9999.0000,-9999.0000,-9999.0000,-9999.0000,-9999.0000,-9999.0000,-9999.0000,1.0
403922.000,-9999.0000,-9999.0000,-9999.0000,-9999.0000,-9999.0000,-9999.0000,-9999.0000,-9999.0000,-9999.0000,-9999.0000,1.0
404153.000,-9999.0000,-9999.0000,-9999.0000,-9999.0000,-9999.0000,-9999.0000,-9999.0000,-9999.0000,-9999.0000,-9999.0000,1.0
404384.000,-9999.0000,-9999.0000,-9999.0000,-9999.0000,-9999.0000,-9999.0000,-9999.0000,-9999.0000,-9999.0000,-9999.0000,1.0
404615.000,-9999.0000,-9999.0000,-9999.0000,-9999.0000,-9999.0000,-9999.0000,-9999.0000,-9999.0000,-9999.0000,-9999.0000,1.0
404846.000,-9999.0000,-9999.0000,-9999.0000,-9999.0000,-9999.0000,-9999.0000,-9999.0000,-9999.0000,-9999.0000,-9999.0000,1.0
405171.000,-9999.0000,-9999.0000,-9999.0000,-9999.0000,-9999.0000,-9999.0000,-9999.0000,-9999.0000,-9999.0000,-9999.0000,1.0
405402.000,-9999.0000,-9999.0000,-9999.0000,-9999.0000,-9999.0000,-9999.0000,-9999.0000,-9999.0000,-9999.0000,-9999.0000,1.0
405633.000,-9999.0000,-9999.0000,-9999.0000,-9999.0000,-9999.0000,-9999.0000,-9999.0000,-9999.0000,-9999.0000,-9999.0000,1.0
405865.000,-9999.0000,-9999.0000,-9999.0000,-9999.0000,-9999.0000,-9999.0000,-9999.0000,-9999.0000,-9999.0000,-9999.0000,1.0
406096.000,-9999.0000,-9999.0000,-9999.0000,-9999.0000,-9999.0000,-9999.0000,-9999.0000,-9999.0000,-9999.0000,-9999.0000,1.0
406327.000,-9999.0000,-9999.0000,-9999.0000,-9999.0000,-9999.0000,-9999.0000,-9999.0000,-9999.0000,-9999.0000,-9999.0000,1.0
406558.000,-9999.0000,-9999.0000,-9999.0000,-9999.0000,-9999.0000,-9999.0000,-9999.0000,-9999.0000,-9999.0000,-9999.0000,1.0
406789.000,0.0852,12.2070,1.7103,0.4274,0.0623,-9999.0000,-9999.0000,-9999.0000,-9999.0000,0.0546,0.0
407021.000,0.0900,4.4645,1.3078,0.1259,0.0628,-9999.0000,0.0584,0.1431,-9999.0000,0.0475,0.0
407252.000,0.1427,4.1612,1.2575,0.2305,0.1156,-9999.0000,-9999.0000,-9999.0000,-9999.0000,-9999.0000,0.0
407483.000,0.1065,3.3767,1.3598,0.1398,-9999.0000,-9999.0000,-9999.0000,-9999.0000,-9999.0000,-9999.0000,0.0
407714.000,0.0794,3.2623,1.0828,0.1397,0.0884,-9999.0000,-9999.0000,0.1854,-9999.0000,0.0464,0.0
407945.000,0.0477,3.0052,1.3057,0.1393,0.1062,0.0348,-9999.0000,-9999.0000,-9999.0000,-9999.0000,0.0
408177.000,0.1241,3.2437,1.3746,0.1572,-9999.0000,0.0611,-9999.0000,0.0912,-9999.0000,-9999.0000,0.0
408408.000,0.0792,2.5294,1.4701,0.1216,-9999.0000,-9999.0000,0.2514,0.1288,0.0754,0.0463,0.0
408639.000,0.0580,3.1240,1.2939,-9999.0000,0.0719,-9999.0000,-9999.0000,0.1143,-9999.0000,0.0475,0.0
408870.000,0.0895,2.5342,1.0437,0.1436,0.0533,0.0447,-9999.0000,-9999.0000,-9999.0000,-9999.0000,0.0
409101.000,0.0679,2.6370,1.1337,0.1293,-9999.0000,0.0368,-9999.0000,-9999.0000,-9999.0000,-9999.0000,0.0
409333.000,0.1059,2.4184,1.2480,0.1393,0.0790,-9999.0000,-9999.0000,-9999.0000,-9999.0000,-9999.0000,0.0
409564.000,0.0488,2.3732,1.0143,-9999.0000,0.0536,-9999.0000,0.0501,-9999.0000,-9999.0000,0.0828,0.0
409795.000,0.0565,2.5169,1.2913,0.2120,-9999.0000,0.0700,-9999.0000,-9999.0000,-9999.0000,0.1160,0.0
410026.000,0.0888,2.8824,1.2497,-9999.0000,-9999.0000,-9999.0000,-9999.0000,0.1021,-9999.0000,0.0469,0.0
410257.000,0.0930,2.5471,1.2272,-9999.0000,-9999.0000,0.0352,0.0657,-9999.0000,-9999.0000,-9999.0000,0.0
410489.000,0.1031,2.2441,1.1728,0.1445,-9999.0000,-9999.0000,-9999.0000,-9999.0000,-9999.0000,0.0474,0.0
410720.000,0.1030,2.5370,1.2899,0.0897,0.0624,0.0536,-9999.0000,0.1505,-9999.0000,-9999.0000,0.0
410951.000,0.0671,2.6601,1.1832,0.1096,-9999.0000,-9999.0000,-9999.0000,0.0953,-9999.0000,-9999.0000,0.0
411182.000,0.0441,2.4081,1.1987,0.1453,-9999.0000,-9999.0000,-9999.0000,-9999.0000,-9999.0000,0.0828,0.0
411413.000,0.1156,2.5682,1.3226,-9999.0000,-9999.0000,-9999.0000,0.0575,0.1013,-9999.0000,0.0468,0.0
411645.000,0.0995,2.6387,1.2551,-9999.0000,0.0634,-9999.0000,-9999.0000,0.1342,-9999.0000,-9999.0000,0.0
411876.000,0.0808,2.3882,1.2214,-9999.0000,-9999.0000,-9999.0000,-9999.0000,0.1045,-9999.0000,0.0478,0.0
412107.000,0.0660,2.3967,1.2770,-9999.0000,-9999.0000,-9999.0000,-9999.0000,-9999.0000,-9999.0000,0.0468,0.0
412338.000,0.0431,2.1714,1.1636,0.1233,-9999.0000,-9999.0000,-9999.0000,-9999.0000,-9999.0000,-9999.0000,0.0
412569.000,0.0352,2.3395,1.0188,-9999.0000,-9999.0000,-9999.0000,-9999.0000,-9999.0000,-9999.0000,-9999.0000,0.0
412801.000,0.0904,2.0047,1.2286,-9999.0000,-9999.0000,-9999.0000,-9999.0000,-9999.0000,-9999.0000,0.0837,0.0
413032.000,0.0924,1.9843,1.1263,-9999.0000,-9999.0000,0.0292,-9999.0000,-9999.0000,-9999.0000,-9999.0000,0.0
413263.000,-9999.0000,1.9133,1.2141,0.0937,0.0635,-9999.0000,-9999.0000,-9999.0000,-9999.0000,0.1900,0.0
413494.000,0.0948,2.0074,1.0607,0.3316,-9999.0000,0.0456,-9999.0000,0.1621,-9999.0000,0.0835,0.0
413725.000,0.1133,1.9963,1.1490,-9999.0000,-9999.0000,-9999.0000,-9999.0000,-9999.0000,-9999.0000,0.0483,0.0
413957.000,0.0805,2.0514,1.1914,0.1832,0.0719,0.0362,0.0508,0.1319,-9999.0000,0.0829,0.0
414188.000,0.1092,2.0860,1.2729,0.1322,-9999.0000,-9999.0000,-9999.0000,-9999.0000,-9999.0000,0.0842,0.0
414419.000,0.1059,1.9206,1.2291,0.0878,0.0612,-9999.0000,-9999.0000,-9999.0000,-9999.0000,-9999.0000,0.0
414650.000,0.1348,1.9467,1.1473,-9999.0000,-9999.0000,-9999.0000,-9999.0000,-9999.0000,-9999.0000,-9999.0000,0.0
414881.000,0.0789,1.7252,1.1220,0.1963,-9999.0000,-9999.0000,-9999.0000,-9999.0000,-9999.0000,0.0814,0.0
415113.000,0.0433,2.0012,1.1984,0.0896,-9999.0000,-9999.0000,0.0581,-9999.0000,-9999.0000,0.0469,0.0
415344.000,0.0693,2.2713,1.2081,-9999.0000,-9999.0000,-9999.0000,-9999.0000,-9999.0000,-9999.0000,0.1154,0.0
415575.000,-9999.0000,2.2589,0.9844,0.1777,-9999.0000,-9999.0000,0.0487,-9999.0000,-9999.0000,-9999.0000,0.0
415806.000,0.0406,2.1956,1.1496,-9999.0000,0.0736,-9999.0000,-9999.0000,0.2028,0.1302,0.0490,0.0
416037.000,0.1052,2.1786,1.2461,-9999.0000,-9999.0000,0.0784,-9999.0000,-9999.0000,-9999.0000,-9999.0000,0.0
416269.000,0.0307,2.3059,1.2412,0.1126,0.0541,0.0813,0.0775,-9999.0000,-9999.0000,0.0835,0.0
416500.000,0.0892,2.3040,1.3402,0.2015,-9999.0000,-9999.0000,-9999.0000,0.1682,-9999.0000,0.0476,0.0
416731.000,0.0853,2.2302,1.3348,-9999.0000,-9999.0000,-9999.0000,-9999.0000,0.1986,-9999.0000,0.1894,0.0
416962.000,0.0848,2.0760,1.3563,-9999.0000,-9999.0000,0.0362,-9999.0000,0.1120,-9999.0000,0.0829,0.0
417194.000,0.0718,2.4197,1.2341,-9999.0000,0.0543,0.0368,0.0607,0.1520,-9999.0000,0.0837,0.0
417425.000,0.1006,2.2044,1.1821,0.1356,-9999.0000,-9999.0000,-9999.0000,-9999.0000,-9999.0000,0.1206,0.0
417656.000,0.1131,2.2763,1.1888,-9999.0000,-9999.0000,-9999.0000,0.0524,-9999.0000,-9999.0000,-9999.0000,0.0
417887.000,0.1176,2.2982,1.1455,0.1507,-9999.0000,0.0548,0.0696,0.1616,-9999.0000,-9999.0000,0.0
418118.000,0.0976,2.1353,1.2541,-9999.0000,-9999.0000,0.0357,-9999.0000,-9999.0000,-9999.0000,-9999.0000,0.0
418350.000,0.1234,2.0693,1.2710,0.1169,-9999.0000,-9999.0000,-9999.0000,-9999.0000,-9999.0000,0.0848,0.0
418581.000,0.0448,2.3675,1.4033,-9999.0000,-9999.0000,0.0463,-9999.0000,0.0962,-9999.0000,0.1198,0.0
418812.000,0.0617,2.3535,1.1128,-9999.0000,-9999.0000,-9999.0000,0.0850,0.1013,-9999.0000,0.0475,0.0
419043.000,0.0295,2.3631,1.2074,0.1449,-9999.0000,0.0530,-9999.0000,-9999.0000,-9999.0000,0.1167,0.0
419274.000,0.0755,2.3431,1.2052,0.0935,0.0626,-9999.0000,-9999.0000,0.1112,-9999.0000,-9999.0000,0.0
419506.000,0.1123,2.2752,1.0499,0.1496,-9999.0000,0.0543,0.0690,-9999.0000,-9999.0000,0.0480,0.0
419737.000,0.0756,1.9393,1.3813,0.2579,-9999.0000,-9999.0000,-9999.0000,-9999.0000,-9999.0000,-9999.0000,0.0
419968.000,0.0514,2.3500,1.3471,-9999.0000,0.0788,-9999.0000,-9999.0000,0.1064,-9999.0000,0.0811,0.0
420199.000,0.0796,2.4148,1.1685,-9999.0000,0.0532,-9999.0000,-9999.0000,0.0913,0.1697,-9999.0000,0.0
420430.000,0.0806,2.5103,1.3134,0.2238,-9999.0000,-9999.0000,-9999.0000,0.2074,-9999.0000,0.0836,0.0
420662.000,0.0837,2.4278,1.2297,0.1101,0.0528,0.0533,-9999.0000,0.0902,-9999.0000,-9999.0000,0.0
420893.000,0.1072,2.4611,1.3154,0.1126,-9999.0000,-9999.0000,-9999.0000,-9999.0000,-9999.0000,0.1181,0.0
421124.000,0.0578,2.2053,1.2858,-9999.0000,-9999.0000,-9999.0000,0.1211,-9999.0000,-9999.0000,0.0483,0.0
421448.000,-9999.0000,-9999.0000,-9999.0000,-9999.0000,-9999.0000,-9999.0000,-9999.0000,-9999.0000,-9999.0000,-9999.0000,1.0
421679.000,-9999.0000,-9999.0000,-9999.0000,-9999.0000,-9999.0000,-9999.0000,-9999.0000,-9999.0000,-9999.0000,-9999.0000,1.0
421910.000,-9999.0000,-9999.0000,-9999.0000,-9999.0000,-9999.0000,-9999.0000,-9999.0000,-9999.0000,-9999.0000,-9999.0000,1.0
422141.000,-9999.0000,-9999.0000,-9999.0000,-9999.0000,-9999.0000,-9999.0000,-9999.0000,-9999.0000,-9999.0000,-9999.0000,1.0
422372.000,-9999.0000,-9999.0000,-9999.0000,-9999.0000,-9999.0000,-9999.0000,-9999.0000,-9999.0000,-9999.0000,-9999.0000,1.0
422604.000,-9999.0000,-9999.0000,-9999.0000,-9999.0000,-9999.0000,-9999.0000,-9999.0000,-9999.0000,-9999.0000,-9999.0000,1.0
422835.000,-9999.0000,-9999.0000,-9999.0000,-9999.0000,-9999.0000,-9999.0000,-9999.0000,-9999.0000,-9999.0000,-9999.0000,1.0
423066.000,-9999.0000,-9999.0000,-9999.0000,-9999.0000,-9999.0000,-9999.0000,-9999.0000,-9999.0000,-9999.0000,-9999.0000,1.0
423410.000,-9999.0000,-9999.0000,-9999.0000,-9999.0000,-9999.0000,-9999.0000,-9999.0000,-9999.0000,-9999.0000,-9999.0000,1.0
423641.000,-9999.0000,-9999.0000,-9999.0000,-9999.0000,-9999.0000,-9999.0000,-9999.0000,-9999.0000,-9999.0000,-9999.0000,1.0
423873.000,-9999.0000,-9999.0000,-9999.0000,-9999.0000,-9999.0000,-9999.0000,-9999.0000,-9999.0000,-9999.0000,-9999.0000,1.0
424104.000,-9999.0000,-9999.0000,-9999.0000,-9999.0000,-9999.0000,-9999.0000,-9999.0000,-9999.0000,-9999.0000,-9999.0000,1.0
424335.000,-9999.0000,-9999.0000,-9999.0000,-9999.0000,-9999.0000,-9999.0000,-9999.0000,-9999.0000,-9999.0000,-9999.0000,1.0
424566.000,-9999.0000,-9999.0000,-9999.0000,-9999.0000,-9999.0000,-9999.0000,-9999.0000,-9999.0000,-9999.0000,-9999.0000,1.0
424797.000,-9999.0000,-9999.0000,-9999.0000,-9999.0000,-9999.0000,-9999.0000,-9999.0000,-9999.0000,-9999.0000,-9999.0000,1.0
425029.000,-9999.0000,-9999.0000,-9999.0000,-9999.0000,-9999.0000,-9999.0000,-9999.0000,-9999.0000,-9999.0000,-9999.0000,1.0
425371.000,-9999.0000,-9999.0000,-9999.0000,-9999.0000,-9999.0000,-9999.0000,-9999.0000,-9999.0000,-9999.0000,-9999.0000,1.0
425602.000,-9999.0000,-9999.0000,-9999.0000,-9999.0000,-9999.0000,-9999.0000,-9999.0000,-9999.0000,-9999.0000,-9999.0000,1.0
425834.000,-9999.0000,-9999.0000,-9999.0000,-9999.0000,-9999.0000,-9999.0000,-9999.0000,-9999.0000,-9999.0000,-9999.0000,1.0
426065.000,-9999.0000,-9999.0000,-9999.0000,-9999.0000,-9999.0000,-9999.0000,-9999.0000,-9999.0000,-9999.0000,-9999.0000,1.0
426296.000,-9999.0000,-9999.0000,-9999.0000,-9999.0000,-9999.0000,-9999.0000,-9999.0000,-9999.0000,-9999.0000,-9999.0000,1.0
426527.000,-9999.0000,-9999.0000,-9999.0000,-9999.0000,-9999.0000,-9999.0000,-9999.0000,-9999.0000,-9999.0000,-9999.0000,1.0
426758.000,-9999.0000,-9999.0000,-9999.0000,-9999.0000,-9999.0000,-9999.0000,-9999.0000,-9999.0000,-9999.0000,-9999.0000,1.0
427144.000,0.0858,4.3117,1.7886,0.3206,0.1488,-9999.0000,0.1157,-9999.0000,-9999.0000,0.0459,0.0
427375.000,0.0690,3.3081,1.7210,0.2363,0.1124,0.0390,0.0481,-9999.0000,-9999.0000,0.0865,0.0
427606.000,0.0581,3.1050,1.7389,-9999.0000,-9999.0000,-9999.0000,0.0888,0.1511,-9999.0000,0.0491,0.0
427838.000,0.0878,2.7326,1.6340,0.2562,0.0755,-9999.0000,0.0835,-9999.0000,-9999.0000,-9999.0000,0.0
428069.000,0.0827,3.1297,1.6365,-9999.0000,-9999.0000,0.0751,0.0916,-9999.0000,-9999.0000,-9999.0000,0.0
428300.000,0.1195,2.3104,1.4798,-9999.0000,0.0656,0.0568,0.0739,0.1074,-9999.0000,-9999.0000,0.0
428531.000,0.1082,2.7069,1.6723,0.2625,-9999.0000,-9999.0000,-9999.0000,-9999.0000,-9999.0000,-9999.0000,0.0
428762.000,0.0951,2.7008,1.5167,0.3231,0.1103,-9999.0000,0.0550,-9999.0000,-9999.0000,-9999.0000,0.0
428994.000,0.0268,2.3258,1.5997,0.1601,0.1021,0.0295,-9999.0000,0.1064,-9999.0000,-9999.0000,0.0
429225.000,0.0891,2.1278,1.4886,0.1866,0.1145,-9999.0000,0.0681,-9999.0000,-9999.0000,-9999.0000,0.0
429456.000,0.0596,2.6213,1.5668,0.1439,-9999.0000,-9999.0000,0.0484,-9999.0000,-9999.0000,-9999.0000,0.0
429687.000,0.0266,2.2345,1.7205,-9999.0000,-9999.0000,-9999.0000,0.0819,-9999.0000,-9999.0000,0.0855,0.0
429918.000,0.0729,2.6516,1.4911,0.1793,-9999.0000,-9999.0000,0.0911,-9999.0000,-9999.0000,-9999.0000,0.0
430150.000,0.0651,2.3058,1.5379,0.1660,0.0669,0.0307,-9999.0000,-9999.0000,-9999.0000,0.0514,0.0
430381.000,0.0321,2.4851,1.4728,0.0898,-9999.0000,-9999.0000,-9999.0000,-9999.0000,-9999.0000,0.0870,0.0
430612.000,0.1260,2.3232,1.3420,-9999.0000,0.0952,-9999.0000,0.0500,0.1110,0.1062,0.0515,0.0
430843.000,0.0369,1.9575,1.5294,0.1467,-9999.0000,-9999.0000,-9999.0000,0.1000,-9999.0000,0.0512,0.0
431074.000,-9999.0000,2.1302,1.5429,0.1279,-9999.0000,-9999.0000,0.1020,-9999.0000,-9999.0000,0.0872,0.0
431306.000,0.0608,2.2979,1.4246,-9999.0000,-9999.0000,-9999.0000,0.0858,-9999.0000,-9999.0000,-9999.0000,0.0
431537.000,0.0827,2.1798,1.5629,0.1448,0.1494,-9999.0000,-9999.0000,-9999.0000,-9999.0000,0.1224,0.0
431768.000,0.0549,2.4161,1.6106,0.1448,-9999.0000,-9999.0000,-9999.0000,-9999.0000,0.1033,0.0506,0.0
431999.000,0.0744,2.1017,1.7388,-9999.0000,-9999.0000,-9999.0000,-9999.0000,-9999.0000,-9999.0000,-9999.0000,0.0
432230.000,0.0826,2.2549,1.4471,-9999.0000,-9999.0000,-9999.0000,0.1097,-9999.0000,-9999.0000,-9999.0000,0.0
432462.000,0.0831,1.8041,1.5652,0.3703,-9999.0000,-9999.0000,0.0844,-9999.0000,-9999.0000,-9999.0000,0.0
432693.000,0.0838,2.4012,1.3521,-9999.0000,0.0577,-9999.0000,0.0855,-9999.0000,-9999.0000,-9999.0000,0.0
432924.000,0.0785,2.0894,1.6043,0.1655,0.0850,-9999.0000,0.0758,0.0894,-9999.0000,-9999.0000,0.0
433155.000,0.0356,2.0237,1.5662,-9999.0000,-9999.0000,-9999.0000,0.0475,-9999.0000,-9999.0000,0.0498,0.0
433386.000,0.0648,2.2956,1.5321,-9999.0000,0.0761,0.0489,-9999.0000,0.1288,-9999.0000,-9999.0000,0.0
433618.000,0.0507,2.2062,1.4147,0.3346,-9999.0000,-9999.0000,-9999.0000,-9999.0000,-9999.0000,-9999.0000,0.0
433849.000,0.0688,2.1116,1.4310,0.1461,-9999.0000,-9999.0000,-9999.0000,-9999.0000,-9999.0000,-9999.0000,0.0
434080.000,0.0693,1.9909,1.4817,0.1105,-9999.0000,-9999.0000,-9999.0000,-9999.0000,-9999.0000,-9999.0000,0.0
434311.000,-9999.0000,1.9865,1.4183,0.2050,0.0763,-9999.0000,-9999.0000,-9999.0000,-9999.0000,-9999.0000,0.0
434542.000,0.0498,1.9156,1.4429,-9999.0000,0.0748,-9999.0000,0.0660,-9999.0000,-9999.0000,-9999.0000,0.0
434774.000,0.0630,1.8375,1.4191,0.2347,0.0648,0.0473,0.0564,-9999.0000,-9999.0000,-9999.0000,0.0
435005.000,0.0591,1.6698,1.4054,-9999.0000,0.0564,-9999.0000,-9999.0000,-9999.0000,-9999.0000,0.1220,0.0
435236.000,0.0595,1.8491,1.3985,-9999.0000,-9999.0000,-9999.0000,0.0495,-9999.0000,-9999.0000,-9999.0000,0.0
435467.000,0.0870,1.6753,1.2454,-9999.0000,-9999.0000,-9999.0000,-9999.0000,0.1736,-9999.0000,-9999.0000,0.0
435698.000,-9999.0000,1.8407,1.2234,-9999.0000,-9999.0000,-9999.0000,-9999.0000,0.0952,-9999.0000,-9999.0000,0.0
435930.000,0.0909,1.8414,1.2046,0.2181,-9999.0000,-9999.0000,-9999.0000,-9999.0000,-9999.0000,-9999.0000,0.0
436161.000,0.0854,1.7426,1.3031,0.1232,0.0552,-9999.0000,-9999.0000,-9999.0000,-9999.0000,0.0850,0.0
436392.000,0.0548,1.7930,1.3796,-9999.0000,-9999.0000,-9999.0000,-9999.0000,0.0975,-9999.0000,0.0869,0.0
436623.000,0.0548,1.5720,1.3448,0.0914,-9999.0000,-9999.0000,0.0931,-9999.0000,-9999.0000,0.2303,0.0
436854.000,0.0407,1.5518,1.3235,0.1652,-9999.0000,-9999.0000,-9999.0000,-9999.0000,-9999.0000,-9999.0000,0.0
437086.000,0.0605,1.5767,1.4651,-9999.0000,-9999.0000,0.0587,0.0690,-9999.0000,-9999.0000,0.0882,0.0
437317.000,0.0591,1.5676,1.2599,-9999.0000,-9999.0000,0.0301,-9999.0000,-9999.0000,-9999.0000,-9999.0000,0.0
437548.000,0.0555,1.5061,1.3050,0.0945,0.0764,-9999.0000,0.0685,0.0996,-9999.0000,-9999.0000,0.0
437779.000,0.0634,1.2790,1.2071,-9999.0000,-9999.0000,0.0298,-9999.0000,-9999.0000,-9999.0000,0.1218,0.0
438010.000,0.0982,1.5136,1.4304,-9999.0000,-9999.0000,-9999.0000,0.0607,0.1401,-9999.0000,0.0523,0.0
438242.000,0.0964,1.4715,1.4180,0.1107,0.0939,-9999.0000,-9999.0000,0.1353,-9999.0000,-9999.0000,0.0
438473.000,0.0933,1.4171,1.3209,-9999.0000,-9999.0000,-9999.0000,-9999.0000,-9999.0000,-9999.0000,-9999.0000,0.0
438704.000,0.0707,1.4858,1.4197,-9999.0000,-9999.0000,-9999.0000,-9999.0000,-9999.0000,-9999.0000,0.0528,0.0
438935.000,0.0920,1.4773,1.3831,0.1489,-9999.0000,-9999.0000,-9999.0000,-9999.0000,-9999.0000,-9999.0000,0.0
439167.000,0.0696,1.6292,1.4538,0.1519,0.0860,-9999.0000,-9999.0000,-9999.0000,-9999.0000,-9999.0000,0.0
439398.000,0.0563,1.6399,1.6454,-9999.0000,0.1246,-9999.0000,-9999.0000,-9999.0000,0.0759,-9999.0000,0.0
439629.000,0.0314,1.4526,1.2478,0.1292,0.0659,-9999.0000,0.0846,-9999.0000,-9999.0000,-9999.0000,0.0
439860.000,0.0874,1.5666,1.3022,0.0936,0.0757,-9999.0000,-9999.0000,0.1069,-9999.0000,-9999.0000,0.0
440091.000,0.0651,1.4650,1.3738,0.1527,0.0862,-9999.0000,-9999.0000,0.1582,-9999.0000,0.0882,0.0
440323.000,0.0933,1.6664,1.1086,-9999.0000,-9999.0000,-9999.0000,-9999.0000,-9999.0000,-9999.0000,-9999.0000,0.0
440554.000,0.0604,1.3327,1.2970,0.0968,0.0675,-9999.0000,0.0520,-9999.0000,0.1209,0.1607,0.0
440785.000,0.0573,1.2054,1.1893,-9999.0000,-9999.0000,-9999.0000,0.0559,-9999.0000,0.0774,-9999.0000,0.0
441016.000,0.0595,1.4015,1.2068,0.1314,0.0758,-9999.0000,-9999.0000,-9999.0000,-9999.0000,0.0871,0.0
441247.000,0.0498,1.3922,1.3109,-9999.0000,-9999.0000,-9999.0000,0.1196,-9999.0000,-9999.0000,0.0507,0.0
441479.000,0.0734,1.3272,1.2456,0.1685,-9999.0000,-9999.0000,0.0594,-9999.0000,-9999.0000,-9999.0000,0.0
441710.000,0.0645,1.5037,1.1593,-9999.0000,0.0949,-9999.0000,0.0687,-9999.0000,-9999.0000,-9999.0000,0.0
441941.000,0.0836,1.6064,1.3735,-9999.0000,-9999.0000,-9999.0000,0.1133,0.1090,-9999.0000,-9999.0000,0.0
442172.000,0.0929,1.6068,1.3203,0.2276,0.0862,0.0497,-9999.0000,0.1671,-9999.0000,0.0518,0.0
442403.000,-9999.0000,1.6691,1.4226,-9999.0000,0.0576,0.0854,-9999.0000,-9999.0000,-9999.0000,-9999.0000,0.0
442635.000,0.0912,1.4321,1.1514,0.1846,0.0937,-9999.0000,0.1191,-9999.0000,-9999.0000,0.0862,0.0
442866.000,0.0696,1.3810,1.5097,-9999.0000,0.1050,-9999.0000,-9999.0000,0.0895,0.0750,0.0517,0.0
443097.000,0.0317,1.6901,1.2279,0.1126,0.1039,-9999.0000,0.1029,-9999.0000,0.1303,-9999.0000,0.0
443328.000,0.1008,1.5902,1.2857,-9999.0000,-9999.0000,0.0487,-9999.0000,0.1630,-9999.0000,-9999.0000,0.0
443559.000,0.0404,1.3949,1.1959,-9999.0000,0.1031,0.0395,-9999.0000,-9999.0000,-9999.0000,-9999.0000,0.0
443791.000,0.0732,1.3065,1.2310,0.0935,0.1501,0.0399,0.0503,-9999.0000,-9999.0000,-9999.0000,0.0
444022.000,0.0362,1.2903,1.1450,0.1679,0.0946,0.0852,0.1375,-9999.0000,-9999.0000,0.0508,0.0
444253.000,0.0511,1.5475,1.1703,0.2473,-9999.0000,-9999.0000,0.1224,0.1289,-9999.0000,-9999.0000,0.0
444484.000,0.0570,1.1523,1.2175,-9999.0000,0.0602,-9999.0000,-9999.0000,-9999.0000,-9999.0000,-9999.0000,0.0
444715.000,0.0879,1.1306,1.2703,-9999.0000,-9999.0000,0.0315,0.0775,0.1756,-9999.0000,-9999.0000,0.0
444947.000,0.1024,1.1736,1.2859,-9999.0000,-9999.0000,0.0319,-9999.0000,-9999.0000,-9999.0000,0.1242,0.0
445178.000,0.0552,1.2580,1.2116,0.1326,0.1142,0.0497,-9999.0000,-9999.0000,-9999.0000,0.0513,0.0
445409.000,-9999.0000,1.2203,1.1275,-9999.0000,-9999.0000,0.1062,0.0618,-9999.0000,0.1019,-9999.0000,0.0
445640.000,0.0552,1.4386,1.1633,-9999.0000,-9999.0000,-9999.0000,0.0860,0.0978,-9999.0000,-9999.0000,0.0
445871.000,0.0928,1.2585,1.2057,-9999.0000,0.0679,0.0682,0.0689,-9999.0000,-9999.0000,-9999.0000,0.0
446103.000,0.0836,1.2913,1.1547,0.2088,0.0869,-9999.0000,-9999.0000,0.0893,-9999.0000,0.0516,0.0
446334.000,0.0410,1.3868,1.2847,-9999.0000,-9999.0000,-9999.0000,0.0592,-9999.0000,-9999.0000,0.0509,0.0
446565.000,0.0653,1.3644,1.1943,0.1164,-9999.0000,0.0415,-9999.0000,-9999.0000,-9999.0000,0.0519,0.0
446796.000,0.0367,1.1023,1.1232,0.1517,-9999.0000,0.0500,0.1213,-9999.0000,-9999.0000,-9999.0000,0.0
447027.000,0.1029,1.2844,1.2245,-9999.0000,-9999.0000,-9999.0000,-9999.0000,-9999.0000,-9999.0000,-9999.0000,0.0
447259.000,0.0369,1.2358,1.2333,-9999.0000,-9999.0000,0.0412,-9999.0000,0.0988,-9999.0000,-9999.0000,0.0
447490.000,0.0748,1.0123,1.2212,-9999.0000,-9999.0000,-9999.0000,-9999.0000,-9999.0000,-9999.0000,-9999.0000,0.0
447721.000,0.0919,1.2386,1.1165,0.0937,-9999.0000,-9999.0000,-9999.0000,0.1734,-9999.0000,0.0508,0.0
447952.000,-9999.0000,0.9664,1.1969,-9999.0000,-9999.0000,-9999.0000,-9999.0000,-9999.0000,-9999.0000,-9999.0000,0.0
448183.000,0.0661,1.2724,1.2014,0.1755,-9999.0000,-9999.0000,-9999.0000,-9999.0000,-9999.0000,0.0525,0.0
448415.000,0.0695,1.1621,1.1174,-9999.0000,-9999.0000,0.0869,-9999.0000,-9999.0000,-9999.0000,-9999.0000,0.0
448646.000,0.0716,1.2937,1.1328,-9999.0000,-9999.0000,-9999.0000,0.0541,-9999.0000,-9999.0000,-9999.0000,0.0
448877.000,0.0463,1.3810,1.0901,-9999.0000,-9999.0000,-9999.0000,-9999.0000,0.1086,-9999.0000,-9999.0000,0.0
449108.000,0.0876,1.2180,1.0342,-9999.0000,-9999.0000,0.0409,0.1555,0.0970,-9999.0000,0.0870,0.0
449339.000,-9999.0000,1.1530,1.0863,0.1687,-9999.0000,-9999.0000,-9999.0000,-9999.0000,-9999.0000,-9999.0000,0.0
449571.000,-9999.0000,1.0913,1.2228,-9999.0000,-9999.0000,0.0682,-9999.0000,-9999.0000,-9999.0000,-9999.0000,0.0
449802.000,0.0604,0.9710,1.1846,-9999.0000,-9999.0000,0.0417,0.1132,-9999.0000,-9999.0000,-9999.0000,0.0
450033.000,0.0599,1.1489,1.2360,0.1511,-9999.0000,-9999.0000,-9999.0000,-9999.0000,-9999.0000,-9999.0000,0.0
450264.000,0.0359,1.3118,1.0366,-9999.0000,-9999.0000,0.0766,0.1104,0.1140,0.0747,0.0503,0.0
450495.000,0.0502,0.8578,1.0710,-9999.0000,-9999.0000,0.0681,-9999.0000,-9999.0000,-9999.0000,0.0506,0.0
450727.000,0.0835,1.2656,1.0508,0.1332,-9999.0000,0.0598,0.0686,0.1078,-9999.0000,0.0874,0.0
450958.000,0.0454,1.1683,0.9682,0.1302,0.0585,0.0408,-9999.0000,-9999.0000,-9999.0000,0.0864,0.0
451189.000,0.0466,0.9796,1.0145,-9999.0000,-9999.0000,0.0513,-9999.0000,-9999.0000,-9999.0000,-9999.0000,0.0
451420.000,0.0322,1.1173,0.7322,-9999.0000,0.1157,-9999.0000,-9999.0000,-9999.0000,-9999.0000,-9999.0000,0.0
451651.000,0.0275,1.0202,0.9517,-9999.0000,-9999.0000,0.0509,0.1128,-9999.0000,-9999.0000,0.0514,0.0
451883.000,0.0420,1.1821,0.9480,0.0978,-9999.0000,-9999.0000,-9999.0000,-9999.0000,-9999.0000,-9999.0000,0.0
452114.000,0.0783,1.0287,1.0566,-9999.0000,-9999.0000,-9999.0000,-9999.0000,-9999.0000,-9999.0000,-9999.0000,0.0
452345.000,0.0370,1.0424,0.7501,-9999.0000,-9999.0000,-9999.0000,-9999.0000,-9999.0000,-9999.0000,-9999.0000,0.0
452576.000,-9999.0000,0.9715,0.9516,-9999.0000,0.0701,-9999.0000,-9999.0000,-9999.0000,-9999.0000,-9999.0000,0.0
452807.000,0.0658,1.2384,0.8554,-9999.0000,-9999.0000,-9999.0000,-9999.0000,-9999.0000,-9999.0000,-9999.0000,0.0
453039.000,-9999.0000,0.9322,0.8387,-9999.0000,-9999.0000,0.0600,-9999.0000,-9999.0000,-9999.0000,-9999.0000,0.0
453270.000,0.0696,1.1877,0.8561,-9999.0000,-9999.0000,-9999.0000,-9999.0000,0.2245,-9999.0000,-9999.0000,0.0
453501.000,0.0695,0.9129,0.8119,-9999.0000,-9999.0000,0.0419,-9999.0000,-9999.0000,-9999.0000,0.0512,0.0
453732.000,0.0507,0.9172,0.7768,-9999.0000,0.0972,0.0692,-9999.0000,-9999.0000,-9999.0000,-9999.0000,0.0
453963.000,0.0646,0.9793,0.8240,0.1137,-9999.0000,-9999.0000,-9999.0000,-9999.0000,-9999.0000,0.0509,0.0
454195.000,-9999.0000,0.7652,0.7827,-9999.0000,-9999.0000,0.0429,-9999.0000,0.1007,-9999.0000,-9999.0000,0.0
454426.000,0.0610,0.7595,0.7680,0.1174,-9999.0000,0.0705,-9999.0000,-9999.0000,-9999.0000,-9999.0000,0.0
454657.000,0.0320,0.8420,0.8395,-9999.0000,-9999.0000,0.0510,-9999.0000,0.0972,-9999.0000,0.0509,0.0
454888.000,0.0411,1.1695,0.7646,-9999.0000,-9999.0000,-9999.0000,-9999.0000,-9999.0000,-9999.0000,0.1589,0.0
455119.000,-9999.0000,0.8016,0.7888,-9999.0000,-9999.0000,-9999.0000,-9999.0000,-9999.0000,-9999.0000,-9999.0000,0.0
455351.000,0.0696,0.9420,0.7463,-9999.0000,-9999.0000,-9999.0000,-9999.0000,-9999.0000,-9999.0000,-9999.0000,0.0
455582.000,0.0319,0.7264,0.7763,-9999.0000,-9999.0000,-9999.0000,-9999.0000,0.1259,-9999.0000,-9999.0000,0.0
455813.000,0.0380,1.0623,0.7463,-9999.0000,-9999.0000,-9999.0000,-9999.0000,-9999.0000,-9999.0000,-9999.0000,0.0
456044.000,0.0511,0.8953,0.9538,-9999.0000,-9999.0000,-9999.0000,-9999.0000,-9999.0000,-9999.0000,-9999.0000,0.0
456275.000,0.0471,0.9745,0.8118,0.1183,-9999.0000,-9999.0000,0.0970,0.1405,-9999.0000,0.0521,0.0
456507.000,0.0365,1.0891,0.9369,-9999.0000,-9999.0000,-9999.0000,0.0679,-9999.0000,-9999.0000,-9999.0000,0.0
456738.000,0.0602,0.7293,0.7862,-9999.0000,-9999.0000,-9999.0000,0.0685,-9999.0000,-9999.0000,-9999.0000,0.0
456969.000,-9999.0000,0.8104,0.9203,-9999.0000,-9999.0000,0.0361,0.0829,-9999.0000,-9999.0000,-9999.0000,0.0
457200.000,0.0277,0.9404,0.9119,-9999.0000,-9999.0000,-9999.0000,0.0690,0.1086,-9999.0000,-9999.0000,0.0
457431.000,0.0614,0.9859,0.8635,-9999.0000,-9999.0000,0.0529,-9999.0000,0.1016,-9999.0000,-9999.0000,0.0
457663.000,-9999.0000,1.0343,0.7691,-9999.0000,-9999.0000,-9999.0000,-9999.0000,-9999.0000,-9999.0000,0.0516,0.0
457894.000,0.0465,1.1184,0.6255,0.1346,-9999.0000,-9999.0000,-9999.0000,0.1184,-9999.0000,-9999.0000,0.0
458125.000,0.0320,0.8989,0.6935,-9999.0000,-9999.0000,0.0606,-9999.0000,-9999.0000,0.0806,0.0509,0.0
458356.000,0.0692,0.9253,0.8468,-9999.0000,-9999.0000,0.0605,-9999.0000,-9999.0000,-9999.0000,-9999.0000,0.0
458587.000,0.0555,0.9612,0.8703,-9999.0000,-9999.0000,0.0426,0.0507,-9999.0000,-9999.0000,-9999.0000,0.0
458819.000,0.0456,0.8111,0.7763,-9999.0000,-9999.0000,0.0511,0.1022,-9999.0000,-9999.0000,-9999.0000,0.0
459050.000,0.0468,0.8699,0.6494,0.1548,-9999.0000,0.0526,-9999.0000,0.1097,-9999.0000,0.0881,0.0
459281.000,0.0466,1.0722,0.7356,-9999.0000,0.0614,-9999.0000,0.0692,0.1286,-9999.0000,-9999.0000,0.0
459512.000,0.0370,0.9688,0.8453,-9999.0000,-9999.0000,0.0338,0.0511,-9999.0000,-9999.0000,-9999.0000,0.0
459743.000,0.0600,0.6808,0.7623,-9999.0000,-9999.0000,0.0517,0.0591,-9999.0000,-9999.0000,-9999.0000,0.0
459975.000,0.0371,0.9362,0.7686,-9999.0000,-9999.0000,-9999.0000,0.0866,-9999.0000,-9999.0000,-9999.0000,0.0
460206.000,0.0464,0.8829,0.7730,-9999.0000,0.0519,-9999.0000,-9999.0000,-9999.0000,-9999.0000,-9999.0000,0.0
460437.000,0.0279,0.6769,0.6149,-9999.0000,-9999.0000,-9999.0000,0.0692,-9999.0000,-9999.0000,0.0514,0.0
460668.000,0.0560,0.9351,0.8150,-9999.0000,-9999.0000,-9999.0000,0.0603,-9999.0000,-9999.0000,-9999.0000,0.0
460899.000,0.0380,0.8982,0.9283,-9999.0000,-9999.0000,-9999.0000,0.0528,-9999.0000,-9999.0000,0.0890,0.0
461131.000,0.0827,0.6422,0.8022,-9999.0000,-9999.0000,0.1241,-9999.0000,-9999.0000,-9999.0000,-9999.0000,0.0
461362.000,-9999.0000,0.8199,0.5268,-9999.0000,-9999.0000,0.0428,0.0943,0.1939,-9999.0000,-9999.0000,0.0
461593.000,0.0428,1.0198,0.6395,-9999.0000,-9999.0000,0.0445,0.1243,-9999.0000,-9999.0000,-9999.0000,0.0
461824.000,-9999.0000,0.9050,0.5046,-9999.0000,-9999.0000,0.0648,-9999.0000,-9999.0000,-9999.0000,-9999.0000,0.0
462055.000,0.0853,0.8181,0.6045,-9999.0000,-9999.0000,-9999.0000,-9999.0000,-9999.0000,-9999.0000,-9999.0000,0.0
462287.000,0.0470,0.8807,0.6882,-9999.0000,-9999.0000,0.0439,-9999.0000,-9999.0000,-9999.0000,-9999.0000,0.0
462518.000,0.0795,0.9456,0.8558,0.1350,-9999.0000,0.0528,0.0867,-9999.0000,-9999.0000,0.1242,0.0
462749.000,0.0409,0.7747,0.7801,-9999.0000,-9999.0000,0.0607,0.0758,-9999.0000,-9999.0000,-9999.0000,0.0
462980.000,0.0845,0.9208,0.6726,0.1735,-9999.0000,0.0531,-9999.0000,-9999.0000,-9999.0000,-9999.0000,0.0
463211.000,-9999.0000,0.8411,0.8099,0.1184,-9999.0000,0.0628,0.0701,0.1305,-9999.0000,0.0519,0.0
463443.000,0.0367,0.7915,0.7917,-9999.0000,-9999.0000,-9999.0000,0.0504,-9999.0000,-9999.0000,0.1232,0.0
463674.000,0.0378,0.9008,0.8297,-9999.0000,0.0534,-9999.0000,0.0879,-9999.0000,-9999.0000,-9999.0000,0.0
463905.000,-9999.0000,0.6582,0.6087,-9999.0000,-9999.0000,0.1066,-9999.0000,-9999.0000,-9999.0000,-9999.0000,0.0
464136.000,0.0283,0.8312,0.8154,-9999.0000,-9999.0000,-9999.0000,-9999.0000,-9999.0000,-9999.0000,-9999.0000,0.0
464367.000,-9999.0000,0.9176,0.6062,-9999.0000,-9999.0000,-9999.0000,-9999.0000,-9999.0000,-9999.0000,0.1254,0.0
464599.000,-9999.0000,1.1044,0.5658,-9999.0000,0.0536,-9999.0000,0.0968,-9999.0000,-9999.0000,0.0519,0.0
464830.000,0.0470,0.7704,0.6078,-9999.0000,-9999.0000,-9999.0000,0.0696,-9999.0000,-9999.0000,0.0516,0.0
465061.000,0.0283,0.8516,0.6643,-9999.0000,-9999.0000,-9999.0000,-9999.0000,-9999.0000,-9999.0000,-9999.0000,0.0
465292.000,0.0511,0.6727,0.4704,-9999.0000,-9999.0000,-9999.0000,-9999.0000,-9999.0000,-9999.0000,-9999.0000,0.0
465523.000,-9999.0000,0.8385,0.5132,-9999.0000,-9999.0000,-9999.0000,0.0691,-9999.0000,-9999.0000,-9999.0000,0.0
465755.000,0.0702,0.8140,0.7813,-9999.0000,-9999.0000,0.0441,-9999.0000,0.0891,-9999.0000,-9999.0000,0.0
465986.000,0.0479,0.7005,0.7466,0.1019,-9999.0000,0.0455,-9999.0000,-9999.0000,-9999.0000,0.0894,0.0
466217.000,0.0566,0.8407,0.7034,-9999.0000,-9999.0000,-9999.0000,0.0608,-9999.0000,-9999.0000,-9999.0000,0.0
466448.000,0.0419,0.7667,0.7855,-9999.0000,-9999.0000,0.0624,0.0687,-9999.0000,-9999.0000,-9999.0000,0.0
466680.000,-9999.0000,0.8581,0.5893,0.1674,-9999.0000,0.0974,0.0928,-9999.0000,-9999.0000,0.0859,0.0
466911.000,-9999.0000,0.5829,0.5679,-9999.0000,-9999.0000,0.0903,0.0690,0.0989,-9999.0000,0.1242,0.0
467142.000,0.0436,0.9263,0.5891,-9999.0000,-9999.0000,-9999.0000,-9999.0000,-9999.0000,0.1389,-9999.0000,0.0
467373.000,0.0523,0.7801,0.7089,-9999.0000,-9999.0000,0.1101,0.0526,-9999.0000,-9999.0000,-9999.0000,0.0
467604.000,-9999.0000,1.0001,1.0067,-9999.0000,-9999.0000,-9999.0000,-9999.0000,-9999.0000,-9999.0000,-9999.0000,0.0
467836.000,0.0377,0.8762,0.7699,0.2131,0.0635,0.0542,0.1055,-9999.0000,-9999.0000,-9999.0000,0.0
468067.000,-9999.0000,0.7554,0.7610,0.1582,0.0546,0.0641,0.0797,-9999.0000,-9999.0000,-9999.0000,0.0
468298.000,-9999.0000,0.7780,0.6998,-9999.0000,-9999.0000,-9999.0000,-9999.0000,-9999.0000,-9999.0000,-9999.0000,0.0
468529.000,0.0275,0.8671,0.8771,-9999.0000,0.1000,-9999.0000,0.1387,0.0973,-9999.0000,0.0871,0.0
468760.000,-9999.0000,0.8632,0.5866,-9999.0000,-9999.0000,-9999.0000,0.0533,-9999.0000,-9999.0000,-9999.0000,0.0
468992.000,0.0372,0.6393,0.6763,-9999.0000,-9999.0000,-9999.0000,-9999.0000,0.1374,-9999.0000,0.0510,0.0
469223.000,0.0480,0.9010,0.6817,-9999.0000,-9999.0000,0.0367,0.0803,-9999.0000,-9999.0000,-9999.0000,0.0
469454.000,0.0476,0.9585,0.6526,-9999.0000,-9999.0000,0.0363,-9999.0000,0.0919,-9999.0000,-9999.0000,0.0
469685.000,-9999.0000,0.8368,0.5918,-9999.0000,-9999.0000,0.0810,0.0594,-9999.0000,-9999.0000,-9999.0000,0.0
469916.000,-9999.0000,0.7724,0.6684,-9999.0000,-9999.0000,-9999.0000,0.1663,-9999.0000,-9999.0000,-9999.0000,0.0
470148.000,0.0462,0.7062,0.6052,-9999.0000,-9999.0000,0.0808,0.1032,-9999.0000,-9999.0000,-9999.0000,0.0
470379.000,0.0324,0.7886,0.4475,-9999.0000,-9999.0000,-9999.0000,0.0773,-9999.0000,-9999.0000,-9999.0000,0.0
470610.000,-9999.0000,0.5814,0.7615,0.1384,-9999.0000,-9999.0000,-9999.0000,-9999.0000,-9999.0000,-9999.0000,0.0
470841.000,-9999.0000,0.7779,0.6600,-9999.0000,-9999.0000,0.0638,-9999.0000,-9999.0000,-9999.0000,-9999.0000,0.0
471072.000,0.0290,0.6757,0.5160,-9999.0000,0.0556,0.0557,0.0984,0.1135,-9999.0000,-9999.0000,0.0
471304.000,0.0425,0.8201,0.5422,0.1940,-9999.0000,0.0916,-9999.0000,0.1199,-9999.0000,0.0882,0.0
471535.000,0.0276,0.8771,0.4377,-9999.0000,-9999.0000,0.0721,0.0947,0.1755,-9999.0000,-9999.0000,0.0
471766.000,0.0337,0.8175,0.5152,-9999.0000,-9999.0000,-9999.0000,-9999.0000,0.1029,-9999.0000,-9999.0000,0.0
471997.000,0.0332,0.8319,0.5992,-9999.0000,-9999.0000,0.1384,0.0522,0.1403,-9999.0000,-9999.0000,0.0
472228.000,0.0384,0.8420,0.6095,-9999.0000,-9999.0000,0.0929,0.0710,-9999.0000,-9999.0000,-9999.0000,0.0
472460.000,0.0529,0.7258,0.6705,-9999.0000,-9999.0000,0.0465,-9999.0000,0.0933,-9999.0000,0.0524,0.0
472691.000,0.0752,0.8422,0.4919,0.1548,-9999.0000,0.0637,-9999.0000,0.1579,-9999.0000,-9999.0000,0.0
472922.000,0.0569,0.8758,0.4818,-9999.0000,-9999.0000,0.0366,-9999.0000,-9999.0000,-9999.0000,-9999.0000,0.0
473153.000,0.0421,0.7063,0.5698,-9999.0000,-9999.0000,0.1190,0.0511,0.1183,-9999.0000,-9999.0000,0.0
473384.000,0.0386,0.7174,0.4438,0.2558,-9999.0000,0.0653,-9999.0000,0.2224,-9999.0000,-9999.0000,0.0
473616.000,0.0432,0.5778,0.4622,0.1017,-9999.0000,0.1490,0.0620,-9999.0000,-9999.0000,-9999.0000,0.0
473847.000,0.0332,0.7771,0.5219,-9999.0000,-9999.0000,0.0830,0.1413,0.1499,-9999.0000,-9999.0000,0.0
474078.000,0.0377,0.6615,0.3627,-9999.0000,-9999.0000,0.0827,-9999.0000,-9999.0000,-9999.0000,-9999.0000,0.0
474309.000,0.1007,0.8033,0.4894,-9999.0000,-9999.0000,0.0842,-9999.0000,-9999.0000,-9999.0000,-9999.0000,0.0
474540.000,0.0335,0.5950,0.5257,-9999.0000,-9999.0000,0.0929,-9999.0000,-9999.0000,-9999.0000,-9999.0000,0.0
474772.000,0.0521,0.6846,0.5719,-9999.0000,-9999.0000,-9999.0000,0.0698,-9999.0000,-9999.0000,-9999.0000,0.0
475003.000,0.0336,0.6942,0.4684,-9999.0000,-9999.0000,0.0746,0.0709,0.1124,-9999.0000,-9999.0000,0.0
475234.000,0.0485,0.7704,0.4985,-9999.0000,-9999.0000,0.0473,0.1081,-9999.0000,-9999.0000,-9999.0000,0.0
475465.000,-9999.0000,0.7422,0.6588,-9999.0000,-9999.0000,0.0568,-9999.0000,-9999.0000,-9999.0000,-9999.0000,0.0
475696.000,0.0334,0.7931,0.5807,-9999.0000,-9999.0000,0.0837,0.0793,-9999.0000,-9999.0000,0.0888,0.0
475928.000,0.0345,0.9104,0.5073,-9999.0000,0.1151,0.1136,0.1360,-9999.0000,0.0850,-9999.0000,0.0
476159.000,0.0378,0.7344,0.5677,0.1184,-9999.0000,0.0925,0.0964,-9999.0000,-9999.0000,-9999.0000,0.0
476390.000,0.0291,0.8934,0.4770,0.1027,-9999.0000,-9999.0000,0.0713,-9999.0000,-9999.0000,-9999.0000,0.0
476621.000,-9999.0000,0.9695,0.4465,-9999.0000,-9999.0000,0.0377,-9999.0000,0.0931,-9999.0000,-9999.0000,0.0
476852.000,0.0342,0.8594,0.6202,-9999.0000,-9999.0000,0.0757,-9999.0000,-9999.0000,-9999.0000,-9999.0000,0.0
477084.000,0.0438,1.0587,0.5411,-9999.0000,-9999.0000,0.0477,-9999.0000,-9999.0000,-9999.0000,-9999.0000,0.0
477315.000,0.0623,0.8921,0.5456,-9999.0000,-9999.0000,0.0284,0.0709,-9999.0000,-9999.0000,-9999.0000,0.0
477546.000,-9999.0000,0.8391,0.5003,-9999.0000,-9999.0000,0.0742,-9999.0000,0.1003,-9999.0000,-9999.0000,0.0
477777.000,0.0419,1.0374,0.5329,-9999.0000,-9999.0000,-9999.0000,-9999.0000,-9999.0000,-9999.0000,-9999.0000,0.0
478008.000,0.0534,1.0116,0.6061,-9999.0000,0.0668,0.0665,0.1984,-9999.0000,-9999.0000,-9999.0000,0.0
478240.000,-9999.0000,0.9425,0.6049,-9999.0000,-9999.0000,0.0558,-9999.0000,-9999.0000,-9999.0000,-9999.0000,0.0
478471.000,0.0288,1.0122,0.5458,-9999.0000,-9999.0000,0.0844,-9999.0000,-9999.0000,-9999.0000,-9999.0000,0.0
478702.000,0.0327,0.9987,0.4581,-9999.0000,-9999.0000,0.0645,0.0687,0.1181,0.1033,-9999.0000,0.0
478933.000,0.0764,1.0947,0.7334,-9999.0000,-9999.0000,0.0563,0.0525,-9999.0000,-9999.0000,-9999.0000,0.0
479164.000,-9999.0000,1.1387,0.5015,0.1351,0.0553,0.0459,0.1040,0.1470,-9999.0000,-9999.0000,0.0
479396.000,0.0287,1.2606,0.6290,-9999.0000,-9999.0000,0.1029,0.0613,-9999.0000,-9999.0000,-9999.0000,0.0
479627.000,0.0337,1.1497,0.6526,-9999.0000,-9999.0000,-9999.0000,0.0619,0.1126,-9999.0000,0.0521,0.0
479858.000,0.1091,1.2009,0.6260,-9999.0000,-9999.0000,0.0281,-9999.0000,-9999.0000,-9999.0000,-9999.0000,0.0
480089.000,0.0486,1.2204,0.6229,-9999.0000,-9999.0000,0.0292,-9999.0000,-9999.0000,-9999.0000,0.0526,0.0
480320.000,-9999.0000,1.1442,0.7234,-9999.0000,-9999.0000,-9999.0000,0.0809,-9999.0000,-9999.0000,0.0899,0.0
480552.000,-9999.0000,1.1162,0.6394,-9999.0000,-9999.0000,-9999.0000,0.0539,-9999.0000,-9999.0000,0.0527,0.0
480868.000,-9999.0000,0.9417,0.6657,-9999.0000,-9999.0000,-9999.0000,-9999.0000,-9999.0000,-9999.0000,-9999.0000,0.0
481100.000,0.0670,0.9956,0.5930,0.1015,-9999.0000,0.0381,0.0526,0.0921,-9999.0000,-9999.0000,0.0
481331.000,0.0480,1.1588,0.6090,0.2359,-9999.0000,0.0382,0.0617,-9999.0000,-9999.0000,-9999.0000,0.0
481562.000,0.0485,1.1339,0.7387,-9999.0000,-9999.0000,0.0575,-9999.0000,-9999.0000,0.0980,-9999.0000,0.0
481793.000,0.0280,0.9657,0.6869,-9999.0000,0.0653,0.0372,-9999.0000,0.0983,-9999.0000,-9999.0000,0.0
482024.000,0.0438,0.8489,0.7249,-9999.0000,-9999.0000,0.0389,-9999.0000,-9999.0000,-9999.0000,0.0526,0.0
482256.000,0.0334,1.0819,0.6456,-9999.0000,-9999.0000,-9999.0000,0.0789,-9999.0000,-9999.0000,0.0515,0.0
482487.000,0.0905,1.0770,0.5917,0.1195,-9999.0000,-9999.0000,-9999.0000,0.1108,-9999.0000,0.0885,0.0
482718.000,0.0290,1.0686,0.6607,0.1212,-9999.0000,0.0385,-9999.0000,-9999.0000,-9999.0000,0.0891,0.0
482949.000,0.0428,1.2612,0.6015,-9999.0000,-9999.0000,0.0752,-9999.0000,-9999.0000,-9999.0000,0.0515,0.0
483180.000,-9999.0000,1.1486,0.5700,-9999.0000,-9999.0000,0.0295,0.0624,-9999.0000,-9999.0000,-9999.0000,0.0
483412.000,0.0813,1.1133,0.7432,-9999.0000,-9999.0000,0.0570,0.0523,-9999.0000,-9999.0000,-9999.0000,0.0
483643.000,0.0440,1.0844,0.6334,-9999.0000,-9999.0000,0.0487,-9999.0000,0.1247,-9999.0000,-9999.0000,0.0
483874.000,0.0523,1.1090,0.6022,-9999.0000,-9999.0000,0.0288,-9999.0000,-9999.0000,-9999.0000,-9999.0000,0.0
484105.000,0.0423,1.0796,0.6900,-9999.0000,-9999.0000,-9999.0000,-9999.0000,-9999.0000,-9999.0000,0.0875,0.0
484336.000,0.0286,1.0635,0.5635,-9999.0000,-9999.0000,0.0475,-9999.0000,-9999.0000,-9999.0000,-9999.0000,0.0
484568.000,0.0715,1.1787,0.5892,-9999.0000,-9999.0000,-9999.0000,0.0969,-9999.0000,-9999.0000,-9999.0000,0.0
484799.000,-9999.0000,1.2121,0.6079,-9999.0000,-9999.0000,-9999.0000,-9999.0000,-9999.0000,-9999.0000,-9999.0000,0.0
485030.000,0.0521,0.9706,0.6453,-9999.0000,-9999.0000,-9999.0000,-9999.0000,-9999.0000,-9999.0000,0.0511,0.0
485261.000,0.0579,0.9536,0.4909,-9999.0000,-9999.0000,0.0296,0.0620,-9999.0000,-9999.0000,0.1264,0.0
485492.000,-9999.0000,0.9991,0.6869,-9999.0000,-9999.0000,-9999.0000,-9999.0000,-9999.0000,-9999.0000,-9999.0000,0.0
485724.000,0.0480,1.0752,0.7921,0.1976,-9999.0000,-9999.0000,-9999.0000,-9999.0000,0.0746,-9999.0000,0.0
485955.000,-9999.0000,1.0065,0.7107,-9999.0000,-9999.0000,-9999.0000,-9999.0000,-9999.0000,-9999.0000,-9999.0000,0.0
486186.000,0.0296,1.1961,0.6623,-9999.0000,-9999.0000,0.0586,-9999.0000,-9999.0000,-9999.0000,-9999.0000,0.0
486535.000,-9999.0000,-9999.0000,-9999.0000,-9999.0000,-9999.0000,-9999.0000,-9999.0000,-9999.0000,-9999.0000,-9999.0000,1.0
486766.000,-9999.0000,-9999.0000,-9999.0000,-9999.0000,-9999.0000,-9999.0000,-9999.0000,-9999.0000,-9999.0000,-9999.0000,1.0
486997.000,-9999.0000,-9999.0000,-9999.0000,-9999.0000,-9999.0000,-9999.0000,-9999.0000,-9999.0000,-9999.0000,-9999.0000,1.0
487228.000,-9999.0000,-9999.0000,-9999.0000,-9999.0000,-9999.0000,-9999.0000,-9999.0000,-9999.0000,-9999.0000,-9999.0000,1.0
487460.000,-9999.0000,-9999.0000,-9999.0000,-9999.0000,-9999.0000,-9999.0000,-9999.0000,-9999.0000,-9999.0000,-9999.0000,1.0
487691.000,-9999.0000,-9999.0000,-9999.0000,-9999.0000,-9999.0000,-9999.0000,-9999.0000,-9999.0000,-9999.0000,-9999.0000,1.0
487987.000,-9999.0000,-9999.0000,-9999.0000,-9999.0000,-9999.0000,-9999.0000,-9999.0000,-9999.0000,-9999.0000,-9999.0000,1.0
488219.000,-9999.0000,-9999.0000,-9999.0000,-9999.0000,-9999.0000,-9999.0000,-9999.0000,-9999.0000,-9999.0000,-9999.0000,1.0
488450.000,-9999.0000,-9999.0000,-9999.0000,-9999.0000,-9999.0000,-9999.0000,-9999.0000,-9999.0000,-9999.0000,-9999.0000,1.0
488681.000,-9999.0000,-9999.0000,-9999.0000,-9999.0000,-9999.0000,-9999.0000,-9999.0000,-9999.0000,-9999.0000,-9999.0000,1.0
488912.000,-9999.0000,-9999.0000,-9999.0000,-9999.0000,-9999.0000,-9999.0000,-9999.0000,-9999.0000,-9999.0000,-9999.0000,1.0
489143.000,-9999.0000,-9999.0000,-9999.0000,-9999.0000,-9999.0000,-9999.0000,-9999.0000,-9999.0000,-9999.0000,-9999.0000,1.0
489375.000,-9999.0000,-9999.0000,-9999.0000,-9999.0000,-9999.0000,-9999.0000,-9999.0000,-9999.0000,-9999.0000,-9999.0000,1.0
489692.000,-9999.0000,-9999.0000,-9999.0000,-9999.0000,-9999.0000,-9999.0000,-9999.0000,-9999.0000,-9999.0000,-9999.0000,1.0
489923.000,-9999.0000,-9999.0000,-9999.0000,-9999.0000,-9999.0000,-9999.0000,-9999.0000,-9999.0000,-9999.0000,-9999.0000,1.0
490154.000,-9999.0000,-9999.0000,-9999.0000,-9999.0000,-9999.0000,-9999.0000,-9999.0000,-9999.0000,-9999.0000,-9999.0000,1.0
490385.000,-9999.0000,-9999.0000,-9999.0000,-9999.0000,-9999.0000,-9999.0000,-9999.0000,-9999.0000,-9999.0000,-9999.0000,1.0
490617.000,-9999.0000,-9999.0000,-9999.0000,-9999.0000,-9999.0000,-9999.0000,-9999.0000,-9999.0000,-9999.0000,-9999.0000,1.0
490848.000,-9999.0000,-9999.0000,-9999.0000,-9999.0000,-9999.0000,-9999.0000,-9999.0000,-9999.0000,-9999.0000,-9999.0000,1.0
491079.000,-9999.0000,-9999.0000,-9999.0000,-9999.0000,-9999.0000,-9999.0000,-9999.0000,-9999.0000,-9999.0000,-9999.0000,1.0
491310.000,-9999.0000,-9999.0000,-9999.0000,-9999.0000,-9999.0000,-9999.0000,-9999.0000,-9999.0000,-9999.0000,-9999.0000,1.0
491541.000,-9999.0000,-9999.0000,-9999.0000,-9999.0000,-9999.0000,-9999.0000,-9999.0000,-9999.0000,-9999.0000,-9999.0000,1.0
491819.000,-9999.0000,1.7132,1.0043,0.2541,-9999.0000,0.0954,0.0968,-9999.0000,-9999.0000,-9999.0000,0.0
492050.000,0.0596,1.6623,0.8695,0.2058,0.0512,-9999.0000,-9999.0000,0.1381,-9999.0000,-9999.0000,0.0
492281.000,0.0584,1.6173,0.8266,-9999.0000,-9999.0000,-9999.0000,0.0534,0.1539,-9999.0000,-9999.0000,0.0
492513.000,0.0447,1.7658,0.9424,-9999.0000,-9999.0000,-9999.0000,-9999.0000,-9999.0000,-9999.0000,-9999.0000,0.0
492744.000,0.0444,1.9086,0.9937,0.2807,-9999.0000,0.0409,0.0542,-9999.0000,-9999.0000,-9999.0000,0.0
492975.000,-9999.0000,1.8073,0.7228,0.2590,-9999.0000,0.0688,-9999.0000,-9999.0000,-9999.0000,0.0897,0.0
493206.000,0.0541,1.6811,0.7028,0.1642,0.0605,0.0694,-9999.0000,-9999.0000,-9999.0000,-9999.0000,0.0
493437.000,-9999.0000,1.4459,0.9344,0.1802,-9999.0000,-9999.0000,-9999.0000,0.1128,-9999.0000,-9999.0000,0.0
493669.000,-9999.0000,1.8142,0.9398,-9999.0000,0.0591,-9999.0000,-9999.0000,-9999.0000,-9999.0000,-9999.0000,0.0
493900.000,-9999.0000,1.6549,0.7218,-9999.0000,-9999.0000,0.0587,-9999.0000,-9999.0000,-9999.0000,-9999.0000,0.0
494131.000,0.0430,1.6574,0.9409,-9999.0000,-9999.0000,-9999.0000,-9999.0000,-9999.0000,-9999.0000,-9999.0000,0.0
494362.000,0.0287,1.5357,0.9128,0.1200,-9999.0000,-9999.0000,-9999.0000,-9999.0000,-9999.0000,-9999.0000,0.0
494593.000,0.0769,1.5316,0.9416,-9999.0000,0.0690,-9999.0000,-9999.0000,-9999.0000,-9999.0000,0.0516,0.0
494825.000,0.0402,1.8548,0.9242,-9999.0000,0.0713,0.0419,0.0920,-9999.0000,-9999.0000,-9999.0000,0.0
495056.000,-9999.0000,2.0790,0.9799,-9999.0000,0.0914,-9999.0000,0.0652,0.1397,-9999.0000,-9999.0000,0.0
495287.000,-9999.0000,1.5719,0.9061,-9999.0000,-9999.0000,0.0413,0.0815,-9999.0000,-9999.0000,-9999.0000,0.0
495518.000,0.0616,1.7698,0.8927,-9999.0000,-9999.0000,0.0301,-9999.0000,-9999.0000,-9999.0000,0.0507,0.0
495749.000,-9999.0000,1.6489,0.8972,-9999.0000,-9999.0000,-9999.0000,-9999.0000,-9999.0000,-9999.0000,0.0523,0.0
495981.000,0.0440,1.8928,1.0009,-9999.0000,-9999.0000,0.0503,-9999.0000,-9999.0000,-9999.0000,-9999.0000,0.0
496212.000,-9999.0000,1.8804,0.9205,-9999.0000,-9999.0000,0.0314,0.0804,-9999.0000,0.1165,-9999.0000,0.0
496443.000,0.0396,1.9864,1.0533,0.1059,-9999.0000,0.0319,-9999.0000,-9999.0000,-9999.0000,-9999.0000,0.0
496674.000,0.0534,1.5940,0.9034,-9999.0000,-9999.0000,-9999.0000,-9999.0000,-9999.0000,-9999.0000,-9999.0000,0.0
496905.000,0.0342,1.7844,1.0055,0.1037,-9999.0000,0.0315,-9999.0000,0.1133,-9999.0000,-9999.0000,0.0
497137.000,0.0338,1.9888,1.0148,-9999.0000,-9999.0000,-9999.0000,0.0613,-9999.0000,-9999.0000,0.1259,0.0
497368.000,0.0680,2.0923,0.9159,-9999.0000,-9999.0000,-9999.0000,-9999.0000,-9999.0000,0.1644,-9999.0000,0.0
497599.000,0.0393,1.9938,0.9754,0.1824,0.0511,-9999.0000,0.0808,-9999.0000,-9999.0000,0.0898,0.0
497830.000,0.0488,2.1580,0.8480,-9999.0000,-9999.0000,0.0506,-9999.0000,-9999.0000,-9999.0000,-9999.0000,0.0
498061.000,0.0548,1.8754,1.0133,-9999.0000,-9999.0000,-9999.0000,-9999.0000,-9999.0000,0.0972,0.0533,0.0
498293.000,-9999.0000,1.8786,1.0990,0.1414,-9999.0000,-9999.0000,-9999.0000,-9999.0000,-9999.0000,-9999.0000,0.0
498524.000,0.0440,1.7744,0.9238,-9999.0000,-9999.0000,-9999.0000,-9999.0000,-9999.0000,-9999.0000,0.0895,0.0
498755.000,0.0373,1.5909,0.7703,-9999.0000,-9999.0000,-9999.0000,-9999.0000,-9999.0000,-9999.0000,-9999.0000,0.0
498986.000,0.0626,1.6704,0.9318,-9999.0000,-9999.0000,0.0313,-9999.0000,-9999.0000,-9999.0000,0.0515,0.0
499217.000,0.0489,1.7724,1.0961,-9999.0000,0.1190,0.0320,-9999.0000,-9999.0000,-9999.0000,-9999.0000,0.0
499449.000,0.0570,1.6943,0.9821,-9999.0000,0.0784,-9999.0000,-9999.0000,-9999.0000,-9999.0000,0.0876,0.0
499680.000,0.0809,1.8814,0.9636,0.1377,-9999.0000,-9999.0000,-9999.0000,0.1189,-9999.0000,-9999.0000,0.0
499911.000,0.0358,1.7905,0.9967,-9999.0000,-9999.0000,-9999.0000,-9999.0000,0.2110,-9999.0000,-9999.0000,0.0
500142.000,-9999.0000,1.8974,1.0674,0.2866,-9999.0000,-9999.0000,-9999.0000,0.1357,-9999.0000,-9999.0000,0.0
500373.000,0.1069,1.5825,1.0319,-9999.0000,-9999.0000,-9999.0000,0.0532,-9999.0000,-9999.0000,-9999.0000,0.0
500605.000,-9999.0000,1.9635,1.1016,-9999.0000,-9999.0000,-9999.0000,-9999.0000,-9999.0000,-9999.0000,-9999.0000,0.0
500836.000,0.0594,1.6014,1.2343,-9999.0000,-9999.0000,-9999.0000,-9999.0000,-9999.0000,-9999.0000,0.0529,0.0
501067.000,0.0435,1.6490,0.9054,-9999.0000,-9999.0000,-9999.0000,-9999.0000,-9999.0000,-9999.0000,-9999.0000,0.0
501298.000,0.0671,1.8897,1.2185,-9999.0000,-9999.0000,-9999.0000,-9999.0000,-9999.0000,0.0805,-9999.0000,0.0
501529.000,0.0679,1.8549,1.1692,-9999.0000,0.0899,-9999.0000,0.0617,-9999.0000,-9999.0000,-9999.0000,0.0
501761.000,0.0381,1.9557,1.1755,0.2147,-9999.0000,-9999.0000,-9999.0000,-9999.0000,-9999.0000,0.0508,0.0
501992.000,0.0342,1.9544,1.2760,-9999.0000,-9999.0000,-9999.0000,-9999.0000,-9999.0000,-9999.0000,-9999.0000,0.0
502223.000,0.0285,2.1930,1.0807,0.2144,-9999.0000,0.0592,0.0598,-9999.0000,-9999.0000,0.0507,0.0
502454.000,0.0378,2.0189,1.2450,-9999.0000,0.0596,-9999.0000,0.0862,-9999.0000,-9999.0000,0.0872,0.0
502685.000,0.0284,2.2785,1.2323,-9999.0000,-9999.0000,-9999.0000,-9999.0000,0.1281,-9999.0000,-9999.0000,0.0
502917.000,0.0523,2.0260,1.3082,0.1757,0.0599,-9999.0000,-9999.0000,-9999.0000,-9999.0000,-9999.0000,0.0
503148.000,0.0340,2.1209,1.1694,0.1801,0.0515,-9999.0000,-9999.0000,-9999.0000,-9999.0000,-9999.0000,0.0
503379.000,0.0636,2.0063,1.1736,0.1439,0.0522,-9999.0000,-9999.0000,-9999.0000,-9999.0000,-9999.0000,0.0
503610.000,0.0574,2.0911,1.2298,0.1964,0.0796,-9999.0000,-9999.0000,-9999.0000,-9999.0000,-9999.0000,0.0
503841.000,-9999.0000,2.1716,1.2399,-9999.0000,0.0523,0.0517,-9999.0000,-9999.0000,-9999.0000,-9999.0000,0.0
504073.000,0.0724,1.7947,1.3676,0.1214,-9999.0000,0.0415,-9999.0000,-9999.0000,-9999.0000,0.0886,0.0
504304.000,0.0289,2.0156,1.3385,-9999.0000,0.0608,-9999.0000,0.1238,-9999.0000,-9999.0000,-9999.0000,0.0
504535.000,0.0286,2.2507,1.2187,-9999.0000,0.0699,-9999.0000,-9999.0000,-9999.0000,-9999.0000,-9999.0000,0.0
504766.000,0.0670,2.0836,1.2714,-9999.0000,0.0510,0.0786,0.1233,-9999.0000,-9999.0000,-9999.0000,0.0
504997.000,0.0719,2.3663,1.3967,-9999.0000,-9999.0000,0.0786,-9999.0000,0.1496,-9999.0000,-9999.0000,0.0
505229.000,0.0708,2.5656,1.2544,0.1738,0.0597,-9999.0000,-9999.0000,-9999.0000,-9999.0000,0.0500,0.0
505460.000,0.0381,2.3303,1.4826,-9999.0000,0.0892,0.0597,0.0779,0.0892,-9999.0000,-9999.0000,0.0
505691.000,0.0617,2.4004,1.2852,0.1945,-9999.0000,0.0408,0.1940,0.1180,-9999.0000,0.1612,0.0
505922.000,-9999.0000,2.3287,1.2273,0.2171,-9999.0000,0.0415,-9999.0000,-9999.0000,-9999.0000,-9999.0000,0.0
506153.000,0.0572,2.2705,1.4276,0.1762,0.0605,0.0317,0.0507,-9999.0000,0.0816,-9999.0000,0.0
506385.000,0.0469,2.4517,1.2879,0.1922,-9999.0000,0.0311,0.0942,0.1358,-9999.0000,0.0866,0.0
506616.000,0.0931,2.2644,1.3469,-9999.0000,-9999.0000,-9999.0000,0.1176,0.1350,-9999.0000,-9999.0000,0.0
506847.000,0.0443,2.5129,1.4547,0.2217,-9999.0000,-9999.0000,0.0533,-9999.0000,-9999.0000,0.0897,0.0
507078.000,0.0375,2.4260,1.2057,0.1544,-9999.0000,0.0313,0.1032,-9999.0000,-9999.0000,0.0866,0.0
507309.000,0.0675,2.4080,1.3703,0.4491,0.1000,0.0512,0.0789,-9999.0000,-9999.0000,0.0512,0.0
507541.000,0.0474,2.3105,1.4953,-9999.0000,-9999.0000,-9999.0000,-9999.0000,-9999.0000,-9999.0000,0.0872,0.0
507772.000,0.0521,1.7908,1.5184,-9999.0000,-9999.0000,0.0503,-9999.0000,-9999.0000,-9999.0000,0.0871,0.0
508003.000,0.0484,2.2637,1.5480,-9999.0000,-9999.0000,-9999.0000,0.0791,-9999.0000,-9999.0000,0.1259,0.0
508234.000,0.0481,2.1235,1.5129,-9999.0000,0.0999,0.0699,0.0785,-9999.0000,-9999.0000,-9999.0000,0.0
508465.000,0.0510,2.1127,1.4366,0.2271,0.0688,0.0308,0.0572,-9999.0000,-9999.0000,0.0856,0.0
508697.000,0.0378,2.4057,1.5343,-9999.0000,0.0606,0.1063,0.0860,-9999.0000,0.1053,0.0871,0.0
508928.000,0.0631,2.3990,1.4326,-9999.0000,-9999.0000,0.0329,-9999.0000,-9999.0000,0.1451,-9999.0000,0.0
509159.000,0.0528,2.3491,1.4964,0.1968,0.0710,0.0418,0.0782,-9999.0000,-9999.0000,-9999.0000,0.0
509390.000,0.0391,2.1647,1.6118,0.1230,0.0527,0.0615,0.0889,-9999.0000,-9999.0000,-9999.0000,0.0
509622.000,0.0583,2.4012,1.6490,0.1417,0.0526,0.0708,0.0522,-9999.0000,0.1454,-9999.0000,0.0
509853.000,0.0328,2.5012,1.6640,0.2309,-9999.0000,-9999.0000,-9999.0000,-9999.0000,-9999.0000,-9999.0000,0.0
510084.000,-9999.0000,2.3188,1.6698,-9999.0000,-9999.0000,0.0511,0.0599,0.0894,0.1075,0.0506,0.0
510315.000,0.0515,2.2971,1.6486,-9999.0000,0.0792,0.0778,0.1026,-9999.0000,-9999.0000,-9999.0000,0.0
510546.000,0.0384,2.5347,1.6088,0.1971,0.1194,-9999.0000,0.0873,0.0998,0.1556,-9999.0000,0.0
510778.000,0.0627,2.4165,1.6630,0.2945,0.0716,-9999.0000,-9999.0000,0.0906,-9999.0000,0.0882,0.0
511186.000,-9999.0000,-9999.0000,-9999.0000,-9999.0000,-9999.0000,-9999.0000,-9999.0000,-9999.0000,-9999.0000,-9999.0000,1.0
511417.000,-9999.0000,-9999.0000,-9999.0000,-9999.0000,-9999.0000,-9999.0000,-9999.0000,-9999.0000,-9999.0000,-9999.0000,1.0
511649.000,-9999.0000,-9999.0000,-9999.0000,-9999.0000,-9999.0000,-9999.0000,-9999.0000,-9999.0000,-9999.0000,-9999.0000,1.0
511880.000,-9999.0000,-9999.0000,-9999.0000,-9999.0000,-9999.0000,-9999.0000,-9999.0000,-9999.0000,-9999.0000,-9999.0000,1.0
512111.000,-9999.0000,-9999.0000,-9999.0000,-9999.0000,-9999.0000,-9999.0000,-9999.0000,-9999.0000,-9999.0000,-9999.0000,1.0
512342.000,-9999.0000,-9999.0000,-9999.0000,-9999.0000,-9999.0000,-9999.0000,-9999.0000,-9999.0000,-9999.0000,-9999.0000,1.0
512573.000,-9999.0000,-9999.0000,-9999.0000,-9999.0000,-9999.0000,-9999.0000,-9999.0000,-9999.0000,-9999.0000,-9999.0000,1.0
512940.000,-9999.0000,-9999.0000,-9999.0000,-9999.0000,-9999.0000,-9999.0000,-9999.0000,-9999.0000,-9999.0000,-9999.0000,1.0
513171.000,-9999.0000,-9999.0000,-9999.0000,-9999.0000,-9999.0000,-9999.0000,-9999.0000,-9999.0000,-9999.0000,-9999.0000,1.0
513402.000,-9999.0000,-9999.0000,-9999.0000,-9999.0000,-9999.0000,-9999.0000,-9999.0000,-9999.0000,-9999.0000,-9999.0000,1.0
513633.000,-9999.0000,-9999.0000,-9999.0000,-9999.0000,-9999.0000,-9999.0000,-9999.0000,-9999.0000,-9999.0000,-9999.0000,1.0
513865.000,-9999.0000,-9999.0000,-9999.0000,-9999.0000,-9999.0000,-9999.0000,-9999.0000,-9999.0000,-9999.0000,-9999.0000,1.0
514096.000,-9999.0000,-9999.0000,-9999.0000,-9999.0000,-9999.0000,-9999.0000,-9999.0000,-9999.0000,-9999.0000,-9999.0000,1.0
514327.000,-9999.0000,-9999.0000,-9999.0000,-9999.0000,-9999.0000,-9999.0000,-9999.0000,-9999.0000,-9999.0000,-9999.0000,1.0
514558.000,-9999.0000,-9999.0000,-9999.0000,-9999.0000,-9999.0000,-9999.0000,-9999.0000,-9999.0000,-9999.0000,-9999.0000,1.0
514789.000,-9999.0000,-9999.0000,-9999.0000,-9999.0000,-9999.0000,-9999.0000,-9999.0000,-9999.0000,-9999.0000,-9999.0000,1.0
515197.000,-9999.0000,-9999.0000,-9999.0000,-9999.0000,-9999.0000,-9999.0000,-9999.0000,-9999.0000,-9999.0000,-9999.0000,1.0
515429.000,-9999.0000,-9999.0000,-9999.0000,-9999.0000,-9999.0000,-9999.0000,-9999.0000,-9999.0000,-9999.0000,-9999.0000,1.0
515660.000,-9999.0000,-9999.0000,-9999.0000,-9999.0000,-9999.0000,-9999.0000,-9999.0000,-9999.0000,-9999.0000,-9999.0000,1.0
515891.000,-9999.0000,-9999.0000,-9999.0000,-9999.0000,-9999.0000,-9999.0000,-9999.0000,-9999.0000,-9999.0000,-9999.0000,1.0
516122.000,-9999.0000,-9999.0000,-9999.0000,-9999.0000,-9999.0000,-9999.0000,-9999.0000,-9999.0000,-9999.0000,-9999.0000,1.0
516353.000,-9999.0000,-9999.0000,-9999.0000,-9999.0000,-9999.0000,-9999.0000,-9999.0000,-9999.0000,-9999.0000,-9999.0000,1.0
516689.000,-9999.0000,4.1667,1.8505,0.3279,0.1765,0.0328,0.0766,0.1267,0.1204,0.0498,0.0
516920.000,0.0723,2.6379,1.6548,-9999.0000,0.2364,0.0995,0.0693,-9999.0000,0.1471,-9999.0000,0.0
517151.000,0.0864,2.5759,1.4506,0.3124,0.1108,0.0616,0.0959,0.1290,-9999.0000,-9999.0000,0.0
517382.000,0.0530,2.3626,1.5201,0.3524,0.1594,0.0337,-9999.0000,-9999.0000,-9999.0000,-9999.0000,0.0
517614.000,0.0666,2.3344,1.3334,-9999.0000,0.1387,-9999.0000,0.0589,-9999.0000,-9999.0000,0.0869,0.0
517845.000,0.0509,2.2004,1.3517,0.1886,0.0701,0.0319,0.0476,-9999.0000,0.0821,0.0485,0.0
518076.000,0.0626,2.5055,1.3793,0.1396,0.1304,0.0525,0.1053,-9999.0000,-9999.0000,-9999.0000,0.0
518307.000,-9999.0000,2.0828,1.2084,0.2324,0.1865,0.0330,0.1126,0.1465,-9999.0000,0.2348,0.0
518538.000,0.0422,2.3252,1.2313,-9999.0000,0.1378,-9999.0000,0.0578,0.1150,-9999.0000,0.0861,0.0
518770.000,0.0419,2.1505,1.3449,0.3427,0.1467,0.0324,-9999.0000,0.1336,0.1188,0.0489,0.0
519001.000,-9999.0000,2.1686,1.6449,0.1566,0.1488,0.0614,-9999.0000,-9999.0000,-9999.0000,-9999.0000,0.0
519232.000,0.0802,2.0774,1.3650,-9999.0000,0.1665,0.0606,0.1025,0.1445,-9999.0000,-9999.0000,0.0
519463.000,0.0476,2.1353,1.4970,-9999.0000,0.1394,-9999.0000,0.0951,0.1574,-9999.0000,0.0500,0.0
519694.000,0.0441,2.2880,1.4596,0.1427,0.1807,-9999.0000,0.0613,-9999.0000,-9999.0000,0.1640,0.0
519926.000,0.0964,1.7580,1.4135,0.3526,0.1213,0.0623,0.0783,0.1898,-9999.0000,-9999.0000,0.0
520157.000,0.0754,2.1441,1.3851,0.0963,0.1570,-9999.0000,-9999.0000,-9999.0000,0.0968,0.0491,0.0
520388.000,0.0711,2.0316,1.3129,0.1169,0.1388,0.1172,0.0673,-9999.0000,-9999.0000,0.0865,0.0
520619.000,0.1164,1.9759,1.4265,0.2194,0.1803,0.0629,0.0518,-9999.0000,-9999.0000,-9999.0000,0.0
520850.000,0.1006,2.1567,1.4920,0.1191,0.1496,0.0900,0.1135,-9999.0000,-9999.0000,-9999.0000,0.0
521082.000,0.0711,1.9431,1.2485,0.0976,0.0911,0.0706,-9999.0000,-9999.0000,0.0865,-9999.0000,0.0
521313.000,0.0910,2.3063,1.4718,-9999.0000,0.1111,0.0432,-9999.0000,-9999.0000,-9999.0000,0.1244,0.0
521544.000,0.0759,2.0528,1.3885,0.3084,0.1199,0.1826,0.0852,-9999.0000,-9999.0000,-9999.0000,0.0
521775.000,0.1135,2.0369,1.4418,0.1345,0.1574,0.1260,0.1024,0.1739,-9999.0000,-9999.0000,0.0
522006.000,0.1123,2.4288,1.3506,0.1315,0.1369,0.1709,0.0474,-9999.0000,-9999.0000,0.0483,0.0
522238.000,0.1106,2.3536,1.3329,0.1586,0.1695,0.0812,0.0506,0.0990,-9999.0000,0.0503,0.0
522469.000,0.0988,1.8950,1.4328,0.2666,0.0619,0.0885,0.1106,0.1333,0.1087,-9999.0000,0.0
522700.000,0.0943,2.2497,1.4408,0.1722,0.1383,0.1260,0.0842,0.1044,-9999.0000,0.1226,0.0
522931.000,0.0944,2.2349,1.4425,0.2870,0.0908,0.2470,0.0843,0.0948,-9999.0000,0.1227,0.0
523162.000,0.1180,2.0698,1.5091,0.2862,0.2048,0.1166,0.0483,-9999.0000,-9999.0000,-9999.0000,0.0
523394.000,0.1240,2.0768,1.5861,0.1557,0.0821,0.2580,0.0944,-9999.0000,-9999.0000,-9999.0000,0.0
523625.000,0.1001,1.9025,1.5560,0.1940,0.1683,0.1365,-9999.0000,0.1458,-9999.0000,0.0866,0.0
523856.000,0.1385,2.1366,1.5774,-9999.0000,0.1398,0.0712,0.0945,0.1559,0.1119,0.0496,0.0
524087.000,0.1100,2.2636,1.6337,-9999.0000,0.1399,0.1649,0.1307,0.1163,-9999.0000,0.0497,0.0
524319.000,0.1303,2.5098,1.5055,0.3134,0.2087,0.2322,0.1594,0.2484,-9999.0000,-9999.0000,0.0
524550.000,0.0435,2.5393,1.5324,0.1388,0.2082,0.2505,0.0775,0.1177,-9999.0000,-9999.0000,0.0
524781.000,0.1001,2.2567,1.7710,0.0973,0.1203,0.2855,0.0759,-9999.0000,0.0879,-9999.0000,0.0
525012.000,0.1100,2.4485,1.6172,0.2901,0.1782,0.2303,0.1034,0.1849,0.0887,0.0495,0.0
525243.000,0.1967,2.4427,1.6313,0.3874,0.1499,0.1934,0.0858,-9999.0000,0.1249,-9999.0000,0.0
525475.000,0.1897,2.5429,1.7273,0.2389,0.2006,0.1582,0.0880,0.1299,0.1046,-9999.0000,0.0
525706.000,0.1333,2.6276,1.7522,0.2876,0.1677,0.2105,0.0755,-9999.0000,-9999.0000,-9999.0000,0.0
525937.000,0.2010,2.5219,1.6367,0.3091,0.2645,0.2677,0.1303,0.1346,-9999.0000,0.0865,0.0
526168.000,0.1351,2.6766,1.7586,0.4669,0.1737,0.3806,0.0899,0.1655,-9999.0000,0.0836,0.0
526399.000,0.2093,2.5939,1.8050,0.5207,0.1262,0.3700,-9999.0000,0.0960,-9999.0000,0.1194,0.0
526631.000,0.1619,2.6517,1.7411,0.4399,0.2058,0.2663,0.1021,0.1717,-9999.0000,0.0489,0.0
526862.000,0.0951,2.6118,1.7736,0.7444,0.2437,0.3217,0.1466,0.1218,-9999.0000,0.0856,0.0
527093.000,0.1693,2.4567,1.7452,0.2816,0.2411,0.2540,0.0732,0.1770,0.1780,-9999.0000,0.0
527324.000,0.2241,2.5098,1.8766,0.3449,0.2157,0.3411,0.1651,-9999.0000,0.1000,-9999.0000,0.0
527555.000,0.1833,2.6866,1.6502,0.6966,0.1843,0.2169,0.0907,0.1078,0.0848,-9999.0000,0.0
527787.000,0.1217,2.6553,1.8172,0.3741,0.2309,0.1521,0.1257,-9999.0000,-9999.0000,0.1931,0.0
528018.000,0.1962,2.5557,1.5837,0.5759,0.2068,0.2767,0.1836,0.1920,-9999.0000,0.0491,0.0
528249.000,0.0949,2.0219,1.5503,0.4558,0.3188,0.1169,0.0564,0.1590,-9999.0000,0.0851,0.0
528480.000,0.1237,1.9914,1.7267,0.2476,0.2150,0.1451,0.0657,-9999.0000,-9999.0000,0.1221,0.0
528711.000,0.0941,2.2155,1.4907,0.2247,0.1658,0.1804,-9999.0000,0.1074,-9999.0000,0.0842,0.0
528943.000,0.1143,1.9893,1.4997,0.1713,0.1200,0.0987,0.1550,0.1101,-9999.0000,-9999.0000,0.0
529174.000,0.0998,2.2017,1.3878,-9999.0000,0.1386,-9999.0000,0.1277,0.0994,-9999.0000,-9999.0000,0.0
529405.000,0.1526,1.8608,1.3094,0.2481,0.1869,0.0339,-9999.0000,0.1202,-9999.0000,0.0486,0.0
529636.000,0.0873,1.7341,1.3535,0.3680,0.2946,0.0347,0.0856,0.1333,-9999.0000,-9999.0000,0.0
529867.000,0.1092,2.0122,1.4496,0.3407,0.2996,0.0798,-9999.0000,-9999.0000,0.1106,-9999.0000,0.0
530099.000,0.1083,1.7888,1.4146,0.0916,0.1656,0.0790,-9999.0000,-9999.0000,-9999.0000,0.0474,0.0
530330.000,0.0620,1.9480,1.4709,0.2271,0.2905,0.0800,0.0829,-9999.0000,-9999.0000,0.0849,0.0
530561.000,0.0826,1.7180,1.2635,0.2524,0.2371,0.1004,-9999.0000,0.2022,0.1504,-9999.0000,0.0
530792.000,0.0474,1.5740,1.2273,0.2436,0.3361,0.0517,-9999.0000,-9999.0000,-9999.0000,0.0842,0.0
531023.000,0.0386,1.7561,1.2480,0.2472,0.2248,0.0618,-9999.0000,0.1284,-9999.0000,-9999.0000,0.0
531255.000,0.0563,1.2897,1.1700,0.2219,0.1932,0.0695,-9999.0000,0.1429,0.0849,-9999.0000,0.0
531486.000,0.0997,1.3931,1.1956,-9999.0000,0.2707,0.0520,0.0555,-9999.0000,-9999.0000,0.1210,0.0
531717.000,0.0865,1.8169,1.3394,0.2479,0.3015,0.0899,0.0746,0.1385,0.0892,0.0853,0.0
531948.000,0.0672,1.6263,1.2862,0.2847,0.2627,0.0340,0.0563,0.1078,-9999.0000,0.0850,0.0
532179.000,0.0544,1.5559,1.1823,0.2918,0.3148,0.0915,0.0496,-9999.0000,-9999.0000,-9999.0000,0.0
532411.000,0.0588,1.5870,1.1613,0.2896,0.2272,0.0722,-9999.0000,-9999.0000,-9999.0000,-9999.0000,0.0
532642.000,0.0823,1.7214,1.2410,0.2304,0.3123,0.0439,-9999.0000,0.0996,-9999.0000,0.0857,0.0
532873.000,0.0348,1.5928,1.2231,0.1544,0.1980,-9999.0000,-9999.0000,-9999.0000,-9999.0000,-9999.0000,0.0
533104.000,0.0643,1.5907,1.4983,0.1187,0.2286,-9999.0000,0.1311,-9999.0000,-9999.0000,-9999.0000,0.0
533335.000,0.1131,1.5534,1.2349,-9999.0000,0.1749,0.0515,-9999.0000,0.0932,0.0859,-9999.0000,0.0
533566.000,0.0526,1.3990,1.1686,0.1109,0.2609,0.0336,0.0550,-9999.0000,0.1804,0.1570,0.0
533798.000,0.0626,1.4275,1.2746,0.2269,0.2056,-9999.0000,0.0737,-9999.0000,0.1123,-9999.0000,0.0
534029.000,0.0627,1.3320,1.1761,0.3029,0.2056,0.0433,-9999.0000,-9999.0000,-9999.0000,-9999.0000,0.0
534260.000,0.0537,1.5307,1.1827,0.1335,0.2258,0.0531,-9999.0000,0.1470,-9999.0000,0.0484,0.0
534491.000,0.0583,1.2287,1.3029,0.1327,0.2538,-9999.0000,0.0563,0.1657,-9999.0000,0.0482,0.0
534723.000,0.0686,1.4912,1.2037,0.2501,0.2270,-9999.0000,-9999.0000,0.0988,-9999.0000,-9999.0000,0.0
534954.000,0.0535,1.5138,1.3892,0.1701,0.1585,0.0528,0.1095,-9999.0000,-9999.0000,-9999.0000,0.0
535185.000,0.0446,1.4862,1.2661,0.2111,0.1790,0.0721,-9999.0000,-9999.0000,-9999.0000,-9999.0000,0.0
535416.000,0.0536,1.5778,1.2665,-9999.0000,0.1111,-9999.0000,-9999.0000,-9999.0000,-9999.0000,-9999.0000,0.0
535647.000,0.0736,1.4125,1.0712,0.1738,0.1700,-9999.0000,-9999.0000,-9999.0000,0.1041,0.0488,0.0
535879.000,0.0683,1.4367,1.1933,0.3818,0.2452,0.0347,-9999.0000,-9999.0000,-9999.0000,0.0483,0.0
536110.000,0.0821,1.1250,1.3006,-9999.0000,0.1966,0.0437,-9999.0000,-9999.0000,0.0782,0.0479,0.0
536341.000,0.1268,1.5717,1.0900,-9999.0000,0.1131,-9999.0000,-9999.0000,-9999.0000,-9999.0000,-9999.0000,0.0
536572.000,0.0733,1.3058,1.1454,0.1912,0.1502,-9999.0000,0.0567,-9999.0000,-9999.0000,-9999.0000,0.0
536803.000,-9999.0000,1.5313,1.1978,0.3280,0.1609,0.0354,-9999.0000,-9999.0000,0.0814,0.0489,0.0
537035.000,0.0492,1.4255,1.1248,0.1512,0.1115,-9999.0000,-9999.0000,-9999.0000,-9999.0000,-9999.0000,0.0
537266.000,0.1375,1.4550,1.0175,-9999.0000,0.1237,0.0548,-9999.0000,-9999.0000,-9999.0000,-9999.0000,0.0
537497.000,0.0311,1.3696,1.2042,0.1939,0.0556,0.0449,0.0938,-9999.0000,-9999.0000,0.0861,0.0
537728.000,0.1022,1.4282,1.2309,-9999.0000,0.0837,0.0630,-9999.0000,0.0962,-9999.0000,-9999.0000,0.0
537959.000,0.0362,1.4084,1.2572,-9999.0000,0.0655,0.0545,-9999.0000,-9999.0000,-9999.0000,0.0864,0.0
538191.000,-9999.0000,1.4021,1.1959,-9999.0000,0.0933,0.0724,-9999.0000,0.0958,-9999.0000,-9999.0000,0.0
538422.000,0.0597,1.1756,1.1657,0.1160,0.1320,0.0354,0.0662,-9999.0000,-9999.0000,-9999.0000,0.0
538653.000,0.0552,1.3092,1.1032,-9999.0000,0.1994,-9999.0000,-9999.0000,0.1369,-9999.0000,-9999.0000,0.0
538884.000,0.0591,1.2494,1.1215,-9999.0000,0.1119,0.0535,-9999.0000,0.1040,-9999.0000,-9999.0000,0.0
539115.000,0.0842,1.4431,1.1905,-9999.0000,0.1712,0.1014,-9999.0000,-9999.0000,-9999.0000,-9999.0000,0.0
539347.000,0.0777,1.3222,1.0768,0.2828,0.0829,0.0809,-9999.0000,0.1612,-9999.0000,-9999.0000,0.0
539578.000,0.0647,1.3254,1.0361,-9999.0000,0.1513,-9999.0000,0.0570,-9999.0000,-9999.0000,-9999.0000,0.0
539809.000,0.1071,1.1072,1.1241,0.0949,0.1218,0.0444,-9999.0000,0.0941,-9999.0000,-9999.0000,0.0
540040.000,0.0545,1.3322,1.1451,-9999.0000,0.0739,0.0349,-9999.0000,0.1423,0.0800,-9999.0000,0.0
540271.000,0.0790,1.1959,1.0002,0.2302,0.1034,-9999.0000,-9999.0000,-9999.0000,-9999.0000,-9999.0000,0.0
540503.000,0.0270,1.2781,1.2715,-9999.0000,0.0850,0.0829,0.1210,-9999.0000,-9999.0000,0.0490,0.0
540734.000,0.0675,1.0697,1.1916,0.2026,0.0725,-9999.0000,0.0801,-9999.0000,0.1001,-9999.0000,0.0
540965.000,0.0557,1.4230,1.1848,-9999.0000,0.0561,0.0547,0.0485,0.1459,-9999.0000,-9999.0000,0.0
541196.000,0.0842,1.1250,1.0923,-9999.0000,0.1038,0.0919,0.0661,-9999.0000,-9999.0000,-9999.0000,0.0
541427.000,-9999.0000,1.0852,1.1470,-9999.0000,0.1490,0.0623,0.0724,-9999.0000,-9999.0000,-9999.0000,0.0
541659.000,0.1042,1.1749,1.1240,-9999.0000,0.1720,0.0738,0.1031,0.1166,-9999.0000,0.0490,0.0
541890.000,0.1287,1.3535,1.2026,-9999.0000,0.1340,0.1212,-9999.0000,-9999.0000,-9999.0000,-9999.0000,0.0
542121.000,0.0648,1.2268,1.1118,-9999.0000,0.1510,0.1380,-9999.0000,0.1130,-9999.0000,-9999.0000,0.0
542352.000,0.1349,1.4803,1.2428,-9999.0000,0.2157,0.1920,-9999.0000,0.1785,0.0913,0.0472,0.0
542583.000,0.1206,1.5421,1.1335,0.0919,0.1966,0.1179,0.0547,0.1094,-9999.0000,-9999.0000,0.0
542815.000,0.1267,1.5602,1.2881,0.1902,0.2081,0.1658,-9999.0000,0.1418,-9999.0000,-9999.0000,0.0
543046.000,0.1589,1.4157,1.1907,0.1496,0.2067,0.0906,-9999.0000,-9999.0000,-9999.0000,0.0473,0.0
543277.000,0.1966,1.7840,1.2746,0.0996,0.2019,0.2252,0.0675,0.1370,0.0857,0.1241,0.0
543508.000,0.1218,1.8854,1.2311,-9999.0000,0.1221,0.1190,-9999.0000,-9999.0000,-9999.0000,-9999.0000,0.0
543739.000,0.0886,1.6483,1.2761,-9999.0000,0.1507,0.1377,0.1362,-9999.0000,0.1403,0.0477,0.0
543971.000,0.1080,1.5815,1.2250,-9999.0000,0.1417,0.0823,0.1099,-9999.0000,-9999.0000,-9999.0000,0.0
544202.000,0.0978,1.2619,1.1886,-9999.0000,0.1313,0.1187,0.0552,-9999.0000,-9999.0000,-9999.0000,0.0
544433.000,0.0998,1.2839,1.0888,-9999.0000,0.1049,0.0459,-9999.0000,-9999.0000,-9999.0000,-9999.0000,0.0
544664.000,0.1085,1.3825,1.1643,0.1532,-9999.0000,0.0733,0.0564,0.1022,-9999.0000,-9999.0000,0.0
544895.000,0.1353,1.4553,1.0525,-9999.0000,0.0871,0.0943,-9999.0000,-9999.0000,-9999.0000,-9999.0000,0.0
545127.000,0.0605,1.3515,1.2251,-9999.0000,0.1227,0.0824,-9999.0000,0.1109,0.1063,-9999.0000,0.0
545358.000,0.0880,1.4146,1.0064,0.1865,0.1119,0.0813,-9999.0000,-9999.0000,0.0805,-9999.0000,0.0
545589.000,0.0410,1.0829,1.0147,-9999.0000,-9999.0000,0.0724,0.0549,0.1871,-9999.0000,-9999.0000,0.0
545820.000,0.0569,1.0944,0.9152,0.2138,0.0956,0.0555,-9999.0000,-9999.0000,-9999.0000,0.0488,0.0
546051.000,0.0304,1.0966,1.1200,-9999.0000,-9999.0000,0.0614,-9999.0000,-9999.0000,-9999.0000,-9999.0000,0.0
546283.000,0.0575,1.1338,1.0473,0.1389,-9999.0000,0.0751,-9999.0000,0.1259,-9999.0000,0.0868,0.0
546514.000,0.1233,1.1036,1.0021,-9999.0000,-9999.0000,0.0363,-9999.0000,0.1411,0.0960,-9999.0000,0.0
546745.000,0.0475,1.0333,1.1015,-9999.0000,-9999.0000,-9999.0000,-9999.0000,-9999.0000,-9999.0000,-9999.0000,0.0
546976.000,0.0665,1.1761,0.9926,0.1743,0.0955,-9999.0000,0.0752,0.1225,-9999.0000,-9999.0000,0.0
547207.000,0.0861,0.9835,0.9815,-9999.0000,0.0574,-9999.0000,-9999.0000,-9999.0000,-9999.0000,-9999.0000,0.0
547439.000,0.0644,1.1874,1.0441,0.1060,-9999.0000,-9999.0000,-9999.0000,-9999.0000,0.1408,-9999.0000,0.0
547670.000,0.0616,1.2110,0.9651,0.0965,-9999.0000,0.0927,0.0747,-9999.0000,0.0852,0.0854,0.0
547901.000,0.0619,1.1504,1.0087,-9999.0000,0.0765,0.0463,-9999.0000,-9999.0000,-9999.0000,-9999.0000,0.0
548132.000,0.0421,1.1161,0.9047,0.0947,0.0660,-9999.0000,0.0738,0.0895,-9999.0000,0.1216,0.0
548363.000,0.0514,1.2178,0.9713,-9999.0000,-9999.0000,0.0547,-9999.0000,0.1774,-9999.0000,-9999.0000,0.0
548595.000,0.0882,1.1380,0.9641,0.0905,0.0553,0.0445,-9999.0000,-9999.0000,-9999.0000,-9999.0000,0.0
548826.000,0.0484,1.2053,0.9286,-9999.0000,-9999.0000,0.0377,0.0495,0.1147,-9999.0000,-9999.0000,0.0
549057.000,0.0725,1.1598,0.9673,-9999.0000,0.0968,0.0376,-9999.0000,0.0940,-9999.0000,-9999.0000,0.0
549288.000,0.0425,0.8666,0.9673,-9999.0000,0.0760,0.0552,-9999.0000,-9999.0000,0.0851,-9999.0000,0.0
549519.000,0.0517,0.8649,0.8883,-9999.0000,-9999.0000,0.0735,-9999.0000,-9999.0000,-9999.0000,-9999.0000,0.0
549751.000,0.0629,1.0775,0.9464,-9999.0000,-9999.0000,0.0470,0.0490,-9999.0000,0.1360,-9999.0000,0.0
549982.000,0.1013,1.0124,0.9388,-9999.0000,-9999.0000,0.0469,0.0577,0.1324,-9999.0000,0.0862,0.0
550213.000,0.0428,1.0917,0.8445,-9999.0000,-9999.0000,-9999.0000,-9999.0000,-9999.0000,-9999.0000,0.1221,0.0
550444.000,0.0816,0.9621,0.7650,0.1937,0.0577,-9999.0000,-9999.0000,-9999.0000,-9999.0000,-9999.0000,0.0
550675.000,0.0522,0.9671,1.0109,-9999.0000,0.0761,-9999.0000,0.0739,0.1280,-9999.0000,-9999.0000,0.0
550907.000,0.0630,1.0409,1.0452,-9999.0000,-9999.0000,0.0565,0.0578,-9999.0000,0.1122,-9999.0000,0.0
551138.000,0.0927,0.9235,0.8863,-9999.0000,-9999.0000,-9999.0000,0.1135,-9999.0000,-9999.0000,0.0494,0.0
551369.000,-9999.0000,1.0409,0.8467,-9999.0000,-9999.0000,-9999.0000,-9999.0000,-9999.0000,-9999.0000,-9999.0000,0.0
551600.000,0.0474,0.8765,0.8548,-9999.0000,-9999.0000,-9999.0000,-9999.0000,-9999.0000,-9999.0000,-9999.0000,0.0
551831.000,0.0390,0.9885,0.9395,0.1180,-9999.0000,-9999.0000,0.0577,-9999.0000,-9999.0000,0.0861,0.0
552063.000,0.0429,0.8361,1.0747,-9999.0000,-9999.0000,0.0368,0.0647,-9999.0000,-9999.0000,-9999.0000,0.0
552294.000,-9999.0000,0.8974,0.9709,-9999.0000,-9999.0000,-9999.0000,-9999.0000,-9999.0000,-9999.0000,-9999.0000,0.0
552525.000,0.0441,0.7666,1.0521,0.0993,-9999.0000,0.0851,0.1215,-9999.0000,-9999.0000,0.0863,0.0
552756.000,0.0632,0.8526,0.8844,-9999.0000,-9999.0000,0.0660,0.0485,-9999.0000,-9999.0000,0.1234,0.0
552988.000,0.0579,0.8430,0.9084,-9999.0000,0.0675,0.0561,0.1108,-9999.0000,-9999.0000,-9999.0000,0.0
553219.000,0.0859,0.7480,0.7722,-9999.0000,-9999.0000,0.0462,0.0556,0.1063,-9999.0000,0.0475,0.0
553450.000,0.0912,0.8951,1.0336,-9999.0000,-9999.0000,-9999.0000,0.0651,0.0973,-9999.0000,0.1219,0.0
553681.000,-9999.0000,0.9561,0.8172,-9999.0000,-9999.0000,0.0286,-9999.0000,-9999.0000,-9999.0000,0.0489,0.0
553912.000,0.0728,0.6285,0.8468,-9999.0000,0.0582,0.0940,-9999.0000,-9999.0000,-9999.0000,-9999.0000,0.0
554144.000,0.0722,0.7329,0.9403,-9999.0000,-9999.0000,0.0559,-9999.0000,-9999.0000,-9999.0000,-9999.0000,0.0
554375.000,0.0294,0.9585,0.8643,-9999.0000,0.0868,0.0937,-9999.0000,-9999.0000,-9999.0000,-9999.0000,0.0
554606.000,-9999.0000,1.0066,0.9431,-9999.0000,-9999.0000,-9999.0000,-9999.0000,0.1540,-9999.0000,-9999.0000,0.0
554837.000,0.0303,0.8012,0.8765,0.1014,-9999.0000,0.0384,-9999.0000,-9999.0000,0.1741,-9999.0000,0.0
555068.000,0.0643,0.7099,0.9672,-9999.0000,0.0592,-9999.0000,-9999.0000,-9999.0000,-9999.0000,-9999.0000,0.0
555300.000,0.0871,0.7032,0.7543,-9999.0000,-9999.0000,0.0656,-9999.0000,0.1471,-9999.0000,-9999.0000,0.0
555531.000,0.0454,0.7947,0.8214,-9999.0000,-9999.0000,0.0579,-9999.0000,0.1029,-9999.0000,-9999.0000,0.0
555762.000,0.0544,0.8773,0.6876,-9999.0000,-9999.0000,0.0288,0.0855,-9999.0000,-9999.0000,0.0489,0.0
555993.000,0.0301,0.8295,0.8751,-9999.0000,-9999.0000,0.0286,-9999.0000,-9999.0000,-9999.0000,-9999.0000,0.0
556224.000,0.0597,0.7791,0.9327,-9999.0000,-9999.0000,-9999.0000,-9999.0000,0.1613,-9999.0000,-9999.0000,0.0
556456.000,0.0636,0.6604,0.7966,-9999.0000,-9999.0000,0.0283,-9999.0000,-9999.0000,-9999.0000,0.0483,0.0
556687.000,0.1068,0.6828,0.7512,-9999.0000,-9999.0000,0.0565,0.0843,-9999.0000,-9999.0000,-9999.0000,0.0
556918.000,0.0599,0.9405,0.8376,-9999.0000,-9999.0000,0.0291,-9999.0000,0.1107,-9999.0000,-9999.0000,0.0
557149.000,0.0696,0.9394,0.9835,-9999.0000,-9999.0000,-9999.0000,0.0955,-9999.0000,-9999.0000,-9999.0000,0.0
557380.000,0.0401,0.7478,0.7711,-9999.0000,-9999.0000,0.0947,0.1488,-9999.0000,0.1008,-9999.0000,0.0
557612.000,0.0685,0.8223,0.6859,-9999.0000,-9999.0000,0.0471,0.0571,0.2258,-9999.0000,0.0482,0.0
557843.000,0.0537,0.7010,0.9451,-9999.0000,-9999.0000,0.0280,0.1104,-9999.0000,-9999.0000,-9999.0000,0.0
558074.000,0.0547,0.8113,0.7560,-9999.0000,-9999.0000,0.0476,0.0580,0.0978,-9999.0000,-9999.0000,0.0
558305.000,0.0695,0.7907,0.8340,-9999.0000,-9999.0000,0.0762,0.0494,-9999.0000,-9999.0000,-9999.0000,0.0
558536.000,0.0509,0.8891,0.8838,-9999.0000,-9999.0000,0.0582,-9999.0000,-9999.0000,-9999.0000,0.0875,0.0
558768.000,0.0568,0.6655,0.6953,-9999.0000,-9999.0000,0.0783,-9999.0000,0.1963,0.1427,-9999.0000,0.0
558999.000,0.0462,0.5778,0.9852,-9999.0000,-9999.0000,0.0296,-9999.0000,-9999.0000,-9999.0000,0.1253,0.0
559230.000,0.0899,0.6599,0.7713,-9999.0000,-9999.0000,0.0581,-9999.0000,-9999.0000,-9999.0000,-9999.0000,0.0
559461.000,0.0407,0.6187,0.8751,-9999.0000,-9999.0000,0.0669,0.1133,-9999.0000,0.0776,-9999.0000,0.0
559692.000,0.1028,0.6567,0.8183,-9999.0000,-9999.0000,-9999.0000,-9999.0000,-9999.0000,-9999.0000,0.0483,0.0
559924.000,0.0652,0.6376,0.6908,-9999.0000,-9999.0000,0.0765,0.0955,-9999.0000,0.1018,0.0866,0.0
560155.000,0.0838,0.6628,0.7646,-9999.0000,0.0876,0.0664,0.1213,-9999.0000,-9999.0000,-9999.0000,0.0
560386.000,0.0450,0.6983,0.8855,-9999.0000,0.0680,0.0847,0.0482,-9999.0000,-9999.0000,-9999.0000,0.0
560617.000,0.0466,0.7200,1.0327,-9999.0000,0.0895,-9999.0000,-9999.0000,-9999.0000,-9999.0000,0.0877,0.0
560848.000,0.0510,0.9108,0.8346,-9999.0000,-9999.0000,0.0389,-9999.0000,0.1390,0.0905,-9999.0000,0.0
561080.000,0.0566,0.7698,1.0501,-9999.0000,-9999.0000,0.0682,0.0515,-9999.0000,-9999.0000,-9999.0000,0.0
561311.000,0.0913,0.8306,0.7955,-9999.0000,-9999.0000,0.0686,0.1076,-9999.0000,0.1176,-9999.0000,0.0
561542.000,0.0841,0.8397,0.9760,-9999.0000,-9999.0000,-9999.0000,0.0763,0.1554,-9999.0000,-9999.0000,0.0
561773.000,0.1003,0.7203,0.8392,-9999.0000,0.0797,0.0679,0.1245,-9999.0000,0.1637,0.0497,0.0
562004.000,0.0702,0.7369,0.9613,-9999.0000,-9999.0000,-9999.0000,0.1409,-9999.0000,-9999.0000,0.0489,0.0
562236.000,0.0698,0.6211,1.0014,-9999.0000,0.0686,0.0760,-9999.0000,-9999.0000,0.1120,-9999.0000,0.0
562467.000,0.0692,0.9100,0.8096,-9999.0000,-9999.0000,-9999.0000,0.0572,-9999.0000,-9999.0000,0.0478,0.0
562698.000,0.0507,0.7952,0.8120,-9999.0000,-9999.0000,0.0384,-9999.0000,-9999.0000,-9999.0000,-9999.0000,0.0
562929.000,0.0511,-9999.0000,0.9667,-9999.0000,-9999.0000,0.0482,0.1046,0.1463,0.1132,-9999.0000,0.0
563160.000,0.0713,0.7941,0.7228,-9999.0000,-9999.0000,0.0489,0.0787,-9999.0000,-9999.0000,-9999.0000,0.0
563392.000,0.0376,0.8631,0.9263,-9999.0000,-9999.0000,0.0303,0.0981,-9999.0000,-9999.0000,-9999.0000,0.0
563623.000,0.0461,0.5756,0.8024,-9999.0000,-9999.0000,0.0291,0.0766,-9999.0000,-9999.0000,0.0485,0.0
563854.000,0.0774,0.6232,0.7932,-9999.0000,0.0514,0.0402,0.0712,0.1423,0.1180,-9999.0000,0.0
564085.000,0.0517,0.6334,0.6791,-9999.0000,-9999.0000,-9999.0000,-9999.0000,-9999.0000,0.1862,0.1246,0.0
564316.000,0.0614,0.6206,0.8457,-9999.0000,-9999.0000,-9999.0000,0.0507,-9999.0000,-9999.0000,-9999.0000,0.0
564548.000,-9999.0000,0.6707,0.7899,0.1290,-9999.0000,-9999.0000,-9999.0000,-9999.0000,-9999.0000,-9999.0000,0.0
564779.000,0.0562,0.8238,0.9115,-9999.0000,-9999.0000,0.0388,-9999.0000,0.1050,0.1965,-9999.0000,0.0
565010.000,0.0538,0.8545,0.9104,-9999.0000,0.0622,0.0894,-9999.0000,0.2066,-9999.0000,-9999.0000,0.0
565241.000,0.0519,0.6606,0.8768,-9999.0000,-9999.0000,0.0488,0.1240,-9999.0000,0.1023,0.0493,0.0
565472.000,0.1053,0.6824,1.0320,0.2232,-9999.0000,0.0392,0.0507,-9999.0000,0.1260,-9999.0000,0.0
565704.000,0.0749,0.5920,0.8432,-9999.0000,-9999.0000,-9999.0000,0.0760,-9999.0000,0.1107,-9999.0000,0.0
565935.000,0.0992,0.6593,0.9047,-9999.0000,-9999.0000,0.0290,0.0763,-9999.0000,-9999.0000,0.0482,0.0
566166.000,0.0463,0.8274,0.8453,-9999.0000,-9999.0000,0.0290,-9999.0000,-9999.0000,0.1706,-9999.0000,0.0
566397.000,0.0667,0.5589,0.9875,-9999.0000,-9999.0000,0.0298,0.0783,-9999.0000,-9999.0000,-9999.0000,0.0
566628.000,-9999.0000,0.7400,0.9342,-9999.0000,0.0782,0.0478,-9999.0000,-9999.0000,0.0990,-9999.0000,0.0
566860.000,0.0523,-9999.0000,0.8980,-9999.0000,-9999.0000,0.0299,0.0877,0.1662,-9999.0000,0.0493,0.0
567091.000,0.0615,0.5433,0.7858,-9999.0000,-9999.0000,0.0389,-9999.0000,0.2540,-9999.0000,-9999.0000,0.0
567322.000,0.0480,0.4865,0.8895,-9999.0000,0.0511,-9999.0000,0.1165,0.0973,-9999.0000,-9999.0000,0.0
567553.000,0.0664,0.5717,0.8712,-9999.0000,-9999.0000,0.0578,-9999.0000,-9999.0000,-9999.0000,-9999.0000,0.0
567784.000,0.0554,0.6755,0.8756,-9999.0000,-9999.0000,-9999.0000,-9999.0000,-9999.0000,0.0968,0.1584,0.0
568016.000,0.0803,0.5613,0.9446,-9999.0000,-9999.0000,0.0385,0.0582,-9999.0000,0.0752,-9999.0000,0.0
568247.000,0.0511,0.4885,0.8103,-9999.0000,-9999.0000,0.0569,0.0575,0.1786,-9999.0000,0.0848,0.0
568478.000,0.0377,0.6626,0.7531,-9999.0000,-9999.0000,0.0676,0.0688,-9999.0000,-9999.0000,-9999.0000,0.0
568709.000,0.0554,0.6811,0.9876,-9999.0000,-9999.0000,-9999.0000,0.1284,0.0967,0.0962,-9999.0000,0.0
568940.000,0.0618,-9999.0000,0.9825,-9999.0000,-9999.0000,0.0296,0.0776,0.1526,0.1126,-9999.0000,0.0
569172.000,0.1049,-9999.0000,0.8873,-9999.0000,-9999.0000,0.1235,-9999.0000,0.0907,-9999.0000,-9999.0000,0.0
569403.000,0.0765,0.6271,1.0638,-9999.0000,-9999.0000,0.1243,-9999.0000,0.1526,-9999.0000,0.1613,0.0
569634.000,0.0716,0.5883,1.0473,-9999.0000,-9999.0000,0.0390,-9999.0000,-9999.0000,0.1004,0.0486,0.0
569865.000,0.0615,-9999.0000,0.8314,-9999.0000,-9999.0000,-9999.0000,-9999.0000,-9999.0000,-9999.0000,-9999.0000,0.0
570096.000,-9999.0000,0.5516,1.0181,-9999.0000,-9999.0000,0.0388,0.1587,0.1003,0.1351,0.0483,0.0
570328.000,0.0628,0.5738,0.8907,-9999.0000,-9999.0000,0.0588,-9999.0000,0.1548,-9999.0000,-9999.0000,0.0
570559.000,0.0752,0.5431,0.8582,-9999.0000,0.0585,0.0287,-9999.0000,-9999.0000,-9999.0000,-9999.0000,0.0
570790.000,0.0335,0.7140,1.0142,-9999.0000,-9999.0000,0.0491,-9999.0000,-9999.0000,-9999.0000,-9999.0000,0.0
571021.000,0.0620,-9999.0000,0.9909,-9999.0000,-9999.0000,0.0296,-9999.0000,-9999.0000,-9999.0000,-9999.0000,0.0
571252.000,0.0675,0.5110,0.7206,0.0892,-9999.0000,0.0300,-9999.0000,-9999.0000,-9999.0000,-9999.0000,0.0
571484.000,0.1195,0.5917,0.9507,-9999.0000,-9999.0000,-9999.0000,-9999.0000,-9999.0000,-9999.0000,-9999.0000,0.0
571715.000,0.0676,0.5692,0.9320,-9999.0000,-9999.0000,0.0300,0.1059,0.1121,0.1374,-9999.0000,0.0
571946.000,0.0818,0.5569,0.9178,-9999.0000,-9999.0000,0.0392,0.0687,-9999.0000,-9999.0000,-9999.0000,0.0
572177.000,0.0724,0.6272,0.8305,-9999.0000,-9999.0000,0.0964,0.0967,-9999.0000,-9999.0000,-9999.0000,0.0
572408.000,0.0876,0.6825,0.8712,-9999.0000,-9999.0000,0.0304,0.0610,0.1233,0.1146,-9999.0000,0.0
572640.000,0.1002,0.5545,1.0134,-9999.0000,-9999.0000,0.0574,-9999.0000,-9999.0000,0.0981,-9999.0000,0.0
572871.000,0.0426,0.5723,1.0789,-9999.0000,-9999.0000,0.0762,-9999.0000,0.1172,-9999.0000,0.0478,0.0
573102.000,0.0725,0.6406,0.8851,-9999.0000,0.0893,0.0300,0.0600,0.1006,-9999.0000,-9999.0000,0.0
573333.000,0.0974,-9999.0000,0.8597,0.1494,-9999.0000,0.0398,-9999.0000,-9999.0000,-9999.0000,-9999.0000,0.0
580180.000,-9999.0000,-9999.0000,-9999.0000,-9999.0000,-9999.0000,-9999.0000,-9999.0000,-9999.0000,-9999.0000,-9999.0000,1.0
580411.000,-9999.0000,-9999.0000,-9999.0000,-9999.0000,-9999.0000,-9999.0000,-9999.0000,-9999.0000,-9999.0000,-9999.0000,1.0
580642.000,-9999.0000,-9999.0000,-9999.0000,-9999.0000,-9999.0000,-9999.0000,-9999.0000,-9999.0000,-9999.0000,-9999.0000,1.0
580873.000,-9999.0000,-9999.0000,-9999.0000,-9999.0000,-9999.0000,-9999.0000,-9999.0000,-9999.0000,-9999.0000,-9999.0000,1.0
581105.000,-9999.0000,-9999.0000,-9999.0000,-9999.0000,-9999.0000,-9999.0000,-9999.0000,-9999.0000,-9999.0000,-9999.0000,1.0
581408.000,-9999.0000,-9999.0000,-9999.0000,-9999.0000,-9999.0000,-9999.0000,-9999.0000,-9999.0000,-9999.0000,-9999.0000,1.0
581640.000,-9999.0000,-9999.0000,-9999.0000,-9999.0000,-9999.0000,-9999.0000,-9999.0000,-9999.0000,-9999.0000,-9999.0000,1.0
581871.000,-9999.0000,-9999.0000,-9999.0000,-9999.0000,-9999.0000,-9999.0000,-9999.0000,-9999.0000,-9999.0000,-9999.0000,1.0
582102.000,-9999.0000,-9999.0000,-9999.0000,-9999.0000,-9999.0000,-9999.0000,-9999.0000,-9999.0000,-9999.0000,-9999.0000,1.0
582333.000,-9999.0000,-9999.0000,-9999.0000,-9999.0000,-9999.0000,-9999.0000,-9999.0000,-9999.0000,-9999.0000,-9999.0000,1.0
582792.000,-9999.0000,-9999.0000,-9999.0000,-9999.0000,-9999.0000,-9999.0000,-9999.0000,-9999.0000,-9999.0000,-9999.0000,1.0
583023.000,-9999.0000,-9999.0000,-9999.0000,-9999.0000,-9999.0000,-9999.0000,-9999.0000,-9999.0000,-9999.0000,-9999.0000,1.0
583254.000,-9999.0000,-9999.0000,-9999.0000,-9999.0000,-9999.0000,-9999.0000,-9999.0000,-9999.0000,-9999.0000,-9999.0000,1.0
583485.000,-9999.0000,-9999.0000,-9999.0000,-9999.0000,-9999.0000,-9999.0000,-9999.0000,-9999.0000,-9999.0000,-9999.0000,1.0
583716.000,-9999.0000,-9999.0000,-9999.0000,-9999.0000,-9999.0000,-9999.0000,-9999.0000,-9999.0000,-9999.0000,-9999.0000,1.0
583948.000,-9999.0000,-9999.0000,-9999.0000,-9999.0000,-9999.0000,-9999.0000,-9999.0000,-9999.0000,-9999.0000,-9999.0000,1.0
584236.000,0.1001,1.5052,1.3343,0.1988,0.1908,0.0841,0.1186,-9999.0000,0.1392,0.0825,0.0
584467.000,0.0604,0.8301,1.0473,0.1728,0.1197,-9999.0000,0.0889,-9999.0000,0.0887,0.0488,0.0
584699.000,0.0347,0.9690,1.0283,0.1077,0.0880,0.0668,0.1122,0.1573,0.1072,-9999.0000,0.0
584930.000,0.1067,1.0782,1.0897,-9999.0000,0.0977,0.1231,0.0854,-9999.0000,0.1548,-9999.0000,0.0
585161.000,0.0929,0.8400,1.2801,-9999.0000,0.0887,0.0298,-9999.0000,-9999.0000,-9999.0000,0.0847,0.0
585392.000,0.0834,0.8463,1.0063,-9999.0000,-9999.0000,0.0487,0.0502,-9999.0000,-9999.0000,0.1593,0.0
585623.000,0.0735,0.9491,1.3675,0.1094,0.0981,0.0579,-9999.0000,0.1285,0.0964,-9999.0000,0.0
585855.000,0.1035,0.9099,1.2501,-9999.0000,0.0799,0.0966,-9999.0000,0.1417,0.1345,-9999.0000,0.0
586086.000,0.0883,0.8024,1.1717,-9999.0000,0.1178,0.0582,0.0775,-9999.0000,-9999.0000,0.1221,0.0
586317.000,0.0697,0.8531,1.2143,-9999.0000,0.0896,0.0304,-9999.0000,-9999.0000,-9999.0000,0.0855,0.0
586548.000,0.0652,0.7970,1.4954,-9999.0000,0.1288,0.0401,-9999.0000,-9999.0000,-9999.0000,-9999.0000,0.0
586779.000,0.1205,0.8464,1.3252,-9999.0000,0.1543,-9999.0000,0.0486,-9999.0000,-9999.0000,-9999.0000,0.0
587011.000,0.0459,0.9175,1.3051,0.3280,0.0901,0.0496,0.1066,-9999.0000,-9999.0000,-9999.0000,0.0
587242.000,0.0834,0.9251,1.2279,-9999.0000,-9999.0000,0.0767,-9999.0000,-9999.0000,0.0962,-9999.0000,0.0
587473.000,0.0602,0.7331,1.4293,-9999.0000,0.1089,0.0398,-9999.0000,0.0901,-9999.0000,-9999.0000,0.0
587704.000,0.0359,0.7600,1.2716,0.0929,0.1087,-9999.0000,0.1054,0.0994,0.1097,0.0478,0.0
587935.000,0.0982,0.8357,1.3352,0.1880,0.0696,0.0300,-9999.0000,0.0977,-9999.0000,-9999.0000,0.0
588167.000,0.0746,0.8054,1.3859,-9999.0000,0.1280,-9999.0000,0.1416,-9999.0000,-9999.0000,0.0851,0.0
588398.000,0.1134,0.7165,1.3178,-9999.0000,0.1282,0.0870,-9999.0000,-9999.0000,-9999.0000,0.0478,0.0
588629.000,0.0983,0.9061,1.2011,0.0919,0.1275,-9999.0000,-9999.0000,-9999.0000,-9999.0000,-9999.0000,0.0
588860.000,0.0931,0.7311,1.2459,0.1101,0.0597,-9999.0000,-9999.0000,0.0960,0.1902,-9999.0000,0.0
589091.000,0.1295,0.8880,1.2918,-9999.0000,0.0908,0.0978,-9999.0000,0.1427,0.1005,0.1242,0.0
589323.000,0.0554,0.6197,1.2148,0.1704,0.0603,-9999.0000,0.0508,-9999.0000,0.1092,0.0476,0.0
589554.000,0.0599,0.7321,1.2939,0.1303,0.1272,0.0675,0.1948,0.1162,-9999.0000,-9999.0000,0.0
589785.000,0.0647,0.8396,1.2793,-9999.0000,0.0792,0.0394,0.0502,-9999.0000,0.0843,0.0472,0.0
590016.000,0.1316,0.7380,1.3199,0.0911,0.0885,0.0392,0.0497,-9999.0000,0.1190,-9999.0000,0.0
590247.000,0.0313,0.6733,1.3922,0.1314,0.1084,0.0584,0.0868,0.1566,-9999.0000,-9999.0000,0.0
590479.000,0.0735,0.9032,1.4434,-9999.0000,0.0972,0.0852,0.0576,-9999.0000,-9999.0000,0.1200,0.0
590710.000,0.0602,0.7541,1.2909,0.1119,-9999.0000,0.0489,0.0595,0.1060,-9999.0000,-9999.0000,0.0
590941.000,0.0927,0.9449,1.3955,-9999.0000,-9999.0000,-9999.0000,-9999.0000,-9999.0000,-9999.0000,0.0463,0.0
591172.000,0.0942,0.6774,1.1585,-9999.0000,0.0989,0.0962,-9999.0000,-9999.0000,0.0968,0.1221,0.0
591462.000,-9999.0000,-9999.0000,-9999.0000,-9999.0000,-9999.0000,-9999.0000,-9999.0000,-9999.0000,-9999.0000,-9999.0000,1.0
591693.000,-9999.0000,-9999.0000,-9999.0000,-9999.0000,-9999.0000,-9999.0000,-9999.0000,-9999.0000,-9999.0000,-9999.0000,1.0
591925.000,-9999.0000,-9999.0000,-9999.0000,-9999.0000,-9999.0000,-9999.0000,-9999.0000,-9999.0000,-9999.0000,-9999.0000,1.0
592156.000,-9999.0000,-9999.0000,-9999.0000,-9999.0000,-9999.0000,-9999.0000,-9999.0000,-9999.0000,-9999.0000,-9999.0000,1.0
592387.000,-9999.0000,-9999.0000,-9999.0000,-9999.0000,-9999.0000,-9999.0000,-9999.0000,-9999.0000,-9999.0000,-9999.0000,1.0
592618.000,-9999.0000,-9999.0000,-9999.0000,-9999.0000,-9999.0000,-9999.0000,-9999.0000,-9999.0000,-9999.0000,-9999.0000,1.0
592849.000,-9999.0000,-9999.0000,-9999.0000,-9999.0000,-9999.0000,-9999.0000,-9999.0000,-9999.0000,-9999.0000,-9999.0000,1.0
593081.000,-9999.0000,-9999.0000,-9999.0000,-9999.0000,-9999.0000,-9999.0000,-9999.0000,-9999.0000,-9999.0000,-9999.0000,1.0
593312.000,-9999.0000,-9999.0000,-9999.0000,-9999.0000,-9999.0000,-9999.0000,-9999.0000,-9999.0000,-9999.0000,-9999.0000,1.0
593604.000,0.0660,0.8726,1.0828,-9999.0000,0.0511,0.0590,-9999.0000,-9999.0000,-9999.0000,0.1973,0.0
593835.000,0.0612,0.6602,1.1876,-9999.0000,0.0607,0.0872,-9999.0000,-9999.0000,0.0854,-9999.0000,0.0
594066.000,0.0805,-9999.0000,0.9366,-9999.0000,-9999.0000,0.0306,-9999.0000,-9999.0000,-9999.0000,-9999.0000,0.0
594297.000,0.1010,0.7761,1.1442,-9999.0000,-9999.0000,0.0789,0.0803,-9999.0000,-9999.0000,-9999.0000,0.0
594528.000,0.1116,0.6938,1.0403,0.1396,0.0525,0.0604,-9999.0000,0.1310,-9999.0000,0.0869,0.0
594760.000,0.1096,0.5002,1.1375,0.1537,0.1188,-9999.0000,0.0695,-9999.0000,0.0853,0.0476,0.0
594991.000,0.1259,-9999.0000,1.0212,-9999.0000,-9999.0000,0.0506,0.1726,-9999.0000,0.1003,0.1243,0.0
595222.000,0.0814,-9999.0000,1.0045,-9999.0000,0.0711,0.0406,-9999.0000,-9999.0000,-9999.0000,0.1234,0.0
595453.000,0.0662,0.5626,1.1013,-9999.0000,-9999.0000,0.0306,0.0694,-9999.0000,-9999.0000,0.0474,0.0
595684.000,0.0962,0.5798,1.1114,-9999.0000,-9999.0000,0.0502,-9999.0000,-9999.0000,0.1109,0.0482,0.0
595916.000,0.0723,0.5296,1.0906,0.1580,-9999.0000,0.0315,-9999.0000,-9999.0000,-9999.0000,-9999.0000,0.0
596147.000,0.0865,-9999.0000,1.1111,-9999.0000,-9999.0000,0.0597,0.0982,0.1168,-9999.0000,-9999.0000,0.0
596378.000,0.0665,-9999.0000,0.9377,-9999.0000,-9999.0000,0.0497,-9999.0000,-9999.0000,0.0852,0.1224,0.0
596609.000,0.0867,-9999.0000,1.0566,-9999.0000,-9999.0000,0.0503,0.0710,0.1067,-9999.0000,0.0859,0.0
596840.000,0.0330,0.6121,1.0614,-9999.0000,-9999.0000,0.0878,0.1158,0.0949,-9999.0000,-9999.0000,0.0
597072.000,0.0769,0.5730,0.9639,-9999.0000,-9999.0000,0.0502,-9999.0000,-9999.0000,-9999.0000,-9999.0000,0.0
597303.000,0.0716,-9999.0000,1.1344,-9999.0000,-9999.0000,0.0403,-9999.0000,-9999.0000,-9999.0000,-9999.0000,0.0
597534.000,0.0919,0.4910,0.9725,-9999.0000,-9999.0000,0.0695,-9999.0000,-9999.0000,-9999.0000,-9999.0000,0.0
597765.000,0.1052,0.7286,1.0914,-9999.0000,-9999.0000,-9999.0000,-9999.0000,-9999.0000,-9999.0000,-9999.0000,0.0
597996.000,0.0530,0.5139,0.9273,-9999.0000,-9999.0000,0.0981,-9999.0000,-9999.0000,0.0873,0.1615,0.0
598228.000,0.0379,0.5852,1.0535,-9999.0000,-9999.0000,0.0592,0.0699,-9999.0000,0.0970,-9999.0000,0.0
598459.000,0.0588,0.5136,0.9988,-9999.0000,-9999.0000,0.0322,-9999.0000,-9999.0000,0.0896,-9999.0000,0.0
598690.000,0.0860,0.5079,1.0858,-9999.0000,-9999.0000,0.0402,0.0514,0.1521,-9999.0000,-9999.0000,0.0
598921.000,0.0781,-9999.0000,1.1623,-9999.0000,-9999.0000,-9999.0000,-9999.0000,-9999.0000,-9999.0000,-9999.0000,0.0
599153.000,0.0580,0.5682,1.0318,-9999.0000,0.0520,0.0599,-9999.0000,0.0950,-9999.0000,-9999.0000,0.0
599384.000,0.0961,-9999.0000,1.1189,-9999.0000,-9999.0000,0.0687,-9999.0000,0.1025,-9999.0000,-9999.0000,0.0
599615.000,0.0858,-9999.0000,1.1916,-9999.0000,-9999.0000,0.0681,0.0781,-9999.0000,0.0954,-9999.0000,0.0
599846.000,0.0911,0.6123,1.1013,0.1551,-9999.0000,-9999.0000,0.0515,-9999.0000,-9999.0000,-9999.0000,0.0
600077.000,0.0576,0.6100,1.1401,-9999.0000,0.0806,0.0594,-9999.0000,0.2227,-9999.0000,-9999.0000,0.0
600309.000,0.0343,0.6409,1.2326,0.1610,-9999.0000,-9999.0000,-9999.0000,-9999.0000,0.1124,0.0866,0.0
600540.000,0.0862,-9999.0000,1.3043,-9999.0000,-9999.0000,-9999.0000,-9999.0000,-9999.0000,-9999.0000,0.0844,0.0
600771.000,0.0612,0.4949,1.2398,-9999.0000,-9999.0000,0.0580,-9999.0000,-9999.0000,-9999.0000,-9999.0000,0.0
601002.000,0.0623,-9999.0000,1.3052,0.0972,-9999.0000,0.0779,-9999.0000,-9999.0000,0.0959,0.0471,0.0
601233.000,0.0621,0.6691,1.2879,-9999.0000,0.0511,-9999.0000,-9999.0000,0.1994,-9999.0000,0.1215,0.0
601465.000,0.0904,0.5638,1.1956,-9999.0000,0.0698,-9999.0000,-9999.0000,-9999.0000,-9999.0000,-9999.0000,0.0
601696.000,0.0730,0.6254,1.3498,-9999.0000,-9999.0000,0.0316,0.0804,-9999.0000,-9999.0000,-9999.0000,0.0
601927.000,0.0473,0.5481,1.2185,-9999.0000,-9999.0000,0.0676,-9999.0000,-9999.0000,0.1525,-9999.0000,0.0
602158.000,0.0732,0.7044,1.2202,-9999.0000,-9999.0000,0.0507,0.0989,-9999.0000,0.0747,0.0858,0.0
602389.000,0.0524,0.6951,1.1934,-9999.0000,-9999.0000,-9999.0000,0.0868,-9999.0000,-9999.0000,0.0466,0.0
602621.000,0.0783,0.5415,1.4907,-9999.0000,0.1012,0.0508,0.0993,-9999.0000,0.1351,0.0860,0.0
602852.000,0.0570,-9999.0000,1.2627,-9999.0000,0.0792,0.0489,-9999.0000,0.1852,-9999.0000,0.0832,0.0
603083.000,0.0722,0.5792,1.2939,-9999.0000,-9999.0000,-9999.0000,-9999.0000,-9999.0000,0.1429,-9999.0000,0.0
603314.000,0.0945,-9999.0000,1.1794,-9999.0000,-9999.0000,-9999.0000,-9999.0000,-9999.0000,0.0915,-9999.0000,0.0
603545.000,0.0725,-9999.0000,1.2672,-9999.0000,-9999.0000,-9999.0000,-9999.0000,-9999.0000,-9999.0000,0.1593,0.0
603777.000,0.0684,-9999.0000,1.2175,-9999.0000,-9999.0000,0.0790,-9999.0000,-9999.0000,-9999.0000,0.0855,0.0
604008.000,0.0770,0.6102,1.2724,-9999.0000,0.0512,0.0402,0.0874,-9999.0000,-9999.0000,0.0468,0.0
604239.000,0.0291,0.6487,1.2504,-9999.0000,0.0899,-9999.0000,0.0697,-9999.0000,-9999.0000,-9999.0000,0.0
604470.000,0.0338,0.5657,1.3466,-9999.0000,0.0608,-9999.0000,0.0693,-9999.0000,-9999.0000,0.1212,0.0
604701.000,0.1430,0.6052,1.3438,-9999.0000,0.0886,-9999.0000,-9999.0000,-9999.0000,-9999.0000,-9999.0000,0.0
604933.000,0.0529,0.7045,1.3835,-9999.0000,-9999.0000,-9999.0000,0.0509,-9999.0000,-9999.0000,-9999.0000,0.0
605164.000,0.0958,0.6627,1.2148,-9999.0000,-9999.0000,0.0585,-9999.0000,-9999.0000,0.1051,-9999.0000,0.0
605395.000,0.0779,0.5784,1.2760,-9999.0000,-9999.0000,-9999.0000,-9999.0000,0.1390,0.1083,0.0848,0.0
605626.000,0.0779,0.6130,1.1248,0.1193,-9999.0000,-9999.0000,0.0613,-9999.0000,-9999.0000,0.0847,0.0
605857.000,0.0583,-9999.0000,1.4256,-9999.0000,0.0707,0.0499,0.0970,-9999.0000,0.1428,0.0843,0.0
606089.000,0.0769,0.6255,1.2912,0.1162,-9999.0000,-9999.0000,0.0777,-9999.0000,-9999.0000,-9999.0000,0.0
606320.000,0.0923,0.5541,1.2183,-9999.0000,-9999.0000,-9999.0000,-9999.0000,-9999.0000,-9999.0000,-9999.0000,0.0
606551.000,0.0666,0.5444,1.1206,-9999.0000,-9999.0000,0.0857,-9999.0000,0.0912,-9999.0000,-9999.0000,0.0
606782.000,0.0715,0.5814,1.1323,-9999.0000,-9999.0000,0.0301,0.0674,-9999.0000,-9999.0000,-9999.0000,0.0
607013.000,0.0797,0.5828,1.3069,-9999.0000,-9999.0000,0.0611,0.0822,-9999.0000,-9999.0000,0.0866,0.0
607245.000,0.0915,-9999.0000,1.3008,-9999.0000,0.0892,0.0587,-9999.0000,-9999.0000,-9999.0000,0.0462,0.0
607476.000,0.1016,0.5065,1.3066,0.1758,0.0801,0.0309,-9999.0000,-9999.0000,-9999.0000,-9999.0000,0.0
607707.000,0.1008,0.8645,1.1228,-9999.0000,-9999.0000,0.0397,-9999.0000,-9999.0000,-9999.0000,-9999.0000,0.0
607938.000,0.1201,0.5259,1.3429,-9999.0000,-9999.0000,0.0866,0.0774,-9999.0000,0.0928,0.0460,0.0
608169.000,0.1294,0.5582,1.2958,-9999.0000,-9999.0000,-9999.0000,-9999.0000,-9999.0000,-9999.0000,-9999.0000,0.0
608401.000,0.0547,0.7395,1.4605,0.1029,0.0719,0.0318,0.0533,0.1594,-9999.0000,-9999.0000,0.0
608632.000,0.0945,0.6113,1.4319,-9999.0000,0.1216,0.0324,-9999.0000,-9999.0000,0.0996,0.0485,0.0
608863.000,0.0973,0.4862,1.2144,-9999.0000,-9999.0000,-9999.0000,-9999.0000,-9999.0000,0.0947,0.1213,0.0
609094.000,0.0776,0.6284,1.1985,-9999.0000,-9999.0000,0.0777,0.1322,-9999.0000,-9999.0000,-9999.0000,0.0
609325.000,0.0680,0.5733,1.1285,-9999.0000,0.0799,0.0964,-9999.0000,-9999.0000,-9999.0000,-9999.0000,0.0
609557.000,0.0971,0.4925,1.2765,-9999.0000,0.0513,0.0873,0.0514,-9999.0000,0.0822,0.1210,0.0
609788.000,0.0625,0.6229,1.3788,0.0958,-9999.0000,-9999.0000,-9999.0000,-9999.0000,0.0793,0.0454,0.0
610019.000,0.0584,0.6766,1.3310,-9999.0000,-9999.0000,-9999.0000,-9999.0000,-9999.0000,-9999.0000,0.0833,0.0
610250.000,0.0814,0.6655,1.2576,-9999.0000,-9999.0000,0.0579,-9999.0000,-9999.0000,-9999.0000,-9999.0000,0.0
610481.000,0.0940,0.6062,1.4420,0.1234,0.0818,-9999.0000,0.0993,-9999.0000,-9999.0000,0.0478,0.0
610713.000,0.0788,0.6789,1.4515,-9999.0000,-9999.0000,-9999.0000,0.0525,-9999.0000,-9999.0000,0.0845,0.0
610944.000,0.0936,0.5188,1.3344,-9999.0000,0.0813,0.0790,0.0528,-9999.0000,-9999.0000,-9999.0000,0.0
611175.000,0.1160,0.5097,1.5186,-9999.0000,0.0797,0.0494,0.1048,-9999.0000,0.0927,-9999.0000,0.0
611406.000,0.0670,0.5611,1.3757,-9999.0000,-9999.0000,0.0484,-9999.0000,-9999.0000,-9999.0000,0.0448,0.0
611637.000,0.0863,0.6001,1.3947,-9999.0000,-9999.0000,0.0301,-9999.0000,-9999.0000,0.1838,-9999.0000,0.0
611869.000,0.1207,0.8151,1.4917,-9999.0000,-9999.0000,-9999.0000,0.1405,-9999.0000,-9999.0000,0.1199,0.0
612100.000,0.1234,0.6896,1.3499,-9999.0000,0.1012,0.0320,-9999.0000,-9999.0000,-9999.0000,-9999.0000,0.0
612331.000,0.1424,0.6606,1.3916,-9999.0000,-9999.0000,0.0792,0.0805,-9999.0000,-9999.0000,0.0849,0.0
612562.000,0.1168,0.6121,1.3454,-9999.0000,-9999.0000,0.0592,0.0605,-9999.0000,-9999.0000,-9999.0000,0.0
612793.000,0.1166,0.7109,1.2787,-9999.0000,0.0801,-9999.0000,-9999.0000,-9999.0000,-9999.0000,-9999.0000,0.0
613025.000,0.0825,-9999.0000,1.4190,-9999.0000,0.0890,0.0679,-9999.0000,-9999.0000,0.0798,-9999.0000,0.0
613256.000,0.0935,-9999.0000,1.4130,-9999.0000,-9999.0000,0.0692,0.0886,-9999.0000,-9999.0000,-9999.0000,0.0
613487.000,0.0978,0.5978,1.2716,-9999.0000,0.0804,0.0499,0.0516,-9999.0000,-9999.0000,-9999.0000,0.0
613718.000,0.1210,-9999.0000,1.3669,-9999.0000,0.1466,0.0681,0.0776,-9999.0000,-9999.0000,0.0828,0.0
613949.000,0.0738,0.5707,1.3601,-9999.0000,0.0707,-9999.0000,-9999.0000,0.1503,-9999.0000,0.0834,0.0
614181.000,0.1068,-9999.0000,1.3626,-9999.0000,0.0989,0.0494,0.0597,-9999.0000,0.0920,0.0458,0.0
614412.000,0.1208,0.5156,1.5569,-9999.0000,-9999.0000,0.0492,-9999.0000,-9999.0000,-9999.0000,0.0825,0.0
614643.000,0.1014,0.5875,1.2904,-9999.0000,-9999.0000,0.0304,0.1126,-9999.0000,-9999.0000,-9999.0000,0.0
614874.000,0.1222,0.8404,1.4430,-9999.0000,0.0902,0.0313,-9999.0000,0.0906,0.1768,-9999.0000,0.0
615105.000,0.0836,0.5486,1.3403,-9999.0000,0.0611,0.0312,-9999.0000,0.0998,0.1169,-9999.0000,0.0
615337.000,0.1128,0.7021,1.2495,0.1020,0.0710,0.0314,-9999.0000,-9999.0000,0.1177,0.0465,0.0
615568.000,0.0888,0.5221,1.2352,-9999.0000,-9999.0000,-9999.0000,0.1336,0.1706,-9999.0000,0.0465,0.0
615799.000,0.0995,0.5942,1.3069,-9999.0000,0.0720,0.0889,0.1264,-9999.0000,-9999.0000,-9999.0000,0.0
616030.000,0.0602,-9999.0000,1.2724,-9999.0000,0.0520,0.0410,-9999.0000,-9999.0000,-9999.0000,0.1587,0.0
616261.000,0.0692,0.5598,1.4126,-9999.0000,-9999.0000,0.0405,-9999.0000,-9999.0000,0.0926,-9999.0000,0.0
616493.000,0.0833,0.5659,1.2291,0.1192,-9999.0000,0.0589,0.0599,0.1169,-9999.0000,0.0457,0.0
616724.000,0.0505,0.5226,1.3491,-9999.0000,-9999.0000,0.0596,0.0792,0.1096,-9999.0000,0.1209,0.0
616955.000,0.0364,0.6732,1.3958,-9999.0000,0.0522,-9999.0000,-9999.0000,0.1312,-9999.0000,-9999.0000,0.0
617186.000,0.0747,0.6849,1.2659,-9999.0000,0.1098,0.0692,0.0704,0.1098,0.1771,-9999.0000,0.0
617417.000,0.0992,0.5928,1.1949,-9999.0000,0.0522,-9999.0000,-9999.0000,-9999.0000,-9999.0000,0.0842,0.0
617649.000,0.1343,0.6665,1.2521,-9999.0000,-9999.0000,0.0514,-9999.0000,-9999.0000,-9999.0000,-9999.0000,0.0
617880.000,0.0892,-9999.0000,1.5794,-9999.0000,0.0808,0.0315,0.0702,-9999.0000,0.0936,-9999.0000,0.0
618111.000,0.1040,-9999.0000,1.3287,-9999.0000,-9999.0000,0.0694,-9999.0000,-9999.0000,-9999.0000,0.1214,0.0
618342.000,0.0747,0.5146,1.2474,0.1026,0.0614,0.0314,-9999.0000,-9999.0000,-9999.0000,0.0462,0.0
618573.000,0.0696,-9999.0000,1.2822,-9999.0000,-9999.0000,0.0312,-9999.0000,-9999.0000,0.1040,-9999.0000,0.0
618805.000,0.1271,-9999.0000,1.4764,-9999.0000,-9999.0000,0.0312,-9999.0000,-9999.0000,0.0922,-9999.0000,0.0
619036.000,0.0993,-9999.0000,1.5131,-9999.0000,-9999.0000,0.0506,0.1070,0.1391,0.1417,-9999.0000,0.0
619267.000,0.0463,-9999.0000,1.3526,-9999.0000,-9999.0000,0.0317,0.0797,-9999.0000,-9999.0000,-9999.0000,0.0
619498.000,0.0550,-9999.0000,1.2955,-9999.0000,0.0893,0.0309,0.0597,-9999.0000,0.1026,-9999.0000,0.0
619729.000,0.0809,-9999.0000,1.4557,-9999.0000,-9999.0000,0.0703,-9999.0000,0.0916,-9999.0000,-9999.0000,0.0
619961.000,0.1082,-9999.0000,1.1191,-9999.0000,0.0804,-9999.0000,0.0966,-9999.0000,-9999.0000,-9999.0000,0.0
620192.000,0.1004,0.4887,1.2580,-9999.0000,-9999.0000,-9999.0000,-9999.0000,0.1212,0.1557,-9999.0000,0.0
620423.000,0.1168,0.5024,1.1634,-9999.0000,0.0604,-9999.0000,0.0503,-9999.0000,-9999.0000,-9999.0000,0.0
620654.000,0.1136,0.5193,1.3735,-9999.0000,-9999.0000,0.0973,-9999.0000,-9999.0000,-9999.0000,0.0835,0.0
620885.000,0.0789,0.5314,1.2039,-9999.0000,-9999.0000,-9999.0000,0.0863,-9999.0000,0.1019,-9999.0000,0.0
621117.000,0.0986,-9999.0000,1.3803,0.1021,-9999.0000,0.0593,-9999.0000,-9999.0000,0.1034,0.0827,0.0
621348.000,0.0874,-9999.0000,1.2156,-9999.0000,-9999.0000,-9999.0000,0.0757,-9999.0000,-9999.0000,0.0442,0.0
621579.000,0.0714,-9999.0000,1.1316,-9999.0000,0.0917,0.0323,-9999.0000,-9999.0000,-9999.0000,-9999.0000,0.0
621810.000,0.0764,0.5862,1.1427,0.1659,0.0821,-9999.0000,-9999.0000,-9999.0000,0.1198,0.0472,0.0
622041.000,0.1038,-9999.0000,1.2439,-9999.0000,-9999.0000,0.0501,0.0517,-9999.0000,-9999.0000,-9999.0000,0.0
622273.000,0.1285,-9999.0000,1.1808,-9999.0000,0.0811,0.0412,0.1159,-9999.0000,0.1883,-9999.0000,0.0
622504.000,0.0917,-9999.0000,1.1239,-9999.0000,0.0730,-9999.0000,-9999.0000,-9999.0000,-9999.0000,0.0477,0.0
622735.000,0.0725,-9999.0000,1.1173,-9999.0000,0.0537,-9999.0000,-9999.0000,-9999.0000,0.0857,-9999.0000,0.0
622966.000,0.0804,-9999.0000,1.1893,-9999.0000,-9999.0000,0.0317,0.1066,-9999.0000,0.1048,-9999.0000,0.0
623197.000,0.0627,-9999.0000,1.1516,0.1102,-9999.0000,-9999.0000,-9999.0000,-9999.0000,-9999.0000,-9999.0000,0.0
623429.000,0.1352,-9999.0000,1.0491,-9999.0000,0.0727,0.0516,0.0999,-9999.0000,-9999.0000,-9999.0000,0.0
623660.000,0.0670,-9999.0000,0.9865,-9999.0000,0.0531,0.0325,0.0722,-9999.0000,0.1195,0.1599,0.0
623891.000,0.0429,-9999.0000,1.0379,-9999.0000,-9999.0000,-9999.0000,0.0632,-9999.0000,0.1197,-9999.0000,0.0
624122.000,0.0764,-9999.0000,1.1480,-9999.0000,-9999.0000,0.0511,0.0534,-9999.0000,-9999.0000,0.1217,0.0
624353.000,0.0663,-9999.0000,1.0659,-9999.0000,-9999.0000,0.0319,0.0797,0.1450,0.1287,-9999.0000,0.0
624585.000,0.0436,-9999.0000,1.0742,0.2097,0.0540,0.1002,-9999.0000,-9999.0000,-9999.0000,-9999.0000,0.0
624816.000,0.0681,-9999.0000,1.0234,-9999.0000,-9999.0000,0.0906,0.1200,-9999.0000,-9999.0000,0.0859,0.0
625047.000,0.1214,-9999.0000,0.9782,-9999.0000,-9999.0000,0.0902,0.0825,0.2114,-9999.0000,-9999.0000,0.0
625278.000,0.1126,-9999.0000,0.9915,-9999.0000,-9999.0000,0.0335,0.1022,-9999.0000,0.0747,-9999.0000,0.0
625509.000,0.0481,-9999.0000,0.8988,-9999.0000,-9999.0000,-9999.0000,0.0728,-9999.0000,0.0841,0.0473,0.0
625741.000,0.1127,0.4886,0.9968,-9999.0000,-9999.0000,-9999.0000,0.1115,-9999.0000,-9999.0000,0.0483,0.0
625972.000,0.0930,-9999.0000,0.9599,-9999.0000,-9999.0000,0.0622,-9999.0000,0.1730,-9999.0000,0.0482,0.0
626203.000,0.0338,-9999.0000,1.0737,-9999.0000,0.0537,0.0711,-9999.0000,-9999.0000,0.1808,-9999.0000,0.0
626434.000,0.1058,-9999.0000,0.7661,-9999.0000,-9999.0000,0.0890,-9999.0000,-9999.0000,-9999.0000,-9999.0000,0.0
626665.000,0.0745,-9999.0000,0.9194,-9999.0000,0.0948,0.0825,-9999.0000,0.1152,-9999.0000,-9999.0000,0.0
626897.000,0.0490,-9999.0000,1.0966,-9999.0000,-9999.0000,0.0335,-9999.0000,-9999.0000,-9999.0000,-9999.0000,0.0
627128.000,0.0893,-9999.0000,0.9343,-9999.0000,0.0651,0.0728,0.0853,-9999.0000,-9999.0000,-9999.0000,0.0
627359.000,0.0927,-9999.0000,0.8829,-9999.0000,-9999.0000,0.0903,0.1011,-9999.0000,-9999.0000,-9999.0000,0.0
627590.000,0.0588,-9999.0000,0.9111,-9999.0000,-9999.0000,-9999.0000,0.0832,-9999.0000,0.1217,-9999.0000,0.0
627822.000,0.0783,-9999.0000,0.9153,-9999.0000,-9999.0000,-9999.0000,-9999.0000,-9999.0000,-9999.0000,0.0856,0.0
628053.000,0.0639,-9999.0000,0.9734,-9999.0000,-9999.0000,0.0335,0.0927,-9999.0000,-9999.0000,-9999.0000,0.0
628284.000,0.1271,-9999.0000,0.9140,-9999.0000,0.0539,0.0714,-9999.0000,-9999.0000,-9999.0000,0.0476,0.0
628515.000,0.0442,-9999.0000,0.8744,-9999.0000,-9999.0000,0.0715,0.1198,-9999.0000,0.0851,0.1234,0.0
628746.000,0.1149,-9999.0000,0.8882,0.0983,-9999.0000,-9999.0000,-9999.0000,-9999.0000,-9999.0000,-9999.0000,0.0
628978.000,0.0543,-9999.0000,1.0303,-9999.0000,-9999.0000,-9999.0000,0.0652,0.1097,-9999.0000,-9999.0000,0.0
629209.000,0.0651,-9999.0000,0.9877,-9999.0000,-9999.0000,0.0344,0.1044,-9999.0000,-9999.0000,0.0491,0.0
629440.000,0.0308,-9999.0000,0.9512,-9999.0000,-9999.0000,0.0347,0.0492,-9999.0000,-9999.0000,0.0880,0.0
629671.000,0.0899,-9999.0000,0.9824,-9999.0000,-9999.0000,0.0344,-9999.0000,0.1342,-9999.0000,-9999.0000,0.0
629902.000,0.0783,-9999.0000,0.9669,-9999.0000,-9999.0000,0.0522,-9999.0000,-9999.0000,-9999.0000,-9999.0000,0.0
630134.000,0.0694,-9999.0000,0.9769,-9999.0000,-9999.0000,-9999.0000,-9999.0000,-9999.0000,-9999.0000,0.0862,0.0
630365.000,0.0497,-9999.0000,0.9143,-9999.0000,-9999.0000,0.0528,0.0654,0.1600,-9999.0000,-9999.0000,0.0
630596.000,0.0845,-9999.0000,1.0821,-9999.0000,0.0647,0.0436,0.0938,-9999.0000,-9999.0000,-9999.0000,0.0
630827.000,0.0737,-9999.0000,0.8722,-9999.0000,-9999.0000,-9999.0000,0.0736,0.1368,-9999.0000,-9999.0000,0.0
631058.000,0.0661,-9999.0000,0.9702,-9999.0000,-9999.0000,-9999.0000,0.1340,0.0949,-9999.0000,-9999.0000,0.0
631290.000,0.0597,-9999.0000,0.8333,-9999.0000,0.0644,0.0433,-9999.0000,-9999.0000,-9999.0000,0.0860,0.0
631521.000,0.0948,-9999.0000,0.9425,-9999.0000,-9999.0000,0.0824,0.0666,-9999.0000,-9999.0000,-9999.0000,0.0
631752.000,0.0400,-9999.0000,0.8050,-9999.0000,-9999.0000,0.0718,-9999.0000,0.1986,-9999.0000,-9999.0000,0.0
631983.000,0.0752,-9999.0000,0.8966,-9999.0000,-9999.0000,-9999.0000,0.0481,0.2029,0.0754,0.0487,0.0
632214.000,0.0706,-9999.0000,0.8998,-9999.0000,-9999.0000,-9999.0000,0.1416,-9999.0000,-9999.0000,-9999.0000,0.0
632446.000,0.0503,-9999.0000,0.9178,0.1161,-9999.0000,0.0532,-9999.0000,0.1803,0.0986,0.1244,0.0
632677.000,0.1044,-9999.0000,0.9795,-9999.0000,-9999.0000,0.0821,-9999.0000,-9999.0000,-9999.0000,0.1244,0.0
632908.000,0.0751,-9999.0000,0.8273,-9999.0000,-9999.0000,-9999.0000,-9999.0000,-9999.0000,0.0989,-9999.0000,0.0
633139.000,0.0654,-9999.0000,0.7876,-9999.0000,-9999.0000,-9999.0000,0.0850,-9999.0000,-9999.0000,-9999.0000,0.0
633370.000,0.0762,-9999.0000,0.8698,-9999.0000,-9999.0000,0.0350,0.1149,-9999.0000,-9999.0000,0.0494,0.0
633602.000,0.0609,-9999.0000,0.8581,-9999.0000,-9999.0000,0.0635,0.0950,-9999.0000,-9999.0000,0.1253,0.0
633833.000,0.0763,-9999.0000,0.8180,-9999.0000,-9999.0000,0.0544,0.0682,-9999.0000,-9999.0000,-9999.0000,0.0
634064.000,0.0465,-9999.0000,0.8015,-9999.0000,-9999.0000,-9999.0000,0.1053,0.1225,-9999.0000,-9999.0000,0.0
634295.000,0.0804,-9999.0000,0.8758,-9999.0000,0.1046,-9999.0000,-9999.0000,-9999.0000,-9999.0000,0.0485,0.0
634526.000,0.0751,-9999.0000,0.7791,-9999.0000,-9999.0000,0.0628,-9999.0000,-9999.0000,-9999.0000,0.0861,0.0
634758.000,0.0424,-9999.0000,0.6829,-9999.0000,-9999.0000,-9999.0000,-9999.0000,0.1578,0.2033,-9999.0000,0.0
634989.000,0.0815,-9999.0000,0.8291,-9999.0000,-9999.0000,0.0351,0.0683,-9999.0000,-9999.0000,0.1264,0.0
635220.000,0.0873,-9999.0000,0.9257,-9999.0000,-9999.0000,-9999.0000,-9999.0000,-9999.0000,-9999.0000,-9999.0000,0.0
635451.000,0.0759,-9999.0000,0.9096,-9999.0000,-9999.0000,0.0346,0.1137,-9999.0000,-9999.0000,-9999.0000,0.0
635682.000,0.0648,-9999.0000,0.8435,-9999.0000,-9999.0000,0.0717,0.1292,-9999.0000,0.1201,0.0851,0.0
635914.000,0.0850,-9999.0000,0.8661,-9999.0000,-9999.0000,0.0341,-9999.0000,-9999.0000,-9999.0000,-9999.0000,0.0
636145.000,0.0705,-9999.0000,0.8738,-9999.0000,-9999.0000,0.0727,0.0480,-9999.0000,-9999.0000,-9999.0000,0.0
636376.000,0.0612,-9999.0000,0.8132,-9999.0000,-9999.0000,0.0540,0.0582,-9999.0000,-9999.0000,0.1254,0.0
636607.000,0.0649,-9999.0000,0.8250,-9999.0000,-9999.0000,0.0337,-9999.0000,-9999.0000,-9999.0000,-9999.0000,0.0
636838.000,0.0403,-9999.0000,0.9275,-9999.0000,0.0736,0.0525,-9999.0000,-9999.0000,0.0834,-9999.0000,0.0
637070.000,0.0908,-9999.0000,0.7973,-9999.0000,-9999.0000,0.0347,-9999.0000,-9999.0000,-9999.0000,-9999.0000,0.0
637301.000,0.0854,-9999.0000,0.8908,-9999.0000,-9999.0000,0.0826,0.0761,-9999.0000,0.0745,0.0484,0.0
637532.000,0.0515,-9999.0000,0.8473,-9999.0000,-9999.0000,-9999.0000,-9999.0000,-9999.0000,-9999.0000,-9999.0000,0.0
637763.000,0.0616,-9999.0000,0.8543,-9999.0000,-9999.0000,-9999.0000,-9999.0000,-9999.0000,0.1257,-9999.0000,0.0
637994.000,0.0860,-9999.0000,0.8037,-9999.0000,-9999.0000,0.0638,0.0770,-9999.0000,-9999.0000,0.0488,0.0
638226.000,0.0422,-9999.0000,0.8086,-9999.0000,-9999.0000,0.0551,-9999.0000,-9999.0000,-9999.0000,0.0884,0.0
638457.000,0.0757,-9999.0000,0.7539,-9999.0000,-9999.0000,0.0827,-9999.0000,-9999.0000,-9999.0000,0.0866,0.0
638688.000,0.0721,-9999.0000,0.7885,-9999.0000,-9999.0000,0.0454,0.0601,-9999.0000,-9999.0000,-9999.0000,0.0
638919.000,0.0716,-9999.0000,0.8760,-9999.0000,-9999.0000,0.0741,0.0592,-9999.0000,-9999.0000,-9999.0000,0.0
639150.000,0.0614,-9999.0000,0.8256,-9999.0000,-9999.0000,0.0543,0.0586,-9999.0000,0.0759,0.0872,0.0
639382.000,0.0667,-9999.0000,0.8299,-9999.0000,-9999.0000,0.0353,0.0593,-9999.0000,-9999.0000,-9999.0000,0.0
639613.000,0.0658,-9999.0000,0.6309,-9999.0000,-9999.0000,0.0635,0.1412,-9999.0000,-9999.0000,-9999.0000,0.0
639844.000,0.0763,-9999.0000,0.7388,-9999.0000,-9999.0000,0.0351,0.0774,-9999.0000,0.0881,-9999.0000,0.0
640075.000,0.0468,-9999.0000,0.8493,0.1625,-9999.0000,0.0353,-9999.0000,-9999.0000,-9999.0000,-9999.0000,0.0
640306.000,0.0941,-9999.0000,0.6665,-9999.0000,-9999.0000,0.0624,-9999.0000,-9999.0000,-9999.0000,0.1605,0.0
640538.000,0.0976,-9999.0000,0.7618,-9999.0000,-9999.0000,0.0655,0.2588,-9999.0000,-9999.0000,-9999.0000,0.0
640769.000,0.0669,-9999.0000,0.8477,-9999.0000,-9999.0000,0.0647,0.1440,-9999.0000,-9999.0000,-9999.0000,0.0
641000.000,0.0415,-9999.0000,0.6960,-9999.0000,-9999.0000,0.0833,0.1050,-9999.0000,-9999.0000,0.0487,0.0
641231.000,0.0582,-9999.0000,0.8841,-9999.0000,-9999.0000,0.0761,-9999.0000,-9999.0000,-9999.0000,-9999.0000,0.0
641462.000,0.1017,-9999.0000,0.7904,-9999.0000,-9999.0000,0.0355,0.0784,0.1035,-9999.0000,-9999.0000,0.0
641694.000,0.0560,-9999.0000,0.6516,-9999.0000,-9999.0000,0.0347,0.1228,-9999.0000,-9999.0000,-9999.0000,0.0
641925.000,0.0980,-9999.0000,0.6917,-9999.0000,-9999.0000,0.0756,-9999.0000,-9999.0000,-9999.0000,-9999.0000,0.0
642156.000,0.0822,-9999.0000,0.8622,-9999.0000,-9999.0000,-9999.0000,-9999.0000,-9999.0000,-9999.0000,-9999.0000,0.0
642387.000,0.0417,-9999.0000,0.7863,-9999.0000,-9999.0000,-9999.0000,0.0684,0.0917,0.1248,-9999.0000,0.0
642618.000,0.0372,-9999.0000,0.6071,-9999.0000,-9999.0000,0.0748,0.0790,-9999.0000,-9999.0000,-9999.0000,0.0
642850.000,0.0371,-9999.0000,0.7609,-9999.0000,-9999.0000,0.0649,0.0787,-9999.0000,-9999.0000,-9999.0000,0.0
643081.000,0.0568,-9999.0000,0.7883,-9999.0000,-9999.0000,0.0355,0.0594,-9999.0000,-9999.0000,0.0491,0.0
643312.000,0.0726,-9999.0000,0.6627,-9999.0000,-9999.0000,0.0655,0.0892,-9999.0000,-9999.0000,-9999.0000,0.0
643543.000,0.0769,-9999.0000,0.7445,-9999.0000,-9999.0000,0.0551,-9999.0000,-9999.0000,0.1015,-9999.0000,0.0
643774.000,0.1021,-9999.0000,0.6750,-9999.0000,-9999.0000,0.0457,0.0510,-9999.0000,-9999.0000,-9999.0000,0.0
644006.000,0.1077,-9999.0000,0.8141,-9999.0000,-9999.0000,0.0754,0.0611,-9999.0000,-9999.0000,-9999.0000,0.0
644237.000,-9999.0000,-9999.0000,0.7244,-9999.0000,-9999.0000,-9999.0000,0.1616,-9999.0000,-9999.0000,0.0488,0.0
644468.000,0.0622,-9999.0000,0.7677,-9999.0000,-9999.0000,-9999.0000,0.0697,-9999.0000,-9999.0000,-9999.0000,0.0
644699.000,0.0973,-9999.0000,0.7018,-9999.0000,-9999.0000,0.0848,0.0606,-9999.0000,0.1025,0.0497,0.0
644930.000,0.0274,-9999.0000,0.7895,-9999.0000,-9999.0000,0.1140,0.0511,-9999.0000,0.1392,0.0497,0.0
645162.000,0.0688,-9999.0000,0.8171,-9999.0000,-9999.0000,0.0571,-9999.0000,0.1015,0.1070,-9999.0000,0.0
645393.000,0.0423,-9999.0000,0.5968,-9999.0000,-9999.0000,0.0359,-9999.0000,0.0946,-9999.0000,-9999.0000,0.0
645624.000,0.0738,-9999.0000,0.7112,-9999.0000,-9999.0000,0.0373,-9999.0000,0.1012,-9999.0000,0.0513,0.0
645855.000,0.0624,-9999.0000,0.8327,-9999.0000,-9999.0000,0.0655,0.0608,-9999.0000,-9999.0000,-9999.0000,0.0
646086.000,0.0913,-9999.0000,0.6834,-9999.0000,-9999.0000,0.0838,0.0498,-9999.0000,-9999.0000,-9999.0000,0.0
646318.000,0.0327,-9999.0000,0.6962,-9999.0000,-9999.0000,-9999.0000,0.0803,-9999.0000,-9999.0000,-9999.0000,0.0
646549.000,0.0673,-9999.0000,0.8779,-9999.0000,-9999.0000,0.0849,0.0606,-9999.0000,-9999.0000,-9999.0000,0.0
646780.000,0.0477,-9999.0000,0.6962,-9999.0000,-9999.0000,-9999.0000,0.0615,-9999.0000,-9999.0000,0.0501,0.0
647011.000,0.0825,-9999.0000,0.6982,0.1081,-9999.0000,0.0656,0.0515,-9999.0000,-9999.0000,0.0885,0.0
647242.000,0.0864,-9999.0000,0.6584,-9999.0000,-9999.0000,0.0840,-9999.0000,-9999.0000,-9999.0000,-9999.0000,0.0
647474.000,0.0660,-9999.0000,0.7750,-9999.0000,-9999.0000,0.0831,-9999.0000,0.0897,-9999.0000,0.0481,0.0
647705.000,0.0683,-9999.0000,0.8006,-9999.0000,-9999.0000,-9999.0000,-9999.0000,-9999.0000,-9999.0000,0.1287,0.0
647936.000,0.0783,-9999.0000,0.6955,-9999.0000,-9999.0000,0.0566,-9999.0000,-9999.0000,-9999.0000,0.0506,0.0
648167.000,0.0835,-9999.0000,0.7126,-9999.0000,-9999.0000,0.0371,-9999.0000,-9999.0000,0.1052,-9999.0000,0.0
648398.000,0.0930,-9999.0000,0.8744,-9999.0000,-9999.0000,-9999.0000,0.0617,0.1186,0.1037,-9999.0000,0.0
648630.000,0.0576,-9999.0000,0.7875,-9999.0000,-9999.0000,0.0364,0.0612,-9999.0000,-9999.0000,-9999.0000,0.0
648861.000,0.0530,-9999.0000,0.8550,-9999.0000,-9999.0000,0.0564,0.0714,-9999.0000,-9999.0000,0.0892,0.0
649092.000,0.0690,-9999.0000,0.9499,-9999.0000,-9999.0000,-9999.0000,-9999.0000,0.1022,-9999.0000,0.0906,0.0
649323.000,0.0723,-9999.0000,0.7741,-9999.0000,-9999.0000,-9999.0000,0.1452,-9999.0000,-9999.0000,0.0881,0.0
649554.000,0.0885,-9999.0000,0.7384,-9999.0000,-9999.0000,0.0469,-9999.0000,-9999.0000,-9999.0000,-9999.0000,0.0
649786.000,0.0820,-9999.0000,0.7666,-9999.0000,-9999.0000,-9999.0000,0.0510,-9999.0000,-9999.0000,-9999.0000,0.0
650017.000,0.0786,-9999.0000,0.7760,-9999.0000,-9999.0000,-9999.0000,0.0723,-9999.0000,-9999.0000,-9999.0000,0.0
650248.000,0.0764,-9999.0000,0.7035,-9999.0000,-9999.0000,0.0355,-9999.0000,-9999.0000,0.0747,0.0485,0.0
650479.000,0.0938,-9999.0000,0.8029,-9999.0000,-9999.0000,0.0668,-9999.0000,-9999.0000,-9999.0000,-9999.0000,0.0
650710.000,0.0713,-9999.0000,0.9071,-9999.0000,-9999.0000,0.0741,-9999.0000,-9999.0000,-9999.0000,-9999.0000,0.0
650942.000,0.0982,-9999.0000,0.7664,-9999.0000,-9999.0000,0.0860,-9999.0000,-9999.0000,0.0914,-9999.0000,0.0
651173.000,0.0820,-9999.0000,0.8898,-9999.0000,-9999.0000,-9999.0000,-9999.0000,-9999.0000,-9999.0000,0.0491,0.0
651404.000,0.0484,-9999.0000,0.8820,0.1335,-9999.0000,0.0768,0.0820,0.1111,-9999.0000,-9999.0000,0.0
651635.000,0.0471,-9999.0000,0.7697,-9999.0000,-9999.0000,0.0554,0.0601,-9999.0000,-9999.0000,-9999.0000,0.0
651866.000,0.0730,-9999.0000,0.9109,-9999.0000,-9999.0000,0.0368,0.0619,-9999.0000,0.1280,0.0500,0.0
652098.000,0.0895,-9999.0000,0.9106,-9999.0000,-9999.0000,0.0478,0.0546,0.1139,-9999.0000,-9999.0000,0.0
652329.000,0.0773,-9999.0000,0.7530,-9999.0000,-9999.0000,-9999.0000,-9999.0000,0.0954,-9999.0000,0.0493,0.0
652560.000,0.0872,-9999.0000,0.7214,-9999.0000,-9999.0000,0.0460,-9999.0000,-9999.0000,0.0764,0.1264,0.0
652791.000,0.0765,-9999.0000,0.7042,-9999.0000,-9999.0000,0.0550,-9999.0000,-9999.0000,-9999.0000,0.0485,0.0
653022.000,0.0860,-9999.0000,0.8293,-9999.0000,-9999.0000,-9999.0000,0.0961,-9999.0000,-9999.0000,0.0864,0.0
653254.000,0.0483,-9999.0000,0.8958,-9999.0000,-9999.0000,-9999.0000,0.0913,-9999.0000,-9999.0000,-9999.0000,0.0
653485.000,0.0728,-9999.0000,0.7740,-9999.0000,-9999.0000,-9999.0000,-9999.0000,-9999.0000,-9999.0000,-9999.0000,0.0
653716.000,0.0868,-9999.0000,0.7643,-9999.0000,-9999.0000,-9999.0000,0.0975,-9999.0000,-9999.0000,-9999.0000,0.0
653947.000,0.0628,-9999.0000,0.9357,-9999.0000,-9999.0000,-9999.0000,-9999.0000,0.1601,-9999.0000,-9999.0000,0.0
654178.000,0.0813,-9999.0000,0.7441,-9999.0000,-9999.0000,-9999.0000,0.0593,-9999.0000,-9999.0000,-9999.0000,0.0
654410.000,0.0635,-9999.0000,0.8342,0.0938,-9999.0000,0.0473,-9999.0000,-9999.0000,-9999.0000,-9999.0000,0.0
654641.000,0.0967,-9999.0000,0.8728,-9999.0000,-9999.0000,0.0458,0.1536,-9999.0000,-9999.0000,-9999.0000,0.0
654872.000,0.0978,-9999.0000,0.7892,-9999.0000,-9999.0000,0.0368,-9999.0000,-9999.0000,0.1023,-9999.0000,0.0
655103.000,0.0976,-9999.0000,0.7352,-9999.0000,0.0579,-9999.0000,0.0896,-9999.0000,-9999.0000,-9999.0000,0.0
655334.000,0.0903,-9999.0000,0.8544,-9999.0000,-9999.0000,-9999.0000,0.0558,-9999.0000,0.0960,-9999.0000,0.0
655566.000,0.1041,-9999.0000,0.8621,-9999.0000,-9999.0000,-9999.0000,0.0634,-9999.0000,-9999.0000,0.0898,0.0
655797.000,0.0522,-9999.0000,0.8851,-9999.0000,-9999.0000,-9999.0000,-9999.0000,-9999.0000,-9999.0000,-9999.0000,0.0
656028.000,0.0536,-9999.0000,0.8003,-9999.0000,-9999.0000,0.0476,-9999.0000,0.1437,-9999.0000,0.0508,0.0
656259.000,0.1096,-9999.0000,0.8080,-9999.0000,-9999.0000,0.0874,-9999.0000,-9999.0000,-9999.0000,-9999.0000,0.0
656491.000,0.1035,-9999.0000,0.8363,-9999.0000,-9999.0000,-9999.0000,-9999.0000,0.1309,0.1035,-9999.0000,0.0
656722.000,0.0375,-9999.0000,0.7176,-9999.0000,-9999.0000,-9999.0000,0.1080,-9999.0000,-9999.0000,-9999.0000,0.0
656953.000,0.0436,-9999.0000,0.7387,-9999.0000,0.0594,0.0972,0.0829,-9999.0000,-9999.0000,0.0901,0.0
657352.000,0.0868,-9999.0000,0.9244,-9999.0000,0.0772,0.0459,-9999.0000,-9999.0000,-9999.0000,0.0486,0.0
657583.000,0.0881,0.5121,0.9329,-9999.0000,-9999.0000,0.0371,-9999.0000,-9999.0000,-9999.0000,-9999.0000,0.0
657815.000,0.1081,0.4855,0.9318,-9999.0000,-9999.0000,0.0371,-9999.0000,-9999.0000,-9999.0000,0.0886,0.0
658046.000,0.0930,0.5472,0.9937,-9999.0000,-9999.0000,0.0664,-9999.0000,-9999.0000,-9999.0000,-9999.0000,0.0
658277.000,0.0983,-9999.0000,0.7459,-9999.0000,-9999.0000,-9999.0000,0.0719,-9999.0000,-9999.0000,-9999.0000,0.0
658508.000,0.0637,0.5480,0.9616,-9999.0000,-9999.0000,0.0574,-9999.0000,0.0910,-9999.0000,-9999.0000,0.0
658739.000,0.0582,0.5016,1.0076,-9999.0000,-9999.0000,0.0471,-9999.0000,-9999.0000,-9999.0000,-9999.0000,0.0
658971.000,0.0532,0.7274,0.7573,-9999.0000,-9999.0000,0.0668,-9999.0000,0.1308,0.2021,-9999.0000,0.0
659202.000,0.0601,0.6588,0.7153,-9999.0000,-9999.0000,-9999.0000,0.0567,-9999.0000,-9999.0000,0.0522,0.0
659433.000,0.0673,0.6601,0.8617,-9999.0000,-9999.0000,0.0366,-9999.0000,-9999.0000,-9999.0000,-9999.0000,0.0
659664.000,0.0626,-9999.0000,0.7717,-9999.0000,-9999.0000,0.0564,0.0710,-9999.0000,-9999.0000,-9999.0000,0.0
659895.000,0.0784,0.5908,0.8679,-9999.0000,-9999.0000,-9999.0000,-9999.0000,-9999.0000,-9999.0000,-9999.0000,0.0
660127.000,0.0690,0.7609,0.7865,-9999.0000,-9999.0000,-9999.0000,-9999.0000,-9999.0000,-9999.0000,0.0508,0.0
660358.000,0.0780,1.0144,0.8633,-9999.0000,-9999.0000,-9999.0000,-9999.0000,0.1087,-9999.0000,-9999.0000,0.0
660589.000,0.0789,0.8061,0.8048,-9999.0000,-9999.0000,0.1167,0.0636,-9999.0000,-9999.0000,0.0505,0.0
660820.000,0.0587,0.6941,0.7164,-9999.0000,-9999.0000,-9999.0000,-9999.0000,-9999.0000,0.1918,-9999.0000,0.0
661051.000,0.0828,0.5557,0.9604,-9999.0000,-9999.0000,-9999.0000,-9999.0000,-9999.0000,-9999.0000,-9999.0000,0.0
661283.000,0.0837,0.7265,0.8445,-9999.0000,0.0793,0.0771,0.0822,-9999.0000,-9999.0000,-9999.0000,0.0
661514.000,0.0938,0.7766,0.8915,-9999.0000,-9999.0000,0.0475,-9999.0000,-9999.0000,0.1409,-9999.0000,0.0
661745.000,0.0751,0.9393,0.8981,-9999.0000,-9999.0000,-9999.0000,-9999.0000,-9999.0000,-9999.0000,-9999.0000,0.0
661976.000,0.1045,0.8427,0.8130,-9999.0000,-9999.0000,0.0678,-9999.0000,-9999.0000,-9999.0000,-9999.0000,0.0
662207.000,0.0630,0.7967,0.8590,-9999.0000,-9999.0000,0.0470,0.1189,-9999.0000,-9999.0000,-9999.0000,0.0
662439.000,0.0879,1.0439,0.9459,-9999.0000,-9999.0000,0.0665,-9999.0000,-9999.0000,-9999.0000,-9999.0000,0.0
662670.000,0.0540,1.0796,0.8201,-9999.0000,-9999.0000,-9999.0000,0.0740,-9999.0000,-9999.0000,-9999.0000,0.0
662901.000,0.0948,1.1536,1.0490,-9999.0000,-9999.0000,0.0285,-9999.0000,-9999.0000,-9999.0000,0.0511,0.0
663132.000,0.0791,1.2960,1.0124,-9999.0000,-9999.0000,-9999.0000,0.0642,-9999.0000,-9999.0000,-9999.0000,0.0
663363.000,0.0790,1.3057,0.8587,-9999.0000,-9999.0000,-9999.0000,-9999.0000,-9999.0000,-9999.0000,-9999.0000,0.0
663595.000,0.0629,1.0943,0.8840,-9999.0000,-9999.0000,0.0470,0.0622,-9999.0000,-9999.0000,-9999.0000,0.0
663826.000,0.1463,1.2385,0.9445,-9999.0000,-9999.0000,-9999.0000,0.0791,-9999.0000,-9999.0000,-9999.0000,0.0
664057.000,0.0887,1.6169,1.0168,-9999.0000,-9999.0000,0.0378,-9999.0000,-9999.0000,0.1156,0.0891,0.0
664288.000,0.0578,1.6440,0.9699,-9999.0000,-9999.0000,0.0859,0.0525,-9999.0000,0.1500,0.0492,0.0
664519.000,0.0424,1.4555,0.9323,0.1526,0.0777,-9999.0000,0.0610,-9999.0000,-9999.0000,0.0486,0.0
664751.000,0.0428,1.3709,1.0224,-9999.0000,-9999.0000,-9999.0000,-9999.0000,-9999.0000,0.1008,-9999.0000,0.0
664982.000,0.0578,1.2213,0.8356,-9999.0000,-9999.0000,0.0372,-9999.0000,-9999.0000,-9999.0000,-9999.0000,0.0
665213.000,0.0791,1.7844,0.9797,-9999.0000,-9999.0000,0.0974,-9999.0000,-9999.0000,-9999.0000,-9999.0000,0.0
665444.000,0.1024,1.4925,1.0180,0.1738,-9999.0000,-9999.0000,-9999.0000,-9999.0000,-9999.0000,0.0488,0.0
665675.000,0.0747,1.3081,1.1353,-9999.0000,-9999.0000,-9999.0000,-9999.0000,-9999.0000,-9999.0000,-9999.0000,0.0
665907.000,0.0777,1.6662,1.0467,0.1548,-9999.0000,-9999.0000,0.0806,-9999.0000,-9999.0000,-9999.0000,0.0
666138.000,0.1022,1.6199,1.1769,-9999.0000,-9999.0000,-9999.0000,-9999.0000,-9999.0000,0.0870,-9999.0000,0.0
666369.000,0.0426,1.3574,0.9620,-9999.0000,-9999.0000,-9999.0000,0.0616,-9999.0000,-9999.0000,-9999.0000,0.0
666600.000,0.0591,1.9258,1.0310,0.1000,-9999.0000,0.0384,-9999.0000,-9999.0000,0.0925,0.0507,0.0
666831.000,0.0535,1.4090,0.9333,-9999.0000,0.0795,0.0477,-9999.0000,-9999.0000,0.0780,-9999.0000,0.0
667063.000,0.0530,1.8551,0.9727,-9999.0000,-9999.0000,-9999.0000,0.1472,0.1819,0.1257,-9999.0000,0.0
667294.000,0.0786,1.4456,0.9330,-9999.0000,0.0593,0.0576,0.0540,-9999.0000,0.0903,0.0499,0.0
667525.000,0.0734,1.3396,1.0764,-9999.0000,-9999.0000,0.0573,-9999.0000,-9999.0000,0.1640,-9999.0000,0.0
667756.000,0.0969,1.5684,0.9256,-9999.0000,-9999.0000,0.0464,-9999.0000,-9999.0000,-9999.0000,0.0867,0.0
667987.000,0.0686,1.4278,1.0434,0.2196,-9999.0000,0.0281,0.0825,-9999.0000,-9999.0000,-9999.0000,0.0
668219.000,0.0631,1.5201,1.0884,-9999.0000,-9999.0000,0.0571,-9999.0000,-9999.0000,-9999.0000,-9999.0000,0.0
668450.000,0.0598,1.5474,1.0728,-9999.0000,-9999.0000,0.0591,-9999.0000,-9999.0000,-9999.0000,-9999.0000,0.0
668681.000,0.0643,1.6680,1.0215,-9999.0000,-9999.0000,-9999.0000,-9999.0000,-9999.0000,-9999.0000,0.1293,0.0
668912.000,-9999.0000,1.5946,1.0785,-9999.0000,-9999.0000,0.0488,-9999.0000,0.0953,-9999.0000,0.0511,0.0
669143.000,0.0719,1.5055,0.9535,-9999.0000,-9999.0000,0.0462,-9999.0000,-9999.0000,-9999.0000,-9999.0000,0.0
669375.000,0.0532,1.4785,1.0585,-9999.0000,0.0590,-9999.0000,0.0723,-9999.0000,0.0765,-9999.0000,0.0
669606.000,0.0629,1.5574,1.0127,-9999.0000,-9999.0000,-9999.0000,-9999.0000,-9999.0000,0.1126,0.0878,0.0
669837.000,0.0381,1.4763,1.0158,-9999.0000,-9999.0000,-9999.0000,0.0722,-9999.0000,-9999.0000,-9999.0000,0.0
670068.000,0.0894,1.7567,1.0611,0.2023,-9999.0000,0.0682,0.1218,-9999.0000,-9999.0000,0.0504,0.0
670300.000,0.0532,1.5597,0.9544,-9999.0000,-9999.0000,0.0573,0.0724,-9999.0000,0.0888,0.0882,0.0
670531.000,0.1130,1.4274,1.1952,-9999.0000,0.0588,-9999.0000,-9999.0000,-9999.0000,-9999.0000,0.0878,0.0
670762.000,0.0785,1.4841,1.0094,-9999.0000,-9999.0000,0.0575,-9999.0000,-9999.0000,-9999.0000,-9999.0000,0.0
670993.000,0.0991,1.9086,1.2234,-9999.0000,-9999.0000,0.0481,0.0735,-9999.0000,-9999.0000,0.0500,0.0
671224.000,0.0539,1.5390,1.0965,-9999.0000,-9999.0000,0.0385,-9999.0000,-9999.0000,-9999.0000,-9999.0000,0.0
671456.000,0.0900,1.1800,1.1411,0.1232,-9999.0000,-9999.0000,0.0942,-9999.0000,-9999.0000,-9999.0000,0.0
671687.000,0.0486,1.3909,1.1021,-9999.0000,-9999.0000,0.0382,-9999.0000,-9999.0000,-9999.0000,0.0889,0.0
671976.000,-9999.0000,-9999.0000,-9999.0000,-9999.0000,-9999.0000,-9999.0000,-9999.0000,-9999.0000,-9999.0000,-9999.0000,1.0
672207.000,-9999.0000,-9999.0000,-9999.0000,-9999.0000,-9999.0000,-9999.0000,-9999.0000,-9999.0000,-9999.0000,-9999.0000,1.0
672438.000,-9999.0000,-9999.0000,-9999.0000,-9999.0000,-9999.0000,-9999.0000,-9999.0000,-9999.0000,-9999.0000,-9999.0000,1.0
672670.000,-9999.0000,-9999.0000,-9999.0000,-9999.0000,-9999.0000,-9999.0000,-9999.0000,-9999.0000,-9999.0000,-9999.0000,1.0
672901.000,-9999.0000,-9999.0000,-9999.0000,-9999.0000,-9999.0000,-9999.0000,-9999.0000,-9999.0000,-9999.0000,-9999.0000,1.0
673132.000,-9999.0000,-9999.0000,-9999.0000,-9999.0000,-9999.0000,-9999.0000,-9999.0000,-9999.0000,-9999.0000,-9999.0000,1.0
673363.000,-9999.0000,-9999.0000,-9999.0000,-9999.0000,-9999.0000,-9999.0000,-9999.0000,-9999.0000,-9999.0000,-9999.0000,1.0
673595.000,-9999.0000,-9999.0000,-9999.0000,-9999.0000,-9999.0000,-9999.0000,-9999.0000,-9999.0000,-9999.0000,-9999.0000,1.0
673826.000,-9999.0000,-9999.0000,-9999.0000,-9999.0000,-9999.0000,-9999.0000,-9999.0000,-9999.0000,-9999.0000,-9999.0000,1.0
674057.000,-9999.0000,-9999.0000,-9999.0000,-9999.0000,-9999.0000,-9999.0000,-9999.0000,-9999.0000,-9999.0000,-9999.0000,1.0
674341.000,0.1047,1.9714,1.1145,0.1025,-9999.0000,0.0684,-9999.0000,-9999.0000,-9999.0000,-9999.0000,0.0
674572.000,0.1148,1.7676,1.4971,0.1430,0.1311,0.0585,0.0553,-9999.0000,-9999.0000,0.0894,0.0
674804.000,0.1354,1.5350,1.0911,-9999.0000,-9999.0000,-9999.0000,-9999.0000,-9999.0000,-9999.0000,-9999.0000,0.0
675035.000,0.0740,1.6706,1.2981,0.1016,-9999.0000,-9999.0000,0.1308,-9999.0000,-9999.0000,-9999.0000,0.0
675266.000,0.0895,1.5845,1.1663,-9999.0000,0.0805,-9999.0000,0.0554,-9999.0000,-9999.0000,-9999.0000,0.0
675497.000,0.0992,1.6323,1.1983,-9999.0000,0.0801,0.0286,0.0548,-9999.0000,-9999.0000,-9999.0000,0.0
675729.000,0.0850,2.1240,1.3158,0.2675,-9999.0000,0.0888,-9999.0000,-9999.0000,-9999.0000,0.0508,0.0
675960.000,0.0685,1.7633,1.2438,0.2011,0.0896,-9999.0000,-9999.0000,-9999.0000,-9999.0000,0.0882,0.0
676191.000,0.0795,1.8074,1.2463,-9999.0000,0.1009,0.0982,0.1222,-9999.0000,-9999.0000,0.0895,0.0
676422.000,0.0949,1.5282,1.0595,-9999.0000,0.0606,-9999.0000,0.0654,-9999.0000,-9999.0000,-9999.0000,0.0
676653.000,0.0991,1.5295,1.2288,0.1019,-9999.0000,-9999.0000,-9999.0000,-9999.0000,-9999.0000,-9999.0000,0.0
676885.000,0.0547,1.5515,1.1072,-9999.0000,-9999.0000,-9999.0000,0.0757,-9999.0000,0.0928,0.0509,0.0
677116.000,0.0686,1.6604,1.1937,-9999.0000,0.0697,-9999.0000,-9999.0000,0.0913,-9999.0000,-9999.0000,0.0
677347.000,0.1056,1.8127,0.9914,-9999.0000,-9999.0000,0.0394,-9999.0000,-9999.0000,-9999.0000,-9999.0000,0.0
677578.000,0.0757,1.6272,1.0953,-9999.0000,-9999.0000,0.0400,-9999.0000,-9999.0000,-9999.0000,0.0516,0.0
677809.000,0.1301,1.8883,1.0989,-9999.0000,-9999.0000,0.0587,0.0651,-9999.0000,-9999.0000,0.0502,0.0
678041.000,0.0945,1.6648,1.1397,0.1036,-9999.0000,-9999.0000,0.0745,-9999.0000,0.0781,-9999.0000,0.0
678272.000,0.0456,1.8331,1.2334,-9999.0000,-9999.0000,-9999.0000,0.1173,-9999.0000,-9999.0000,-9999.0000,0.0
678503.000,0.1050,1.8364,1.1329,-9999.0000,0.0708,0.0490,-9999.0000,-9999.0000,-9999.0000,0.1289,0.0
678734.000,0.0643,1.5910,1.2248,0.1446,-9999.0000,-9999.0000,-9999.0000,-9999.0000,-9999.0000,-9999.0000,0.0
678965.000,0.0594,1.3815,1.1804,0.1048,-9999.0000,-9999.0000,0.0655,-9999.0000,-9999.0000,-9999.0000,0.0
679197.000,0.0909,1.4632,1.1571,0.1285,-9999.0000,0.0299,0.1250,-9999.0000,0.0941,-9999.0000,0.0
679428.000,0.0752,1.5663,1.1828,-9999.0000,0.0817,0.0495,0.0857,0.1078,-9999.0000,-9999.0000,0.0
679659.000,0.0848,1.8828,1.1762,-9999.0000,-9999.0000,0.0491,0.0943,-9999.0000,-9999.0000,0.0897,0.0
679890.000,0.1300,1.5327,1.0772,-9999.0000,-9999.0000,-9999.0000,0.0651,-9999.0000,-9999.0000,0.2068,0.0
680121.000,0.0507,1.4442,1.1251,-9999.0000,-9999.0000,0.0406,0.0880,-9999.0000,0.1343,-9999.0000,0.0
680353.000,0.0698,1.3125,1.2481,-9999.0000,0.0611,0.0493,0.0757,-9999.0000,-9999.0000,-9999.0000,0.0
680584.000,0.0647,1.4320,1.0418,-9999.0000,-9999.0000,-9999.0000,-9999.0000,-9999.0000,-9999.0000,-9999.0000,0.0
680815.000,0.0650,1.6430,1.1039,-9999.0000,0.0919,0.0396,0.0954,-9999.0000,-9999.0000,0.0509,0.0
681046.000,0.0799,1.5322,1.0993,-9999.0000,0.0610,-9999.0000,0.0565,-9999.0000,-9999.0000,-9999.0000,0.0
681277.000,0.1059,1.5560,1.2109,0.2099,-9999.0000,-9999.0000,0.0764,-9999.0000,-9999.0000,-9999.0000,0.0
681509.000,0.0601,1.2540,1.1016,-9999.0000,0.0514,-9999.0000,-9999.0000,-9999.0000,-9999.0000,-9999.0000,0.0
681740.000,0.0706,1.3810,1.2962,0.0885,-9999.0000,-9999.0000,-9999.0000,-9999.0000,-9999.0000,-9999.0000,0.0
681971.000,0.0914,1.6179,1.0659,-9999.0000,-9999.0000,-9999.0000,-9999.0000,-9999.0000,-9999.0000,-9999.0000,0.0
682202.000,0.1142,1.2689,1.1132,-9999.0000,-9999.0000,-9999.0000,-9999.0000,0.0925,-9999.0000,0.0885,0.0
682433.000,0.0697,1.2623,1.2871,-9999.0000,-9999.0000,-9999.0000,-9999.0000,-9999.0000,-9999.0000,-9999.0000,0.0
682665.000,0.0702,1.6001,1.3857,0.0877,-9999.0000,0.0498,0.0477,-9999.0000,-9999.0000,-9999.0000,0.0
682896.000,0.0961,1.5970,1.2640,-9999.0000,-9999.0000,0.0401,-9999.0000,-9999.0000,-9999.0000,-9999.0000,0.0
683127.000,0.0442,1.3394,1.1421,-9999.0000,-9999.0000,0.0392,-9999.0000,-9999.0000,-9999.0000,-9999.0000,0.0
683358.000,0.0657,1.2833,0.9640,-9999.0000,-9999.0000,0.0403,-9999.0000,-9999.0000,-9999.0000,-9999.0000,0.0
683589.000,0.0703,1.2782,1.0642,-9999.0000,0.0617,-9999.0000,-9999.0000,-9999.0000,-9999.0000,-9999.0000,0.0
683821.000,0.0599,1.3284,1.0869,-9999.0000,-9999.0000,0.0298,-9999.0000,-9999.0000,-9999.0000,-9999.0000,0.0
684052.000,0.0449,1.2352,1.1500,-9999.0000,-9999.0000,-9999.0000,-9999.0000,-9999.0000,-9999.0000,-9999.0000,0.0
684283.000,0.0597,1.2613,1.3278,-9999.0000,0.0511,-9999.0000,0.0759,-9999.0000,-9999.0000,-9999.0000,0.0
684514.000,0.1122,1.4500,1.1649,0.1116,0.0522,-9999.0000,-9999.0000,-9999.0000,0.1711,-9999.0000,0.0
684745.000,0.0655,1.2389,1.0727,-9999.0000,0.0517,-9999.0000,-9999.0000,-9999.0000,0.1187,-9999.0000,0.0
684977.000,0.0716,1.2628,1.1021,0.0926,0.0837,-9999.0000,-9999.0000,0.1250,-9999.0000,-9999.0000,0.0
685208.000,0.0973,1.2736,1.2081,0.1132,0.1042,0.0309,0.0886,-9999.0000,-9999.0000,0.0522,0.0
685439.000,0.0553,1.2225,1.0850,0.1107,-9999.0000,-9999.0000,-9999.0000,-9999.0000,-9999.0000,-9999.0000,0.0
685670.000,0.1069,1.3499,1.0563,0.0910,-9999.0000,0.0706,0.0683,-9999.0000,-9999.0000,0.0516,0.0
685901.000,0.0867,1.1968,1.0335,-9999.0000,0.1039,-9999.0000,-9999.0000,-9999.0000,-9999.0000,-9999.0000,0.0
686133.000,0.0818,1.0089,1.1755,-9999.0000,0.0630,-9999.0000,-9999.0000,-9999.0000,-9999.0000,-9999.0000,0.0
686364.000,0.0609,1.1490,1.1228,-9999.0000,-9999.0000,0.0608,0.0686,-9999.0000,-9999.0000,-9999.0000,0.0
686595.000,0.1150,1.4881,1.1661,-9999.0000,0.0542,0.0526,0.1017,-9999.0000,-9999.0000,-9999.0000,0.0
686826.000,0.0599,0.8822,1.1128,0.0885,-9999.0000,0.0299,-9999.0000,-9999.0000,-9999.0000,-9999.0000,0.0
687057.000,0.0551,1.0683,1.1233,-9999.0000,-9999.0000,-9999.0000,-9999.0000,-9999.0000,-9999.0000,0.1300,0.0
687289.000,0.0307,1.1797,1.1751,-9999.0000,-9999.0000,-9999.0000,0.0803,-9999.0000,-9999.0000,-9999.0000,0.0
687520.000,0.0502,1.0867,1.1057,-9999.0000,0.1031,0.0604,-9999.0000,-9999.0000,-9999.0000,-9999.0000,0.0
687751.000,0.0807,1.3049,1.0551,-9999.0000,-9999.0000,-9999.0000,0.0771,-9999.0000,-9999.0000,-9999.0000,0.0
687982.000,0.1283,1.0740,1.0050,0.1556,-9999.0000,0.0310,0.0500,-9999.0000,-9999.0000,-9999.0000,0.0
688213.000,0.0707,1.0741,1.1324,0.1320,0.0622,-9999.0000,0.0583,-9999.0000,-9999.0000,-9999.0000,0.0
688445.000,0.0761,1.0281,1.1144,-9999.0000,0.0933,-9999.0000,0.0490,-9999.0000,-9999.0000,-9999.0000,0.0
688676.000,0.0565,1.0771,1.1988,-9999.0000,0.0532,0.0516,-9999.0000,0.1592,-9999.0000,-9999.0000,0.0
688907.000,0.1070,1.0632,1.1378,0.1336,0.0524,0.0408,-9999.0000,-9999.0000,-9999.0000,-9999.0000,0.0
689138.000,0.0924,1.2058,1.0660,-9999.0000,-9999.0000,-9999.0000,-9999.0000,-9999.0000,-9999.0000,-9999.0000,0.0
689369.000,0.0609,0.8523,1.1382,0.1339,-9999.0000,0.0910,0.0687,-9999.0000,0.0817,-9999.0000,0.0
689601.000,0.0603,1.3625,1.2519,-9999.0000,-9999.0000,0.0403,-9999.0000,-9999.0000,-9999.0000,-9999.0000,0.0
689832.000,0.1525,1.2891,0.9830,-9999.0000,-9999.0000,0.0404,0.0582,-9999.0000,-9999.0000,-9999.0000,0.0
690063.000,0.0975,1.1216,1.0873,-9999.0000,-9999.0000,-9999.0000,-9999.0000,-9999.0000,0.0832,0.0522,0.0
690294.000,0.0951,0.9386,1.1090,0.2109,-9999.0000,-9999.0000,0.0854,-9999.0000,0.1153,-9999.0000,0.0
690525.000,0.0901,1.0785,1.0621,-9999.0000,0.0614,0.0397,0.0568,-9999.0000,0.1029,-9999.0000,0.0
690757.000,0.0457,1.1281,1.0570,0.1767,-9999.0000,0.0411,0.0790,-9999.0000,-9999.0000,-9999.0000,0.0
690988.000,0.0662,1.2475,1.0236,0.1558,-9999.0000,-9999.0000,0.0691,-9999.0000,0.0948,-9999.0000,0.0
691219.000,0.0759,1.3362,1.2343,-9999.0000,-9999.0000,-9999.0000,-9999.0000,-9999.0000,-9999.0000,-9999.0000,0.0
691450.000,0.0858,1.0478,1.1181,-9999.0000,0.0518,-9999.0000,-9999.0000,-9999.0000,-9999.0000,0.0507,0.0
691681.000,0.0859,1.1007,0.9921,0.0916,0.0622,-9999.0000,-9999.0000,-9999.0000,-9999.0000,-9999.0000,0.0
691913.000,0.1118,1.1771,0.9583,-9999.0000,-9999.0000,0.0506,-9999.0000,0.0902,-9999.0000,0.0511,0.0
692144.000,0.0405,1.0664,1.0817,0.0941,-9999.0000,0.0310,-9999.0000,0.0921,-9999.0000,0.0516,0.0
692375.000,0.0568,1.1923,1.1059,-9999.0000,-9999.0000,-9999.0000,0.1002,-9999.0000,-9999.0000,0.1734,0.0
692606.000,0.0613,1.0737,1.0915,-9999.0000,-9999.0000,-9999.0000,-9999.0000,-9999.0000,0.0954,0.0520,0.0
692837.000,0.0866,1.0061,1.0109,-9999.0000,-9999.0000,-9999.0000,-9999.0000,0.0917,-9999.0000,0.1709,0.0
693069.000,0.1180,0.8863,1.1660,-9999.0000,-9999.0000,-9999.0000,-9999.0000,-9999.0000,0.0825,0.0519,0.0
693300.000,0.0514,1.0058,0.9200,-9999.0000,-9999.0000,-9999.0000,-9999.0000,-9999.0000,-9999.0000,-9999.0000,0.0
693531.000,0.0649,0.9668,1.0957,-9999.0000,-9999.0000,-9999.0000,-9999.0000,-9999.0000,-9999.0000,0.0501,0.0
693762.000,0.0301,0.8114,1.1374,-9999.0000,-9999.0000,-9999.0000,0.0688,-9999.0000,-9999.0000,-9999.0000,0.0
693993.000,0.0513,1.0945,1.0966,-9999.0000,0.0638,-9999.0000,0.0510,-9999.0000,-9999.0000,-9999.0000,0.0
694225.000,0.0770,1.0765,1.0345,-9999.0000,0.0843,-9999.0000,-9999.0000,-9999.0000,-9999.0000,0.0921,0.0
694456.000,0.0347,1.0261,1.1542,-9999.0000,-9999.0000,-9999.0000,0.0675,-9999.0000,-9999.0000,-9999.0000,0.0
694687.000,0.0881,0.8716,1.1623,0.1195,-9999.0000,-9999.0000,-9999.0000,-9999.0000,-9999.0000,0.0528,0.0
694918.000,0.0983,1.1330,0.9442,-9999.0000,-9999.0000,-9999.0000,-9999.0000,-9999.0000,-9999.0000,-9999.0000,0.0
695149.000,0.0512,0.9675,1.1531,0.0968,-9999.0000,-9999.0000,-9999.0000,-9999.0000,-9999.0000,0.0521,0.0
695381.000,0.0351,0.8590,1.0342,0.0941,-9999.0000,-9999.0000,-9999.0000,-9999.0000,-9999.0000,-9999.0000,0.0
695612.000,0.0674,0.8787,1.2008,-9999.0000,-9999.0000,-9999.0000,-9999.0000,-9999.0000,-9999.0000,-9999.0000,0.0
695843.000,0.1171,1.0055,1.3160,-9999.0000,0.0627,0.0509,-9999.0000,-9999.0000,-9999.0000,-9999.0000,0.0
696074.000,0.1276,0.9774,1.1110,0.0949,0.0937,0.0410,-9999.0000,-9999.0000,-9999.0000,-9999.0000,0.0
696305.000,0.1086,0.9504,1.4284,-9999.0000,0.0953,0.0319,0.0808,-9999.0000,0.0967,-9999.0000,0.0
696537.000,-9999.0000,0.9713,1.2650,-9999.0000,0.1766,-9999.0000,0.0598,-9999.0000,-9999.0000,-9999.0000,0.0
696768.000,0.1184,1.0449,1.1535,0.1389,0.0741,-9999.0000,-9999.0000,-9999.0000,0.1592,-9999.0000,0.0
696999.000,0.0510,0.9603,1.1167,-9999.0000,0.0634,0.0515,0.0891,-9999.0000,-9999.0000,-9999.0000,0.0
697230.000,0.1233,1.0338,1.1292,0.1176,-9999.0000,-9999.0000,-9999.0000,-9999.0000,-9999.0000,-9999.0000,0.0
697461.000,0.1323,0.8940,1.0910,0.0944,0.0729,-9999.0000,-9999.0000,-9999.0000,-9999.0000,-9999.0000,0.0
697693.000,0.0509,0.6897,0.9933,-9999.0000,0.0634,0.0314,-9999.0000,-9999.0000,-9999.0000,-9999.0000,0.0
697924.000,0.0764,0.7736,0.9415,-9999.0000,0.0528,0.0412,-9999.0000,-9999.0000,-9999.0000,-9999.0000,0.0
698155.000,0.0860,1.0494,1.0039,0.2171,0.0625,0.0308,-9999.0000,-9999.0000,-9999.0000,0.0506,0.0
698386.000,0.0597,0.6883,1.0030,0.1321,-9999.0000,-9999.0000,0.0952,-9999.0000,-9999.0000,-9999.0000,0.0
698617.000,0.0817,0.6289,1.1409,0.2615,-9999.0000,0.0414,-9999.0000,-9999.0000,-9999.0000,-9999.0000,0.0
698849.000,0.0615,0.5988,1.1046,-9999.0000,-9999.0000,-9999.0000,0.0703,-9999.0000,-9999.0000,0.0519,0.0
699080.000,0.0774,0.7079,1.0821,0.1406,-9999.0000,-9999.0000,-9999.0000,-9999.0000,-9999.0000,-9999.0000,0.0
699311.000,0.0602,0.6796,1.0207,0.0935,-9999.0000,0.0306,-9999.0000,-9999.0000,-9999.0000,0.0896,0.0
699542.000,0.0778,0.6885,1.0922,0.1837,0.0541,-9999.0000,-9999.0000,-9999.0000,-9999.0000,-9999.0000,0.0
699773.000,0.0717,0.7118,1.0277,0.0979,-9999.0000,0.0518,0.0604,-9999.0000,-9999.0000,0.0917,0.0
700005.000,0.0966,0.6013,1.0657,-9999.0000,-9999.0000,0.0310,0.1361,-9999.0000,-9999.0000,-9999.0000,0.0
700236.000,0.1130,0.6925,1.2153,-9999.0000,0.0534,0.0518,0.0701,-9999.0000,-9999.0000,-9999.0000,0.0
700467.000,0.0519,0.6701,1.0500,-9999.0000,-9999.0000,-9999.0000,0.0913,-9999.0000,-9999.0000,0.0929,0.0
700698.000,0.1132,0.5793,1.0244,-9999.0000,-9999.0000,-9999.0000,-9999.0000,-9999.0000,-9999.0000,-9999.0000,0.0
700929.000,0.0723,0.8371,1.0879,-9999.0000,-9999.0000,-9999.0000,0.0515,-9999.0000,-9999.0000,0.0923,0.0
701161.000,0.0710,0.4995,1.0290,-9999.0000,-9999.0000,-9999.0000,0.0496,0.1019,-9999.0000,-9999.0000,0.0
701392.000,0.0920,0.6276,1.1673,-9999.0000,-9999.0000,-9999.0000,-9999.0000,-9999.0000,-9999.0000,-9999.0000,0.0
701623.000,0.0738,0.6378,1.1624,-9999.0000,-9999.0000,0.0332,0.0738,-9999.0000,-9999.0000,-9999.0000,0.0
701854.000,0.0666,0.7619,1.2253,-9999.0000,-9999.0000,0.0619,0.1186,0.1155,-9999.0000,0.0516,0.0
702085.000,0.1072,0.7527,1.2078,-9999.0000,-9999.0000,-9999.0000,0.0983,-9999.0000,-9999.0000,-9999.0000,0.0
702317.000,0.0718,0.7306,1.1297,-9999.0000,0.0844,0.0519,0.0702,-9999.0000,-9999.0000,-9999.0000,0.0
702548.000,0.0611,0.7171,1.0339,-9999.0000,0.0531,-9999.0000,-9999.0000,-9999.0000,-9999.0000,-9999.0000,0.0
702779.000,0.0559,0.6124,1.1391,-9999.0000,-9999.0000,-9999.0000,-9999.0000,-9999.0000,-9999.0000,0.0908,0.0
703010.000,0.0864,0.9659,1.0295,0.1585,0.1041,0.0512,0.0979,-9999.0000,-9999.0000,0.0508,0.0
703241.000,0.0876,0.6075,1.0590,-9999.0000,0.1159,-9999.0000,-9999.0000,-9999.0000,-9999.0000,0.0519,0.0
703473.000,0.1538,0.5711,1.2328,-9999.0000,-9999.0000,0.0416,-9999.0000,-9999.0000,0.0806,-9999.0000,0.0
703704.000,0.0817,0.6267,1.0924,-9999.0000,-9999.0000,0.0315,-9999.0000,-9999.0000,-9999.0000,0.0511,0.0
703935.000,0.0763,0.6994,1.0948,-9999.0000,-9999.0000,0.0514,0.0692,-9999.0000,0.0923,-9999.0000,0.0
704166.000,0.0921,-9999.0000,1.0838,0.1813,0.1048,0.0517,-9999.0000,-9999.0000,-9999.0000,0.0911,0.0
704398.000,0.0926,0.6428,1.0621,0.1207,-9999.0000,-9999.0000,-9999.0000,-9999.0000,-9999.0000,0.0517,0.0
704629.000,0.1402,0.6943,1.1954,-9999.0000,-9999.0000,-9999.0000,-9999.0000,-9999.0000,-9999.0000,0.1330,0.0
704860.000,0.1332,0.5572,1.1254,-9999.0000,-9999.0000,-9999.0000,0.0795,-9999.0000,-9999.0000,-9999.0000,0.0
705091.000,0.0568,0.6948,0.8412,-9999.0000,0.0645,-9999.0000,0.0908,-9999.0000,-9999.0000,0.0521,0.0
705322.000,0.0716,0.6044,0.9670,-9999.0000,0.0637,0.0418,-9999.0000,-9999.0000,-9999.0000,0.0513,0.0
705554.000,0.0369,0.5072,0.9898,-9999.0000,-9999.0000,0.0434,-9999.0000,-9999.0000,-9999.0000,-9999.0000,0.0
705785.000,0.1253,-9999.0000,0.9855,-9999.0000,-9999.0000,0.0329,0.0924,-9999.0000,-9999.0000,-9999.0000,0.0
706016.000,0.0627,0.5392,1.0498,-9999.0000,-9999.0000,-9999.0000,-9999.0000,-9999.0000,-9999.0000,-9999.0000,0.0
706247.000,0.0833,0.8083,0.9553,0.1035,-9999.0000,0.0530,0.0723,-9999.0000,-9999.0000,0.0526,0.0
706478.000,0.1145,-9999.0000,1.1059,0.1660,-9999.0000,0.1038,0.0527,-9999.0000,-9999.0000,-9999.0000,0.0
706710.000,0.0664,0.5637,1.0566,-9999.0000,0.0534,0.0518,0.0893,-9999.0000,0.0802,-9999.0000,0.0
706941.000,0.1127,0.7114,0.8912,0.2028,0.0740,0.0719,-9999.0000,-9999.0000,-9999.0000,-9999.0000,0.0
707172.000,0.0823,0.5195,1.1211,0.1217,0.0538,0.0421,0.0610,-9999.0000,-9999.0000,-9999.0000,0.0
707403.000,0.0782,-9999.0000,1.0045,-9999.0000,-9999.0000,0.0837,0.0823,-9999.0000,-9999.0000,-9999.0000,0.0
707634.000,0.0562,0.5207,0.9406,0.1002,0.0536,0.0419,0.0993,-9999.0000,-9999.0000,-9999.0000,0.0
707865.000,0.0414,0.5155,1.0745,-9999.0000,-9999.0000,0.0629,0.1205,0.0974,-9999.0000,-9999.0000,0.0
708097.000,0.0469,-9999.0000,0.9174,-9999.0000,0.0547,0.0429,0.1116,0.1530,-9999.0000,-9999.0000,0.0
708328.000,0.1034,0.5057,0.9483,-9999.0000,-9999.0000,0.0627,0.0616,-9999.0000,-9999.0000,-9999.0000,0.0
708559.000,0.0418,-9999.0000,0.8600,0.1467,-9999.0000,0.0635,0.0728,-9999.0000,-9999.0000,-9999.0000,0.0
708790.000,0.0880,0.5135,0.9655,-9999.0000,-9999.0000,-9999.0000,-9999.0000,-9999.0000,-9999.0000,-9999.0000,0.0
709022.000,0.0472,-9999.0000,0.8514,0.1475,-9999.0000,0.0739,-9999.0000,0.1331,-9999.0000,0.0529,0.0
709253.000,0.0766,0.5422,0.9915,-9999.0000,-9999.0000,0.0819,0.0602,-9999.0000,-9999.0000,-9999.0000,0.0
709484.000,0.0884,-9999.0000,0.8945,-9999.0000,-9999.0000,0.0836,-9999.0000,-9999.0000,-9999.0000,-9999.0000,0.0
709715.000,0.0770,-9999.0000,0.9696,0.1635,-9999.0000,0.0522,-9999.0000,-9999.0000,-9999.0000,-9999.0000,0.0
709946.000,0.0665,-9999.0000,0.9501,-9999.0000,-9999.0000,0.0319,0.0701,-9999.0000,-9999.0000,0.0510,0.0
710178.000,0.1001,-9999.0000,0.9885,-9999.0000,-9999.0000,-9999.0000,0.0841,-9999.0000,-9999.0000,-9999.0000,0.0
710409.000,0.0922,-9999.0000,0.9242,-9999.0000,0.0536,0.1425,0.1380,0.0942,-9999.0000,0.0909,0.0
710640.000,0.0732,-9999.0000,0.6986,-9999.0000,-9999.0000,0.1249,-9999.0000,-9999.0000,-9999.0000,-9999.0000,0.0
710871.000,0.1165,0.5454,0.8628,0.1517,-9999.0000,0.0546,0.0751,0.1048,0.1525,-9999.0000,0.0
711102.000,0.0946,0.4810,0.9856,-9999.0000,0.0660,0.0641,0.1132,-9999.0000,0.1629,-9999.0000,0.0
711334.000,0.0561,0.5615,0.7466,-9999.0000,-9999.0000,0.0520,0.0894,-9999.0000,0.0795,-9999.0000,0.0
711565.000,0.0872,-9999.0000,0.8186,0.1224,0.0641,-9999.0000,0.0705,-9999.0000,-9999.0000,0.0511,0.0
711796.000,0.0682,0.5352,0.9987,-9999.0000,-9999.0000,0.0537,0.1127,-9999.0000,0.0846,0.0529,0.0
712027.000,0.0666,-9999.0000,1.0110,0.2258,-9999.0000,-9999.0000,0.0511,-9999.0000,0.1054,-9999.0000,0.0
712258.000,0.0727,-9999.0000,0.7315,0.1882,0.0651,0.0734,0.1015,-9999.0000,0.0954,-9999.0000,0.0
712490.000,0.0309,-9999.0000,0.8453,-9999.0000,0.0854,0.0325,0.1103,-9999.0000,-9999.0000,-9999.0000,0.0
712721.000,0.0636,-9999.0000,1.0070,-9999.0000,-9999.0000,0.0646,-9999.0000,0.1038,-9999.0000,-9999.0000,0.0
712952.000,0.0629,-9999.0000,0.9168,0.2118,-9999.0000,0.0435,0.0635,-9999.0000,0.1101,-9999.0000,0.0
713183.000,0.0782,0.5214,0.7560,-9999.0000,-9999.0000,0.0330,0.1021,-9999.0000,-9999.0000,-9999.0000,0.0
713414.000,0.0732,0.5763,0.8172,-9999.0000,-9999.0000,0.0434,0.0828,0.0894,-9999.0000,-9999.0000,0.0
713646.000,0.1200,-9999.0000,1.0062,-9999.0000,0.0969,0.0535,-9999.0000,-9999.0000,-9999.0000,0.0525,0.0
713877.000,0.0897,-9999.0000,0.8585,0.2777,-9999.0000,0.0646,0.0646,-9999.0000,-9999.0000,-9999.0000,0.0
714108.000,0.0678,-9999.0000,1.0424,-9999.0000,0.0655,0.0331,0.0923,-9999.0000,0.0960,0.0927,0.0
714339.000,0.0311,-9999.0000,0.9129,0.1258,-9999.0000,0.0733,0.1012,-9999.0000,0.1714,-9999.0000,0.0
714570.000,0.0422,-9999.0000,0.8276,-9999.0000,-9999.0000,0.1666,0.1724,-9999.0000,-9999.0000,-9999.0000,0.0
714802.000,0.1089,-9999.0000,0.8592,0.1468,-9999.0000,0.1543,0.0915,-9999.0000,-9999.0000,-9999.0000,0.0
715033.000,0.0892,-9999.0000,0.7720,-9999.0000,-9999.0000,0.1050,0.1229,-9999.0000,-9999.0000,-9999.0000,0.0
715264.000,0.1188,-9999.0000,0.9362,0.1459,-9999.0000,0.1235,0.0909,-9999.0000,-9999.0000,-9999.0000,0.0
715495.000,0.0842,-9999.0000,0.6602,-9999.0000,-9999.0000,0.0644,0.1432,0.1135,0.1497,-9999.0000,0.0
715726.000,0.0264,-9999.0000,1.0366,-9999.0000,-9999.0000,0.1967,0.1030,-9999.0000,-9999.0000,-9999.0000,0.0
715958.000,0.1027,-9999.0000,0.8237,-9999.0000,0.0642,0.1730,0.1094,0.1056,-9999.0000,-9999.0000,0.0
716189.000,0.0851,-9999.0000,0.7934,0.2175,-9999.0000,0.1993,0.1848,-9999.0000,-9999.0000,-9999.0000,0.0
716420.000,0.0931,-9999.0000,0.7072,0.1469,-9999.0000,0.1744,0.1692,-9999.0000,-9999.0000,0.2521,0.0
716651.000,0.0510,-9999.0000,0.7140,-9999.0000,-9999.0000,0.2226,0.1088,-9999.0000,-9999.0000,-9999.0000,0.0
716882.000,0.0572,-9999.0000,0.7804,-9999.0000,-9999.0000,0.0634,0.1408,-9999.0000,-9999.0000,-9999.0000,0.0
717114.000,0.0324,-9999.0000,1.0185,0.0910,0.0672,0.1788,0.1353,-9999.0000,-9999.0000,-9999.0000,0.0
717345.000,0.0885,-9999.0000,0.7225,-9999.0000,0.0655,0.1042,0.1216,-9999.0000,-9999.0000,-9999.0000,0.0
717576.000,0.0421,-9999.0000,0.7867,-9999.0000,0.0660,0.0947,0.0539,-9999.0000,-9999.0000,-9999.0000,0.0
717807.000,0.1151,-9999.0000,0.8457,0.1294,-9999.0000,0.1660,0.1225,-9999.0000,-9999.0000,-9999.0000,0.0
718038.000,0.0623,-9999.0000,0.8058,-9999.0000,-9999.0000,0.0735,-9999.0000,-9999.0000,0.1327,-9999.0000,0.0
718270.000,0.0633,-9999.0000,0.6276,0.1731,-9999.0000,0.0748,0.1038,0.2550,-9999.0000,-9999.0000,0.0
718501.000,0.0742,-9999.0000,0.8612,-9999.0000,-9999.0000,0.0753,0.0949,-9999.0000,-9999.0000,0.0942,0.0
718732.000,0.0739,-9999.0000,0.8034,0.0896,-9999.0000,0.0749,-9999.0000,-9999.0000,-9999.0000,-9999.0000,0.0
718963.000,0.0778,-9999.0000,0.6653,-9999.0000,-9999.0000,-9999.0000,0.0721,-9999.0000,-9999.0000,-9999.0000,0.0
719194.000,0.0321,-9999.0000,0.8817,-9999.0000,-9999.0000,0.1470,0.0749,-9999.0000,-9999.0000,-9999.0000,0.0
719426.000,-9999.0000,-9999.0000,0.7641,0.1526,-9999.0000,0.1363,0.1533,-9999.0000,-9999.0000,0.0530,0.0
719657.000,0.0732,-9999.0000,0.7417,0.1924,-9999.0000,0.1353,0.1518,-9999.0000,-9999.0000,-9999.0000,0.0
719888.000,0.0537,-9999.0000,0.8460,-9999.0000,-9999.0000,0.0553,0.0564,0.1402,-9999.0000,-9999.0000,0.0
720119.000,0.0775,-9999.0000,0.5828,-9999.0000,-9999.0000,0.1439,0.1010,0.0973,-9999.0000,0.0914,0.0
720350.000,0.1105,-9999.0000,0.6332,-9999.0000,-9999.0000,0.1567,0.1039,-9999.0000,-9999.0000,0.0529,0.0
720582.000,0.0699,-9999.0000,0.8986,0.1788,-9999.0000,0.1178,0.0569,-9999.0000,-9999.0000,-9999.0000,0.0
720813.000,0.0535,-9999.0000,0.7001,-9999.0000,-9999.0000,0.1581,0.2047,-9999.0000,-9999.0000,-9999.0000,0.0
721044.000,0.0788,-9999.0000,0.7070,-9999.0000,-9999.0000,0.0644,0.1035,-9999.0000,-9999.0000,-9999.0000,0.0
721275.000,0.0367,-9999.0000,0.8385,0.1092,-9999.0000,0.0640,0.0831,-9999.0000,-9999.0000,0.1328,0.0
721506.000,0.0476,-9999.0000,0.4698,0.1321,-9999.0000,0.1158,-9999.0000,0.1138,-9999.0000,0.0934,0.0
721738.000,0.0366,-9999.0000,0.7288,-9999.0000,-9999.0000,0.0435,-9999.0000,-9999.0000,-9999.0000,-9999.0000,0.0
721969.000,0.0947,-9999.0000,0.6926,-9999.0000,-9999.0000,0.0851,-9999.0000,-9999.0000,-9999.0000,0.0528,0.0
722200.000,0.0472,-9999.0000,0.6989,-9999.0000,-9999.0000,0.1252,0.1520,-9999.0000,-9999.0000,-9999.0000,0.0
722431.000,0.0629,-9999.0000,0.6286,-9999.0000,-9999.0000,0.0743,-9999.0000,-9999.0000,-9999.0000,-9999.0000,0.0
722662.000,0.0532,-9999.0000,0.5769,-9999.0000,-9999.0000,0.1267,0.1049,-9999.0000,-9999.0000,-9999.0000,0.0
722894.000,0.0960,-9999.0000,0.6318,-9999.0000,-9999.0000,0.1071,-9999.0000,-9999.0000,-9999.0000,0.0539,0.0
723125.000,0.0486,-9999.0000,0.7659,0.1369,-9999.0000,0.1489,0.0768,-9999.0000,-9999.0000,-9999.0000,0.0
723356.000,0.1062,-9999.0000,0.5582,-9999.0000,-9999.0000,0.0964,0.1255,-9999.0000,-9999.0000,-9999.0000,0.0
723587.000,0.0476,-9999.0000,0.6162,-9999.0000,0.0665,0.0646,0.0645,-9999.0000,-9999.0000,0.0526,0.0
723818.000,0.0492,-9999.0000,0.6571,0.1824,-9999.0000,-9999.0000,0.0681,0.1666,-9999.0000,-9999.0000,0.0
724050.000,0.1594,-9999.0000,0.5601,-9999.0000,-9999.0000,0.0348,0.1161,-9999.0000,-9999.0000,0.0948,0.0
724281.000,0.0532,-9999.0000,0.6646,-9999.0000,0.0671,0.0652,0.1050,0.0941,-9999.0000,-9999.0000,0.0
724512.000,0.0791,-9999.0000,0.6716,-9999.0000,0.0562,-9999.0000,0.0647,-9999.0000,-9999.0000,0.2150,0.0
724743.000,0.0575,-9999.0000,0.5994,-9999.0000,-9999.0000,0.0437,-9999.0000,-9999.0000,-9999.0000,-9999.0000,0.0
724974.000,-9999.0000,-9999.0000,0.6703,-9999.0000,0.0555,0.1149,0.0635,-9999.0000,-9999.0000,0.1325,0.0
725206.000,0.0680,-9999.0000,0.5794,-9999.0000,-9999.0000,0.0947,-9999.0000,-9999.0000,-9999.0000,-9999.0000,0.0
725437.000,0.0909,-9999.0000,0.7377,-9999.0000,-9999.0000,0.0867,0.0568,-9999.0000,-9999.0000,-9999.0000,0.0
725668.000,0.0370,-9999.0000,0.5765,0.1114,-9999.0000,0.0543,-9999.0000,-9999.0000,-9999.0000,-9999.0000,0.0
725899.000,0.0892,-9999.0000,0.6303,-9999.0000,-9999.0000,0.0644,0.0543,-9999.0000,-9999.0000,-9999.0000,0.0
726130.000,0.0475,-9999.0000,0.7185,-9999.0000,-9999.0000,0.0339,0.0545,-9999.0000,-9999.0000,-9999.0000,0.0
726362.000,0.1119,-9999.0000,0.6427,-9999.0000,-9999.0000,0.0348,0.0565,-9999.0000,-9999.0000,0.0538,0.0
726593.000,0.0481,-9999.0000,0.6926,-9999.0000,-9999.0000,0.0447,0.0853,-9999.0000,-9999.0000,-9999.0000,0.0
726824.000,0.0330,-9999.0000,0.7474,-9999.0000,-9999.0000,0.0976,0.1174,-9999.0000,-9999.0000,-9999.0000,0.0
727055.000,0.0272,-9999.0000,0.5366,-9999.0000,-9999.0000,0.0450,-9999.0000,-9999.0000,-9999.0000,-9999.0000,0.0
727286.000,0.1067,-9999.0000,0.5614,-9999.0000,-9999.0000,0.0452,-9999.0000,-9999.0000,-9999.0000,-9999.0000,0.0
727518.000,0.0804,-9999.0000,0.5516,-9999.0000,-9999.0000,0.0764,-9999.0000,-9999.0000,-9999.0000,-9999.0000,0.0
727749.000,0.0602,-9999.0000,0.6994,-9999.0000,0.0798,-9999.0000,-9999.0000,-9999.0000,-9999.0000,0.0967,0.0
727980.000,0.0383,-9999.0000,0.6859,-9999.0000,-9999.0000,-9999.0000,0.1271,-9999.0000,-9999.0000,0.0543,0.0
728211.000,0.0537,-9999.0000,0.5925,-9999.0000,-9999.0000,-9999.0000,-9999.0000,-9999.0000,-9999.0000,-9999.0000,0.0
728442.000,0.0529,-9999.0000,0.5462,-9999.0000,-9999.0000,-9999.0000,-9999.0000,-9999.0000,-9999.0000,-9999.0000,0.0
728674.000,0.0585,-9999.0000,0.6529,-9999.0000,-9999.0000,-9999.0000,-9999.0000,-9999.0000,-9999.0000,0.0936,0.0
728905.000,0.1224,-9999.0000,0.6587,-9999.0000,-9999.0000,0.0450,0.0661,-9999.0000,-9999.0000,0.0946,0.0
729136.000,0.0692,-9999.0000,0.5352,-9999.0000,-9999.0000,-9999.0000,0.1051,-9999.0000,-9999.0000,0.0533,0.0
729367.000,0.0547,-9999.0000,0.5698,-9999.0000,-9999.0000,-9999.0000,-9999.0000,-9999.0000,0.0767,-9999.0000,0.0
729598.000,0.0274,-9999.0000,0.5280,-9999.0000,-9999.0000,0.1174,0.0663,-9999.0000,-9999.0000,-9999.0000,0.0
729830.000,0.0646,-9999.0000,0.5742,-9999.0000,0.0574,0.1282,0.1365,0.1420,-9999.0000,-9999.0000,0.0
730061.000,0.1007,-9999.0000,0.5129,-9999.0000,-9999.0000,0.1474,0.1148,-9999.0000,-9999.0000,-9999.0000,0.0
730292.000,0.0909,-9999.0000,0.4850,-9999.0000,-9999.0000,0.0762,-9999.0000,-9999.0000,-9999.0000,-9999.0000,0.0
730523.000,0.0649,-9999.0000,0.6433,-9999.0000,-9999.0000,0.0975,0.0972,-9999.0000,-9999.0000,-9999.0000,0.0
730754.000,0.0850,-9999.0000,0.5297,-9999.0000,-9999.0000,0.0344,0.1743,0.1498,-9999.0000,-9999.0000,0.0
730986.000,0.0735,-9999.0000,0.3919,-9999.0000,-9999.0000,-9999.0000,-9999.0000,-9999.0000,-9999.0000,-9999.0000,0.0
731217.000,-9999.0000,-9999.0000,0.6972,-9999.0000,-9999.0000,0.0355,0.1382,0.1455,-9999.0000,-9999.0000,0.0
731448.000,0.0648,-9999.0000,0.5205,-9999.0000,-9999.0000,0.0765,0.1068,-9999.0000,-9999.0000,-9999.0000,0.0
731679.000,0.0786,-9999.0000,0.5970,-9999.0000,-9999.0000,0.0539,0.0831,-9999.0000,-9999.0000,-9999.0000,0.0
731910.000,0.1025,-9999.0000,0.5515,0.1173,-9999.0000,0.0666,0.1177,-9999.0000,-9999.0000,0.0549,0.0
732142.000,0.0754,-9999.0000,0.5536,-9999.0000,-9999.0000,0.0558,0.0568,-9999.0000,-9999.0000,-9999.0000,0.0
732373.000,0.0323,-9999.0000,0.5391,-9999.0000,-9999.0000,-9999.0000,-9999.0000,-9999.0000,-9999.0000,0.0939,0.0
732604.000,0.0704,-9999.0000,0.6667,-9999.0000,-9999.0000,-9999.0000,0.0773,0.1111,-9999.0000,0.0960,0.0
732835.000,-9999.0000,-9999.0000,0.6222,-9999.0000,-9999.0000,-9999.0000,-9999.0000,-9999.0000,-9999.0000,-9999.0000,0.0
733067.000,0.0593,-9999.0000,0.5906,-9999.0000,-9999.0000,0.0556,-9999.0000,-9999.0000,-9999.0000,0.0542,0.0
733298.000,0.0640,-9999.0000,0.5851,-9999.0000,-9999.0000,0.0447,0.0752,-9999.0000,-9999.0000,-9999.0000,0.0
733529.000,0.0694,-9999.0000,0.6405,-9999.0000,-9999.0000,0.0344,0.0555,-9999.0000,-9999.0000,-9999.0000,0.0
733760.000,0.0648,-9999.0000,0.6972,-9999.0000,0.0681,-9999.0000,-9999.0000,-9999.0000,-9999.0000,-9999.0000,0.0
733991.000,0.0913,-9999.0000,0.5039,-9999.0000,-9999.0000,-9999.0000,0.0866,-9999.0000,0.0879,-9999.0000,0.0
734223.000,0.0640,-9999.0000,0.6395,-9999.0000,-9999.0000,0.0343,-9999.0000,-9999.0000,-9999.0000,-9999.0000,0.0
734454.000,0.0327,-9999.0000,0.4453,-9999.0000,-9999.0000,0.0552,-9999.0000,-9999.0000,-9999.0000,-9999.0000,0.0
734685.000,0.0550,-9999.0000,0.5834,-9999.0000,-9999.0000,-9999.0000,-9999.0000,-9999.0000,0.1169,-9999.0000,0.0
734916.000,0.0590,-9999.0000,0.6744,-9999.0000,0.0990,-9999.0000,-9999.0000,-9999.0000,-9999.0000,0.0538,0.0
735147.000,0.0608,-9999.0000,0.6046,-9999.0000,-9999.0000,0.0361,0.0792,-9999.0000,-9999.0000,-9999.0000,0.0
735379.000,0.0642,-9999.0000,0.5759,0.1135,-9999.0000,-9999.0000,0.0953,-9999.0000,-9999.0000,0.0538,0.0
735610.000,0.0911,-9999.0000,0.6837,-9999.0000,-9999.0000,0.0761,-9999.0000,-9999.0000,-9999.0000,-9999.0000,0.0
735841.000,0.0441,-9999.0000,0.7248,-9999.0000,-9999.0000,-9999.0000,-9999.0000,-9999.0000,-9999.0000,-9999.0000,0.0
736072.000,0.0431,-9999.0000,0.6137,-9999.0000,-9999.0000,0.0653,-9999.0000,-9999.0000,-9999.0000,-9999.0000,0.0
736303.000,0.0600,-9999.0000,0.6243,-9999.0000,-9999.0000,0.0353,-9999.0000,-9999.0000,-9999.0000,-9999.0000,0.0
736535.000,0.0648,-9999.0000,0.6470,-9999.0000,-9999.0000,0.0453,0.0864,0.1320,-9999.0000,-9999.0000,0.0
736766.000,0.0490,-9999.0000,0.6431,-9999.0000,-9999.0000,0.1180,0.1067,-9999.0000,-9999.0000,-9999.0000,0.0
736997.000,0.0704,-9999.0000,0.6664,-9999.0000,-9999.0000,-9999.0000,-9999.0000,-9999.0000,-9999.0000,-9999.0000,0.0
737228.000,0.0650,-9999.0000,0.5934,-9999.0000,-9999.0000,-9999.0000,0.0966,-9999.0000,-9999.0000,-9999.0000,0.0
737459.000,0.0802,-9999.0000,0.6643,-9999.0000,-9999.0000,-9999.0000,0.1350,-9999.0000,-9999.0000,-9999.0000,0.0
737691.000,0.0753,-9999.0000,0.5638,-9999.0000,-9999.0000,0.0659,0.1459,-9999.0000,0.0745,-9999.0000,0.0
737922.000,0.0550,-9999.0000,0.4668,-9999.0000,-9999.0000,0.0564,0.0881,-9999.0000,-9999.0000,-9999.0000,0.0
738153.000,0.0324,-9999.0000,0.5945,-9999.0000,-9999.0000,-9999.0000,0.0844,-9999.0000,0.1109,-9999.0000,0.0
738509.000,0.0440,-9999.0000,0.6458,-9999.0000,-9999.0000,-9999.0000,-9999.0000,-9999.0000,-9999.0000,0.0551,0.0
738740.000,0.0289,-9999.0000,0.7263,-9999.0000,-9999.0000,0.0574,0.1102,-9999.0000,0.1199,-9999.0000,0.0
738971.000,0.0909,-9999.0000,0.6272,-9999.0000,-9999.0000,-9999.0000,0.0656,-9999.0000,-9999.0000,-9999.0000,0.0
739202.000,0.0809,-9999.0000,0.6264,-9999.0000,-9999.0000,0.0453,-9999.0000,0.1218,0.0882,-9999.0000,0.0
739434.000,0.0387,-9999.0000,0.6968,-9999.0000,-9999.0000,-9999.0000,0.0773,-9999.0000,-9999.0000,0.0553,0.0
739665.000,-9999.0000,-9999.0000,0.5860,-9999.0000,-9999.0000,0.1195,-9999.0000,0.1485,-9999.0000,-9999.0000,0.0
739896.000,0.0495,-9999.0000,0.5429,-9999.0000,-9999.0000,-9999.0000,0.0474,-9999.0000,0.0767,-9999.0000,0.0
740127.000,0.0433,-9999.0000,0.4899,-9999.0000,-9999.0000,-9999.0000,0.0555,-9999.0000,-9999.0000,-9999.0000,0.0
740358.000,0.0659,-9999.0000,0.6080,-9999.0000,0.0691,-9999.0000,0.0481,-9999.0000,0.1176,-9999.0000,0.0
740590.000,0.0284,-9999.0000,0.6633,-9999.0000,-9999.0000,-9999.0000,0.0783,-9999.0000,-9999.0000,-9999.0000,0.0
740821.000,0.0339,0.5069,0.5758,-9999.0000,-9999.0000,-9999.0000,-9999.0000,0.1156,-9999.0000,-9999.0000,0.0
741052.000,0.0662,-9999.0000,0.6999,-9999.0000,0.0694,0.0569,0.0586,-9999.0000,-9999.0000,-9999.0000,0.0
741283.000,0.0382,-9999.0000,0.5852,-9999.0000,-9999.0000,0.0450,0.0559,-9999.0000,0.0742,-9999.0000,0.0
741514.000,0.0752,-9999.0000,0.7000,-9999.0000,-9999.0000,-9999.0000,-9999.0000,-9999.0000,-9999.0000,0.0545,0.0
741746.000,0.0498,-9999.0000,0.7411,-9999.0000,-9999.0000,-9999.0000,0.1285,-9999.0000,-9999.0000,-9999.0000,0.0
741977.000,0.0495,-9999.0000,0.7150,0.0952,-9999.0000,0.0353,-9999.0000,-9999.0000,-9999.0000,-9999.0000,0.0
742208.000,0.0605,-9999.0000,0.5350,-9999.0000,-9999.0000,0.0460,-9999.0000,0.0926,-9999.0000,-9999.0000,0.0
742439.000,0.0500,-9999.0000,0.6591,0.2257,-9999.0000,-9999.0000,0.0481,-9999.0000,-9999.0000,-9999.0000,0.0
742671.000,0.0438,-9999.0000,0.5714,-9999.0000,-9999.0000,-9999.0000,-9999.0000,-9999.0000,-9999.0000,-9999.0000,0.0
742902.000,0.0594,-9999.0000,0.7500,-9999.0000,-9999.0000,0.0346,-9999.0000,-9999.0000,-9999.0000,0.0956,0.0
743133.000,0.0656,0.5514,0.7327,0.1596,-9999.0000,0.0458,0.0574,-9999.0000,-9999.0000,-9999.0000,0.0
743364.000,0.0586,-9999.0000,0.6696,-9999.0000,-9999.0000,0.0441,0.0936,-9999.0000,-9999.0000,-9999.0000,0.0
743595.000,0.0509,-9999.0000,0.7601,-9999.0000,-9999.0000,-9999.0000,-9999.0000,-9999.0000,-9999.0000,-9999.0000,0.0
743827.000,0.0499,-9999.0000,0.8029,-9999.0000,-9999.0000,0.0356,0.0479,-9999.0000,-9999.0000,-9999.0000,0.0
744058.000,0.0499,-9999.0000,0.6524,0.1390,-9999.0000,0.1088,0.0579,-9999.0000,-9999.0000,-9999.0000,0.0
744289.000,0.0707,-9999.0000,0.6639,-9999.0000,-9999.0000,-9999.0000,-9999.0000,-9999.0000,-9999.0000,0.0968,0.0
744520.000,0.0600,-9999.0000,0.6406,-9999.0000,-9999.0000,0.0454,0.0767,-9999.0000,-9999.0000,-9999.0000,0.0
744751.000,0.0489,0.4818,0.7893,-9999.0000,-9999.0000,-9999.0000,0.1255,-9999.0000,-9999.0000,-9999.0000,0.0
744983.000,0.0490,-9999.0000,0.6751,-9999.0000,-9999.0000,-9999.0000,0.1357,-9999.0000,0.1008,-9999.0000,0.0
745214.000,0.0278,-9999.0000,0.6468,-9999.0000,-9999.0000,0.0346,0.0757,-9999.0000,-9999.0000,-9999.0000,0.0
745445.000,0.0335,-9999.0000,0.8032,-9999.0000,-9999.0000,-9999.0000,-9999.0000,0.0913,-9999.0000,0.0970,0.0
745676.000,0.0925,-9999.0000,0.7398,-9999.0000,-9999.0000,0.0876,0.0676,-9999.0000,-9999.0000,-9999.0000,0.0
745907.000,0.0746,-9999.0000,0.7920,-9999.0000,-9999.0000,-9999.0000,-9999.0000,-9999.0000,-9999.0000,-9999.0000,0.0
746139.000,0.0654,-9999.0000,0.8022,-9999.0000,-9999.0000,0.0351,0.1169,-9999.0000,-9999.0000,-9999.0000,0.0
746370.000,0.0811,-9999.0000,0.8262,-9999.0000,-9999.0000,-9999.0000,0.0562,-9999.0000,-9999.0000,-9999.0000,0.0
746601.000,0.0765,-9999.0000,0.7457,-9999.0000,-9999.0000,0.0876,-9999.0000,-9999.0000,-9999.0000,-9999.0000,0.0
746832.000,0.0806,-9999.0000,0.8441,-9999.0000,-9999.0000,-9999.0000,-9999.0000,-9999.0000,-9999.0000,-9999.0000,0.0
747063.000,0.0538,-9999.0000,0.9264,0.1116,-9999.0000,0.0548,-9999.0000,-9999.0000,-9999.0000,-9999.0000,0.0
747295.000,0.0592,-9999.0000,0.8620,-9999.0000,-9999.0000,0.0445,-9999.0000,0.0978,-9999.0000,-9999.0000,0.0
747526.000,0.0708,0.5401,0.8803,0.1154,-9999.0000,0.0455,0.0568,0.1244,-9999.0000,0.0557,0.0
747757.000,0.0556,0.6032,0.9300,-9999.0000,-9999.0000,0.0568,0.0685,-9999.0000,0.0923,-9999.0000,0.0
747988.000,0.0485,-9999.0000,0.8387,-9999.0000,-9999.0000,0.0547,-9999.0000,-9999.0000,-9999.0000,-9999.0000,0.0
748219.000,0.0598,-9999.0000,0.8311,0.1352,-9999.0000,0.0658,0.0760,-9999.0000,-9999.0000,-9999.0000,0.0
748451.000,0.0502,-9999.0000,0.8169,-9999.0000,-9999.0000,0.0567,0.0682,0.0945,-9999.0000,0.0567,0.0
748682.000,0.0764,-9999.0000,0.8603,-9999.0000,-9999.0000,-9999.0000,-9999.0000,-9999.0000,-9999.0000,-9999.0000,0.0
748913.000,0.0550,0.5556,0.8598,-9999.0000,-9999.0000,0.0456,0.0670,-9999.0000,-9999.0000,-9999.0000,0.0
749144.000,0.0824,-9999.0000,0.9517,-9999.0000,-9999.0000,-9999.0000,-9999.0000,-9999.0000,-9999.0000,-9999.0000,0.0
749375.000,0.0543,-9999.0000,1.0871,-9999.0000,-9999.0000,-9999.0000,-9999.0000,-9999.0000,-9999.0000,-9999.0000,0.0
749607.000,0.0392,0.4882,1.0194,-9999.0000,-9999.0000,0.0354,-9999.0000,-9999.0000,-9999.0000,-9999.0000,0.0
749893.000,-9999.0000,-9999.0000,-9999.0000,-9999.0000,-9999.0000,-9999.0000,-9999.0000,-9999.0000,-9999.0000,-9999.0000,1.0
750124.000,-9999.0000,-9999.0000,-9999.0000,-9999.0000,-9999.0000,-9999.0000,-9999.0000,-9999.0000,-9999.0000,-9999.0000,1.0
750355.000,-9999.0000,-9999.0000,-9999.0000,-9999.0000,-9999.0000,-9999.0000,-9999.0000,-9999.0000,-9999.0000,-9999.0000,1.0
750587.000,-9999.0000,-9999.0000,-9999.0000,-9999.0000,-9999.0000,-9999.0000,-9999.0000,-9999.0000,-9999.0000,-9999.0000,1.0
750818.000,-9999.0000,-9999.0000,-9999.0000,-9999.0000,-9999.0000,-9999.0000,-9999.0000,-9999.0000,-9999.0000,-9999.0000,1.0
751049.000,-9999.0000,-9999.0000,-9999.0000,-9999.0000,-9999.0000,-9999.0000,-9999.0000,-9999.0000,-9999.0000,-9999.0000,1.0
751280.000,-9999.0000,-9999.0000,-9999.0000,-9999.0000,-9999.0000,-9999.0000,-9999.0000,-9999.0000,-9999.0000,-9999.0000,1.0
751511.000,-9999.0000,-9999.0000,-9999.0000,-9999.0000,-9999.0000,-9999.0000,-9999.0000,-9999.0000,-9999.0000,-9999.0000,1.0
751805.000,0.0543,0.6200,0.9719,-9999.0000,-9999.0000,-9999.0000,0.0654,-9999.0000,-9999.0000,-9999.0000,0.0
752036.000,0.0391,-9999.0000,1.0269,-9999.0000,-9999.0000,-9999.0000,-9999.0000,-9999.0000,-9999.0000,-9999.0000,0.0
752267.000,0.0652,0.6183,1.0084,0.0922,-9999.0000,0.0554,-9999.0000,-9999.0000,-9999.0000,-9999.0000,0.0
752498.000,0.0705,-9999.0000,0.8544,-9999.0000,-9999.0000,-9999.0000,0.0659,-9999.0000,0.1015,0.0555,0.0
752729.000,0.0548,0.5289,0.9667,-9999.0000,-9999.0000,0.0452,0.1262,-9999.0000,-9999.0000,-9999.0000,0.0
752961.000,0.0337,-9999.0000,0.9104,-9999.0000,-9999.0000,0.0351,-9999.0000,-9999.0000,0.0901,0.0562,0.0
753192.000,-9999.0000,0.5287,0.8873,-9999.0000,-9999.0000,-9999.0000,-9999.0000,0.1411,-9999.0000,0.0545,0.0
753423.000,0.0599,-9999.0000,0.7765,0.1557,-9999.0000,-9999.0000,-9999.0000,-9999.0000,-9999.0000,-9999.0000,0.0
753654.000,0.0708,-9999.0000,0.8624,-9999.0000,-9999.0000,0.0660,-9999.0000,-9999.0000,-9999.0000,-9999.0000,0.0
753885.000,0.0590,-9999.0000,0.8595,-9999.0000,-9999.0000,-9999.0000,-9999.0000,-9999.0000,-9999.0000,-9999.0000,0.0
754117.000,0.0604,-9999.0000,0.8819,-9999.0000,-9999.0000,-9999.0000,0.0566,-9999.0000,-9999.0000,-9999.0000,0.0
754348.000,0.0916,0.6621,0.6549,-9999.0000,0.0570,0.0656,0.0755,0.1009,-9999.0000,-9999.0000,0.0
754579.000,0.1019,-9999.0000,0.8553,-9999.0000,-9999.0000,0.1170,0.1048,-9999.0000,-9999.0000,-9999.0000,0.0
754810.000,0.0442,0.6235,0.9076,-9999.0000,-9999.0000,0.0453,-9999.0000,-9999.0000,-9999.0000,-9999.0000,0.0
755042.000,0.0761,0.6492,0.6917,-9999.0000,-9999.0000,0.1076,-9999.0000,-9999.0000,-9999.0000,-9999.0000,0.0
755273.000,0.0612,0.5034,0.8651,-9999.0000,-9999.0000,0.0568,0.0682,-9999.0000,-9999.0000,-9999.0000,0.0
755504.000,0.0440,0.5387,0.8602,-9999.0000,-9999.0000,0.0346,0.0557,-9999.0000,-9999.0000,-9999.0000,0.0
755735.000,0.1135,0.6641,0.9304,-9999.0000,-9999.0000,0.0869,-9999.0000,-9999.0000,-9999.0000,-9999.0000,0.0
755966.000,0.1143,0.6743,0.8703,0.1374,-9999.0000,0.0458,0.0673,-9999.0000,-9999.0000,-9999.0000,0.0
756198.000,0.0497,0.6003,0.8049,-9999.0000,-9999.0000,0.0558,0.1167,-9999.0000,0.1294,-9999.0000,0.0
756429.000,0.0608,0.7822,0.9266,-9999.0000,-9999.0000,0.0668,-9999.0000,0.1166,-9999.0000,0.0568,0.0
756660.000,0.0329,-9999.0000,1.0031,-9999.0000,-9999.0000,0.0956,-9999.0000,0.1527,-9999.0000,-9999.0000,0.0
756891.000,0.0932,0.5781,0.9676,-9999.0000,-9999.0000,0.0879,0.1584,0.1730,-9999.0000,-9999.0000,0.0
757122.000,0.0657,0.6859,0.8932,0.1357,-9999.0000,0.0558,0.0965,-9999.0000,0.1161,-9999.0000,0.0
757354.000,0.0598,0.8791,0.8255,-9999.0000,-9999.0000,0.1484,-9999.0000,-9999.0000,-9999.0000,-9999.0000,0.0
757585.000,-9999.0000,0.5225,0.9743,-9999.0000,-9999.0000,0.0759,-9999.0000,-9999.0000,-9999.0000,-9999.0000,0.0
757816.000,0.0392,0.6695,1.0674,0.1149,-9999.0000,-9999.0000,-9999.0000,-9999.0000,0.1167,-9999.0000,0.0
758047.000,0.0391,0.4999,0.7495,-9999.0000,0.0575,0.0454,0.0564,-9999.0000,-9999.0000,-9999.0000,0.0
758278.000,0.0858,0.5003,0.9024,-9999.0000,-9999.0000,0.0650,0.0644,-9999.0000,-9999.0000,-9999.0000,0.0
758510.000,0.0329,0.5762,0.9387,-9999.0000,-9999.0000,0.0442,0.1136,-9999.0000,-9999.0000,-9999.0000,0.0
758741.000,0.1047,0.6028,0.8469,-9999.0000,-9999.0000,0.1203,-9999.0000,0.1202,-9999.0000,-9999.0000,0.0
758972.000,0.1041,0.6337,1.0809,0.0951,-9999.0000,0.0460,0.0475,-9999.0000,-9999.0000,0.0573,0.0
759203.000,0.0971,0.5433,0.8377,0.0911,-9999.0000,0.0967,-9999.0000,-9999.0000,-9999.0000,-9999.0000,0.0
759434.000,0.0869,0.6626,1.0518,-9999.0000,-9999.0000,0.0348,0.0560,-9999.0000,0.1025,-9999.0000,0.0
759666.000,0.0657,0.6045,0.9590,0.1138,0.0574,-9999.0000,-9999.0000,0.1699,-9999.0000,-9999.0000,0.0
759897.000,0.0909,0.5099,0.7473,-9999.0000,-9999.0000,-9999.0000,0.1036,0.1096,-9999.0000,-9999.0000,0.0
760128.000,-9999.0000,0.6995,0.9465,-9999.0000,-9999.0000,0.0862,0.1050,-9999.0000,-9999.0000,0.1378,0.0
760359.000,0.0813,0.6841,1.1092,-9999.0000,-9999.0000,-9999.0000,0.0955,0.1353,-9999.0000,-9999.0000,0.0
760590.000,0.1025,0.7490,0.8824,0.0911,-9999.0000,0.0760,0.0554,-9999.0000,-9999.0000,-9999.0000,0.0
760822.000,0.0765,0.5859,1.0487,-9999.0000,-9999.0000,-9999.0000,0.0562,-9999.0000,-9999.0000,-9999.0000,0.0
761053.000,0.0552,0.6677,0.8673,-9999.0000,-9999.0000,0.0767,0.1267,-9999.0000,-9999.0000,-9999.0000,0.0
761284.000,0.0873,0.8216,0.9566,0.0929,-9999.0000,-9999.0000,0.1368,-9999.0000,-9999.0000,-9999.0000,0.0
761515.000,0.1070,0.7239,0.8701,0.1526,-9999.0000,0.0340,0.0543,-9999.0000,0.0997,-9999.0000,0.0
761746.000,0.0880,0.7139,0.9644,-9999.0000,-9999.0000,0.0460,-9999.0000,-9999.0000,-9999.0000,0.0991,0.0
761978.000,0.1083,0.8293,0.8925,0.0920,0.0999,0.0452,0.0559,0.1368,-9999.0000,0.0564,0.0
762209.000,0.0699,0.6360,1.0166,0.1098,-9999.0000,0.0545,0.1136,-9999.0000,-9999.0000,0.0552,0.0
762440.000,0.0760,0.4847,0.7894,-9999.0000,-9999.0000,-9999.0000,0.0853,-9999.0000,0.1016,0.0561,0.0
762671.000,0.0656,0.7011,0.7865,-9999.0000,-9999.0000,0.0555,-9999.0000,-9999.0000,-9999.0000,-9999.0000,0.0
762902.000,0.0888,0.6052,0.8773,0.1183,-9999.0000,-9999.0000,0.0484,-9999.0000,-9999.0000,-9999.0000,0.0
763134.000,0.0335,0.5631,0.8330,-9999.0000,-9999.0000,0.0345,-9999.0000,-9999.0000,-9999.0000,-9999.0000,0.0
763365.000,0.0937,0.5903,0.8610,-9999.0000,-9999.0000,0.0777,0.1084,-9999.0000,-9999.0000,-9999.0000,0.0
763596.000,0.0502,0.6196,0.7822,-9999.0000,-9999.0000,-9999.0000,-9999.0000,-9999.0000,-9999.0000,0.0986,0.0
763827.000,0.0675,0.6308,0.9933,-9999.0000,0.0808,0.0362,-9999.0000,-9999.0000,0.0951,0.1007,0.0
764125.000,-9999.0000,-9999.0000,-9999.0000,-9999.0000,-9999.0000,-9999.0000,-9999.0000,-9999.0000,-9999.0000,-9999.0000,1.0
764356.000,-9999.0000,-9999.0000,-9999.0000,-9999.0000,-9999.0000,-9999.0000,-9999.0000,-9999.0000,-9999.0000,-9999.0000,1.0
764587.000,-9999.0000,-9999.0000,-9999.0000,-9999.0000,-9999.0000,-9999.0000,-9999.0000,-9999.0000,-9999.0000,-9999.0000,1.0
764819.000,-9999.0000,-9999.0000,-9999.0000,-9999.0000,-9999.0000,-9999.0000,-9999.0000,-9999.0000,-9999.0000,-9999.0000,1.0
765050.000,-9999.0000,-9999.0000,-9999.0000,-9999.0000,-9999.0000,-9999.0000,-9999.0000,-9999.0000,-9999.0000,-9999.0000,1.0
765281.000,-9999.0000,-9999.0000,-9999.0000,-9999.0000,-9999.0000,-9999.0000,-9999.0000,-9999.0000,-9999.0000,-9999.0000,1.0
765512.000,-9999.0000,-9999.0000,-9999.0000,-9999.0000,-9999.0000,-9999.0000,-9999.0000,-9999.0000,-9999.0000,-9999.0000,1.0
765743.000,-9999.0000,-9999.0000,-9999.0000,-9999.0000,-9999.0000,-9999.0000,-9999.0000,-9999.0000,-9999.0000,-9999.0000,1.0
766032.000,0.0762,0.5323,0.8461,-9999.0000,-9999.0000,-9999.0000,-9999.0000,-9999.0000,-9999.0000,-9999.0000,0.0
766263.000,0.1190,0.6754,0.8043,-9999.0000,-9999.0000,0.0555,0.0657,-9999.0000,0.1027,0.0566,0.0
766494.000,0.0547,0.4944,0.8871,0.1111,-9999.0000,0.0446,-9999.0000,-9999.0000,-9999.0000,0.0971,0.0
766725.000,0.0333,0.6786,0.7895,-9999.0000,-9999.0000,0.0546,-9999.0000,0.1334,-9999.0000,-9999.0000,0.0
766957.000,0.0338,-9999.0000,0.9258,-9999.0000,-9999.0000,-9999.0000,-9999.0000,-9999.0000,-9999.0000,-9999.0000,0.0
767188.000,-9999.0000,0.5063,0.9872,0.1170,-9999.0000,0.0884,0.1087,-9999.0000,-9999.0000,-9999.0000,0.0
767419.000,0.0709,-9999.0000,0.7805,-9999.0000,-9999.0000,-9999.0000,-9999.0000,-9999.0000,-9999.0000,-9999.0000,0.0
767650.000,0.0605,0.5759,0.9483,-9999.0000,-9999.0000,-9999.0000,-9999.0000,-9999.0000,-9999.0000,-9999.0000,0.0
767881.000,-9999.0000,-9999.0000,0.8841,-9999.0000,-9999.0000,0.0770,-9999.0000,-9999.0000,-9999.0000,-9999.0000,0.0
768113.000,0.0603,-9999.0000,0.7691,-9999.0000,-9999.0000,-9999.0000,0.0552,-9999.0000,-9999.0000,-9999.0000,0.0
768344.000,0.0402,0.6018,0.8427,-9999.0000,-9999.0000,0.0463,-9999.0000,0.1214,-9999.0000,-9999.0000,0.0
768575.000,0.0286,0.6440,0.8833,-9999.0000,-9999.0000,0.0451,-9999.0000,-9999.0000,0.0899,-9999.0000,0.0
768806.000,0.1035,0.5554,0.8362,-9999.0000,-9999.0000,-9999.0000,0.0863,-9999.0000,-9999.0000,0.0985,0.0
769037.000,0.0980,0.5454,0.9228,-9999.0000,-9999.0000,0.0452,-9999.0000,0.1051,0.0770,-9999.0000,0.0
769269.000,0.0399,-9999.0000,1.0101,-9999.0000,-9999.0000,0.0564,0.0975,-9999.0000,-9999.0000,-9999.0000,0.0
769500.000,0.0605,-9999.0000,0.9374,-9999.0000,-9999.0000,-9999.0000,-9999.0000,-9999.0000,-9999.0000,-9999.0000,0.0
769731.000,0.0282,0.4930,0.9859,-9999.0000,-9999.0000,0.0445,0.0645,0.0912,-9999.0000,-9999.0000,0.0
769962.000,0.0336,0.4891,0.9053,0.0898,-9999.0000,0.0343,-9999.0000,0.1029,0.1146,0.0564,0.0
770193.000,0.0616,-9999.0000,0.7401,-9999.0000,-9999.0000,-9999.0000,-9999.0000,-9999.0000,-9999.0000,-9999.0000,0.0
770425.000,0.0612,-9999.0000,0.9419,-9999.0000,-9999.0000,0.0352,-9999.0000,-9999.0000,-9999.0000,-9999.0000,0.0
770656.000,0.0282,-9999.0000,0.8530,-9999.0000,-9999.0000,0.0341,-9999.0000,-9999.0000,-9999.0000,0.0561,0.0
770887.000,0.0594,-9999.0000,0.8677,0.1292,-9999.0000,0.0336,-9999.0000,-9999.0000,-9999.0000,-9999.0000,0.0
771118.000,0.0559,-9999.0000,0.7693,-9999.0000,-9999.0000,-9999.0000,-9999.0000,-9999.0000,0.0921,-9999.0000,0.0
771349.000,0.0872,-9999.0000,0.8887,-9999.0000,-9999.0000,0.0555,-9999.0000,-9999.0000,-9999.0000,-9999.0000,0.0
771581.000,0.0505,0.6499,0.8137,-9999.0000,0.0579,-9999.0000,-9999.0000,0.1079,-9999.0000,0.0578,0.0
771812.000,0.0814,0.6869,0.9659,-9999.0000,-9999.0000,0.0343,0.0846,-9999.0000,-9999.0000,-9999.0000,0.0
772043.000,0.0614,-9999.0000,0.7876,-9999.0000,-9999.0000,0.0458,-9999.0000,-9999.0000,-9999.0000,-9999.0000,0.0
772274.000,0.0664,0.7047,0.6331,-9999.0000,-9999.0000,-9999.0000,0.1066,-9999.0000,0.1308,-9999.0000,0.0
772506.000,0.0442,0.5191,0.8543,-9999.0000,-9999.0000,0.0341,-9999.0000,-9999.0000,-9999.0000,-9999.0000,0.0
772737.000,0.0453,0.7744,0.8776,-9999.0000,-9999.0000,-9999.0000,-9999.0000,-9999.0000,-9999.0000,-9999.0000,0.0
772968.000,0.0941,0.4853,0.8423,-9999.0000,-9999.0000,-9999.0000,-9999.0000,-9999.0000,-9999.0000,-9999.0000,0.0
773199.000,0.0612,-9999.0000,0.8627,-9999.0000,-9999.0000,0.0560,0.0565,-9999.0000,-9999.0000,-9999.0000,0.0
773430.000,0.0871,-9999.0000,0.9922,-9999.0000,-9999.0000,0.0345,0.0752,-9999.0000,-9999.0000,-9999.0000,0.0
773662.000,0.0456,-9999.0000,0.8985,0.1378,-9999.0000,-9999.0000,0.0982,-9999.0000,-9999.0000,0.0586,0.0
773893.000,0.0402,0.6451,0.8640,-9999.0000,-9999.0000,-9999.0000,-9999.0000,-9999.0000,-9999.0000,-9999.0000,0.0
774124.000,0.0514,-9999.0000,0.8305,-9999.0000,-9999.0000,-9999.0000,-9999.0000,0.1122,-9999.0000,0.0591,0.0
774355.000,0.0347,-9999.0000,0.8009,-9999.0000,-9999.0000,0.0564,-9999.0000,-9999.0000,-9999.0000,-9999.0000,0.0
774586.000,0.0542,-9999.0000,0.9073,-9999.0000,-9999.0000,0.0336,-9999.0000,-9999.0000,-9999.0000,-9999.0000,0.0
774818.000,0.0491,-9999.0000,0.7454,-9999.0000,-9999.0000,0.0750,-9999.0000,-9999.0000,-9999.0000,-9999.0000,0.0
775049.000,0.0880,-9999.0000,0.6794,-9999.0000,-9999.0000,-9999.0000,-9999.0000,-9999.0000,-9999.0000,-9999.0000,0.0
775280.000,0.0615,-9999.0000,0.9112,0.1148,-9999.0000,0.0353,-9999.0000,-9999.0000,-9999.0000,0.0583,0.0
775511.000,0.1045,-9999.0000,1.0119,-9999.0000,-9999.0000,0.0668,-9999.0000,-9999.0000,-9999.0000,-9999.0000,0.0
775742.000,0.0884,0.5258,0.8332,-9999.0000,-9999.0000,0.0563,-9999.0000,-9999.0000,-9999.0000,-9999.0000,0.0
775974.000,0.0520,-9999.0000,0.9468,-9999.0000,-9999.0000,-9999.0000,-9999.0000,-9999.0000,-9999.0000,0.0601,0.0
776205.000,0.0826,-9999.0000,0.8130,-9999.0000,-9999.0000,-9999.0000,-9999.0000,-9999.0000,-9999.0000,0.2239,0.0
776436.000,0.0455,-9999.0000,0.7348,-9999.0000,-9999.0000,0.0459,-9999.0000,-9999.0000,-9999.0000,-9999.0000,0.0
776667.000,0.0511,-9999.0000,0.8603,-9999.0000,-9999.0000,-9999.0000,0.1286,-9999.0000,-9999.0000,-9999.0000,0.0
776898.000,0.0884,-9999.0000,0.8108,-9999.0000,-9999.0000,-9999.0000,-9999.0000,-9999.0000,-9999.0000,-9999.0000,0.0
777130.000,0.1085,-9999.0000,0.7892,-9999.0000,0.0570,0.0345,-9999.0000,-9999.0000,-9999.0000,0.0572,0.0
777361.000,0.0793,-9999.0000,0.8792,0.0978,-9999.0000,0.0898,0.1005,-9999.0000,-9999.0000,-9999.0000,0.0
777592.000,0.0339,-9999.0000,0.8101,-9999.0000,-9999.0000,-9999.0000,-9999.0000,-9999.0000,-9999.0000,0.1395,0.0
777823.000,0.1052,-9999.0000,0.8956,0.0946,-9999.0000,-9999.0000,0.0780,-9999.0000,-9999.0000,-9999.0000,0.0
778054.000,0.1101,-9999.0000,0.8352,0.1365,-9999.0000,-9999.0000,-9999.0000,0.1882,-9999.0000,-9999.0000,0.0
778286.000,0.0618,-9999.0000,0.9931,-9999.0000,-9999.0000,0.0460,0.0471,-9999.0000,0.0935,-9999.0000,0.0
778517.000,0.0452,0.5194,0.8464,-9999.0000,-9999.0000,-9999.0000,-9999.0000,-9999.0000,-9999.0000,-9999.0000,0.0
778748.000,0.0568,0.5369,1.0093,-9999.0000,0.0694,0.0358,0.1087,-9999.0000,-9999.0000,-9999.0000,0.0
778979.000,0.0455,-9999.0000,0.8459,-9999.0000,-9999.0000,-9999.0000,-9999.0000,-9999.0000,-9999.0000,-9999.0000,0.0
779210.000,0.0940,-9999.0000,0.7569,-9999.0000,-9999.0000,0.0564,-9999.0000,-9999.0000,0.1064,-9999.0000,0.0
779442.000,0.0777,-9999.0000,0.7114,-9999.0000,-9999.0000,0.0563,-9999.0000,-9999.0000,-9999.0000,0.1835,0.0
779673.000,0.0457,-9999.0000,0.8265,0.2019,-9999.0000,-9999.0000,-9999.0000,0.0999,-9999.0000,-9999.0000,0.0
779904.000,0.0345,-9999.0000,0.8907,-9999.0000,0.0682,-9999.0000,-9999.0000,0.2080,-9999.0000,-9999.0000,0.0
780135.000,0.0707,-9999.0000,0.8377,-9999.0000,-9999.0000,0.0546,-9999.0000,0.0920,0.0748,0.1386,0.0
780366.000,0.0506,-9999.0000,0.9136,0.1346,-9999.0000,-9999.0000,0.0763,0.1417,0.1578,-9999.0000,0.0
780598.000,0.0559,-9999.0000,0.6632,-9999.0000,-9999.0000,0.0559,-9999.0000,-9999.0000,-9999.0000,-9999.0000,0.0
780829.000,0.0550,-9999.0000,0.6140,-9999.0000,-9999.0000,-9999.0000,-9999.0000,-9999.0000,-9999.0000,-9999.0000,0.0
781060.000,0.0518,-9999.0000,0.8361,-9999.0000,-9999.0000,0.0361,-9999.0000,-9999.0000,-9999.0000,0.1021,0.0
781291.000,0.0672,-9999.0000,0.7470,-9999.0000,-9999.0000,0.0775,-9999.0000,-9999.0000,-9999.0000,0.0589,0.0
781522.000,0.0352,-9999.0000,0.7401,-9999.0000,0.0585,-9999.0000,-9999.0000,-9999.0000,-9999.0000,-9999.0000,0.0
781754.000,0.0456,-9999.0000,0.9480,-9999.0000,-9999.0000,0.0459,0.0569,0.1106,-9999.0000,-9999.0000,0.0
781985.000,-9999.0000,-9999.0000,0.7811,-9999.0000,-9999.0000,-9999.0000,-9999.0000,-9999.0000,-9999.0000,-9999.0000,0.0
782216.000,0.0303,-9999.0000,0.8390,-9999.0000,-9999.0000,0.0896,-9999.0000,-9999.0000,-9999.0000,-9999.0000,0.0
782447.000,0.0615,-9999.0000,0.6993,-9999.0000,-9999.0000,-9999.0000,-9999.0000,-9999.0000,-9999.0000,-9999.0000,0.0
782678.000,0.0411,-9999.0000,0.8159,-9999.0000,-9999.0000,0.0363,0.0794,0.1496,-9999.0000,-9999.0000,0.0
782910.000,0.0990,-9999.0000,0.9046,-9999.0000,0.0577,-9999.0000,-9999.0000,-9999.0000,-9999.0000,-9999.0000,0.0
783141.000,0.0741,-9999.0000,0.7168,-9999.0000,-9999.0000,0.0685,0.0491,-9999.0000,-9999.0000,0.0607,0.0
783372.000,0.0555,-9999.0000,0.6745,-9999.0000,-9999.0000,0.0552,0.0549,-9999.0000,-9999.0000,-9999.0000,0.0
783603.000,0.0455,-9999.0000,0.8396,-9999.0000,-9999.0000,0.0456,-9999.0000,-9999.0000,0.0795,-9999.0000,0.0
783834.000,0.0343,-9999.0000,0.7657,-9999.0000,-9999.0000,0.0763,-9999.0000,0.1848,-9999.0000,-9999.0000,0.0
784066.000,0.0763,-9999.0000,0.6425,0.1091,0.0564,0.0340,-9999.0000,0.1483,-9999.0000,-9999.0000,0.0
784297.000,0.0511,-9999.0000,0.8144,-9999.0000,-9999.0000,-9999.0000,0.0974,-9999.0000,0.1333,-9999.0000,0.0
784528.000,0.0569,-9999.0000,0.9047,-9999.0000,-9999.0000,-9999.0000,0.0781,-9999.0000,-9999.0000,-9999.0000,0.0
784759.000,0.0515,-9999.0000,0.7693,-9999.0000,-9999.0000,-9999.0000,0.1086,0.0907,-9999.0000,-9999.0000,0.0
784990.000,-9999.0000,-9999.0000,0.8215,-9999.0000,-9999.0000,-9999.0000,-9999.0000,-9999.0000,-9999.0000,-9999.0000,0.0
785222.000,0.0571,-9999.0000,0.7102,-9999.0000,-9999.0000,-9999.0000,-9999.0000,-9999.0000,-9999.0000,-9999.0000,0.0
785453.000,0.0557,-9999.0000,0.8879,-9999.0000,0.0892,0.0346,0.0854,-9999.0000,0.1171,-9999.0000,0.0
785684.000,-9999.0000,-9999.0000,0.8913,-9999.0000,-9999.0000,-9999.0000,-9999.0000,0.1642,-9999.0000,0.0584,0.0
785915.000,0.0520,-9999.0000,0.7191,-9999.0000,-9999.0000,0.0361,0.0586,-9999.0000,-9999.0000,-9999.0000,0.0
786146.000,0.0456,-9999.0000,0.6566,-9999.0000,-9999.0000,0.0772,-9999.0000,-9999.0000,-9999.0000,-9999.0000,0.0
786378.000,0.0457,-9999.0000,0.6850,-9999.0000,-9999.0000,0.0457,0.0869,-9999.0000,0.1064,0.1840,0.0
786609.000,0.0353,-9999.0000,0.7354,-9999.0000,-9999.0000,0.0462,-9999.0000,-9999.0000,-9999.0000,-9999.0000,0.0
786840.000,0.0616,-9999.0000,0.7280,-9999.0000,-9999.0000,-9999.0000,0.0663,-9999.0000,-9999.0000,-9999.0000,0.0
787071.000,0.0659,-9999.0000,0.7929,-9999.0000,-9999.0000,-9999.0000,0.0841,-9999.0000,-9999.0000,-9999.0000,0.0
787302.000,0.0404,-9999.0000,0.6754,-9999.0000,-9999.0000,-9999.0000,-9999.0000,-9999.0000,-9999.0000,-9999.0000,0.0
787534.000,0.0892,-9999.0000,0.7566,0.1800,-9999.0000,0.0566,-9999.0000,0.1126,-9999.0000,-9999.0000,0.0
787765.000,0.0609,-9999.0000,0.8251,-9999.0000,-9999.0000,-9999.0000,-9999.0000,0.1290,-9999.0000,-9999.0000,0.0
787996.000,0.0839,-9999.0000,0.8079,-9999.0000,-9999.0000,-9999.0000,0.0675,-9999.0000,-9999.0000,-9999.0000,0.0
788227.000,0.0836,-9999.0000,0.7997,-9999.0000,-9999.0000,0.0353,-9999.0000,0.1232,-9999.0000,-9999.0000,0.0
788458.000,0.0879,-9999.0000,0.5844,0.1541,-9999.0000,-9999.0000,0.0552,-9999.0000,-9999.0000,-9999.0000,0.0
788690.000,0.0627,-9999.0000,0.8408,0.1165,-9999.0000,0.0359,0.0682,-9999.0000,-9999.0000,0.0602,0.0
788921.000,0.1002,-9999.0000,0.9437,-9999.0000,-9999.0000,0.0779,-9999.0000,0.1359,-9999.0000,-9999.0000,0.0
789152.000,0.0517,-9999.0000,0.6588,-9999.0000,-9999.0000,-9999.0000,0.1392,-9999.0000,-9999.0000,-9999.0000,0.0
789383.000,-9999.0000,-9999.0000,0.8325,-9999.0000,-9999.0000,0.0357,0.0473,0.1251,-9999.0000,0.0599,0.0
789614.000,0.0360,-9999.0000,0.7173,0.1183,-9999.0000,-9999.0000,0.1001,-9999.0000,-9999.0000,-9999.0000,0.0
789846.000,0.0677,-9999.0000,0.7513,-9999.0000,-9999.0000,-9999.0000,-9999.0000,-9999.0000,-9999.0000,-9999.0000,0.0
790077.000,0.0731,-9999.0000,0.6455,0.1583,-9999.0000,0.0355,-9999.0000,-9999.0000,-9999.0000,-9999.0000,0.0
790308.000,0.1049,-9999.0000,0.6912,-9999.0000,-9999.0000,0.0666,0.1171,0.1224,0.1330,-9999.0000,0.0
790539.000,0.0828,-9999.0000,0.8137,-9999.0000,-9999.0000,0.0974,-9999.0000,-9999.0000,-9999.0000,-9999.0000,0.0
790770.000,0.0814,-9999.0000,0.8663,-9999.0000,-9999.0000,0.0440,0.1030,0.1918,0.1010,-9999.0000,0.0
791002.000,0.0671,-9999.0000,0.7843,-9999.0000,-9999.0000,0.0664,0.0964,-9999.0000,-9999.0000,-9999.0000,0.0
791233.000,0.0836,-9999.0000,0.9055,-9999.0000,-9999.0000,0.0457,-9999.0000,-9999.0000,-9999.0000,-9999.0000,0.0
791464.000,0.0457,-9999.0000,0.7795,-9999.0000,-9999.0000,0.0875,0.0561,-9999.0000,-9999.0000,-9999.0000,0.0
791695.000,0.0302,-9999.0000,0.7235,-9999.0000,-9999.0000,0.0571,-9999.0000,-9999.0000,-9999.0000,0.1025,0.0
791926.000,0.0460,-9999.0000,0.7675,-9999.0000,-9999.0000,0.0353,-9999.0000,-9999.0000,0.0809,0.0597,0.0
792158.000,0.0288,-9999.0000,0.7711,-9999.0000,-9999.0000,-9999.0000,-9999.0000,-9999.0000,0.0759,-9999.0000,0.0
792389.000,0.0622,-9999.0000,0.8627,-9999.0000,0.0797,0.0670,-9999.0000,0.1688,-9999.0000,-9999.0000,0.0
792620.000,0.0779,-9999.0000,0.8071,-9999.0000,-9999.0000,-9999.0000,0.0762,-9999.0000,-9999.0000,0.1424,0.0
792851.000,0.0884,-9999.0000,0.8769,0.0902,-9999.0000,0.0871,-9999.0000,0.1210,-9999.0000,-9999.0000,0.0
793082.000,0.0908,-9999.0000,0.8446,-9999.0000,-9999.0000,-9999.0000,0.0592,-9999.0000,0.1524,-9999.0000,0.0
793314.000,0.0839,-9999.0000,0.8023,0.1359,-9999.0000,-9999.0000,0.1484,-9999.0000,-9999.0000,-9999.0000,0.0
793545.000,0.0412,-9999.0000,0.7470,-9999.0000,-9999.0000,0.0465,0.0580,-9999.0000,-9999.0000,-9999.0000,0.0
793776.000,0.0474,-9999.0000,1.0589,-9999.0000,-9999.0000,-9999.0000,0.1009,-9999.0000,-9999.0000,-9999.0000,0.0
794007.000,0.0782,-9999.0000,0.8270,-9999.0000,0.0579,0.0456,-9999.0000,-9999.0000,0.0803,-9999.0000,0.0
794238.000,0.0521,-9999.0000,0.7703,-9999.0000,-9999.0000,0.0678,-9999.0000,-9999.0000,-9999.0000,-9999.0000,0.0
794470.000,0.0353,-9999.0000,0.7339,-9999.0000,-9999.0000,-9999.0000,-9999.0000,-9999.0000,0.0809,-9999.0000,0.0
794701.000,0.0400,-9999.0000,0.6974,-9999.0000,-9999.0000,-9999.0000,0.0853,-9999.0000,-9999.0000,-9999.0000,0.0
794932.000,0.0673,-9999.0000,0.7860,0.0909,-9999.0000,-9999.0000,0.0964,-9999.0000,-9999.0000,-9999.0000,0.0
795163.000,0.0362,-9999.0000,0.7144,-9999.0000,-9999.0000,-9999.0000,0.1311,-9999.0000,-9999.0000,-9999.0000,0.0
795394.000,0.0462,-9999.0000,0.9093,-9999.0000,-9999.0000,0.0670,0.0873,-9999.0000,-9999.0000,-9999.0000,0.0
795626.000,0.0736,-9999.0000,0.6437,-9999.0000,-9999.0000,-9999.0000,0.0473,-9999.0000,-9999.0000,-9999.0000,0.0
795857.000,-9999.0000,-9999.0000,0.7508,-9999.0000,-9999.0000,-9999.0000,0.0870,0.1690,-9999.0000,-9999.0000,0.0
796088.000,0.0583,-9999.0000,0.7960,-9999.0000,-9999.0000,-9999.0000,-9999.0000,-9999.0000,0.1126,-9999.0000,0.0
796319.000,0.1116,-9999.0000,0.8641,-9999.0000,-9999.0000,0.0357,-9999.0000,-9999.0000,0.0960,-9999.0000,0.0
796550.000,0.0573,-9999.0000,0.7556,0.0932,-9999.0000,0.1097,0.0471,-9999.0000,-9999.0000,-9999.0000,0.0
796782.000,0.0458,-9999.0000,0.6130,-9999.0000,-9999.0000,0.0454,0.0558,0.1116,-9999.0000,-9999.0000,0.0
797013.000,0.0618,-9999.0000,0.8299,-9999.0000,0.0575,0.0558,0.0860,-9999.0000,-9999.0000,-9999.0000,0.0
797244.000,0.0841,-9999.0000,0.7479,0.0925,-9999.0000,0.0671,0.0671,-9999.0000,-9999.0000,-9999.0000,0.0
797475.000,0.0685,-9999.0000,0.8216,-9999.0000,-9999.0000,-9999.0000,0.0477,-9999.0000,-9999.0000,-9999.0000,0.0
797706.000,0.0515,-9999.0000,0.7625,-9999.0000,-9999.0000,-9999.0000,0.0870,-9999.0000,-9999.0000,-9999.0000,0.0
797938.000,0.0410,-9999.0000,0.7051,-9999.0000,-9999.0000,0.0673,0.0572,0.0927,-9999.0000,-9999.0000,0.0
798169.000,0.0569,-9999.0000,0.6673,-9999.0000,-9999.0000,0.0563,-9999.0000,-9999.0000,-9999.0000,-9999.0000,0.0
798400.000,0.0894,-9999.0000,0.7132,-9999.0000,-9999.0000,-9999.0000,0.1278,-9999.0000,-9999.0000,-9999.0000,0.0
798631.000,0.0664,-9999.0000,0.8098,0.1303,-9999.0000,0.0342,-9999.0000,0.0970,-9999.0000,-9999.0000,0.0
798862.000,0.0411,-9999.0000,0.6835,-9999.0000,-9999.0000,-9999.0000,0.0777,0.2393,-9999.0000,-9999.0000,0.0
799094.000,0.0903,-9999.0000,0.7719,-9999.0000,-9999.0000,0.0997,0.0887,-9999.0000,-9999.0000,-9999.0000,0.0
799325.000,0.0471,-9999.0000,0.7190,-9999.0000,-9999.0000,-9999.0000,-9999.0000,0.0960,-9999.0000,-9999.0000,0.0
799556.000,0.0778,-9999.0000,0.7005,-9999.0000,0.0573,0.0347,-9999.0000,-9999.0000,-9999.0000,-9999.0000,0.0
799787.000,0.0301,-9999.0000,0.8669,-9999.0000,-9999.0000,-9999.0000,-9999.0000,-9999.0000,-9999.0000,-9999.0000,0.0
800018.000,0.0743,-9999.0000,0.7522,-9999.0000,-9999.0000,-9999.0000,0.0892,-9999.0000,-9999.0000,-9999.0000,0.0
800250.000,0.0837,-9999.0000,0.8675,-9999.0000,-9999.0000,-9999.0000,0.0764,-9999.0000,-9999.0000,-9999.0000,0.0
800481.000,0.0740,-9999.0000,0.8225,-9999.0000,-9999.0000,0.0358,0.0988,-9999.0000,0.1103,0.1454,0.0
800712.000,0.0636,-9999.0000,0.7659,-9999.0000,-9999.0000,0.0469,-9999.0000,-9999.0000,-9999.0000,-9999.0000,0.0
800943.000,0.0468,-9999.0000,0.7156,-9999.0000,-9999.0000,-9999.0000,0.0476,-9999.0000,0.2043,-9999.0000,0.0
801175.000,0.0354,-9999.0000,0.7121,-9999.0000,-9999.0000,-9999.0000,0.0664,-9999.0000,-9999.0000,-9999.0000,0.0
801406.000,0.0702,-9999.0000,0.7552,-9999.0000,-9999.0000,-9999.0000,-9999.0000,-9999.0000,0.1021,-9999.0000,0.0
801637.000,-9999.0000,-9999.0000,0.7101,-9999.0000,-9999.0000,-9999.0000,0.0650,-9999.0000,-9999.0000,-9999.0000,0.0
801868.000,0.0417,-9999.0000,0.7599,-9999.0000,-9999.0000,0.0362,-9999.0000,0.1873,-9999.0000,0.0618,0.0
802099.000,0.0681,-9999.0000,0.7445,-9999.0000,-9999.0000,-9999.0000,0.0977,-9999.0000,0.0821,0.0606,0.0
802331.000,0.0845,-9999.0000,0.7848,-9999.0000,-9999.0000,-9999.0000,-9999.0000,-9999.0000,-9999.0000,-9999.0000,0.0
802562.000,0.0734,-9999.0000,0.5577,-9999.0000,-9999.0000,0.0564,0.0566,-9999.0000,-9999.0000,0.0605,0.0
802793.000,0.0581,-9999.0000,0.7540,-9999.0000,-9999.0000,-9999.0000,-9999.0000,-9999.0000,-9999.0000,-9999.0000,0.0
803024.000,0.0360,-9999.0000,0.8124,-9999.0000,-9999.0000,-9999.0000,0.0988,-9999.0000,-9999.0000,0.1035,0.0
803255.000,0.0740,-9999.0000,0.7938,-9999.0000,-9999.0000,-9999.0000,-9999.0000,-9999.0000,-9999.0000,-9999.0000,0.0
803487.000,0.0892,-9999.0000,0.7225,-9999.0000,-9999.0000,0.0455,-9999.0000,0.1134,0.0939,-9999.0000,0.0
803718.000,0.0687,-9999.0000,0.6377,-9999.0000,-9999.0000,-9999.0000,0.0476,-9999.0000,-9999.0000,-9999.0000,0.0
803949.000,0.0470,-9999.0000,0.6611,-9999.0000,-9999.0000,0.0572,-9999.0000,-9999.0000,-9999.0000,-9999.0000,0.0
804180.000,0.0564,-9999.0000,0.7001,-9999.0000,-9999.0000,-9999.0000,0.0952,-9999.0000,-9999.0000,-9999.0000,0.0
804411.000,0.0472,-9999.0000,0.6126,-9999.0000,-9999.0000,-9999.0000,0.0584,-9999.0000,-9999.0000,-9999.0000,0.0
804643.000,0.0693,-9999.0000,0.6939,-9999.0000,-9999.0000,-9999.0000,-9999.0000,-9999.0000,-9999.0000,-9999.0000,0.0
804874.000,0.0855,-9999.0000,0.7431,-9999.0000,-9999.0000,-9999.0000,0.0584,-9999.0000,0.0849,-9999.0000,0.0
805105.000,0.0522,-9999.0000,0.6917,-9999.0000,-9999.0000,-9999.0000,-9999.0000,0.1056,-9999.0000,-9999.0000,0.0
805336.000,0.0737,-9999.0000,0.6668,-9999.0000,-9999.0000,0.0460,-9999.0000,-9999.0000,-9999.0000,-9999.0000,0.0
805567.000,0.0529,-9999.0000,0.7402,-9999.0000,-9999.0000,0.0470,-9999.0000,-9999.0000,0.1802,-9999.0000,0.0
805799.000,0.0789,-9999.0000,0.7384,-9999.0000,-9999.0000,0.0459,-9999.0000,-9999.0000,-9999.0000,0.0607,0.0
806030.000,0.0635,-9999.0000,0.6627,-9999.0000,-9999.0000,-9999.0000,-9999.0000,-9999.0000,-9999.0000,-9999.0000,0.0
806261.000,0.0415,-9999.0000,0.6718,-9999.0000,-9999.0000,-9999.0000,-9999.0000,0.1177,-9999.0000,-9999.0000,0.0
806492.000,-9999.0000,-9999.0000,0.5932,0.1330,-9999.0000,0.0559,0.0961,-9999.0000,0.1069,0.0601,0.0
806723.000,0.0701,-9999.0000,0.6967,-9999.0000,-9999.0000,-9999.0000,0.0497,-9999.0000,-9999.0000,0.0633,0.0
806955.000,0.0573,-9999.0000,0.7224,-9999.0000,-9999.0000,-9999.0000,-9999.0000,-9999.0000,0.0955,-9999.0000,0.0
807186.000,0.0416,-9999.0000,0.6621,-9999.0000,-9999.0000,0.0359,-9999.0000,0.1294,-9999.0000,-9999.0000,0.0
807417.000,-9999.0000,-9999.0000,0.6495,-9999.0000,-9999.0000,0.0476,0.0702,-9999.0000,0.0875,-9999.0000,0.0
807648.000,0.0629,-9999.0000,0.6848,-9999.0000,-9999.0000,-9999.0000,-9999.0000,-9999.0000,-9999.0000,-9999.0000,0.0
807879.000,0.0647,-9999.0000,0.7093,-9999.0000,-9999.0000,-9999.0000,-9999.0000,-9999.0000,-9999.0000,-9999.0000,0.0
808111.000,0.0895,-9999.0000,0.7363,-9999.0000,-9999.0000,0.0351,0.0560,-9999.0000,-9999.0000,0.0606,0.0
808342.000,0.0801,-9999.0000,0.6366,-9999.0000,-9999.0000,0.0575,-9999.0000,0.1077,-9999.0000,-9999.0000,0.0
808573.000,0.0308,-9999.0000,0.5891,-9999.0000,-9999.0000,-9999.0000,0.0785,-9999.0000,-9999.0000,-9999.0000,0.0
808804.000,0.0637,-9999.0000,0.6251,-9999.0000,-9999.0000,0.0468,-9999.0000,-9999.0000,-9999.0000,-9999.0000,0.0
809035.000,0.0795,-9999.0000,0.5803,-9999.0000,-9999.0000,-9999.0000,0.2005,-9999.0000,-9999.0000,-9999.0000,0.0
809267.000,0.0585,-9999.0000,0.7364,-9999.0000,-9999.0000,0.0578,0.0486,-9999.0000,-9999.0000,0.1476,0.0
809498.000,-9999.0000,-9999.0000,0.7898,-9999.0000,-9999.0000,0.0361,0.0480,-9999.0000,-9999.0000,-9999.0000,0.0
809729.000,0.0801,-9999.0000,0.8234,-9999.0000,-9999.0000,-9999.0000,-9999.0000,-9999.0000,-9999.0000,-9999.0000,0.0
809960.000,0.0592,-9999.0000,0.6349,-9999.0000,-9999.0000,-9999.0000,-9999.0000,-9999.0000,0.0883,-9999.0000,0.0
810191.000,0.0639,-9999.0000,0.6616,0.0951,-9999.0000,0.0470,0.0587,-9999.0000,0.0859,-9999.0000,0.0
810423.000,0.0633,-9999.0000,0.5758,-9999.0000,-9999.0000,0.0357,0.1189,-9999.0000,-9999.0000,-9999.0000,0.0
810654.000,0.0410,-9999.0000,0.5811,-9999.0000,-9999.0000,0.0352,-9999.0000,-9999.0000,-9999.0000,-9999.0000,0.0
810885.000,0.0529,-9999.0000,0.6954,-9999.0000,-9999.0000,0.1219,-9999.0000,-9999.0000,-9999.0000,0.0626,0.0
811116.000,0.0418,-9999.0000,0.6592,-9999.0000,-9999.0000,-9999.0000,-9999.0000,0.1181,-9999.0000,-9999.0000,0.0
811347.000,0.0801,-9999.0000,0.6478,-9999.0000,-9999.0000,-9999.0000,0.0787,-9999.0000,-9999.0000,-9999.0000,0.0
811579.000,0.0475,-9999.0000,0.5652,-9999.0000,0.0814,-9999.0000,0.0483,0.2329,-9999.0000,-9999.0000,0.0
811810.000,0.0639,-9999.0000,0.6046,0.1168,-9999.0000,-9999.0000,-9999.0000,-9999.0000,-9999.0000,-9999.0000,0.0
812041.000,0.0356,-9999.0000,0.6601,-9999.0000,-9999.0000,-9999.0000,0.0969,-9999.0000,-9999.0000,-9999.0000,0.0
812272.000,0.0643,-9999.0000,0.7344,-9999.0000,-9999.0000,-9999.0000,-9999.0000,-9999.0000,-9999.0000,-9999.0000,0.0
812503.000,0.0370,-9999.0000,0.7540,-9999.0000,-9999.0000,-9999.0000,0.1116,-9999.0000,0.1015,-9999.0000,0.0
812735.000,0.0699,-9999.0000,0.7289,-9999.0000,-9999.0000,0.0366,0.0490,-9999.0000,0.0872,-9999.0000,0.0
812966.000,0.0519,-9999.0000,0.6161,-9999.0000,-9999.0000,-9999.0000,-9999.0000,0.1022,-9999.0000,0.0612,0.0
813197.000,-9999.0000,-9999.0000,0.5830,-9999.0000,-9999.0000,-9999.0000,-9999.0000,0.1024,-9999.0000,-9999.0000,0.0
813428.000,0.0469,-9999.0000,0.6433,-9999.0000,-9999.0000,0.0462,-9999.0000,-9999.0000,-9999.0000,-9999.0000,0.0
813659.000,0.0422,-9999.0000,0.6241,-9999.0000,-9999.0000,-9999.0000,0.0589,-9999.0000,-9999.0000,-9999.0000,0.0
813891.000,0.0980,-9999.0000,0.7573,-9999.0000,-9999.0000,-9999.0000,-9999.0000,0.2258,-9999.0000,-9999.0000,0.0
814122.000,-9999.0000,-9999.0000,0.7083,-9999.0000,-9999.0000,-9999.0000,-9999.0000,-9999.0000,-9999.0000,-9999.0000,0.0
814353.000,0.0419,-9999.0000,0.6207,-9999.0000,-9999.0000,-9999.0000,0.1096,-9999.0000,-9999.0000,-9999.0000,0.0
814584.000,0.0475,-9999.0000,0.6107,-9999.0000,-9999.0000,0.0683,-9999.0000,0.1069,-9999.0000,-9999.0000,0.0
814815.000,0.0634,-9999.0000,0.5494,-9999.0000,-9999.0000,-9999.0000,-9999.0000,0.1387,-9999.0000,-9999.0000,0.0
815047.000,0.0679,-9999.0000,0.7207,0.1115,-9999.0000,0.0561,-9999.0000,0.1119,0.1082,0.0610,0.0
815278.000,0.0483,-9999.0000,0.7402,-9999.0000,-9999.0000,0.0478,-9999.0000,-9999.0000,0.1706,-9999.0000,0.0
815509.000,0.0574,-9999.0000,0.6505,-9999.0000,-9999.0000,-9999.0000,-9999.0000,-9999.0000,-9999.0000,-9999.0000,0.0
815740.000,0.0651,-9999.0000,0.5935,-9999.0000,-9999.0000,0.0480,0.0502,-9999.0000,-9999.0000,-9999.0000,0.0
815971.000,0.0577,-9999.0000,0.5972,-9999.0000,-9999.0000,0.0461,0.0568,0.1931,-9999.0000,0.0618,0.0
816203.000,0.0809,-9999.0000,0.6268,-9999.0000,-9999.0000,-9999.0000,-9999.0000,-9999.0000,-9999.0000,-9999.0000,0.0
816434.000,0.0705,-9999.0000,0.6437,-9999.0000,-9999.0000,-9999.0000,-9999.0000,-9999.0000,-9999.0000,0.0642,0.0
816665.000,0.0576,-9999.0000,0.6814,-9999.0000,-9999.0000,-9999.0000,-9999.0000,-9999.0000,-9999.0000,-9999.0000,0.0
816896.000,0.0319,-9999.0000,0.5940,-9999.0000,-9999.0000,0.0372,0.0711,-9999.0000,-9999.0000,-9999.0000,0.0
817127.000,0.0538,-9999.0000,0.6486,-9999.0000,-9999.0000,-9999.0000,0.0600,0.1103,-9999.0000,-9999.0000,0.0
817359.000,0.0364,-9999.0000,0.6596,-9999.0000,-9999.0000,-9999.0000,-9999.0000,-9999.0000,-9999.0000,-9999.0000,0.0
817590.000,0.0859,-9999.0000,0.7257,-9999.0000,-9999.0000,-9999.0000,-9999.0000,0.1406,-9999.0000,-9999.0000,0.0
817821.000,0.0301,-9999.0000,0.6423,-9999.0000,-9999.0000,0.0349,0.1166,0.1111,-9999.0000,-9999.0000,0.0
818052.000,0.0529,-9999.0000,0.5246,-9999.0000,-9999.0000,0.0467,-9999.0000,-9999.0000,-9999.0000,-9999.0000,0.0
818283.000,0.0476,-9999.0000,0.4984,-9999.0000,-9999.0000,0.0577,-9999.0000,0.0951,-9999.0000,-9999.0000,0.0
818515.000,0.0477,-9999.0000,0.5849,0.1169,-9999.0000,-9999.0000,-9999.0000,-9999.0000,-9999.0000,-9999.0000,0.0
818746.000,0.0316,-9999.0000,0.5961,-9999.0000,-9999.0000,0.0584,-9999.0000,-9999.0000,0.0749,-9999.0000,0.0
818977.000,0.1123,-9999.0000,0.7068,-9999.0000,-9999.0000,0.0781,0.0673,-9999.0000,-9999.0000,-9999.0000,0.0
819208.000,0.0307,-9999.0000,0.5611,-9999.0000,-9999.0000,-9999.0000,0.0880,-9999.0000,-9999.0000,-9999.0000,0.0
819439.000,0.1038,-9999.0000,0.4950,-9999.0000,-9999.0000,-9999.0000,-9999.0000,-9999.0000,0.0757,0.1932,0.0
819671.000,0.0413,-9999.0000,0.7266,-9999.0000,-9999.0000,0.0459,0.0769,-9999.0000,-9999.0000,-9999.0000,0.0
819902.000,0.0310,-9999.0000,0.6395,-9999.0000,-9999.0000,-9999.0000,-9999.0000,-9999.0000,-9999.0000,0.0630,0.0
820133.000,0.0425,-9999.0000,0.6404,-9999.0000,-9999.0000,0.0582,0.1320,-9999.0000,-9999.0000,-9999.0000,0.0
820364.000,0.0475,-9999.0000,0.5375,-9999.0000,-9999.0000,-9999.0000,-9999.0000,-9999.0000,-9999.0000,-9999.0000,0.0
820595.000,0.0644,-9999.0000,0.5354,-9999.0000,-9999.0000,0.0365,-9999.0000,-9999.0000,0.1009,0.0637,0.0
820827.000,-9999.0000,-9999.0000,0.5773,-9999.0000,-9999.0000,0.0905,-9999.0000,-9999.0000,-9999.0000,-9999.0000,0.0
821058.000,-9999.0000,-9999.0000,0.6197,-9999.0000,-9999.0000,-9999.0000,-9999.0000,-9999.0000,-9999.0000,-9999.0000,0.0
821289.000,0.0517,-9999.0000,0.5584,-9999.0000,-9999.0000,-9999.0000,-9999.0000,0.1213,-9999.0000,-9999.0000,0.0
821520.000,0.0531,-9999.0000,0.5447,-9999.0000,-9999.0000,-9999.0000,-9999.0000,-9999.0000,-9999.0000,-9999.0000,0.0
821751.000,0.0471,-9999.0000,0.6185,0.0921,-9999.0000,-9999.0000,-9999.0000,-9999.0000,-9999.0000,-9999.0000,0.0
821983.000,-9999.0000,-9999.0000,0.5953,-9999.0000,0.0805,-9999.0000,-9999.0000,0.1254,0.0845,-9999.0000,0.0
822214.000,0.0639,-9999.0000,0.6795,-9999.0000,-9999.0000,-9999.0000,-9999.0000,-9999.0000,-9999.0000,-9999.0000,0.0
822445.000,0.0856,-9999.0000,0.6951,-9999.0000,-9999.0000,-9999.0000,-9999.0000,-9999.0000,0.0855,-9999.0000,0.0
822676.000,-9999.0000,-9999.0000,0.8318,-9999.0000,-9999.0000,0.0907,0.0492,-9999.0000,-9999.0000,0.0643,0.0
822907.000,0.0641,-9999.0000,0.6188,-9999.0000,-9999.0000,0.0576,0.0480,-9999.0000,-9999.0000,0.0634,0.0
823139.000,0.0586,-9999.0000,0.5788,-9999.0000,-9999.0000,-9999.0000,-9999.0000,0.1281,-9999.0000,-9999.0000,0.0
823370.000,0.0685,-9999.0000,0.7044,-9999.0000,-9999.0000,-9999.0000,-9999.0000,0.1120,-9999.0000,-9999.0000,0.0
823601.000,0.0643,-9999.0000,0.6438,-9999.0000,-9999.0000,-9999.0000,-9999.0000,0.0948,-9999.0000,-9999.0000,0.0
823832.000,0.0645,-9999.0000,0.6911,-9999.0000,-9999.0000,0.0688,-9999.0000,-9999.0000,-9999.0000,-9999.0000,0.0
824063.000,-9999.0000,-9999.0000,0.6887,-9999.0000,-9999.0000,0.0666,0.1368,-9999.0000,-9999.0000,-9999.0000,0.0
824295.000,0.0422,-9999.0000,0.5449,-9999.0000,-9999.0000,-9999.0000,-9999.0000,-9999.0000,0.0866,-9999.0000,0.0
824526.000,0.0365,-9999.0000,0.6226,-9999.0000,-9999.0000,-9999.0000,-9999.0000,0.1041,-9999.0000,-9999.0000,0.0
824757.000,0.0929,0.5477,0.6639,-9999.0000,-9999.0000,0.0479,0.0707,-9999.0000,-9999.0000,0.0649,0.0
824988.000,0.0636,-9999.0000,0.6764,-9999.0000,-9999.0000,0.0357,0.0778,-9999.0000,-9999.0000,-9999.0000,0.0
825219.000,0.0308,-9999.0000,0.6027,0.1139,-9999.0000,0.0357,0.1188,0.1139,-9999.0000,-9999.0000,0.0
825451.000,0.0916,-9999.0000,0.5054,-9999.0000,-9999.0000,-9999.0000,0.1202,0.1505,-9999.0000,-9999.0000,0.0
825738.000,0.0480,-9999.0000,0.5827,-9999.0000,-9999.0000,-9999.0000,0.0485,-9999.0000,-9999.0000,-9999.0000,0.0
825969.000,0.0435,-9999.0000,0.6878,-9999.0000,-9999.0000,0.0485,0.1244,-9999.0000,0.1608,-9999.0000,0.0
826200.000,0.0483,-9999.0000,0.6036,0.0961,-9999.0000,-9999.0000,-9999.0000,-9999.0000,-9999.0000,-9999.0000,0.0
826431.000,0.0535,-9999.0000,0.7202,-9999.0000,-9999.0000,-9999.0000,-9999.0000,-9999.0000,-9999.0000,-9999.0000,0.0
826662.000,0.0805,-9999.0000,0.6986,-9999.0000,-9999.0000,-9999.0000,-9999.0000,-9999.0000,-9999.0000,-9999.0000,0.0
826894.000,-9999.0000,-9999.0000,0.5981,-9999.0000,-9999.0000,-9999.0000,0.0481,-9999.0000,-9999.0000,-9999.0000,0.0
827125.000,0.0428,-9999.0000,0.5988,-9999.0000,-9999.0000,-9999.0000,-9999.0000,-9999.0000,-9999.0000,-9999.0000,0.0
827356.000,0.0550,-9999.0000,0.6285,-9999.0000,-9999.0000,0.0380,-9999.0000,-9999.0000,-9999.0000,-9999.0000,0.0
827587.000,0.0373,-9999.0000,0.6166,-9999.0000,-9999.0000,-9999.0000,-9999.0000,-9999.0000,-9999.0000,0.1078,0.0
827818.000,0.0473,-9999.0000,0.6439,-9999.0000,-9999.0000,0.0464,0.0573,-9999.0000,-9999.0000,-9999.0000,0.0
828050.000,0.0429,-9999.0000,0.8008,-9999.0000,-9999.0000,-9999.0000,-9999.0000,-9999.0000,-9999.0000,-9999.0000,0.0
828281.000,0.0590,-9999.0000,0.5949,-9999.0000,0.0708,-9999.0000,-9999.0000,-9999.0000,-9999.0000,-9999.0000,0.0
828512.000,-9999.0000,-9999.0000,0.6609,-9999.0000,-9999.0000,-9999.0000,-9999.0000,-9999.0000,-9999.0000,-9999.0000,0.0
828743.000,0.0795,-9999.0000,0.7682,-9999.0000,-9999.0000,-9999.0000,-9999.0000,-9999.0000,-9999.0000,-9999.0000,0.0
828974.000,0.0428,-9999.0000,0.6618,-9999.0000,-9999.0000,-9999.0000,-9999.0000,0.1304,-9999.0000,0.1077,0.0
829206.000,0.0425,-9999.0000,0.6579,-9999.0000,-9999.0000,0.0472,-9999.0000,-9999.0000,-9999.0000,-9999.0000,0.0
829437.000,0.0362,-9999.0000,0.6136,-9999.0000,-9999.0000,0.0355,-9999.0000,0.1011,-9999.0000,0.0630,0.0
829668.000,0.0425,-9999.0000,0.7323,-9999.0000,-9999.0000,-9999.0000,0.0795,0.0941,-9999.0000,-9999.0000,0.0
829899.000,0.0711,-9999.0000,0.7493,-9999.0000,-9999.0000,-9999.0000,0.0502,-9999.0000,-9999.0000,-9999.0000,0.0
830130.000,0.0479,-9999.0000,0.7315,-9999.0000,-9999.0000,-9999.0000,-9999.0000,-9999.0000,-9999.0000,-9999.0000,0.0
830362.000,0.0601,-9999.0000,0.9640,-9999.0000,-9999.0000,0.0374,0.0503,-9999.0000,-9999.0000,0.1521,0.0
830593.000,0.0369,-9999.0000,0.9081,-9999.0000,-9999.0000,-9999.0000,0.0688,-9999.0000,-9999.0000,-9999.0000,0.0
830824.000,0.0703,0.4931,0.8550,-9999.0000,-9999.0000,-9999.0000,-9999.0000,-9999.0000,-9999.0000,-9999.0000,0.0
831055.000,0.0778,-9999.0000,0.7308,-9999.0000,0.0619,0.0711,-9999.0000,0.0907,-9999.0000,-9999.0000,0.0
831286.000,0.0592,-9999.0000,0.7865,-9999.0000,-9999.0000,-9999.0000,0.0902,-9999.0000,-9999.0000,-9999.0000,0.0
831518.000,0.0587,-9999.0000,0.7682,-9999.0000,-9999.0000,0.0360,-9999.0000,-9999.0000,-9999.0000,-9999.0000,0.0
831749.000,0.0585,-9999.0000,0.6296,-9999.0000,-9999.0000,-9999.0000,-9999.0000,0.1935,-9999.0000,-9999.0000,0.0
831980.000,0.0814,-9999.0000,0.6492,-9999.0000,-9999.0000,-9999.0000,0.0487,-9999.0000,-9999.0000,-9999.0000,0.0
832211.000,0.0581,-9999.0000,0.9090,-9999.0000,-9999.0000,-9999.0000,0.0773,-9999.0000,0.1388,-9999.0000,0.0
832442.000,0.0468,-9999.0000,0.7741,-9999.0000,-9999.0000,0.0564,-9999.0000,-9999.0000,-9999.0000,-9999.0000,0.0
832674.000,0.0587,-9999.0000,0.6493,-9999.0000,-9999.0000,-9999.0000,-9999.0000,-9999.0000,-9999.0000,-9999.0000,0.0
832905.000,0.0651,-9999.0000,0.8887,-9999.0000,-9999.0000,0.0694,0.0910,0.1303,-9999.0000,-9999.0000,0.0
833136.000,0.0536,-9999.0000,0.7963,-9999.0000,-9999.0000,-9999.0000,0.1002,0.1621,-9999.0000,-9999.0000,0.0
833367.000,0.0534,-9999.0000,0.6744,0.1600,-9999.0000,-9999.0000,0.0894,0.1384,-9999.0000,-9999.0000,0.0
833598.000,0.0936,-9999.0000,0.8496,-9999.0000,-9999.0000,0.0483,-9999.0000,-9999.0000,-9999.0000,-9999.0000,0.0
833830.000,0.0877,-9999.0000,0.7367,-9999.0000,-9999.0000,0.0371,-9999.0000,-9999.0000,-9999.0000,-9999.0000,0.0
834061.000,0.0604,-9999.0000,0.7368,0.1212,-9999.0000,0.0594,0.0612,-9999.0000,-9999.0000,-9999.0000,0.0
834359.000,-9999.0000,-9999.0000,-9999.0000,-9999.0000,-9999.0000,-9999.0000,-9999.0000,-9999.0000,-9999.0000,-9999.0000,1.0
834590.000,-9999.0000,-9999.0000,-9999.0000,-9999.0000,-9999.0000,-9999.0000,-9999.0000,-9999.0000,-9999.0000,-9999.0000,1.0
834821.000,-9999.0000,-9999.0000,-9999.0000,-9999.0000,-9999.0000,-9999.0000,-9999.0000,-9999.0000,-9999.0000,-9999.0000,1.0
835053.000,-9999.0000,-9999.0000,-9999.0000,-9999.0000,-9999.0000,-9999.0000,-9999.0000,-9999.0000,-9999.0000,-9999.0000,1.0
835284.000,-9999.0000,-9999.0000,-9999.0000,-9999.0000,-9999.0000,-9999.0000,-9999.0000,-9999.0000,-9999.0000,-9999.0000,1.0
835515.000,-9999.0000,-9999.0000,-9999.0000,-9999.0000,-9999.0000,-9999.0000,-9999.0000,-9999.0000,-9999.0000,-9999.0000,1.0
835746.000,-9999.0000,-9999.0000,-9999.0000,-9999.0000,-9999.0000,-9999.0000,-9999.0000,-9999.0000,-9999.0000,-9999.0000,1.0
835977.000,-9999.0000,-9999.0000,-9999.0000,-9999.0000,-9999.0000,-9999.0000,-9999.0000,-9999.0000,-9999.0000,-9999.0000,1.0
836209.000,-9999.0000,-9999.0000,-9999.0000,-9999.0000,-9999.0000,-9999.0000,-9999.0000,-9999.0000,-9999.0000,-9999.0000,1.0
836440.000,-9999.0000,-9999.0000,-9999.0000,-9999.0000,-9999.0000,-9999.0000,-9999.0000,-9999.0000,-9999.0000,-9999.0000,1.0
836671.000,-9999.0000,-9999.0000,-9999.0000,-9999.0000,-9999.0000,-9999.0000,-9999.0000,-9999.0000,-9999.0000,-9999.0000,1.0
836902.000,-9999.0000,-9999.0000,-9999.0000,-9999.0000,-9999.0000,-9999.0000,-9999.0000,-9999.0000,-9999.0000,-9999.0000,1.0
837226.000,0.0593,0.5306,0.8161,0.1609,-9999.0000,-9999.0000,0.0796,-9999.0000,-9999.0000,-9999.0000,0.0
837457.000,0.0555,0.6304,0.9907,-9999.0000,-9999.0000,-9999.0000,0.0519,-9999.0000,-9999.0000,-9999.0000,0.0
837688.000,0.0607,-9999.0000,0.9613,-9999.0000,-9999.0000,-9999.0000,-9999.0000,-9999.0000,-9999.0000,-9999.0000,0.0
837919.000,0.0759,-9999.0000,0.9543,-9999.0000,-9999.0000,-9999.0000,0.1108,-9999.0000,-9999.0000,-9999.0000,0.0
838150.000,0.0601,-9999.0000,0.8320,-9999.0000,-9999.0000,-9999.0000,0.1023,-9999.0000,-9999.0000,0.1094,0.0
838382.000,0.0718,-9999.0000,0.9314,-9999.0000,-9999.0000,0.0705,0.0614,-9999.0000,-9999.0000,-9999.0000,0.0
838613.000,0.0587,-9999.0000,0.6152,-9999.0000,-9999.0000,0.0359,0.0576,0.0902,-9999.0000,-9999.0000,0.0
838844.000,0.0540,-9999.0000,0.9348,-9999.0000,-9999.0000,-9999.0000,-9999.0000,0.1171,-9999.0000,-9999.0000,0.0
839075.000,0.0365,-9999.0000,0.7544,-9999.0000,-9999.0000,-9999.0000,0.0879,-9999.0000,-9999.0000,-9999.0000,0.0
839306.000,0.0328,-9999.0000,0.9816,-9999.0000,-9999.0000,0.0379,-9999.0000,0.0998,0.1219,-9999.0000,0.0
839538.000,0.1095,-9999.0000,0.8840,-9999.0000,-9999.0000,-9999.0000,0.0803,0.1748,0.1585,-9999.0000,0.0
839769.000,0.0944,-9999.0000,0.8929,-9999.0000,-9999.0000,0.0707,0.0511,-9999.0000,-9999.0000,-9999.0000,0.0
840000.000,0.0374,-9999.0000,1.0386,-9999.0000,-9999.0000,-9999.0000,-9999.0000,-9999.0000,-9999.0000,0.0656,0.0
840231.000,0.0432,-9999.0000,0.9514,0.0963,-9999.0000,-9999.0000,-9999.0000,-9999.0000,-9999.0000,-9999.0000,0.0
840462.000,0.0770,-9999.0000,0.9681,-9999.0000,-9999.0000,-9999.0000,-9999.0000,-9999.0000,-9999.0000,-9999.0000,0.0
840694.000,0.0379,-9999.0000,0.9549,0.2537,0.0720,-9999.0000,-9999.0000,-9999.0000,-9999.0000,-9999.0000,0.0
840925.000,0.0480,0.5754,0.8308,-9999.0000,-9999.0000,-9999.0000,-9999.0000,-9999.0000,-9999.0000,-9999.0000,0.0
841156.000,0.1060,-9999.0000,1.0183,-9999.0000,-9999.0000,-9999.0000,-9999.0000,-9999.0000,-9999.0000,0.1111,0.0
841387.000,0.0822,-9999.0000,0.8649,0.1854,-9999.0000,0.0370,0.0704,0.1528,-9999.0000,-9999.0000,0.0
841618.000,0.0775,-9999.0000,0.8517,-9999.0000,-9999.0000,-9999.0000,-9999.0000,-9999.0000,0.0937,-9999.0000,0.0
841850.000,0.0490,-9999.0000,0.9321,-9999.0000,-9999.0000,-9999.0000,-9999.0000,-9999.0000,0.0782,-9999.0000,0.0
842081.000,0.0778,-9999.0000,0.9363,-9999.0000,-9999.0000,0.0709,-9999.0000,-9999.0000,-9999.0000,-9999.0000,0.0
842312.000,0.0431,-9999.0000,0.8107,-9999.0000,-9999.0000,-9999.0000,-9999.0000,-9999.0000,0.0768,-9999.0000,0.0
842543.000,0.0327,-9999.0000,0.7591,-9999.0000,-9999.0000,-9999.0000,-9999.0000,-9999.0000,-9999.0000,-9999.0000,0.0
842774.000,0.0646,0.5357,0.9575,-9999.0000,-9999.0000,-9999.0000,0.0478,0.1253,0.2107,-9999.0000,0.0
843006.000,0.0537,-9999.0000,1.0749,0.0937,-9999.0000,-9999.0000,0.0793,-9999.0000,0.0890,0.1082,0.0
843237.000,0.0330,-9999.0000,1.0093,-9999.0000,-9999.0000,0.0601,0.1152,-9999.0000,0.1091,-9999.0000,0.0
843468.000,0.0371,0.5384,0.9306,-9999.0000,-9999.0000,-9999.0000,-9999.0000,-9999.0000,-9999.0000,-9999.0000,0.0
843699.000,0.0694,0.5368,0.8179,0.0906,-9999.0000,-9999.0000,-9999.0000,-9999.0000,-9999.0000,-9999.0000,0.0
843930.000,0.0878,0.5328,0.8484,-9999.0000,-9999.0000,-9999.0000,0.1436,-9999.0000,-9999.0000,-9999.0000,0.0
844162.000,0.0822,-9999.0000,0.9232,-9999.0000,-9999.0000,-9999.0000,-9999.0000,0.0944,0.0912,-9999.0000,0.0
844393.000,0.0779,-9999.0000,1.0016,-9999.0000,-9999.0000,-9999.0000,0.0513,-9999.0000,-9999.0000,-9999.0000,0.0
844624.000,0.0376,-9999.0000,0.9908,-9999.0000,0.0603,-9999.0000,-9999.0000,-9999.0000,-9999.0000,-9999.0000,0.0
844855.000,0.0830,-9999.0000,0.8037,-9999.0000,-9999.0000,-9999.0000,-9999.0000,-9999.0000,-9999.0000,-9999.0000,0.0
845086.000,0.0375,-9999.0000,0.9310,0.1170,-9999.0000,0.0909,-9999.0000,-9999.0000,-9999.0000,-9999.0000,0.0
845318.000,0.0921,-9999.0000,0.9970,-9999.0000,-9999.0000,-9999.0000,-9999.0000,-9999.0000,-9999.0000,-9999.0000,0.0
845549.000,0.0818,-9999.0000,0.7920,-9999.0000,-9999.0000,-9999.0000,0.0694,-9999.0000,-9999.0000,-9999.0000,0.0
845780.000,0.0867,-9999.0000,0.9182,-9999.0000,-9999.0000,-9999.0000,-9999.0000,-9999.0000,-9999.0000,-9999.0000,0.0
846011.000,0.0658,-9999.0000,0.8170,-9999.0000,0.0831,-9999.0000,0.0497,-9999.0000,-9999.0000,-9999.0000,0.0
846243.000,0.0604,0.5769,0.9062,-9999.0000,-9999.0000,0.0373,-9999.0000,-9999.0000,-9999.0000,0.0671,0.0
846474.000,0.0333,-9999.0000,0.9213,-9999.0000,-9999.0000,-9999.0000,-9999.0000,-9999.0000,-9999.0000,-9999.0000,0.0
846705.000,0.0713,0.5092,0.8913,-9999.0000,-9999.0000,0.0480,-9999.0000,-9999.0000,-9999.0000,0.0667,0.0
846936.000,0.0929,-9999.0000,0.9888,-9999.0000,-9999.0000,-9999.0000,-9999.0000,-9999.0000,-9999.0000,-9999.0000,0.0
847167.000,0.0487,0.5782,1.1920,0.0948,-9999.0000,-9999.0000,0.0488,0.1158,-9999.0000,-9999.0000,0.0
847398.000,0.0716,-9999.0000,0.9708,-9999.0000,-9999.0000,-9999.0000,-9999.0000,-9999.0000,-9999.0000,-9999.0000,0.0
847630.000,0.0957,0.5042,0.8526,-9999.0000,-9999.0000,-9999.0000,0.0737,0.0896,-9999.0000,-9999.0000,0.0
847861.000,0.0851,-9999.0000,0.9248,-9999.0000,-9999.0000,0.0390,-9999.0000,-9999.0000,-9999.0000,0.0697,0.0
848092.000,0.0893,-9999.0000,1.1148,-9999.0000,-9999.0000,-9999.0000,-9999.0000,-9999.0000,-9999.0000,-9999.0000,0.0
848323.000,0.0435,0.5183,0.8346,-9999.0000,-9999.0000,-9999.0000,-9999.0000,-9999.0000,-9999.0000,0.0669,0.0
848555.000,0.0876,-9999.0000,0.9158,-9999.0000,-9999.0000,-9999.0000,0.0906,-9999.0000,0.0770,-9999.0000,0.0
848786.000,0.0770,0.5257,1.0260,-9999.0000,-9999.0000,0.0481,0.0706,0.0945,-9999.0000,0.0670,0.0
849017.000,0.0655,-9999.0000,1.0388,-9999.0000,-9999.0000,-9999.0000,0.2060,-9999.0000,-9999.0000,-9999.0000,0.0
849248.000,-9999.0000,-9999.0000,0.8498,-9999.0000,-9999.0000,-9999.0000,0.0933,-9999.0000,-9999.0000,-9999.0000,0.0
849479.000,0.1053,-9999.0000,0.8670,-9999.0000,-9999.0000,-9999.0000,-9999.0000,-9999.0000,-9999.0000,-9999.0000,0.0
849711.000,0.0764,0.5365,0.9091,-9999.0000,-9999.0000,0.0692,0.0695,-9999.0000,-9999.0000,0.0663,0.0
849942.000,0.0332,-9999.0000,0.9140,-9999.0000,-9999.0000,0.0382,0.0943,-9999.0000,-9999.0000,-9999.0000,0.0
850173.000,0.0942,0.5896,0.7873,-9999.0000,-9999.0000,-9999.0000,-9999.0000,0.1075,-9999.0000,-9999.0000,0.0
850404.000,0.0440,-9999.0000,0.8431,-9999.0000,-9999.0000,-9999.0000,-9999.0000,-9999.0000,-9999.0000,-9999.0000,0.0
850635.000,0.0777,-9999.0000,0.9471,-9999.0000,-9999.0000,0.0925,-9999.0000,0.1316,-9999.0000,-9999.0000,0.0
850867.000,0.0648,-9999.0000,0.7768,-9999.0000,-9999.0000,-9999.0000,-9999.0000,-9999.0000,-9999.0000,-9999.0000,0.0
851098.000,0.0728,-9999.0000,0.8158,-9999.0000,-9999.0000,-9999.0000,-9999.0000,-9999.0000,-9999.0000,-9999.0000,0.0
851329.000,0.0654,-9999.0000,0.9285,-9999.0000,-9999.0000,-9999.0000,-9999.0000,-9999.0000,-9999.0000,-9999.0000,0.0
851612.000,-9999.0000,-9999.0000,-9999.0000,-9999.0000,-9999.0000,-9999.0000,-9999.0000,-9999.0000,-9999.0000,-9999.0000,1.0
851843.000,-9999.0000,-9999.0000,-9999.0000,-9999.0000,-9999.0000,-9999.0000,-9999.0000,-9999.0000,-9999.0000,-9999.0000,1.0
852074.000,-9999.0000,-9999.0000,-9999.0000,-9999.0000,-9999.0000,-9999.0000,-9999.0000,-9999.0000,-9999.0000,-9999.0000,1.0
852305.000,-9999.0000,-9999.0000,-9999.0000,-9999.0000,-9999.0000,-9999.0000,-9999.0000,-9999.0000,-9999.0000,-9999.0000,1.0
852537.000,-9999.0000,-9999.0000,-9999.0000,-9999.0000,-9999.0000,-9999.0000,-9999.0000,-9999.0000,-9999.0000,-9999.0000,1.0
852768.000,-9999.0000,-9999.0000,-9999.0000,-9999.0000,-9999.0000,-9999.0000,-9999.0000,-9999.0000,-9999.0000,-9999.0000,1.0
852999.000,-9999.0000,-9999.0000,-9999.0000,-9999.0000,-9999.0000,-9999.0000,-9999.0000,-9999.0000,-9999.0000,-9999.0000,1.0
853230.000,-9999.0000,-9999.0000,-9999.0000,-9999.0000,-9999.0000,-9999.0000,-9999.0000,-9999.0000,-9999.0000,-9999.0000,1.0
853518.000,0.0888,0.5235,0.9466,-9999.0000,-9999.0000,-9999.0000,-9999.0000,-9999.0000,-9999.0000,-9999.0000,0.0
853749.000,0.0439,0.7615,0.9232,-9999.0000,-9999.0000,-9999.0000,-9999.0000,-9999.0000,0.1217,-9999.0000,0.0
853981.000,0.0325,0.5035,0.9772,-9999.0000,-9999.0000,0.0591,-9999.0000,-9999.0000,-9999.0000,-9999.0000,0.0
854212.000,0.0383,0.7607,0.8761,0.0973,-9999.0000,-9999.0000,0.1135,0.1069,-9999.0000,-9999.0000,0.0
854443.000,0.0608,-9999.0000,0.8009,0.0974,-9999.0000,0.0485,0.0608,-9999.0000,0.1079,0.0680,0.0
854674.000,0.0764,0.6215,0.9386,0.2050,-9999.0000,-9999.0000,-9999.0000,-9999.0000,-9999.0000,-9999.0000,0.0
854905.000,0.0493,-9999.0000,0.8560,0.1188,-9999.0000,-9999.0000,-9999.0000,-9999.0000,-9999.0000,-9999.0000,0.0
855137.000,0.0498,0.5306,0.8343,0.1889,-9999.0000,0.0488,-9999.0000,-9999.0000,-9999.0000,-9999.0000,0.0
855368.000,0.0272,0.5552,0.9255,-9999.0000,-9999.0000,0.0376,-9999.0000,0.0959,0.0946,-9999.0000,0.0
855599.000,0.0888,0.6777,0.8882,-9999.0000,-9999.0000,-9999.0000,-9999.0000,-9999.0000,-9999.0000,0.1115,0.0
855830.000,0.0590,0.6143,0.9636,-9999.0000,-9999.0000,-9999.0000,-9999.0000,0.1330,0.0747,0.0657,0.0
856061.000,0.0675,0.5232,0.7958,0.1463,-9999.0000,-9999.0000,-9999.0000,-9999.0000,-9999.0000,-9999.0000,0.0
856293.000,0.0895,0.5626,0.9714,-9999.0000,0.1183,0.0380,-9999.0000,-9999.0000,-9999.0000,-9999.0000,0.0
856524.000,0.0615,0.4832,1.1160,-9999.0000,-9999.0000,-9999.0000,-9999.0000,-9999.0000,-9999.0000,-9999.0000,0.0
856755.000,0.0536,-9999.0000,0.9356,-9999.0000,-9999.0000,-9999.0000,-9999.0000,-9999.0000,-9999.0000,-9999.0000,0.0
856986.000,0.0883,-9999.0000,0.8489,-9999.0000,-9999.0000,-9999.0000,0.1020,-9999.0000,-9999.0000,-9999.0000,0.0
857217.000,0.0992,-9999.0000,0.6259,-9999.0000,-9999.0000,-9999.0000,-9999.0000,-9999.0000,-9999.0000,-9999.0000,0.0
857449.000,0.0938,0.5710,0.9520,-9999.0000,0.0606,-9999.0000,-9999.0000,-9999.0000,-9999.0000,-9999.0000,0.0
857680.000,0.0816,-9999.0000,0.8485,-9999.0000,-9999.0000,0.0578,-9999.0000,-9999.0000,0.1032,-9999.0000,0.0
857911.000,0.0501,0.6016,0.8974,-9999.0000,-9999.0000,-9999.0000,-9999.0000,-9999.0000,0.0963,-9999.0000,0.0
858142.000,0.0784,-9999.0000,0.8802,-9999.0000,-9999.0000,-9999.0000,-9999.0000,-9999.0000,-9999.0000,-9999.0000,0.0
858373.000,0.0388,0.5573,0.9254,-9999.0000,-9999.0000,0.0380,-9999.0000,-9999.0000,-9999.0000,-9999.0000,0.0
858605.000,0.0840,0.5375,0.8617,-9999.0000,-9999.0000,-9999.0000,-9999.0000,-9999.0000,-9999.0000,-9999.0000,0.0
858836.000,0.0672,-9999.0000,0.8631,-9999.0000,-9999.0000,-9999.0000,0.0621,-9999.0000,-9999.0000,-9999.0000,0.0
859067.000,0.0659,-9999.0000,0.9588,0.0953,-9999.0000,0.0370,-9999.0000,-9999.0000,-9999.0000,0.0676,0.0
859298.000,-9999.0000,-9999.0000,0.8716,-9999.0000,-9999.0000,-9999.0000,-9999.0000,-9999.0000,-9999.0000,-9999.0000,0.0
859530.000,-9999.0000,-9999.0000,0.9006,0.0952,-9999.0000,-9999.0000,-9999.0000,-9999.0000,-9999.0000,-9999.0000,0.0
859761.000,0.0717,-9999.0000,0.7574,-9999.0000,-9999.0000,0.0700,-9999.0000,-9999.0000,-9999.0000,-9999.0000,0.0
859992.000,0.0623,-9999.0000,0.9376,-9999.0000,-9999.0000,-9999.0000,-9999.0000,-9999.0000,-9999.0000,-9999.0000,0.0
860223.000,0.0565,-9999.0000,0.9724,-9999.0000,-9999.0000,-9999.0000,-9999.0000,-9999.0000,-9999.0000,-9999.0000,0.0
860454.000,0.0955,-9999.0000,0.8054,0.0995,-9999.0000,-9999.0000,-9999.0000,-9999.0000,-9999.0000,-9999.0000,0.0
860686.000,0.0612,0.4987,0.8942,-9999.0000,-9999.0000,0.0378,0.0613,-9999.0000,-9999.0000,-9999.0000,0.0
860917.000,0.0605,-9999.0000,0.9611,0.0956,-9999.0000,-9999.0000,0.0810,-9999.0000,-9999.0000,-9999.0000,0.0
861148.000,0.0946,0.5350,0.9311,-9999.0000,-9999.0000,-9999.0000,0.0713,-9999.0000,-9999.0000,-9999.0000,0.0
861379.000,0.1331,0.5055,0.7221,-9999.0000,-9999.0000,-9999.0000,0.0703,-9999.0000,0.0792,-9999.0000,0.0
861610.000,0.0550,-9999.0000,0.8985,-9999.0000,-9999.0000,-9999.0000,-9999.0000,-9999.0000,-9999.0000,-9999.0000,0.0
861842.000,0.0719,-9999.0000,0.8760,-9999.0000,-9999.0000,-9999.0000,-9999.0000,-9999.0000,-9999.0000,-9999.0000,0.0
862073.000,0.0606,-9999.0000,0.8519,-9999.0000,-9999.0000,-9999.0000,-9999.0000,0.1042,-9999.0000,-9999.0000,0.0
862304.000,0.1053,-9999.0000,0.7990,-9999.0000,-9999.0000,0.0372,-9999.0000,0.1039,-9999.0000,-9999.0000,0.0
862535.000,0.1017,-9999.0000,0.8862,-9999.0000,-9999.0000,-9999.0000,0.0948,-9999.0000,-9999.0000,0.1580,0.0
862766.000,0.0500,0.5235,0.7909,-9999.0000,-9999.0000,-9999.0000,0.0722,-9999.0000,0.1100,-9999.0000,0.0
862998.000,0.0439,0.4919,0.9709,-9999.0000,-9999.0000,-9999.0000,-9999.0000,-9999.0000,-9999.0000,-9999.0000,0.0
863229.000,0.0727,0.5962,0.9506,-9999.0000,-9999.0000,0.0380,-9999.0000,-9999.0000,0.0824,-9999.0000,0.0
863460.000,0.0565,0.5185,0.7830,-9999.0000,-9999.0000,0.0386,-9999.0000,-9999.0000,-9999.0000,0.0704,0.0
863691.000,0.0654,0.5092,0.8834,-9999.0000,-9999.0000,-9999.0000,-9999.0000,-9999.0000,-9999.0000,-9999.0000,0.0
863922.000,0.0619,0.5630,0.8978,-9999.0000,-9999.0000,-9999.0000,-9999.0000,-9999.0000,-9999.0000,-9999.0000,0.0
864154.000,0.0912,0.5063,0.9727,-9999.0000,-9999.0000,-9999.0000,-9999.0000,-9999.0000,-9999.0000,0.2040,0.0
864385.000,0.0623,0.5504,0.8916,-9999.0000,-9999.0000,-9999.0000,0.1171,-9999.0000,-9999.0000,0.0706,0.0
864847.000,0.0711,0.7401,0.9654,-9999.0000,-9999.0000,-9999.0000,-9999.0000,-9999.0000,-9999.0000,0.1105,0.0
865078.000,0.0899,0.5506,0.9412,-9999.0000,-9999.0000,-9999.0000,-9999.0000,-9999.0000,-9999.0000,0.0697,0.0
865310.000,0.0272,-9999.0000,0.9438,0.1416,-9999.0000,-9999.0000,-9999.0000,0.0932,-9999.0000,-9999.0000,0.0
865541.000,0.0677,0.5086,0.8637,-9999.0000,0.0852,-9999.0000,-9999.0000,-9999.0000,-9999.0000,-9999.0000,0.0
865772.000,0.0604,-9999.0000,1.0176,-9999.0000,-9999.0000,-9999.0000,-9999.0000,0.1138,-9999.0000,-9999.0000,0.0
866003.000,0.0613,-9999.0000,0.8966,-9999.0000,-9999.0000,-9999.0000,-9999.0000,0.1066,-9999.0000,-9999.0000,0.0
866234.000,0.0607,-9999.0000,0.9001,-9999.0000,-9999.0000,-9999.0000,-9999.0000,-9999.0000,-9999.0000,-9999.0000,0.0
866466.000,0.0497,-9999.0000,0.8626,-9999.0000,-9999.0000,-9999.0000,-9999.0000,-9999.0000,0.1086,-9999.0000,0.0
866697.000,0.0264,-9999.0000,0.9111,-9999.0000,-9999.0000,-9999.0000,0.0477,-9999.0000,-9999.0000,-9999.0000,0.0
866928.000,0.1351,-9999.0000,0.8936,-9999.0000,-9999.0000,-9999.0000,-9999.0000,0.1191,-9999.0000,-9999.0000,0.0
867159.000,0.0561,-9999.0000,0.7553,-9999.0000,-9999.0000,-9999.0000,-9999.0000,-9999.0000,-9999.0000,-9999.0000,0.0
867390.000,0.0787,-9999.0000,0.9604,-9999.0000,-9999.0000,-9999.0000,-9999.0000,0.0962,-9999.0000,0.0699,0.0
867622.000,0.0384,0.5080,0.9076,-9999.0000,-9999.0000,-9999.0000,0.0814,-9999.0000,0.0943,-9999.0000,0.0
867853.000,0.0672,0.5014,1.0526,-9999.0000,-9999.0000,-9999.0000,-9999.0000,-9999.0000,-9999.0000,-9999.0000,0.0
868084.000,0.0378,-9999.0000,0.8926,0.1156,-9999.0000,-9999.0000,0.0902,-9999.0000,-9999.0000,-9999.0000,0.0
868315.000,0.1460,-9999.0000,1.0551,-9999.0000,-9999.0000,-9999.0000,0.0718,-9999.0000,-9999.0000,0.0695,0.0
868546.000,0.0708,-9999.0000,0.6222,-9999.0000,-9999.0000,-9999.0000,-9999.0000,-9999.0000,-9999.0000,0.1102,0.0
868778.000,0.0336,-9999.0000,1.0707,-9999.0000,-9999.0000,-9999.0000,0.0518,-9999.0000,0.0843,-9999.0000,0.0
869009.000,0.0552,-9999.0000,1.0015,-9999.0000,-9999.0000,-9999.0000,-9999.0000,-9999.0000,-9999.0000,-9999.0000,0.0
869240.000,0.0844,-9999.0000,0.9491,-9999.0000,-9999.0000,-9999.0000,-9999.0000,-9999.0000,-9999.0000,0.0700,0.0
869471.000,0.0782,-9999.0000,0.7444,-9999.0000,-9999.0000,-9999.0000,-9999.0000,-9999.0000,-9999.0000,-9999.0000,0.0
869702.000,0.0500,-9999.0000,0.8318,-9999.0000,-9999.0000,-9999.0000,-9999.0000,-9999.0000,-9999.0000,-9999.0000,0.0
869934.000,0.0679,-9999.0000,0.9850,0.1461,-9999.0000,-9999.0000,-9999.0000,-9999.0000,-9999.0000,-9999.0000,0.0
870165.000,0.0446,-9999.0000,0.9171,-9999.0000,-9999.0000,0.0379,-9999.0000,-9999.0000,-9999.0000,-9999.0000,0.0
870396.000,0.0389,0.5156,1.0817,-9999.0000,-9999.0000,-9999.0000,-9999.0000,-9999.0000,-9999.0000,0.0698,0.0
870627.000,0.0501,-9999.0000,0.9618,-9999.0000,-9999.0000,-9999.0000,-9999.0000,0.0937,-9999.0000,-9999.0000,0.0
870858.000,0.0495,-9999.0000,0.8367,-9999.0000,-9999.0000,-9999.0000,-9999.0000,-9999.0000,-9999.0000,-9999.0000,0.0
871090.000,0.0620,-9999.0000,0.6873,-9999.0000,-9999.0000,-9999.0000,-9999.0000,-9999.0000,-9999.0000,-9999.0000,0.0
871321.000,0.0615,-9999.0000,0.8932,-9999.0000,-9999.0000,-9999.0000,0.0826,-9999.0000,-9999.0000,-9999.0000,0.0
871552.000,0.0570,-9999.0000,1.0873,0.1020,-9999.0000,-9999.0000,-9999.0000,-9999.0000,-9999.0000,-9999.0000,0.0
871783.000,0.1056,-9999.0000,0.7726,0.0949,-9999.0000,-9999.0000,0.0492,-9999.0000,-9999.0000,0.0688,0.0
872014.000,0.1116,-9999.0000,0.8051,0.1635,-9999.0000,-9999.0000,-9999.0000,-9999.0000,0.1088,-9999.0000,0.0
872246.000,0.0599,-9999.0000,0.8790,-9999.0000,-9999.0000,0.0364,-9999.0000,-9999.0000,-9999.0000,-9999.0000,0.0
872477.000,0.0730,-9999.0000,0.7956,-9999.0000,-9999.0000,-9999.0000,0.0723,-9999.0000,-9999.0000,-9999.0000,0.0
872708.000,0.0503,-9999.0000,0.9015,-9999.0000,-9999.0000,-9999.0000,-9999.0000,-9999.0000,-9999.0000,-9999.0000,0.0
872939.000,0.0553,-9999.0000,0.7637,-9999.0000,-9999.0000,-9999.0000,-9999.0000,-9999.0000,-9999.0000,-9999.0000,0.0
873170.000,0.0388,-9999.0000,0.9794,-9999.0000,-9999.0000,-9999.0000,-9999.0000,-9999.0000,-9999.0000,-9999.0000,0.0
873402.000,0.0511,-9999.0000,0.9307,0.1012,-9999.0000,0.0723,-9999.0000,-9999.0000,-9999.0000,-9999.0000,0.0
873633.000,0.0731,-9999.0000,0.8258,-9999.0000,-9999.0000,0.0491,-9999.0000,-9999.0000,-9999.0000,-9999.0000,0.0
873864.000,0.0880,-9999.0000,1.0328,-9999.0000,-9999.0000,0.0584,0.0796,-9999.0000,-9999.0000,-9999.0000,0.0
874095.000,0.0730,0.5129,0.8315,-9999.0000,-9999.0000,-9999.0000,0.0616,-9999.0000,-9999.0000,0.0703,0.0
874326.000,0.0671,-9999.0000,0.8931,-9999.0000,-9999.0000,-9999.0000,-9999.0000,-9999.0000,0.1244,-9999.0000,0.0
874558.000,0.0332,0.5640,0.7929,-9999.0000,-9999.0000,-9999.0000,-9999.0000,-9999.0000,-9999.0000,-9999.0000,0.0
874789.000,0.0672,-9999.0000,0.9944,-9999.0000,-9999.0000,-9999.0000,-9999.0000,0.0936,-9999.0000,-9999.0000,0.0
875020.000,0.0661,-9999.0000,0.8518,-9999.0000,-9999.0000,0.0696,-9999.0000,-9999.0000,-9999.0000,-9999.0000,0.0
875251.000,0.1730,0.7131,0.8965,0.1848,-9999.0000,-9999.0000,0.1020,-9999.0000,-9999.0000,-9999.0000,0.0
875482.000,0.3652,0.8322,1.0759,-9999.0000,0.1401,0.0484,0.1028,-9999.0000,-9999.0000,0.1568,0.0
875714.000,0.2870,0.8722,1.2313,0.2097,-9999.0000,0.1148,-9999.0000,-9999.0000,-9999.0000,-9999.0000,0.0
875945.000,0.2124,0.7003,1.1245,0.0948,0.0834,0.0701,0.0704,-9999.0000,-9999.0000,-9999.0000,0.0
876176.000,0.1346,0.4981,0.9258,0.1189,-9999.0000,0.0486,0.0925,-9999.0000,-9999.0000,-9999.0000,0.0
876407.000,-9999.0000,-9999.0000,0.9247,0.1219,0.0623,-9999.0000,-9999.0000,-9999.0000,-9999.0000,-9999.0000,0.0
876638.000,0.1128,-9999.0000,0.8565,-9999.0000,-9999.0000,0.0380,-9999.0000,-9999.0000,-9999.0000,-9999.0000,0.0
876870.000,0.0664,0.5459,0.6928,-9999.0000,-9999.0000,0.0591,-9999.0000,-9999.0000,-9999.0000,-9999.0000,0.0
877101.000,0.1005,-9999.0000,1.1575,0.1632,0.0724,-9999.0000,0.1026,-9999.0000,-9999.0000,-9999.0000,0.0
877332.000,0.1237,-9999.0000,0.9413,-9999.0000,-9999.0000,-9999.0000,-9999.0000,-9999.0000,-9999.0000,-9999.0000,0.0
877563.000,0.0891,-9999.0000,0.9169,-9999.0000,-9999.0000,-9999.0000,0.0601,-9999.0000,-9999.0000,-9999.0000,0.0
877794.000,0.1189,-9999.0000,0.8952,0.1445,-9999.0000,-9999.0000,-9999.0000,-9999.0000,-9999.0000,-9999.0000,0.0
878026.000,0.1039,0.5638,0.9099,0.1568,-9999.0000,-9999.0000,-9999.0000,-9999.0000,-9999.0000,-9999.0000,0.0
878257.000,0.1352,-9999.0000,0.9664,-9999.0000,-9999.0000,-9999.0000,-9999.0000,-9999.0000,-9999.0000,-9999.0000,0.0
878488.000,0.0440,-9999.0000,0.7987,-9999.0000,-9999.0000,-9999.0000,0.0703,-9999.0000,-9999.0000,-9999.0000,0.0
878719.000,0.0732,-9999.0000,0.7686,-9999.0000,-9999.0000,-9999.0000,-9999.0000,-9999.0000,-9999.0000,-9999.0000,0.0
878950.000,0.1280,-9999.0000,0.9130,-9999.0000,-9999.0000,0.0698,0.0805,-9999.0000,-9999.0000,-9999.0000,0.0
879182.000,0.1617,0.8947,1.1521,0.3414,0.0944,0.0479,0.0911,-9999.0000,-9999.0000,-9999.0000,0.0
879413.000,0.3259,1.3190,1.4277,0.3891,0.0837,0.1364,0.1769,0.1606,-9999.0000,-9999.0000,0.0
879644.000,0.3121,-9999.0000,0.8633,0.1154,-9999.0000,-9999.0000,0.1009,-9999.0000,0.0795,-9999.0000,0.0
879875.000,0.1410,-9999.0000,0.9733,-9999.0000,-9999.0000,-9999.0000,0.0720,-9999.0000,-9999.0000,-9999.0000,0.0
880106.000,0.1098,-9999.0000,1.0287,-9999.0000,-9999.0000,0.0687,-9999.0000,-9999.0000,-9999.0000,-9999.0000,0.0
880338.000,0.1019,-9999.0000,0.8016,0.1216,-9999.0000,-9999.0000,0.0514,-9999.0000,-9999.0000,-9999.0000,0.0
880569.000,0.1131,-9999.0000,0.8649,-9999.0000,-9999.0000,0.0381,-9999.0000,-9999.0000,-9999.0000,-9999.0000,0.0
880800.000,0.1236,-9999.0000,0.9578,-9999.0000,-9999.0000,0.0707,0.0926,-9999.0000,-9999.0000,-9999.0000,0.0
881031.000,0.1194,-9999.0000,0.9286,-9999.0000,0.0968,0.0384,0.0518,-9999.0000,-9999.0000,-9999.0000,0.0
881262.000,0.0749,-9999.0000,0.8880,-9999.0000,0.0522,0.0281,-9999.0000,-9999.0000,-9999.0000,-9999.0000,0.0
881494.000,0.1295,-9999.0000,0.8132,-9999.0000,-9999.0000,0.0930,-9999.0000,-9999.0000,-9999.0000,-9999.0000,0.0
881725.000,0.1241,-9999.0000,0.8626,-9999.0000,-9999.0000,-9999.0000,0.0827,-9999.0000,-9999.0000,-9999.0000,0.0
881956.000,0.1093,-9999.0000,0.9525,-9999.0000,0.0521,-9999.0000,0.0643,-9999.0000,0.0884,0.0728,0.0
882187.000,0.1282,0.4992,0.9793,-9999.0000,-9999.0000,-9999.0000,0.0489,0.1001,-9999.0000,-9999.0000,0.0
882418.000,0.1009,-9999.0000,0.7753,-9999.0000,-9999.0000,-9999.0000,0.1136,0.1375,-9999.0000,0.0702,0.0
882650.000,0.0785,-9999.0000,0.9245,-9999.0000,-9999.0000,-9999.0000,0.1674,-9999.0000,-9999.0000,-9999.0000,0.0
882881.000,0.0563,-9999.0000,0.8999,-9999.0000,-9999.0000,-9999.0000,-9999.0000,-9999.0000,0.0842,-9999.0000,0.0
883112.000,0.1126,-9999.0000,0.8489,-9999.0000,0.0730,0.0488,0.0823,-9999.0000,-9999.0000,-9999.0000,0.0
883343.000,0.1069,-9999.0000,0.7904,0.1193,-9999.0000,0.0377,0.0930,-9999.0000,-9999.0000,-9999.0000,0.0
883574.000,0.1077,-9999.0000,0.9085,-9999.0000,-9999.0000,-9999.0000,0.0834,-9999.0000,0.1270,-9999.0000,0.0
883806.000,0.0946,-9999.0000,0.7528,0.0940,-9999.0000,-9999.0000,0.0595,-9999.0000,0.0810,-9999.0000,0.0
884037.000,0.1257,-9999.0000,0.8385,0.1003,-9999.0000,0.0723,0.0846,-9999.0000,-9999.0000,-9999.0000,0.0
884268.000,0.1069,-9999.0000,0.7491,0.0964,-9999.0000,0.0377,0.1674,-9999.0000,-9999.0000,-9999.0000,0.0
884499.000,0.0846,-9999.0000,0.8696,-9999.0000,-9999.0000,0.0601,0.0721,-9999.0000,0.1120,-9999.0000,0.0
884730.000,0.1067,-9999.0000,0.8238,0.1639,-9999.0000,0.0486,0.1032,0.1492,-9999.0000,-9999.0000,0.0
884962.000,0.0560,-9999.0000,0.7263,0.1874,0.0617,0.0488,-9999.0000,0.1032,-9999.0000,-9999.0000,0.0
885193.000,0.0558,-9999.0000,0.9641,-9999.0000,-9999.0000,0.0817,0.1030,-9999.0000,-9999.0000,-9999.0000,0.0
885424.000,0.0911,-9999.0000,0.8366,-9999.0000,-9999.0000,0.0609,0.0627,-9999.0000,-9999.0000,-9999.0000,0.0
885655.000,0.0512,-9999.0000,0.9857,-9999.0000,-9999.0000,0.0497,0.1058,-9999.0000,-9999.0000,-9999.0000,0.0
885886.000,0.0616,-9999.0000,0.7024,-9999.0000,-9999.0000,-9999.0000,0.0609,-9999.0000,-9999.0000,-9999.0000,0.0
886118.000,0.0447,-9999.0000,0.8447,-9999.0000,-9999.0000,0.0931,0.1143,-9999.0000,0.0836,-9999.0000,0.0
886349.000,0.0564,-9999.0000,0.8432,-9999.0000,-9999.0000,0.0937,0.1581,-9999.0000,-9999.0000,-9999.0000,0.0
886580.000,0.0963,-9999.0000,0.7852,-9999.0000,-9999.0000,0.0938,0.1154,-9999.0000,-9999.0000,-9999.0000,0.0
886811.000,0.0453,-9999.0000,0.7227,0.0990,-9999.0000,0.0606,0.1267,0.1890,-9999.0000,0.0719,0.0
887042.000,0.0613,-9999.0000,0.7111,-9999.0000,-9999.0000,0.0484,0.1345,0.1479,0.0964,-9999.0000,0.0
887274.000,0.0672,-9999.0000,0.8538,-9999.0000,0.0727,-9999.0000,0.1562,0.0900,-9999.0000,-9999.0000,0.0
887505.000,0.0670,-9999.0000,0.7994,-9999.0000,-9999.0000,0.1256,0.2089,-9999.0000,-9999.0000,-9999.0000,0.0
887736.000,0.0620,-9999.0000,0.7060,0.1429,-9999.0000,0.0712,0.1681,-9999.0000,-9999.0000,-9999.0000,0.0
887967.000,0.0452,-9999.0000,0.5972,-9999.0000,-9999.0000,0.0827,0.1799,-9999.0000,-9999.0000,-9999.0000,0.0
888199.000,0.0834,-9999.0000,0.8236,-9999.0000,-9999.0000,0.1028,0.1861,-9999.0000,-9999.0000,-9999.0000,0.0
888430.000,0.0794,-9999.0000,0.7931,0.0987,-9999.0000,0.0827,0.1156,-9999.0000,-9999.0000,-9999.0000,0.0
888661.000,0.0629,-9999.0000,0.8535,0.1698,-9999.0000,0.1172,0.1171,0.1556,0.1584,-9999.0000,0.0
888892.000,0.0396,-9999.0000,0.7940,-9999.0000,0.0738,0.2278,0.1372,-9999.0000,-9999.0000,0.0717,0.0
889123.000,0.0885,-9999.0000,0.8822,0.2268,-9999.0000,0.1786,0.1950,-9999.0000,-9999.0000,-9999.0000,0.0
889355.000,0.0855,-9999.0000,0.8678,-9999.0000,-9999.0000,0.1613,0.0731,-9999.0000,-9999.0000,0.0719,0.0
889586.000,0.0738,-9999.0000,0.6934,-9999.0000,-9999.0000,0.1051,0.1049,0.1054,-9999.0000,-9999.0000,0.0
889817.000,0.0970,-9999.0000,0.8686,-9999.0000,-9999.0000,0.1950,0.1917,-9999.0000,-9999.0000,-9999.0000,0.0
890048.000,0.0867,-9999.0000,0.9943,-9999.0000,0.0521,0.0957,0.2492,0.1469,0.0901,-9999.0000,0.0
890279.000,0.1074,-9999.0000,0.8594,-9999.0000,0.0617,0.0821,0.2319,-9999.0000,-9999.0000,-9999.0000,0.0
890511.000,0.0906,-9999.0000,0.6554,-9999.0000,-9999.0000,0.2270,-9999.0000,0.1513,-9999.0000,-9999.0000,0.0
890742.000,0.0805,-9999.0000,0.9469,-9999.0000,-9999.0000,0.1175,0.1825,-9999.0000,-9999.0000,-9999.0000,0.0
890973.000,0.0855,-9999.0000,0.7902,0.1454,0.0624,0.1946,0.2235,0.1769,0.1573,-9999.0000,0.0
891204.000,0.0738,-9999.0000,0.8654,-9999.0000,-9999.0000,0.1719,0.2121,0.1168,-9999.0000,-9999.0000,0.0
891435.000,0.0963,-9999.0000,0.8798,-9999.0000,-9999.0000,0.1490,0.1254,0.1036,-9999.0000,-9999.0000,0.0
891667.000,0.0567,-9999.0000,0.9487,0.1448,-9999.0000,0.1161,0.0939,-9999.0000,-9999.0000,-9999.0000,0.0
891898.000,0.1146,-9999.0000,0.6814,0.1008,-9999.0000,0.0946,0.0735,-9999.0000,-9999.0000,-9999.0000,0.0
892129.000,0.1150,-9999.0000,0.9354,-9999.0000,-9999.0000,0.1400,0.0957,-9999.0000,0.0890,-9999.0000,0.0
892360.000,0.0562,-9999.0000,0.6993,0.1651,0.0841,0.0707,0.2526,-9999.0000,-9999.0000,-9999.0000,0.0
892591.000,0.1529,-9999.0000,0.7543,-9999.0000,-9999.0000,0.1709,0.2532,-9999.0000,-9999.0000,0.0708,0.0
892823.000,0.0390,-9999.0000,0.8386,-9999.0000,-9999.0000,0.1147,0.1879,0.0893,-9999.0000,0.0703,0.0
893054.000,0.1028,-9999.0000,0.8453,0.1458,-9999.0000,0.1612,0.2128,0.1058,0.1438,0.0717,0.0
893285.000,0.1043,-9999.0000,0.7444,-9999.0000,-9999.0000,0.1071,0.2494,0.1468,0.0909,-9999.0000,0.0
893516.000,0.0780,-9999.0000,0.7324,-9999.0000,-9999.0000,0.0917,0.1753,-9999.0000,0.0823,-9999.0000,0.0
893747.000,0.1260,-9999.0000,0.6870,-9999.0000,-9999.0000,0.2065,0.2135,0.0947,-9999.0000,-9999.0000,0.0
893979.000,0.0913,-9999.0000,0.7860,0.1917,-9999.0000,0.0717,0.3097,0.1293,0.1016,-9999.0000,0.0
894210.000,0.1019,-9999.0000,0.7792,-9999.0000,-9999.0000,0.0598,0.1785,0.1382,-9999.0000,-9999.0000,0.0
894441.000,0.1079,-9999.0000,0.6927,0.1442,-9999.0000,0.1157,0.0718,-9999.0000,0.1003,0.1152,0.0
894672.000,0.0806,-9999.0000,0.7687,0.1019,-9999.0000,0.1061,0.1497,-9999.0000,-9999.0000,-9999.0000,0.0
894903.000,0.1139,-9999.0000,0.8726,-9999.0000,-9999.0000,0.0937,0.0829,-9999.0000,0.1573,0.0712,0.0
895135.000,0.0450,-9999.0000,0.9437,-9999.0000,0.0615,0.1707,0.1460,0.2201,-9999.0000,-9999.0000,0.0
895366.000,0.1021,-9999.0000,0.7921,0.1665,-9999.0000,0.0710,0.2429,0.0910,0.1421,-9999.0000,0.0
895597.000,0.1308,-9999.0000,0.8118,-9999.0000,-9999.0000,-9999.0000,0.1791,-9999.0000,-9999.0000,-9999.0000,0.0
895828.000,0.1418,-9999.0000,0.6967,-9999.0000,-9999.0000,0.0708,0.2425,-9999.0000,-9999.0000,-9999.0000,0.0
896059.000,0.1323,-9999.0000,0.8341,0.1017,0.0743,0.0835,0.0736,-9999.0000,-9999.0000,-9999.0000,0.0
896291.000,0.0748,-9999.0000,0.7932,0.1482,-9999.0000,0.0385,0.2254,-9999.0000,0.0754,-9999.0000,0.0
896522.000,0.1028,-9999.0000,0.7861,-9999.0000,0.0736,0.1498,0.2124,-9999.0000,-9999.0000,-9999.0000,0.0
896753.000,-9999.0000,-9999.0000,0.6467,-9999.0000,0.0639,0.1302,0.1630,-9999.0000,-9999.0000,-9999.0000,0.0
896984.000,0.0917,-9999.0000,0.7778,-9999.0000,0.0855,0.1392,0.2134,-9999.0000,-9999.0000,-9999.0000,0.0
897215.000,0.1151,-9999.0000,0.6735,0.1480,-9999.0000,0.1735,0.1386,0.1672,-9999.0000,-9999.0000,0.0
897447.000,0.0636,-9999.0000,0.6642,-9999.0000,-9999.0000,0.1064,0.1284,-9999.0000,-9999.0000,-9999.0000,0.0
897678.000,0.0621,-9999.0000,0.6908,-9999.0000,-9999.0000,0.1485,0.2208,-9999.0000,-9999.0000,-9999.0000,0.0
897909.000,0.1106,-9999.0000,0.7789,-9999.0000,-9999.0000,0.0960,0.1190,0.0992,0.1068,0.0732,0.0
898140.000,0.0686,-9999.0000,0.8295,-9999.0000,-9999.0000,0.1052,0.2019,0.0932,-9999.0000,-9999.0000,0.0
898371.000,0.0590,-9999.0000,0.7869,-9999.0000,-9999.0000,0.0970,0.1648,0.1023,-9999.0000,-9999.0000,0.0
898603.000,0.0687,-9999.0000,0.6821,-9999.0000,-9999.0000,0.1166,0.0942,-9999.0000,0.0887,-9999.0000,0.0
898834.000,0.0692,-9999.0000,0.8305,-9999.0000,0.0513,0.0385,-9999.0000,-9999.0000,0.0902,-9999.0000,0.0
899065.000,0.1019,-9999.0000,0.7024,-9999.0000,-9999.0000,0.1039,0.1670,-9999.0000,0.0859,-9999.0000,0.0
899296.000,0.1179,-9999.0000,0.8540,-9999.0000,-9999.0000,0.0587,0.1225,-9999.0000,-9999.0000,-9999.0000,0.0
899527.000,0.0683,-9999.0000,0.7673,-9999.0000,0.0733,-9999.0000,0.2116,0.0917,-9999.0000,-9999.0000,0.0
899759.000,0.0632,-9999.0000,0.7568,-9999.0000,-9999.0000,0.1845,0.1489,-9999.0000,0.0755,-9999.0000,0.0
899990.000,0.0696,-9999.0000,0.8890,0.1035,-9999.0000,0.0387,0.1395,0.1810,-9999.0000,-9999.0000,0.0
900221.000,0.0858,-9999.0000,0.8661,-9999.0000,0.0736,0.1612,0.2881,-9999.0000,0.0745,-9999.0000,0.0
900452.000,0.0579,-9999.0000,0.8032,-9999.0000,-9999.0000,0.1628,0.1934,-9999.0000,-9999.0000,-9999.0000,0.0
900683.000,0.0921,-9999.0000,0.7520,-9999.0000,0.0511,0.1058,0.1274,0.1545,-9999.0000,-9999.0000,0.0
900915.000,0.0622,-9999.0000,0.8217,-9999.0000,-9999.0000,0.1150,0.1670,-9999.0000,-9999.0000,-9999.0000,0.0
901146.000,0.1306,-9999.0000,0.6628,-9999.0000,-9999.0000,0.1708,0.2958,-9999.0000,-9999.0000,-9999.0000,0.0
901377.000,0.0801,-9999.0000,0.7947,-9999.0000,-9999.0000,0.1835,0.3203,-9999.0000,-9999.0000,0.0711,0.0
901608.000,0.0850,-9999.0000,0.7400,-9999.0000,0.0613,0.0372,0.2637,-9999.0000,-9999.0000,-9999.0000,0.0
901839.000,0.0624,-9999.0000,0.7953,-9999.0000,-9999.0000,0.0820,0.2214,0.3982,-9999.0000,-9999.0000,0.0
902071.000,0.1022,-9999.0000,0.8823,-9999.0000,-9999.0000,0.1263,0.1458,0.2787,-9999.0000,0.0702,0.0
902302.000,0.1137,-9999.0000,0.7472,-9999.0000,-9999.0000,0.1376,0.2748,-9999.0000,-9999.0000,-9999.0000,0.0
902533.000,0.0960,-9999.0000,0.7132,0.1197,0.0609,0.1257,0.2944,0.1469,-9999.0000,0.0697,0.0
902764.000,0.0577,-9999.0000,0.7894,0.1254,0.0626,0.1397,0.2793,0.1785,0.0764,-9999.0000,0.0
902995.000,0.0693,-9999.0000,0.7424,-9999.0000,-9999.0000,0.2414,0.3340,0.1070,0.0909,-9999.0000,0.0
903227.000,0.0907,-9999.0000,0.6456,0.2579,-9999.0000,0.1150,0.2850,0.1247,-9999.0000,-9999.0000,0.0
903458.000,0.1028,-9999.0000,0.8646,-9999.0000,-9999.0000,0.2278,0.2332,0.1270,0.0743,-9999.0000,0.0
903689.000,0.0856,-9999.0000,0.7572,-9999.0000,0.0961,0.2165,0.3084,0.1268,-9999.0000,0.0707,0.0
903920.000,0.0973,-9999.0000,0.8131,-9999.0000,-9999.0000,0.1049,0.2122,0.0920,0.1173,-9999.0000,0.0
904151.000,0.0396,-9999.0000,0.8956,0.0983,-9999.0000,0.2043,0.1887,-9999.0000,0.1014,-9999.0000,0.0
904383.000,0.1039,-9999.0000,0.7541,0.1949,0.0741,0.2073,0.2902,0.2382,0.0767,-9999.0000,0.0
904614.000,0.0741,-9999.0000,0.7923,-9999.0000,-9999.0000,0.2498,0.3296,0.1619,-9999.0000,-9999.0000,0.0
904845.000,0.1226,-9999.0000,0.9031,-9999.0000,0.0869,0.0845,0.1954,0.1951,-9999.0000,-9999.0000,0.0
905076.000,0.1094,-9999.0000,0.7044,0.1017,-9999.0000,0.0717,0.1593,-9999.0000,-9999.0000,-9999.0000,0.0
905307.000,0.0848,-9999.0000,0.7148,-9999.0000,-9999.0000,0.2479,0.3909,-9999.0000,-9999.0000,-9999.0000,0.0
905539.000,-9999.0000,-9999.0000,0.8913,0.1946,-9999.0000,0.1507,0.2789,0.1538,0.1193,0.1162,0.0
905770.000,0.0593,-9999.0000,0.9435,-9999.0000,-9999.0000,0.1085,0.2200,0.1383,0.1109,0.0739,0.0
906001.000,0.1346,-9999.0000,0.9784,-9999.0000,0.0521,0.1873,0.3276,-9999.0000,-9999.0000,-9999.0000,0.0
906232.000,0.1222,-9999.0000,0.5441,0.1744,-9999.0000,0.1975,0.2380,0.1089,-9999.0000,-9999.0000,0.0
906463.000,0.1040,-9999.0000,0.7430,-9999.0000,-9999.0000,0.1397,0.3336,-9999.0000,0.0771,-9999.0000,0.0
906695.000,0.0353,-9999.0000,0.8612,-9999.0000,-9999.0000,0.1527,0.2610,-9999.0000,0.1515,-9999.0000,0.0
906926.000,0.0798,-9999.0000,0.7330,-9999.0000,-9999.0000,0.1043,0.1355,0.0900,0.0884,-9999.0000,0.0
907157.000,0.0849,-9999.0000,0.7389,-9999.0000,-9999.0000,0.1367,0.2195,-9999.0000,-9999.0000,0.0695,0.0
907388.000,0.1099,-9999.0000,0.8584,-9999.0000,-9999.0000,0.1511,0.1491,0.1785,-9999.0000,-9999.0000,0.0
907619.000,0.0690,-9999.0000,0.6979,0.1706,-9999.0000,0.1840,0.1587,0.1284,-9999.0000,-9999.0000,0.0
907851.000,0.0577,-9999.0000,0.7657,0.1714,-9999.0000,0.2182,0.2135,-9999.0000,-9999.0000,-9999.0000,0.0
908082.000,0.1221,-9999.0000,0.8269,0.1042,-9999.0000,0.1178,0.1392,-9999.0000,0.0787,-9999.0000,0.0
908313.000,0.1465,-9999.0000,0.6827,-9999.0000,0.0871,0.1417,-9999.0000,-9999.0000,-9999.0000,-9999.0000,0.0
908544.000,0.0973,-9999.0000,0.7361,-9999.0000,-9999.0000,0.1046,0.0604,-9999.0000,-9999.0000,-9999.0000,0.0
908775.000,0.0394,-9999.0000,0.5807,-9999.0000,-9999.0000,0.1146,0.1126,-9999.0000,-9999.0000,0.0695,0.0
909007.000,0.0857,-9999.0000,0.7819,-9999.0000,0.0843,0.1491,0.2109,0.1374,0.1313,-9999.0000,0.0
909238.000,0.0910,-9999.0000,0.7136,0.1215,-9999.0000,0.1039,0.1884,0.1005,0.1585,0.1583,0.0
909469.000,0.1091,-9999.0000,0.6367,0.1238,-9999.0000,0.1385,0.1472,0.1509,-9999.0000,-9999.0000,0.0
909700.000,0.1318,-9999.0000,0.7904,-9999.0000,-9999.0000,0.1943,0.2980,0.2455,-9999.0000,0.1594,0.0
909931.000,0.1043,-9999.0000,0.8776,-9999.0000,-9999.0000,0.2302,0.0946,-9999.0000,-9999.0000,0.1611,0.0
910163.000,0.0844,-9999.0000,0.8758,-9999.0000,0.1054,0.2132,0.2177,-9999.0000,-9999.0000,0.1126,0.0
910394.000,0.0572,-9999.0000,0.7012,0.1003,0.0845,0.1495,0.1575,0.1144,0.0757,-9999.0000,0.0
910625.000,0.0748,0.6261,0.8774,-9999.0000,0.0964,0.1837,0.1908,0.0917,0.0907,0.0708,0.0
910856.000,-9999.0000,0.6778,0.8080,0.1193,-9999.0000,0.0918,0.2398,-9999.0000,0.1425,-9999.0000,0.0
911087.000,0.0342,0.8248,0.7114,0.0997,0.1187,0.1827,0.1569,0.2085,0.1318,-9999.0000,0.0
911319.000,0.0508,0.8452,0.6686,-9999.0000,-9999.0000,0.1587,0.1763,-9999.0000,-9999.0000,0.1573,0.0
911600.000,0.0844,0.9981,0.9759,-9999.0000,0.0940,0.2131,0.1429,0.1314,-9999.0000,-9999.0000,0.0
911832.000,0.0512,1.0560,0.7034,0.2366,-9999.0000,0.1710,0.2100,-9999.0000,-9999.0000,-9999.0000,0.0
912063.000,0.0502,0.6421,0.8036,0.0952,0.1050,0.1795,0.3233,0.1071,-9999.0000,-9999.0000,0.0
912294.000,0.0674,0.7022,0.8821,0.1185,-9999.0000,0.2021,0.1535,-9999.0000,-9999.0000,0.1124,0.0
912525.000,0.1147,0.8305,0.8751,0.1005,0.0615,0.1270,0.1467,-9999.0000,-9999.0000,-9999.0000,0.0
912756.000,0.0448,0.7123,1.0017,-9999.0000,-9999.0000,0.1026,0.1218,-9999.0000,-9999.0000,-9999.0000,0.0
912988.000,0.0636,0.6332,1.0974,0.2876,0.0621,0.0602,0.1046,-9999.0000,0.2343,-9999.0000,0.0
913219.000,0.0686,0.6255,1.0091,-9999.0000,0.0612,0.1489,0.1567,0.1485,0.1602,-9999.0000,0.0
913450.000,0.1086,0.7314,1.1331,-9999.0000,-9999.0000,0.1600,0.2319,0.1125,-9999.0000,-9999.0000,0.0
913681.000,0.0679,0.6208,1.0837,0.1889,0.0604,0.1032,0.0905,0.0981,-9999.0000,-9999.0000,0.0
913912.000,0.0743,0.7475,1.0570,0.1227,-9999.0000,0.0817,0.2429,0.1009,-9999.0000,0.0699,0.0
914144.000,0.0627,0.6875,0.9599,-9999.0000,0.0724,0.1151,0.1239,-9999.0000,0.1316,-9999.0000,0.0
914375.000,0.0809,0.8570,1.1756,-9999.0000,0.0620,0.0602,0.1045,0.1162,0.1206,-9999.0000,0.0
914606.000,0.1537,0.6892,0.9445,0.0982,-9999.0000,0.0477,0.1231,0.2645,-9999.0000,0.0692,0.0
914837.000,0.1087,0.7769,1.1348,0.0997,-9999.0000,0.1265,0.1997,-9999.0000,-9999.0000,-9999.0000,0.0
915068.000,0.0865,0.6016,1.0471,0.2865,-9999.0000,0.0599,0.1690,-9999.0000,-9999.0000,-9999.0000,0.0
915300.000,0.1035,0.7128,1.1221,-9999.0000,-9999.0000,0.0709,0.1900,-9999.0000,-9999.0000,-9999.0000,0.0
915531.000,0.1305,0.7349,1.0128,0.1203,-9999.0000,0.0808,0.0474,-9999.0000,-9999.0000,-9999.0000,0.0
915762.000,0.0338,0.7371,1.0261,-9999.0000,0.1060,-9999.0000,0.1548,-9999.0000,0.1444,0.0690,0.0
915993.000,0.0564,0.9101,1.1295,-9999.0000,0.0943,0.0695,0.0793,-9999.0000,-9999.0000,-9999.0000,0.0
916224.000,0.0861,0.5896,1.2703,-9999.0000,-9999.0000,0.0595,0.1464,-9999.0000,-9999.0000,-9999.0000,0.0
916456.000,0.0557,0.8225,1.0712,-9999.0000,-9999.0000,-9999.0000,0.1094,0.1284,-9999.0000,-9999.0000,0.0
916687.000,0.1081,0.8391,1.1342,-9999.0000,0.0719,0.0698,0.2087,-9999.0000,-9999.0000,-9999.0000,0.0
916918.000,0.1200,0.8249,0.9666,0.0992,-9999.0000,0.0590,0.1236,-9999.0000,0.1461,0.0694,0.0
917149.000,0.0914,0.8680,1.2938,-9999.0000,-9999.0000,-9999.0000,0.0805,-9999.0000,-9999.0000,-9999.0000,0.0
917380.000,0.0695,0.6365,1.1412,0.1952,-9999.0000,0.0827,0.1478,0.0918,-9999.0000,-9999.0000,0.0
917612.000,0.1026,0.8212,1.1601,0.0986,-9999.0000,0.1034,0.0800,-9999.0000,-9999.0000,-9999.0000,0.0
917843.000,0.0746,0.7977,1.2284,-9999.0000,-9999.0000,0.1268,0.1353,0.1131,-9999.0000,-9999.0000,0.0
918074.000,0.1353,0.8028,1.1237,-9999.0000,0.0709,0.0799,0.1207,0.1768,0.0865,-9999.0000,0.0
918305.000,0.1001,0.8466,1.1746,-9999.0000,-9999.0000,-9999.0000,0.0656,0.1021,-9999.0000,-9999.0000,0.0
918536.000,0.0797,0.7213,1.0887,0.1443,-9999.0000,-9999.0000,0.1874,0.1338,-9999.0000,-9999.0000,0.0
918768.000,0.1077,0.6434,1.1430,0.1201,-9999.0000,0.0583,0.0577,0.2148,-9999.0000,-9999.0000,0.0
918999.000,0.0623,0.9712,1.1911,-9999.0000,0.0715,0.1251,0.0899,-9999.0000,-9999.0000,-9999.0000,0.0
919230.000,0.1207,0.9858,1.2891,0.1007,-9999.0000,0.0931,0.1461,0.0891,-9999.0000,-9999.0000,0.0
919461.000,0.0849,1.0458,1.3836,0.3022,-9999.0000,-9999.0000,0.1323,-9999.0000,0.1299,-9999.0000,0.0
919692.000,0.1081,1.0119,1.1351,0.1211,-9999.0000,0.1701,0.1440,0.0976,-9999.0000,-9999.0000,0.0
919924.000,0.1146,0.7456,1.2564,0.1231,-9999.0000,0.0816,0.0915,0.1119,0.1049,-9999.0000,0.0
920155.000,0.1365,1.1874,1.2935,0.1207,-9999.0000,0.0695,0.1436,-9999.0000,0.1168,0.1128,0.0
920386.000,0.1537,1.0461,1.2644,-9999.0000,0.0830,0.0918,0.1330,-9999.0000,-9999.0000,0.0686,0.0
920670.000,-9999.0000,-9999.0000,-9999.0000,-9999.0000,-9999.0000,-9999.0000,-9999.0000,-9999.0000,-9999.0000,-9999.0000,1.0
920901.000,-9999.0000,-9999.0000,-9999.0000,-9999.0000,-9999.0000,-9999.0000,-9999.0000,-9999.0000,-9999.0000,-9999.0000,1.0
921132.000,-9999.0000,-9999.0000,-9999.0000,-9999.0000,-9999.0000,-9999.0000,-9999.0000,-9999.0000,-9999.0000,-9999.0000,1.0
921363.000,-9999.0000,-9999.0000,-9999.0000,-9999.0000,-9999.0000,-9999.0000,-9999.0000,-9999.0000,-9999.0000,-9999.0000,1.0
921595.000,-9999.0000,-9999.0000,-9999.0000,-9999.0000,-9999.0000,-9999.0000,-9999.0000,-9999.0000,-9999.0000,-9999.0000,1.0
921826.000,-9999.0000,-9999.0000,-9999.0000,-9999.0000,-9999.0000,-9999.0000,-9999.0000,-9999.0000,-9999.0000,-9999.0000,1.0
922057.000,-9999.0000,-9999.0000,-9999.0000,-9999.0000,-9999.0000,-9999.0000,-9999.0000,-9999.0000,-9999.0000,-9999.0000,1.0
922288.000,-9999.0000,-9999.0000,-9999.0000,-9999.0000,-9999.0000,-9999.0000,-9999.0000,-9999.0000,-9999.0000,-9999.0000,1.0
922519.000,-9999.0000,-9999.0000,-9999.0000,-9999.0000,-9999.0000,-9999.0000,-9999.0000,-9999.0000,-9999.0000,-9999.0000,1.0
922751.000,-9999.0000,-9999.0000,-9999.0000,-9999.0000,-9999.0000,-9999.0000,-9999.0000,-9999.0000,-9999.0000,-9999.0000,1.0
922982.000,-9999.0000,-9999.0000,-9999.0000,-9999.0000,-9999.0000,-9999.0000,-9999.0000,-9999.0000,-9999.0000,-9999.0000,1.0
923213.000,-9999.0000,-9999.0000,-9999.0000,-9999.0000,-9999.0000,-9999.0000,-9999.0000,-9999.0000,-9999.0000,-9999.0000,1.0
923509.000,0.0737,1.2861,1.4168,-9999.0000,-9999.0000,-9999.0000,0.1644,-9999.0000,-9999.0000,-9999.0000,0.0
923740.000,0.1034,0.9443,1.3433,0.1928,0.0839,-9999.0000,0.1672,-9999.0000,-9999.0000,-9999.0000,0.0
923971.000,0.1101,1.3344,1.3122,0.2189,0.0848,0.0485,0.1147,-9999.0000,0.0794,-9999.0000,0.0
924203.000,0.0790,1.2134,1.2633,-9999.0000,0.0821,0.0576,-9999.0000,0.1176,-9999.0000,-9999.0000,0.0
924434.000,0.1014,1.0025,1.2242,-9999.0000,-9999.0000,-9999.0000,0.0559,-9999.0000,-9999.0000,-9999.0000,0.0
924665.000,-9999.0000,1.1946,1.3522,-9999.0000,0.0940,0.0692,-9999.0000,-9999.0000,0.0749,0.0681,0.0
924896.000,0.1026,1.0451,1.3749,-9999.0000,0.1059,0.1253,0.0576,-9999.0000,0.1463,0.0685,0.0
925127.000,0.0855,0.7538,1.2331,-9999.0000,-9999.0000,-9999.0000,0.0900,-9999.0000,-9999.0000,-9999.0000,0.0
925359.000,0.0869,0.8148,1.4381,-9999.0000,-9999.0000,-9999.0000,0.0709,-9999.0000,0.0795,-9999.0000,0.0
925590.000,0.1654,0.8099,1.3332,-9999.0000,0.0944,-9999.0000,0.1436,0.1203,-9999.0000,-9999.0000,0.0
925821.000,0.0731,0.8560,1.2252,-9999.0000,-9999.0000,-9999.0000,0.1305,-9999.0000,-9999.0000,-9999.0000,0.0
926052.000,0.0891,1.1020,1.3898,-9999.0000,0.0753,-9999.0000,0.1077,-9999.0000,-9999.0000,-9999.0000,0.0
926283.000,0.0862,0.7663,1.0453,-9999.0000,-9999.0000,-9999.0000,-9999.0000,-9999.0000,-9999.0000,-9999.0000,0.0
926515.000,0.1258,0.9434,1.4499,-9999.0000,0.0717,-9999.0000,0.0902,-9999.0000,-9999.0000,0.1130,0.0
926746.000,0.1276,1.2793,1.1451,0.1262,-9999.0000,0.0710,0.0491,-9999.0000,-9999.0000,-9999.0000,0.0
926977.000,0.1334,1.1062,1.3979,-9999.0000,-9999.0000,-9999.0000,-9999.0000,-9999.0000,-9999.0000,-9999.0000,0.0
927208.000,0.0637,1.0737,1.5093,0.1256,-9999.0000,-9999.0000,-9999.0000,-9999.0000,-9999.0000,-9999.0000,0.0
927439.000,0.1263,0.7716,1.5032,0.1002,0.0605,-9999.0000,0.0907,0.1461,-9999.0000,-9999.0000,0.0
927671.000,0.0537,0.8074,1.4072,-9999.0000,0.1222,-9999.0000,0.0519,-9999.0000,-9999.0000,0.1177,0.0
927902.000,0.0747,1.1476,1.3325,-9999.0000,-9999.0000,-9999.0000,0.0802,-9999.0000,-9999.0000,-9999.0000,0.0
928133.000,0.1326,1.1676,1.3603,-9999.0000,-9999.0000,-9999.0000,0.1023,-9999.0000,-9999.0000,-9999.0000,0.0
928364.000,0.0873,1.0751,1.3531,-9999.0000,-9999.0000,-9999.0000,0.1257,-9999.0000,-9999.0000,-9999.0000,0.0
928595.000,0.1548,0.7626,1.1498,-9999.0000,-9999.0000,-9999.0000,0.1119,-9999.0000,-9999.0000,0.0687,0.0
928827.000,0.0339,0.8078,1.2658,0.1207,-9999.0000,-9999.0000,-9999.0000,-9999.0000,-9999.0000,0.0679,0.0
929058.000,0.0910,0.8793,1.3431,-9999.0000,-9999.0000,-9999.0000,-9999.0000,-9999.0000,0.0757,0.1121,0.0
929289.000,0.1228,1.0418,1.2816,-9999.0000,-9999.0000,0.0602,-9999.0000,-9999.0000,-9999.0000,-9999.0000,0.0
929520.000,0.0635,0.8102,1.2539,-9999.0000,-9999.0000,-9999.0000,-9999.0000,-9999.0000,-9999.0000,-9999.0000,0.0
929752.000,0.1264,0.6015,1.2657,-9999.0000,0.0835,-9999.0000,0.1771,-9999.0000,-9999.0000,-9999.0000,0.0
929983.000,0.0853,0.6882,1.2904,-9999.0000,0.0825,0.0356,-9999.0000,-9999.0000,-9999.0000,-9999.0000,0.0
930214.000,0.0410,0.6877,1.2409,-9999.0000,-9999.0000,-9999.0000,-9999.0000,-9999.0000,0.1242,-9999.0000,0.0
930445.000,0.1047,1.0027,1.2142,-9999.0000,0.0615,-9999.0000,0.0598,-9999.0000,-9999.0000,-9999.0000,0.0
930676.000,0.1026,0.9332,1.1916,-9999.0000,0.0597,-9999.0000,-9999.0000,-9999.0000,0.0904,-9999.0000,0.0
930908.000,0.0808,0.7171,1.2660,-9999.0000,-9999.0000,-9999.0000,0.1239,-9999.0000,-9999.0000,0.0692,0.0
931139.000,0.0406,0.9940,1.3223,0.1252,-9999.0000,-9999.0000,0.0698,-9999.0000,-9999.0000,0.0694,0.0
931370.000,0.0862,0.8319,1.2364,-9999.0000,0.0834,-9999.0000,-9999.0000,-9999.0000,-9999.0000,-9999.0000,0.0
931601.000,0.0744,0.9123,1.2860,-9999.0000,-9999.0000,-9999.0000,0.1006,-9999.0000,-9999.0000,0.0683,0.0
931832.000,0.0866,0.6672,1.3740,-9999.0000,-9999.0000,-9999.0000,0.0586,-9999.0000,0.0793,-9999.0000,0.0
932064.000,0.0572,0.9130,1.3520,-9999.0000,0.0600,-9999.0000,0.0574,0.0966,-9999.0000,-9999.0000,0.0
932295.000,0.0642,0.9705,1.2589,-9999.0000,-9999.0000,0.0370,0.1692,-9999.0000,-9999.0000,-9999.0000,0.0
932526.000,0.0753,0.9101,1.5823,-9999.0000,-9999.0000,-9999.0000,-9999.0000,-9999.0000,-9999.0000,-9999.0000,0.0
932757.000,0.0752,0.8499,1.4420,-9999.0000,-9999.0000,-9999.0000,-9999.0000,-9999.0000,-9999.0000,-9999.0000,0.0
932988.000,0.0811,0.6793,1.3179,-9999.0000,-9999.0000,0.0365,0.0915,-9999.0000,-9999.0000,0.1589,0.0
933220.000,0.0464,0.8954,1.3958,-9999.0000,-9999.0000,0.0478,0.0915,0.1120,-9999.0000,-9999.0000,0.0
933451.000,0.0581,1.0007,1.3990,-9999.0000,-9999.0000,-9999.0000,0.0483,-9999.0000,-9999.0000,0.1144,0.0
933682.000,0.0986,1.1436,1.3618,-9999.0000,-9999.0000,0.0931,0.0699,-9999.0000,-9999.0000,-9999.0000,0.0
933913.000,0.1055,0.9014,1.3330,0.1055,0.0736,-9999.0000,0.0715,-9999.0000,-9999.0000,-9999.0000,0.0
934144.000,0.0913,1.0653,1.3065,-9999.0000,-9999.0000,-9999.0000,-9999.0000,-9999.0000,-9999.0000,0.0678,0.0
934376.000,0.0872,1.0107,1.1660,0.1498,-9999.0000,-9999.0000,-9999.0000,-9999.0000,-9999.0000,-9999.0000,0.0
934607.000,0.0846,1.1942,1.4165,-9999.0000,-9999.0000,-9999.0000,-9999.0000,-9999.0000,-9999.0000,-9999.0000,0.0
934838.000,0.0626,1.1060,1.3703,-9999.0000,0.0824,-9999.0000,0.0887,-9999.0000,-9999.0000,0.0676,0.0
935069.000,0.1098,0.9576,1.4534,-9999.0000,-9999.0000,0.0362,0.1126,-9999.0000,0.1083,-9999.0000,0.0
935300.000,0.1796,1.0069,1.2597,0.1026,-9999.0000,0.0365,-9999.0000,-9999.0000,-9999.0000,-9999.0000,0.0
935532.000,0.1421,0.9426,1.2527,0.1200,-9999.0000,0.0350,0.0772,-9999.0000,-9999.0000,-9999.0000,0.0
935763.000,0.0344,0.7312,1.1638,-9999.0000,-9999.0000,-9999.0000,-9999.0000,-9999.0000,-9999.0000,0.1571,0.0
935994.000,0.1007,1.0509,1.3764,-9999.0000,-9999.0000,-9999.0000,-9999.0000,-9999.0000,-9999.0000,-9999.0000,0.0
936225.000,0.1123,1.1653,1.2401,-9999.0000,0.0860,-9999.0000,0.0726,-9999.0000,-9999.0000,-9999.0000,0.0
936456.000,0.1274,1.1070,1.2949,-9999.0000,-9999.0000,-9999.0000,0.0585,-9999.0000,-9999.0000,-9999.0000,0.0
936688.000,0.0639,0.7412,1.2485,0.1492,-9999.0000,0.0591,0.1241,-9999.0000,-9999.0000,-9999.0000,0.0
936919.000,0.1047,1.0046,1.3773,0.1265,-9999.0000,-9999.0000,0.1354,-9999.0000,-9999.0000,-9999.0000,0.0
937150.000,0.1448,1.0933,1.3254,-9999.0000,-9999.0000,0.0363,-9999.0000,0.1953,-9999.0000,0.0690,0.0
937381.000,0.0582,1.2200,1.5025,0.2192,0.0725,-9999.0000,0.0478,-9999.0000,-9999.0000,0.0692,0.0
937612.000,0.0683,0.9346,1.3221,0.1438,-9999.0000,-9999.0000,-9999.0000,-9999.0000,-9999.0000,-9999.0000,0.0
937844.000,0.1179,0.9717,1.4204,-9999.0000,0.0622,0.0375,-9999.0000,-9999.0000,0.0847,-9999.0000,0.0
938075.000,0.0995,1.2342,1.5187,-9999.0000,-9999.0000,-9999.0000,0.0598,-9999.0000,-9999.0000,0.0699,0.0
938306.000,0.0759,1.2788,1.2547,-9999.0000,-9999.0000,-9999.0000,-9999.0000,-9999.0000,-9999.0000,-9999.0000,0.0
938537.000,0.1437,0.8270,1.4399,-9999.0000,-9999.0000,-9999.0000,0.0895,-9999.0000,-9999.0000,-9999.0000,0.0
938768.000,0.0584,1.1902,1.3139,-9999.0000,0.0611,0.0706,-9999.0000,-9999.0000,-9999.0000,0.1594,0.0
939000.000,0.0810,1.1407,1.5270,-9999.0000,-9999.0000,-9999.0000,-9999.0000,-9999.0000,-9999.0000,-9999.0000,0.0
939288.000,-9999.0000,-9999.0000,-9999.0000,-9999.0000,-9999.0000,-9999.0000,-9999.0000,-9999.0000,-9999.0000,-9999.0000,1.0
939519.000,-9999.0000,-9999.0000,-9999.0000,-9999.0000,-9999.0000,-9999.0000,-9999.0000,-9999.0000,-9999.0000,-9999.0000,1.0
939750.000,-9999.0000,-9999.0000,-9999.0000,-9999.0000,-9999.0000,-9999.0000,-9999.0000,-9999.0000,-9999.0000,-9999.0000,1.0
939982.000,-9999.0000,-9999.0000,-9999.0000,-9999.0000,-9999.0000,-9999.0000,-9999.0000,-9999.0000,-9999.0000,-9999.0000,1.0
940213.000,-9999.0000,-9999.0000,-9999.0000,-9999.0000,-9999.0000,-9999.0000,-9999.0000,-9999.0000,-9999.0000,-9999.0000,1.0
940444.000,-9999.0000,-9999.0000,-9999.0000,-9999.0000,-9999.0000,-9999.0000,-9999.0000,-9999.0000,-9999.0000,-9999.0000,1.0
940675.000,-9999.0000,-9999.0000,-9999.0000,-9999.0000,-9999.0000,-9999.0000,-9999.0000,-9999.0000,-9999.0000,-9999.0000,1.0
940906.000,-9999.0000,-9999.0000,-9999.0000,-9999.0000,-9999.0000,-9999.0000,-9999.0000,-9999.0000,-9999.0000,-9999.0000,1.0
941191.000,0.0765,1.3214,1.3294,0.2228,0.0733,-9999.0000,0.0598,-9999.0000,-9999.0000,0.0699,0.0
941422.000,0.0994,0.7902,1.3966,0.2213,-9999.0000,0.0366,-9999.0000,-9999.0000,-9999.0000,0.1597,0.0
941654.000,0.0824,1.1705,1.4642,-9999.0000,-9999.0000,-9999.0000,0.0819,0.1028,-9999.0000,-9999.0000,0.0
941885.000,0.0942,1.1358,1.5991,-9999.0000,-9999.0000,0.0484,-9999.0000,-9999.0000,-9999.0000,0.1607,0.0
942116.000,0.1151,1.1251,1.5978,-9999.0000,0.0713,-9999.0000,-9999.0000,-9999.0000,-9999.0000,0.1124,0.0
942347.000,0.0472,1.0159,1.2385,-9999.0000,-9999.0000,-9999.0000,-9999.0000,-9999.0000,-9999.0000,-9999.0000,0.0
942578.000,0.1088,1.3168,1.5434,0.0991,0.0708,-9999.0000,0.0884,-9999.0000,-9999.0000,0.0673,0.0
942810.000,0.0937,1.1202,1.3563,-9999.0000,-9999.0000,-9999.0000,-9999.0000,-9999.0000,-9999.0000,-9999.0000,0.0
943041.000,0.0871,0.7790,1.4653,0.1025,0.0604,-9999.0000,0.0687,-9999.0000,-9999.0000,-9999.0000,0.0
943272.000,0.0916,1.1451,1.3764,-9999.0000,0.0593,-9999.0000,-9999.0000,-9999.0000,-9999.0000,-9999.0000,0.0
943503.000,0.0767,1.1903,1.3887,0.1065,-9999.0000,-9999.0000,0.0821,-9999.0000,-9999.0000,-9999.0000,0.0
943734.000,0.0529,0.9611,1.4537,-9999.0000,-9999.0000,-9999.0000,0.1140,-9999.0000,0.0835,-9999.0000,0.0
943966.000,0.0703,1.0015,1.2153,-9999.0000,-9999.0000,-9999.0000,0.1245,-9999.0000,-9999.0000,-9999.0000,0.0
944197.000,0.0815,1.1228,1.3177,0.1030,-9999.0000,-9999.0000,-9999.0000,-9999.0000,-9999.0000,-9999.0000,0.0
944428.000,0.0977,0.9934,1.5118,-9999.0000,-9999.0000,-9999.0000,-9999.0000,-9999.0000,-9999.0000,0.0674,0.0
944659.000,0.1166,0.9330,1.3761,-9999.0000,0.0608,0.0362,-9999.0000,-9999.0000,-9999.0000,-9999.0000,0.0
944890.000,0.0412,1.0096,1.4577,-9999.0000,-9999.0000,-9999.0000,-9999.0000,0.1002,-9999.0000,0.1142,0.0
945122.000,0.0761,1.2280,1.5790,0.1512,-9999.0000,-9999.0000,0.0807,-9999.0000,0.0977,-9999.0000,0.0
945353.000,0.0701,1.1498,1.3936,-9999.0000,-9999.0000,-9999.0000,0.0911,-9999.0000,-9999.0000,0.0688,0.0
945584.000,0.1227,1.2279,1.5063,0.1745,0.0609,-9999.0000,-9999.0000,0.1484,-9999.0000,-9999.0000,0.0
945815.000,0.0767,1.2419,1.5468,0.1298,0.0616,-9999.0000,0.0707,-9999.0000,-9999.0000,0.1152,0.0
946046.000,0.0726,0.9935,1.5152,0.1120,0.0634,-9999.0000,-9999.0000,-9999.0000,-9999.0000,-9999.0000,0.0
946278.000,0.0816,1.0313,1.5001,0.1964,0.0605,-9999.0000,-9999.0000,-9999.0000,0.0824,-9999.0000,0.0
946509.000,0.1049,1.1062,1.4476,0.1036,-9999.0000,-9999.0000,0.1018,-9999.0000,-9999.0000,-9999.0000,0.0
946740.000,0.1352,0.7293,1.5271,-9999.0000,-9999.0000,-9999.0000,-9999.0000,0.1262,0.1138,-9999.0000,0.0
946971.000,0.1459,0.9433,1.4082,0.1275,-9999.0000,0.0589,-9999.0000,-9999.0000,-9999.0000,0.0688,0.0
947202.000,0.1049,0.8675,1.4237,-9999.0000,0.1071,-9999.0000,0.0689,-9999.0000,-9999.0000,-9999.0000,0.0
947434.000,0.1277,1.0630,1.4543,-9999.0000,0.0950,-9999.0000,0.0682,-9999.0000,-9999.0000,-9999.0000,0.0
947665.000,0.0858,1.0374,1.4409,-9999.0000,-9999.0000,0.0347,-9999.0000,-9999.0000,-9999.0000,0.0667,0.0
947896.000,0.0517,1.1165,1.3510,-9999.0000,0.0822,-9999.0000,0.1531,-9999.0000,-9999.0000,-9999.0000,0.0
948127.000,0.1052,1.1478,1.4211,-9999.0000,0.0840,-9999.0000,-9999.0000,-9999.0000,-9999.0000,-9999.0000,0.0
948358.000,0.1133,1.1722,1.5657,-9999.0000,0.0862,-9999.0000,-9999.0000,-9999.0000,-9999.0000,-9999.0000,0.0
948590.000,0.0462,1.1094,1.5056,0.1239,-9999.0000,0.0577,-9999.0000,-9999.0000,-9999.0000,-9999.0000,0.0
948821.000,0.0744,1.0475,1.6872,0.1450,-9999.0000,0.0348,0.0876,-9999.0000,0.0791,-9999.0000,0.0
949052.000,0.1172,1.0524,1.6862,-9999.0000,0.1194,0.0591,0.0806,-9999.0000,0.1131,-9999.0000,0.0
949283.000,0.1351,0.9480,1.5811,0.1527,0.0729,-9999.0000,-9999.0000,-9999.0000,-9999.0000,-9999.0000,0.0
949514.000,0.0754,1.0396,1.5969,-9999.0000,-9999.0000,-9999.0000,-9999.0000,-9999.0000,-9999.0000,-9999.0000,0.0
949746.000,0.1052,1.1421,1.5792,0.1277,0.0607,-9999.0000,-9999.0000,0.1352,-9999.0000,-9999.0000,0.0
949977.000,0.1182,0.9944,1.4003,-9999.0000,0.1087,0.0483,0.0929,-9999.0000,-9999.0000,0.1608,0.0
950208.000,0.1116,1.3340,1.5745,-9999.0000,-9999.0000,-9999.0000,0.0808,-9999.0000,0.0850,-9999.0000,0.0
950439.000,0.0922,1.0374,1.7326,-9999.0000,-9999.0000,-9999.0000,-9999.0000,-9999.0000,-9999.0000,0.0672,0.0
950670.000,0.1501,1.0767,1.6276,-9999.0000,-9999.0000,-9999.0000,0.0779,-9999.0000,-9999.0000,-9999.0000,0.0
950902.000,0.1059,0.9865,1.4428,0.2234,-9999.0000,0.0365,0.1140,-9999.0000,0.0998,-9999.0000,0.0
951133.000,0.1446,1.0010,1.4924,0.1247,0.0712,-9999.0000,-9999.0000,-9999.0000,-9999.0000,-9999.0000,0.0
951364.000,0.0940,1.2020,1.3978,-9999.0000,0.0960,-9999.0000,0.1136,0.1365,-9999.0000,0.0690,0.0
951595.000,0.1022,1.0744,1.7791,0.1353,-9999.0000,-9999.0000,0.0507,-9999.0000,0.0901,-9999.0000,0.0
951827.000,0.0896,1.2977,1.6450,-9999.0000,-9999.0000,-9999.0000,0.1053,-9999.0000,-9999.0000,-9999.0000,0.0
952058.000,0.1227,1.3248,1.5555,0.2678,0.0955,-9999.0000,-9999.0000,-9999.0000,-9999.0000,0.1136,0.0
952289.000,0.0640,1.1026,1.4501,0.1724,0.0831,-9999.0000,0.0569,-9999.0000,0.0969,0.1127,0.0
952520.000,0.1260,1.0979,1.6987,0.2138,0.0931,-9999.0000,-9999.0000,-9999.0000,-9999.0000,-9999.0000,0.0
952751.000,0.0525,1.4962,1.8498,-9999.0000,0.0949,-9999.0000,0.0570,-9999.0000,0.1116,0.1578,0.0
952983.000,0.0692,1.2835,1.6977,0.1931,0.1169,0.0462,-9999.0000,-9999.0000,-9999.0000,-9999.0000,0.0
953214.000,0.0809,1.3937,1.8612,0.1009,0.0940,-9999.0000,-9999.0000,-9999.0000,-9999.0000,0.1118,0.0
953445.000,0.0343,1.4499,1.8069,0.1909,0.0931,-9999.0000,-9999.0000,-9999.0000,-9999.0000,-9999.0000,0.0
953676.000,0.1167,1.4663,1.6856,0.1270,0.0835,-9999.0000,-9999.0000,-9999.0000,-9999.0000,0.1582,0.0
953907.000,0.0871,1.1729,1.7431,-9999.0000,0.1409,-9999.0000,0.0782,-9999.0000,0.0824,-9999.0000,0.0
954139.000,0.0639,1.3446,1.5676,0.1484,0.1291,-9999.0000,0.0672,0.1189,-9999.0000,-9999.0000,0.0
954370.000,0.1332,1.0625,1.7772,-9999.0000,-9999.0000,-9999.0000,-9999.0000,-9999.0000,-9999.0000,-9999.0000,0.0
954601.000,0.1279,0.8813,1.7111,0.1029,0.0599,-9999.0000,-9999.0000,-9999.0000,-9999.0000,-9999.0000,0.0
954832.000,0.1024,1.0158,1.5883,0.2572,0.0694,0.0450,0.0534,-9999.0000,-9999.0000,0.1096,0.0
955063.000,0.0911,0.8970,1.6494,0.1432,-9999.0000,-9999.0000,-9999.0000,-9999.0000,-9999.0000,-9999.0000,0.0
955295.000,0.1443,1.0415,1.7053,0.1008,-9999.0000,-9999.0000,-9999.0000,-9999.0000,-9999.0000,0.0669,0.0
955526.000,0.0885,1.2527,1.7364,0.1531,-9999.0000,0.0477,-9999.0000,-9999.0000,0.0860,-9999.0000,0.0
955757.000,0.0700,1.1433,1.5554,0.1263,-9999.0000,-9999.0000,0.0895,-9999.0000,0.0833,-9999.0000,0.0
955988.000,0.1171,1.0821,1.7339,0.1982,-9999.0000,-9999.0000,-9999.0000,-9999.0000,0.0991,-9999.0000,0.0
956219.000,0.1444,1.0785,1.6821,0.1472,-9999.0000,-9999.0000,0.0663,-9999.0000,-9999.0000,0.0668,0.0
956451.000,0.1279,1.0558,1.3077,0.1028,0.0830,-9999.0000,0.0784,-9999.0000,-9999.0000,-9999.0000,0.0
956682.000,0.0523,0.6448,1.7234,-9999.0000,0.0594,-9999.0000,-9999.0000,0.1061,-9999.0000,0.1119,0.0
956913.000,0.1444,1.0070,1.4606,-9999.0000,-9999.0000,-9999.0000,-9999.0000,0.2485,0.0959,-9999.0000,0.0
957144.000,0.0822,0.8729,1.6080,0.1282,-9999.0000,-9999.0000,-9999.0000,-9999.0000,-9999.0000,-9999.0000,0.0
957375.000,0.1059,0.9148,1.5216,0.2230,-9999.0000,0.0474,-9999.0000,0.0990,-9999.0000,0.0686,0.0
957607.000,0.0582,1.0234,1.3834,0.1022,-9999.0000,-9999.0000,-9999.0000,-9999.0000,-9999.0000,-9999.0000,0.0
957838.000,0.1063,1.0386,1.5028,0.1067,-9999.0000,-9999.0000,0.0806,0.1002,-9999.0000,-9999.0000,0.0
958069.000,0.0755,0.9213,1.7013,0.2878,-9999.0000,0.0350,-9999.0000,-9999.0000,-9999.0000,-9999.0000,0.0
958300.000,0.0709,1.0334,1.7540,-9999.0000,-9999.0000,-9999.0000,-9999.0000,-9999.0000,-9999.0000,-9999.0000,0.0
958531.000,0.0640,0.9311,1.7095,0.1024,-9999.0000,0.0577,0.0560,-9999.0000,-9999.0000,0.0672,0.0
958763.000,0.1282,0.9658,1.5397,0.1732,0.0947,0.0353,-9999.0000,-9999.0000,-9999.0000,-9999.0000,0.0
958994.000,0.1514,0.7554,1.6722,-9999.0000,0.1645,-9999.0000,-9999.0000,-9999.0000,-9999.0000,-9999.0000,0.0
959225.000,0.0585,0.9013,1.5341,-9999.0000,-9999.0000,-9999.0000,-9999.0000,-9999.0000,-9999.0000,-9999.0000,0.0
959456.000,0.1042,0.7885,1.4761,-9999.0000,0.0823,-9999.0000,-9999.0000,-9999.0000,0.0824,-9999.0000,0.0
959687.000,0.0691,0.8294,1.5696,-9999.0000,-9999.0000,-9999.0000,-9999.0000,-9999.0000,-9999.0000,-9999.0000,0.0
959919.000,0.0797,1.0340,1.4957,0.1888,0.0920,0.0337,-9999.0000,-9999.0000,-9999.0000,-9999.0000,0.0
960150.000,0.0912,0.9354,1.5856,0.0974,-9999.0000,-9999.0000,-9999.0000,-9999.0000,-9999.0000,0.1094,0.0
960381.000,0.0876,1.1493,1.5352,-9999.0000,-9999.0000,-9999.0000,0.1112,-9999.0000,-9999.0000,-9999.0000,0.0
960612.000,0.0534,0.8825,1.5246,-9999.0000,0.1662,-9999.0000,-9999.0000,-9999.0000,-9999.0000,-9999.0000,0.0
960843.000,0.0646,1.1480,1.6607,-9999.0000,0.0600,-9999.0000,-9999.0000,-9999.0000,-9999.0000,-9999.0000,0.0
961075.000,0.1001,1.2020,1.6020,0.1058,-9999.0000,-9999.0000,-9999.0000,-9999.0000,-9999.0000,-9999.0000,0.0
961306.000,0.0634,1.0254,1.5711,0.1925,0.1393,-9999.0000,0.0869,-9999.0000,-9999.0000,0.1107,0.0
961537.000,0.1061,0.6273,1.5796,0.3176,-9999.0000,-9999.0000,-9999.0000,-9999.0000,-9999.0000,-9999.0000,0.0
961768.000,0.0880,1.1655,1.7295,-9999.0000,-9999.0000,-9999.0000,-9999.0000,-9999.0000,-9999.0000,-9999.0000,0.0
961999.000,0.1159,0.7974,1.8253,-9999.0000,0.1285,0.0346,0.0551,-9999.0000,-9999.0000,0.1114,0.0
962231.000,0.0871,0.9669,1.6422,-9999.0000,0.0708,-9999.0000,-9999.0000,-9999.0000,-9999.0000,-9999.0000,0.0
962462.000,0.1073,0.8207,1.7553,0.2986,0.1088,-9999.0000,0.1038,0.1513,-9999.0000,-9999.0000,0.0
962693.000,0.1286,1.0312,1.5329,-9999.0000,0.0715,0.0922,0.1113,-9999.0000,-9999.0000,-9999.0000,0.0
962924.000,0.1306,1.0300,1.5615,0.1083,0.0730,0.0479,0.1366,-9999.0000,0.1324,0.1605,0.0
963155.000,0.1054,1.1273,1.7701,-9999.0000,0.1416,0.0467,-9999.0000,0.1564,-9999.0000,-9999.0000,0.0
963387.000,0.0585,1.0476,1.7760,0.1032,0.0595,0.0804,0.0778,-9999.0000,-9999.0000,0.0671,0.0
963618.000,0.1453,1.1158,1.7962,-9999.0000,0.0709,0.0688,-9999.0000,-9999.0000,-9999.0000,-9999.0000,0.0
963849.000,0.0942,0.9618,1.6325,0.1291,0.1540,-9999.0000,0.1233,-9999.0000,-9999.0000,-9999.0000,0.0
964080.000,0.0458,0.7891,1.6897,0.0988,0.1269,0.0562,0.1722,-9999.0000,-9999.0000,-9999.0000,0.0
964311.000,0.0627,1.0659,1.3315,0.0974,0.1376,-9999.0000,-9999.0000,0.0984,-9999.0000,-9999.0000,0.0
964543.000,0.0583,1.0284,2.1147,-9999.0000,0.0708,0.1027,0.1318,-9999.0000,-9999.0000,-9999.0000,0.0
964774.000,0.1055,0.9625,1.8750,0.1045,0.0832,0.1037,0.1224,-9999.0000,-9999.0000,0.0675,0.0
965005.000,0.0351,1.1305,1.8685,0.2189,0.0592,0.0574,0.0772,0.1052,-9999.0000,-9999.0000,0.0
965236.000,0.1102,1.0099,1.6293,-9999.0000,0.1516,-9999.0000,0.1530,-9999.0000,-9999.0000,-9999.0000,0.0
965467.000,0.0747,0.9083,1.4131,0.1916,0.0811,0.0564,-9999.0000,-9999.0000,0.1806,0.0655,0.0
965699.000,0.0760,0.8543,1.9167,0.1268,0.1060,0.0463,0.0558,-9999.0000,-9999.0000,-9999.0000,0.0
965930.000,0.1468,1.0054,1.6744,-9999.0000,0.1187,0.0354,-9999.0000,-9999.0000,-9999.0000,0.1584,0.0
966161.000,0.0805,0.9944,1.4607,0.1454,0.0811,0.0788,-9999.0000,-9999.0000,-9999.0000,-9999.0000,0.0
966392.000,0.0871,0.7730,1.8403,-9999.0000,0.0589,0.0345,0.0766,-9999.0000,-9999.0000,-9999.0000,0.0
966623.000,0.0987,0.9117,1.6007,-9999.0000,0.1053,-9999.0000,-9999.0000,-9999.0000,-9999.0000,-9999.0000,0.0
966855.000,0.1169,0.7433,1.7632,0.1274,0.0829,0.0350,0.0998,-9999.0000,-9999.0000,-9999.0000,0.0
967086.000,0.0697,0.9341,1.5103,0.1716,0.1284,-9999.0000,-9999.0000,-9999.0000,-9999.0000,-9999.0000,0.0
967317.000,0.0866,1.1221,1.8044,0.1703,0.1278,0.0454,0.1302,-9999.0000,-9999.0000,-9999.0000,0.0
967548.000,0.0798,0.8733,1.4413,-9999.0000,0.1033,0.0446,0.0955,-9999.0000,-9999.0000,-9999.0000,0.0
967779.000,0.1079,0.9155,1.5946,0.1194,0.0913,-9999.0000,0.1161,0.1209,-9999.0000,-9999.0000,0.0
968011.000,0.0691,0.9537,1.5491,-9999.0000,0.1159,0.0903,-9999.0000,-9999.0000,-9999.0000,0.1102,0.0
968242.000,0.0640,0.9785,1.6840,0.1727,0.1754,-9999.0000,0.0661,-9999.0000,-9999.0000,0.1115,0.0
968473.000,0.0627,0.8851,1.7055,-9999.0000,0.1264,0.0894,0.1173,-9999.0000,-9999.0000,-9999.0000,0.0
968704.000,0.0902,0.8792,1.3561,0.1405,0.1247,0.0769,0.0721,-9999.0000,0.1480,0.0635,0.0
968935.000,0.1206,0.9088,1.5699,0.2149,0.0810,0.0562,0.0749,-9999.0000,-9999.0000,0.0652,0.0
969167.000,0.1725,0.9181,1.5774,0.1691,-9999.0000,-9999.0000,0.0534,-9999.0000,-9999.0000,-9999.0000,0.0
969398.000,0.0814,0.8294,1.6243,0.2893,0.0591,-9999.0000,0.1972,-9999.0000,0.1994,-9999.0000,0.0
969629.000,0.0745,0.7873,1.4974,0.1455,0.0694,-9999.0000,-9999.0000,0.1492,-9999.0000,0.1097,0.0
969860.000,0.0874,0.6611,1.6834,-9999.0000,0.0943,0.0348,0.0555,0.1919,-9999.0000,-9999.0000,0.0
970091.000,0.1264,0.8699,1.1769,0.1691,0.1156,0.0675,0.1291,-9999.0000,0.0965,-9999.0000,0.0
970323.000,0.1029,0.8926,1.5779,0.2600,-9999.0000,0.0783,0.0527,0.1246,0.1097,0.1093,0.0
970554.000,0.0926,0.7111,1.4693,-9999.0000,0.0703,0.0456,0.2071,0.1052,-9999.0000,-9999.0000,0.0
970785.000,0.0403,0.5000,1.5815,-9999.0000,-9999.0000,0.0681,0.1196,0.1887,-9999.0000,0.1107,0.0
971016.000,0.1087,0.6523,1.5796,-9999.0000,0.1152,0.1009,0.1068,-9999.0000,-9999.0000,-9999.0000,0.0
971247.000,0.1219,0.6156,1.6181,0.1726,0.1054,0.0458,0.1641,0.0943,0.0849,-9999.0000,0.0
971479.000,0.0566,0.8466,1.4898,0.2127,0.1261,0.1451,0.0843,0.1117,-9999.0000,0.1975,0.0
971710.000,0.0817,0.4865,1.3782,0.2680,0.1061,0.1488,0.2312,-9999.0000,0.1582,-9999.0000,0.0
971941.000,0.0744,0.5503,1.5535,0.0997,0.0809,0.1124,0.1180,0.1024,0.1250,0.0651,0.0
972172.000,0.0968,0.6358,1.4382,0.1442,0.0918,0.0892,0.1061,0.1837,-9999.0000,-9999.0000,0.0
972403.000,0.1040,0.7216,1.5832,-9999.0000,0.0701,0.2379,0.1523,0.2135,0.1129,-9999.0000,0.0
972635.000,0.1171,0.7422,1.4019,-9999.0000,0.1183,0.1723,0.2764,0.1465,0.0873,-9999.0000,0.0
972866.000,0.0805,0.8839,1.4469,0.1474,0.1277,0.1695,0.2604,0.1883,-9999.0000,-9999.0000,0.0
973097.000,0.1382,0.6745,1.4642,0.1473,0.0929,0.0339,0.2275,-9999.0000,0.2118,-9999.0000,0.0
973328.000,0.0912,0.7776,1.4056,0.1218,0.0920,0.1006,0.1820,-9999.0000,0.0959,0.0646,0.0
973559.000,0.0979,0.6999,1.4308,0.1478,0.0931,0.1244,0.1191,-9999.0000,0.1554,-9999.0000,0.0
973791.000,0.1428,0.7492,1.2977,0.1677,0.0689,0.1454,0.1710,0.1251,0.0817,-9999.0000,0.0
974022.000,0.1321,0.6522,1.6177,0.1004,0.0811,0.0788,0.2052,0.1756,-9999.0000,-9999.0000,0.0
974253.000,0.0791,0.5561,1.4807,0.2577,0.1141,0.1222,0.1481,-9999.0000,0.1228,0.0639,0.0
974484.000,0.1563,0.5559,1.6592,-9999.0000,0.1284,0.1590,0.1853,-9999.0000,-9999.0000,-9999.0000,0.0
974715.000,0.0964,0.9169,1.5489,-9999.0000,-9999.0000,0.1672,0.1916,-9999.0000,-9999.0000,-9999.0000,0.0
974947.000,0.1192,0.6519,1.3754,-9999.0000,-9999.0000,0.0999,0.0514,-9999.0000,0.0808,-9999.0000,0.0
975178.000,0.0806,0.8432,1.3069,0.1018,0.1280,0.1246,0.1847,0.1900,-9999.0000,0.2452,0.0
975409.000,0.1100,0.8281,1.6616,0.1028,0.0820,0.1024,0.1747,0.1676,0.0998,-9999.0000,0.0
975640.000,0.1090,0.7065,1.3966,0.1700,0.1041,0.1126,0.1617,0.1042,-9999.0000,-9999.0000,0.0
975871.000,0.1390,0.6839,1.3718,0.1494,-9999.0000,0.1818,0.2183,-9999.0000,-9999.0000,0.0659,0.0
976103.000,0.1512,0.8000,1.5531,-9999.0000,0.0707,0.1826,0.1866,-9999.0000,-9999.0000,-9999.0000,0.0
976334.000,0.1089,0.5212,1.2951,-9999.0000,-9999.0000,0.1577,0.2377,0.1284,0.1406,-9999.0000,0.0
976565.000,0.0799,0.5766,1.5202,0.2388,-9999.0000,0.0560,0.1069,0.1037,-9999.0000,-9999.0000,0.0
976796.000,0.1152,0.5643,1.4630,0.1947,0.0814,0.0791,0.1408,-9999.0000,-9999.0000,-9999.0000,0.0
977027.000,0.1217,0.5660,1.4229,0.1267,0.1170,0.0570,0.1202,-9999.0000,-9999.0000,-9999.0000,0.0
977259.000,0.0855,0.6046,1.4763,-9999.0000,0.0806,0.1908,0.1065,-9999.0000,-9999.0000,-9999.0000,0.0
977490.000,0.1030,-9999.0000,1.5397,-9999.0000,0.0808,0.1462,0.2699,-9999.0000,-9999.0000,-9999.0000,0.0
977721.000,0.1387,0.6793,1.3830,0.1025,0.0817,0.1021,0.0649,0.1676,-9999.0000,0.0657,0.0
977952.000,0.1087,0.6810,1.3534,0.1464,0.1154,0.0897,0.1611,-9999.0000,-9999.0000,-9999.0000,0.0
978183.000,0.1110,0.6114,1.4604,0.1530,0.1535,0.0578,0.1772,0.1241,-9999.0000,-9999.0000,0.0
978415.000,0.0866,0.5750,1.3374,-9999.0000,0.0819,0.1023,0.1417,-9999.0000,-9999.0000,-9999.0000,0.0
978646.000,0.1157,0.7508,1.5076,0.1033,-9999.0000,0.1138,0.1309,0.1447,-9999.0000,-9999.0000,0.0
978877.000,0.0970,0.6398,1.4674,0.1464,0.1385,0.0784,0.0850,0.2240,-9999.0000,-9999.0000,0.0
979108.000,0.0690,0.6985,1.3364,0.1495,-9999.0000,0.2044,0.1415,-9999.0000,-9999.0000,-9999.0000,0.0
979339.000,0.1389,-9999.0000,1.5310,-9999.0000,0.1634,0.1591,0.1854,0.1808,-9999.0000,-9999.0000,0.0
979571.000,0.0858,0.6173,1.4961,0.2402,0.1042,0.0900,0.1291,0.1777,-9999.0000,-9999.0000,0.0
979802.000,0.0509,0.7949,1.3373,-9999.0000,0.0924,0.0559,0.1286,-9999.0000,-9999.0000,0.0647,0.0
980033.000,0.1021,0.5912,1.4719,0.1448,0.0571,0.0778,0.0839,0.1264,0.0966,-9999.0000,0.0
980264.000,0.0741,0.6760,1.6038,0.2169,0.0925,0.1351,0.2160,-9999.0000,-9999.0000,-9999.0000,0.0
980496.000,0.0919,0.5609,1.4545,0.1023,-9999.0000,0.1586,0.1627,0.1316,0.1572,-9999.0000,0.0
980727.000,0.0755,0.5558,1.3549,0.1994,-9999.0000,0.1376,0.1764,0.2211,0.1894,-9999.0000,0.0
980958.000,0.0742,-9999.0000,1.3294,0.1013,-9999.0000,0.1127,0.2272,-9999.0000,0.0991,-9999.0000,0.0
981189.000,-9999.0000,0.5994,1.5806,0.1011,0.0809,0.0899,0.1071,-9999.0000,-9999.0000,-9999.0000,0.0
981420.000,0.1264,0.6829,1.3676,0.1947,-9999.0000,0.0789,0.1294,-9999.0000,-9999.0000,0.1548,0.0
981652.000,0.1371,0.5513,1.3889,-9999.0000,-9999.0000,0.1233,0.0846,-9999.0000,-9999.0000,-9999.0000,0.0
981883.000,0.1215,0.5571,1.4441,-9999.0000,-9999.0000,0.1138,0.2297,-9999.0000,-9999.0000,-9999.0000,0.0
982114.000,0.0622,0.5752,1.3903,0.1234,-9999.0000,0.0444,0.1607,-9999.0000,-9999.0000,-9999.0000,0.0
982345.000,0.0903,-9999.0000,1.3334,0.1444,0.0683,0.0887,0.0618,-9999.0000,-9999.0000,-9999.0000,0.0
982576.000,0.0913,0.5377,1.4429,0.1243,0.0577,0.1125,0.1288,0.1304,-9999.0000,-9999.0000,0.0
982808.000,0.1087,-9999.0000,1.2809,0.1476,0.0693,0.2256,-9999.0000,-9999.0000,-9999.0000,-9999.0000,0.0
983039.000,0.0929,0.6047,1.3857,-9999.0000,0.0826,0.1718,0.1762,0.1244,0.1464,-9999.0000,0.0
983270.000,0.1161,0.6759,1.2743,0.2692,0.0707,0.2058,0.1317,0.1481,-9999.0000,-9999.0000,0.0
983501.000,0.0749,0.6147,1.5687,-9999.0000,-9999.0000,0.1825,0.2192,-9999.0000,-9999.0000,-9999.0000,0.0
983732.000,0.1168,0.5833,1.5260,0.1538,0.0713,0.1611,0.1219,0.1262,0.0897,-9999.0000,0.0
983964.000,0.0804,-9999.0000,1.4840,-9999.0000,0.0933,0.2045,0.2289,-9999.0000,-9999.0000,-9999.0000,0.0
984195.000,0.1170,0.5725,1.3150,0.1072,0.1186,0.2304,0.1666,-9999.0000,-9999.0000,-9999.0000,0.0
984426.000,0.1249,-9999.0000,1.4140,0.3064,-9999.0000,0.1563,0.2026,0.1515,0.0832,-9999.0000,0.0
984657.000,0.0627,0.6439,1.4748,0.2657,-9999.0000,0.1472,0.2281,-9999.0000,-9999.0000,-9999.0000,0.0
984888.000,0.1221,0.6245,1.3079,0.1526,0.1764,0.1719,0.1210,0.1007,0.0745,-9999.0000,0.0
985120.000,0.1217,0.5259,1.3832,0.1987,0.0705,0.2399,0.1534,-9999.0000,-9999.0000,-9999.0000,0.0
985351.000,0.1506,0.6469,1.3377,0.1510,0.0703,0.1595,0.1089,-9999.0000,-9999.0000,-9999.0000,0.0
985582.000,0.0923,0.5686,1.3510,0.1981,-9999.0000,0.2167,0.1860,0.1114,-9999.0000,-9999.0000,0.0
985813.000,0.0969,0.6386,1.1971,-9999.0000,0.1155,0.1010,0.2047,-9999.0000,-9999.0000,-9999.0000,0.0
986044.000,0.0608,0.5561,1.4013,-9999.0000,-9999.0000,0.1546,0.1247,-9999.0000,-9999.0000,-9999.0000,0.0
986276.000,0.0970,-9999.0000,1.2527,-9999.0000,-9999.0000,0.1125,0.2159,-9999.0000,-9999.0000,-9999.0000,0.0
986507.000,0.1497,0.4816,1.4513,0.2658,0.0696,0.1471,0.2608,-9999.0000,-9999.0000,-9999.0000,0.0
986738.000,0.0810,-9999.0000,1.4487,0.1763,0.1412,0.1718,0.1430,-9999.0000,-9999.0000,-9999.0000,0.0
986969.000,0.0863,0.5569,1.3511,-9999.0000,0.1053,0.1595,0.3618,0.2207,0.1170,-9999.0000,0.0
987200.000,0.1718,0.5008,1.2020,-9999.0000,0.0725,0.2332,0.2253,0.1078,-9999.0000,-9999.0000,0.0
987432.000,0.1447,0.5723,1.1751,0.2684,-9999.0000,0.1481,0.2407,-9999.0000,-9999.0000,-9999.0000,0.0
987663.000,0.1086,0.5015,1.3447,0.1250,-9999.0000,0.0786,0.1178,-9999.0000,-9999.0000,-9999.0000,0.0
987894.000,0.0925,-9999.0000,1.3684,0.2465,-9999.0000,0.0800,0.1647,-9999.0000,0.1181,-9999.0000,0.0
988125.000,0.0792,0.5905,1.3634,-9999.0000,0.0688,0.1233,0.1822,-9999.0000,-9999.0000,-9999.0000,0.0
988356.000,0.0742,-9999.0000,1.7037,-9999.0000,0.0815,0.1930,0.1080,-9999.0000,0.1306,-9999.0000,0.0
988588.000,0.0628,-9999.0000,1.3874,0.1277,-9999.0000,0.0795,0.1087,-9999.0000,-9999.0000,-9999.0000,0.0
988819.000,0.0877,-9999.0000,1.1630,-9999.0000,-9999.0000,0.1737,0.1118,0.1055,0.1067,0.1129,0.0
989050.000,0.0799,-9999.0000,1.2308,-9999.0000,-9999.0000,0.1815,0.1955,0.1829,-9999.0000,0.0650,0.0
989281.000,0.1088,0.5309,1.3550,-9999.0000,0.0695,0.0902,0.1292,0.2785,-9999.0000,-9999.0000,0.0
989512.000,0.1499,-9999.0000,1.2503,-9999.0000,-9999.0000,0.1702,0.1628,-9999.0000,-9999.0000,-9999.0000,0.0
989744.000,0.1356,-9999.0000,1.5182,-9999.0000,-9999.0000,0.1555,0.2013,0.1037,-9999.0000,-9999.0000,0.0
989975.000,0.0742,-9999.0000,1.3963,-9999.0000,-9999.0000,0.2045,0.1958,-9999.0000,-9999.0000,0.0651,0.0
990206.000,0.0967,-9999.0000,1.2713,0.1479,-9999.0000,0.1915,0.1500,0.0963,-9999.0000,-9999.0000,0.0
990437.000,0.1065,-9999.0000,1.3769,-9999.0000,0.0789,0.1438,0.1464,0.1502,-9999.0000,-9999.0000,0.0
990668.000,0.0793,-9999.0000,1.1272,-9999.0000,0.0690,0.1462,0.2046,-9999.0000,-9999.0000,-9999.0000,0.0
990900.000,0.1378,-9999.0000,1.2406,0.1726,0.0810,0.2605,0.2385,0.1342,-9999.0000,-9999.0000,0.0
991131.000,0.0929,0.5147,1.2615,-9999.0000,-9999.0000,0.1381,0.1438,-9999.0000,-9999.0000,-9999.0000,0.0
991362.000,0.1022,0.6141,1.2877,0.1474,-9999.0000,0.1233,0.3130,0.0960,0.1144,-9999.0000,0.0
991593.000,0.1137,-9999.0000,1.0832,0.2170,0.0803,0.1120,0.1713,-9999.0000,0.0858,-9999.0000,0.0
991824.000,0.1032,-9999.0000,1.4573,0.1972,-9999.0000,0.2272,0.1407,-9999.0000,0.0881,0.1101,0.0
992056.000,0.1096,0.5561,1.3119,0.1049,-9999.0000,0.1482,0.2299,-9999.0000,0.1325,-9999.0000,0.0
992287.000,0.1102,-9999.0000,1.1975,-9999.0000,0.0590,0.1147,0.0988,-9999.0000,-9999.0000,-9999.0000,0.0
992518.000,0.1211,-9999.0000,1.1896,0.2220,-9999.0000,0.1366,0.1526,-9999.0000,0.1180,-9999.0000,0.0
992749.000,0.0999,0.5340,1.3872,0.1581,-9999.0000,0.0468,0.2805,-9999.0000,-9999.0000,-9999.0000,0.0
992980.000,0.1318,-9999.0000,1.0421,-9999.0000,-9999.0000,0.1810,0.2056,0.2072,0.1305,-9999.0000,0.0
993212.000,0.0668,0.5234,1.2506,0.1225,-9999.0000,0.1899,0.1155,0.0942,-9999.0000,-9999.0000,0.0
993443.000,0.0747,-9999.0000,1.0552,0.2238,-9999.0000,0.1488,0.0983,-9999.0000,-9999.0000,-9999.0000,0.0
993674.000,0.0969,-9999.0000,1.1326,0.1260,0.1042,0.1468,0.0741,-9999.0000,0.1879,-9999.0000,0.0
993905.000,0.1146,-9999.0000,1.1785,-9999.0000,0.0695,0.1587,-9999.0000,0.1118,0.1601,-9999.0000,0.0
994136.000,0.1232,-9999.0000,1.2604,-9999.0000,0.0718,0.1277,0.1901,-9999.0000,-9999.0000,0.0670,0.0
994368.000,0.1030,-9999.0000,1.2032,-9999.0000,-9999.0000,0.1473,0.1734,0.1605,-9999.0000,-9999.0000,0.0
994599.000,0.0851,-9999.0000,1.1742,0.2191,-9999.0000,0.1694,0.2270,-9999.0000,-9999.0000,-9999.0000,0.0
994830.000,0.0793,-9999.0000,1.2172,0.1726,0.0808,0.1808,0.2491,0.1712,-9999.0000,-9999.0000,0.0
995061.000,0.1247,0.5097,1.0685,0.1465,0.0683,0.2017,0.1376,-9999.0000,-9999.0000,-9999.0000,0.0
995292.000,0.0502,-9999.0000,1.0839,-9999.0000,0.1040,0.1466,0.1942,-9999.0000,-9999.0000,-9999.0000,0.0
995524.000,0.1266,-9999.0000,1.2977,-9999.0000,-9999.0000,0.0791,0.1409,0.1012,-9999.0000,0.1102,0.0
995755.000,0.1200,-9999.0000,1.1092,-9999.0000,-9999.0000,0.0785,0.2053,-9999.0000,-9999.0000,-9999.0000,0.0
995986.000,0.0854,-9999.0000,1.0640,-9999.0000,0.0928,0.1814,0.1402,0.1244,-9999.0000,-9999.0000,0.0
996217.000,0.0990,0.6223,1.3063,-9999.0000,0.0595,0.1387,0.1222,-9999.0000,-9999.0000,-9999.0000,0.0
996448.000,0.1305,-9999.0000,1.3879,-9999.0000,0.0799,0.1115,0.0941,-9999.0000,-9999.0000,-9999.0000,0.0
996680.000,0.0495,0.5493,1.1947,-9999.0000,-9999.0000,0.1226,0.0613,-9999.0000,0.1284,-9999.0000,0.0
996911.000,0.1503,0.6262,1.2650,-9999.0000,-9999.0000,0.1366,0.0752,-9999.0000,-9999.0000,0.1558,0.0
997142.000,0.0621,0.5625,1.4843,0.1040,-9999.0000,0.2387,0.1295,-9999.0000,-9999.0000,0.1098,0.0
997373.000,0.1078,0.5652,1.3153,0.1713,0.0686,0.1460,0.1712,-9999.0000,-9999.0000,-9999.0000,0.0
997604.000,0.0799,0.5770,1.2228,0.1522,0.0934,0.1824,0.1414,-9999.0000,-9999.0000,-9999.0000,0.0
997836.000,0.0904,0.5666,1.2676,-9999.0000,-9999.0000,0.1006,-9999.0000,0.1101,0.0871,0.0636,0.0
998067.000,0.0963,0.4975,1.3305,-9999.0000,-9999.0000,0.1463,0.1280,0.0989,0.1020,-9999.0000,0.0
998353.000,0.0561,0.6677,1.4305,0.2212,-9999.0000,0.0675,0.0854,-9999.0000,0.1469,-9999.0000,0.0
998584.000,0.0955,0.7259,1.2726,-9999.0000,0.0680,0.0886,0.1371,0.1082,0.0859,-9999.0000,0.0
998815.000,0.0492,0.7105,1.1516,-9999.0000,-9999.0000,0.1449,0.1586,-9999.0000,-9999.0000,-9999.0000,0.0
999047.000,0.0845,0.7361,1.2501,-9999.0000,-9999.0000,0.0439,0.1057,-9999.0000,-9999.0000,-9999.0000,0.0
999278.000,0.0909,0.6009,1.3124,-9999.0000,-9999.0000,0.1128,0.0739,-9999.0000,-9999.0000,-9999.0000,0.0
999509.000,0.0845,0.8032,1.4498,-9999.0000,-9999.0000,0.0553,0.1276,-9999.0000,-9999.0000,-9999.0000,0.0
999740.000,0.0798,0.7139,1.3576,0.1288,-9999.0000,0.1251,-9999.0000,-9999.0000,-9999.0000,-9999.0000,0.0
999971.000,0.1005,0.8063,1.3493,-9999.0000,0.0559,0.0542,0.0924,-9999.0000,-9999.0000,-9999.0000,0.0
1000203.000,0.0329,0.8755,1.2296,-9999.0000,-9999.0000,0.0792,0.1522,0.1033,-9999.0000,-9999.0000,0.0
1000434.000,0.0953,0.9450,1.2601,0.0999,0.0794,0.0884,0.0607,-9999.0000,-9999.0000,-9999.0000,0.0
1000665.000,0.1001,0.7883,1.1962,-9999.0000,-9999.0000,0.1323,0.0702,-9999.0000,-9999.0000,-9999.0000,0.0
1000896.000,0.0616,0.9383,1.4695,-9999.0000,-9999.0000,0.0329,-9999.0000,-9999.0000,0.0889,-9999.0000,0.0
1001127.000,0.0954,0.9498,1.3047,-9999.0000,0.1028,0.0434,0.1372,-9999.0000,-9999.0000,-9999.0000,0.0
1001359.000,0.0609,0.9837,1.2840,0.1011,0.1031,0.0663,-9999.0000,0.0981,-9999.0000,-9999.0000,0.0
1001590.000,0.0828,0.9255,1.4042,-9999.0000,-9999.0000,0.0537,-9999.0000,-9999.0000,-9999.0000,-9999.0000,0.0
1001821.000,0.0903,0.9204,1.4712,-9999.0000,-9999.0000,0.0326,-9999.0000,-9999.0000,0.1026,-9999.0000,0.0
1002052.000,0.0925,0.9060,1.5205,-9999.0000,-9999.0000,0.0341,0.0545,0.1447,-9999.0000,-9999.0000,0.0
1002283.000,0.0849,0.9288,1.3321,-9999.0000,-9999.0000,0.1013,0.0518,0.0895,-9999.0000,-9999.0000,0.0
1002515.000,0.1073,1.0245,1.5989,-9999.0000,-9999.0000,-9999.0000,0.0505,-9999.0000,-9999.0000,-9999.0000,0.0
1002746.000,0.1435,1.1006,1.4316,-9999.0000,0.0693,0.1015,-9999.0000,-9999.0000,0.1043,-9999.0000,0.0
1002977.000,0.1087,0.9744,1.3806,-9999.0000,0.0813,-9999.0000,0.1075,-9999.0000,-9999.0000,0.0645,0.0
1003208.000,0.1289,1.0054,1.3665,0.1674,-9999.0000,-9999.0000,0.0919,-9999.0000,-9999.0000,-9999.0000,0.0
1003439.000,0.0730,1.2773,1.4812,0.1265,-9999.0000,0.0783,0.1282,-9999.0000,0.0747,0.0638,0.0
1003671.000,0.1196,1.1105,1.4993,-9999.0000,-9999.0000,0.0668,-9999.0000,-9999.0000,-9999.0000,-9999.0000,0.0
1003902.000,0.0953,1.2669,1.5159,-9999.0000,0.0679,0.0546,0.0498,0.1459,-9999.0000,-9999.0000,0.0
1004133.000,0.1073,1.3555,1.4739,-9999.0000,-9999.0000,0.0436,-9999.0000,-9999.0000,-9999.0000,-9999.0000,0.0
1004364.000,0.1017,1.0474,1.4339,-9999.0000,0.1150,0.0664,0.0507,-9999.0000,-9999.0000,0.1083,0.0
1004595.000,0.1126,1.3486,1.6789,-9999.0000,0.0563,0.0433,-9999.0000,-9999.0000,-9999.0000,-9999.0000,0.0
1004826.000,0.0846,1.2957,1.4397,-9999.0000,-9999.0000,-9999.0000,0.0732,0.1016,0.0893,-9999.0000,0.0
1005058.000,0.0971,1.2405,1.4886,0.1764,0.0697,0.0906,0.0637,0.1658,-9999.0000,-9999.0000,0.0
1005289.000,0.1343,1.3358,1.7933,0.2589,-9999.0000,-9999.0000,0.0481,-9999.0000,-9999.0000,-9999.0000,0.0
1005520.000,0.0556,1.1572,1.8201,0.1509,-9999.0000,0.0785,-9999.0000,0.1149,-9999.0000,-9999.0000,0.0
1005751.000,0.1481,1.4868,1.5437,0.1489,-9999.0000,0.0323,0.0506,0.1488,0.0743,-9999.0000,0.0
1005983.000,0.0717,1.3881,1.7038,-9999.0000,-9999.0000,0.0429,0.0600,-9999.0000,-9999.0000,0.0622,0.0
1006214.000,0.1300,1.3541,1.5302,0.1009,0.0563,0.0546,0.0498,-9999.0000,-9999.0000,-9999.0000,0.0
1006516.000,-9999.0000,-9999.0000,-9999.0000,-9999.0000,-9999.0000,-9999.0000,-9999.0000,-9999.0000,-9999.0000,-9999.0000,1.0
1006747.000,-9999.0000,-9999.0000,-9999.0000,-9999.0000,-9999.0000,-9999.0000,-9999.0000,-9999.0000,-9999.0000,-9999.0000,1.0
1006978.000,-9999.0000,-9999.0000,-9999.0000,-9999.0000,-9999.0000,-9999.0000,-9999.0000,-9999.0000,-9999.0000,-9999.0000,1.0
1007209.000,-9999.0000,-9999.0000,-9999.0000,-9999.0000,-9999.0000,-9999.0000,-9999.0000,-9999.0000,-9999.0000,-9999.0000,1.0
1007441.000,-9999.0000,-9999.0000,-9999.0000,-9999.0000,-9999.0000,-9999.0000,-9999.0000,-9999.0000,-9999.0000,-9999.0000,1.0
1007672.000,-9999.0000,-9999.0000,-9999.0000,-9999.0000,-9999.0000,-9999.0000,-9999.0000,-9999.0000,-9999.0000,-9999.0000,1.0
1007903.000,-9999.0000,-9999.0000,-9999.0000,-9999.0000,-9999.0000,-9999.0000,-9999.0000,-9999.0000,-9999.0000,-9999.0000,1.0
1008238.000,0.1016,1.0533,1.6802,-9999.0000,0.0568,-9999.0000,-9999.0000,-9999.0000,-9999.0000,-9999.0000,0.0
1008469.000,0.1381,1.3587,1.7215,0.1058,0.0696,0.0331,-9999.0000,-9999.0000,-9999.0000,-9999.0000,0.0
1008701.000,0.1005,1.4470,1.6941,-9999.0000,0.0906,0.0429,-9999.0000,-9999.0000,-9999.0000,-9999.0000,0.0
1008932.000,0.1128,1.4751,1.4749,0.2881,0.0681,-9999.0000,-9999.0000,-9999.0000,-9999.0000,-9999.0000,0.0
1009163.000,0.0590,1.5653,1.6986,-9999.0000,-9999.0000,-9999.0000,0.1009,-9999.0000,-9999.0000,-9999.0000,0.0
1009394.000,0.1126,1.5688,1.6910,0.1248,0.1144,-9999.0000,-9999.0000,-9999.0000,-9999.0000,0.1076,0.0
1009625.000,0.1320,1.5511,1.4528,-9999.0000,0.0695,-9999.0000,-9999.0000,-9999.0000,-9999.0000,-9999.0000,0.0
1009857.000,0.1288,1.3632,1.5211,-9999.0000,0.0555,-9999.0000,-9999.0000,-9999.0000,-9999.0000,0.1063,0.0
1010088.000,0.1255,1.6589,1.7321,0.1279,-9999.0000,-9999.0000,0.0733,-9999.0000,0.0909,-9999.0000,0.0
1010319.000,0.0902,1.4368,1.5229,0.1743,-9999.0000,-9999.0000,0.0840,-9999.0000,0.0905,0.1088,0.0
1010550.000,0.0823,1.0496,1.7015,0.1673,-9999.0000,0.0534,-9999.0000,-9999.0000,-9999.0000,0.1058,0.0
1010781.000,0.0902,1.2494,1.7121,-9999.0000,-9999.0000,0.0439,0.0731,-9999.0000,-9999.0000,-9999.0000,0.0
1011013.000,0.0894,1.5883,1.4692,-9999.0000,0.0796,-9999.0000,0.0497,0.2213,-9999.0000,-9999.0000,0.0
1011244.000,0.0971,1.4454,1.6052,-9999.0000,0.0698,-9999.0000,-9999.0000,-9999.0000,-9999.0000,0.0645,0.0
1011475.000,0.0726,1.2064,1.3716,0.1274,0.0921,-9999.0000,-9999.0000,-9999.0000,-9999.0000,-9999.0000,0.0
1011706.000,0.1161,0.9584,1.3694,0.1576,-9999.0000,-9999.0000,0.0542,-9999.0000,0.0959,-9999.0000,0.0
1011937.000,0.1074,1.2248,1.3564,-9999.0000,0.0802,0.0322,-9999.0000,-9999.0000,-9999.0000,0.0631,0.0
1012169.000,0.1204,1.1510,1.3283,-9999.0000,-9999.0000,-9999.0000,0.0743,-9999.0000,0.0784,-9999.0000,0.0
1012400.000,0.0779,1.4022,1.5282,-9999.0000,-9999.0000,-9999.0000,0.0719,-9999.0000,-9999.0000,-9999.0000,0.0
1012631.000,0.1126,1.4124,1.5007,-9999.0000,0.0563,0.0545,-9999.0000,-9999.0000,0.1178,-9999.0000,0.0
1012862.000,0.0893,1.1514,1.5607,0.1018,-9999.0000,-9999.0000,-9999.0000,-9999.0000,-9999.0000,-9999.0000,0.0
1013093.000,0.0791,1.3588,1.3836,-9999.0000,0.0813,0.0560,-9999.0000,-9999.0000,0.1075,-9999.0000,0.0
1013325.000,0.0843,1.2436,1.2286,-9999.0000,0.0923,-9999.0000,0.0620,-9999.0000,0.1059,-9999.0000,0.0
1013556.000,0.0797,1.5291,1.2209,0.2509,0.0584,-9999.0000,-9999.0000,-9999.0000,-9999.0000,-9999.0000,0.0
1013787.000,0.0784,1.2656,1.4227,-9999.0000,-9999.0000,-9999.0000,-9999.0000,-9999.0000,-9999.0000,0.1541,0.0
1014018.000,0.0901,1.0401,1.3622,-9999.0000,-9999.0000,-9999.0000,-9999.0000,-9999.0000,-9999.0000,-9999.0000,0.0
1014249.000,0.0721,1.3012,1.4769,0.1967,-9999.0000,-9999.0000,-9999.0000,0.1033,-9999.0000,0.0628,0.0
1014481.000,0.1087,0.9905,1.4352,0.2488,-9999.0000,-9999.0000,0.0744,-9999.0000,-9999.0000,-9999.0000,0.0
1014712.000,0.1028,1.4337,1.5465,0.1071,-9999.0000,-9999.0000,0.0745,-9999.0000,0.0938,-9999.0000,0.0
1014943.000,0.1247,1.1440,1.4538,0.3374,0.0566,-9999.0000,-9999.0000,-9999.0000,-9999.0000,0.1081,0.0
1015174.000,0.0330,1.4184,1.3672,0.1119,-9999.0000,-9999.0000,0.1000,-9999.0000,-9999.0000,-9999.0000,0.0
1015405.000,0.0320,1.5480,1.6279,-9999.0000,-9999.0000,0.0331,-9999.0000,-9999.0000,-9999.0000,-9999.0000,0.0
1015637.000,0.0572,1.3310,1.3293,-9999.0000,-9999.0000,-9999.0000,0.1121,-9999.0000,0.1139,-9999.0000,0.0
1015868.000,0.0917,1.3178,1.3291,-9999.0000,-9999.0000,-9999.0000,0.0979,-9999.0000,-9999.0000,-9999.0000,0.0
1016099.000,0.1070,1.2483,1.1447,-9999.0000,-9999.0000,-9999.0000,-9999.0000,-9999.0000,0.0763,-9999.0000,0.0
1016330.000,0.0809,1.3360,1.3953,-9999.0000,-9999.0000,-9999.0000,-9999.0000,-9999.0000,-9999.0000,-9999.0000,0.0
1016561.000,0.0787,1.1943,1.1741,0.1767,-9999.0000,-9999.0000,-9999.0000,-9999.0000,-9999.0000,-9999.0000,0.0
1016793.000,0.0802,1.2339,1.3301,-9999.0000,-9999.0000,-9999.0000,-9999.0000,-9999.0000,-9999.0000,-9999.0000,0.0
1017024.000,0.1136,1.0727,1.2012,-9999.0000,-9999.0000,-9999.0000,0.0509,-9999.0000,-9999.0000,-9999.0000,0.0
1017255.000,0.0724,1.0206,1.2551,0.1284,-9999.0000,-9999.0000,0.1059,0.2278,-9999.0000,0.1541,0.0
1017486.000,0.0849,1.3147,1.3570,0.1544,-9999.0000,-9999.0000,0.0631,-9999.0000,-9999.0000,0.0641,0.0
1017717.000,0.0855,1.2460,1.3651,-9999.0000,0.0939,-9999.0000,-9999.0000,0.1360,-9999.0000,-9999.0000,0.0
1017949.000,0.1280,0.8739,1.4184,0.2066,-9999.0000,-9999.0000,0.0990,0.0895,-9999.0000,0.0655,0.0
1018180.000,0.0734,0.8289,1.2021,0.1318,-9999.0000,-9999.0000,-9999.0000,-9999.0000,-9999.0000,0.0644,0.0
1018411.000,-9999.0000,1.0205,1.1363,-9999.0000,0.0831,0.0690,0.0544,-9999.0000,0.1128,0.0658,0.0
1018642.000,0.0738,0.8522,1.0598,-9999.0000,0.1179,-9999.0000,-9999.0000,-9999.0000,-9999.0000,-9999.0000,0.0
1018873.000,0.0608,1.0084,1.0643,-9999.0000,0.0926,0.0670,0.1618,0.0956,0.0787,-9999.0000,0.0
1019105.000,0.0379,1.0402,1.2840,0.1798,-9999.0000,-9999.0000,0.0637,-9999.0000,-9999.0000,-9999.0000,0.0
1019336.000,0.0674,0.8021,1.2025,-9999.0000,0.0580,-9999.0000,-9999.0000,-9999.0000,-9999.0000,-9999.0000,0.0
1019567.000,0.1282,0.9493,1.2612,0.1597,-9999.0000,0.0573,-9999.0000,-9999.0000,0.0836,-9999.0000,0.0
1019798.000,0.0552,0.9588,1.0874,-9999.0000,-9999.0000,-9999.0000,-9999.0000,-9999.0000,0.1380,0.0639,0.0
1020029.000,0.0392,1.1725,1.1689,-9999.0000,-9999.0000,-9999.0000,0.0674,-9999.0000,0.0863,0.0669,0.0
1020261.000,0.1092,1.1212,1.3182,0.1092,-9999.0000,-9999.0000,-9999.0000,-9999.0000,-9999.0000,-9999.0000,0.0
1020492.000,0.1047,1.0324,1.2847,-9999.0000,-9999.0000,-9999.0000,-9999.0000,0.1172,0.0993,-9999.0000,0.0
1020723.000,0.0903,0.8394,1.0299,-9999.0000,-9999.0000,-9999.0000,-9999.0000,-9999.0000,-9999.0000,0.0636,0.0
1020954.000,0.0677,0.9480,0.9748,0.1574,-9999.0000,0.0682,0.0754,-9999.0000,-9999.0000,-9999.0000,0.0
1021185.000,0.0263,1.0522,1.1712,0.1109,-9999.0000,0.0687,0.0762,-9999.0000,-9999.0000,-9999.0000,0.0
1021479.000,-9999.0000,-9999.0000,-9999.0000,-9999.0000,-9999.0000,-9999.0000,-9999.0000,-9999.0000,-9999.0000,-9999.0000,1.0
1021711.000,-9999.0000,-9999.0000,-9999.0000,-9999.0000,-9999.0000,-9999.0000,-9999.0000,-9999.0000,-9999.0000,-9999.0000,1.0
1021942.000,-9999.0000,-9999.0000,-9999.0000,-9999.0000,-9999.0000,-9999.0000,-9999.0000,-9999.0000,-9999.0000,-9999.0000,1.0
1022173.000,-9999.0000,-9999.0000,-9999.0000,-9999.0000,-9999.0000,-9999.0000,-9999.0000,-9999.0000,-9999.0000,-9999.0000,1.0
1022404.000,-9999.0000,-9999.0000,-9999.0000,-9999.0000,-9999.0000,-9999.0000,-9999.0000,-9999.0000,-9999.0000,-9999.0000,1.0
1022635.000,-9999.0000,-9999.0000,-9999.0000,-9999.0000,-9999.0000,-9999.0000,-9999.0000,-9999.0000,-9999.0000,-9999.0000,1.0
1022867.000,-9999.0000,-9999.0000,-9999.0000,-9999.0000,-9999.0000,-9999.0000,-9999.0000,-9999.0000,-9999.0000,-9999.0000,1.0
1023098.000,-9999.0000,-9999.0000,-9999.0000,-9999.0000,-9999.0000,-9999.0000,-9999.0000,-9999.0000,-9999.0000,-9999.0000,1.0
1023381.000,0.0992,1.0663,1.0812,0.1390,0.0841,-9999.0000,-9999.0000,-9999.0000,-9999.0000,-9999.0000,0.0
1023612.000,0.0692,0.9721,1.0268,-9999.0000,0.0601,-9999.0000,-9999.0000,-9999.0000,0.0870,0.2072,0.0
1023843.000,0.1031,0.9308,1.2707,0.2287,-9999.0000,-9999.0000,-9999.0000,-9999.0000,-9999.0000,-9999.0000,0.0
1024074.000,0.0869,0.9810,1.0349,0.1624,-9999.0000,-9999.0000,-9999.0000,-9999.0000,-9999.0000,-9999.0000,0.0
1024306.000,0.1105,0.8480,1.2679,0.2334,-9999.0000,-9999.0000,-9999.0000,0.1931,-9999.0000,0.1124,0.0
1024537.000,0.0828,0.9713,0.9744,0.2673,-9999.0000,-9999.0000,-9999.0000,0.0894,-9999.0000,-9999.0000,0.0
1024768.000,0.0517,0.8473,1.1514,-9999.0000,-9999.0000,-9999.0000,0.1261,0.1630,-9999.0000,-9999.0000,0.0
1024999.000,0.0500,0.9305,1.1807,-9999.0000,0.0588,0.0336,-9999.0000,-9999.0000,-9999.0000,-9999.0000,0.0
1025230.000,0.0921,1.0625,1.1466,-9999.0000,-9999.0000,-9999.0000,-9999.0000,-9999.0000,-9999.0000,-9999.0000,0.0
1025462.000,0.1001,0.9593,0.9598,-9999.0000,-9999.0000,-9999.0000,0.0684,-9999.0000,0.1191,-9999.0000,0.0
1025693.000,0.1208,0.8385,0.9685,-9999.0000,0.0700,-9999.0000,0.0524,-9999.0000,-9999.0000,-9999.0000,0.0
1025924.000,0.0747,0.9630,1.1605,0.2108,0.0717,-9999.0000,0.0663,-9999.0000,-9999.0000,0.1595,0.0
1026155.000,0.0880,0.9163,1.1184,-9999.0000,0.0973,-9999.0000,-9999.0000,-9999.0000,-9999.0000,0.0675,0.0
1026386.000,0.0854,0.9342,1.0770,0.1343,-9999.0000,-9999.0000,-9999.0000,-9999.0000,0.1127,0.0646,0.0
1026618.000,0.0931,1.2199,1.0586,-9999.0000,-9999.0000,-9999.0000,-9999.0000,-9999.0000,-9999.0000,-9999.0000,0.0
1026849.000,0.0799,1.2512,1.2141,-9999.0000,-9999.0000,-9999.0000,0.0650,-9999.0000,-9999.0000,-9999.0000,0.0
1027080.000,0.0456,1.0846,1.1166,-9999.0000,-9999.0000,-9999.0000,-9999.0000,-9999.0000,-9999.0000,-9999.0000,0.0
1027311.000,0.1127,1.1004,1.2561,0.0944,0.0855,0.0354,-9999.0000,-9999.0000,0.1355,-9999.0000,0.0
1027542.000,0.1452,0.7319,0.9121,-9999.0000,-9999.0000,-9999.0000,-9999.0000,-9999.0000,0.0839,0.1110,0.0
1027774.000,0.0498,1.0794,0.9954,-9999.0000,-9999.0000,-9999.0000,0.0647,-9999.0000,-9999.0000,-9999.0000,0.0
1028005.000,0.0962,0.6281,1.0984,-9999.0000,0.0574,-9999.0000,-9999.0000,-9999.0000,-9999.0000,-9999.0000,0.0
1028236.000,0.1083,0.9279,0.9841,-9999.0000,-9999.0000,-9999.0000,0.1074,-9999.0000,-9999.0000,-9999.0000,0.0
1028467.000,0.0573,0.8435,1.1046,-9999.0000,-9999.0000,-9999.0000,-9999.0000,-9999.0000,-9999.0000,-9999.0000,0.0
1028698.000,0.1178,0.8562,1.2791,0.0925,-9999.0000,-9999.0000,-9999.0000,-9999.0000,-9999.0000,0.0669,0.0
1028930.000,0.0843,1.1326,1.0927,-9999.0000,-9999.0000,0.0440,-9999.0000,-9999.0000,-9999.0000,-9999.0000,0.0
1029161.000,0.0799,1.2443,1.2226,0.0884,-9999.0000,-9999.0000,0.0650,0.1558,-9999.0000,-9999.0000,0.0
1029392.000,0.0627,1.1048,1.1464,0.0910,-9999.0000,-9999.0000,-9999.0000,-9999.0000,-9999.0000,-9999.0000,0.0
1029623.000,0.0505,1.1803,0.8639,-9999.0000,-9999.0000,-9999.0000,-9999.0000,-9999.0000,-9999.0000,-9999.0000,0.0
1029854.000,0.1046,0.8531,1.0747,0.1145,0.1198,-9999.0000,0.0547,-9999.0000,-9999.0000,0.0659,0.0
1030086.000,0.0842,1.0599,1.1718,-9999.0000,0.0809,-9999.0000,-9999.0000,0.1003,-9999.0000,-9999.0000,0.0
1030317.000,0.1031,0.8776,1.0787,-9999.0000,-9999.0000,-9999.0000,-9999.0000,-9999.0000,-9999.0000,-9999.0000,0.0
1030548.000,0.1088,0.9647,1.2688,-9999.0000,-9999.0000,-9999.0000,-9999.0000,-9999.0000,-9999.0000,-9999.0000,0.0
1030779.000,0.0612,0.9369,1.0779,0.1344,-9999.0000,-9999.0000,-9999.0000,-9999.0000,-9999.0000,-9999.0000,0.0
1031011.000,0.0554,0.9870,1.0005,0.0873,-9999.0000,-9999.0000,-9999.0000,-9999.0000,-9999.0000,-9999.0000,0.0
1031242.000,0.0678,1.0713,1.1743,-9999.0000,-9999.0000,0.0336,-9999.0000,-9999.0000,0.1006,-9999.0000,0.0
1031473.000,0.0868,0.9456,1.1042,-9999.0000,-9999.0000,-9999.0000,-9999.0000,-9999.0000,-9999.0000,-9999.0000,0.0
1031704.000,0.1141,0.9819,1.2387,-9999.0000,0.1051,-9999.0000,-9999.0000,-9999.0000,-9999.0000,-9999.0000,0.0
1031935.000,0.1118,0.9360,1.1819,-9999.0000,0.0970,-9999.0000,-9999.0000,-9999.0000,0.0899,-9999.0000,0.0
1032167.000,0.1580,0.9703,1.0883,0.1853,-9999.0000,-9999.0000,-9999.0000,-9999.0000,-9999.0000,-9999.0000,0.0
1032398.000,0.0493,0.7961,1.1434,-9999.0000,-9999.0000,-9999.0000,-9999.0000,0.1548,-9999.0000,0.0645,0.0
1032629.000,0.0856,0.9669,1.2474,-9999.0000,-9999.0000,0.0334,-9999.0000,0.1563,-9999.0000,-9999.0000,0.0
1032860.000,0.0498,0.8669,1.1072,-9999.0000,0.0588,-9999.0000,-9999.0000,-9999.0000,-9999.0000,0.1117,0.0
1033091.000,0.0686,0.9124,0.9857,-9999.0000,-9999.0000,0.0461,-9999.0000,-9999.0000,-9999.0000,-9999.0000,0.0
1033323.000,0.0613,0.8745,1.1697,-9999.0000,0.0583,-9999.0000,0.0527,-9999.0000,-9999.0000,0.1109,0.0
1033554.000,0.1273,0.9375,1.2401,-9999.0000,0.0825,-9999.0000,-9999.0000,-9999.0000,-9999.0000,-9999.0000,0.0
1033785.000,0.0977,1.1074,1.1127,-9999.0000,-9999.0000,-9999.0000,-9999.0000,-9999.0000,-9999.0000,-9999.0000,0.0
1034016.000,0.0435,1.1936,0.8487,-9999.0000,-9999.0000,-9999.0000,-9999.0000,-9999.0000,-9999.0000,-9999.0000,0.0
1034247.000,0.0807,1.2958,1.2835,-9999.0000,-9999.0000,-9999.0000,-9999.0000,0.1244,-9999.0000,-9999.0000,0.0
1034479.000,0.0675,1.0839,1.1735,-9999.0000,-9999.0000,0.0802,-9999.0000,0.0947,-9999.0000,-9999.0000,0.0
1034710.000,0.0791,1.1604,1.1570,-9999.0000,-9999.0000,-9999.0000,-9999.0000,-9999.0000,-9999.0000,-9999.0000,0.0
1034941.000,0.1064,1.2452,1.2867,-9999.0000,-9999.0000,-9999.0000,-9999.0000,-9999.0000,-9999.0000,-9999.0000,0.0
1035172.000,0.0855,0.6757,1.1501,0.1369,0.0586,-9999.0000,-9999.0000,-9999.0000,-9999.0000,-9999.0000,0.0
1035403.000,0.1290,1.1145,1.1373,-9999.0000,0.0839,-9999.0000,-9999.0000,0.1619,-9999.0000,-9999.0000,0.0
1035635.000,0.0854,1.0726,1.1183,-9999.0000,-9999.0000,-9999.0000,-9999.0000,-9999.0000,-9999.0000,-9999.0000,0.0
1035866.000,0.1284,0.9284,1.0016,0.0906,-9999.0000,-9999.0000,0.0656,-9999.0000,-9999.0000,-9999.0000,0.0
1036097.000,0.0493,0.7873,1.2166,-9999.0000,-9999.0000,-9999.0000,0.0754,0.1196,-9999.0000,-9999.0000,0.0
1036328.000,0.0734,0.9329,0.9382,-9999.0000,-9999.0000,-9999.0000,0.0643,-9999.0000,-9999.0000,-9999.0000,0.0
1036559.000,0.0816,1.3294,1.0943,0.1193,0.0607,-9999.0000,-9999.0000,-9999.0000,0.1069,0.0672,0.0
1036791.000,0.0978,0.7977,1.0298,-9999.0000,0.0710,-9999.0000,-9999.0000,-9999.0000,-9999.0000,-9999.0000,0.0
1037022.000,0.1351,1.1054,1.0761,0.1891,-9999.0000,-9999.0000,-9999.0000,-9999.0000,-9999.0000,-9999.0000,0.0
1037253.000,0.1421,0.9960,1.1467,-9999.0000,-9999.0000,-9999.0000,-9999.0000,0.1528,-9999.0000,-9999.0000,0.0
1037484.000,0.0497,0.7722,1.0759,-9999.0000,0.0711,0.0455,-9999.0000,-9999.0000,-9999.0000,0.0653,0.0
1037715.000,0.0618,0.8708,1.0762,-9999.0000,-9999.0000,-9999.0000,-9999.0000,-9999.0000,-9999.0000,-9999.0000,0.0
1037947.000,0.1094,0.7648,1.2820,-9999.0000,-9999.0000,0.0332,-9999.0000,-9999.0000,-9999.0000,-9999.0000,0.0
1038178.000,0.0797,1.0564,1.0739,-9999.0000,0.0950,-9999.0000,0.0648,-9999.0000,-9999.0000,-9999.0000,0.0
1038409.000,0.0852,0.8982,1.2489,-9999.0000,0.0824,-9999.0000,-9999.0000,-9999.0000,0.1012,-9999.0000,0.0
1038640.000,0.1042,1.0122,1.2608,0.0909,0.0592,0.0692,-9999.0000,-9999.0000,-9999.0000,-9999.0000,0.0
1038871.000,0.1046,1.1994,0.9689,0.1647,0.0716,-9999.0000,0.1687,-9999.0000,-9999.0000,-9999.0000,0.0
1039103.000,0.1042,0.9749,1.1663,0.2363,-9999.0000,-9999.0000,0.0654,-9999.0000,-9999.0000,-9999.0000,0.0
1039334.000,0.1295,0.9366,1.1574,-9999.0000,-9999.0000,-9999.0000,0.0554,-9999.0000,-9999.0000,-9999.0000,0.0
1039565.000,0.1160,0.8002,1.3339,-9999.0000,0.0590,-9999.0000,-9999.0000,-9999.0000,-9999.0000,0.0652,0.0
1039796.000,0.0782,0.9238,1.0523,-9999.0000,0.1170,-9999.0000,-9999.0000,-9999.0000,-9999.0000,-9999.0000,0.0
1040027.000,0.0313,0.8720,1.1801,0.0897,0.1069,-9999.0000,-9999.0000,-9999.0000,0.1323,-9999.0000,0.0
1040259.000,0.0603,0.8136,1.0958,-9999.0000,0.0574,-9999.0000,-9999.0000,-9999.0000,-9999.0000,-9999.0000,0.0
1040490.000,0.0726,0.8963,1.2380,0.1353,-9999.0000,-9999.0000,-9999.0000,-9999.0000,-9999.0000,-9999.0000,0.0
1040721.000,0.0670,0.8358,1.2243,-9999.0000,-9999.0000,-9999.0000,-9999.0000,-9999.0000,-9999.0000,-9999.0000,0.0
1040952.000,0.0490,1.1217,1.1751,-9999.0000,0.0823,-9999.0000,-9999.0000,-9999.0000,0.1016,0.1108,0.0
1041183.000,0.0615,0.8849,1.3892,-9999.0000,0.0950,-9999.0000,-9999.0000,-9999.0000,-9999.0000,-9999.0000,0.0
1041415.000,0.1329,1.1817,1.1683,0.1847,0.1302,-9999.0000,-9999.0000,0.0960,-9999.0000,-9999.0000,0.0
1041646.000,0.1338,0.8634,1.1888,0.1386,0.1554,-9999.0000,-9999.0000,0.1485,-9999.0000,-9999.0000,0.0
1041877.000,0.0975,0.9221,1.3877,-9999.0000,0.0949,-9999.0000,0.0644,0.1231,-9999.0000,-9999.0000,0.0
1042108.000,0.0850,1.2898,1.2693,0.0886,0.0582,0.0916,0.0637,-9999.0000,-9999.0000,-9999.0000,0.0
1042339.000,0.0487,0.9046,1.2540,0.3044,-9999.0000,-9999.0000,0.0971,-9999.0000,-9999.0000,-9999.0000,0.0
1042571.000,-9999.0000,0.8214,1.2774,0.1160,0.1199,-9999.0000,-9999.0000,-9999.0000,-9999.0000,-9999.0000,0.0
1042802.000,0.0425,0.8121,1.2573,-9999.0000,-9999.0000,-9999.0000,-9999.0000,-9999.0000,-9999.0000,-9999.0000,0.0
1043033.000,0.0720,0.9390,1.3751,0.1100,0.0572,0.0322,-9999.0000,-9999.0000,-9999.0000,-9999.0000,0.0
1043264.000,0.0654,0.9120,1.3524,0.1553,0.0802,-9999.0000,-9999.0000,-9999.0000,-9999.0000,0.0622,0.0
1043495.000,0.0792,0.7662,1.3928,0.1137,-9999.0000,-9999.0000,0.0528,-9999.0000,-9999.0000,-9999.0000,0.0
1043727.000,0.1162,0.9360,1.2955,-9999.0000,-9999.0000,-9999.0000,0.0539,-9999.0000,-9999.0000,-9999.0000,0.0
1043958.000,0.1173,0.9288,1.3643,0.2408,0.1455,-9999.0000,0.0668,-9999.0000,-9999.0000,-9999.0000,0.0
1044189.000,0.0419,0.9658,1.2412,-9999.0000,0.0688,0.0319,-9999.0000,-9999.0000,-9999.0000,-9999.0000,0.0
1044420.000,0.1057,0.8919,1.3951,-9999.0000,-9999.0000,-9999.0000,-9999.0000,-9999.0000,-9999.0000,-9999.0000,0.0
1044651.000,0.1221,0.8244,1.4275,-9999.0000,0.0833,-9999.0000,0.0765,-9999.0000,0.1495,-9999.0000,0.0
1044882.000,0.0746,0.9478,1.4737,0.2902,0.2190,-9999.0000,0.0554,-9999.0000,-9999.0000,-9999.0000,0.0
1045114.000,0.0840,0.7678,1.2167,0.2302,0.0573,-9999.0000,-9999.0000,-9999.0000,-9999.0000,-9999.0000,0.0
1045345.000,0.0798,1.0844,1.4540,0.1403,0.1076,-9999.0000,-9999.0000,-9999.0000,-9999.0000,0.0652,0.0
1045576.000,0.0971,1.1245,1.2058,0.2830,0.0584,-9999.0000,0.0752,-9999.0000,0.1181,0.1111,0.0
1045807.000,0.1217,0.8901,1.3795,-9999.0000,0.1434,-9999.0000,-9999.0000,-9999.0000,-9999.0000,-9999.0000,0.0
1046039.000,0.1167,0.8668,1.3662,0.0929,0.0595,-9999.0000,-9999.0000,-9999.0000,-9999.0000,-9999.0000,0.0
1046270.000,0.1035,0.8005,1.3732,-9999.0000,-9999.0000,-9999.0000,-9999.0000,-9999.0000,0.0743,-9999.0000,0.0
1046501.000,0.0669,0.7422,1.4616,-9999.0000,-9999.0000,-9999.0000,-9999.0000,-9999.0000,-9999.0000,-9999.0000,0.0
1046732.000,0.1081,0.8431,1.4506,0.1834,0.1294,0.0323,-9999.0000,-9999.0000,-9999.0000,-9999.0000,0.0
1046963.000,0.0954,0.7440,1.1753,-9999.0000,0.1164,0.0318,-9999.0000,-9999.0000,-9999.0000,-9999.0000,0.0
1047195.000,0.0613,0.7227,1.1373,-9999.0000,0.0830,-9999.0000,-9999.0000,-9999.0000,-9999.0000,-9999.0000,0.0
1047426.000,0.1616,0.9680,1.1622,0.2066,0.0572,0.0788,-9999.0000,-9999.0000,-9999.0000,-9999.0000,0.0
1047657.000,0.1101,0.6080,1.1290,-9999.0000,0.1564,-9999.0000,-9999.0000,0.1652,-9999.0000,-9999.0000,0.0
1047888.000,0.0744,0.8024,1.4492,0.2903,0.0599,0.0342,0.0551,-9999.0000,0.0927,-9999.0000,0.0
1048119.000,0.1139,0.8308,1.3945,-9999.0000,0.0694,-9999.0000,-9999.0000,-9999.0000,-9999.0000,-9999.0000,0.0
1048351.000,0.0535,0.7685,1.3109,-9999.0000,0.1401,-9999.0000,-9999.0000,-9999.0000,-9999.0000,-9999.0000,0.0
1048582.000,0.0312,0.6418,1.4018,-9999.0000,0.0957,-9999.0000,-9999.0000,-9999.0000,-9999.0000,-9999.0000,0.0
1048813.000,0.0855,0.8789,1.3275,-9999.0000,-9999.0000,-9999.0000,-9999.0000,-9999.0000,0.1351,-9999.0000,0.0
1049044.000,0.0716,1.0500,1.2406,0.1820,-9999.0000,-9999.0000,-9999.0000,0.1071,-9999.0000,0.1089,0.0
1049275.000,0.0927,0.5932,1.4189,0.1681,0.0599,-9999.0000,0.0781,-9999.0000,-9999.0000,-9999.0000,0.0
1049507.000,0.0832,0.5478,1.4095,0.1330,-9999.0000,-9999.0000,0.0607,-9999.0000,-9999.0000,0.0623,0.0
1049738.000,0.0677,0.8738,1.3153,-9999.0000,0.0836,-9999.0000,-9999.0000,-9999.0000,0.0766,-9999.0000,0.0
1049969.000,0.1038,0.7717,1.3119,0.1894,-9999.0000,0.0334,-9999.0000,-9999.0000,0.1059,0.0650,0.0
1050200.000,0.0613,0.6890,1.4571,-9999.0000,0.1197,-9999.0000,0.1678,-9999.0000,-9999.0000,-9999.0000,0.0
1050431.000,0.0360,0.6962,1.3970,-9999.0000,0.0574,-9999.0000,-9999.0000,-9999.0000,-9999.0000,-9999.0000,0.0
1050663.000,0.0848,0.7921,1.2773,-9999.0000,0.1186,-9999.0000,0.0636,-9999.0000,-9999.0000,-9999.0000,0.0
1050894.000,0.1225,0.7487,1.2599,-9999.0000,0.1080,0.0456,-9999.0000,-9999.0000,0.1370,0.0653,0.0
1051125.000,0.0782,0.8376,1.4517,0.2091,0.0697,-9999.0000,0.1192,0.1232,-9999.0000,-9999.0000,0.0
1051356.000,0.1105,0.7915,1.4341,0.1671,-9999.0000,-9999.0000,0.0543,0.1177,-9999.0000,-9999.0000,0.0
1051587.000,0.0614,0.6944,1.3839,0.2876,0.0590,0.0929,-9999.0000,-9999.0000,-9999.0000,-9999.0000,0.0
1051819.000,0.0834,0.7525,1.1741,-9999.0000,0.0689,-9999.0000,-9999.0000,-9999.0000,-9999.0000,-9999.0000,0.0
1052050.000,0.0734,1.0494,1.2559,0.1165,0.0954,0.0452,-9999.0000,-9999.0000,-9999.0000,-9999.0000,0.0
1052281.000,0.0666,0.8112,1.3282,0.1385,0.0823,-9999.0000,0.0521,-9999.0000,0.0895,-9999.0000,0.0
1052512.000,0.0664,0.7482,1.3441,-9999.0000,0.0821,-9999.0000,0.0517,-9999.0000,0.1188,-9999.0000,0.0
1052743.000,0.0544,0.4940,1.2824,-9999.0000,-9999.0000,-9999.0000,-9999.0000,-9999.0000,-9999.0000,-9999.0000,0.0
1052975.000,0.1170,0.7241,1.4012,0.1192,0.0597,0.0938,0.1584,-9999.0000,0.0785,-9999.0000,0.0
1053206.000,0.0914,0.7331,1.5519,-9999.0000,0.0588,-9999.0000,0.1445,-9999.0000,-9999.0000,-9999.0000,0.0
1053437.000,0.0486,0.5239,1.4140,0.1394,-9999.0000,0.0448,-9999.0000,0.1143,-9999.0000,-9999.0000,0.0
1053668.000,0.1023,0.7562,1.5300,0.0891,-9999.0000,0.0560,-9999.0000,0.1245,-9999.0000,-9999.0000,0.0
1053899.000,0.1100,0.7929,1.3612,0.1418,0.0956,0.1049,-9999.0000,-9999.0000,-9999.0000,-9999.0000,0.0
1054131.000,0.0720,0.9945,1.4588,-9999.0000,-9999.0000,0.1028,0.0623,-9999.0000,-9999.0000,0.0633,0.0
1054362.000,0.1284,0.9774,1.5584,-9999.0000,0.0957,0.0573,-9999.0000,0.0923,-9999.0000,-9999.0000,0.0
1054593.000,0.0957,0.7885,1.4110,0.1600,0.0692,0.0789,0.0956,-9999.0000,-9999.0000,-9999.0000,0.0
1054824.000,0.0542,0.9264,1.6764,-9999.0000,0.1182,0.0325,0.0628,-9999.0000,-9999.0000,-9999.0000,0.0
1055055.000,0.1731,0.7547,1.4874,0.1829,0.1407,0.0551,-9999.0000,-9999.0000,-9999.0000,-9999.0000,0.0
1055287.000,0.0724,1.1404,1.5032,0.2109,0.0942,0.1151,0.0630,-9999.0000,-9999.0000,-9999.0000,0.0
1055518.000,0.1123,0.9081,1.3472,0.1088,0.0800,-9999.0000,0.1494,-9999.0000,0.1441,-9999.0000,0.0
1055749.000,0.1266,1.0732,1.6596,-9999.0000,0.0820,0.0561,0.1310,0.1759,-9999.0000,0.1105,0.0
1055980.000,0.1336,0.6771,1.5131,0.1647,0.0707,0.0923,0.1554,-9999.0000,0.0764,-9999.0000,0.0
1056211.000,0.1311,0.6002,1.4189,0.1589,0.1287,0.1135,0.1285,-9999.0000,-9999.0000,-9999.0000,0.0
1056443.000,0.1300,0.6566,1.5376,0.2517,-9999.0000,0.1821,0.0820,-9999.0000,0.1733,-9999.0000,0.0
1056674.000,0.1389,0.7394,1.5624,0.2116,0.1548,0.0562,0.0972,-9999.0000,-9999.0000,-9999.0000,0.0
1056905.000,0.0787,0.8730,1.5672,0.1155,0.1553,0.1039,0.1549,-9999.0000,-9999.0000,-9999.0000,0.0
1057136.000,0.0837,0.7217,1.4949,0.1124,-9999.0000,0.1377,0.1183,-9999.0000,-9999.0000,-9999.0000,0.0
1057367.000,0.1104,0.7859,1.5279,-9999.0000,0.0717,0.0456,-9999.0000,0.0945,-9999.0000,-9999.0000,0.0
1057599.000,0.0725,0.8649,1.5590,0.1880,0.0824,0.0327,0.0519,-9999.0000,0.0908,0.0641,0.0
1057830.000,0.1021,0.8491,1.2879,0.1135,0.1179,-9999.0000,0.0623,-9999.0000,-9999.0000,-9999.0000,0.0
1058061.000,0.0969,1.0276,1.3856,0.1156,0.0583,0.1039,0.1663,-9999.0000,0.1511,-9999.0000,0.0
1058292.000,0.1546,0.7066,1.3609,0.1823,0.1402,0.0781,-9999.0000,0.0968,-9999.0000,-9999.0000,0.0
1058523.000,0.1321,0.6171,1.4251,0.1134,-9999.0000,-9999.0000,-9999.0000,0.1381,-9999.0000,-9999.0000,0.0
1058755.000,0.1076,0.8676,1.3392,0.1124,0.1293,0.0671,0.0842,-9999.0000,-9999.0000,-9999.0000,0.0
1058986.000,0.0604,0.8704,1.3098,0.3344,0.1674,-9999.0000,-9999.0000,0.0908,-9999.0000,-9999.0000,0.0
1059217.000,0.1033,0.9614,1.4673,0.2389,0.0830,0.0687,-9999.0000,-9999.0000,-9999.0000,-9999.0000,0.0
1059448.000,0.0723,0.8159,1.2448,-9999.0000,0.0944,0.0917,-9999.0000,0.1405,-9999.0000,-9999.0000,0.0
1059680.000,0.0830,0.9289,1.3824,0.1109,0.1405,0.0665,0.1169,-9999.0000,-9999.0000,-9999.0000,0.0
1059911.000,0.0599,0.8423,1.2034,0.1384,0.0577,0.0913,-9999.0000,-9999.0000,-9999.0000,-9999.0000,0.0
1060142.000,0.1245,0.8063,1.2858,0.1820,0.0802,0.0779,0.0938,0.1340,-9999.0000,-9999.0000,0.0
1060373.000,0.1156,0.7308,1.4126,0.0928,-9999.0000,0.0450,0.0987,-9999.0000,-9999.0000,-9999.0000,0.0
1060604.000,0.0483,0.7112,1.4142,0.1406,0.0827,0.0328,-9999.0000,0.1046,0.0771,-9999.0000,0.0
1060836.000,0.1317,0.7548,1.1730,0.0887,0.0813,-9999.0000,-9999.0000,0.1878,0.2081,-9999.0000,0.0
1061067.000,0.1136,0.9945,1.3973,-9999.0000,0.0812,-9999.0000,0.0728,-9999.0000,0.0744,-9999.0000,0.0
1061298.000,0.1015,1.0252,1.3912,-9999.0000,-9999.0000,-9999.0000,0.1068,-9999.0000,0.0744,0.0630,0.0
1061529.000,0.1636,0.9249,1.4456,0.0918,0.0583,0.0446,0.1093,-9999.0000,-9999.0000,-9999.0000,0.0
1061760.000,0.1094,0.9092,1.3121,0.2640,-9999.0000,0.0687,-9999.0000,-9999.0000,-9999.0000,-9999.0000,0.0
1061992.000,0.0773,0.6648,1.4395,-9999.0000,-9999.0000,-9999.0000,0.0612,-9999.0000,-9999.0000,-9999.0000,0.0
1062223.000,0.1018,0.9426,1.2143,-9999.0000,0.1057,0.0556,-9999.0000,-9999.0000,-9999.0000,-9999.0000,0.0
1062454.000,0.1328,0.8170,1.2848,-9999.0000,0.0701,0.0325,-9999.0000,-9999.0000,-9999.0000,-9999.0000,0.0
1062685.000,0.0901,0.6395,1.2747,0.2844,0.1303,0.0559,0.0625,-9999.0000,-9999.0000,-9999.0000,0.0
1062916.000,0.0590,0.8808,1.1314,0.1599,0.0567,-9999.0000,0.1059,-9999.0000,-9999.0000,-9999.0000,0.0
1063148.000,0.1030,0.9920,1.2272,0.2875,-9999.0000,0.1160,-9999.0000,-9999.0000,-9999.0000,-9999.0000,0.0
1063379.000,0.1378,0.9207,1.3444,0.1617,-9999.0000,0.0554,0.0503,0.1140,-9999.0000,-9999.0000,0.0
1063610.000,0.0837,0.7889,1.3033,-9999.0000,0.0695,0.0320,-9999.0000,-9999.0000,0.0905,-9999.0000,0.0
1063841.000,0.0659,0.8780,1.1069,0.1150,0.1183,-9999.0000,0.0967,-9999.0000,-9999.0000,-9999.0000,0.0
1064072.000,0.1436,0.7552,1.5307,-9999.0000,-9999.0000,0.0671,0.1407,-9999.0000,-9999.0000,-9999.0000,0.0
1064304.000,0.1090,0.8507,1.3035,0.0924,-9999.0000,0.1041,0.1208,-9999.0000,-9999.0000,-9999.0000,0.0
1064535.000,0.0892,0.9560,1.3033,0.0885,0.1051,0.1609,0.1290,0.1007,-9999.0000,-9999.0000,0.0
1064766.000,0.0710,0.7977,1.2273,0.1365,-9999.0000,0.0903,0.1175,0.1877,-9999.0000,-9999.0000,0.0
1064997.000,0.0947,0.5167,1.2419,-9999.0000,0.0805,0.0548,0.0829,-9999.0000,-9999.0000,-9999.0000,0.0
1065228.000,0.1009,0.9095,1.3758,0.1604,0.0688,0.0433,0.0947,-9999.0000,-9999.0000,-9999.0000,0.0
1065460.000,0.0838,0.6602,1.2182,0.1149,0.1061,0.0322,0.1306,-9999.0000,0.1059,-9999.0000,0.0
1065691.000,0.1467,0.7026,1.0482,-9999.0000,-9999.0000,0.1117,0.1031,-9999.0000,-9999.0000,-9999.0000,0.0
1065922.000,0.1577,0.8021,1.3678,0.1907,0.0707,0.0448,0.0524,-9999.0000,-9999.0000,-9999.0000,0.0
1066153.000,0.2434,0.9201,1.3139,0.2161,-9999.0000,0.1166,-9999.0000,-9999.0000,0.1085,-9999.0000,0.0
1066384.000,0.1936,0.8515,1.3953,-9999.0000,-9999.0000,-9999.0000,0.0977,0.1433,-9999.0000,-9999.0000,0.0
1066616.000,0.1126,0.8203,1.3615,-9999.0000,0.1048,0.1254,0.1171,-9999.0000,0.1624,-9999.0000,0.0
1066847.000,0.0886,0.8202,1.2551,-9999.0000,0.0808,0.1722,0.1058,-9999.0000,-9999.0000,-9999.0000,0.0
1067078.000,0.1060,0.6279,1.2932,0.2069,0.0564,0.1130,0.1049,-9999.0000,-9999.0000,-9999.0000,0.0
1067309.000,0.1187,0.5391,1.2945,0.1128,0.1171,0.2312,0.1627,0.1004,-9999.0000,-9999.0000,0.0
1067540.000,0.1493,0.8525,1.3121,0.3072,0.0694,0.0909,0.2430,0.1143,0.0895,0.0627,0.0
1067772.000,0.1797,0.7650,1.1950,-9999.0000,-9999.0000,0.1618,0.1187,0.1274,0.1195,0.0629,0.0
1068003.000,0.1237,0.8436,1.1301,0.2306,0.0802,0.1246,0.1384,0.2465,-9999.0000,-9999.0000,0.0
1068234.000,0.1172,0.7857,1.2365,-9999.0000,0.0679,0.1472,0.2046,-9999.0000,0.1151,-9999.0000,0.0
1068465.000,0.0937,-9999.0000,1.1473,0.1824,-9999.0000,0.1943,0.1382,0.1346,-9999.0000,-9999.0000,0.0
1068696.000,0.1731,0.6277,1.1854,-9999.0000,-9999.0000,0.1849,0.2540,0.1015,-9999.0000,-9999.0000,0.0
1068928.000,0.1309,0.7181,1.2665,0.1381,0.0694,0.1966,0.2540,-9999.0000,-9999.0000,-9999.0000,0.0
1069159.000,0.1027,0.6888,1.2872,0.2410,0.0955,0.2953,0.1676,-9999.0000,-9999.0000,-9999.0000,0.0
1069390.000,0.2881,1.0391,1.6522,0.2601,0.2025,0.3858,0.3571,0.1777,0.0747,0.0628,0.0
1069621.000,0.3869,1.2156,1.6977,0.3757,0.1285,0.3470,0.2966,-9999.0000,-9999.0000,-9999.0000,0.0
1069852.000,0.3753,1.2031,1.6372,0.4483,0.1766,0.3006,0.3420,0.1365,-9999.0000,0.0617,0.0
1070084.000,0.2660,1.1327,1.2565,-9999.0000,0.1158,0.2756,0.2835,-9999.0000,-9999.0000,-9999.0000,0.0
1070315.000,0.3062,0.7937,1.3650,0.2605,-9999.0000,0.3625,0.1985,0.1406,0.1194,-9999.0000,0.0
1070546.000,0.1918,1.0596,1.5297,0.3338,-9999.0000,0.2922,0.1648,-9999.0000,-9999.0000,-9999.0000,0.0
1070777.000,0.2003,0.7394,1.4470,0.3015,-9999.0000,0.1242,0.0594,-9999.0000,0.1002,-9999.0000,0.0
1071008.000,0.1558,0.7915,1.3121,0.1648,0.1671,0.1981,0.1993,-9999.0000,-9999.0000,0.0631,0.0
1071240.000,0.1868,0.8436,1.1915,0.1906,0.0586,0.2820,0.1434,-9999.0000,-9999.0000,-9999.0000,0.0
1071471.000,0.0814,1.1522,1.3692,0.1591,0.0684,0.1828,0.2055,-9999.0000,-9999.0000,-9999.0000,0.0
1071702.000,0.1241,0.6204,1.0869,0.1135,0.1172,0.1023,0.1626,0.2497,-9999.0000,-9999.0000,0.0
1071933.000,0.0815,0.9175,1.0861,0.1118,0.0805,0.1481,0.1835,0.1354,-9999.0000,0.1074,0.0
1072164.000,0.1117,0.7444,1.2017,0.1608,0.0570,0.1370,-9999.0000,0.2112,-9999.0000,-9999.0000,0.0
1072396.000,0.1719,0.8308,1.1738,0.2579,0.0692,0.1258,-9999.0000,0.1751,-9999.0000,-9999.0000,0.0
1072627.000,0.1118,0.7469,1.0601,-9999.0000,-9999.0000,0.1256,-9999.0000,0.1248,-9999.0000,-9999.0000,0.0
1072858.000,0.1064,0.8453,0.9163,0.2114,0.0577,0.1264,0.0618,0.2517,0.1922,-9999.0000,0.0
1073089.000,0.1089,0.8242,1.3176,0.1210,-9999.0000,0.1773,0.1344,0.2362,0.1385,-9999.0000,0.0
1073320.000,0.1174,0.8639,1.1753,0.3284,0.0928,0.1369,0.1167,-9999.0000,-9999.0000,-9999.0000,0.0
1073552.000,0.0704,0.8259,1.3611,0.0913,0.1181,0.1619,0.2433,0.2648,0.1479,-9999.0000,0.0
1073783.000,0.0575,0.7286,1.1178,0.4476,0.0688,0.2067,0.1614,-9999.0000,-9999.0000,-9999.0000,0.0
1074014.000,0.1050,0.7194,1.0665,0.1838,0.0925,0.1482,0.1610,-9999.0000,-9999.0000,-9999.0000,0.0
1074245.000,0.0803,0.7440,1.1058,0.1333,-9999.0000,0.0426,0.1031,0.1074,-9999.0000,-9999.0000,0.0
1074476.000,0.0828,0.9249,1.1099,-9999.0000,0.1067,0.1156,0.1084,0.1042,-9999.0000,-9999.0000,0.0
1074708.000,-9999.0000,0.8885,1.1370,0.1144,0.0575,0.2198,0.1855,-9999.0000,0.1169,0.0617,0.0
1074939.000,0.0886,0.7040,1.1698,0.1164,-9999.0000,0.1035,0.1192,0.0909,-9999.0000,-9999.0000,0.0
1075170.000,0.1109,0.6398,1.0788,0.2797,-9999.0000,0.1832,0.1162,-9999.0000,0.1443,-9999.0000,0.0
1075401.000,0.0639,0.7559,0.9631,0.0907,-9999.0000,0.1730,0.1292,0.1137,0.1169,-9999.0000,0.0
1075632.000,0.1071,0.7265,1.0179,0.1906,0.0828,0.1514,0.1658,0.1678,-9999.0000,-9999.0000,0.0
1075864.000,0.1293,0.7968,1.2330,0.1139,-9999.0000,0.1374,0.1060,-9999.0000,0.1750,0.1076,0.0
1076095.000,0.1801,0.7844,1.0902,0.3619,0.0954,0.0808,-9999.0000,-9999.0000,-9999.0000,-9999.0000,0.0
1076326.000,0.0344,0.7119,1.0988,0.2148,0.0586,0.1631,0.0860,0.1049,0.0895,-9999.0000,0.0
1076557.000,0.1375,0.7455,1.0886,-9999.0000,0.1073,0.2345,0.1662,-9999.0000,-9999.0000,-9999.0000,0.0
1076788.000,0.0880,0.6801,1.1343,0.1400,-9999.0000,0.1502,0.1073,-9999.0000,0.2360,-9999.0000,0.0
1077020.000,0.0764,0.7088,1.2142,0.1171,0.0825,0.0566,0.1536,0.1414,0.1184,0.0623,0.0
1077251.000,0.0946,0.7190,1.1221,0.2872,0.0948,0.1276,0.2108,-9999.0000,0.0890,-9999.0000,0.0
1077482.000,0.1061,0.7426,1.0791,0.2369,0.0702,0.0916,0.1528,-9999.0000,0.0878,-9999.0000,0.0
1077713.000,0.1106,0.8603,1.0292,-9999.0000,-9999.0000,0.1717,0.1949,-9999.0000,0.0851,-9999.0000,0.0
1077944.000,0.1083,0.7322,1.1758,0.0973,0.1210,0.0939,0.1459,0.2234,-9999.0000,-9999.0000,0.0
1078176.000,0.1009,0.7479,1.1445,-9999.0000,0.0953,0.1754,0.1320,0.1308,-9999.0000,-9999.0000,0.0
1078407.000,0.0944,0.7650,1.0708,-9999.0000,0.1069,0.2572,0.1992,-9999.0000,-9999.0000,-9999.0000,0.0
1078638.000,0.0878,0.6830,1.1648,-9999.0000,-9999.0000,0.1502,-9999.0000,-9999.0000,0.1318,0.0617,0.0
1078869.000,0.1245,0.6907,1.0520,0.2872,-9999.0000,0.1865,0.1993,-9999.0000,-9999.0000,0.0623,0.0
1079100.000,0.0771,0.4992,1.0619,0.0961,0.1081,0.1764,0.1675,-9999.0000,-9999.0000,-9999.0000,0.0
1079332.000,0.0706,0.5693,1.1635,-9999.0000,0.0833,0.2228,0.0866,-9999.0000,-9999.0000,-9999.0000,0.0
1079563.000,0.1186,0.7095,1.1730,-9999.0000,-9999.0000,0.1042,0.1884,-9999.0000,-9999.0000,-9999.0000,0.0
1079794.000,0.1113,0.8605,1.2048,0.1157,-9999.0000,0.2669,0.1406,-9999.0000,-9999.0000,-9999.0000,0.0
1080025.000,0.1860,0.7557,1.0785,-9999.0000,0.1444,0.2354,0.1785,-9999.0000,-9999.0000,-9999.0000,0.0
1080256.000,0.2197,0.8953,1.2142,0.1888,0.0582,0.1737,0.1978,0.1150,0.1019,-9999.0000,0.0
1080488.000,0.1305,0.8383,1.1847,0.3364,0.1072,0.1986,0.1996,0.2177,-9999.0000,-9999.0000,0.0
1080719.000,0.1957,0.9719,1.3209,0.1409,0.0823,0.1739,0.1754,0.1900,-9999.0000,-9999.0000,0.0
1080950.000,0.1754,0.7144,1.1621,0.0893,0.0571,0.2528,0.1608,-9999.0000,0.1720,-9999.0000,0.0
1081181.000,0.1769,1.1077,1.2469,0.1877,0.1058,0.2550,0.2869,0.1634,0.1008,-9999.0000,0.0
1081412.000,0.1968,1.0881,1.1718,0.2639,-9999.0000,0.2222,0.2451,0.1425,-9999.0000,0.0622,0.0
1081644.000,0.1909,0.9625,1.1983,0.2645,-9999.0000,0.3877,0.3023,0.2558,-9999.0000,-9999.0000,0.0
1081875.000,0.1569,0.8866,1.1519,0.1232,0.0604,0.3928,0.2155,-9999.0000,-9999.0000,0.1112,0.0
1082106.000,0.1435,0.8829,1.1178,-9999.0000,0.0962,0.2833,0.3618,-9999.0000,0.1650,-9999.0000,0.0
1082337.000,0.0874,0.6145,1.0892,-9999.0000,0.1064,0.2208,0.1866,0.1526,0.1015,0.0614,0.0
1082568.000,0.1285,0.7040,1.0825,0.2832,0.0578,0.3479,0.3087,-9999.0000,-9999.0000,-9999.0000,0.0
1082800.000,0.0744,0.9448,1.1405,0.0906,-9999.0000,0.2304,0.1392,0.2231,0.1432,-9999.0000,0.0
1083031.000,0.1432,0.8289,1.1975,0.1937,0.0596,0.2592,0.2128,0.0947,-9999.0000,0.1097,0.0
1083262.000,0.0794,0.7760,1.2342,0.2543,0.0803,0.2745,0.1594,0.1699,-9999.0000,-9999.0000,0.0
1083493.000,0.1279,1.0264,1.0220,0.2338,0.0813,0.2884,0.2063,0.0993,0.1282,0.1524,0.0
1083724.000,0.1172,1.0212,1.0765,0.1174,0.0705,0.1505,0.3222,-9999.0000,-9999.0000,-9999.0000,0.0
1083956.000,0.0928,0.8514,1.0973,0.1404,-9999.0000,0.2201,0.2758,0.1140,-9999.0000,-9999.0000,0.0
1084187.000,0.1531,0.9315,1.1009,0.1174,0.0825,0.3029,0.2091,0.2646,-9999.0000,0.0612,0.0
1084418.000,0.1582,1.0650,1.2499,-9999.0000,0.1058,0.3013,0.1289,0.1629,-9999.0000,-9999.0000,0.0
1084649.000,0.1227,1.1446,1.4520,-9999.0000,0.1181,0.3489,0.2985,0.1143,0.0856,-9999.0000,0.0
1084880.000,0.1551,1.0635,1.2324,0.3230,0.1387,0.1579,0.3240,0.1187,-9999.0000,-9999.0000,0.0
1085112.000,0.1373,1.5023,1.4754,0.2755,0.1503,0.2382,0.1798,0.1793,0.0948,-9999.0000,0.0
1085343.000,0.1174,1.3359,1.5412,0.2873,0.1070,0.1393,0.1648,0.1539,-9999.0000,0.1080,0.0
1085574.000,0.1696,1.2932,1.3517,0.2110,0.1533,0.1842,0.2069,-9999.0000,0.1577,0.0602,0.0
1085805.000,0.2061,1.3606,1.4997,-9999.0000,0.1180,0.1966,0.1855,0.2256,0.0998,-9999.0000,0.0
1086036.000,0.1431,1.3132,1.6278,0.2049,0.1503,0.1923,0.3126,0.1550,-9999.0000,-9999.0000,0.0
1086268.000,0.0983,1.3142,1.6589,0.3798,0.0820,0.1263,0.2302,0.1259,0.1142,-9999.0000,0.0
1086499.000,0.1444,1.4350,1.4392,0.2321,0.1045,0.1479,0.1935,0.1219,0.0968,-9999.0000,0.0
1086730.000,0.0902,1.5732,1.3360,0.2526,0.1270,0.1236,-9999.0000,0.1189,0.0947,0.1039,0.0
1086961.000,0.1021,1.4006,1.3870,0.2297,0.1862,0.1469,0.1474,-9999.0000,0.0951,-9999.0000,0.0
1087192.000,0.1166,1.4279,1.4846,0.2859,-9999.0000,0.1387,0.1074,-9999.0000,-9999.0000,-9999.0000,0.0
1087424.000,0.0501,1.4350,1.4361,0.3542,0.1532,0.0560,0.1730,-9999.0000,-9999.0000,0.1983,0.0
1087655.000,0.0989,1.5005,1.2322,0.1425,0.1549,0.1391,0.1192,-9999.0000,-9999.0000,-9999.0000,0.0
1087886.000,0.0983,1.3490,1.1515,-9999.0000,0.0823,-9999.0000,0.0506,-9999.0000,0.1289,-9999.0000,0.0
1088117.000,0.0745,1.3760,1.4897,-9999.0000,0.0825,0.0802,0.1186,-9999.0000,-9999.0000,-9999.0000,0.0
1088349.000,0.0512,1.2277,1.4083,0.1445,-9999.0000,0.1283,-9999.0000,-9999.0000,0.0872,-9999.0000,0.0
1088580.000,0.0869,1.3183,1.2468,-9999.0000,-9999.0000,0.0338,0.1649,-9999.0000,0.1455,-9999.0000,0.0
1088811.000,0.0819,1.1483,1.3596,-9999.0000,-9999.0000,0.0582,0.2015,-9999.0000,0.1034,-9999.0000,0.0
1089042.000,0.0902,1.3475,1.5225,-9999.0000,-9999.0000,0.0361,0.0917,-9999.0000,-9999.0000,-9999.0000,0.0
1089273.000,0.0750,1.0006,1.4491,-9999.0000,0.0954,-9999.0000,0.0861,0.1300,-9999.0000,-9999.0000,0.0
1089505.000,0.0871,1.0316,1.3184,0.1684,-9999.0000,-9999.0000,-9999.0000,-9999.0000,-9999.0000,-9999.0000,0.0
1089736.000,0.0878,1.0955,1.2576,-9999.0000,0.0963,0.0463,0.1102,-9999.0000,0.1180,-9999.0000,0.0
1089967.000,0.0866,0.9961,1.1762,0.0950,-9999.0000,0.0689,-9999.0000,0.0914,0.0856,-9999.0000,0.0
1090198.000,0.0814,1.0699,1.4554,-9999.0000,-9999.0000,-9999.0000,0.0643,0.1819,-9999.0000,-9999.0000,0.0
1090429.000,0.0503,0.9981,1.5193,-9999.0000,-9999.0000,0.0335,-9999.0000,0.1025,-9999.0000,-9999.0000,0.0
1090661.000,0.1005,1.0240,1.3471,-9999.0000,-9999.0000,0.0350,0.0887,0.1098,-9999.0000,-9999.0000,0.0
1090892.000,0.1242,1.1005,1.5741,0.1714,0.0966,-9999.0000,-9999.0000,-9999.0000,-9999.0000,0.1091,0.0
1091123.000,0.1195,1.1112,1.4567,-9999.0000,-9999.0000,0.0833,-9999.0000,0.1247,-9999.0000,-9999.0000,0.0
1091354.000,0.1363,1.0875,1.5375,-9999.0000,-9999.0000,0.0467,0.1222,0.2092,-9999.0000,-9999.0000,0.0
1091585.000,0.0995,1.2100,1.2999,0.1221,-9999.0000,0.1054,0.0646,-9999.0000,-9999.0000,-9999.0000,0.0
1091817.000,0.1126,1.2627,1.5123,0.1733,0.0608,0.0471,-9999.0000,-9999.0000,-9999.0000,-9999.0000,0.0
1092048.000,0.0997,1.4474,1.3772,0.0984,-9999.0000,-9999.0000,0.1104,-9999.0000,0.1475,-9999.0000,0.0
1092279.000,0.0758,0.9108,1.4519,0.1239,0.1457,-9999.0000,0.0770,-9999.0000,-9999.0000,0.0624,0.0
1092510.000,0.1057,1.1401,1.2900,-9999.0000,0.0845,0.0466,0.0764,-9999.0000,-9999.0000,-9999.0000,0.0
1092741.000,0.1496,1.2482,1.6124,-9999.0000,-9999.0000,0.0475,-9999.0000,-9999.0000,-9999.0000,-9999.0000,0.0
1092973.000,0.1491,1.1524,1.4880,-9999.0000,0.0732,0.0472,-9999.0000,-9999.0000,-9999.0000,-9999.0000,0.0
1093204.000,0.1121,1.3425,1.2491,-9999.0000,0.0849,0.0469,0.1112,-9999.0000,-9999.0000,-9999.0000,0.0
1093435.000,0.1650,1.3098,1.3622,0.1936,-9999.0000,-9999.0000,-9999.0000,-9999.0000,-9999.0000,-9999.0000,0.0
1093666.000,0.0863,1.2947,1.5183,-9999.0000,-9999.0000,0.0575,0.0745,-9999.0000,-9999.0000,-9999.0000,0.0
1093897.000,0.1221,1.2107,1.3547,0.0957,0.0712,0.0691,-9999.0000,-9999.0000,-9999.0000,0.1069,0.0
1094129.000,0.1133,1.2801,1.5860,-9999.0000,-9999.0000,-9999.0000,0.1595,-9999.0000,-9999.0000,-9999.0000,0.0
1094360.000,0.1186,1.4593,1.3936,0.1011,-9999.0000,0.0355,-9999.0000,-9999.0000,-9999.0000,-9999.0000,0.0
1094591.000,0.1383,1.1359,1.3695,0.1040,-9999.0000,0.0843,0.0682,0.2038,-9999.0000,-9999.0000,0.0
1094822.000,0.1653,1.2051,1.3911,0.1224,0.0601,0.0583,-9999.0000,-9999.0000,-9999.0000,-9999.0000,0.0
1095053.000,0.1744,1.2449,1.4853,0.1276,0.0618,-9999.0000,0.0561,-9999.0000,-9999.0000,0.0633,0.0
1095285.000,0.1677,1.2089,1.2714,0.1022,-9999.0000,0.1074,-9999.0000,-9999.0000,-9999.0000,-9999.0000,0.0
1095516.000,0.1714,1.4420,1.3700,-9999.0000,-9999.0000,0.0618,-9999.0000,-9999.0000,-9999.0000,0.1135,0.0
1095747.000,0.1023,1.0125,1.4116,-9999.0000,-9999.0000,0.0370,0.0696,-9999.0000,0.1696,-9999.0000,0.0
1103041.000,-9999.0000,-9999.0000,-9999.0000,-9999.0000,-9999.0000,-9999.0000,-9999.0000,-9999.0000,-9999.0000,-9999.0000,1.0
1103272.000,-9999.0000,-9999.0000,-9999.0000,-9999.0000,-9999.0000,-9999.0000,-9999.0000,-9999.0000,-9999.0000,-9999.0000,1.0
1103504.000,-9999.0000,-9999.0000,-9999.0000,-9999.0000,-9999.0000,-9999.0000,-9999.0000,-9999.0000,-9999.0000,-9999.0000,1.0
1103735.000,-9999.0000,-9999.0000,-9999.0000,-9999.0000,-9999.0000,-9999.0000,-9999.0000,-9999.0000,-9999.0000,-9999.0000,1.0
1103966.000,-9999.0000,-9999.0000,-9999.0000,-9999.0000,-9999.0000,-9999.0000,-9999.0000,-9999.0000,-9999.0000,-9999.0000,1.0
1104197.000,-9999.0000,-9999.0000,-9999.0000,-9999.0000,-9999.0000,-9999.0000,-9999.0000,-9999.0000,-9999.0000,-9999.0000,1.0
1104533.000,-9999.0000,-9999.0000,-9999.0000,-9999.0000,-9999.0000,-9999.0000,-9999.0000,-9999.0000,-9999.0000,-9999.0000,1.0
1104764.000,-9999.0000,-9999.0000,-9999.0000,-9999.0000,-9999.0000,-9999.0000,-9999.0000,-9999.0000,-9999.0000,-9999.0000,1.0
1104995.000,-9999.0000,-9999.0000,-9999.0000,-9999.0000,-9999.0000,-9999.0000,-9999.0000,-9999.0000,-9999.0000,-9999.0000,1.0
1105227.000,-9999.0000,-9999.0000,-9999.0000,-9999.0000,-9999.0000,-9999.0000,-9999.0000,-9999.0000,-9999.0000,-9999.0000,1.0
1105458.000,-9999.0000,-9999.0000,-9999.0000,-9999.0000,-9999.0000,-9999.0000,-9999.0000,-9999.0000,-9999.0000,-9999.0000,1.0
1105689.000,-9999.0000,-9999.0000,-9999.0000,-9999.0000,-9999.0000,-9999.0000,-9999.0000,-9999.0000,-9999.0000,-9999.0000,1.0
1105995.000,-9999.0000,-9999.0000,-9999.0000,-9999.0000,-9999.0000,-9999.0000,-9999.0000,-9999.0000,-9999.0000,-9999.0000,1.0
1106226.000,-9999.0000,-9999.0000,-9999.0000,-9999.0000,-9999.0000,-9999.0000,-9999.0000,-9999.0000,-9999.0000,-9999.0000,1.0
1106457.000,-9999.0000,-9999.0000,-9999.0000,-9999.0000,-9999.0000,-9999.0000,-9999.0000,-9999.0000,-9999.0000,-9999.0000,1.0
1106688.000,-9999.0000,-9999.0000,-9999.0000,-9999.0000,-9999.0000,-9999.0000,-9999.0000,-9999.0000,-9999.0000,-9999.0000,1.0
1106920.000,-9999.0000,-9999.0000,-9999.0000,-9999.0000,-9999.0000,-9999.0000,-9999.0000,-9999.0000,-9999.0000,-9999.0000,1.0
1107151.000,-9999.0000,-9999.0000,-9999.0000,-9999.0000,-9999.0000,-9999.0000,-9999.0000,-9999.0000,-9999.0000,-9999.0000,1.0
1107453.000,0.1297,2.1404,1.5720,0.5446,0.1234,0.0605,-9999.0000,-9999.0000,-9999.0000,-9999.0000,0.0
1107685.000,0.1530,1.8150,1.7385,0.4192,0.3044,0.0481,0.0666,-9999.0000,-9999.0000,-9999.0000,0.0
1107916.000,0.1005,2.0547,1.7166,0.3793,0.0882,-9999.0000,0.1622,0.1174,-9999.0000,0.0631,0.0
1108147.000,0.0739,2.2305,1.7896,0.2722,0.1462,-9999.0000,0.0547,-9999.0000,-9999.0000,0.0608,0.0
1108378.000,0.1357,1.9600,1.7301,0.2518,0.0747,0.0487,-9999.0000,-9999.0000,-9999.0000,0.1090,0.0
1108609.000,0.2009,2.2419,1.4712,0.2000,0.1585,-9999.0000,-9999.0000,0.0978,-9999.0000,0.1546,0.0
1108841.000,0.1298,1.6604,1.3844,0.5704,-9999.0000,-9999.0000,-9999.0000,0.2405,-9999.0000,-9999.0000,0.0
1109072.000,0.2102,1.5510,1.5323,0.1566,0.1491,0.1093,-9999.0000,-9999.0000,-9999.0000,-9999.0000,0.0
1109303.000,0.1471,1.6095,1.4573,0.3164,0.0661,-9999.0000,0.0623,-9999.0000,-9999.0000,-9999.0000,0.0
1109534.000,0.1183,1.6435,1.3541,0.2304,0.0511,-9999.0000,0.0692,0.0908,-9999.0000,-9999.0000,0.0
1109766.000,0.1243,1.5899,1.4237,0.2304,0.1246,0.0614,0.1267,-9999.0000,-9999.0000,-9999.0000,0.0
1109997.000,0.1248,1.9955,1.4730,0.3302,0.0637,-9999.0000,-9999.0000,-9999.0000,-9999.0000,0.1581,0.0
1110228.000,0.1683,1.8890,1.5482,0.3318,0.1873,0.0380,0.1167,-9999.0000,-9999.0000,0.1110,0.0
1110459.000,0.1360,2.0110,1.4128,0.2293,-9999.0000,-9999.0000,0.0686,-9999.0000,-9999.0000,-9999.0000,0.0
1110690.000,0.1004,1.9247,1.4948,0.4052,0.1501,-9999.0000,0.0585,-9999.0000,-9999.0000,-9999.0000,0.0
1110922.000,0.1544,1.7077,1.4004,0.2295,0.1487,-9999.0000,0.1032,-9999.0000,-9999.0000,0.1095,0.0
1111153.000,0.1656,1.8026,1.2287,0.4471,0.0991,0.0370,-9999.0000,-9999.0000,-9999.0000,0.0615,0.0
1111384.000,0.1456,1.9674,1.5545,0.3130,0.1525,-9999.0000,0.0610,-9999.0000,-9999.0000,0.1129,0.0
1111615.000,0.1438,1.8801,1.5763,0.1598,0.1013,-9999.0000,0.1056,0.1068,0.0911,-9999.0000,0.0
1111846.000,0.1738,1.9922,1.3969,0.1830,0.0761,-9999.0000,0.0931,-9999.0000,0.1050,-9999.0000,0.0
1112078.000,0.1241,1.7765,1.4737,0.4763,0.3085,0.1931,0.3687,0.2560,0.0888,-9999.0000,0.0
1112309.000,0.3426,2.7960,2.0272,0.7077,0.2507,0.4379,1.2830,0.9818,0.6722,-9999.0000,0.0
1112540.000,0.1537,1.8863,1.4276,0.3265,0.1483,0.0492,0.1256,0.1143,0.1475,-9999.0000,0.0
1112771.000,0.1360,1.9496,1.7062,0.4020,0.1368,-9999.0000,0.1150,-9999.0000,-9999.0000,-9999.0000,0.0
1113002.000,0.1291,1.8160,1.4195,0.3993,0.1360,-9999.0000,-9999.0000,-9999.0000,-9999.0000,-9999.0000,0.0
1113234.000,0.0984,2.2806,1.4539,0.3494,0.0870,-9999.0000,-9999.0000,-9999.0000,-9999.0000,-9999.0000,0.0
1113465.000,0.1782,2.1496,1.4040,0.3763,-9999.0000,0.0493,0.1489,0.1276,0.1026,-9999.0000,0.0
1113696.000,0.1227,2.1004,1.2840,0.4228,-9999.0000,0.0371,0.0678,-9999.0000,0.1463,0.0612,0.0
1113927.000,0.1848,2.0129,1.4270,0.1571,0.1124,-9999.0000,0.1036,-9999.0000,-9999.0000,0.0620,0.0
1114158.000,0.1250,1.8450,1.3320,0.3086,0.1261,-9999.0000,0.0824,-9999.0000,0.1209,0.0632,0.0
1114390.000,0.0992,2.1515,1.3067,0.3780,0.0880,-9999.0000,0.0577,0.1415,-9999.0000,-9999.0000,0.0
1114621.000,0.1178,1.9431,1.5000,0.1580,0.0637,0.0379,0.0695,-9999.0000,-9999.0000,-9999.0000,0.0
1114852.000,0.1317,1.7252,1.4341,0.2363,-9999.0000,-9999.0000,0.1182,-9999.0000,-9999.0000,-9999.0000,0.0
1115083.000,0.1525,1.8546,1.4128,0.2515,0.0990,-9999.0000,-9999.0000,-9999.0000,0.0856,-9999.0000,0.0
1115314.000,0.1480,1.7038,1.3830,-9999.0000,0.0514,-9999.0000,0.0808,-9999.0000,0.1032,-9999.0000,0.0
1115546.000,0.2018,1.9186,1.4188,0.2534,0.0752,-9999.0000,0.1369,-9999.0000,0.0866,-9999.0000,0.0
1115777.000,0.1124,1.6469,1.4845,0.1358,0.0645,-9999.0000,-9999.0000,-9999.0000,-9999.0000,0.0630,0.0
1116008.000,0.1115,2.0680,1.2647,0.2812,0.0639,-9999.0000,-9999.0000,-9999.0000,-9999.0000,-9999.0000,0.0
1116239.000,0.1363,2.0730,1.4199,0.3804,0.1377,-9999.0000,-9999.0000,-9999.0000,-9999.0000,-9999.0000,0.0
1116470.000,0.0923,1.6940,1.4259,0.1562,0.0754,-9999.0000,0.1486,-9999.0000,-9999.0000,-9999.0000,0.0
1116702.000,0.1602,1.6391,1.4219,0.1091,0.0638,-9999.0000,0.0580,0.1168,-9999.0000,0.0620,0.0
1116933.000,0.1069,1.5226,1.3837,0.1379,0.0776,-9999.0000,0.0720,-9999.0000,-9999.0000,-9999.0000,0.0
1117164.000,0.1055,1.7458,1.2415,-9999.0000,0.1255,-9999.0000,-9999.0000,-9999.0000,-9999.0000,0.0623,0.0
1117395.000,0.1007,1.6788,1.4614,0.1133,0.1272,-9999.0000,0.1536,-9999.0000,-9999.0000,-9999.0000,0.0
1117626.000,0.1545,1.7003,1.5467,0.4298,-9999.0000,-9999.0000,-9999.0000,-9999.0000,-9999.0000,0.1572,0.0
1117858.000,0.0911,1.4503,1.4125,-9999.0000,0.0624,-9999.0000,0.0782,-9999.0000,-9999.0000,-9999.0000,0.0
1118089.000,0.1688,1.8517,1.1475,0.0889,0.0530,-9999.0000,-9999.0000,-9999.0000,-9999.0000,-9999.0000,0.0
1118320.000,0.2085,1.4472,1.2792,0.3538,0.0637,-9999.0000,0.0807,0.0908,0.1023,-9999.0000,0.0
1118551.000,0.1294,1.9077,1.3445,0.2320,0.0639,-9999.0000,-9999.0000,-9999.0000,-9999.0000,-9999.0000,0.0
1118782.000,0.1461,1.7644,1.3628,0.1554,-9999.0000,-9999.0000,-9999.0000,0.1635,-9999.0000,-9999.0000,0.0
1119014.000,0.1551,1.6136,1.3494,0.2599,-9999.0000,-9999.0000,0.1173,-9999.0000,-9999.0000,-9999.0000,0.0
1119245.000,0.1648,1.9239,1.2977,-9999.0000,0.0633,-9999.0000,0.0684,-9999.0000,-9999.0000,-9999.0000,0.0
1119476.000,0.1161,1.5900,1.4297,0.1565,0.0876,-9999.0000,-9999.0000,-9999.0000,0.1457,0.0609,0.0
1119707.000,0.2118,1.5593,1.4096,0.0891,0.0779,-9999.0000,-9999.0000,-9999.0000,0.0911,-9999.0000,0.0
1119938.000,0.1783,1.9056,1.2000,0.3064,-9999.0000,-9999.0000,-9999.0000,0.1174,-9999.0000,-9999.0000,0.0
1120170.000,0.1293,1.6919,1.1361,-9999.0000,0.1621,0.0503,0.0813,-9999.0000,-9999.0000,0.2039,0.0
1120401.000,0.1063,1.7091,1.1687,-9999.0000,0.0776,-9999.0000,0.0486,0.0959,-9999.0000,-9999.0000,0.0
1120632.000,0.1347,1.7133,1.2763,0.2067,0.1125,-9999.0000,0.0576,-9999.0000,-9999.0000,-9999.0000,0.0
1120863.000,0.1650,1.7424,1.3954,0.1577,0.0758,-9999.0000,0.0689,-9999.0000,-9999.0000,0.0611,0.0
1121094.000,0.1734,1.7717,1.3433,0.2112,0.0650,-9999.0000,0.0944,0.1969,-9999.0000,-9999.0000,0.0
1121326.000,0.1525,1.5876,1.2855,0.1816,0.0757,0.0616,0.1029,-9999.0000,-9999.0000,-9999.0000,0.0
1121557.000,0.1737,2.0759,1.2687,0.0884,0.0652,-9999.0000,-9999.0000,-9999.0000,0.0745,-9999.0000,0.0
1121788.000,0.1348,1.9989,1.5370,-9999.0000,0.0883,-9999.0000,0.1267,-9999.0000,-9999.0000,0.1557,0.0
1122019.000,0.1652,1.8844,1.4605,0.1095,0.0639,-9999.0000,0.0922,-9999.0000,-9999.0000,-9999.0000,0.0
1122250.000,0.1583,1.8743,1.3531,0.2788,0.1364,-9999.0000,0.0913,-9999.0000,0.0852,-9999.0000,0.0
1122482.000,0.1576,1.5114,1.4047,-9999.0000,0.0631,0.0376,-9999.0000,0.1383,-9999.0000,-9999.0000,0.0
1122713.000,0.1539,1.8314,1.2277,0.1114,0.0768,0.0387,0.0704,-9999.0000,-9999.0000,0.0618,0.0
1122944.000,0.2000,1.6906,1.3640,0.1658,0.0786,-9999.0000,0.1083,0.1245,0.1070,-9999.0000,0.0
1123175.000,0.1723,1.9095,1.6863,0.1116,0.0892,0.0507,0.0590,0.1187,0.1029,0.0619,0.0
1123406.000,0.1274,1.7044,1.3999,-9999.0000,0.1361,-9999.0000,-9999.0000,-9999.0000,-9999.0000,0.1072,0.0
1123638.000,0.2357,2.0965,1.6898,0.1797,-9999.0000,-9999.0000,-9999.0000,-9999.0000,-9999.0000,0.1535,0.0
1123869.000,0.1441,1.6856,1.4871,0.1413,-9999.0000,-9999.0000,-9999.0000,0.1248,-9999.0000,-9999.0000,0.0
1124100.000,0.2304,1.7341,1.5344,0.1405,0.0661,0.0399,0.0846,-9999.0000,-9999.0000,-9999.0000,0.0
1124331.000,0.2025,2.0456,1.9380,0.3079,0.1504,-9999.0000,-9999.0000,-9999.0000,-9999.0000,-9999.0000,0.0
1124562.000,0.1898,1.9787,1.7937,0.1599,0.1988,-9999.0000,-9999.0000,0.1174,-9999.0000,-9999.0000,0.0
1124794.000,0.1669,1.8937,1.5730,0.1628,0.1269,-9999.0000,-9999.0000,-9999.0000,-9999.0000,-9999.0000,0.0
1125025.000,0.1809,1.8170,1.6936,-9999.0000,0.0871,-9999.0000,-9999.0000,0.1747,-9999.0000,-9999.0000,0.0
1125256.000,0.2283,2.1473,1.9441,0.5405,0.0867,0.0490,0.0781,-9999.0000,0.1267,-9999.0000,0.0
1125487.000,0.1880,2.1416,1.8231,0.2060,0.1729,0.0380,0.1141,0.1395,-9999.0000,0.0602,0.0
1125718.000,0.2354,2.1375,1.8399,0.1802,0.1720,0.0967,-9999.0000,-9999.0000,0.1577,0.0597,0.0
1125950.000,0.1516,2.2100,1.9171,0.3520,0.0757,0.1210,-9999.0000,-9999.0000,-9999.0000,0.0602,0.0
1126181.000,0.1096,2.1376,1.8172,0.4760,0.1371,0.0384,-9999.0000,-9999.0000,-9999.0000,-9999.0000,0.0
1126412.000,0.2287,1.9290,1.4783,0.2036,0.0991,0.0375,-9999.0000,0.1617,-9999.0000,0.1527,0.0
1126643.000,0.1283,1.8953,1.9429,-9999.0000,0.0766,0.0982,0.1960,-9999.0000,-9999.0000,-9999.0000,0.0
1126874.000,0.1716,1.9810,1.4163,0.2593,0.1505,-9999.0000,-9999.0000,-9999.0000,-9999.0000,-9999.0000,0.0
1127106.000,0.2232,1.6713,1.6643,0.1403,0.1773,-9999.0000,0.0610,0.1743,-9999.0000,-9999.0000,0.0
1127337.000,0.2043,1.8916,1.8796,0.1152,0.0659,0.0398,-9999.0000,-9999.0000,-9999.0000,-9999.0000,0.0
1127568.000,0.1965,2.1558,1.6104,0.2359,0.0896,-9999.0000,0.0825,-9999.0000,-9999.0000,-9999.0000,0.0
1127799.000,0.1412,1.8412,1.8573,0.2356,0.0527,0.0511,-9999.0000,-9999.0000,0.1324,-9999.0000,0.0
1128030.000,0.2206,2.1298,1.9320,-9999.0000,0.2242,0.0870,-9999.0000,-9999.0000,0.0869,-9999.0000,0.0
1128262.000,0.1765,1.7411,1.7362,0.2817,0.1008,0.0624,-9999.0000,0.1164,0.0852,-9999.0000,0.0
1128493.000,0.1710,1.9326,1.7869,0.2833,0.1258,0.0628,0.0817,-9999.0000,-9999.0000,-9999.0000,0.0
1128724.000,0.1674,1.4892,1.5484,0.1407,0.1156,0.1366,0.0727,-9999.0000,-9999.0000,-9999.0000,0.0
1128955.000,1.3571,16.1491,12.6002,2.3324,1.0513,0.8593,0.9744,1.8718,1.4661,0.9093,0.0
1129186.000,0.2505,1.9280,1.6105,0.2838,0.1015,0.0510,-9999.0000,-9999.0000,-9999.0000,-9999.0000,0.0
1129418.000,0.2545,1.7123,1.7069,0.1418,-9999.0000,0.0282,0.0966,-9999.0000,-9999.0000,0.1588,0.0
1129649.000,0.1509,1.8497,1.7437,0.2306,0.1728,-9999.0000,0.0684,0.1141,-9999.0000,0.0597,0.0
1129880.000,0.1791,1.6314,1.9852,0.2142,0.1153,-9999.0000,0.0491,-9999.0000,-9999.0000,0.0622,0.0
1130111.000,0.2214,1.6777,1.7870,0.2130,0.1639,-9999.0000,0.0832,0.1464,0.1028,-9999.0000,0.0
1130342.000,0.1842,1.4138,1.7430,-9999.0000,0.1102,0.0488,0.1670,0.0962,-9999.0000,-9999.0000,0.0
1130574.000,0.1804,1.6478,1.5937,0.1328,0.1118,0.1088,0.0565,0.1380,-9999.0000,-9999.0000,0.0
1130805.000,0.1948,1.9554,1.8468,0.0875,0.0769,0.0747,0.0700,-9999.0000,0.1153,-9999.0000,0.0
1131036.000,0.1217,1.4841,1.5870,-9999.0000,0.1013,-9999.0000,0.0815,-9999.0000,0.1152,0.0606,0.0
1131267.000,0.1740,1.6404,1.4831,0.2667,0.0915,-9999.0000,0.1319,-9999.0000,-9999.0000,-9999.0000,0.0
1131498.000,0.1839,1.4004,1.4393,0.1142,0.1268,0.0516,-9999.0000,-9999.0000,-9999.0000,-9999.0000,0.0
1131730.000,0.1725,1.2713,1.4394,0.1402,-9999.0000,0.0400,-9999.0000,-9999.0000,-9999.0000,0.0619,0.0
1131961.000,0.1674,1.1287,1.7114,0.0925,-9999.0000,0.0284,0.0849,-9999.0000,-9999.0000,-9999.0000,0.0
1132192.000,0.1960,1.3775,1.4001,0.3354,0.0900,-9999.0000,-9999.0000,-9999.0000,-9999.0000,-9999.0000,0.0
1132423.000,0.0979,1.2848,1.4689,0.2123,0.1144,-9999.0000,0.0827,0.1198,0.0864,-9999.0000,0.0
1132654.000,0.1164,1.4718,1.6815,0.2375,0.1515,0.0996,0.1753,-9999.0000,-9999.0000,-9999.0000,0.0
1132886.000,0.1351,1.1697,1.4614,-9999.0000,0.0535,-9999.0000,-9999.0000,-9999.0000,-9999.0000,-9999.0000,0.0
1133117.000,0.1156,1.0427,1.4756,-9999.0000,-9999.0000,0.0512,0.0590,0.1184,0.1154,-9999.0000,0.0
1133348.000,0.1054,1.4552,1.5443,-9999.0000,0.1410,0.1372,0.1200,0.1501,-9999.0000,0.0625,0.0
1133579.000,0.2593,1.1046,1.4125,0.0923,0.0788,0.0525,0.1659,0.1748,-9999.0000,-9999.0000,0.0
1133810.000,0.2218,0.9934,1.5242,0.2152,-9999.0000,0.1606,0.6752,1.1066,0.4526,-9999.0000,0.0
1134042.000,0.1481,1.1967,1.5525,0.2902,0.1282,0.2814,1.0943,1.8766,0.7274,-9999.0000,0.0
1134273.000,0.1173,1.0971,1.5139,0.2654,0.0541,0.1248,0.2586,0.4561,0.3470,-9999.0000,0.0
1134504.000,0.2057,1.1378,1.1094,0.2197,0.0551,0.0291,-9999.0000,0.1273,0.2443,0.0633,0.0
1134735.000,0.1078,0.9818,1.4272,-9999.0000,-9999.0000,-9999.0000,-9999.0000,0.1143,0.1121,-9999.0000,0.0
1134966.000,0.0913,1.3554,1.6506,-9999.0000,0.0532,-9999.0000,0.0596,-9999.0000,0.1611,-9999.0000,0.0
1135198.000,0.0988,0.9925,1.4831,-9999.0000,0.0913,-9999.0000,0.0499,0.1111,0.0885,-9999.0000,0.0
1135429.000,0.1351,1.2853,1.8152,0.2150,0.0539,-9999.0000,-9999.0000,-9999.0000,-9999.0000,-9999.0000,0.0
1135660.000,0.1511,1.5016,1.6257,0.1611,-9999.0000,0.0510,0.0812,-9999.0000,-9999.0000,-9999.0000,0.0
1135891.000,0.1864,1.4980,1.6793,0.1593,0.1005,0.0387,-9999.0000,-9999.0000,-9999.0000,0.0592,0.0
1136122.000,0.1151,1.5099,1.7582,0.2113,0.0896,0.0394,-9999.0000,0.1183,-9999.0000,-9999.0000,0.0
1136354.000,0.1581,1.2023,1.5270,-9999.0000,0.0654,-9999.0000,-9999.0000,0.0937,-9999.0000,-9999.0000,0.0
1136585.000,0.1338,1.4024,1.5094,0.2859,0.1756,-9999.0000,-9999.0000,-9999.0000,0.1606,-9999.0000,0.0
1136816.000,0.0972,1.3351,1.6052,-9999.0000,0.1267,0.0517,0.0711,-9999.0000,-9999.0000,-9999.0000,0.0
1137047.000,0.1408,1.2769,1.4226,0.2639,0.1399,0.1242,0.1877,-9999.0000,-9999.0000,-9999.0000,0.0
1137279.000,0.1588,1.1434,1.6294,-9999.0000,0.0905,0.0760,0.1179,-9999.0000,-9999.0000,0.1085,0.0
1137510.000,0.1045,1.3015,1.6275,0.1671,0.1653,-9999.0000,-9999.0000,0.1107,0.1333,-9999.0000,0.0
1137741.000,0.1282,0.9309,1.3054,0.1404,0.0783,-9999.0000,-9999.0000,-9999.0000,-9999.0000,-9999.0000,0.0
1137972.000,0.1211,1.3390,1.3280,-9999.0000,0.1020,-9999.0000,-9999.0000,0.0933,0.1144,-9999.0000,0.0
1138203.000,0.1261,0.9935,1.5322,0.1850,0.1010,-9999.0000,-9999.0000,-9999.0000,-9999.0000,-9999.0000,0.0
1138435.000,0.1255,0.8826,1.3885,-9999.0000,0.0885,-9999.0000,-9999.0000,-9999.0000,-9999.0000,-9999.0000,0.0
1138666.000,0.0861,1.5001,1.5219,-9999.0000,0.0793,-9999.0000,0.1200,-9999.0000,-9999.0000,0.0619,0.0
1138897.000,0.1220,1.4458,1.9104,0.2884,-9999.0000,-9999.0000,0.0605,0.1723,-9999.0000,-9999.0000,0.0
1139128.000,0.1779,1.2779,1.4900,0.1175,-9999.0000,0.0526,0.0959,0.1357,0.0870,-9999.0000,0.0
1139359.000,0.2091,1.3881,1.6509,0.1101,-9999.0000,0.0385,-9999.0000,-9999.0000,-9999.0000,-9999.0000,0.0
1139591.000,0.1422,1.1773,1.4952,-9999.0000,0.0922,-9999.0000,-9999.0000,-9999.0000,-9999.0000,-9999.0000,0.0
1139822.000,0.1341,1.4779,1.5282,-9999.0000,-9999.0000,-9999.0000,-9999.0000,-9999.0000,-9999.0000,0.0609,0.0
1140053.000,0.0984,1.1342,1.5097,-9999.0000,0.0918,-9999.0000,0.0505,-9999.0000,-9999.0000,-9999.0000,0.0
1140284.000,0.0750,1.6225,1.4701,-9999.0000,0.0559,0.0420,-9999.0000,-9999.0000,0.0911,-9999.0000,0.0
1140515.000,0.0849,1.3313,1.5960,-9999.0000,0.0784,0.0522,0.0719,-9999.0000,0.1307,-9999.0000,0.0
1140747.000,0.1639,1.0068,1.5790,-9999.0000,0.1026,-9999.0000,0.0484,0.1327,-9999.0000,0.1077,0.0
1140978.000,0.0908,1.0863,1.4737,-9999.0000,0.0783,-9999.0000,0.1178,0.0953,0.1303,-9999.0000,0.0
1141209.000,0.1332,0.9907,1.3745,-9999.0000,0.0902,-9999.0000,-9999.0000,-9999.0000,-9999.0000,0.0602,0.0
1141440.000,0.0853,1.4027,1.6093,0.1178,0.0544,-9999.0000,-9999.0000,-9999.0000,-9999.0000,-9999.0000,0.0
1141671.000,0.0719,1.6402,1.8131,0.2856,0.0656,-9999.0000,-9999.0000,-9999.0000,0.0836,-9999.0000,0.0
1141903.000,0.1551,1.7064,2.0559,-9999.0000,0.1369,0.1214,0.4546,0.6399,0.1997,-9999.0000,0.0
1142134.000,0.1493,1.8840,2.0782,0.1605,0.1251,0.1689,0.8532,0.9170,0.4535,0.0587,0.0
1142365.000,0.1705,1.6266,1.8960,0.3381,0.2135,0.2440,0.5908,1.3034,0.5536,0.0606,0.0
1142596.000,0.1677,1.4134,1.7484,0.1369,-9999.0000,0.1811,0.5473,0.8309,0.3946,0.1056,0.0
1142827.000,0.1513,1.4809,1.8877,0.2626,0.0537,0.1356,0.1632,0.3858,0.2647,-9999.0000,0.0
1143059.000,0.1015,1.3514,1.9102,0.3080,0.1622,0.1461,0.1611,0.2677,0.1418,-9999.0000,0.0
1143290.000,0.1549,1.3246,1.6792,-9999.0000,0.1731,0.2393,0.2842,0.4646,0.1250,-9999.0000,0.0
1143521.000,0.2057,1.6901,1.7567,0.1642,0.2120,0.3256,0.2658,0.2076,0.1285,0.2484,0.0
1143752.000,0.2012,1.5549,1.9359,0.2651,0.2384,0.2084,0.3493,0.1985,-9999.0000,-9999.0000,0.0
1143983.000,0.1676,1.6433,1.9878,0.3072,0.1376,0.2522,0.2176,0.2416,-9999.0000,-9999.0000,0.0
1144215.000,0.1011,1.4252,1.9377,0.1618,0.1498,0.2641,0.1379,0.1162,0.1559,-9999.0000,0.0
1144446.000,0.1888,1.1811,1.8842,-9999.0000,0.1157,0.1245,0.1186,0.1984,-9999.0000,0.1080,0.0
1144677.000,0.1264,1.7224,1.9398,-9999.0000,0.1634,0.1591,0.2544,0.5108,0.2184,-9999.0000,0.0
1144908.000,0.1407,1.3849,1.9021,-9999.0000,0.1043,0.0653,0.2127,0.1884,0.1171,-9999.0000,0.0
1145139.000,0.1592,1.4607,1.8942,0.1337,0.0877,0.2255,0.1911,0.2727,0.1222,-9999.0000,0.0
1145371.000,0.2231,1.7933,1.7832,0.2124,0.2480,0.0756,0.1049,0.0931,0.2023,0.0593,0.0
1145602.000,0.1577,1.8418,1.8863,0.1419,0.2011,0.1482,0.0836,0.2101,-9999.0000,-9999.0000,0.0
1145833.000,0.1648,1.5471,1.8448,0.1928,0.0916,0.1011,0.2580,0.1360,0.1312,-9999.0000,0.0
1146064.000,0.1222,1.8296,1.7801,0.1446,0.1167,0.0895,0.1084,-9999.0000,0.1320,0.1566,0.0
1146295.000,0.1250,1.3849,2.1351,0.1133,0.1859,0.1457,0.0808,0.2659,0.1402,-9999.0000,0.0
1146527.000,0.1439,1.6049,1.9177,0.2606,0.2718,0.2294,0.3669,0.3813,0.1266,-9999.0000,0.0
1146758.000,0.1253,1.5835,1.8308,0.2595,0.1379,0.2761,0.5706,0.6306,0.3346,-9999.0000,0.0
1146989.000,0.2018,1.5623,1.8877,0.2074,0.2324,0.2616,0.5985,0.8714,0.4335,0.0574,0.0
1147220.000,0.0825,1.6856,2.0413,0.1852,0.3181,0.2277,0.3411,0.3517,0.2283,-9999.0000,0.0
1147451.000,0.1258,1.5743,2.0321,0.3340,0.1506,0.2059,0.2189,0.1801,0.0967,-9999.0000,0.0
1147683.000,0.1623,1.5060,2.0006,0.3827,0.2599,0.1704,0.1618,0.2053,-9999.0000,-9999.0000,0.0
1147914.000,0.1255,1.1235,1.9899,0.2845,0.1866,0.0517,0.1726,-9999.0000,0.1408,-9999.0000,0.0
1148145.000,0.1664,1.3789,2.0240,0.1364,0.2211,0.1685,0.2836,0.1630,-9999.0000,-9999.0000,0.0
1148376.000,0.1138,1.1570,1.7551,0.1640,0.1872,0.2534,0.1619,0.1674,0.1265,-9999.0000,0.0
1148607.000,0.1517,1.3320,1.9353,0.1914,0.2868,0.0886,0.1872,-9999.0000,-9999.0000,-9999.0000,0.0
1148839.000,0.0487,1.3756,1.9624,0.2201,0.3023,0.0779,0.3527,0.2141,0.1018,-9999.0000,0.0
1149070.000,0.1019,1.2873,1.5811,0.1160,0.2726,0.2064,0.2309,0.1931,-9999.0000,-9999.0000,0.0
1149301.000,0.1862,1.1817,1.9899,0.2606,0.1746,0.1228,0.3095,-9999.0000,-9999.0000,-9999.0000,0.0
1149532.000,0.1460,1.1053,1.8754,0.1433,0.0914,0.1248,0.3490,0.2606,0.0842,0.0601,0.0
1149763.000,0.1273,1.3143,1.8902,0.0936,0.1645,0.1602,0.3021,0.2721,0.1589,-9999.0000,0.0
1149995.000,0.1388,1.3433,1.7490,0.1657,0.1637,0.2427,0.1287,0.1308,-9999.0000,0.0592,0.0
1150226.000,0.0839,1.1440,1.9620,0.1167,0.2122,0.2187,0.1513,0.2187,0.1571,-9999.0000,0.0
1150457.000,0.1449,1.4335,1.8121,0.0926,0.1272,0.1595,0.2775,0.2065,-9999.0000,-9999.0000,0.0
1150688.000,0.1819,1.2478,1.7658,0.2400,0.1276,0.2076,0.2096,0.1569,-9999.0000,-9999.0000,0.0
1150919.000,0.1739,1.3720,1.8295,0.2846,0.1865,0.1345,0.2065,0.4035,0.1697,-9999.0000,0.0
1151151.000,0.1507,1.2385,1.7953,0.0922,0.2120,0.1354,0.2996,0.1927,-9999.0000,0.1059,0.0
1151382.000,0.1223,1.0644,1.8137,0.2191,0.1537,0.1616,0.2586,0.1606,0.1912,-9999.0000,0.0
1151613.000,0.1032,1.1011,1.6075,0.1927,0.1528,0.2085,0.2799,0.3360,0.1743,-9999.0000,0.0
1151844.000,0.1308,1.4050,1.7634,0.3307,0.1614,0.1925,0.2503,0.2875,0.0936,-9999.0000,0.0
1152075.000,0.1264,1.2370,1.8016,0.3359,0.1756,0.1473,0.2425,0.2681,0.2313,-9999.0000,0.0
1152307.000,0.0786,1.2568,1.7568,0.0943,0.1892,0.1366,0.2103,0.2842,-9999.0000,-9999.0000,0.0
1152538.000,0.1219,1.0640,1.8769,0.1198,0.0795,0.1371,0.3035,0.4002,-9999.0000,-9999.0000,0.0
1152769.000,0.0660,1.1794,1.5909,-9999.0000,0.1883,0.1478,0.1861,0.2186,0.1120,-9999.0000,0.0
1153000.000,0.1025,1.1107,1.7297,0.1177,0.2492,0.2191,0.2204,0.1807,0.1419,-9999.0000,0.0
1153231.000,0.0950,1.1429,1.6097,0.3318,0.1377,0.1576,0.1262,-9999.0000,-9999.0000,-9999.0000,0.0
1153463.000,0.1618,1.0350,1.6084,0.1880,0.2712,0.2526,0.1156,0.2144,-9999.0000,-9999.0000,0.0
1153694.000,0.1612,1.3512,1.4148,0.1867,0.0653,0.1575,0.1827,0.2501,0.0936,-9999.0000,0.0
1153925.000,0.1663,1.2220,1.7578,0.1473,0.2287,0.1868,0.2604,0.1236,-9999.0000,-9999.0000,0.0
1154156.000,0.1952,0.9675,1.4487,0.3161,0.1897,0.1968,0.2110,0.1960,0.1136,0.0597,0.0
1154387.000,0.0904,1.0391,1.7728,0.1666,0.1518,0.2191,0.1860,0.1927,0.0966,-9999.0000,0.0
1154619.000,0.1041,1.2423,1.4621,0.1706,0.1538,0.1258,0.2240,0.1980,0.1754,-9999.0000,0.0
1154850.000,0.1265,1.1169,1.5474,0.1172,0.2849,0.1236,0.1739,0.1536,-9999.0000,0.0585,0.0
1155081.000,0.1053,1.0417,1.4688,0.2480,0.1430,0.0426,0.1104,0.2660,0.1325,-9999.0000,0.0
1155312.000,0.1192,0.9581,1.6584,0.2837,0.2582,0.0871,0.1828,0.0999,0.1379,-9999.0000,0.0
1155543.000,0.0734,1.1630,1.5120,0.1706,0.2152,0.0898,-9999.0000,-9999.0000,0.1902,-9999.0000,0.0
1155775.000,0.1234,1.0664,1.5091,-9999.0000,0.2908,0.2594,0.2143,-9999.0000,0.1163,-9999.0000,0.0
1156006.000,0.1033,0.9908,1.5145,0.2419,0.1893,0.2202,0.2218,0.3210,0.1276,-9999.0000,0.0
1156237.000,0.1804,0.9875,1.5099,0.1407,0.2597,0.1586,0.1502,0.1392,-9999.0000,-9999.0000,0.0
1156468.000,0.0850,1.0506,1.6345,0.2175,0.2137,0.2560,0.1874,0.2322,0.1576,-9999.0000,0.0
1156699.000,0.0659,1.3683,1.4633,0.3845,0.1997,0.1591,0.1850,0.2909,0.1549,-9999.0000,0.0
1156931.000,0.1267,0.9255,1.5041,-9999.0000,0.2609,0.2425,0.1285,0.1409,-9999.0000,0.1054,0.0
1157162.000,0.1394,1.1876,1.7802,0.1188,0.2130,0.1600,0.1406,0.1168,-9999.0000,-9999.0000,0.0
1157393.000,0.1034,1.0501,1.9016,0.1445,0.3239,0.1846,0.1302,0.1183,0.0974,-9999.0000,0.0
1157624.000,0.1194,1.2472,1.6458,0.2119,0.1379,0.1696,0.1943,0.1369,-9999.0000,-9999.0000,0.0
1157855.000,0.1597,0.9701,1.6095,0.1470,0.2894,0.1622,0.2013,-9999.0000,0.1903,-9999.0000,0.0
1158087.000,0.0738,1.1007,1.7123,0.1718,0.1912,0.0662,0.1436,0.2487,0.1298,-9999.0000,0.0
1158318.000,0.1502,1.2466,1.6655,0.2379,0.1266,0.0524,0.1729,0.2889,0.1239,-9999.0000,0.0
1158549.000,0.0781,1.2967,1.7016,0.1905,0.1392,0.2302,0.1509,0.1522,0.2441,-9999.0000,0.0
1158780.000,0.1344,1.4028,1.9759,0.3664,0.1656,0.0657,0.2229,-9999.0000,0.1281,-9999.0000,0.0
1159011.000,0.1088,1.4009,1.9848,0.1918,0.2006,0.2073,0.1860,0.2291,0.1256,-9999.0000,0.0
1159243.000,0.1031,1.3222,1.8951,0.1440,0.1890,0.1246,0.1639,0.1671,0.1413,-9999.0000,0.0
1159474.000,0.1022,1.2328,1.9760,0.1418,0.2117,0.0645,0.2190,-9999.0000,0.1391,-9999.0000,0.0
1159705.000,0.1279,1.5475,1.9067,0.2184,0.2506,0.1847,0.2221,0.1176,-9999.0000,-9999.0000,0.0
1159936.000,0.1343,1.2308,1.7640,-9999.0000,0.1166,0.0657,0.2571,0.1816,0.1577,0.0592,0.0
1160167.000,0.1219,1.1675,1.9521,0.2187,0.1531,0.1133,0.3141,0.1557,0.1422,-9999.0000,0.0
1160399.000,0.1520,1.0554,1.6556,0.2420,0.3110,0.1843,0.1297,0.2049,0.0962,-9999.0000,0.0
1160630.000,0.1430,1.1230,1.6268,0.0910,0.1135,0.0988,0.2724,0.2343,0.2247,-9999.0000,0.0
1160861.000,0.1201,1.0295,1.6381,0.2623,0.2112,0.0643,0.2976,0.2501,0.0785,-9999.0000,0.0
1161092.000,0.1222,1.1601,1.7954,-9999.0000,0.1411,0.1374,0.1307,0.0926,0.1574,-9999.0000,0.0
1161323.000,0.1646,1.1338,1.9379,0.1698,0.1164,0.1252,0.2336,-9999.0000,-9999.0000,-9999.0000,0.0
1161555.000,0.1166,1.0054,1.7573,-9999.0000,0.2031,0.1620,0.3506,0.2082,0.1132,-9999.0000,0.0
1161786.000,0.1827,1.2067,1.7645,-9999.0000,0.1772,0.1965,0.0956,0.2051,0.1113,-9999.0000,0.0
1162017.000,0.1454,1.1605,1.7190,0.1681,0.2493,0.2548,0.3232,0.2030,-9999.0000,0.1052,0.0
1162248.000,0.1868,1.2327,1.8283,0.2389,0.1390,0.2888,0.1618,0.2254,0.1084,-9999.0000,0.0
1162479.000,0.2422,1.3178,1.8819,-9999.0000,0.2926,0.1159,0.2976,0.2523,0.2692,-9999.0000,0.0
1162711.000,0.1486,1.2395,1.8093,0.2982,0.0814,0.1394,0.1915,0.1860,0.1913,-9999.0000,0.0
1162942.000,0.0422,1.4188,2.0479,0.0947,0.1396,0.1359,0.1513,0.2268,0.0793,-9999.0000,0.0
1163173.000,0.1437,0.9738,1.7934,-9999.0000,0.1382,0.1346,0.1944,0.1852,0.2402,-9999.0000,0.0
1163404.000,0.1346,1.1494,1.8656,0.2935,0.1047,0.1138,0.1539,0.0923,0.2024,-9999.0000,0.0
1163635.000,0.1515,1.1187,1.7113,-9999.0000,0.0914,0.1600,0.1632,0.2149,0.1545,-9999.0000,0.0
1163867.000,0.1519,1.1907,1.6523,0.3397,0.2012,0.1367,0.1524,0.2160,-9999.0000,0.0582,0.0
1164098.000,0.1995,1.1283,1.8825,0.2888,0.1638,0.1122,0.1056,0.1884,-9999.0000,-9999.0000,0.0
1164329.000,0.1091,1.1712,1.8630,0.2416,0.0915,0.0771,0.0606,0.1394,0.1694,0.1049,0.0
1164560.000,0.1204,1.0164,2.0142,-9999.0000,0.1874,0.1707,0.2185,0.1744,0.1078,-9999.0000,0.0
1164791.000,0.1168,1.0002,2.0877,0.2462,0.1543,0.1024,0.0742,-9999.0000,0.0825,0.1067,0.0
1165023.000,0.1275,1.2927,1.8393,0.1447,0.1524,0.2670,0.3464,0.2026,0.0948,-9999.0000,0.0
1165254.000,0.1225,0.9780,1.5095,0.1469,0.2025,0.1735,0.1999,0.2564,0.2170,0.0588,0.0
1165485.000,0.1194,1.1001,1.6076,0.3327,0.1979,0.0874,0.3179,0.1835,0.1057,-9999.0000,0.0
1165716.000,0.1930,0.8578,1.5205,-9999.0000,0.0547,0.1946,0.2415,0.3373,0.1823,-9999.0000,0.0
1165948.000,0.1646,1.0163,1.7312,0.1459,0.1043,0.1253,0.1760,0.2922,0.0955,0.1054,0.0
1166179.000,0.0976,1.0301,1.8122,-9999.0000,0.2747,0.0895,0.1872,0.1404,0.1103,-9999.0000,0.0
1166410.000,0.1227,1.0921,1.8092,0.2700,0.1417,0.1618,0.2808,0.2186,0.1268,0.0588,0.0
1166641.000,0.1282,0.9024,1.6375,0.1463,0.1776,0.1968,0.1533,0.1029,-9999.0000,-9999.0000,0.0
1166872.000,0.1519,1.0624,1.8579,0.1208,0.1647,0.1486,0.2322,0.1770,0.1843,-9999.0000,0.0
1167104.000,0.1508,1.4041,1.8078,0.2641,0.1514,0.1592,0.1393,0.2616,0.1968,0.0570,0.0
1167335.000,0.1681,0.9006,1.7316,0.2625,0.3553,0.1115,0.3080,0.2220,0.1212,-9999.0000,0.0
1167566.000,0.2087,0.9338,1.9303,0.1158,0.2691,0.2273,0.2828,0.1938,0.0749,-9999.0000,0.0
1167797.000,0.1551,1.1434,1.7268,0.2120,0.2933,0.2041,0.3844,0.2065,0.2078,-9999.0000,0.0
1168028.000,0.1563,1.2308,1.7580,0.3353,0.2713,0.2645,0.3083,0.1848,0.2252,0.0566,0.0
1168260.000,0.1544,1.5520,1.9676,0.1390,0.3757,0.2615,0.2144,0.2293,0.1916,-9999.0000,0.0
1168491.000,0.0961,3.6965,1.8196,0.2629,0.3796,0.2879,0.3308,0.3592,0.3139,0.1962,0.0
1168722.000,0.2256,2.0585,1.7939,0.1710,0.2750,0.2562,0.1876,0.1527,0.1700,-9999.0000,0.0
1168953.000,0.1021,1.4442,1.7556,0.1904,0.3311,0.2525,0.2400,0.1591,0.0763,-9999.0000,0.0
1169184.000,0.1086,1.6776,1.7501,0.1676,0.1876,0.2299,0.1620,0.3734,0.1368,-9999.0000,0.0
1169416.000,0.1132,1.4452,1.6387,0.1882,0.1616,0.1574,0.0918,0.2306,0.2073,-9999.0000,0.0
1169647.000,0.1033,1.6579,1.8910,0.1694,0.1766,0.1247,0.3570,0.2507,0.1830,-9999.0000,0.0
1169878.000,0.1454,1.5329,1.8436,0.4356,0.2731,0.1717,0.1970,0.2121,0.0929,-9999.0000,0.0
1170109.000,0.1317,1.7946,1.9180,0.2376,0.2462,0.0995,0.2278,0.2072,-9999.0000,-9999.0000,0.0
1170340.000,0.1323,1.6754,1.5816,-9999.0000,0.2352,0.2644,0.2516,0.1964,-9999.0000,-9999.0000,0.0
1170572.000,0.0899,1.6320,1.8205,0.2623,0.2346,0.1348,0.1944,0.2575,0.1496,-9999.0000,0.0
1170803.000,0.1390,1.6620,1.7767,0.3862,0.2242,0.1949,0.2304,0.1358,-9999.0000,-9999.0000,0.0
1171034.000,0.0968,1.9014,1.9388,0.2409,0.3207,0.2066,0.2757,0.2857,-9999.0000,0.1502,0.0
1171265.000,0.1160,1.8830,1.8409,-9999.0000,0.0923,0.2915,0.2444,0.1640,0.1691,-9999.0000,0.0
1171496.000,0.0606,1.9141,1.6559,0.2649,0.1033,0.2419,0.2528,0.3353,0.1959,-9999.0000,0.0
1171728.000,0.0846,1.8365,1.8483,-9999.0000,0.1274,0.2417,0.1732,0.1973,0.1064,0.1498,0.0
1171959.000,0.1195,2.0167,1.8261,0.1652,0.1141,0.1110,0.3509,0.3297,0.1187,0.1944,0.0
1172190.000,0.1146,1.8027,1.7710,0.1918,0.2356,0.2296,0.2409,0.3464,0.2395,-9999.0000,0.0
1172421.000,0.1376,1.8158,1.6095,0.2854,0.2459,0.1695,0.1936,0.3671,0.1630,0.0555,0.0
1172699.000,0.0716,2.0041,2.0153,0.1649,0.3051,0.2859,0.3840,0.2419,0.2212,-9999.0000,0.0
1172930.000,0.1254,2.2877,1.9045,0.3567,0.2814,0.2626,0.3505,0.2669,0.1330,-9999.0000,0.0
1173161.000,0.0851,1.8792,2.0295,0.3147,0.2972,0.2072,0.3219,0.5617,0.1815,-9999.0000,0.0
1173393.000,0.1677,1.8386,2.2945,0.1180,0.2821,0.1581,0.3403,0.5785,0.1927,-9999.0000,0.0
1173624.000,0.1023,2.3020,2.2452,0.4077,0.2950,0.2994,0.3642,0.5808,0.5341,0.1953,0.0
1173855.000,0.1566,2.0442,2.1242,0.2400,0.3196,0.1942,0.3876,0.5198,0.3722,-9999.0000,0.0
1174086.000,0.1272,2.2961,2.2024,-9999.0000,0.3814,0.3366,0.3669,0.4480,0.2703,0.0566,0.0
1174317.000,0.1089,2.3587,2.3865,0.3137,0.2482,0.2772,0.4115,0.3593,0.2992,-9999.0000,0.0
1174549.000,0.2613,2.4453,2.4648,0.2925,0.4318,0.2791,0.4261,0.2502,0.2125,-9999.0000,0.0
1174780.000,0.1316,2.3008,2.4573,0.1417,0.5089,0.2396,0.3845,0.1676,0.2212,-9999.0000,0.0
1175011.000,0.1143,2.2314,2.4001,0.2395,0.4511,0.1235,0.2738,0.2567,0.1490,-9999.0000,0.0
1175242.000,0.1731,2.1314,2.3602,0.2609,0.2453,0.1925,0.4062,0.2657,0.1028,-9999.0000,0.0
1175473.000,0.1791,2.2424,2.1556,-9999.0000,0.2453,0.3091,0.3725,0.1542,-9999.0000,0.1011,0.0
1175705.000,0.1563,2.0351,2.2313,0.3117,0.5471,0.2407,0.3189,0.3062,0.1488,0.1021,0.0
1175936.000,0.1675,2.3512,2.3581,0.1421,0.3176,0.1463,0.2497,0.2293,0.1916,-9999.0000,0.0
1176167.000,0.1441,2.7387,2.5441,0.1189,0.4383,0.2169,0.3520,0.3671,0.2072,-9999.0000,0.0
1176398.000,0.1271,2.6997,2.4543,0.2658,0.4652,0.1361,0.2189,0.1963,0.2542,0.0562,0.0
1176629.000,0.0892,2.7472,2.4917,0.1642,0.3038,0.1220,0.2141,0.1152,0.1307,-9999.0000,0.0
1176861.000,0.1077,2.4662,2.3374,0.0942,0.3532,0.2045,0.1933,0.1668,-9999.0000,-9999.0000,0.0
1177092.000,0.1759,2.7982,2.2983,0.2188,0.3941,0.1720,0.1517,0.2351,0.0916,0.0565,0.0
1177323.000,0.0832,2.3646,2.4394,-9999.0000,0.3272,0.1451,0.1803,0.1392,-9999.0000,-9999.0000,0.0
1177554.000,0.1683,2.6866,2.3717,0.2396,0.3188,0.1587,0.2397,-9999.0000,-9999.0000,0.0554,0.0
1177785.000,0.1589,2.6045,2.6581,0.0995,0.4086,0.1614,0.1647,-9999.0000,-9999.0000,0.0572,0.0
1178017.000,0.1584,2.4597,2.4374,0.1717,0.3833,0.1372,0.2892,0.2616,0.0774,-9999.0000,0.0
1178248.000,0.1456,2.5437,2.4830,-9999.0000,0.3695,0.1365,0.1968,0.0966,-9999.0000,0.0563,0.0
1178479.000,0.0716,2.3832,2.4008,0.2364,0.3518,0.1455,0.2257,0.2014,0.1160,-9999.0000,0.0
1178710.000,0.1608,2.8658,2.5127,0.3559,0.3995,0.1107,0.1922,0.1892,-9999.0000,-9999.0000,0.0
1178942.000,0.1265,2.9318,2.8825,0.2641,0.3430,0.1471,0.1948,0.1807,-9999.0000,0.0554,0.0
1179173.000,0.1661,3.0066,2.4657,0.4490,0.2556,0.1334,0.2580,0.1503,0.1440,0.0538,0.0
1179404.000,0.1043,2.4936,2.7568,0.1241,0.4327,0.0547,0.1646,0.0988,0.1225,-9999.0000,0.0
1179635.000,0.1516,2.4639,2.4997,-9999.0000,0.2728,0.1483,0.1400,0.2460,-9999.0000,0.0561,0.0
1179866.000,0.1218,2.7865,2.4865,0.5101,0.2131,0.1133,0.1065,0.1469,0.0763,0.1499,0.0
1180098.000,0.0981,2.4721,2.5383,0.0995,0.4077,0.1493,0.1642,0.1357,-9999.0000,-9999.0000,0.0
1180329.000,0.1439,2.6101,2.3996,0.0952,0.3297,0.1465,0.2049,-9999.0000,-9999.0000,-9999.0000,0.0
1180560.000,0.1560,2.3451,2.7623,0.1914,0.2583,0.1117,0.1828,-9999.0000,0.1764,0.1012,0.0
1180791.000,0.1399,2.6013,2.5530,0.2920,0.3095,0.0543,0.1404,-9999.0000,0.0760,-9999.0000,0.0
1181022.000,0.1576,2.4587,2.7035,0.1462,0.2727,0.0894,0.2078,0.0953,-9999.0000,-9999.0000,0.0
1181254.000,0.1034,2.7596,2.9918,0.2188,0.2487,0.0777,0.2986,0.1329,0.0754,-9999.0000,0.0
1181485.000,0.1207,2.8377,2.6519,0.1927,0.3191,0.0888,0.1949,0.1678,-9999.0000,-9999.0000,0.0
1181774.000,-9999.0000,-9999.0000,-9999.0000,-9999.0000,-9999.0000,-9999.0000,-9999.0000,-9999.0000,-9999.0000,-9999.0000,1.0
1182005.000,-9999.0000,-9999.0000,-9999.0000,-9999.0000,-9999.0000,-9999.0000,-9999.0000,-9999.0000,-9999.0000,-9999.0000,1.0
1182237.000,-9999.0000,-9999.0000,-9999.0000,-9999.0000,-9999.0000,-9999.0000,-9999.0000,-9999.0000,-9999.0000,-9999.0000,1.0
1182468.000,-9999.0000,-9999.0000,-9999.0000,-9999.0000,-9999.0000,-9999.0000,-9999.0000,-9999.0000,-9999.0000,-9999.0000,1.0
1182699.000,-9999.0000,-9999.0000,-9999.0000,-9999.0000,-9999.0000,-9999.0000,-9999.0000,-9999.0000,-9999.0000,-9999.0000,1.0
1182930.000,-9999.0000,-9999.0000,-9999.0000,-9999.0000,-9999.0000,-9999.0000,-9999.0000,-9999.0000,-9999.0000,-9999.0000,1.0
1183161.000,-9999.0000,-9999.0000,-9999.0000,-9999.0000,-9999.0000,-9999.0000,-9999.0000,-9999.0000,-9999.0000,-9999.0000,1.0
1183393.000,-9999.0000,-9999.0000,-9999.0000,-9999.0000,-9999.0000,-9999.0000,-9999.0000,-9999.0000,-9999.0000,-9999.0000,1.0
1183676.000,0.1661,2.3328,2.4268,0.1753,0.3374,0.0674,0.0630,-9999.0000,-9999.0000,0.1044,0.0
1183907.000,0.1062,2.1079,1.9983,0.1777,0.1927,0.1160,0.0758,-9999.0000,-9999.0000,-9999.0000,0.0
1184138.000,0.1252,2.1953,2.0130,0.3270,0.4272,0.0566,0.0882,-9999.0000,-9999.0000,-9999.0000,0.0
1184369.000,0.1323,1.8500,2.0575,-9999.0000,0.1331,-9999.0000,-9999.0000,-9999.0000,-9999.0000,-9999.0000,0.0
1184601.000,0.1060,1.9499,2.2551,0.3244,0.1557,0.0680,0.0525,-9999.0000,-9999.0000,-9999.0000,0.0
1184832.000,0.0670,1.9854,1.8474,0.2412,0.2352,-9999.0000,0.0710,0.1170,-9999.0000,-9999.0000,0.0
1185063.000,0.0748,1.9929,2.0321,0.1996,0.1788,0.0674,-9999.0000,0.0988,-9999.0000,-9999.0000,0.0
1185294.000,0.1433,1.9735,1.9259,-9999.0000,0.1196,0.0325,0.1340,-9999.0000,-9999.0000,0.1057,0.0
1185525.000,0.1242,2.1198,1.9539,0.1036,0.1433,0.0680,0.0868,-9999.0000,-9999.0000,-9999.0000,0.0
1185757.000,0.1416,2.0366,1.9117,0.2728,0.2518,0.0793,-9999.0000,-9999.0000,-9999.0000,-9999.0000,0.0
1185988.000,0.1188,2.1780,1.9126,0.2034,0.2177,0.0445,0.0648,0.1279,-9999.0000,-9999.0000,0.0
1186219.000,0.1419,1.8574,2.0722,-9999.0000,0.2157,-9999.0000,0.1319,-9999.0000,0.0778,0.1513,0.0
1186450.000,0.1298,2.0548,2.0727,0.2736,0.1305,0.0676,0.0632,-9999.0000,-9999.0000,-9999.0000,0.0
1186681.000,0.1675,1.8274,1.9463,0.1537,0.1805,0.0325,0.1335,0.1776,-9999.0000,-9999.0000,0.0
1186913.000,0.1045,1.9207,1.7994,0.2220,0.2140,0.0787,0.0619,-9999.0000,-9999.0000,-9999.0000,0.0
1187144.000,0.1303,2.0309,1.8886,0.1772,0.1432,-9999.0000,0.0638,-9999.0000,-9999.0000,-9999.0000,0.0
1187375.000,0.1733,1.9354,2.0373,-9999.0000,0.1191,0.0443,0.1675,0.1132,-9999.0000,-9999.0000,0.0
1187606.000,0.0989,1.9654,1.9122,0.1505,0.2269,0.0317,-9999.0000,-9999.0000,-9999.0000,-9999.0000,0.0
1187837.000,0.1126,2.1628,1.6106,0.1052,0.1685,0.0685,-9999.0000,0.2030,0.0795,-9999.0000,0.0
1188069.000,0.1483,1.8409,1.8334,0.1522,0.1429,-9999.0000,0.0635,-9999.0000,-9999.0000,0.0570,0.0
1188300.000,0.1063,1.8682,1.9634,0.3500,0.2661,0.0564,-9999.0000,0.2276,0.1242,-9999.0000,0.0
1188531.000,0.1782,2.1066,1.7468,0.1028,0.2641,0.0320,-9999.0000,0.1482,-9999.0000,-9999.0000,0.0
1188762.000,0.1535,2.0610,1.9682,0.2236,0.2755,0.0910,0.1994,-9999.0000,-9999.0000,-9999.0000,0.0
1188993.000,0.1577,1.9057,2.1283,0.0993,0.2365,0.0546,0.0720,-9999.0000,-9999.0000,-9999.0000,0.0
1189225.000,0.1227,1.8629,1.8611,0.1740,0.2262,0.1024,-9999.0000,-9999.0000,-9999.0000,-9999.0000,0.0
1189456.000,0.1432,1.9358,2.1354,0.3259,0.1562,-9999.0000,0.0530,0.1007,-9999.0000,0.0575,0.0
1189687.000,0.1355,1.7291,1.7684,0.1756,0.1302,-9999.0000,0.1198,-9999.0000,0.0764,-9999.0000,0.0
1189918.000,0.1430,1.6801,1.8977,0.1785,0.1071,0.0803,0.0643,0.1634,0.0785,-9999.0000,0.0
1190149.000,0.1110,1.8280,2.0150,0.1991,0.1782,-9999.0000,0.1193,-9999.0000,0.0905,-9999.0000,0.0
1190381.000,0.0815,1.4580,1.5807,-9999.0000,0.1918,0.0442,0.0637,-9999.0000,0.0924,0.0568,0.0
1190612.000,0.1376,1.7648,1.5174,0.1063,0.1322,0.0449,-9999.0000,-9999.0000,-9999.0000,-9999.0000,0.0
1190843.000,0.1020,1.8787,1.7628,0.1337,0.1955,-9999.0000,0.1016,0.1306,-9999.0000,0.0589,0.0
1191074.000,0.1255,2.1113,1.8315,0.1560,0.0956,0.0570,-9999.0000,-9999.0000,-9999.0000,-9999.0000,0.0
1191305.000,0.1140,1.5485,1.7067,-9999.0000,0.1826,-9999.0000,-9999.0000,-9999.0000,0.0810,-9999.0000,0.0
1191537.000,0.1262,1.8532,1.7946,0.1328,0.1825,-9999.0000,-9999.0000,-9999.0000,-9999.0000,-9999.0000,0.0
1191768.000,0.0697,1.7258,1.7421,0.2761,0.1680,-9999.0000,0.0985,-9999.0000,0.0777,-9999.0000,0.0
1191999.000,0.1267,1.8060,2.0308,0.3318,0.1708,-9999.0000,-9999.0000,-9999.0000,-9999.0000,-9999.0000,0.0
1192230.000,0.1258,2.1893,1.8018,0.2552,0.2188,0.0573,0.0888,-9999.0000,-9999.0000,-9999.0000,0.0
1192461.000,0.0762,1.8635,1.7299,-9999.0000,0.1932,0.0449,0.0994,-9999.0000,0.0787,0.0574,0.0
1192693.000,0.1309,2.0326,1.8082,0.3259,0.1317,-9999.0000,-9999.0000,0.1373,-9999.0000,-9999.0000,0.0
1192924.000,0.1002,1.8986,1.7735,-9999.0000,0.1192,-9999.0000,-9999.0000,-9999.0000,-9999.0000,0.0569,0.0
1193155.000,0.1129,1.9069,1.7924,0.2043,0.1687,-9999.0000,-9999.0000,-9999.0000,-9999.0000,-9999.0000,0.0
1193386.000,0.1246,2.0722,1.7353,0.1298,0.1802,0.0685,0.1330,-9999.0000,-9999.0000,-9999.0000,0.0
1193617.000,0.0829,2.0016,1.9344,0.2799,0.1942,-9999.0000,0.1119,0.1016,-9999.0000,0.1054,0.0
1193849.000,0.1687,2.0615,1.9783,-9999.0000,0.1204,0.0813,0.1003,-9999.0000,-9999.0000,-9999.0000,0.0
1194080.000,0.1277,2.3123,1.7916,0.3352,0.1969,-9999.0000,0.1380,-9999.0000,-9999.0000,-9999.0000,0.0
1194311.000,0.0893,2.0430,1.9949,0.1083,0.2069,0.1176,-9999.0000,0.1531,-9999.0000,0.0580,0.0
1194542.000,0.1125,2.1545,1.7862,-9999.0000,0.1682,-9999.0000,0.1790,0.1110,0.1074,-9999.0000,0.0
1194773.000,0.0809,2.0655,2.0244,0.1756,0.2267,0.0439,-9999.0000,-9999.0000,-9999.0000,0.0555,0.0
1195005.000,0.0906,1.8162,1.9337,0.1365,0.1474,0.0587,0.0681,-9999.0000,-9999.0000,0.0593,0.0
1195236.000,0.1417,2.1760,2.1229,-9999.0000,0.2393,-9999.0000,-9999.0000,-9999.0000,-9999.0000,-9999.0000,0.0
1195467.000,0.1244,1.9939,1.9074,0.3978,0.1434,0.0684,0.0754,-9999.0000,-9999.0000,0.1035,0.0
1195698.000,0.1507,1.7789,1.9428,0.1085,0.0962,0.0456,0.0660,0.1271,-9999.0000,0.1054,0.0
1195929.000,0.1111,1.8733,2.0164,0.2966,0.1299,0.0793,0.0738,-9999.0000,-9999.0000,0.0553,0.0
1196161.000,0.1509,2.1248,2.0654,0.2567,0.1579,0.0937,0.0662,-9999.0000,-9999.0000,-9999.0000,0.0
1196392.000,0.1089,1.7433,1.9778,0.1109,0.1221,0.0463,0.1025,-9999.0000,-9999.0000,0.1067,0.0
1196623.000,0.0897,2.2134,2.0244,0.2329,0.2568,0.0700,0.1476,0.1152,0.0953,-9999.0000,0.0
1196854.000,0.1662,2.2822,1.9806,0.1529,0.2155,0.0680,0.1316,-9999.0000,0.0752,-9999.0000,0.0
1197086.000,0.1308,2.0778,1.9033,-9999.0000,0.2290,0.1400,0.0872,-9999.0000,0.0766,0.0564,0.0
1197317.000,0.1026,1.8550,2.1361,0.2596,0.2704,0.0705,0.1372,0.1296,0.1116,0.0586,0.0
1197548.000,0.1856,2.0320,1.8847,0.2526,0.2169,0.0687,0.1216,-9999.0000,-9999.0000,-9999.0000,0.0
1197826.000,-9999.0000,-9999.0000,-9999.0000,-9999.0000,-9999.0000,-9999.0000,-9999.0000,-9999.0000,-9999.0000,-9999.0000,1.0
1198057.000,-9999.0000,-9999.0000,-9999.0000,-9999.0000,-9999.0000,-9999.0000,-9999.0000,-9999.0000,-9999.0000,-9999.0000,1.0
1198289.000,-9999.0000,-9999.0000,-9999.0000,-9999.0000,-9999.0000,-9999.0000,-9999.0000,-9999.0000,-9999.0000,-9999.0000,1.0
1198520.000,-9999.0000,-9999.0000,-9999.0000,-9999.0000,-9999.0000,-9999.0000,-9999.0000,-9999.0000,-9999.0000,-9999.0000,1.0
1198751.000,-9999.0000,-9999.0000,-9999.0000,-9999.0000,-9999.0000,-9999.0000,-9999.0000,-9999.0000,-9999.0000,-9999.0000,1.0
1198982.000,-9999.0000,-9999.0000,-9999.0000,-9999.0000,-9999.0000,-9999.0000,-9999.0000,-9999.0000,-9999.0000,-9999.0000,1.0
1199213.000,-9999.0000,-9999.0000,-9999.0000,-9999.0000,-9999.0000,-9999.0000,-9999.0000,-9999.0000,-9999.0000,-9999.0000,1.0
1199445.000,-9999.0000,-9999.0000,-9999.0000,-9999.0000,-9999.0000,-9999.0000,-9999.0000,-9999.0000,-9999.0000,-9999.0000,1.0
1199728.000,0.2120,2.3564,2.1361,0.2566,0.1945,0.0578,-9999.0000,0.1764,-9999.0000,0.1523,0.0
1199959.000,0.0894,1.8443,1.8882,0.1092,0.1455,-9999.0000,0.0545,-9999.0000,-9999.0000,-9999.0000,0.0
1200190.000,0.0784,1.9176,1.8387,-9999.0000,0.1969,-9999.0000,0.1962,-9999.0000,0.0814,-9999.0000,0.0
1200421.000,0.1254,2.1026,1.8832,0.2789,0.3642,-9999.0000,-9999.0000,-9999.0000,-9999.0000,0.1510,0.0
1200652.000,0.1673,1.8250,1.8367,0.1552,0.1802,0.0569,-9999.0000,-9999.0000,-9999.0000,0.1501,0.0
1200884.000,0.1773,2.0994,1.8627,0.1867,0.2216,0.0709,0.0913,0.1038,0.1268,-9999.0000,0.0
1201115.000,0.1591,2.0350,2.1239,-9999.0000,0.1724,-9999.0000,-9999.0000,0.0917,-9999.0000,-9999.0000,0.0
1201346.000,0.1330,1.9958,2.0987,0.2337,0.2815,-9999.0000,0.0668,-9999.0000,-9999.0000,0.1053,0.0
1201577.000,0.0781,2.0283,1.9656,0.1610,0.2209,-9999.0000,0.1487,-9999.0000,-9999.0000,-9999.0000,0.0
1201808.000,0.1612,2.0035,1.9996,0.2284,0.1559,-9999.0000,0.0871,-9999.0000,-9999.0000,-9999.0000,0.0
1202040.000,0.1022,1.4334,1.7844,0.2090,0.4166,-9999.0000,0.1361,-9999.0000,-9999.0000,-9999.0000,0.0
1202271.000,0.1292,1.8244,1.8977,-9999.0000,0.2361,-9999.0000,0.1048,-9999.0000,0.1291,-9999.0000,0.0
1202502.000,0.1612,2.1245,2.0953,0.1916,0.2123,-9999.0000,0.0588,-9999.0000,-9999.0000,-9999.0000,0.0
1202733.000,0.1532,2.2357,1.9518,0.3125,0.2720,-9999.0000,0.0920,-9999.0000,-9999.0000,-9999.0000,0.0
1202964.000,0.1269,1.8933,2.1176,0.2588,0.3554,-9999.0000,0.1132,-9999.0000,-9999.0000,-9999.0000,0.0
1203196.000,0.1474,1.9932,2.0851,0.2389,0.2105,-9999.0000,0.1392,0.1054,0.1433,0.0590,0.0
1203427.000,0.1687,2.0577,2.0774,0.2806,0.2429,0.1055,0.0887,-9999.0000,-9999.0000,-9999.0000,0.0
1203658.000,0.1089,2.3047,2.1669,0.3339,0.1344,-9999.0000,-9999.0000,0.1142,-9999.0000,-9999.0000,0.0
1203889.000,0.1392,2.2500,2.1414,0.1602,0.2446,0.0344,-9999.0000,-9999.0000,-9999.0000,-9999.0000,0.0
1204120.000,0.1013,2.1891,2.2132,-9999.0000,0.1937,-9999.0000,0.1802,-9999.0000,0.1668,-9999.0000,0.0
1204352.000,0.1586,1.8878,2.0058,0.2858,0.4931,-9999.0000,-9999.0000,-9999.0000,-9999.0000,-9999.0000,0.0
1204583.000,0.1556,2.0934,2.2167,-9999.0000,0.2780,-9999.0000,0.0533,-9999.0000,-9999.0000,-9999.0000,0.0
1204814.000,0.1870,2.1224,1.8605,0.2317,0.1940,0.0697,0.0887,-9999.0000,-9999.0000,0.0564,0.0
1205045.000,0.1714,2.3626,2.1707,0.3118,0.2838,0.0955,-9999.0000,-9999.0000,-9999.0000,0.0582,0.0
1205276.000,0.1698,1.9614,2.0880,-9999.0000,0.2935,0.0344,0.0668,-9999.0000,-9999.0000,-9999.0000,0.0
1205508.000,0.2188,1.6765,1.9721,0.1847,0.2565,0.0464,0.1128,-9999.0000,-9999.0000,-9999.0000,0.0
1205739.000,0.1798,2.1989,2.2073,0.1667,0.3995,0.0481,0.1409,0.1071,-9999.0000,0.1079,0.0
1205970.000,0.2191,2.0691,2.0638,0.1606,0.1832,0.0345,0.1478,-9999.0000,-9999.0000,0.0572,0.0
1206201.000,0.1330,2.1962,1.9026,0.2096,0.2812,-9999.0000,0.0783,-9999.0000,-9999.0000,-9999.0000,0.0
1206432.000,0.1020,2.1430,2.1773,-9999.0000,0.3295,-9999.0000,0.0663,-9999.0000,-9999.0000,0.1515,0.0
1206664.000,0.2235,2.1162,2.1368,0.2562,0.4259,-9999.0000,0.1804,-9999.0000,-9999.0000,-9999.0000,0.0
1206895.000,0.1188,2.5865,2.2214,0.2775,0.3136,-9999.0000,-9999.0000,-9999.0000,-9999.0000,-9999.0000,0.0
1207126.000,0.1092,2.4548,2.1938,0.1622,0.4801,-9999.0000,0.0910,0.1649,-9999.0000,-9999.0000,0.0
1207357.000,0.1670,1.8796,2.0551,-9999.0000,0.4465,0.0334,0.0982,-9999.0000,-9999.0000,0.1019,0.0
1207589.000,0.1124,1.9731,2.0642,0.2037,0.5184,0.0570,0.1207,0.0924,-9999.0000,0.0548,0.0
1207820.000,0.1276,1.9905,1.8980,0.2609,0.2826,-9999.0000,0.1140,-9999.0000,-9999.0000,-9999.0000,0.0
1208051.000,0.1496,2.1304,2.2079,0.3763,0.2537,0.0456,0.1562,0.1070,-9999.0000,-9999.0000,0.0
1208282.000,0.1253,2.2729,1.9109,0.1571,0.3022,0.0338,0.0876,-9999.0000,0.0745,0.0554,0.0
1208513.000,0.2052,2.1114,2.0847,0.1342,0.2671,-9999.0000,0.1459,-9999.0000,-9999.0000,-9999.0000,0.0
1208745.000,0.1148,1.8551,2.3415,0.2840,0.5146,-9999.0000,0.0554,0.1114,-9999.0000,-9999.0000,0.0
1208976.000,0.2042,2.4383,1.8794,0.2059,0.3873,-9999.0000,0.0648,-9999.0000,0.0744,-9999.0000,0.0
1209207.000,0.1500,2.0359,1.7579,0.3533,0.3640,-9999.0000,0.1225,-9999.0000,-9999.0000,-9999.0000,0.0
1209438.000,0.2149,1.9833,2.0277,0.1887,0.3705,0.0354,-9999.0000,-9999.0000,0.0797,-9999.0000,0.0
1209669.000,0.1522,2.0920,2.1448,0.1870,0.3686,0.0590,-9999.0000,-9999.0000,0.1693,-9999.0000,0.0
1209901.000,0.1257,2.1092,2.1230,0.2557,0.3151,-9999.0000,0.0767,-9999.0000,-9999.0000,-9999.0000,0.0
1210132.000,0.1631,2.1762,2.0072,0.1598,0.4268,0.0583,-9999.0000,0.2106,-9999.0000,-9999.0000,0.0
1210363.000,0.1575,2.1524,2.2665,-9999.0000,0.2686,0.0705,0.1012,0.1737,-9999.0000,-9999.0000,0.0
1210594.000,0.1514,1.7865,2.1783,0.1609,0.2565,0.0586,0.0783,0.1738,-9999.0000,0.0565,0.0
1210825.000,0.1298,2.0856,1.8883,0.2022,0.3951,-9999.0000,0.0629,-9999.0000,0.0859,-9999.0000,0.0
1211057.000,0.2369,1.9129,1.8457,0.1852,0.5256,0.0347,-9999.0000,-9999.0000,-9999.0000,0.0563,0.0
1211288.000,0.1725,1.9825,2.2348,0.2899,0.4464,0.0358,-9999.0000,0.1158,-9999.0000,0.1062,0.0
1211519.000,0.1861,2.1757,2.3194,0.2065,0.3388,-9999.0000,0.0536,0.2318,0.1038,-9999.0000,0.0
1211750.000,0.1320,1.8352,2.1814,0.3053,0.4860,0.0581,-9999.0000,-9999.0000,-9999.0000,-9999.0000,0.0
1211981.000,0.1935,2.0328,2.4606,0.2578,0.4264,-9999.0000,0.1580,-9999.0000,0.0906,-9999.0000,0.0
1212213.000,0.1640,2.0930,2.3020,0.3338,0.4656,0.0709,0.0556,0.1359,-9999.0000,-9999.0000,0.0
1212444.000,0.1313,2.1311,2.2710,0.3518,0.5807,-9999.0000,-9999.0000,-9999.0000,-9999.0000,-9999.0000,0.0
1212675.000,0.1704,2.0898,2.2190,0.4150,0.5233,0.0560,0.1065,-9999.0000,-9999.0000,0.0527,0.0
1212906.000,0.1631,2.2437,2.2890,0.4536,0.4753,0.0346,-9999.0000,-9999.0000,-9999.0000,-9999.0000,0.0
1213137.000,0.1506,2.1703,2.3865,0.2574,0.3526,0.1297,-9999.0000,-9999.0000,-9999.0000,-9999.0000,0.0
1213369.000,0.1546,1.8877,2.1573,0.1558,0.6016,0.0807,0.1091,0.1025,-9999.0000,-9999.0000,0.0
1213600.000,0.1382,2.3536,2.1987,0.1592,0.4128,0.0582,0.1228,0.1065,-9999.0000,0.1966,0.0
1213831.000,0.1849,2.0015,2.4843,0.2287,0.6261,-9999.0000,0.0639,0.1152,-9999.0000,-9999.0000,0.0
1214062.000,0.1372,2.1309,2.4488,0.2785,0.6161,-9999.0000,-9999.0000,0.2294,0.1322,0.1014,0.0
1214293.000,0.1676,2.1473,2.5382,0.4244,0.6407,0.0459,-9999.0000,0.1042,-9999.0000,-9999.0000,0.0
1214525.000,0.1497,2.1142,2.3351,0.3769,0.8844,-9999.0000,0.0992,-9999.0000,-9999.0000,-9999.0000,0.0
1214756.000,0.1941,2.1240,2.4769,0.4307,0.7574,0.0826,0.0667,0.1718,-9999.0000,-9999.0000,0.0
1214987.000,0.1489,2.0995,2.3546,0.4228,0.6991,-9999.0000,0.0868,-9999.0000,-9999.0000,0.0541,0.0
1215218.000,0.1069,1.9302,2.2830,0.5691,0.7243,0.0340,-9999.0000,-9999.0000,-9999.0000,-9999.0000,0.0
1215449.000,0.1022,2.0024,2.4776,0.3562,0.8412,0.0586,0.1351,-9999.0000,-9999.0000,-9999.0000,0.0
1215681.000,0.1090,2.2592,2.1525,0.4323,0.7225,-9999.0000,0.1017,-9999.0000,-9999.0000,-9999.0000,0.0
1215912.000,0.1479,1.7363,2.4142,0.2271,0.6469,-9999.0000,0.0518,-9999.0000,-9999.0000,0.1462,0.0
1216143.000,0.1868,2.1044,2.3291,0.4275,0.6436,-9999.0000,0.1228,-9999.0000,-9999.0000,-9999.0000,0.0
1216374.000,0.0533,2.0387,2.4136,0.4282,0.6930,-9999.0000,0.0544,-9999.0000,-9999.0000,0.1022,0.0
1216605.000,0.1029,1.9525,2.2162,0.5308,0.5388,-9999.0000,0.0673,-9999.0000,-9999.0000,-9999.0000,0.0
1216837.000,0.1313,1.8755,2.2333,0.4001,0.9423,0.0342,0.1669,-9999.0000,-9999.0000,0.1010,0.0
1217068.000,0.1859,2.0375,2.2995,0.2554,0.7015,0.0698,0.0763,-9999.0000,-9999.0000,-9999.0000,0.0
1217299.000,0.1895,1.7502,2.3831,0.4424,0.7652,-9999.0000,-9999.0000,-9999.0000,-9999.0000,0.0529,0.0
1217530.000,0.1288,1.9894,2.3573,0.1904,0.5434,0.1083,0.0573,0.1125,-9999.0000,-9999.0000,0.0
1217761.000,0.1833,2.0224,2.4548,0.2741,0.7165,0.0567,-9999.0000,-9999.0000,-9999.0000,-9999.0000,0.0
1217993.000,0.1622,1.7551,2.3615,0.3538,0.6788,-9999.0000,0.0654,0.1044,-9999.0000,0.0546,0.0
1218224.000,0.1756,1.9147,2.1360,0.1125,0.7683,0.0946,0.0780,-9999.0000,-9999.0000,-9999.0000,0.0
1218455.000,0.1246,1.7993,2.1589,0.1806,0.6970,0.0457,0.0864,-9999.0000,-9999.0000,0.0535,0.0
1218686.000,0.1699,2.2513,2.3430,0.2234,0.6756,0.1141,-9999.0000,-9999.0000,-9999.0000,0.0976,0.0
1218917.000,0.1265,1.8771,2.2634,0.4048,0.9249,-9999.0000,0.0662,0.2572,-9999.0000,0.1022,0.0
1219149.000,0.1851,1.7806,2.4320,0.3264,0.6622,0.0930,0.1662,-9999.0000,-9999.0000,-9999.0000,0.0
1219380.000,0.1610,1.9446,2.4500,0.3988,0.9874,0.0812,-9999.0000,-9999.0000,-9999.0000,-9999.0000,0.0
1219611.000,0.1015,1.6488,2.5005,0.4259,0.8833,0.0463,0.1448,-9999.0000,-9999.0000,-9999.0000,0.0
1219842.000,0.1666,1.6750,2.5124,0.3976,0.7927,0.1044,0.0750,-9999.0000,-9999.0000,-9999.0000,0.0
1220073.000,0.1416,1.9737,2.4234,0.4424,0.8243,-9999.0000,0.1414,-9999.0000,0.1274,-9999.0000,0.0
1220305.000,0.1142,1.9744,2.4719,0.5012,1.0079,0.0823,0.1458,0.1171,-9999.0000,-9999.0000,0.0
1220536.000,0.1446,2.1503,2.4738,0.6722,1.0329,0.1061,0.2031,0.0922,-9999.0000,-9999.0000,0.0
1220767.000,0.1249,1.9405,2.6356,0.6159,1.2398,0.0695,0.0868,-9999.0000,-9999.0000,-9999.0000,0.0
1220998.000,0.1079,1.9919,2.6066,0.7678,0.8973,0.0703,0.1797,-9999.0000,-9999.0000,-9999.0000,0.0
1221229.000,0.1728,1.9966,2.7198,0.6634,1.2384,0.1164,0.1544,-9999.0000,-9999.0000,-9999.0000,0.0
1221461.000,0.1262,2.0745,2.5690,0.4277,0.9944,0.0585,0.1227,0.1289,-9999.0000,-9999.0000,0.0
1221692.000,0.1195,2.1830,2.5833,0.5949,1.0631,0.0582,0.1217,0.2022,0.1755,-9999.0000,0.0
1221923.000,0.1831,1.8525,2.6958,0.3697,1.2760,0.1384,0.1858,0.1706,0.1263,0.0521,0.0
1222154.000,0.1414,2.0019,2.4491,0.7288,0.8944,0.1152,0.0849,-9999.0000,-9999.0000,-9999.0000,0.0
1222385.000,0.1139,2.1897,2.4521,0.6455,1.3081,0.0348,0.1794,-9999.0000,-9999.0000,-9999.0000,0.0
1222617.000,0.1507,1.8868,2.7546,0.6963,1.3478,0.0943,0.1002,0.1040,-9999.0000,-9999.0000,0.0
1222848.000,0.1717,1.6335,2.4228,0.5389,1.1114,0.0805,0.0854,0.1343,0.2006,-9999.0000,0.0
1223079.000,0.1628,2.0441,2.5019,0.6475,1.0803,0.0588,0.0888,-9999.0000,0.1173,-9999.0000,0.0
1223310.000,0.1302,1.9799,2.6256,0.4201,1.0652,0.0690,0.1195,0.2714,-9999.0000,-9999.0000,0.0
1223541.000,0.1316,1.6355,2.2612,0.7156,1.1467,0.0818,0.0763,0.2014,0.1451,-9999.0000,0.0
1223773.000,0.0895,1.6834,2.2641,0.4745,1.0514,0.1292,0.0992,-9999.0000,-9999.0000,-9999.0000,0.0
1224004.000,0.0957,1.9498,2.4740,0.7662,1.0405,0.1176,0.0881,0.0896,0.1011,0.1476,0.0
1224235.000,0.2135,1.6976,2.4468,0.7547,0.9676,0.1740,0.0854,0.0967,-9999.0000,-9999.0000,0.0
1224466.000,0.0827,1.6034,2.2211,0.9509,0.9957,0.0694,0.0976,0.1233,-9999.0000,0.0527,0.0
1224697.000,0.0830,1.6916,2.4266,0.7126,1.0462,0.0580,0.0869,-9999.0000,0.1140,-9999.0000,0.0
1224929.000,0.1692,1.7071,2.6029,0.7668,1.0261,0.0445,0.1271,-9999.0000,-9999.0000,-9999.0000,0.0
1225160.000,0.2164,2.0574,2.2826,0.9349,1.1601,0.1411,0.1221,-9999.0000,-9999.0000,0.1004,0.0
1225391.000,0.1939,1.7042,2.4809,0.9615,1.1853,0.0797,0.2288,0.2037,-9999.0000,0.0970,0.0
1225622.000,0.1355,1.5174,2.1241,0.9197,1.1201,0.1153,0.0738,0.0953,-9999.0000,0.0517,0.0
1225853.000,0.1196,1.7359,2.6480,0.6190,1.3031,0.0702,0.2011,-9999.0000,-9999.0000,-9999.0000,0.0
1226085.000,0.1493,1.9836,2.5033,0.7859,1.1072,0.1169,0.1098,-9999.0000,-9999.0000,-9999.0000,0.0
1226316.000,0.1314,1.4070,2.2235,0.9553,1.1198,0.0935,0.2797,0.1370,0.1587,0.0997,0.0
1226547.000,0.1033,1.8198,2.3526,0.9220,1.3430,0.1431,0.1477,0.1942,-9999.0000,0.1022,0.0
1226778.000,0.1331,1.6350,2.4315,0.6988,1.1192,0.1187,0.1353,0.0913,-9999.0000,-9999.0000,0.0
1227009.000,0.1626,1.8873,2.2250,0.8891,1.2474,0.1534,0.1455,0.2024,-9999.0000,-9999.0000,0.0
1227241.000,0.1813,1.8401,2.3625,0.6970,1.1288,0.1420,0.2032,-9999.0000,-9999.0000,0.1480,0.0
1227472.000,0.1547,1.8213,2.3502,0.8789,1.1632,0.1399,0.1090,-9999.0000,-9999.0000,-9999.0000,0.0
1227703.000,0.1992,1.8805,2.4591,0.6715,1.1998,0.1181,0.0774,-9999.0000,-9999.0000,-9999.0000,0.0
1227934.000,0.1229,1.3811,2.1410,0.7239,1.0780,0.1261,0.1396,-9999.0000,-9999.0000,0.0967,0.0
1228165.000,0.1422,1.4084,1.9816,0.8275,0.9918,0.0459,0.1082,-9999.0000,-9999.0000,-9999.0000,0.0
1228397.000,0.1254,1.6109,2.4266,0.8582,0.8540,0.0818,0.0759,-9999.0000,0.1283,-9999.0000,0.0
1228628.000,0.1815,1.4456,2.3444,1.0624,1.0807,0.1185,0.1121,0.1782,0.1016,0.0541,0.0
1228859.000,0.1873,1.5107,2.4234,0.7939,0.9462,0.1184,0.1461,0.1148,0.1311,-9999.0000,0.0
1229090.000,0.1256,1.5001,2.2796,0.7630,0.9513,0.1407,0.1667,-9999.0000,-9999.0000,-9999.0000,0.0
1229321.000,0.1559,1.7726,2.4509,0.7640,1.1573,0.0350,0.1671,0.1494,-9999.0000,0.0530,0.0
1229553.000,0.1641,1.4614,2.0386,0.7257,0.9998,0.0598,0.1131,0.2053,0.1478,-9999.0000,0.0
1229784.000,0.1803,1.5799,1.9348,1.1280,1.0381,0.0470,0.1448,0.2000,-9999.0000,0.0999,0.0
1230015.000,0.1728,1.5615,2.1432,0.8068,0.8029,0.0697,0.0640,0.1092,0.0825,-9999.0000,0.0
1230246.000,0.1742,1.6984,2.2030,0.7892,1.0618,0.1294,0.1107,0.1247,-9999.0000,0.0531,0.0
1230477.000,0.1201,1.5416,2.0478,0.6931,1.0986,0.0588,0.0995,0.1124,-9999.0000,0.0999,0.0
1230709.000,0.2315,1.5382,2.4270,1.1669,0.9766,0.0362,0.1823,-9999.0000,-9999.0000,-9999.0000,0.0
1230940.000,0.1560,1.4165,2.3815,0.8849,1.0245,0.1058,0.2351,0.1365,-9999.0000,-9999.0000,0.0
1231171.000,0.1085,1.2233,2.4433,0.4532,0.9081,0.1419,-9999.0000,0.2389,-9999.0000,-9999.0000,0.0
1231402.000,0.2137,1.5116,2.1406,0.7534,1.0275,0.1199,0.1026,0.1560,-9999.0000,-9999.0000,0.0
1231633.000,0.1174,1.4510,2.0873,0.5592,0.7825,0.1034,0.1959,0.1042,-9999.0000,-9999.0000,0.0
1231865.000,0.1375,1.6930,2.5925,0.5933,0.9496,0.0702,0.1438,-9999.0000,-9999.0000,0.0525,0.0
1232096.000,0.1085,1.2735,2.3416,0.5500,0.8351,-9999.0000,0.2025,0.1883,-9999.0000,0.1002,0.0
1232327.000,0.2233,1.3033,2.1471,0.5501,0.8714,0.0946,0.1116,0.2509,-9999.0000,-9999.0000,0.0
1232558.000,0.1314,1.4502,2.1415,0.6409,0.6126,0.0585,0.0985,0.2465,-9999.0000,-9999.0000,0.0
1232789.000,0.1836,1.2987,2.2002,0.6322,0.6739,0.0963,0.1949,-9999.0000,0.1187,-9999.0000,0.0
1233021.000,0.1393,1.5359,2.3494,0.4553,0.7650,0.1425,0.2264,0.2149,0.1308,-9999.0000,0.0
1233252.000,0.0833,1.5192,2.0562,0.5915,0.6114,0.1051,0.1093,0.1086,-9999.0000,-9999.0000,0.0
1233483.000,0.1137,1.5427,2.4074,0.4979,0.5896,0.0352,0.2120,-9999.0000,-9999.0000,-9999.0000,0.0
1233714.000,0.1210,1.6005,2.3345,0.2120,0.6553,0.1542,0.0894,0.2142,0.1453,-9999.0000,0.0
1233945.000,0.0949,1.4220,2.0623,0.3501,0.8847,0.1048,0.2436,0.1321,-9999.0000,-9999.0000,0.0
1234177.000,0.1621,1.3048,2.1172,0.4024,0.8554,0.1294,0.2238,-9999.0000,0.1724,-9999.0000,0.0
1234408.000,0.1502,1.2000,2.2303,0.6923,0.6991,0.0825,0.2126,0.0982,0.1577,-9999.0000,0.0
1234639.000,0.1594,1.3690,1.9063,0.3946,0.7365,0.0923,0.0850,0.1044,-9999.0000,-9999.0000,0.0
1234870.000,0.1579,1.6115,2.2326,0.3592,0.6810,0.1192,0.2155,0.1144,-9999.0000,-9999.0000,0.0
1235101.000,0.1567,1.5353,2.1111,0.4769,0.5802,0.1182,0.1340,-9999.0000,-9999.0000,-9999.0000,0.0
1235333.000,0.1437,1.4541,2.2793,0.3531,0.5169,0.1408,0.2230,0.2088,-9999.0000,0.0522,0.0
1235564.000,0.1029,1.9643,2.2311,0.5517,0.6304,0.1187,0.1690,0.1380,-9999.0000,-9999.0000,0.0
1235795.000,0.1096,1.4538,2.2541,0.3356,0.7912,0.0363,0.3531,0.1399,-9999.0000,-9999.0000,0.0
1236026.000,0.1195,1.3667,2.0572,0.4485,0.7558,0.1054,0.1773,0.1207,-9999.0000,-9999.0000,0.0
1236257.000,0.1751,1.3257,2.3396,0.3327,0.6173,0.1067,0.0776,-9999.0000,0.0844,-9999.0000,0.0
1236489.000,0.1513,1.3215,2.1617,0.4306,0.5820,0.0951,0.3170,0.3134,0.1743,-9999.0000,0.0
1236720.000,0.1507,1.3057,2.2036,0.2593,0.7006,0.1654,0.2134,0.1986,-9999.0000,-9999.0000,0.0
1236951.000,0.1008,1.4706,2.3595,0.1346,0.7395,0.0814,0.1420,-9999.0000,-9999.0000,0.1895,0.0
1237182.000,0.1551,1.4052,2.1906,0.3441,0.6436,0.0859,0.2099,0.1471,-9999.0000,0.1037,0.0
1237414.000,0.1285,1.4605,2.0610,0.2158,0.7457,0.1202,0.2059,0.1794,0.1022,0.1488,0.0
1237645.000,0.1327,1.1762,2.3784,0.2837,0.6402,0.1536,0.1340,0.1233,-9999.0000,-9999.0000,0.0
1237876.000,0.1276,1.3241,2.1603,0.1163,0.6440,0.1074,0.3180,0.2264,0.2795,-9999.0000,0.0
1238107.000,0.1211,1.6483,2.1720,0.2366,0.6178,0.1778,0.2598,0.0994,0.0992,-9999.0000,0.0
1238338.000,0.1500,1.2704,2.1987,0.1615,0.6974,0.0707,0.2232,0.0963,-9999.0000,0.0523,0.0
1238570.000,0.1496,1.2955,2.0883,0.3771,0.7319,0.0354,0.1099,0.1078,-9999.0000,-9999.0000,0.0
1238801.000,0.1412,1.3267,2.2374,0.3640,0.3928,0.1325,0.2298,-9999.0000,-9999.0000,-9999.0000,0.0
1239032.000,0.0784,1.3372,2.2259,0.1629,0.6758,0.1299,0.0999,0.1351,0.0980,-9999.0000,0.0
1239263.000,0.0856,1.2140,2.0905,0.4584,0.5484,0.0484,0.1477,0.2150,0.1308,0.0541,0.0
1239494.000,0.0984,1.1933,2.0631,0.2412,0.6120,0.0965,0.1949,0.1794,-9999.0000,-9999.0000,0.0
1239726.000,0.1274,1.3238,2.2242,0.2858,0.5699,0.0953,0.1464,0.1873,0.0994,-9999.0000,0.0
1239957.000,0.1176,1.0522,2.0764,0.2683,0.5421,-9999.0000,0.2545,-9999.0000,-9999.0000,0.1031,0.0
1240188.000,0.0839,1.0682,2.1434,0.4252,0.5639,0.0939,0.1887,0.1570,0.0961,-9999.0000,0.0
1240419.000,0.0543,1.0614,2.2780,0.2590,0.7107,0.0827,0.2805,-9999.0000,-9999.0000,-9999.0000,0.0
1240650.000,0.0653,1.3008,1.7713,0.1115,0.5248,-9999.0000,0.0973,-9999.0000,0.1090,-9999.0000,0.0
1240882.000,0.1282,1.2040,2.1095,0.0934,0.6457,-9999.0000,0.2506,0.1895,-9999.0000,0.1014,0.0
1241113.000,0.1525,1.3464,2.1209,0.2151,0.5117,0.0603,0.2619,0.1262,0.2054,-9999.0000,0.0
1241344.000,0.1273,1.1829,2.0832,0.0919,0.4483,0.1069,0.1575,0.2239,0.0840,-9999.0000,0.0
1241575.000,0.0793,1.4674,2.1394,0.2626,0.5101,0.0955,0.0899,0.1750,-9999.0000,0.0540,0.0
1241806.000,0.1038,1.2213,1.9479,0.2147,0.5474,0.2378,0.1815,0.1758,-9999.0000,-9999.0000,0.0
1242038.000,0.1663,1.3713,2.1143,0.1204,0.5650,0.0731,0.1959,0.1678,0.1030,-9999.0000,0.0
1242269.000,0.1031,1.2914,1.8798,-9999.0000,0.6771,-9999.0000,0.2253,0.1980,-9999.0000,-9999.0000,0.0
1242500.000,0.1225,1.2655,1.8351,0.2894,0.5127,0.1437,0.2055,-9999.0000,-9999.0000,-9999.0000,0.0
1242731.000,0.1580,1.4950,1.9752,0.1414,0.7159,0.0718,0.2152,0.1495,-9999.0000,-9999.0000,0.0
1242962.000,0.1871,1.0010,1.9323,0.0914,0.6758,0.1065,0.2021,0.0970,0.0829,-9999.0000,0.0
1243194.000,0.0609,1.2284,1.9848,0.1643,0.6404,0.1655,0.2365,0.1724,0.0981,-9999.0000,0.0
1243425.000,0.1279,1.1856,1.9449,0.2145,0.7647,0.0482,0.2496,0.1120,-9999.0000,0.1480,0.0
1243656.000,0.1512,1.4896,2.1402,0.2850,0.6281,0.1301,0.1910,0.1346,0.1276,-9999.0000,0.0
1243887.000,0.1102,1.4029,1.8816,0.2888,0.4874,0.0959,0.2392,0.1761,0.0854,0.0547,0.0
1244118.000,0.0889,1.1370,2.0512,0.2298,0.7239,0.2084,0.1411,-9999.0000,0.1218,-9999.0000,0.0
1244350.000,0.1222,1.2479,2.0678,0.1181,0.5474,0.1194,0.1817,0.2634,-9999.0000,-9999.0000,0.0
1244581.000,0.0930,1.1756,2.0878,0.2189,0.5525,0.1925,0.4030,0.2939,-9999.0000,0.0558,0.0
1244812.000,0.1295,1.1723,2.0719,0.2674,0.4783,0.1087,0.0691,-9999.0000,-9999.0000,-9999.0000,0.0
1245043.000,0.1108,1.1891,2.0218,0.1686,0.4770,0.1202,0.2520,0.1903,0.1014,-9999.0000,0.0
1245274.000,0.0994,1.1245,1.9961,0.2688,0.6269,0.0972,0.1849,0.2694,-9999.0000,-9999.0000,0.0
1245506.000,0.1567,1.0214,1.8077,0.1635,0.3614,0.0944,0.1899,0.2074,0.0966,-9999.0000,0.0
1245737.000,0.0678,1.1641,1.8363,0.2646,0.3900,0.1314,0.2505,0.2006,0.1000,0.0548,0.0
1245968.000,0.1400,1.1637,1.8981,0.1661,0.5700,0.1190,-9999.0000,-9999.0000,0.1437,-9999.0000,0.0
1246199.000,0.1249,1.2812,1.7852,0.1729,0.4458,0.1822,0.2910,0.1704,-9999.0000,0.0570,0.0
1246430.000,0.1627,1.2139,2.1281,0.3729,0.4603,0.1711,0.2929,0.1470,0.1216,-9999.0000,0.0
1246662.000,0.1626,1.3275,1.6580,0.1991,0.4723,0.2313,0.2926,0.2620,-9999.0000,-9999.0000,0.0
1246893.000,0.1357,1.0461,1.6651,0.2921,0.4414,0.1682,0.1724,0.3176,-9999.0000,-9999.0000,0.0
1247124.000,0.0931,1.0786,1.7561,0.1947,0.4420,0.1207,0.1728,0.1155,-9999.0000,-9999.0000,0.0
1247355.000,0.2507,0.9852,1.8479,-9999.0000,0.4885,0.0843,0.4232,-9999.0000,0.1757,-9999.0000,0.0
1247586.000,0.1467,0.8726,1.9483,0.2162,0.4383,0.1195,0.2846,0.1245,0.0848,-9999.0000,0.0
1247818.000,0.1451,1.1997,1.5540,0.2367,0.4460,0.1885,0.2017,-9999.0000,0.1116,-9999.0000,0.0
1248049.000,0.1755,0.8881,1.7948,-9999.0000,0.3384,0.1183,0.1683,0.2084,0.0825,-9999.0000,0.0
1248280.000,0.1656,0.8325,1.8358,0.1689,0.2329,0.1676,0.1715,-9999.0000,0.1007,-9999.0000,0.0
1248511.000,0.1269,0.8288,1.7508,0.2844,0.3492,0.1882,0.1222,0.1443,-9999.0000,0.0537,0.0
1248742.000,0.1311,0.7230,1.7068,0.1732,0.3099,0.1580,0.2098,0.1440,0.1348,-9999.0000,0.0
1248974.000,0.1220,0.9234,1.6764,0.1423,0.5211,0.1189,0.1467,0.0973,0.1579,-9999.0000,0.0
1249205.000,0.1229,0.8432,1.6937,-9999.0000,0.2203,0.1554,0.1711,0.0998,-9999.0000,-9999.0000,0.0
1249436.000,0.0571,0.9695,1.8351,0.1477,0.3704,0.2534,0.1396,0.1043,0.1337,0.0569,0.0
1249667.000,0.1063,0.9317,1.7276,0.2956,0.2231,0.0856,0.2437,0.1682,-9999.0000,-9999.0000,0.0
1249898.000,0.1102,0.9247,1.7482,0.0944,0.5582,0.0600,0.3178,-9999.0000,0.0987,-9999.0000,0.0
1250130.000,0.1226,1.3284,1.6387,0.1679,0.4137,0.1431,0.1362,-9999.0000,0.0993,-9999.0000,0.0
1250361.000,0.1879,0.9832,1.9834,0.1175,0.3748,0.0714,0.2479,0.1708,0.1122,0.0544,0.0
1250592.000,0.1471,0.9526,1.6853,0.1685,0.3415,0.0841,0.1480,0.1746,0.1446,0.1495,0.0
1250823.000,0.1216,1.1546,1.8203,0.1658,0.3506,0.1419,0.1119,0.1580,-9999.0000,-9999.0000,0.0
1251054.000,0.1239,1.0250,1.8431,0.2932,0.4416,-9999.0000,0.2072,0.1144,0.1618,-9999.0000,0.0
1251286.000,0.1428,1.0235,1.7671,0.2211,0.3695,0.1451,0.1161,-9999.0000,-9999.0000,-9999.0000,0.0
1251517.000,0.1232,1.1141,1.8721,0.1938,0.3544,0.0962,0.2286,0.1376,-9999.0000,0.0559,0.0
1251748.000,0.1041,0.9869,1.7015,0.1914,0.4727,0.1189,0.1582,0.0968,-9999.0000,-9999.0000,0.0
1251979.000,0.1352,0.9900,1.6492,0.1204,0.3418,0.0842,0.1712,-9999.0000,0.0999,-9999.0000,0.0
1252210.000,0.1564,1.2515,1.6403,0.2241,0.2490,0.1464,0.1758,0.2082,0.0896,0.1534,0.0
1252442.000,0.1104,0.9514,1.5603,0.1679,0.1830,0.1310,0.1587,-9999.0000,0.1284,-9999.0000,0.0
1252673.000,0.1306,0.9371,1.7350,-9999.0000,0.4307,0.0853,-9999.0000,0.2043,-9999.0000,-9999.0000,0.0
1252904.000,0.0813,0.9378,1.6397,-9999.0000,0.4292,0.1326,0.3334,0.2151,-9999.0000,-9999.0000,0.0
1253135.000,0.1311,0.8419,1.9694,0.3702,0.2845,0.0856,0.3130,0.1419,0.1335,-9999.0000,0.0
1253366.000,0.1120,1.2288,1.7941,-9999.0000,0.3441,-9999.0000,0.2075,0.1523,-9999.0000,0.2460,0.0
1253598.000,0.0990,0.8898,1.7003,0.0966,0.3541,0.1555,0.2056,0.1620,0.0849,-9999.0000,0.0
1253829.000,0.1779,0.9419,1.7439,0.1696,0.3419,0.1080,0.2627,0.2626,-9999.0000,-9999.0000,0.0
1254060.000,0.1368,1.2097,1.7794,0.1726,0.1857,0.1690,0.1507,-9999.0000,-9999.0000,-9999.0000,0.0
1254291.000,0.0642,1.2506,1.8665,0.2498,0.2493,0.1346,0.1182,0.1444,0.1658,-9999.0000,0.0
1254522.000,0.1653,1.1172,1.8081,0.1932,0.3167,0.1550,0.1819,0.1604,-9999.0000,-9999.0000,0.0
1254754.000,0.1441,0.9987,1.7483,0.1151,0.5253,0.1051,0.1655,-9999.0000,-9999.0000,-9999.0000,0.0
1254985.000,0.1916,1.1741,1.9029,0.0987,0.3688,0.0732,0.1388,0.1776,0.2072,-9999.0000,0.0
1255216.000,0.1040,1.4496,1.8278,0.1429,0.2906,0.1186,0.2823,-9999.0000,0.1416,-9999.0000,0.0
1255447.000,0.1214,1.2584,1.7870,0.1174,0.3131,0.0592,0.1563,0.1178,-9999.0000,-9999.0000,0.0
1255678.000,0.1220,1.3944,1.7012,0.2393,0.4229,0.1184,0.2140,0.0946,-9999.0000,-9999.0000,0.0
1255910.000,0.1287,1.4194,1.8475,0.2654,0.3280,0.0837,0.1472,0.2469,-9999.0000,-9999.0000,0.0
1256141.000,0.0985,1.7117,1.6835,0.1683,0.3399,0.1191,0.2153,0.1588,0.2767,-9999.0000,0.0
1256372.000,0.0502,1.4266,1.8291,0.3626,0.3281,0.1073,0.2610,0.1842,-9999.0000,-9999.0000,0.0
1256603.000,0.1209,1.4190,2.0395,-9999.0000,0.2758,0.0939,0.1552,0.2150,-9999.0000,-9999.0000,0.0
1256834.000,0.1046,1.4552,1.8471,0.2656,0.2796,0.1073,0.1927,0.1087,-9999.0000,-9999.0000,0.0
1257066.000,0.1296,1.6337,1.9521,0.2191,0.4392,0.0843,0.2400,0.1487,0.1744,-9999.0000,0.0
1257297.000,0.0914,1.5811,2.0828,-9999.0000,0.4325,0.1176,0.2010,0.0920,-9999.0000,-9999.0000,0.0
1257528.000,0.1593,1.6754,1.9498,0.4360,0.3404,0.1075,0.1703,0.1216,-9999.0000,-9999.0000,0.0
1257759.000,0.1235,1.8951,1.9502,0.1703,0.2080,0.2265,0.1484,0.0978,-9999.0000,-9999.0000,0.0
1257990.000,0.1280,1.9115,1.9538,0.3115,0.2658,0.1300,0.3493,-9999.0000,-9999.0000,-9999.0000,0.0
1258222.000,0.1510,1.6273,1.8863,0.0932,0.4197,0.1524,0.1443,-9999.0000,0.1533,0.0544,0.0
1258453.000,0.1333,1.8839,2.2183,0.2376,0.4922,0.0708,0.1559,-9999.0000,0.0799,-9999.0000,0.0
1258684.000,0.2227,1.7677,2.1590,0.2131,0.3239,0.1524,0.1330,0.1777,0.0942,0.0545,0.0
1258982.000,0.1787,1.7386,1.7718,0.2091,0.3439,0.0926,0.1971,0.2215,0.1348,-9999.0000,0.0
1259213.000,0.1164,1.5036,2.1843,0.0956,0.3871,0.0833,0.2144,0.1318,-9999.0000,-9999.0000,0.0
1259444.000,0.1928,1.7348,1.8845,-9999.0000,0.3356,0.1056,0.1890,0.1029,-9999.0000,0.0545,0.0
1259676.000,0.1449,2.0005,2.2052,0.1888,0.3712,0.1638,0.2113,0.2387,0.0937,-9999.0000,0.0
1259907.000,0.1454,1.9643,2.1068,-9999.0000,0.5282,0.1527,0.0884,-9999.0000,-9999.0000,-9999.0000,0.0
1260138.000,0.1338,1.9540,1.9987,0.1185,0.3851,0.1062,0.1678,-9999.0000,0.0952,-9999.0000,0.0
1260369.000,0.1283,2.0530,2.3805,0.2402,0.2179,0.1419,0.1913,-9999.0000,0.0813,0.1487,0.0
1260600.000,0.1038,1.8922,2.3027,0.1185,0.3610,0.1295,0.2353,-9999.0000,-9999.0000,0.0551,0.0
1260832.000,0.1278,1.9979,2.2354,0.1909,0.3251,0.0710,0.2355,0.1417,-9999.0000,-9999.0000,0.0
1261063.000,0.1462,1.9515,2.2781,0.5050,0.3379,0.1300,-9999.0000,-9999.0000,-9999.0000,0.1021,0.0
1261294.000,0.1050,2.0137,2.1109,0.2667,0.2313,0.0956,0.1020,-9999.0000,-9999.0000,0.1032,0.0
1261525.000,0.1599,2.1638,2.2610,0.0977,0.3046,0.0959,0.1595,0.1215,-9999.0000,-9999.0000,0.0
1261756.000,0.0756,2.6106,2.2915,-9999.0000,0.2940,0.1441,0.1609,-9999.0000,0.1748,0.0574,0.0
1261988.000,0.1645,2.2220,2.4422,0.0957,0.3262,0.0831,0.1235,0.1054,-9999.0000,0.0557,0.0
1262219.000,0.1279,2.1900,2.3598,0.1912,0.3131,0.1062,0.1453,0.1912,0.0802,-9999.0000,0.0
1262450.000,0.2005,2.3102,2.1854,-9999.0000,0.4223,0.0831,0.1460,0.1925,0.2143,-9999.0000,0.0
1262681.000,0.1610,2.3335,2.4809,0.3042,0.3198,0.0925,0.0968,0.2323,0.1048,-9999.0000,0.0
1262912.000,0.1041,2.1687,2.1747,-9999.0000,0.2774,0.0594,0.1004,-9999.0000,-9999.0000,0.0556,0.0
1263144.000,0.1524,2.0682,2.3530,0.1681,0.2418,0.1065,-9999.0000,0.1299,0.1697,-9999.0000,0.0
1263375.000,0.1318,2.3008,2.3437,0.3231,0.2722,0.1097,0.1402,-9999.0000,-9999.0000,-9999.0000,0.0
1263606.000,0.1503,2.2782,2.1405,0.1511,0.3336,0.0857,0.1749,-9999.0000,-9999.0000,-9999.0000,0.0
1263837.000,0.1699,2.0433,2.1216,0.1192,0.2769,0.1061,0.1339,0.1035,-9999.0000,0.0555,0.0
1264068.000,0.1403,2.4761,2.3572,0.2885,0.2896,0.0830,0.1458,0.1044,0.0953,0.0558,0.0
1264300.000,0.1576,2.1489,2.3036,0.2867,0.2405,0.0591,0.0884,-9999.0000,-9999.0000,-9999.0000,0.0
1264531.000,0.1227,2.3020,2.6244,0.2412,0.2300,0.0832,0.0897,0.1925,-9999.0000,0.1493,0.0
1264762.000,0.1166,2.0150,2.2047,0.1928,0.2660,0.1067,0.0670,-9999.0000,-9999.0000,-9999.0000,0.0
1264993.000,0.1180,2.2234,2.6170,-9999.0000,0.1959,0.1080,0.1144,-9999.0000,0.1134,-9999.0000,0.0
1265224.000,0.1402,2.1406,2.4719,0.1438,0.1692,0.0594,0.1003,-9999.0000,-9999.0000,0.1022,0.0
1265456.000,0.1144,2.0943,2.3528,0.2349,0.3801,0.0813,0.1644,0.1226,-9999.0000,0.0542,0.0
1265687.000,0.1858,2.5345,2.5171,0.1738,0.1361,0.0373,0.1042,-9999.0000,-9999.0000,-9999.0000,0.0
1265918.000,0.1490,2.3469,2.4626,-9999.0000,0.2820,0.2036,0.0924,-9999.0000,-9999.0000,-9999.0000,0.0
1266149.000,0.1580,2.4334,2.3998,0.2156,0.1929,0.1295,0.2015,0.1028,-9999.0000,0.1485,0.0
1266380.000,0.1714,2.4202,2.3811,0.1218,0.2428,0.0953,0.1131,-9999.0000,-9999.0000,-9999.0000,0.0
1266662.000,-9999.0000,-9999.0000,-9999.0000,-9999.0000,-9999.0000,-9999.0000,-9999.0000,-9999.0000,-9999.0000,-9999.0000,1.0
1266894.000,-9999.0000,-9999.0000,-9999.0000,-9999.0000,-9999.0000,-9999.0000,-9999.0000,-9999.0000,-9999.0000,-9999.0000,1.0
1267125.000,-9999.0000,-9999.0000,-9999.0000,-9999.0000,-9999.0000,-9999.0000,-9999.0000,-9999.0000,-9999.0000,-9999.0000,1.0
1267356.000,-9999.0000,-9999.0000,-9999.0000,-9999.0000,-9999.0000,-9999.0000,-9999.0000,-9999.0000,-9999.0000,-9999.0000,1.0
1267587.000,-9999.0000,-9999.0000,-9999.0000,-9999.0000,-9999.0000,-9999.0000,-9999.0000,-9999.0000,-9999.0000,-9999.0000,1.0
1267818.000,-9999.0000,-9999.0000,-9999.0000,-9999.0000,-9999.0000,-9999.0000,-9999.0000,-9999.0000,-9999.0000,-9999.0000,1.0
1268050.000,-9999.0000,-9999.0000,-9999.0000,-9999.0000,-9999.0000,-9999.0000,-9999.0000,-9999.0000,-9999.0000,-9999.0000,1.0
1268281.000,-9999.0000,-9999.0000,-9999.0000,-9999.0000,-9999.0000,-9999.0000,-9999.0000,-9999.0000,-9999.0000,-9999.0000,1.0
1268577.000,0.1240,2.3088,2.7804,-9999.0000,0.4135,0.0959,0.1255,0.1449,-9999.0000,-9999.0000,0.0
1268808.000,0.1497,2.4270,2.7545,0.2484,0.2340,0.0613,0.1046,-9999.0000,-9999.0000,0.1059,0.0
1269039.000,0.1189,2.3440,2.7233,0.2232,0.3309,0.0611,0.1385,0.1226,0.0995,-9999.0000,0.0
1269270.000,0.1071,2.3065,2.9082,0.2487,0.3319,0.1210,0.1966,0.3643,-9999.0000,-9999.0000,0.0
1269502.000,0.1495,2.3446,2.8256,-9999.0000,0.2823,0.0849,0.0585,-9999.0000,-9999.0000,0.0585,0.0
1269733.000,0.1488,2.4137,2.5991,0.2948,0.1232,0.0844,0.1490,-9999.0000,-9999.0000,-9999.0000,0.0
1269964.000,0.1658,2.1006,2.7647,0.1228,0.2430,0.1426,0.1247,-9999.0000,0.1261,-9999.0000,0.0
1270195.000,0.1550,2.7110,2.6329,0.1736,0.2327,0.1320,0.1949,-9999.0000,-9999.0000,-9999.0000,0.0
1270426.000,0.1490,2.2278,2.8802,0.2469,0.2450,-9999.0000,-9999.0000,-9999.0000,-9999.0000,-9999.0000,0.0
1270658.000,0.1319,2.1714,2.7091,0.2986,0.3324,0.0496,0.1511,-9999.0000,0.1156,-9999.0000,0.0
1270889.000,0.2015,2.0271,2.7268,0.2788,0.2497,0.0385,0.1424,0.0904,0.1343,-9999.0000,0.0
1271120.000,0.1445,2.4595,2.4735,0.2260,0.2596,0.0617,0.1056,0.1376,-9999.0000,-9999.0000,0.0
1271351.000,0.1818,2.2689,2.9390,0.3009,0.1866,0.0740,0.1178,0.1260,-9999.0000,-9999.0000,0.0
1271582.000,0.1721,2.2653,2.4341,0.1476,0.1949,0.0366,0.0568,-9999.0000,-9999.0000,-9999.0000,0.0
1271814.000,0.2057,2.4266,2.7202,0.3242,0.2350,0.0976,0.2207,-9999.0000,0.1915,-9999.0000,0.0
1272045.000,0.1461,2.2569,2.5544,0.2297,0.2251,0.1350,0.1425,-9999.0000,-9999.0000,-9999.0000,0.0
1272276.000,0.0702,2.3954,2.7949,0.3442,0.2083,0.1200,0.1378,-9999.0000,-9999.0000,-9999.0000,0.0
1272507.000,0.1761,2.3349,2.8303,0.1788,0.3102,0.1103,0.1530,0.1650,-9999.0000,-9999.0000,0.0
1272738.000,0.1376,2.1807,2.5416,-9999.0000,0.2215,0.0493,0.1160,-9999.0000,0.0994,-9999.0000,0.0
1272970.000,0.0722,2.2360,2.8590,0.2056,0.2254,0.0628,0.0615,-9999.0000,-9999.0000,-9999.0000,0.0
1273201.000,0.1734,2.2430,2.7511,0.3201,0.2812,0.0845,-9999.0000,-9999.0000,-9999.0000,0.0585,0.0
1273432.000,0.1256,2.4174,2.8599,0.1514,0.2949,-9999.0000,0.1047,-9999.0000,-9999.0000,-9999.0000,0.0
1273663.000,0.1495,2.2935,2.7564,0.4674,0.2574,0.0729,0.1498,-9999.0000,-9999.0000,0.1059,0.0
1273894.000,0.1018,2.3150,2.7569,0.2509,0.2226,0.0617,0.0595,-9999.0000,-9999.0000,0.1071,0.0
1274126.000,0.1254,2.2068,2.7863,0.1999,0.2701,0.0493,0.1273,0.1090,0.1140,0.0591,0.0
1274357.000,0.2141,2.0603,2.6563,0.2549,0.2374,0.0385,0.0962,0.1282,-9999.0000,0.0611,0.0
1274588.000,0.1367,2.2341,2.8581,0.1252,0.1836,0.0843,0.0918,-9999.0000,-9999.0000,-9999.0000,0.0
1274819.000,0.1870,2.3294,3.0549,0.2747,0.2465,0.1450,-9999.0000,-9999.0000,0.0999,-9999.0000,0.0
1275050.000,0.1761,2.1515,2.6933,0.2776,0.2730,0.1822,0.0604,-9999.0000,-9999.0000,-9999.0000,0.0
1275282.000,0.1697,2.3752,2.9940,0.1294,0.2725,0.0859,-9999.0000,0.1377,-9999.0000,-9999.0000,0.0
1275513.000,0.1916,2.6308,2.9636,0.2961,0.1597,0.0726,0.1492,0.1447,-9999.0000,0.0587,0.0
1275744.000,0.1771,2.1331,3.0835,0.2303,0.1879,0.1108,0.0729,-9999.0000,-9999.0000,0.0612,0.0
1275975.000,0.1755,2.4970,3.1718,0.1289,0.3086,0.0618,0.1519,0.1620,-9999.0000,-9999.0000,0.0
1276206.000,0.2000,2.6956,3.0198,0.3499,0.3454,0.0738,0.0944,-9999.0000,-9999.0000,-9999.0000,0.0
1276438.000,0.2122,2.4433,2.7211,0.2763,0.2964,0.0738,0.1404,-9999.0000,0.1611,-9999.0000,0.0
1276669.000,0.1132,2.2570,2.7928,0.2729,0.2573,0.0372,-9999.0000,-9999.0000,0.1431,-9999.0000,0.0
1276900.000,0.1998,2.1418,2.9086,0.2270,0.1981,0.0736,0.0942,-9999.0000,-9999.0000,-9999.0000,0.0
1277131.000,0.1436,2.3922,2.8492,0.2242,0.2330,0.0491,0.0584,-9999.0000,0.0831,-9999.0000,0.0
1277362.000,0.1250,2.0739,2.6091,0.2719,0.1959,-9999.0000,0.0921,0.1566,-9999.0000,-9999.0000,0.0
1277594.000,0.1620,1.6521,2.9724,0.2004,0.2211,0.1205,0.1387,-9999.0000,-9999.0000,0.1065,0.0
1277825.000,0.1607,2.0394,2.7556,0.1493,0.1951,0.0604,0.1368,-9999.0000,-9999.0000,-9999.0000,0.0
1278056.000,0.1692,2.1077,3.0464,-9999.0000,0.3204,0.0617,0.0941,-9999.0000,0.1302,-9999.0000,0.0
1278287.000,0.1633,1.8661,2.7699,0.1538,0.1860,0.0379,0.0943,-9999.0000,-9999.0000,0.0603,0.0
1278519.000,0.1899,2.1550,2.6060,0.1570,0.2005,-9999.0000,0.1313,-9999.0000,-9999.0000,-9999.0000,0.0
1278750.000,0.1302,2.2938,2.5860,-9999.0000,0.1825,0.0601,0.0795,0.1409,-9999.0000,-9999.0000,0.0
1278981.000,0.2185,2.2935,2.7584,0.2032,0.2473,-9999.0000,0.1405,-9999.0000,-9999.0000,-9999.0000,0.0
1279212.000,0.1082,2.4335,2.4816,-9999.0000,0.2225,-9999.0000,0.2551,-9999.0000,-9999.0000,0.0603,0.0
1279443.000,0.0584,2.0499,2.8300,0.2231,0.2924,0.1079,0.1146,-9999.0000,-9999.0000,0.0589,0.0
1279675.000,0.1874,2.2764,2.7445,0.1779,0.2711,0.0496,0.0709,-9999.0000,-9999.0000,-9999.0000,0.0
1279906.000,0.1634,2.4418,2.7877,0.1541,0.2716,0.0617,0.0483,-9999.0000,0.1604,-9999.0000,0.0
1280137.000,0.1929,2.0688,2.8940,-9999.0000,0.1483,-9999.0000,0.1162,-9999.0000,-9999.0000,-9999.0000,0.0
1280368.000,0.1069,2.7602,2.7128,0.2721,0.1957,0.0370,0.0693,-9999.0000,-9999.0000,0.1529,0.0
1280599.000,0.1426,2.9949,3.0095,0.3674,0.3519,0.0603,0.2048,-9999.0000,0.1254,0.1054,0.0
1280831.000,0.1552,2.5901,3.4196,0.1748,0.3529,0.1197,0.1487,-9999.0000,-9999.0000,-9999.0000,0.0
1281062.000,0.1883,2.5609,3.2505,0.3373,0.2638,0.0358,0.1224,-9999.0000,-9999.0000,0.0572,0.0
1281293.000,0.2112,2.7409,3.3601,0.1284,0.3553,0.0731,0.1276,-9999.0000,-9999.0000,-9999.0000,0.0
1281524.000,0.1632,2.8527,3.2584,0.3253,0.3322,0.1212,0.1170,-9999.0000,-9999.0000,0.0605,0.0
1281755.000,0.1192,2.6916,2.9529,0.1755,0.2080,0.0962,-9999.0000,0.1554,-9999.0000,-9999.0000,0.0
1281987.000,0.1250,2.5723,3.1989,0.1993,0.2560,0.1551,0.0919,-9999.0000,0.1111,-9999.0000,0.0
1282218.000,0.1482,2.6575,2.9620,0.2696,0.4350,0.0835,0.1473,0.1893,-9999.0000,-9999.0000,0.0
1282449.000,0.1916,2.8669,3.0745,0.1267,0.4861,0.0843,0.1716,0.1923,-9999.0000,0.1530,0.0
1282680.000,0.1797,2.5982,3.2721,0.2727,0.3169,0.0725,0.1605,-9999.0000,0.1413,-9999.0000,0.0
1282911.000,0.1626,2.5852,3.4154,0.2506,0.3552,-9999.0000,0.0932,-9999.0000,-9999.0000,-9999.0000,0.0
1283143.000,0.1743,2.4630,2.8968,0.2496,0.2207,0.0966,0.1727,-9999.0000,-9999.0000,0.0599,0.0
1283433.000,-9999.0000,-9999.0000,-9999.0000,-9999.0000,-9999.0000,-9999.0000,-9999.0000,-9999.0000,-9999.0000,-9999.0000,1.0
1283664.000,-9999.0000,-9999.0000,-9999.0000,-9999.0000,-9999.0000,-9999.0000,-9999.0000,-9999.0000,-9999.0000,-9999.0000,1.0
1283895.000,-9999.0000,-9999.0000,-9999.0000,-9999.0000,-9999.0000,-9999.0000,-9999.0000,-9999.0000,-9999.0000,-9999.0000,1.0
1284127.000,-9999.0000,-9999.0000,-9999.0000,-9999.0000,-9999.0000,-9999.0000,-9999.0000,-9999.0000,-9999.0000,-9999.0000,1.0
1284358.000,-9999.0000,-9999.0000,-9999.0000,-9999.0000,-9999.0000,-9999.0000,-9999.0000,-9999.0000,-9999.0000,-9999.0000,1.0
1284589.000,-9999.0000,-9999.0000,-9999.0000,-9999.0000,-9999.0000,-9999.0000,-9999.0000,-9999.0000,-9999.0000,-9999.0000,1.0
1284820.000,-9999.0000,-9999.0000,-9999.0000,-9999.0000,-9999.0000,-9999.0000,-9999.0000,-9999.0000,-9999.0000,-9999.0000,1.0
1285051.000,-9999.0000,-9999.0000,-9999.0000,-9999.0000,-9999.0000,-9999.0000,-9999.0000,-9999.0000,-9999.0000,-9999.0000,1.0
1285283.000,-9999.0000,-9999.0000,-9999.0000,-9999.0000,-9999.0000,-9999.0000,-9999.0000,-9999.0000,-9999.0000,-9999.0000,1.0
1285514.000,-9999.0000,-9999.0000,-9999.0000,-9999.0000,-9999.0000,-9999.0000,-9999.0000,-9999.0000,-9999.0000,-9999.0000,1.0
1285745.000,-9999.0000,-9999.0000,-9999.0000,-9999.0000,-9999.0000,-9999.0000,-9999.0000,-9999.0000,-9999.0000,-9999.0000,1.0
1286070.000,0.1461,2.6415,3.0004,0.3533,0.3708,0.0981,0.1414,0.1357,-9999.0000,-9999.0000,0.0
1286301.000,0.1979,2.5801,3.0853,0.2972,0.4375,0.0370,0.1716,0.1537,-9999.0000,-9999.0000,0.0
1286532.000,0.1386,2.5809,2.9430,0.1540,0.3188,0.0732,0.1279,-9999.0000,0.0829,-9999.0000,0.0
1286763.000,0.1457,2.4634,3.1003,0.3031,0.3086,0.0858,0.2329,-9999.0000,-9999.0000,0.0615,0.0
1286995.000,0.1375,2.4421,3.2034,0.3699,0.2801,-9999.0000,0.1716,-9999.0000,-9999.0000,0.1066,0.0
1287226.000,0.1448,2.6576,3.0458,0.3252,0.5018,0.0971,0.1853,-9999.0000,0.0981,-9999.0000,0.0
1287457.000,0.1716,2.2950,3.2004,0.2325,0.4836,-9999.0000,0.0848,-9999.0000,-9999.0000,-9999.0000,0.0
1287688.000,0.1692,2.1031,3.2671,0.2765,0.4287,0.0971,0.1052,-9999.0000,-9999.0000,-9999.0000,0.0
1287919.000,0.1216,2.5216,3.3864,0.2551,0.4319,0.0501,0.1414,0.1350,-9999.0000,-9999.0000,0.0
1288151.000,0.1790,2.4821,3.2385,0.1108,0.4616,0.0874,0.1093,-9999.0000,-9999.0000,-9999.0000,0.0
1288382.000,0.1633,2.5204,3.0152,0.4477,0.4288,0.0495,0.1740,-9999.0000,-9999.0000,-9999.0000,0.0
1288613.000,0.1320,2.5024,2.9741,0.1532,0.5599,0.1083,0.1725,0.1420,0.1263,-9999.0000,0.0
1288844.000,0.1665,2.7554,3.2481,0.2347,0.3002,0.0994,0.1789,0.1139,-9999.0000,-9999.0000,0.0
1289075.000,0.2318,2.6860,3.3591,0.2306,0.4807,0.0980,0.1758,-9999.0000,-9999.0000,0.1568,0.0
1289307.000,0.2101,2.4156,3.0211,0.3704,0.4010,0.1551,0.2058,-9999.0000,-9999.0000,-9999.0000,0.0
1289538.000,0.1337,2.4443,2.8150,0.3283,0.4556,0.0859,0.0604,0.1720,-9999.0000,0.1092,0.0
1289769.000,0.2399,2.0804,3.0063,0.2830,0.3855,0.0749,0.0736,-9999.0000,-9999.0000,0.1585,0.0
1290000.000,0.1602,2.4900,3.2240,0.2939,0.4693,0.0832,0.1692,0.1486,-9999.0000,-9999.0000,0.0
1290232.000,0.1621,2.4256,2.8741,-9999.0000,0.5347,0.0962,0.1493,-9999.0000,-9999.0000,0.1072,0.0
1290463.000,0.2251,2.3766,2.9181,0.3523,0.5893,0.0857,0.0717,-9999.0000,0.0990,0.0618,0.0
1290694.000,0.1438,2.5801,2.9027,0.4193,0.5221,0.0961,0.1377,-9999.0000,-9999.0000,-9999.0000,0.0
1290925.000,0.1932,2.4376,3.1126,-9999.0000,0.5368,-9999.0000,0.1161,-9999.0000,-9999.0000,-9999.0000,0.0
1291156.000,0.1532,2.1389,2.5890,0.1342,0.3721,0.1106,0.1425,-9999.0000,-9999.0000,0.1104,0.0
1291388.000,0.1636,2.1149,2.9978,0.3022,0.5388,0.0853,0.0597,-9999.0000,-9999.0000,-9999.0000,0.0
1291619.000,0.2402,2.1291,2.8540,0.2735,0.4971,0.0959,0.0806,-9999.0000,-9999.0000,-9999.0000,0.0
1291850.000,0.1589,2.4201,2.5053,0.1336,0.4447,0.0743,0.0957,-9999.0000,-9999.0000,-9999.0000,0.0
1292081.000,0.1861,2.0935,2.8128,0.3708,0.5217,0.0488,0.1262,-9999.0000,-9999.0000,-9999.0000,0.0
1292312.000,0.1422,2.0852,2.6220,0.2217,0.4805,0.1064,-9999.0000,-9999.0000,-9999.0000,-9999.0000,0.0
1292544.000,0.1643,2.3520,2.7609,0.4020,0.3817,0.0858,-9999.0000,-9999.0000,-9999.0000,-9999.0000,0.0
1292775.000,0.1534,2.1454,2.6733,0.2334,0.5447,0.0747,0.0501,-9999.0000,-9999.0000,0.0631,0.0
1293006.000,0.1769,2.0505,2.6503,0.3538,0.4067,-9999.0000,0.0721,0.1206,-9999.0000,0.0623,0.0
1293237.000,0.1263,1.9045,2.4569,0.4212,0.6324,0.0610,0.1042,-9999.0000,-9999.0000,0.1078,0.0
1293468.000,0.1149,2.2450,2.6849,0.2778,0.4895,0.0734,0.1054,-9999.0000,-9999.0000,-9999.0000,0.0
1293700.000,0.1350,1.9748,2.9602,0.2336,0.4830,0.0867,0.0733,-9999.0000,-9999.0000,-9999.0000,0.0
1293931.000,0.1750,1.9524,2.8378,0.4221,0.5240,0.1203,0.0475,-9999.0000,-9999.0000,-9999.0000,0.0
1294162.000,0.2029,1.8763,2.7068,0.2476,0.5303,0.0366,0.0796,0.1363,-9999.0000,0.1528,0.0
1294393.000,0.1402,2.1455,3.1436,0.2802,0.5043,0.0381,0.1066,-9999.0000,-9999.0000,-9999.0000,0.0
1294624.000,0.1336,2.0833,2.8876,0.4013,0.4541,0.0736,0.0830,-9999.0000,-9999.0000,0.0621,0.0
1294856.000,0.1608,2.2612,2.7600,0.2474,0.6018,0.0482,0.1020,-9999.0000,-9999.0000,0.1062,0.0
1295087.000,0.2044,2.2310,2.7931,0.3230,0.6545,0.1196,0.0922,0.1139,-9999.0000,0.0607,0.0
1295318.000,0.1923,2.2298,2.6984,0.3229,0.8355,-9999.0000,0.1376,0.1138,-9999.0000,0.0607,0.0
1295549.000,0.1385,2.3072,2.7574,0.4701,0.9229,0.0609,0.2295,-9999.0000,-9999.0000,0.0612,0.0
1295780.000,0.1667,2.1815,2.6200,0.2231,0.7690,0.0716,0.1581,-9999.0000,-9999.0000,-9999.0000,0.0
1296011.000,0.1429,2.3118,2.9655,0.3198,1.0459,-9999.0000,0.0682,-9999.0000,-9999.0000,0.1064,0.0
1296243.000,0.1780,2.3334,2.7764,0.4551,0.8509,0.1105,0.1424,-9999.0000,-9999.0000,-9999.0000,0.0
1296474.000,0.1557,2.1295,2.6721,0.5392,0.8333,0.1192,-9999.0000,-9999.0000,-9999.0000,-9999.0000,0.0
1296705.000,0.1643,2.2253,2.5085,0.4509,0.7350,0.0618,0.1406,-9999.0000,0.0830,-9999.0000,0.0
1296936.000,0.1883,2.2189,2.8700,0.2789,0.8676,0.0497,0.0599,-9999.0000,-9999.0000,-9999.0000,0.0
1297168.000,0.1388,2.1268,2.7416,0.2524,0.8147,0.1439,0.2186,-9999.0000,0.1406,-9999.0000,0.0
1297399.000,0.1731,2.0499,2.9114,0.3926,0.9265,-9999.0000,0.2039,-9999.0000,-9999.0000,-9999.0000,0.0
1297630.000,0.1512,2.3800,2.7581,0.3504,0.9130,0.1205,0.0935,-9999.0000,-9999.0000,0.1557,0.0
1297861.000,0.1511,2.4297,2.8312,0.2285,0.9365,0.0611,0.0705,0.2285,-9999.0000,-9999.0000,0.0
1298092.000,0.1319,1.8146,2.8251,0.5644,0.7859,0.0370,0.0806,-9999.0000,0.0791,0.0609,0.0
1298324.000,0.1332,2.1384,2.8541,0.3022,0.7676,0.0731,0.0480,-9999.0000,-9999.0000,0.1559,0.0
1298555.000,0.1369,2.0939,2.6624,0.4157,0.6129,-9999.0000,-9999.0000,-9999.0000,-9999.0000,0.1064,0.0
1298786.000,0.1571,2.2592,2.8914,0.3013,0.9114,0.0374,0.1274,-9999.0000,-9999.0000,-9999.0000,0.0
1299017.000,0.1007,2.1389,2.7372,0.2948,0.8747,0.0830,-9999.0000,-9999.0000,-9999.0000,-9999.0000,0.0
1299248.000,0.2011,1.7118,2.6540,0.2558,1.0401,-9999.0000,-9999.0000,0.0927,-9999.0000,-9999.0000,0.0
1299480.000,0.1251,2.1024,2.7891,0.3924,0.9612,0.0951,0.0908,-9999.0000,-9999.0000,-9999.0000,0.0
1299711.000,0.1973,1.6715,2.6054,0.4171,0.9142,0.0366,0.1023,-9999.0000,-9999.0000,0.0605,0.0
1299942.000,0.1191,2.2055,2.8568,0.4884,0.9730,0.0716,0.0795,0.1094,-9999.0000,-9999.0000,0.0
1300173.000,0.1257,2.0366,2.7551,0.6595,1.1569,0.0486,0.0576,-9999.0000,-9999.0000,-9999.0000,0.0
1300404.000,0.1556,1.8539,2.6965,0.5144,1.0116,-9999.0000,0.0914,-9999.0000,-9999.0000,0.0607,0.0
1300636.000,0.1026,2.1259,2.5124,0.4956,0.9229,-9999.0000,0.0704,-9999.0000,-9999.0000,0.1087,0.0
1300867.000,0.2216,1.9423,2.8890,0.3458,1.0594,-9999.0000,0.0913,-9999.0000,-9999.0000,0.0608,0.0
1301098.000,0.2423,2.1379,2.8000,0.5453,1.0336,0.0731,0.1049,-9999.0000,-9999.0000,0.0621,0.0
1301329.000,0.1138,1.7140,2.6880,0.4190,1.1454,0.1191,-9999.0000,-9999.0000,-9999.0000,0.1076,0.0
1301560.000,0.2007,1.9592,2.5269,0.5724,1.2566,0.0616,0.1172,-9999.0000,0.0968,-9999.0000,0.0
1301792.000,0.1312,1.8504,2.6255,0.5366,1.0804,0.0482,0.1584,-9999.0000,0.0769,0.0605,0.0
1302023.000,0.1281,1.7204,2.9236,0.5982,1.1002,0.1451,-9999.0000,-9999.0000,-9999.0000,0.1574,0.0
1302254.000,0.2032,1.7067,2.8751,0.4325,1.0486,0.0627,0.1545,0.1467,-9999.0000,-9999.0000,0.0
1302485.000,0.1438,1.9270,2.6480,0.8043,0.7957,0.0838,0.1481,-9999.0000,-9999.0000,-9999.0000,0.0
1302716.000,0.1377,1.7071,2.8825,0.6591,1.1675,0.1189,0.0801,0.0975,-9999.0000,0.0610,0.0
1302948.000,0.1978,2.1341,2.8520,0.4186,0.9274,0.1072,0.0802,-9999.0000,-9999.0000,0.1076,0.0
1303179.000,0.1095,1.8331,2.7772,0.5479,0.9515,0.0734,0.1171,-9999.0000,-9999.0000,-9999.0000,0.0
1303410.000,0.1628,1.7955,3.0486,0.7119,0.9078,0.0490,0.0812,0.1247,0.1386,-9999.0000,0.0
1303641.000,0.1865,2.0900,2.9673,0.5895,0.8699,0.0841,0.0922,-9999.0000,-9999.0000,-9999.0000,0.0
1303872.000,0.1520,2.2311,2.7873,0.8884,0.9507,0.0971,0.0827,0.1027,-9999.0000,-9999.0000,0.0
1304104.000,0.1386,1.7783,3.1413,0.5424,1.0765,0.0607,0.1833,-9999.0000,-9999.0000,0.0618,0.0
1304335.000,0.1378,1.8457,3.1990,0.6592,0.7346,0.0837,0.0914,0.2215,-9999.0000,0.0611,0.0
1304566.000,0.1707,1.8507,3.0726,0.6958,1.0748,0.0617,0.0489,0.1794,0.0818,-9999.0000,0.0
1304797.000,0.1185,1.9013,2.9718,0.6522,0.8471,-9999.0000,-9999.0000,-9999.0000,0.0894,-9999.0000,0.0
1305028.000,0.1635,1.6659,2.9768,0.4965,1.0439,0.1320,0.0819,0.1133,-9999.0000,-9999.0000,0.0
1305260.000,0.0900,1.7567,3.0894,0.7323,0.9756,0.0486,0.1594,-9999.0000,-9999.0000,-9999.0000,0.0
1305491.000,0.0915,1.7603,2.6562,0.6700,1.0119,0.0497,0.1172,-9999.0000,-9999.0000,-9999.0000,0.0
1305722.000,0.1607,1.7502,2.8718,0.7546,0.7542,-9999.0000,0.0740,-9999.0000,-9999.0000,-9999.0000,0.0
1305953.000,0.1635,1.8439,2.8181,0.5933,0.7165,-9999.0000,0.0932,0.1505,-9999.0000,-9999.0000,0.0
1306184.000,0.1807,1.8152,3.1168,0.7831,1.0867,0.0606,-9999.0000,0.1357,0.1228,0.2484,0.0
1306416.000,0.1605,1.6916,3.3586,0.5565,0.8884,0.1107,0.1778,0.1840,0.0846,-9999.0000,0.0
1306647.000,0.1023,1.3691,2.9199,0.3481,0.8929,0.1075,0.1034,-9999.0000,-9999.0000,0.0618,0.0
1306878.000,0.1090,1.4636,3.0229,0.7869,0.8611,0.0492,0.0931,-9999.0000,-9999.0000,-9999.0000,0.0
1307109.000,0.0915,1.4522,3.0440,0.6695,0.9016,0.1089,0.1398,-9999.0000,-9999.0000,-9999.0000,0.0
1307340.000,0.2062,1.7024,3.1933,0.5947,0.6448,0.1795,0.2076,0.1509,-9999.0000,-9999.0000,0.0
1307572.000,0.1507,1.8434,2.9546,0.3731,0.8457,0.0489,0.2509,-9999.0000,-9999.0000,-9999.0000,0.0
1307803.000,0.1451,1.6987,3.2368,0.8339,0.8959,0.0490,0.2063,-9999.0000,-9999.0000,0.0624,0.0
1308034.000,0.2018,1.6675,3.1789,0.6246,0.7837,0.0739,0.1525,-9999.0000,-9999.0000,0.0639,0.0
1308265.000,0.1264,1.4480,3.0121,0.5894,0.9647,0.1544,0.0920,0.1346,-9999.0000,-9999.0000,0.0
1308496.000,0.1630,1.4923,2.9898,0.5190,0.9433,0.1196,0.1267,-9999.0000,-9999.0000,0.1557,0.0
1308728.000,0.1559,1.3711,3.1997,0.4427,0.9613,0.0601,0.0800,0.0955,-9999.0000,0.0615,0.0
1347206.000,0.1404,1.5636,2.4107,-9999.0000,0.3835,0.0626,0.1586,-9999.0000,-9999.0000,-9999.0000,0.0
1347437.000,0.1414,1.4600,2.6135,0.1686,0.2738,0.1631,0.2179,-9999.0000,-9999.0000,0.1744,0.0
1347668.000,0.1342,1.3732,2.5961,0.1540,0.4434,0.1145,0.0619,-9999.0000,-9999.0000,0.0536,0.0
1347900.000,0.1205,1.5253,2.5927,-9999.0000,0.4735,0.0848,0.1793,0.0917,-9999.0000,-9999.0000,0.0
1348131.000,0.1551,2.0535,2.6394,0.2068,0.4221,0.1619,0.1296,-9999.0000,0.1062,-9999.0000,0.0
1348362.000,0.2096,1.9864,2.7532,0.2594,0.3855,-9999.0000,0.0705,-9999.0000,-9999.0000,0.1470,0.0
1348593.000,0.1364,2.1575,2.4899,0.1695,0.3298,0.1552,0.0924,0.1877,0.1695,0.0596,0.0
1348824.000,0.1162,2.2639,2.5971,0.1521,0.3823,0.0345,0.1397,0.1851,0.1194,-9999.0000,0.0
1349056.000,0.1764,2.1659,2.4007,0.3669,0.3523,0.0582,0.1099,0.1309,0.1811,-9999.0000,0.0
1349287.000,0.1518,2.0211,2.5576,0.1306,0.3264,0.0576,0.1629,0.1036,-9999.0000,0.1075,0.0
1349518.000,0.1403,2.0364,2.5583,0.3170,0.4079,0.1710,-9999.0000,0.1037,0.0783,-9999.0000,0.0
1349749.000,0.1483,2.3849,2.8144,0.3468,0.3195,-9999.0000,0.1225,-9999.0000,-9999.0000,-9999.0000,0.0
1349980.000,0.1072,2.1729,2.6439,0.2762,0.3195,0.0819,0.1668,-9999.0000,0.1837,-9999.0000,0.0
1350212.000,0.1117,2.2708,2.4576,-9999.0000,0.3742,0.0806,0.1420,0.1050,-9999.0000,-9999.0000,0.0
1350443.000,0.1244,2.2512,2.5867,-9999.0000,0.2950,0.0930,0.1549,-9999.0000,-9999.0000,-9999.0000,0.0
1350799.000,-9999.0000,-9999.0000,-9999.0000,-9999.0000,-9999.0000,-9999.0000,-9999.0000,-9999.0000,-9999.0000,-9999.0000,1.0
1351030.000,-9999.0000,-9999.0000,-9999.0000,-9999.0000,-9999.0000,-9999.0000,-9999.0000,-9999.0000,-9999.0000,-9999.0000,1.0
1351261.000,-9999.0000,-9999.0000,-9999.0000,-9999.0000,-9999.0000,-9999.0000,-9999.0000,-9999.0000,-9999.0000,-9999.0000,1.0
1351493.000,-9999.0000,-9999.0000,-9999.0000,-9999.0000,-9999.0000,-9999.0000,-9999.0000,-9999.0000,-9999.0000,-9999.0000,1.0
1351724.000,-9999.0000,-9999.0000,-9999.0000,-9999.0000,-9999.0000,-9999.0000,-9999.0000,-9999.0000,-9999.0000,-9999.0000,1.0
1351955.000,-9999.0000,-9999.0000,-9999.0000,-9999.0000,-9999.0000,-9999.0000,-9999.0000,-9999.0000,-9999.0000,-9999.0000,1.0
1352186.000,-9999.0000,-9999.0000,-9999.0000,-9999.0000,-9999.0000,-9999.0000,-9999.0000,-9999.0000,-9999.0000,-9999.0000,1.0
1352418.000,-9999.0000,-9999.0000,-9999.0000,-9999.0000,-9999.0000,-9999.0000,-9999.0000,-9999.0000,-9999.0000,-9999.0000,1.0
1352697.000,0.1482,2.6153,2.6940,0.2998,0.3425,-9999.0000,0.0671,0.2307,0.1105,0.0646,0.0
1352928.000,0.1194,2.4071,2.5079,0.2777,0.4381,0.0706,-9999.0000,0.1226,-9999.0000,0.1563,0.0
1353160.000,0.1764,2.6381,2.4287,0.2738,0.1768,0.0925,0.1319,0.2153,-9999.0000,0.0639,0.0
1353391.000,0.1653,2.2692,2.4060,0.1343,0.3297,0.0356,-9999.0000,-9999.0000,0.0806,-9999.0000,0.0
1353622.000,0.0948,2.5960,2.5692,0.2741,0.3522,-9999.0000,0.0881,0.1307,-9999.0000,-9999.0000,0.0
1353853.000,0.0902,2.7539,2.6183,0.3263,0.3092,0.0940,0.1237,-9999.0000,-9999.0000,-9999.0000,0.0
1354084.000,0.1288,2.3055,2.5094,0.2017,0.3847,0.0577,0.0977,-9999.0000,0.1351,0.1082,0.0
1354316.000,0.1472,2.5933,2.4276,0.2037,0.2235,0.0696,0.0770,-9999.0000,-9999.0000,0.0640,0.0
1354547.000,0.1189,2.4320,2.7357,0.1589,0.2955,0.1047,0.1223,0.2062,-9999.0000,0.1557,0.0
1354778.000,0.2614,2.4897,2.2447,0.1135,0.2384,-9999.0000,0.2238,0.2340,-9999.0000,-9999.0000,0.0
1355009.000,0.1297,2.2084,2.4582,0.3444,0.3169,0.1381,0.0770,-9999.0000,-9999.0000,-9999.0000,0.0
1355240.000,0.1351,2.1994,2.5715,0.1797,0.1878,0.1035,-9999.0000,0.1531,0.0930,0.0638,0.0
1355472.000,0.1676,2.3379,2.4117,0.2806,0.1800,-9999.0000,-9999.0000,0.1620,-9999.0000,-9999.0000,0.0
1355703.000,0.1902,1.7844,2.4164,0.1131,0.2142,-9999.0000,0.1344,-9999.0000,-9999.0000,0.1567,0.0
1355934.000,0.1710,2.1342,2.1896,0.2048,0.2006,-9999.0000,-9999.0000,0.1311,-9999.0000,-9999.0000,0.0
1356165.000,0.1082,2.1409,2.1249,0.3275,0.2387,0.0480,0.1020,-9999.0000,0.0980,-9999.0000,0.0
1356396.000,0.1590,2.1659,2.2889,0.3448,0.2236,-9999.0000,-9999.0000,0.1062,-9999.0000,-9999.0000,0.0
1356628.000,0.0938,2.1111,2.2866,-9999.0000,0.3954,0.0914,0.1191,0.1025,-9999.0000,0.0633,0.0
1356859.000,0.0771,1.8748,2.3672,0.2036,0.2812,-9999.0000,0.1314,-9999.0000,0.1361,0.0641,0.0
1357090.000,0.0777,1.9739,2.1890,0.3939,0.3770,0.0472,0.1110,-9999.0000,-9999.0000,-9999.0000,0.0
1357321.000,0.1324,1.9512,2.2735,-9999.0000,0.3443,-9999.0000,0.0516,-9999.0000,-9999.0000,-9999.0000,0.0
1357552.000,0.1010,1.9915,2.2218,0.2055,0.4116,-9999.0000,0.0997,0.1072,0.1090,0.0648,0.0
1357784.000,0.1374,2.0372,2.2836,0.2793,0.3088,0.0478,-9999.0000,0.2330,-9999.0000,0.1115,0.0
1358015.000,0.1416,1.9335,2.0584,0.2048,0.2236,-9999.0000,-9999.0000,0.1303,-9999.0000,0.1550,0.0
1358246.000,0.1475,2.2329,2.2470,0.1347,0.3639,0.0926,0.0663,0.0941,-9999.0000,-9999.0000,0.0
1358477.000,0.1746,1.7454,2.3297,0.2013,0.1979,0.0347,0.0861,-9999.0000,0.1191,0.0633,0.0
1358709.000,0.1068,1.8151,2.1535,0.1821,0.2475,0.0699,0.0556,0.1554,0.1231,0.0649,0.0
1358940.000,0.1523,1.9835,2.3178,0.3894,0.2106,0.0578,0.0653,0.1399,-9999.0000,0.0640,0.0
1359171.000,0.0938,1.7118,1.9653,0.2945,0.1981,0.0461,0.0972,0.1139,-9999.0000,-9999.0000,0.0
1359402.000,0.1118,1.7252,2.3500,0.2967,0.2690,0.0920,0.0764,-9999.0000,-9999.0000,-9999.0000,0.0
1359633.000,0.1367,1.4825,2.1625,0.1837,0.2721,0.0933,0.1116,-9999.0000,-9999.0000,0.0655,0.0
1359865.000,0.1428,1.8015,2.1112,-9999.0000,0.1431,0.0361,0.1119,0.1825,-9999.0000,-9999.0000,0.0
1360096.000,0.2015,1.7199,2.2017,0.1135,0.2842,-9999.0000,0.1229,0.1579,0.1537,-9999.0000,0.0
1360327.000,0.1122,1.6443,2.3916,0.2279,0.1764,0.0809,-9999.0000,-9999.0000,-9999.0000,-9999.0000,0.0
1360558.000,0.1001,1.6635,2.1833,-9999.0000,0.3383,0.1145,0.0653,-9999.0000,-9999.0000,0.1091,0.0
1360789.000,0.0875,1.4411,2.3378,0.1774,0.2777,-9999.0000,0.0854,-9999.0000,0.0750,-9999.0000,0.0
1361021.000,0.1476,1.9646,2.3256,0.1588,0.2938,-9999.0000,0.1434,-9999.0000,0.1368,-9999.0000,0.0
1361252.000,0.1403,1.5277,2.4003,0.1329,0.1520,0.0349,-9999.0000,-9999.0000,0.1480,-9999.0000,0.0
1361483.000,0.0998,2.0114,2.3461,-9999.0000,0.2215,-9999.0000,0.0976,-9999.0000,-9999.0000,-9999.0000,0.0
1361714.000,0.1124,1.9833,2.5346,0.1586,0.2235,0.1153,0.0663,-9999.0000,-9999.0000,-9999.0000,0.0
1362011.000,-9999.0000,-9999.0000,-9999.0000,-9999.0000,-9999.0000,-9999.0000,-9999.0000,-9999.0000,-9999.0000,-9999.0000,1.0
1362242.000,-9999.0000,-9999.0000,-9999.0000,-9999.0000,-9999.0000,-9999.0000,-9999.0000,-9999.0000,-9999.0000,-9999.0000,1.0
1362473.000,-9999.0000,-9999.0000,-9999.0000,-9999.0000,-9999.0000,-9999.0000,-9999.0000,-9999.0000,-9999.0000,-9999.0000,1.0
1362705.000,-9999.0000,-9999.0000,-9999.0000,-9999.0000,-9999.0000,-9999.0000,-9999.0000,-9999.0000,-9999.0000,-9999.0000,1.0
1362936.000,-9999.0000,-9999.0000,-9999.0000,-9999.0000,-9999.0000,-9999.0000,-9999.0000,-9999.0000,-9999.0000,-9999.0000,1.0
1363167.000,-9999.0000,-9999.0000,-9999.0000,-9999.0000,-9999.0000,-9999.0000,-9999.0000,-9999.0000,-9999.0000,-9999.0000,1.0
1363398.000,-9999.0000,-9999.0000,-9999.0000,-9999.0000,-9999.0000,-9999.0000,-9999.0000,-9999.0000,-9999.0000,-9999.0000,1.0
1363629.000,-9999.0000,-9999.0000,-9999.0000,-9999.0000,-9999.0000,-9999.0000,-9999.0000,-9999.0000,-9999.0000,-9999.0000,1.0
1363916.000,0.0812,2.3119,2.3276,0.2909,0.2759,0.1012,0.0951,0.2038,-9999.0000,-9999.0000,0.0
1364148.000,0.1064,2.2174,2.2749,0.1352,0.2230,0.0354,0.1317,0.1168,-9999.0000,0.1101,0.0
1364379.000,0.1238,2.0633,2.3097,0.2051,0.2577,0.0581,-9999.0000,0.0923,0.0922,0.1100,0.0
1364610.000,0.1700,1.9489,2.2567,0.3209,0.1991,0.0466,-9999.0000,-9999.0000,0.0916,0.1097,0.0
1364841.000,0.1188,2.0363,2.4203,0.1602,0.2827,0.0358,0.1110,-9999.0000,-9999.0000,-9999.0000,0.0
1365072.000,0.1522,1.9361,2.4024,-9999.0000,0.2914,0.0690,-9999.0000,0.1989,-9999.0000,-9999.0000,0.0
1365304.000,0.1526,2.1158,2.4858,0.3211,0.1526,-9999.0000,-9999.0000,-9999.0000,-9999.0000,-9999.0000,0.0
1365535.000,0.1120,1.8987,2.3893,0.1348,0.3037,0.1033,0.0547,-9999.0000,-9999.0000,-9999.0000,0.0
1365766.000,0.0834,1.7871,2.3635,0.3932,0.2001,-9999.0000,0.1213,-9999.0000,-9999.0000,0.0654,0.0
1365997.000,0.0883,1.7790,2.3129,-9999.0000,0.2098,0.0349,0.1520,-9999.0000,-9999.0000,0.0644,0.0
1366228.000,0.1353,1.7116,2.3238,0.1118,0.2806,0.0693,-9999.0000,0.1157,-9999.0000,-9999.0000,0.0
1366460.000,0.1642,1.6952,2.3642,0.2281,0.3152,0.0806,0.0765,0.1756,-9999.0000,-9999.0000,0.0
1366691.000,0.1225,1.9856,2.2207,0.1099,0.2436,0.0347,0.0752,-9999.0000,0.0749,-9999.0000,0.0
1366922.000,0.1105,1.6666,2.3013,-9999.0000,0.2541,0.0569,-9999.0000,0.1105,-9999.0000,-9999.0000,0.0
1367153.000,0.1627,1.4301,2.3263,0.2022,0.2203,0.0572,0.0750,0.1238,-9999.0000,-9999.0000,0.0
1367385.000,0.1574,1.8683,2.3385,0.2494,0.2672,-9999.0000,-9999.0000,0.1608,0.0896,-9999.0000,0.0
1367616.000,0.1464,1.8271,2.1842,0.2276,0.1986,-9999.0000,0.0871,-9999.0000,0.2191,0.1097,0.0
1367847.000,0.1327,2.0101,2.1108,0.2684,0.2641,0.0341,-9999.0000,-9999.0000,0.1005,-9999.0000,0.0
1368078.000,0.1057,1.9169,2.1988,0.1575,0.2214,0.0576,0.0542,-9999.0000,-9999.0000,0.0647,0.0
1368309.000,0.1410,1.7242,2.1887,0.1353,0.2687,0.1146,-9999.0000,0.2115,-9999.0000,-9999.0000,0.0
1368541.000,0.0934,1.6050,2.2496,0.1557,0.2659,0.0458,-9999.0000,0.1347,-9999.0000,-9999.0000,0.0
1368772.000,0.0766,1.8890,2.4750,0.1339,0.2324,0.0574,0.0755,-9999.0000,-9999.0000,-9999.0000,0.0
1369003.000,0.0832,1.8021,2.2474,0.1827,0.2227,0.0695,-9999.0000,0.2126,0.1490,0.0655,0.0
1369234.000,0.1277,1.5007,2.2634,-9999.0000,0.3343,0.1017,0.0960,0.2173,-9999.0000,0.1528,0.0
1369465.000,0.1738,1.6176,2.1880,0.1096,0.3232,-9999.0000,-9999.0000,-9999.0000,-9999.0000,0.0640,0.0
1369697.000,0.1556,1.6747,2.0029,-9999.0000,0.3213,-9999.0000,0.0628,-9999.0000,-9999.0000,-9999.0000,0.0
1369928.000,0.1246,1.5671,2.2215,0.1375,0.2589,0.0699,-9999.0000,-9999.0000,-9999.0000,0.1566,0.0
1370159.000,0.0937,1.5878,2.1454,0.2258,0.3355,0.0909,0.0534,-9999.0000,-9999.0000,0.0643,0.0
1370390.000,0.1220,1.5230,2.5379,0.2939,0.3689,0.0905,-9999.0000,-9999.0000,-9999.0000,0.1085,0.0
1370621.000,0.1109,1.9109,2.4022,0.1798,0.3470,0.1022,0.0968,0.0995,0.1594,-9999.0000,0.0
1370853.000,0.1395,1.9504,2.1065,0.2255,0.3235,0.0458,-9999.0000,-9999.0000,0.0880,-9999.0000,0.0
1371084.000,0.1518,1.6471,2.2548,0.2041,0.2789,0.0688,0.1084,0.1729,0.0751,0.0649,0.0
1371315.000,0.1404,1.7851,2.2678,-9999.0000,0.2674,0.0575,-9999.0000,-9999.0000,-9999.0000,-9999.0000,0.0
1371546.000,0.1119,1.6769,1.9314,0.0891,0.3610,-9999.0000,0.1200,-9999.0000,-9999.0000,-9999.0000,0.0
1371777.000,0.0992,1.6605,2.0259,0.1792,0.2771,0.0682,-9999.0000,-9999.0000,0.1158,-9999.0000,0.0
1372009.000,0.1448,1.5262,2.2294,0.2705,0.2650,0.0567,0.0743,0.1212,-9999.0000,-9999.0000,0.0
1372240.000,0.1170,1.6637,2.2678,0.3655,0.1513,0.0573,0.0646,0.1240,0.0887,0.1541,0.0
1372471.000,0.0997,1.4200,2.1607,0.1576,0.1629,-9999.0000,-9999.0000,0.1002,-9999.0000,-9999.0000,0.0
1372702.000,0.1824,1.7854,2.2443,0.2307,0.1299,0.0583,0.1103,-9999.0000,0.1061,-9999.0000,0.0
1372933.000,0.0951,1.5376,2.1466,0.2073,0.2463,0.0583,0.1102,0.1164,-9999.0000,-9999.0000,0.0
1373165.000,0.1476,1.7726,2.2456,0.2778,0.2816,0.0356,0.1214,-9999.0000,-9999.0000,-9999.0000,0.0
1373396.000,0.1161,1.5471,2.3771,0.2937,0.2878,0.0567,-9999.0000,-9999.0000,0.1007,-9999.0000,0.0
1373627.000,0.1397,1.9230,2.2736,0.2724,0.1394,0.0459,0.1183,0.1586,-9999.0000,-9999.0000,0.0
1373858.000,0.1394,1.9678,2.0306,0.2717,0.1276,0.0906,0.0639,0.0981,0.1580,-9999.0000,0.0
1374089.000,0.1439,1.8541,2.3046,0.1544,0.2063,0.0340,0.0733,0.1186,-9999.0000,0.0636,0.0
1374321.000,0.1994,2.0180,2.2200,0.1836,0.2225,0.0694,0.0661,0.1034,-9999.0000,0.1560,0.0
1374552.000,0.1055,1.7433,2.1836,0.1349,0.0937,0.1362,0.0756,-9999.0000,-9999.0000,0.1544,0.0
1374783.000,0.0758,2.0555,2.3596,-9999.0000,0.1956,-9999.0000,-9999.0000,-9999.0000,-9999.0000,0.0640,0.0
1375014.000,0.1523,1.9564,2.3731,0.1825,0.1753,0.0690,0.0764,-9999.0000,-9999.0000,-9999.0000,0.0
1375245.000,0.0950,1.9400,2.4442,0.1374,0.1878,-9999.0000,0.1974,0.1277,0.0910,-9999.0000,0.0
1375477.000,0.1367,1.5516,2.1826,0.1394,0.1659,0.0588,0.1005,0.1672,0.0930,0.1124,0.0
1375708.000,0.1401,1.6633,2.4814,-9999.0000,0.2551,-9999.0000,-9999.0000,-9999.0000,-9999.0000,-9999.0000,0.0
1375939.000,0.1417,1.9149,2.4354,-9999.0000,0.1299,0.0356,0.1322,-9999.0000,0.1343,-9999.0000,0.0
1376170.000,0.0879,1.6278,2.2476,-9999.0000,0.2313,0.1020,0.0642,-9999.0000,0.1441,-9999.0000,0.0
1376401.000,0.1994,1.8004,2.2069,0.1840,0.1992,0.1261,0.0880,-9999.0000,-9999.0000,-9999.0000,0.0
1376633.000,0.1405,1.7131,2.1637,0.1128,0.2557,0.0350,-9999.0000,-9999.0000,0.0746,-9999.0000,0.0
1376864.000,0.1357,1.7365,1.9787,0.2075,0.1993,-9999.0000,0.1646,-9999.0000,0.1623,0.1113,0.0
1377095.000,0.1556,1.3651,2.2178,0.2127,0.2851,0.0480,-9999.0000,0.1464,-9999.0000,-9999.0000,0.0
1377326.000,0.1237,1.7378,2.1001,0.2301,0.3380,0.0919,0.0550,0.1264,0.0757,-9999.0000,0.0
1377557.000,0.1344,1.6791,2.0272,-9999.0000,0.1860,0.0574,-9999.0000,-9999.0000,0.1592,0.0654,0.0
1377789.000,0.1144,1.6875,2.3514,0.2127,0.2379,0.0365,0.1132,0.1218,-9999.0000,-9999.0000,0.0
1378020.000,0.0871,1.3450,2.2881,0.1098,-9999.0000,0.0452,0.0951,-9999.0000,0.1130,-9999.0000,0.0
1378251.000,0.1288,1.8184,2.0352,-9999.0000,0.2439,-9999.0000,0.0867,-9999.0000,-9999.0000,0.1103,0.0
1378482.000,0.1126,1.3701,2.3004,0.1616,0.1996,-9999.0000,0.1103,-9999.0000,-9999.0000,-9999.0000,0.0
1378713.000,0.1129,1.4623,2.3116,-9999.0000,0.1767,-9999.0000,0.1217,-9999.0000,0.1059,-9999.0000,0.0
1378945.000,0.0953,1.5962,2.1446,0.0920,0.2695,-9999.0000,-9999.0000,-9999.0000,0.1053,0.0668,0.0
1379176.000,0.1691,1.4500,2.0453,0.1822,0.2206,0.1025,0.0649,-9999.0000,-9999.0000,0.0657,0.0
1379407.000,0.1282,1.2123,2.0733,0.1811,0.1393,0.1020,-9999.0000,-9999.0000,-9999.0000,-9999.0000,0.0
1379638.000,0.1416,1.4780,2.0277,0.0919,0.1065,0.0355,-9999.0000,-9999.0000,-9999.0000,-9999.0000,0.0
1379869.000,0.1646,1.3801,1.9881,0.0916,0.2339,-9999.0000,-9999.0000,-9999.0000,0.0901,-9999.0000,0.0
1380101.000,0.0997,1.4945,1.9741,0.1125,0.3466,0.0572,0.0645,-9999.0000,-9999.0000,0.1991,0.0
1380332.000,0.1542,1.5207,1.9910,-9999.0000,0.4228,0.0930,0.0895,-9999.0000,-9999.0000,-9999.0000,0.0
1380563.000,0.0901,1.5286,1.9308,0.1871,0.2592,0.0474,-9999.0000,0.1181,0.0779,0.1581,0.0
1380794.000,0.1634,1.2854,1.9495,0.1133,0.2668,0.0349,-9999.0000,-9999.0000,-9999.0000,-9999.0000,0.0
1381025.000,0.1120,1.3587,1.9332,0.2071,0.2679,0.0352,-9999.0000,0.1494,-9999.0000,-9999.0000,0.0
1381257.000,0.1185,1.4502,1.8712,0.0923,0.2577,0.0469,-9999.0000,-9999.0000,0.1049,0.1571,0.0
1381488.000,0.1162,1.0392,1.8197,0.2720,0.3905,-9999.0000,0.0851,-9999.0000,0.1137,-9999.0000,0.0
1381719.000,0.0890,1.3688,2.0376,0.2540,0.2682,-9999.0000,-9999.0000,0.1619,-9999.0000,0.0666,0.0
1381950.000,0.1522,1.1386,2.0130,-9999.0000,0.3482,-9999.0000,0.1632,0.1005,0.2023,0.1557,0.0
1382181.000,0.0833,1.2822,1.9894,0.2309,0.2219,0.0919,-9999.0000,-9999.0000,0.1179,-9999.0000,0.0
1382413.000,0.1505,1.6521,1.9139,-9999.0000,0.3674,0.1014,0.1066,-9999.0000,-9999.0000,-9999.0000,0.0
1382644.000,0.1271,1.6500,2.0313,0.2867,0.2274,-9999.0000,0.0812,-9999.0000,-9999.0000,0.0695,0.0
1382875.000,0.1359,1.5137,1.9295,0.1624,0.3737,0.0355,-9999.0000,-9999.0000,-9999.0000,-9999.0000,0.0
1383106.000,0.1315,1.5743,1.9618,-9999.0000,0.2836,-9999.0000,0.0573,-9999.0000,-9999.0000,-9999.0000,0.0
1383337.000,0.0990,1.4807,2.0261,0.1805,0.2758,0.0343,0.0744,-9999.0000,-9999.0000,-9999.0000,0.0
1383569.000,0.1353,1.4691,1.9161,0.3239,0.3723,-9999.0000,0.1857,-9999.0000,-9999.0000,-9999.0000,0.0
1383800.000,0.1414,1.4667,2.0104,0.3946,0.3499,0.0354,-9999.0000,0.1144,0.1182,-9999.0000,0.0
1384031.000,0.1664,1.6357,1.8062,0.2588,0.4002,0.0590,0.0791,-9999.0000,0.1213,-9999.0000,0.0
1384262.000,0.1508,1.3915,1.8032,0.3189,0.4710,-9999.0000,0.1070,-9999.0000,0.1137,-9999.0000,0.0
1384493.000,0.1695,1.5980,1.9211,0.2070,0.5327,0.0576,0.0980,-9999.0000,-9999.0000,-9999.0000,0.0
1384725.000,0.1693,1.4520,2.1466,0.2529,0.4976,0.0688,-9999.0000,-9999.0000,0.0877,0.1557,0.0
1384956.000,0.1455,1.3126,1.8623,0.3433,0.4149,0.0571,-9999.0000,-9999.0000,-9999.0000,-9999.0000,0.0
1385187.000,0.1358,1.4900,1.9690,0.3719,0.5009,-9999.0000,0.0556,0.1507,-9999.0000,0.0673,0.0
1385418.000,0.1786,1.4308,2.0180,0.4247,0.4364,0.0478,0.0576,0.1441,-9999.0000,-9999.0000,0.0
1385649.000,0.1184,1.4465,1.9447,0.5347,0.4545,-9999.0000,-9999.0000,-9999.0000,-9999.0000,0.0674,0.0
1385881.000,0.0938,1.5044,1.9263,0.4122,0.4721,-9999.0000,-9999.0000,-9999.0000,-9999.0000,-9999.0000,0.0
1386112.000,0.1339,1.6539,1.9316,0.3661,0.4834,0.0682,-9999.0000,0.1092,-9999.0000,0.0659,0.0
1386343.000,0.1694,1.1939,1.8711,0.6231,0.4861,0.0575,-9999.0000,-9999.0000,-9999.0000,-9999.0000,0.0
1386574.000,0.1124,1.6369,1.9886,0.4872,0.4304,-9999.0000,0.1533,0.1376,0.1603,-9999.0000,0.0
1386805.000,0.0948,1.4089,1.9666,0.4630,0.5452,-9999.0000,0.1093,0.1248,-9999.0000,0.1118,0.0
1387037.000,0.1792,1.2747,2.1024,0.3876,0.3216,0.0791,0.1175,-9999.0000,-9999.0000,0.0656,0.0
1387268.000,0.1134,1.2420,1.7501,0.4918,0.4920,0.0473,0.1004,-9999.0000,-9999.0000,0.0682,0.0
1387499.000,0.2000,1.4152,1.9904,0.3733,0.4204,0.0357,0.1325,-9999.0000,-9999.0000,-9999.0000,0.0
1387730.000,0.1243,1.3895,1.9265,0.5120,0.4313,-9999.0000,0.0666,-9999.0000,-9999.0000,-9999.0000,0.0
1387961.000,0.1352,1.1060,2.0138,0.1388,0.3832,-9999.0000,-9999.0000,-9999.0000,-9999.0000,-9999.0000,0.0
1388193.000,0.2205,1.4667,2.1745,0.3447,0.4730,0.0573,0.0864,-9999.0000,0.1289,-9999.0000,0.0
1388424.000,0.1139,1.2208,1.8596,0.4473,0.3416,-9999.0000,0.0792,-9999.0000,0.1209,-9999.0000,0.0
1388655.000,0.1466,1.1330,1.8738,0.3007,0.3251,0.0690,-9999.0000,0.1002,0.1447,-9999.0000,0.0
1388886.000,0.1140,1.1124,1.8118,0.2131,0.4939,0.0933,0.1123,-9999.0000,-9999.0000,-9999.0000,0.0
1389117.000,0.1590,1.3669,1.8771,0.4190,0.2919,0.0582,-9999.0000,0.0902,0.1320,-9999.0000,0.0
1389349.000,0.1622,1.3190,1.8536,0.4342,0.4361,-9999.0000,0.0747,-9999.0000,-9999.0000,-9999.0000,0.0
1389580.000,0.1358,1.4168,1.8102,0.3957,0.3034,0.1147,-9999.0000,-9999.0000,-9999.0000,-9999.0000,0.0
1389811.000,0.1017,1.1965,1.8924,0.3983,0.3283,0.0586,0.0893,-9999.0000,-9999.0000,0.3840,0.0
1390042.000,0.1599,1.1392,2.0079,0.3518,0.3400,0.0586,0.0566,-9999.0000,-9999.0000,-9999.0000,0.0
1390273.000,0.1304,1.2351,2.1229,0.2342,0.3740,0.0584,-9999.0000,0.1875,0.1327,-9999.0000,0.0
1390505.000,0.1586,1.2743,1.8351,0.1860,0.3026,-9999.0000,0.1422,0.1489,-9999.0000,-9999.0000,0.0
1390736.000,0.1452,1.0221,1.8912,0.3892,0.2648,0.0905,0.0534,0.1200,-9999.0000,-9999.0000,0.0
1390967.000,0.1711,1.0757,1.9356,0.2343,0.3391,-9999.0000,-9999.0000,-9999.0000,-9999.0000,0.1132,0.0
1391198.000,0.1642,0.9335,1.8088,0.2090,0.3138,0.0465,0.0768,-9999.0000,0.1874,0.0675,0.0
1391429.000,0.1016,1.2091,1.5399,0.1416,0.3628,0.0358,-9999.0000,-9999.0000,-9999.0000,-9999.0000,0.0
1391661.000,0.1227,1.0765,1.8178,0.3904,0.3572,0.0795,-9999.0000,-9999.0000,0.0854,-9999.0000,0.0
1391892.000,0.1352,1.2557,1.9507,0.2551,0.2442,-9999.0000,0.0550,-9999.0000,-9999.0000,0.0675,0.0
1392123.000,0.1889,1.0503,1.8783,0.3518,0.3047,-9999.0000,0.1330,-9999.0000,-9999.0000,0.0686,0.0
1392354.000,0.1719,0.9592,1.7225,0.2251,0.2278,0.1003,0.0731,-9999.0000,0.1096,0.0652,0.0
1392585.000,0.0964,1.3868,1.7415,0.2134,0.3061,0.1046,-9999.0000,-9999.0000,0.1777,-9999.0000,0.0
1392817.000,0.1252,1.0253,1.8034,0.4229,0.3403,0.0587,-9999.0000,-9999.0000,-9999.0000,-9999.0000,0.0
1393048.000,0.1587,1.4124,1.8412,0.2562,0.2911,-9999.0000,-9999.0000,-9999.0000,-9999.0000,-9999.0000,0.0
1393279.000,0.1496,1.5280,1.8160,0.2620,0.2370,0.0479,0.1021,0.1559,-9999.0000,-9999.0000,0.0
1393510.000,0.0783,1.1050,1.6214,0.3745,0.2460,-9999.0000,0.0562,-9999.0000,-9999.0000,-9999.0000,0.0
1393741.000,0.1542,1.1330,1.8320,0.3527,0.1769,0.0701,-9999.0000,-9999.0000,0.0903,-9999.0000,0.0
1393973.000,0.1115,1.3741,1.7491,0.2306,0.2314,0.0797,0.1082,0.1573,-9999.0000,-9999.0000,0.0
1394204.000,0.1062,1.4322,1.8451,0.3704,0.1515,-9999.0000,0.0548,0.0992,0.1009,-9999.0000,0.0
1394435.000,0.1300,1.0613,1.5063,0.3264,0.1177,0.0468,0.0774,-9999.0000,-9999.0000,-9999.0000,0.0
1394666.000,0.1978,1.2467,1.8098,0.1158,0.2545,0.0461,-9999.0000,-9999.0000,-9999.0000,-9999.0000,0.0
1394897.000,0.1303,1.0951,1.8953,0.1881,0.3037,0.0470,0.1542,-9999.0000,-9999.0000,-9999.0000,0.0
1395129.000,0.1527,1.4087,1.6276,0.2560,0.1635,0.0353,0.0878,-9999.0000,-9999.0000,0.1127,0.0
1395360.000,0.0894,1.3830,1.8278,0.0944,0.0828,0.0805,0.1206,-9999.0000,-9999.0000,-9999.0000,0.0
1395591.000,0.0781,1.2234,1.7250,0.2344,0.2222,0.0695,-9999.0000,-9999.0000,-9999.0000,-9999.0000,0.0
1395822.000,0.1174,1.2247,1.8387,0.2541,0.1970,-9999.0000,0.0543,-9999.0000,0.1423,-9999.0000,0.0
1396054.000,0.1586,1.3894,1.7549,0.1639,0.1983,0.0918,0.0662,-9999.0000,0.1302,-9999.0000,0.0
1396285.000,0.1371,1.4349,1.7137,0.1904,0.1889,-9999.0000,0.0681,-9999.0000,0.0761,-9999.0000,0.0
1396516.000,0.0846,1.1366,1.8101,-9999.0000,0.2006,0.0702,-9999.0000,-9999.0000,-9999.0000,-9999.0000,0.0
1396747.000,0.1296,1.3290,1.9500,0.1174,0.3020,0.0578,0.0878,0.0998,-9999.0000,-9999.0000,0.0
1396978.000,0.1318,1.2973,1.6591,-9999.0000,0.2482,-9999.0000,-9999.0000,-9999.0000,-9999.0000,-9999.0000,0.0
1397210.000,0.1360,1.2591,1.8382,0.2347,0.1642,-9999.0000,0.1104,-9999.0000,-9999.0000,-9999.0000,0.0
1397441.000,0.1353,1.0046,1.8291,0.1406,0.1979,0.0352,-9999.0000,0.1235,-9999.0000,-9999.0000,0.0
1397672.000,0.1247,0.9953,1.7872,0.2121,0.2574,0.0584,-9999.0000,-9999.0000,0.2030,0.0690,0.0
1397903.000,0.1418,0.8619,1.8137,0.2348,0.0715,0.0582,0.0668,0.1495,0.1024,0.0688,0.0
1398134.000,0.1076,1.0576,1.9239,0.1897,0.1068,0.0813,0.0675,-9999.0000,0.1036,-9999.0000,0.0
1398366.000,0.1264,1.0920,1.8770,0.2164,0.2724,0.0366,0.0803,-9999.0000,0.0778,-9999.0000,0.0
1398597.000,0.1370,0.9688,1.6573,0.2373,0.2121,0.0361,0.1228,-9999.0000,-9999.0000,0.0697,0.0
1398828.000,0.1509,0.8780,1.7020,0.2068,0.1728,-9999.0000,0.0535,0.1188,-9999.0000,-9999.0000,0.0
1399059.000,0.1789,0.9286,1.7949,0.2160,0.1314,0.0479,-9999.0000,-9999.0000,-9999.0000,0.1158,0.0
1399290.000,0.2006,1.1378,1.8998,0.2133,0.2115,0.0699,-9999.0000,-9999.0000,-9999.0000,-9999.0000,0.0
1399522.000,0.1369,0.7708,1.7696,0.1438,0.1885,0.0360,0.0897,0.0916,-9999.0000,-9999.0000,0.0
1399753.000,0.1299,0.8942,1.8749,0.1417,0.2100,0.0580,0.0991,0.1004,-9999.0000,0.1135,0.0
1399984.000,0.0946,1.0900,1.7488,0.1400,0.1281,0.0574,0.0545,-9999.0000,-9999.0000,-9999.0000,0.0
1400215.000,0.1194,0.8938,1.8717,0.1672,0.1652,0.0701,-9999.0000,-9999.0000,-9999.0000,0.0697,0.0
1400446.000,0.1938,0.8326,1.7339,0.2119,0.1988,0.0582,-9999.0000,0.1010,0.1162,0.0690,0.0
1400678.000,0.1481,0.7008,1.6433,0.1200,0.1531,0.0925,0.1001,-9999.0000,-9999.0000,0.1143,0.0
1400909.000,0.0905,0.5550,1.7107,-9999.0000,-9999.0000,0.0929,0.1119,-9999.0000,-9999.0000,-9999.0000,0.0
1401140.000,0.0944,1.0440,1.8109,0.2318,0.1163,0.0349,0.1082,0.1088,-9999.0000,-9999.0000,0.0
1401371.000,0.1710,1.0809,1.7785,0.1662,0.1875,0.0696,0.0889,0.1497,0.1309,-9999.0000,0.0
1401602.000,0.1427,0.9731,1.8223,0.1674,0.2582,0.0814,0.1006,-9999.0000,0.1465,-9999.0000,0.0
1401834.000,0.1880,1.0917,1.7449,0.1889,0.0946,0.0581,0.0777,-9999.0000,-9999.0000,0.0691,0.0
1402065.000,0.2012,1.0863,1.7054,0.2148,0.1422,0.0475,0.0901,0.1042,0.1042,0.0701,0.0
1402296.000,0.1249,1.0052,1.7696,-9999.0000,0.1066,0.0698,0.1111,0.1264,0.0885,-9999.0000,0.0
1402527.000,0.2037,0.7945,1.6290,0.1009,0.1560,0.0485,0.1146,-9999.0000,-9999.0000,-9999.0000,0.0
1402758.000,0.1415,0.9872,1.4594,0.1885,0.1405,0.0918,0.0882,0.2795,-9999.0000,-9999.0000,0.0
1402990.000,0.1594,0.9005,1.6877,-9999.0000,0.1875,-9999.0000,0.1107,-9999.0000,-9999.0000,-9999.0000,0.0
1403221.000,0.1496,0.8115,1.5558,0.2167,0.0728,0.1165,0.0471,0.1789,-9999.0000,-9999.0000,0.0
1403452.000,0.1488,0.9476,1.7101,0.1916,0.0955,-9999.0000,-9999.0000,-9999.0000,-9999.0000,-9999.0000,0.0
1403683.000,0.1444,0.7892,1.6170,-9999.0000,0.2493,0.1170,0.1471,0.1321,0.1066,-9999.0000,0.0
1403914.000,0.1029,0.6886,1.4655,0.2405,0.2485,-9999.0000,0.0692,-9999.0000,-9999.0000,-9999.0000,0.0
1404146.000,0.1548,0.8195,1.5733,0.2156,0.1890,-9999.0000,-9999.0000,0.1165,-9999.0000,-9999.0000,0.0
1404377.000,0.1462,0.6827,1.4267,-9999.0000,0.1099,-9999.0000,0.0941,0.2476,-9999.0000,0.1187,0.0
1404608.000,0.1486,0.7565,1.6649,-9999.0000,0.1535,-9999.0000,0.1117,0.1032,-9999.0000,-9999.0000,0.0
1404839.000,0.1250,0.8250,1.6788,0.0977,0.1183,0.0359,-9999.0000,-9999.0000,-9999.0000,-9999.0000,0.0
1405070.000,0.1421,0.8361,1.4890,0.2366,0.1412,-9999.0000,0.1435,-9999.0000,-9999.0000,-9999.0000,0.0
1405302.000,0.1324,0.8663,1.4672,-9999.0000,0.1316,-9999.0000,0.1797,0.1553,-9999.0000,-9999.0000,0.0
1405533.000,0.1318,0.7789,1.3637,0.0993,0.0725,0.0705,-9999.0000,0.1171,-9999.0000,0.0708,0.0
1405764.000,0.2358,0.9600,1.5141,0.1215,0.1186,-9999.0000,-9999.0000,-9999.0000,0.0748,-9999.0000,0.0
1405995.000,0.1725,1.1340,1.4109,0.2159,0.1075,0.0818,0.1564,-9999.0000,-9999.0000,-9999.0000,0.0
1406226.000,0.0915,0.8817,1.5831,-9999.0000,0.1199,0.0938,0.1026,-9999.0000,-9999.0000,-9999.0000,0.0
1406458.000,0.1658,0.8194,1.5231,-9999.0000,0.1416,0.0359,0.0677,-9999.0000,-9999.0000,-9999.0000,0.0
1406689.000,0.1675,1.0848,1.5088,0.1469,0.1315,0.0480,0.1025,-9999.0000,0.1062,-9999.0000,0.0
1406920.000,0.1331,1.0507,1.5718,0.1010,0.0969,0.0599,0.1035,-9999.0000,-9999.0000,-9999.0000,0.0
1407151.000,0.1863,0.7234,1.4336,0.2902,0.1207,0.0715,0.0484,-9999.0000,-9999.0000,-9999.0000,0.0
1407382.000,0.1497,0.9209,1.5177,0.2165,0.1545,0.0707,0.0691,-9999.0000,-9999.0000,-9999.0000,0.0
1407614.000,0.1508,0.8167,1.3400,-9999.0000,0.0852,-9999.0000,0.0925,-9999.0000,-9999.0000,-9999.0000,0.0
1407845.000,0.1492,0.8938,1.4946,0.1453,0.1073,0.1273,0.1563,0.2011,-9999.0000,-9999.0000,0.0
1408076.000,0.1684,0.9043,1.5226,0.1479,0.0851,-9999.0000,0.0592,-9999.0000,-9999.0000,-9999.0000,0.0
1408307.000,0.1651,0.5608,1.3243,-9999.0000,0.0830,-9999.0000,-9999.0000,-9999.0000,-9999.0000,0.1591,0.0
1408538.000,0.1129,0.8538,1.3821,0.1656,0.0713,0.0354,0.1102,-9999.0000,-9999.0000,-9999.0000,0.0
1408770.000,0.1618,0.5825,1.3755,0.1466,0.0729,0.0709,0.0695,-9999.0000,-9999.0000,0.1166,0.0
1409001.000,0.1548,1.0002,1.5101,0.1680,0.1653,-9999.0000,0.0683,-9999.0000,-9999.0000,0.0704,0.0
1409232.000,0.1483,0.8183,1.3464,-9999.0000,0.0949,-9999.0000,-9999.0000,-9999.0000,-9999.0000,-9999.0000,0.0
1409463.000,0.1544,0.6551,1.4275,0.1439,0.0603,0.0359,-9999.0000,0.1387,0.0756,-9999.0000,0.0
1409694.000,0.1721,0.9185,1.1340,-9999.0000,0.1069,0.0700,0.0900,-9999.0000,-9999.0000,-9999.0000,0.0
1409926.000,0.1437,0.7953,1.2727,-9999.0000,0.1425,0.0477,0.0579,-9999.0000,0.0917,-9999.0000,0.0
1410157.000,0.1017,0.7359,1.4576,0.1196,0.0599,0.0582,0.1216,-9999.0000,-9999.0000,-9999.0000,0.0
1410388.000,0.1654,0.6961,1.4307,0.1758,0.1346,-9999.0000,-9999.0000,0.1028,-9999.0000,0.0736,0.0
1410619.000,0.1982,0.7612,1.3538,0.1480,0.0735,0.0714,0.0817,-9999.0000,-9999.0000,-9999.0000,0.0
1410850.000,0.1099,0.7162,1.2674,-9999.0000,0.0734,0.0944,0.1037,-9999.0000,-9999.0000,-9999.0000,0.0
1411082.000,0.2402,0.9582,1.2543,0.2198,0.1447,-9999.0000,-9999.0000,0.0982,-9999.0000,-9999.0000,0.0
1411313.000,0.1886,0.7805,1.3828,-9999.0000,-9999.0000,-9999.0000,0.0614,-9999.0000,-9999.0000,-9999.0000,0.0
1411544.000,0.1925,0.8953,1.4285,-9999.0000,0.0971,0.0370,0.1151,-9999.0000,-9999.0000,-9999.0000,0.0
1411775.000,0.1619,0.9194,1.1381,0.2400,0.0728,0.0365,0.0806,-9999.0000,-9999.0000,-9999.0000,0.0
1412006.000,0.1555,0.9782,1.3151,-9999.0000,0.0724,-9999.0000,0.1019,-9999.0000,-9999.0000,0.1159,0.0
1412238.000,0.2036,1.0943,1.3498,-9999.0000,0.0849,-9999.0000,0.0923,-9999.0000,-9999.0000,-9999.0000,0.0
1412469.000,0.1567,0.8609,1.2712,-9999.0000,0.0850,-9999.0000,-9999.0000,-9999.0000,-9999.0000,0.1171,0.0
1412700.000,0.1681,0.8200,1.3103,0.0994,0.0612,-9999.0000,0.0588,0.1193,-9999.0000,-9999.0000,0.0
1412931.000,0.1511,0.9437,1.2789,-9999.0000,0.0733,0.0483,-9999.0000,-9999.0000,-9999.0000,-9999.0000,0.0
1413162.000,0.2222,1.0224,1.1909,0.1953,0.1798,-9999.0000,0.0820,-9999.0000,-9999.0000,-9999.0000,0.0
1413394.000,0.1726,0.8876,1.2878,-9999.0000,0.0605,-9999.0000,-9999.0000,0.1041,-9999.0000,0.0703,0.0
1413625.000,0.1331,1.0786,1.5131,0.1466,0.0731,0.0596,0.0480,-9999.0000,-9999.0000,-9999.0000,0.0
1413856.000,0.1837,1.2228,1.3317,-9999.0000,0.1184,-9999.0000,0.1008,0.1269,-9999.0000,-9999.0000,0.0
1414087.000,0.1553,0.7945,1.1676,-9999.0000,0.0839,0.0475,0.0796,0.1043,0.0782,0.0704,0.0
1414318.000,0.2209,0.7401,1.3345,-9999.0000,0.0729,-9999.0000,0.1029,-9999.0000,-9999.0000,-9999.0000,0.0
1414550.000,0.1245,0.9390,1.1635,-9999.0000,0.0825,0.0352,-9999.0000,-9999.0000,-9999.0000,-9999.0000,0.0
1414781.000,0.1435,0.7133,1.2328,0.1440,0.1537,-9999.0000,-9999.0000,0.1281,-9999.0000,-9999.0000,0.0
1415012.000,0.1619,0.7294,1.1855,0.0985,0.0844,-9999.0000,0.0695,-9999.0000,-9999.0000,0.0709,0.0
1415243.000,0.1386,1.0448,1.2777,0.0986,0.0610,-9999.0000,0.1027,-9999.0000,-9999.0000,-9999.0000,0.0
1415474.000,0.2157,1.1191,1.2899,-9999.0000,0.0614,0.0367,0.1035,0.1326,0.1538,-9999.0000,0.0
1415706.000,0.1955,0.7751,1.1994,0.1432,0.1649,0.0358,-9999.0000,-9999.0000,-9999.0000,-9999.0000,0.0
1415937.000,0.1593,0.8064,1.3224,0.1266,0.1104,-9999.0000,0.0953,-9999.0000,-9999.0000,-9999.0000,0.0
1416168.000,0.1801,0.9036,1.4090,-9999.0000,0.0730,-9999.0000,0.1032,-9999.0000,-9999.0000,0.0713,0.0
1416399.000,0.1854,0.8909,1.0885,0.0983,0.0610,0.0707,0.0805,-9999.0000,-9999.0000,-9999.0000,0.0
1416630.000,0.1504,1.1692,1.2592,-9999.0000,0.1313,-9999.0000,0.0917,0.0942,0.0949,-9999.0000,0.0
1416862.000,0.1147,0.9208,1.3321,-9999.0000,0.1306,0.0817,0.0689,-9999.0000,-9999.0000,-9999.0000,0.0
1417093.000,0.1600,0.8341,1.0499,-9999.0000,0.1410,0.0355,0.0675,-9999.0000,0.0772,-9999.0000,0.0
1417324.000,0.1547,0.9038,1.3784,0.1659,0.1182,-9999.0000,0.0789,0.1144,0.0923,-9999.0000,0.0
1417555.000,0.1987,0.9340,1.1649,0.0998,0.1088,0.0944,-9999.0000,-9999.0000,-9999.0000,-9999.0000,0.0
1417786.000,0.1401,0.7024,1.1676,-9999.0000,0.2035,0.0370,-9999.0000,0.1713,-9999.0000,0.1177,0.0
1418018.000,0.1547,0.7957,1.3122,-9999.0000,0.0833,0.0357,0.1335,-9999.0000,-9999.0000,-9999.0000,0.0
1418249.000,0.1792,0.9095,1.2069,-9999.0000,0.0607,0.0362,0.0472,0.1174,-9999.0000,-9999.0000,0.0
1418480.000,0.1265,0.7106,1.1262,0.1439,-9999.0000,0.0361,0.0799,-9999.0000,0.1374,0.0704,0.0
1418711.000,0.0972,1.1163,1.1191,0.1203,0.1305,0.0360,0.0578,-9999.0000,-9999.0000,0.0703,0.0
1418942.000,0.0855,1.0131,1.2994,-9999.0000,0.1537,-9999.0000,0.1344,0.0919,0.1370,0.0702,0.0
1419174.000,0.1272,0.8503,1.2054,0.1921,0.0962,-9999.0000,-9999.0000,-9999.0000,-9999.0000,-9999.0000,0.0
1419405.000,0.1035,1.0000,1.3302,-9999.0000,0.1779,-9999.0000,-9999.0000,-9999.0000,-9999.0000,-9999.0000,0.0
1419636.000,0.1284,1.0199,1.3515,-9999.0000,0.0854,-9999.0000,-9999.0000,-9999.0000,-9999.0000,-9999.0000,0.0
1419867.000,0.0857,0.9655,1.1199,-9999.0000,0.0956,0.0816,-9999.0000,0.1288,0.1809,-9999.0000,0.0
1420098.000,0.1328,1.0144,1.3844,0.1209,0.2012,-9999.0000,0.0584,-9999.0000,0.0811,0.1612,0.0
1420330.000,0.0809,0.8967,1.1696,-9999.0000,0.0733,-9999.0000,0.0707,0.1211,0.1268,0.0715,0.0
1420561.000,0.2330,1.0510,1.3291,-9999.0000,0.1433,-9999.0000,-9999.0000,-9999.0000,0.1257,-9999.0000,0.0
1420792.000,0.1386,0.9484,1.4021,-9999.0000,0.1309,0.0476,0.0804,-9999.0000,-9999.0000,-9999.0000,0.0
1421023.000,0.1689,1.0923,1.1433,0.1459,0.0966,0.0366,-9999.0000,-9999.0000,0.1266,-9999.0000,0.0
1421254.000,0.1212,0.8404,1.2451,0.1208,0.1544,0.0591,-9999.0000,-9999.0000,-9999.0000,-9999.0000,0.0
1421486.000,0.2036,0.9260,1.3465,-9999.0000,0.1080,0.0479,0.1914,-9999.0000,-9999.0000,0.0710,0.0
1421717.000,0.1388,0.8858,1.1490,-9999.0000,0.1546,-9999.0000,0.1467,-9999.0000,-9999.0000,0.1161,0.0
1421948.000,0.1450,0.9915,1.4131,-9999.0000,0.2722,-9999.0000,0.0700,-9999.0000,0.0969,0.0709,0.0
1422179.000,0.1338,0.7412,1.2471,0.1222,0.0613,-9999.0000,0.1148,-9999.0000,0.0835,0.1169,0.0
1422410.000,0.1252,0.8822,1.3045,0.0941,0.0942,0.0352,-9999.0000,-9999.0000,-9999.0000,-9999.0000,0.0
1422642.000,0.1208,0.7553,1.1801,0.0964,0.0605,-9999.0000,-9999.0000,-9999.0000,0.1386,0.0702,0.0
1422873.000,0.1271,1.0598,1.2025,0.1206,0.1427,-9999.0000,-9999.0000,-9999.0000,-9999.0000,-9999.0000,0.0
1423104.000,0.2154,0.9556,1.0541,-9999.0000,0.0962,0.0478,0.2134,-9999.0000,0.1118,0.1163,0.0
1423335.000,0.1526,1.0269,1.1591,0.1001,0.0857,-9999.0000,0.1053,-9999.0000,0.2027,-9999.0000,0.0
1423566.000,0.2316,0.9592,1.1376,0.1431,0.0604,-9999.0000,-9999.0000,0.1528,-9999.0000,-9999.0000,0.0
1423798.000,0.1379,0.9754,1.1940,0.1422,0.1416,0.0357,0.0575,-9999.0000,-9999.0000,-9999.0000,0.0
1424029.000,0.1056,0.8313,1.2661,0.1242,0.0740,0.0604,0.0945,-9999.0000,-9999.0000,0.1183,0.0
1424260.000,0.1282,0.7813,1.1514,0.0986,0.0850,0.0482,0.0930,-9999.0000,-9999.0000,0.0714,0.0
1424491.000,0.1399,0.6777,1.2422,-9999.0000,0.0614,-9999.0000,-9999.0000,-9999.0000,-9999.0000,-9999.0000,0.0
1424723.000,0.1269,0.8527,1.2179,0.1198,0.0722,0.1158,0.0912,-9999.0000,-9999.0000,-9999.0000,0.0
1424954.000,0.1749,0.6750,1.0446,-9999.0000,0.1670,-9999.0000,-9999.0000,-9999.0000,-9999.0000,-9999.0000,0.0
1425185.000,0.1399,0.7735,1.3096,0.1220,-9999.0000,-9999.0000,0.0929,0.1941,-9999.0000,0.1169,0.0
1425416.000,0.1324,1.0445,1.2445,-9999.0000,0.1768,0.0586,0.1455,0.1400,-9999.0000,-9999.0000,0.0
1425647.000,0.1500,0.9370,1.1245,0.0958,0.1070,-9999.0000,0.0689,0.1524,0.1249,-9999.0000,0.0
1425879.000,0.1209,0.8439,1.1618,0.1427,0.1538,-9999.0000,0.1349,0.1528,0.1540,-9999.0000,0.0
1426110.000,0.1384,0.8509,1.1856,0.0959,0.0954,0.0473,-9999.0000,-9999.0000,-9999.0000,-9999.0000,0.0
1426341.000,0.1150,0.8501,1.2213,0.0957,0.1303,0.0472,0.0689,0.1887,-9999.0000,-9999.0000,0.0
1426572.000,0.0919,0.8824,1.2842,0.1195,0.1656,-9999.0000,0.1241,-9999.0000,-9999.0000,-9999.0000,0.0
1426803.000,0.0985,0.9523,1.2688,-9999.0000,0.1316,0.0479,0.1145,-9999.0000,-9999.0000,0.0710,0.0
1427035.000,0.1155,0.8630,1.3953,0.2135,0.1308,-9999.0000,-9999.0000,-9999.0000,0.0831,-9999.0000,0.0
1427266.000,0.1133,1.0711,1.2509,-9999.0000,0.0821,-9999.0000,-9999.0000,-9999.0000,-9999.0000,-9999.0000,0.0
1427497.000,0.1434,0.8632,1.1781,-9999.0000,0.1179,-9999.0000,0.0898,-9999.0000,-9999.0000,0.0694,0.0
1427728.000,0.1971,1.1164,1.1816,0.1194,0.1423,-9999.0000,0.0473,-9999.0000,-9999.0000,-9999.0000,0.0
1427959.000,0.0750,0.8701,1.2305,0.1205,0.0727,-9999.0000,-9999.0000,-9999.0000,-9999.0000,0.0708,0.0
1428191.000,0.1224,0.9941,1.0768,0.2394,0.0731,-9999.0000,0.0819,0.1207,-9999.0000,-9999.0000,0.0
1428422.000,0.1088,0.8435,0.9984,-9999.0000,0.1529,0.0695,0.0573,0.1023,0.1530,-9999.0000,0.0
1428653.000,0.1666,1.0870,1.0871,0.1871,0.1990,0.0694,-9999.0000,0.1378,-9999.0000,-9999.0000,0.0
1428884.000,0.0752,0.8898,1.1426,0.1918,0.1553,0.0709,-9999.0000,0.1933,-9999.0000,-9999.0000,0.0
1429115.000,0.1679,1.0216,1.1811,0.1893,0.1072,-9999.0000,0.1242,0.1532,-9999.0000,0.1605,0.0
1429347.000,0.1750,0.9102,1.2998,-9999.0000,0.1433,-9999.0000,0.0483,-9999.0000,-9999.0000,-9999.0000,0.0
1429578.000,0.1446,0.7601,1.1934,-9999.0000,0.1072,0.0815,-9999.0000,-9999.0000,-9999.0000,-9999.0000,0.0
1429809.000,0.1439,0.9778,1.2058,-9999.0000,0.0717,0.0356,-9999.0000,-9999.0000,-9999.0000,-9999.0000,0.0
1430040.000,0.1802,0.9625,1.1975,-9999.0000,0.0724,-9999.0000,-9999.0000,0.1183,-9999.0000,0.0705,0.0
1430271.000,0.1517,0.9422,1.3016,0.1681,0.1553,0.0824,0.1260,-9999.0000,-9999.0000,-9999.0000,0.0
1430503.000,0.1929,1.1402,1.1245,0.1209,-9999.0000,0.0479,-9999.0000,0.0959,-9999.0000,-9999.0000,0.0
1430734.000,0.1216,0.8664,1.1599,-9999.0000,-9999.0000,0.0360,0.0807,-9999.0000,0.1711,-9999.0000,0.0
1430965.000,0.1637,1.0395,1.1990,0.1210,0.1437,0.0365,0.0598,-9999.0000,0.0865,0.2079,0.0
1431196.000,0.1517,0.8757,1.4167,0.2856,0.1905,0.0479,0.1038,0.0957,-9999.0000,-9999.0000,0.0
1431427.000,0.1804,0.9935,1.1132,-9999.0000,0.1311,0.0590,0.0920,-9999.0000,-9999.0000,0.0705,0.0
1431659.000,0.1717,1.2453,1.1415,0.1853,0.0824,-9999.0000,0.0564,-9999.0000,-9999.0000,0.0686,0.0
1431890.000,0.1392,0.9762,1.4270,-9999.0000,0.1074,-9999.0000,0.0697,0.1057,-9999.0000,-9999.0000,0.0
1432121.000,0.1283,1.2069,1.0452,-9999.0000,0.0964,-9999.0000,0.0818,-9999.0000,-9999.0000,-9999.0000,0.0
1432352.000,0.1213,1.0003,1.0168,-9999.0000,0.1187,-9999.0000,0.0583,0.1409,-9999.0000,-9999.0000,0.0
1432583.000,0.1391,1.0477,1.1464,-9999.0000,0.0839,-9999.0000,0.0806,0.1781,-9999.0000,-9999.0000,0.0
1432815.000,0.1104,1.0701,1.3586,0.2610,0.1196,-9999.0000,0.0923,-9999.0000,-9999.0000,-9999.0000,0.0
1433046.000,0.1671,0.9841,1.1618,-9999.0000,0.0831,-9999.0000,0.0575,-9999.0000,-9999.0000,-9999.0000,0.0
1433277.000,0.1696,1.0542,1.1677,-9999.0000,0.1200,-9999.0000,0.1483,0.1814,-9999.0000,-9999.0000,0.0
1433508.000,0.1576,0.9860,1.1295,0.1202,0.1081,0.0478,0.1038,-9999.0000,-9999.0000,-9999.0000,0.0
1433739.000,0.1905,0.8982,1.0477,-9999.0000,-9999.0000,0.0468,-9999.0000,-9999.0000,-9999.0000,-9999.0000,0.0
1434065.000,0.0740,0.7551,1.1940,-9999.0000,0.0944,-9999.0000,-9999.0000,-9999.0000,-9999.0000,0.0690,0.0
1434296.000,0.1742,1.1573,1.0187,0.1186,0.0722,0.0930,0.1245,-9999.0000,-9999.0000,-9999.0000,0.0
1434527.000,0.0686,1.0321,1.1583,0.0941,0.1299,0.0697,0.1235,-9999.0000,-9999.0000,-9999.0000,0.0
1434759.000,0.1687,1.1904,1.1788,0.1190,0.1895,-9999.0000,0.1140,0.1303,-9999.0000,-9999.0000,0.0
1434990.000,0.1332,1.1771,1.2779,-9999.0000,0.1421,-9999.0000,0.1573,0.1047,-9999.0000,-9999.0000,0.0
1435221.000,0.1566,1.2434,1.0359,0.1417,0.1071,0.1157,0.1573,-9999.0000,-9999.0000,-9999.0000,0.0
1435452.000,0.1692,1.1889,1.3408,0.1901,0.0961,0.0935,0.0594,-9999.0000,0.0870,-9999.0000,0.0
1435683.000,0.1326,1.1034,1.2719,0.1171,0.1414,-9999.0000,0.1015,-9999.0000,-9999.0000,-9999.0000,0.0
1435915.000,0.1814,1.2971,1.2469,-9999.0000,0.1670,-9999.0000,0.1926,0.2058,0.1168,0.1165,0.0
1436146.000,0.1149,1.4765,1.3296,0.0932,0.1643,0.1375,0.1230,-9999.0000,-9999.0000,0.1142,0.0
1436377.000,0.1349,1.5097,1.4531,0.0972,0.1322,0.0711,0.2156,0.1706,-9999.0000,-9999.0000,0.0
1436608.000,0.1403,1.4732,1.2528,0.2143,0.1788,-9999.0000,0.1151,-9999.0000,-9999.0000,0.0709,0.0
1436840.000,0.1508,1.4110,1.3689,0.0945,0.0837,0.0358,0.2013,0.1047,-9999.0000,-9999.0000,0.0
1437071.000,0.1358,1.6948,1.4629,-9999.0000,0.0620,0.0718,0.0502,-9999.0000,-9999.0000,0.0720,0.0
1437302.000,0.1096,1.9286,1.4741,0.0939,0.1883,-9999.0000,0.1019,0.0916,-9999.0000,-9999.0000,0.0
1437533.000,0.0994,1.8006,1.6342,0.2148,0.0730,0.1400,0.1598,0.1577,0.1905,0.1623,0.0
1437764.000,0.1469,1.7629,1.4424,0.1919,0.1678,0.0828,0.0605,0.0977,0.0750,-9999.0000,0.0
1437996.000,0.1713,1.7306,1.6096,0.2171,0.2042,0.1180,0.0836,-9999.0000,0.1056,0.1178,0.0
1438227.000,0.1409,2.1952,1.4045,0.1916,-9999.0000,0.0481,0.1048,0.1096,-9999.0000,0.0713,0.0
1438458.000,0.1628,2.1160,1.5113,-9999.0000,0.0605,0.0587,0.0918,-9999.0000,-9999.0000,0.0701,0.0
1438689.000,0.1204,1.7735,1.5052,0.1154,0.1174,0.0464,0.0678,0.2209,-9999.0000,-9999.0000,0.0
1438920.000,0.1410,1.7636,1.5282,0.2154,0.1678,0.0366,-9999.0000,0.1344,0.0754,-9999.0000,0.0
1439152.000,0.1228,1.5557,1.4730,0.2612,0.1906,0.0478,0.1706,-9999.0000,-9999.0000,-9999.0000,0.0
1439383.000,0.1441,1.9409,1.6066,-9999.0000,0.2224,0.0693,-9999.0000,0.1864,-9999.0000,-9999.0000,0.0
1439657.000,-9999.0000,-9999.0000,-9999.0000,-9999.0000,-9999.0000,-9999.0000,-9999.0000,-9999.0000,-9999.0000,-9999.0000,1.0
1439888.000,-9999.0000,-9999.0000,-9999.0000,-9999.0000,-9999.0000,-9999.0000,-9999.0000,-9999.0000,-9999.0000,-9999.0000,1.0
1440120.000,-9999.0000,-9999.0000,-9999.0000,-9999.0000,-9999.0000,-9999.0000,-9999.0000,-9999.0000,-9999.0000,-9999.0000,1.0
1440351.000,-9999.0000,-9999.0000,-9999.0000,-9999.0000,-9999.0000,-9999.0000,-9999.0000,-9999.0000,-9999.0000,-9999.0000,1.0
1440582.000,-9999.0000,-9999.0000,-9999.0000,-9999.0000,-9999.0000,-9999.0000,-9999.0000,-9999.0000,-9999.0000,-9999.0000,1.0
1440813.000,-9999.0000,-9999.0000,-9999.0000,-9999.0000,-9999.0000,-9999.0000,-9999.0000,-9999.0000,-9999.0000,-9999.0000,1.0
1441044.000,-9999.0000,-9999.0000,-9999.0000,-9999.0000,-9999.0000,-9999.0000,-9999.0000,-9999.0000,-9999.0000,-9999.0000,1.0
1441276.000,-9999.0000,-9999.0000,-9999.0000,-9999.0000,-9999.0000,-9999.0000,-9999.0000,-9999.0000,-9999.0000,-9999.0000,1.0
1441507.000,-9999.0000,-9999.0000,-9999.0000,-9999.0000,-9999.0000,-9999.0000,-9999.0000,-9999.0000,-9999.0000,-9999.0000,1.0
1441738.000,-9999.0000,-9999.0000,-9999.0000,-9999.0000,-9999.0000,-9999.0000,-9999.0000,-9999.0000,-9999.0000,-9999.0000,1.0
1441969.000,-9999.0000,-9999.0000,-9999.0000,-9999.0000,-9999.0000,-9999.0000,-9999.0000,-9999.0000,-9999.0000,-9999.0000,1.0
1442250.000,0.1784,1.9613,1.8721,0.1466,0.0981,-9999.0000,0.1967,-9999.0000,-9999.0000,-9999.0000,0.0
1442481.000,0.1596,2.0496,1.8366,0.2638,0.1804,0.0600,-9999.0000,-9999.0000,-9999.0000,0.0718,0.0
1442713.000,0.1641,1.9312,1.8942,0.1192,0.1081,0.1627,-9999.0000,0.1570,-9999.0000,-9999.0000,0.0
1442944.000,0.2235,1.9379,1.8928,-9999.0000,0.1910,0.0595,0.1491,-9999.0000,-9999.0000,-9999.0000,0.0
1443175.000,0.1827,2.1723,1.8052,0.1676,0.1915,0.0597,0.0830,-9999.0000,-9999.0000,-9999.0000,0.0
1443406.000,0.1815,1.7592,1.7389,0.1658,0.0961,0.0591,-9999.0000,-9999.0000,-9999.0000,0.0706,0.0
1443637.000,0.2126,2.1409,1.7594,0.1206,0.2037,0.0367,0.1167,-9999.0000,-9999.0000,-9999.0000,0.0
1443869.000,0.1495,2.2065,1.9374,0.3156,0.0867,0.0726,0.0856,-9999.0000,0.0957,-9999.0000,0.0
1444100.000,0.2457,1.8415,1.9784,0.1886,0.0958,-9999.0000,0.1807,-9999.0000,0.0894,-9999.0000,0.0
1444331.000,0.1710,2.0712,1.9289,0.0965,0.2034,0.0712,0.0720,-9999.0000,-9999.0000,0.0713,0.0
1444562.000,0.1815,1.7508,1.9207,0.1890,0.1548,0.0705,0.1922,-9999.0000,0.1190,-9999.0000,0.0
1444793.000,0.2356,2.0258,1.8759,0.1503,0.1120,0.0383,0.1443,0.0954,-9999.0000,-9999.0000,0.0
1445025.000,0.1112,1.8279,1.7404,0.2365,-9999.0000,0.0362,0.0599,-9999.0000,-9999.0000,-9999.0000,0.0
1445256.000,0.1883,1.7926,2.1199,0.2850,-9999.0000,-9999.0000,0.1936,-9999.0000,0.0771,-9999.0000,0.0
1445487.000,0.1592,1.6222,1.8859,-9999.0000,0.1206,0.0597,0.1498,-9999.0000,0.1507,-9999.0000,0.0
1445718.000,0.1657,1.7481,1.9227,0.0970,0.0973,-9999.0000,0.0949,-9999.0000,-9999.0000,0.2553,0.0
1445949.000,0.1351,2.1565,1.9151,0.1426,0.1554,0.0478,-9999.0000,-9999.0000,-9999.0000,-9999.0000,0.0
1446181.000,0.1528,1.8854,2.1356,-9999.0000,0.0847,0.0939,0.0603,-9999.0000,-9999.0000,0.0708,0.0
1446412.000,0.2257,1.8532,2.0219,-9999.0000,0.1096,0.0719,0.0955,-9999.0000,-9999.0000,-9999.0000,0.0
1446643.000,0.2070,1.9161,1.7980,0.1442,0.0616,-9999.0000,0.1170,0.0990,-9999.0000,-9999.0000,0.0
1446874.000,0.1817,1.9808,2.0197,0.2125,0.0608,0.0476,0.0488,-9999.0000,-9999.0000,0.1615,0.0
1447105.000,0.1664,1.9652,1.8494,-9999.0000,-9999.0000,0.0603,0.0844,-9999.0000,-9999.0000,-9999.0000,0.0
1447337.000,0.2285,1.7798,1.8281,0.2590,-9999.0000,-9999.0000,0.1480,-9999.0000,-9999.0000,-9999.0000,0.0
1447568.000,0.2526,1.7945,1.8640,-9999.0000,0.1198,-9999.0000,0.0933,-9999.0000,0.0916,0.1162,0.0
1447799.000,0.1655,1.9363,2.0604,0.1438,0.0970,0.0598,0.1391,-9999.0000,-9999.0000,-9999.0000,0.0
1448030.000,0.2132,1.8149,2.2051,0.3342,-9999.0000,-9999.0000,-9999.0000,0.1361,0.1378,-9999.0000,0.0
1448261.000,0.1435,1.8094,1.8227,-9999.0000,0.1582,0.0374,-9999.0000,-9999.0000,-9999.0000,-9999.0000,0.0
1448493.000,0.1901,1.9339,1.9835,0.3116,0.0619,-9999.0000,0.0843,-9999.0000,0.1536,0.1179,0.0
1448724.000,0.2574,1.9262,2.0497,0.2670,0.1345,-9999.0000,0.0745,-9999.0000,-9999.0000,0.0729,0.0
1448955.000,0.2145,1.6237,1.9903,0.0979,0.0861,0.1187,-9999.0000,-9999.0000,-9999.0000,-9999.0000,0.0
1449186.000,0.1776,1.7702,2.1858,0.2389,0.1446,0.0483,0.0725,-9999.0000,-9999.0000,-9999.0000,0.0
1449417.000,0.1493,1.6426,2.0058,0.1221,0.1221,0.0606,0.0628,-9999.0000,-9999.0000,0.0725,0.0
1449649.000,0.1651,1.7894,2.1707,0.0953,0.1912,0.0941,-9999.0000,-9999.0000,-9999.0000,-9999.0000,0.0
1449880.000,0.1658,1.9918,2.0626,0.1675,0.2038,0.0367,0.1171,-9999.0000,0.0798,-9999.0000,0.0
1450111.000,0.1888,1.9675,2.0185,0.2374,0.1321,-9999.0000,0.0941,-9999.0000,-9999.0000,-9999.0000,0.0
1450342.000,0.1816,1.8536,2.2357,0.1408,0.1898,0.0359,0.2142,0.2287,-9999.0000,-9999.0000,0.0
1450573.000,0.1604,2.0382,2.1065,0.1445,0.0857,-9999.0000,0.1402,0.1004,-9999.0000,0.0718,0.0
1450805.000,0.1719,1.9509,1.8803,0.1677,0.1566,0.0367,-9999.0000,-9999.0000,-9999.0000,-9999.0000,0.0
1451079.000,-9999.0000,-9999.0000,-9999.0000,-9999.0000,-9999.0000,-9999.0000,-9999.0000,-9999.0000,-9999.0000,-9999.0000,1.0
1451310.000,-9999.0000,-9999.0000,-9999.0000,-9999.0000,-9999.0000,-9999.0000,-9999.0000,-9999.0000,-9999.0000,-9999.0000,1.0
1451542.000,-9999.0000,-9999.0000,-9999.0000,-9999.0000,-9999.0000,-9999.0000,-9999.0000,-9999.0000,-9999.0000,-9999.0000,1.0
1451773.000,-9999.0000,-9999.0000,-9999.0000,-9999.0000,-9999.0000,-9999.0000,-9999.0000,-9999.0000,-9999.0000,-9999.0000,1.0
1452004.000,-9999.0000,-9999.0000,-9999.0000,-9999.0000,-9999.0000,-9999.0000,-9999.0000,-9999.0000,-9999.0000,-9999.0000,1.0
1452235.000,-9999.0000,-9999.0000,-9999.0000,-9999.0000,-9999.0000,-9999.0000,-9999.0000,-9999.0000,-9999.0000,-9999.0000,1.0
1452466.000,-9999.0000,-9999.0000,-9999.0000,-9999.0000,-9999.0000,-9999.0000,-9999.0000,-9999.0000,-9999.0000,-9999.0000,1.0
1452698.000,-9999.0000,-9999.0000,-9999.0000,-9999.0000,-9999.0000,-9999.0000,-9999.0000,-9999.0000,-9999.0000,-9999.0000,1.0
1452977.000,0.1296,2.1398,2.0205,0.0945,0.2970,0.0593,0.1936,0.1701,-9999.0000,0.0707,0.0
1453209.000,0.2043,1.8874,2.3900,0.3737,0.2708,0.1270,0.0810,-9999.0000,-9999.0000,-9999.0000,0.0
1453440.000,0.1861,2.3571,2.2200,0.2428,0.1826,0.0609,0.0636,-9999.0000,-9999.0000,-9999.0000,0.0
1453671.000,0.1714,1.9487,2.1056,0.1187,0.2031,0.0479,0.1165,-9999.0000,0.0948,-9999.0000,0.0
1453902.000,0.1490,2.0224,2.1350,0.1207,0.3478,0.0370,-9999.0000,-9999.0000,0.1558,0.0719,0.0
1454133.000,0.2423,2.0891,2.0321,0.3082,0.1913,0.0826,0.1610,0.1836,-9999.0000,-9999.0000,0.0
1454365.000,0.2138,2.1401,1.8513,0.2864,0.2042,0.1063,0.0730,-9999.0000,-9999.0000,-9999.0000,0.0
1454596.000,0.1724,2.0313,2.1980,0.1200,0.2757,0.0368,0.0619,-9999.0000,-9999.0000,0.1176,0.0
1454827.000,0.1732,1.9912,2.1826,0.3600,0.2888,0.0371,0.1524,0.1885,-9999.0000,0.0722,0.0
1455058.000,0.1665,2.3578,2.0873,0.0961,0.2044,0.0600,-9999.0000,-9999.0000,0.1262,-9999.0000,0.0
1455289.000,0.1929,1.8399,2.1736,0.1392,0.2242,-9999.0000,0.1143,-9999.0000,-9999.0000,-9999.0000,0.0
1455521.000,0.1639,2.3111,2.1401,0.0925,0.2831,0.0700,0.0815,-9999.0000,-9999.0000,-9999.0000,0.0
1455752.000,0.2019,2.0505,1.9119,0.0957,0.1922,0.0714,-9999.0000,0.1365,-9999.0000,-9999.0000,0.0
1455983.000,0.1550,2.1565,2.1100,0.2635,0.1810,0.0718,0.1743,-9999.0000,-9999.0000,0.1179,0.0
1456214.000,0.2034,2.2050,2.1679,0.2409,0.2176,-9999.0000,-9999.0000,-9999.0000,0.0989,0.0723,0.0
1456445.000,0.2134,2.1566,2.3449,0.1664,0.3104,-9999.0000,0.0503,0.1358,-9999.0000,-9999.0000,0.0
1456677.000,0.1421,2.0629,2.1626,0.1422,0.1559,0.0364,0.0612,-9999.0000,-9999.0000,-9999.0000,0.0
1456908.000,0.1958,2.0696,2.1554,0.2378,0.2868,0.0366,0.0504,-9999.0000,0.1114,-9999.0000,0.0
1457139.000,0.1666,2.1957,2.1735,0.1911,0.3708,0.0484,0.1179,0.1741,-9999.0000,-9999.0000,0.0
1457370.000,0.2011,2.1057,2.1121,0.3315,0.2623,0.0594,-9999.0000,-9999.0000,-9999.0000,0.0709,0.0
1457601.000,0.1636,2.0664,2.1993,0.2207,0.3410,0.0616,0.1784,-9999.0000,-9999.0000,-9999.0000,0.0
1457833.000,0.1961,2.3695,2.0781,0.1192,0.2634,-9999.0000,-9999.0000,0.2350,-9999.0000,-9999.0000,0.0
1458064.000,0.1607,2.1141,2.3334,0.2385,0.2994,0.0367,-9999.0000,-9999.0000,-9999.0000,-9999.0000,0.0
1458295.000,0.1442,2.0937,2.2042,0.2895,0.2421,-9999.0000,0.1310,-9999.0000,0.1151,0.0726,0.0
1458526.000,0.1625,1.7854,2.0122,0.1367,0.2922,0.0918,0.1565,0.0903,-9999.0000,0.0686,0.0
1458757.000,0.1644,2.2964,2.0345,0.1396,0.2249,-9999.0000,-9999.0000,0.1556,-9999.0000,-9999.0000,0.0
1458989.000,0.2245,1.7712,1.9681,0.2359,0.2973,-9999.0000,0.1164,0.1585,-9999.0000,-9999.0000,0.0
1459220.000,0.2037,2.0229,2.1513,0.3367,0.3254,-9999.0000,0.0744,-9999.0000,-9999.0000,-9999.0000,0.0
1459451.000,0.1994,1.6138,2.0630,0.1627,0.3421,0.0701,0.0817,0.1186,-9999.0000,-9999.0000,0.0
1459682.000,0.1867,2.0378,2.1367,0.2548,0.4103,0.0581,-9999.0000,-9999.0000,-9999.0000,-9999.0000,0.0
1459913.000,0.1709,2.0060,2.1880,0.2583,0.3553,-9999.0000,0.1379,0.1571,-9999.0000,0.0703,0.0
1460145.000,0.1622,1.8636,2.2355,0.2173,0.3379,-9999.0000,0.0747,-9999.0000,-9999.0000,-9999.0000,0.0
1460376.000,0.1779,1.8904,2.0788,-9999.0000,0.3930,0.0595,-9999.0000,-9999.0000,0.1121,-9999.0000,0.0
1460607.000,0.2239,1.7865,1.9622,-9999.0000,0.3082,-9999.0000,-9999.0000,-9999.0000,-9999.0000,0.0703,0.0
1460838.000,0.1985,2.0323,2.1619,0.3484,0.4573,0.0353,-9999.0000,-9999.0000,-9999.0000,0.1144,0.0
1461069.000,0.1113,1.8793,1.9672,0.2557,0.3764,0.0813,0.0814,-9999.0000,0.0797,-9999.0000,0.0
1461301.000,0.1824,1.6356,1.9586,0.2811,0.4135,-9999.0000,0.0491,-9999.0000,-9999.0000,-9999.0000,0.0
1461532.000,0.0938,1.7117,2.2407,0.3965,0.5873,0.0584,0.1034,-9999.0000,0.0943,0.0695,0.0
1461763.000,0.2110,1.5748,1.8348,0.3264,0.5408,0.0355,0.0815,-9999.0000,-9999.0000,0.0695,0.0
1461994.000,0.1719,1.3213,1.6228,0.1889,0.4164,0.0594,0.0502,0.1473,-9999.0000,-9999.0000,0.0
1462225.000,0.1739,1.5090,1.7099,0.3600,0.4926,0.0488,0.0969,-9999.0000,-9999.0000,-9999.0000,0.0
1462457.000,0.1746,1.4286,1.9189,0.2066,0.4791,0.1033,-9999.0000,0.1030,-9999.0000,0.0687,0.0
1462688.000,0.2209,1.5632,2.0972,0.4160,0.5832,-9999.0000,0.0472,-9999.0000,-9999.0000,0.1136,0.0
1462919.000,0.1699,2.0562,2.0651,0.4199,0.7398,0.0355,0.0704,-9999.0000,-9999.0000,-9999.0000,0.0
1463150.000,0.1211,1.6031,1.9491,0.3425,0.6830,-9999.0000,0.1656,-9999.0000,-9999.0000,-9999.0000,0.0
1463381.000,0.1452,1.7790,2.0593,0.3689,0.7805,0.0349,0.1455,-9999.0000,-9999.0000,-9999.0000,0.0
1463613.000,0.2028,1.6497,2.0600,0.2746,0.6510,0.0574,-9999.0000,0.1130,-9999.0000,0.0681,0.0
1463844.000,0.1728,1.9739,2.1318,0.3649,0.6936,0.0681,0.1001,0.1226,-9999.0000,-9999.0000,0.0
1464075.000,0.0935,1.9232,2.2335,0.4180,0.6440,0.0809,0.0479,-9999.0000,-9999.0000,0.1594,0.0
1464306.000,0.1687,1.8982,1.9588,0.4625,0.6998,0.0577,0.0801,0.1387,-9999.0000,-9999.0000,0.0
1464537.000,0.1747,1.9221,1.9483,0.6964,0.8168,-9999.0000,-9999.0000,-9999.0000,-9999.0000,-9999.0000,0.0
1464769.000,0.1285,2.0451,2.0016,0.1601,0.6201,-9999.0000,0.0917,-9999.0000,-9999.0000,0.1141,0.0
1465000.000,0.0881,1.5467,1.9440,0.3963,0.5993,0.0355,0.0485,-9999.0000,-9999.0000,0.1602,0.0
1465231.000,0.1368,2.1821,2.1107,0.2363,0.8199,0.0595,-9999.0000,0.1110,0.0846,0.0709,0.0
1465462.000,0.1454,1.9047,1.9639,0.5554,0.6994,0.0463,-9999.0000,-9999.0000,-9999.0000,-9999.0000,0.0
1465693.000,0.1570,1.5925,1.9936,0.4853,0.5597,0.0576,0.0581,-9999.0000,-9999.0000,-9999.0000,0.0
1465925.000,0.1348,1.8714,2.0136,0.3250,0.7272,0.0582,-9999.0000,0.2264,-9999.0000,-9999.0000,0.0
1466156.000,0.1576,1.5860,1.9216,0.5572,0.9232,0.0351,-9999.0000,0.1157,-9999.0000,-9999.0000,0.0
1466387.000,0.1984,1.7244,2.1276,0.2767,0.5965,0.0579,-9999.0000,0.1278,-9999.0000,-9999.0000,0.0
1466618.000,0.1251,1.9106,1.7855,0.3551,0.5831,-9999.0000,-9999.0000,-9999.0000,-9999.0000,-9999.0000,0.0
1466849.000,0.1910,1.7257,1.8575,0.3198,0.6150,0.0571,0.0900,-9999.0000,-9999.0000,-9999.0000,0.0
1467081.000,0.1211,1.9763,1.9288,0.3183,0.7632,-9999.0000,0.0894,-9999.0000,-9999.0000,0.1121,0.0
1467312.000,0.1858,1.8054,2.0256,0.5072,0.6515,0.0347,0.0578,-9999.0000,-9999.0000,0.0681,0.0
1467543.000,0.1587,1.6451,1.9337,0.1143,0.6351,-9999.0000,-9999.0000,0.1304,-9999.0000,-9999.0000,0.0
1467774.000,0.1409,1.5758,1.9550,0.3017,0.5404,-9999.0000,0.0815,0.1783,-9999.0000,0.0693,0.0
1468006.000,0.1626,1.7990,1.8516,0.2279,0.6749,0.0461,0.0798,0.0895,-9999.0000,-9999.0000,0.0
1468237.000,0.1395,1.6620,2.1777,0.2512,0.6983,-9999.0000,0.1126,-9999.0000,-9999.0000,-9999.0000,0.0
1468468.000,0.1741,1.3260,1.9702,0.2507,0.5698,0.0686,-9999.0000,-9999.0000,-9999.0000,0.0680,0.0
1468699.000,0.1643,1.4144,2.1132,0.2546,0.6693,-9999.0000,-9999.0000,-9999.0000,0.0821,-9999.0000,0.0
1468930.000,0.1810,1.5864,2.0435,0.3699,0.6782,-9999.0000,0.1246,-9999.0000,-9999.0000,0.0687,0.0
1469162.000,0.1447,1.3414,2.0130,0.3424,0.4525,0.0570,0.1009,-9999.0000,-9999.0000,0.1573,0.0
1469393.000,0.1295,1.3603,2.0084,0.3964,0.4945,0.0355,0.0709,-9999.0000,-9999.0000,0.0695,0.0
1469624.000,0.2171,1.5900,1.8468,0.3251,0.6226,0.0926,0.0596,-9999.0000,0.0969,-9999.0000,0.0
1469855.000,0.1745,1.2577,1.8003,0.2514,0.5943,-9999.0000,0.0800,-9999.0000,-9999.0000,0.0682,0.0
1470086.000,0.1713,1.2226,1.7975,0.3513,0.5084,0.0473,0.1049,-9999.0000,0.1424,0.1156,0.0
1470318.000,0.1760,1.3108,1.8398,0.4186,0.5637,0.0582,0.1035,0.0934,-9999.0000,-9999.0000,0.0
1470549.000,0.1515,1.7743,1.6694,0.2749,0.5017,-9999.0000,-9999.0000,-9999.0000,-9999.0000,0.0683,0.0
1470780.000,0.1681,1.2641,1.6676,0.4358,0.3719,0.0571,0.0794,0.1609,0.0939,-9999.0000,0.0
1471011.000,0.1734,1.1862,1.6449,0.3648,0.4866,0.0569,0.0572,-9999.0000,-9999.0000,-9999.0000,0.0
1471242.000,0.0944,1.2805,1.9498,0.3024,0.4009,-9999.0000,-9999.0000,-9999.0000,-9999.0000,0.1605,0.0
1471474.000,0.1474,1.5529,2.0062,0.1378,0.4717,-9999.0000,-9999.0000,0.1317,0.1129,0.0696,0.0
1471705.000,0.1959,1.2764,2.1575,0.3297,0.4280,0.0477,0.1060,0.1229,-9999.0000,0.1164,0.0
1471936.000,0.1293,1.5808,1.7803,0.1603,0.4819,-9999.0000,-9999.0000,-9999.0000,-9999.0000,-9999.0000,0.0
1472167.000,0.1877,1.4549,1.7243,0.4651,0.4229,-9999.0000,0.0485,0.1298,-9999.0000,0.2957,0.0
1472398.000,0.1337,1.1508,1.9361,0.2503,0.3377,0.0686,0.0688,0.0895,-9999.0000,-9999.0000,0.0
1472630.000,0.1420,1.2068,2.0067,0.2093,0.3670,0.0358,0.0496,0.1209,-9999.0000,-9999.0000,0.0
1472861.000,0.2041,1.5144,1.7991,0.2751,0.3390,-9999.0000,0.1024,0.2241,0.0961,-9999.0000,0.0
1473092.000,0.1643,1.3299,2.0766,0.2771,0.5166,0.1153,0.1035,0.2148,-9999.0000,0.0690,0.0
1473323.000,0.0987,0.9445,1.6261,0.2495,0.3023,0.1250,0.1230,-9999.0000,0.1233,-9999.0000,0.0
1473554.000,0.1926,1.1378,1.8369,0.3453,0.4093,0.0691,0.1245,-9999.0000,-9999.0000,0.0684,0.0
1473786.000,0.1126,0.7734,1.5796,0.0911,0.3318,0.0473,-9999.0000,-9999.0000,-9999.0000,0.0699,0.0
1474017.000,0.1178,0.7206,1.5039,0.1839,0.2596,0.0469,0.0489,-9999.0000,-9999.0000,-9999.0000,0.0
1474248.000,0.1466,0.9400,1.7039,0.2061,0.2351,0.0580,-9999.0000,-9999.0000,-9999.0000,-9999.0000,0.0
1474479.000,0.1536,0.6971,1.6445,0.2322,0.3430,-9999.0000,-9999.0000,0.0961,-9999.0000,-9999.0000,0.0
1474710.000,0.1621,1.0343,1.6095,0.1181,0.2648,0.0368,0.0631,-9999.0000,-9999.0000,-9999.0000,0.0
1474942.000,0.0917,0.7167,1.6216,0.2174,0.2557,-9999.0000,0.1216,-9999.0000,-9999.0000,0.1195,0.0
1475173.000,0.1325,0.8504,1.4197,0.1184,0.2771,0.0368,-9999.0000,-9999.0000,0.1049,-9999.0000,0.0
1475404.000,0.1366,0.8213,1.6400,-9999.0000,0.2617,-9999.0000,-9999.0000,-9999.0000,-9999.0000,-9999.0000,0.0
1475635.000,0.1547,0.6481,1.4291,0.1158,0.3335,0.0361,0.0839,0.1235,-9999.0000,-9999.0000,0.0
1475866.000,0.1078,0.7424,1.5271,0.2595,0.1683,-9999.0000,0.0623,-9999.0000,-9999.0000,-9999.0000,0.0
1476098.000,0.1013,0.8361,1.3831,-9999.0000,0.2027,-9999.0000,-9999.0000,-9999.0000,-9999.0000,-9999.0000,0.0
1476329.000,0.1805,0.8961,1.1920,-9999.0000,0.1338,-9999.0000,0.1085,-9999.0000,-9999.0000,-9999.0000,0.0
1476560.000,0.0858,0.7092,1.3167,-9999.0000,0.1473,-9999.0000,-9999.0000,-9999.0000,-9999.0000,-9999.0000,0.0
1476791.000,0.1444,0.5431,1.3510,-9999.0000,0.0857,-9999.0000,-9999.0000,-9999.0000,0.1199,-9999.0000,0.0
1477022.000,0.0914,0.5898,1.5661,0.0955,0.0745,0.0607,0.0756,-9999.0000,0.1071,0.1189,0.0
1477254.000,0.1090,0.6002,1.4620,0.1668,0.0981,0.0721,0.0864,-9999.0000,-9999.0000,-9999.0000,0.0
1477485.000,0.1158,-9999.0000,1.3849,-9999.0000,0.0749,0.0963,0.0763,-9999.0000,-9999.0000,-9999.0000,0.0
1477716.000,0.1449,0.6669,1.4184,0.1667,-9999.0000,-9999.0000,-9999.0000,-9999.0000,-9999.0000,0.0720,0.0
1477947.000,0.1473,0.7590,1.3537,0.2198,-9999.0000,-9999.0000,-9999.0000,0.2114,-9999.0000,-9999.0000,0.0
1478178.000,0.1813,0.6036,1.4725,0.1674,0.0864,0.0372,0.0756,-9999.0000,-9999.0000,-9999.0000,0.0
1478410.000,0.1588,0.5034,1.2413,-9999.0000,0.1358,-9999.0000,-9999.0000,-9999.0000,-9999.0000,-9999.0000,0.0
1478641.000,0.1339,0.6396,1.2603,0.1203,0.0748,-9999.0000,0.0877,-9999.0000,-9999.0000,-9999.0000,0.0
1478872.000,0.1393,0.6401,1.2730,0.1913,0.1464,0.0840,0.0756,-9999.0000,-9999.0000,-9999.0000,0.0
1479103.000,0.1768,-9999.0000,1.3038,0.1697,0.1358,-9999.0000,0.0885,-9999.0000,-9999.0000,-9999.0000,0.0
1479334.000,0.0679,0.6353,1.3766,0.2176,0.0992,0.0848,-9999.0000,-9999.0000,0.0948,-9999.0000,0.0
1479566.000,0.1148,-9999.0000,1.4656,0.2137,0.1217,0.0718,0.0636,-9999.0000,-9999.0000,-9999.0000,0.0
1479797.000,0.1287,0.5645,1.5888,0.1458,0.1360,0.1561,-9999.0000,-9999.0000,-9999.0000,-9999.0000,0.0
1480028.000,0.1428,0.6150,1.3508,0.1495,0.1627,-9999.0000,0.0683,-9999.0000,0.0996,-9999.0000,0.0
1480259.000,0.1466,0.5913,1.3786,-9999.0000,0.1961,0.1321,0.1339,-9999.0000,-9999.0000,-9999.0000,0.0
1480490.000,0.1355,0.5339,1.5662,0.1471,0.2098,-9999.0000,0.1699,-9999.0000,-9999.0000,-9999.0000,0.0
1480722.000,0.1145,0.5461,1.4864,0.1648,0.0736,-9999.0000,-9999.0000,-9999.0000,-9999.0000,-9999.0000,0.0
1480953.000,0.1647,0.6132,1.2531,0.1450,0.1356,0.0731,0.1111,0.1966,-9999.0000,0.0732,0.0
1481184.000,0.1216,0.4989,1.5006,0.2878,0.0986,0.0724,0.2003,-9999.0000,-9999.0000,-9999.0000,0.0
1481415.000,0.1638,0.5669,1.3454,0.1434,0.1347,0.0373,0.1100,-9999.0000,-9999.0000,-9999.0000,0.0
1481646.000,0.1775,0.5807,1.3340,0.1702,0.2211,0.0971,0.0549,0.1608,0.0968,0.0736,0.0
1481878.000,0.1329,0.5584,1.5051,0.2137,0.1817,0.0953,0.0525,0.1043,-9999.0000,0.0718,0.0
1482109.000,0.1459,0.6583,1.4473,0.1677,0.2674,0.0726,0.0876,-9999.0000,0.1095,-9999.0000,0.0
1482340.000,0.1147,-9999.0000,1.6628,0.1650,0.1932,0.0833,0.0859,-9999.0000,0.0776,-9999.0000,0.0
1482571.000,0.1162,0.5645,1.4892,0.1927,0.0870,-9999.0000,0.0881,-9999.0000,0.1551,0.1663,0.0
1482802.000,0.1751,0.5675,1.4581,0.1661,0.3259,0.0721,0.1655,0.1050,-9999.0000,-9999.0000,0.0
1483034.000,0.1516,0.6013,1.6556,-9999.0000,0.3027,0.0841,0.1549,0.0937,0.0943,-9999.0000,0.0
1483265.000,0.1517,0.5874,1.5198,0.2152,0.2548,-9999.0000,0.1099,0.1439,-9999.0000,-9999.0000,0.0
1483496.000,0.1740,-9999.0000,1.5781,0.1880,0.2045,0.0714,-9999.0000,-9999.0000,0.1213,0.0711,0.0
1483727.000,0.1532,-9999.0000,1.5598,-9999.0000,0.1966,0.1088,0.0662,-9999.0000,-9999.0000,0.1673,0.0
1483958.000,0.0981,0.5704,1.3762,0.1198,0.3042,0.0610,0.0653,0.0957,0.1256,-9999.0000,0.0
1484190.000,0.1363,-9999.0000,1.4521,0.1128,0.1662,0.0470,0.1272,0.1091,-9999.0000,-9999.0000,0.0
1484421.000,0.1270,0.6014,1.3443,0.2373,0.2894,0.0368,0.0638,-9999.0000,-9999.0000,-9999.0000,0.0
1484652.000,0.1257,-9999.0000,1.2997,-9999.0000,0.2866,-9999.0000,0.1292,0.1251,-9999.0000,-9999.0000,0.0
1484883.000,0.1156,1.4540,1.3946,0.1907,0.1825,0.0488,0.0872,-9999.0000,-9999.0000,-9999.0000,0.0
1485114.000,0.1197,0.8881,1.4154,-9999.0000,0.2507,0.0360,0.0955,0.1002,-9999.0000,0.0704,0.0
1485346.000,0.2003,0.7846,1.3053,-9999.0000,0.2313,-9999.0000,-9999.0000,-9999.0000,-9999.0000,-9999.0000,0.0
1485577.000,0.1225,0.7385,1.4051,-9999.0000,0.1597,-9999.0000,-9999.0000,-9999.0000,-9999.0000,-9999.0000,0.0
1485808.000,0.1280,0.6113,1.5050,0.3362,0.1710,0.1078,-9999.0000,0.1200,-9999.0000,-9999.0000,0.0
1486039.000,0.1288,0.4841,1.4011,0.2174,0.1600,-9999.0000,0.1001,-9999.0000,-9999.0000,-9999.0000,0.0
1486270.000,0.1582,0.6267,1.3746,-9999.0000,-9999.0000,0.0608,-9999.0000,-9999.0000,-9999.0000,-9999.0000,0.0
1486502.000,0.1034,0.5132,1.5093,0.3578,0.1580,-9999.0000,-9999.0000,-9999.0000,0.0799,0.2111,0.0
1486733.000,0.1601,-9999.0000,1.3473,-9999.0000,0.1976,-9999.0000,-9999.0000,-9999.0000,-9999.0000,-9999.0000,0.0
1486964.000,0.1419,0.5917,1.3737,-9999.0000,0.0759,-9999.0000,0.1130,-9999.0000,-9999.0000,-9999.0000,0.0
1487195.000,0.1352,0.6148,1.5997,0.2180,0.0754,-9999.0000,-9999.0000,-9999.0000,0.1583,-9999.0000,0.0
1487426.000,0.1051,0.7835,1.1992,-9999.0000,0.1849,0.0616,-9999.0000,-9999.0000,-9999.0000,-9999.0000,0.0
1487658.000,0.1351,-9999.0000,1.3352,0.1692,0.1724,-9999.0000,-9999.0000,-9999.0000,-9999.0000,-9999.0000,0.0
1487889.000,0.1518,0.6818,1.3152,-9999.0000,0.0984,0.0840,-9999.0000,-9999.0000,0.0960,0.0722,0.0
1488120.000,0.1224,0.6065,1.2596,0.1193,0.1111,-9999.0000,0.1337,0.1213,-9999.0000,-9999.0000,0.0
1488351.000,0.1407,0.5409,1.3307,-9999.0000,0.0750,-9999.0000,-9999.0000,-9999.0000,-9999.0000,-9999.0000,0.0
1488582.000,0.1054,0.5448,1.4369,-9999.0000,0.1002,-9999.0000,0.0672,-9999.0000,-9999.0000,-9999.0000,0.0
1488814.000,0.1043,0.4853,1.3971,-9999.0000,0.1352,0.0374,-9999.0000,-9999.0000,0.0827,-9999.0000,0.0
1489045.000,0.1587,0.5540,1.3608,-9999.0000,0.1837,-9999.0000,-9999.0000,-9999.0000,-9999.0000,-9999.0000,0.0
1489276.000,0.1578,0.6201,1.3959,-9999.0000,0.0863,-9999.0000,-9999.0000,-9999.0000,0.0963,-9999.0000,0.0
1489507.000,0.1106,0.5710,1.4070,-9999.0000,0.2202,0.0730,0.0659,0.2351,-9999.0000,-9999.0000,0.0
1489738.000,0.1163,0.6569,1.4029,0.0947,0.1954,-9999.0000,-9999.0000,-9999.0000,-9999.0000,-9999.0000,0.0
1489970.000,0.1400,0.5470,1.2548,0.1422,0.1948,-9999.0000,0.0536,-9999.0000,-9999.0000,-9999.0000,0.0
1490201.000,0.1471,0.5049,1.0891,-9999.0000,0.1600,-9999.0000,0.0662,-9999.0000,-9999.0000,-9999.0000,0.0
1490432.000,0.0555,0.4884,1.3737,-9999.0000,0.1939,-9999.0000,0.1319,-9999.0000,-9999.0000,-9999.0000,0.0
1490663.000,0.0877,0.6029,1.5390,-9999.0000,0.2229,-9999.0000,-9999.0000,-9999.0000,-9999.0000,-9999.0000,0.0
1490894.000,0.1610,0.5271,1.3748,-9999.0000,0.1619,0.0623,0.1025,-9999.0000,-9999.0000,-9999.0000,0.0
1491126.000,0.1284,0.5579,1.4217,-9999.0000,0.1712,-9999.0000,0.0881,-9999.0000,-9999.0000,-9999.0000,0.0
1491357.000,0.2052,0.5837,1.3603,-9999.0000,0.1218,-9999.0000,-9999.0000,-9999.0000,-9999.0000,-9999.0000,0.0
1491588.000,0.0930,-9999.0000,1.2252,-9999.0000,0.1241,0.0615,-9999.0000,-9999.0000,0.0853,-9999.0000,0.0
1491819.000,0.1362,-9999.0000,1.4280,-9999.0000,0.1248,0.0501,-9999.0000,-9999.0000,0.0866,-9999.0000,0.0
1492050.000,0.1719,-9999.0000,1.3139,0.0961,0.1848,0.0616,-9999.0000,-9999.0000,-9999.0000,0.0735,0.0
1492282.000,0.1351,0.5868,1.2155,0.0953,0.2085,-9999.0000,-9999.0000,-9999.0000,-9999.0000,-9999.0000,0.0
1492513.000,0.1464,-9999.0000,1.3333,-9999.0000,0.1952,-9999.0000,-9999.0000,-9999.0000,0.0983,-9999.0000,0.0
1492744.000,0.1609,0.6693,1.2854,0.1464,0.1984,-9999.0000,0.0908,-9999.0000,-9999.0000,-9999.0000,0.0
1492975.000,0.1739,0.4966,1.3245,-9999.0000,0.1563,0.0361,-9999.0000,-9999.0000,0.1384,-9999.0000,0.0
1493206.000,0.2010,-9999.0000,1.2735,0.1911,0.1472,0.0373,0.0656,-9999.0000,-9999.0000,-9999.0000,0.0
1493438.000,0.1651,-9999.0000,1.4582,0.1190,0.1234,0.0729,0.0773,-9999.0000,-9999.0000,-9999.0000,0.0
1493669.000,0.1531,-9999.0000,1.4397,-9999.0000,0.1355,0.0611,-9999.0000,-9999.0000,-9999.0000,-9999.0000,0.0
1493900.000,0.1289,-9999.0000,1.2017,0.1190,0.2445,-9999.0000,0.0661,-9999.0000,-9999.0000,0.1197,0.0
1494131.000,0.1168,0.5451,1.4771,0.1189,0.1354,0.0729,0.0660,-9999.0000,-9999.0000,0.2600,0.0
1494362.000,0.1666,-9999.0000,1.5350,0.1210,0.1003,0.0619,-9999.0000,0.1136,-9999.0000,-9999.0000,0.0
1494594.000,0.1401,-9999.0000,1.2993,0.1173,0.1225,0.0488,0.0650,-9999.0000,0.2020,-9999.0000,0.0
1494825.000,0.2343,-9999.0000,1.4454,-9999.0000,0.1373,0.0741,0.0565,-9999.0000,-9999.0000,-9999.0000,0.0
1495056.000,0.1456,-9999.0000,1.4627,0.0923,0.1459,0.0485,-9999.0000,-9999.0000,-9999.0000,0.1180,0.0
1495287.000,0.1700,-9999.0000,1.5662,-9999.0000,0.1223,0.1543,0.0874,-9999.0000,0.0834,-9999.0000,0.0
1495518.000,0.1648,-9999.0000,1.2804,0.1182,0.1351,0.0727,0.0997,-9999.0000,-9999.0000,-9999.0000,0.0
1495750.000,0.1215,-9999.0000,1.2811,0.1880,0.1817,0.0718,0.0643,-9999.0000,-9999.0000,0.0715,0.0
1495981.000,0.1065,0.5277,1.4818,0.1224,0.1500,-9999.0000,0.1607,-9999.0000,-9999.0000,-9999.0000,0.0
1496212.000,0.0874,0.6314,1.3890,0.1206,0.1001,0.1093,0.1017,0.1261,0.1176,-9999.0000,0.0
1496443.000,0.1407,-9999.0000,1.4303,0.1421,0.0747,-9999.0000,0.0883,-9999.0000,-9999.0000,-9999.0000,0.0
1496675.000,0.1039,0.5479,1.2857,-9999.0000,0.2184,0.1073,-9999.0000,-9999.0000,-9999.0000,-9999.0000,0.0
1496906.000,0.1699,-9999.0000,1.2787,-9999.0000,0.1462,-9999.0000,0.2228,-9999.0000,-9999.0000,0.0718,0.0
1497137.000,0.1367,-9999.0000,1.4014,-9999.0000,0.1373,0.0383,0.0565,0.1658,-9999.0000,-9999.0000,0.0
1497368.000,0.0922,-9999.0000,1.1519,0.1171,-9999.0000,0.0723,-9999.0000,-9999.0000,0.1291,-9999.0000,0.0
1497599.000,0.1122,-9999.0000,1.4195,-9999.0000,0.0639,0.0382,-9999.0000,-9999.0000,-9999.0000,-9999.0000,0.0
1497831.000,0.1239,-9999.0000,1.4706,-9999.0000,0.1244,-9999.0000,0.1130,0.2268,-9999.0000,-9999.0000,0.0
1498062.000,0.1229,-9999.0000,1.4405,-9999.0000,0.1596,0.0374,0.1456,0.1855,-9999.0000,0.1195,0.0
1498293.000,0.0871,-9999.0000,1.2965,-9999.0000,0.2090,0.0377,-9999.0000,-9999.0000,0.1323,-9999.0000,0.0
1498524.000,0.0989,0.4911,1.2853,-9999.0000,0.0750,0.0493,0.1231,-9999.0000,-9999.0000,-9999.0000,0.0
1498755.000,0.1339,-9999.0000,1.3349,0.1642,0.1581,0.0368,0.2340,-9999.0000,0.0842,-9999.0000,0.0
1498987.000,0.1226,-9999.0000,1.2871,-9999.0000,0.1229,0.0726,0.0997,0.0969,0.1007,-9999.0000,0.0
1499218.000,0.1464,-9999.0000,1.1274,-9999.0000,0.2069,-9999.0000,0.0766,0.1333,0.1446,-9999.0000,0.0
1499449.000,0.1603,-9999.0000,1.2176,0.1929,0.1607,-9999.0000,0.1358,-9999.0000,-9999.0000,-9999.0000,0.0
1499680.000,0.1096,-9999.0000,1.2637,0.0914,0.1097,0.0834,0.0982,0.1310,-9999.0000,-9999.0000,0.0
1499911.000,0.1421,-9999.0000,1.5966,-9999.0000,0.1486,0.0972,0.0672,-9999.0000,0.0884,-9999.0000,0.0
1500143.000,0.1297,-9999.0000,1.2782,-9999.0000,0.1118,0.0970,0.1011,-9999.0000,0.1478,-9999.0000,0.0
1500374.000,0.0813,-9999.0000,1.2681,-9999.0000,0.2093,0.0616,0.0672,-9999.0000,0.1035,-9999.0000,0.0
1500605.000,0.1485,-9999.0000,1.3855,-9999.0000,0.1611,0.0618,0.1020,0.2027,-9999.0000,-9999.0000,0.0
1500836.000,0.1831,-9999.0000,1.2631,-9999.0000,0.0988,0.0372,0.0658,-9999.0000,0.1162,-9999.0000,0.0
1501067.000,0.0995,-9999.0000,1.1858,0.1437,0.1606,0.0496,0.1357,-9999.0000,0.1036,-9999.0000,0.0
1501299.000,0.1177,-9999.0000,1.2986,0.1435,0.1240,0.0377,0.1013,-9999.0000,-9999.0000,-9999.0000,0.0
1501530.000,0.1250,-9999.0000,1.4456,0.1707,0.1500,0.0504,0.0687,-9999.0000,-9999.0000,-9999.0000,0.0
1501761.000,0.1372,-9999.0000,1.2867,-9999.0000,0.1254,0.0384,-9999.0000,-9999.0000,-9999.0000,-9999.0000,0.0
1501992.000,0.1351,-9999.0000,1.2849,-9999.0000,0.0627,0.1082,-9999.0000,-9999.0000,0.1022,-9999.0000,0.0
1502223.000,0.1602,-9999.0000,1.3433,0.1678,0.1362,-9999.0000,-9999.0000,-9999.0000,-9999.0000,-9999.0000,0.0
1502455.000,0.1725,-9999.0000,1.2498,0.0949,0.0998,-9999.0000,0.0787,-9999.0000,-9999.0000,-9999.0000,0.0
1502686.000,0.1317,-9999.0000,1.3304,-9999.0000,0.1506,0.0627,0.1387,-9999.0000,-9999.0000,-9999.0000,0.0
1502917.000,0.1382,-9999.0000,1.3850,-9999.0000,0.1879,0.0509,-9999.0000,-9999.0000,-9999.0000,0.1228,0.0
1503148.000,0.1068,-9999.0000,1.3081,0.1708,0.1992,-9999.0000,0.1958,-9999.0000,-9999.0000,-9999.0000,0.0
1503379.000,0.1787,-9999.0000,1.3896,0.0948,0.1364,0.0615,-9999.0000,-9999.0000,-9999.0000,-9999.0000,0.0
1503611.000,0.1427,-9999.0000,1.2232,-9999.0000,0.2101,-9999.0000,0.1137,0.0895,-9999.0000,-9999.0000,0.0
1503842.000,0.0990,-9999.0000,1.1672,-9999.0000,0.1596,0.0492,-9999.0000,-9999.0000,-9999.0000,-9999.0000,0.0
1504073.000,0.1287,-9999.0000,1.3186,0.0924,0.1468,-9999.0000,0.1110,-9999.0000,0.0871,-9999.0000,0.0
1504304.000,0.0923,-9999.0000,1.4525,-9999.0000,0.1344,0.0604,0.0992,-9999.0000,-9999.0000,-9999.0000,0.0
1504535.000,0.0986,-9999.0000,1.3190,-9999.0000,0.0986,0.0724,0.0997,-9999.0000,-9999.0000,-9999.0000,0.0
1504767.000,0.1241,-9999.0000,1.1638,-9999.0000,0.0999,0.0378,0.0675,0.2529,0.0752,-9999.0000,0.0
1504998.000,0.1238,-9999.0000,1.2745,-9999.0000,0.1483,0.0614,0.1242,0.1005,-9999.0000,-9999.0000,0.0
1505229.000,0.1183,-9999.0000,1.2807,0.1197,0.0880,0.0856,0.0564,-9999.0000,-9999.0000,0.1209,0.0
1505460.000,0.1047,-9999.0000,1.1137,-9999.0000,-9999.0000,-9999.0000,0.0885,-9999.0000,-9999.0000,-9999.0000,0.0
1505691.000,0.0826,-9999.0000,0.9036,0.1464,0.1505,-9999.0000,-9999.0000,0.0931,-9999.0000,-9999.0000,0.0
1505923.000,0.1537,-9999.0000,1.0566,-9999.0000,0.0992,0.0374,-9999.0000,-9999.0000,-9999.0000,-9999.0000,0.0
1506154.000,0.1063,-9999.0000,1.3778,-9999.0000,0.1004,0.0619,-9999.0000,0.1156,-9999.0000,0.0738,0.0
1506385.000,0.1199,-9999.0000,1.2083,0.1968,0.0771,0.0388,-9999.0000,-9999.0000,-9999.0000,-9999.0000,0.0
1506616.000,0.1439,-9999.0000,1.1010,-9999.0000,0.0521,-9999.0000,-9999.0000,-9999.0000,-9999.0000,0.2173,0.0
1506847.000,0.0892,-9999.0000,1.0756,-9999.0000,0.1019,0.0510,0.1514,-9999.0000,0.0949,-9999.0000,0.0
1507079.000,0.1133,-9999.0000,0.9744,-9999.0000,0.1013,-9999.0000,0.1041,-9999.0000,-9999.0000,-9999.0000,0.0
1507310.000,0.0831,-9999.0000,0.9985,-9999.0000,0.1265,0.0991,0.1165,-9999.0000,0.1406,-9999.0000,0.0
1507541.000,0.1241,-9999.0000,1.1325,0.0943,0.1242,-9999.0000,0.1018,-9999.0000,-9999.0000,-9999.0000,0.0
1507772.000,0.1066,-9999.0000,1.2476,-9999.0000,0.0639,0.0381,0.1144,-9999.0000,-9999.0000,-9999.0000,0.0
1508003.000,0.1063,-9999.0000,1.1051,0.1684,0.0758,0.0737,-9999.0000,-9999.0000,-9999.0000,-9999.0000,0.0
1508235.000,0.0955,-9999.0000,1.1728,-9999.0000,0.1267,0.0389,-9999.0000,-9999.0000,-9999.0000,-9999.0000,0.0
1508466.000,0.1008,-9999.0000,1.1247,0.0962,0.0519,-9999.0000,-9999.0000,-9999.0000,-9999.0000,-9999.0000,0.0
1508697.000,0.1082,-9999.0000,1.3567,0.0987,0.1766,0.0512,0.0825,-9999.0000,0.0812,-9999.0000,0.0
1508928.000,0.1573,-9999.0000,1.2699,-9999.0000,0.1762,0.0872,-9999.0000,-9999.0000,-9999.0000,-9999.0000,0.0
1509159.000,0.1436,-9999.0000,1.3595,-9999.0000,0.0886,-9999.0000,-9999.0000,-9999.0000,-9999.0000,-9999.0000,0.0
1509391.000,0.1505,-9999.0000,1.4048,0.0970,0.1261,0.1108,-9999.0000,0.0941,-9999.0000,0.0748,0.0
1509622.000,0.1409,-9999.0000,1.4586,-9999.0000,0.1039,0.0766,0.1082,-9999.0000,0.2233,-9999.0000,0.0
1509853.000,0.0902,-9999.0000,1.3830,-9999.0000,0.1153,-9999.0000,0.0483,-9999.0000,-9999.0000,-9999.0000,0.0
1510084.000,0.1172,-9999.0000,1.3753,-9999.0000,0.0989,0.0372,0.0890,0.0987,-9999.0000,-9999.0000,0.0
1510315.000,0.1200,-9999.0000,1.2992,-9999.0000,0.1264,0.0629,-9999.0000,-9999.0000,-9999.0000,-9999.0000,0.0
1510547.000,0.1868,-9999.0000,1.3937,0.1452,0.0887,0.0623,0.1038,-9999.0000,-9999.0000,-9999.0000,0.0
1510778.000,0.1017,-9999.0000,1.4481,0.1470,0.1512,0.0750,0.1051,-9999.0000,0.0810,-9999.0000,0.0
1511009.000,0.1913,-9999.0000,1.2232,-9999.0000,0.0755,-9999.0000,0.1822,-9999.0000,-9999.0000,-9999.0000,0.0
1511240.000,0.1735,-9999.0000,1.1761,0.2169,0.1735,0.1333,0.0567,-9999.0000,0.0780,-9999.0000,0.0
1511471.000,0.1356,-9999.0000,0.9946,0.0924,0.1717,0.1674,0.1008,-9999.0000,-9999.0000,-9999.0000,0.0
1511703.000,0.1242,-9999.0000,1.2470,-9999.0000,0.1971,0.0971,0.0904,-9999.0000,0.1072,-9999.0000,0.0
1511934.000,0.1261,-9999.0000,1.3882,0.1216,0.0646,0.0748,-9999.0000,-9999.0000,0.1568,-9999.0000,0.0
1512165.000,0.1393,-9999.0000,1.3393,-9999.0000,0.1519,0.1480,0.1176,0.1486,-9999.0000,-9999.0000,0.0
1512396.000,0.1538,-9999.0000,1.3346,-9999.0000,0.1597,0.0846,0.1236,-9999.0000,-9999.0000,-9999.0000,0.0
1512627.000,0.1616,-9999.0000,1.3051,-9999.0000,0.1860,0.0619,-9999.0000,0.2179,-9999.0000,0.0737,0.0
1512859.000,0.0824,-9999.0000,1.1236,0.1196,0.1251,0.0501,0.1608,-9999.0000,-9999.0000,0.0740,0.0
1513090.000,0.0874,-9999.0000,1.1735,0.2141,0.0629,-9999.0000,0.0669,-9999.0000,-9999.0000,-9999.0000,0.0
1513321.000,0.0891,-9999.0000,1.3292,-9999.0000,0.1260,0.0746,0.1276,-9999.0000,-9999.0000,-9999.0000,0.0
1513552.000,0.1378,-9999.0000,1.1206,-9999.0000,0.1255,0.0503,-9999.0000,0.1439,-9999.0000,0.0743,0.0
1513783.000,0.1789,-9999.0000,1.2721,0.0931,0.1848,0.0732,0.1018,-9999.0000,-9999.0000,-9999.0000,0.0
1514015.000,0.1400,-9999.0000,1.2618,0.1373,0.0975,0.0598,0.1661,-9999.0000,-9999.0000,-9999.0000,0.0
1514246.000,0.0819,-9999.0000,1.3324,-9999.0000,-9999.0000,0.0377,0.1366,-9999.0000,-9999.0000,0.0733,0.0
1514477.000,0.1531,-9999.0000,1.1906,-9999.0000,0.2070,-9999.0000,-9999.0000,-9999.0000,-9999.0000,0.0718,0.0
1514708.000,0.1476,-9999.0000,1.4084,0.0916,0.1715,0.0844,0.1575,0.1117,0.1361,0.1191,0.0
1514939.000,0.1292,-9999.0000,1.3931,0.0911,0.1228,0.0841,-9999.0000,0.1235,0.1059,-9999.0000,0.0
1515171.000,0.1399,-9999.0000,1.2732,-9999.0000,0.0854,-9999.0000,0.1321,-9999.0000,-9999.0000,0.0708,0.0
1515402.000,0.1549,-9999.0000,1.3131,0.1177,0.1608,0.1090,0.0563,-9999.0000,0.1688,-9999.0000,0.0
1515633.000,0.0877,-9999.0000,1.3913,-9999.0000,0.2089,0.0612,0.1016,-9999.0000,-9999.0000,-9999.0000,0.0
1515864.000,0.1549,-9999.0000,1.5282,0.1421,0.0633,0.1209,0.1022,-9999.0000,-9999.0000,-9999.0000,0.0
1516095.000,0.1484,-9999.0000,1.4356,-9999.0000,0.1724,0.1205,0.2845,-9999.0000,-9999.0000,-9999.0000,0.0
1516327.000,0.1054,-9999.0000,1.4161,-9999.0000,0.1473,0.0489,0.1349,0.1623,0.0772,-9999.0000,0.0
1516558.000,0.1485,-9999.0000,1.3098,0.1413,0.1724,0.1443,0.0559,-9999.0000,-9999.0000,-9999.0000,0.0
1516789.000,0.0982,-9999.0000,1.2761,0.2332,0.0976,0.2121,0.1212,-9999.0000,0.1486,-9999.0000,0.0
1517020.000,0.1651,0.5628,1.1715,0.2111,0.1706,0.1898,0.1111,-9999.0000,-9999.0000,-9999.0000,0.0
1517251.000,0.1516,-9999.0000,1.2648,0.3756,0.1927,0.1412,0.1766,-9999.0000,-9999.0000,0.1168,0.0
1517483.000,0.0798,-9999.0000,1.4063,0.1596,0.0970,0.1177,0.1539,0.1431,-9999.0000,-9999.0000,0.0
1517714.000,0.1536,-9999.0000,1.3828,-9999.0000,0.1349,0.1196,0.1459,-9999.0000,-9999.0000,0.1188,0.0
1517989.000,0.1646,-9999.0000,1.3047,0.1375,0.1339,0.1304,0.1444,-9999.0000,-9999.0000,-9999.0000,0.0
1518220.000,0.1474,-9999.0000,1.4320,-9999.0000,0.1106,0.0959,0.0889,0.1238,-9999.0000,0.0719,0.0
1518451.000,0.1219,-9999.0000,1.5529,0.1841,0.1332,0.1414,0.0982,0.1069,-9999.0000,0.0706,0.0
1518682.000,0.1647,-9999.0000,1.3807,0.2340,0.1340,0.1540,0.1558,-9999.0000,-9999.0000,-9999.0000,0.0
1518914.000,0.0859,-9999.0000,1.5757,-9999.0000,0.1688,0.0477,0.2104,-9999.0000,-9999.0000,-9999.0000,0.0
1519145.000,0.0986,0.5344,1.4177,-9999.0000,0.2061,0.0952,0.0540,-9999.0000,-9999.0000,0.1643,0.0
1519376.000,0.1275,-9999.0000,1.4985,0.1591,0.1924,0.1292,0.2324,-9999.0000,0.1330,0.0702,0.0
1519607.000,0.1200,-9999.0000,1.5905,0.1556,0.1663,0.0928,0.0953,-9999.0000,-9999.0000,-9999.0000,0.0
1519839.000,0.1321,-9999.0000,1.5694,-9999.0000,0.2140,0.1508,0.1180,0.1386,-9999.0000,-9999.0000,0.0
1520070.000,0.1514,0.6560,1.5857,0.1590,0.1446,0.1992,0.1426,0.2172,-9999.0000,-9999.0000,0.0
1520301.000,0.0856,-9999.0000,1.4525,0.1823,0.1562,0.0823,0.0973,-9999.0000,0.0887,-9999.0000,0.0
1520532.000,0.1292,-9999.0000,1.5476,0.1268,0.1395,0.0337,0.0589,-9999.0000,0.1674,-9999.0000,0.0
1520763.000,0.1268,-9999.0000,1.7063,-9999.0000,0.1199,0.1051,0.1190,-9999.0000,0.0880,-9999.0000,0.0
1520995.000,0.1307,0.6165,1.4860,-9999.0000,0.1530,0.2178,0.2041,-9999.0000,0.1132,-9999.0000,0.0
1521226.000,0.1334,0.5566,1.7200,0.1107,0.1444,0.1756,0.1872,0.1054,0.0745,0.1162,0.0
1521457.000,0.1082,0.7391,1.6642,0.1553,0.2371,0.2081,0.1509,-9999.0000,0.1739,-9999.0000,0.0
1521688.000,0.1709,0.7179,1.8364,-9999.0000,0.1872,0.1596,0.1808,-9999.0000,-9999.0000,0.0672,0.0
1521919.000,0.1115,0.5664,1.7722,0.1955,0.2086,0.1354,0.1239,0.1885,0.1813,-9999.0000,0.0
1523045.000,0.0869,0.7726,2.0260,0.1219,0.2169,0.2002,-9999.0000,0.1105,-9999.0000,0.1974,0.0
1523276.000,0.1219,0.8455,2.1736,0.2615,0.2296,0.1002,0.1436,-9999.0000,-9999.0000,-9999.0000,0.0
1523508.000,0.1219,0.8302,2.0175,0.2382,0.2179,0.0777,0.2516,0.1243,-9999.0000,-9999.0000,0.0
1523739.000,0.1227,1.0929,2.0241,0.2173,0.2078,0.1574,0.0580,0.1869,0.1094,-9999.0000,0.0
1523970.000,0.1007,1.1422,2.3662,0.2208,0.1868,0.1023,0.0925,0.1920,-9999.0000,-9999.0000,0.0
1525977.000,0.1354,1.0929,2.3718,0.1134,0.2190,0.1428,0.1002,-9999.0000,0.1091,0.0715,0.0
1526208.000,0.1206,1.3612,2.5498,0.2029,0.1904,0.1624,0.2186,0.0903,0.1179,-9999.0000,0.0
1526439.000,0.1286,1.4962,2.5725,0.1707,0.2542,0.0671,0.1016,0.3074,0.0962,-9999.0000,0.0
1526670.000,0.1280,1.2767,2.2138,0.1923,0.2184,0.0891,0.1548,0.1732,-9999.0000,-9999.0000,0.0
1526901.000,0.1389,1.3036,2.5086,0.3520,0.3781,0.1447,0.1754,-9999.0000,0.1223,-9999.0000,0.0
1527133.000,0.1287,1.4180,2.7006,0.2172,0.3470,0.0898,0.1235,0.1878,0.0966,-9999.0000,0.0
1527416.000,-9999.0000,-9999.0000,-9999.0000,-9999.0000,-9999.0000,-9999.0000,-9999.0000,-9999.0000,-9999.0000,-9999.0000,1.0
1527648.000,-9999.0000,-9999.0000,-9999.0000,-9999.0000,-9999.0000,-9999.0000,-9999.0000,-9999.0000,-9999.0000,-9999.0000,1.0
1527879.000,-9999.0000,-9999.0000,-9999.0000,-9999.0000,-9999.0000,-9999.0000,-9999.0000,-9999.0000,-9999.0000,-9999.0000,1.0
1528110.000,-9999.0000,-9999.0000,-9999.0000,-9999.0000,-9999.0000,-9999.0000,-9999.0000,-9999.0000,-9999.0000,-9999.0000,1.0
1528341.000,-9999.0000,-9999.0000,-9999.0000,-9999.0000,-9999.0000,-9999.0000,-9999.0000,-9999.0000,-9999.0000,-9999.0000,1.0
1528572.000,-9999.0000,-9999.0000,-9999.0000,-9999.0000,-9999.0000,-9999.0000,-9999.0000,-9999.0000,-9999.0000,-9999.0000,1.0
1528804.000,-9999.0000,-9999.0000,-9999.0000,-9999.0000,-9999.0000,-9999.0000,-9999.0000,-9999.0000,-9999.0000,-9999.0000,1.0
1529089.000,0.1844,5.4946,2.7643,0.3887,0.3301,0.1150,0.1278,-9999.0000,-9999.0000,-9999.0000,0.0
1529320.000,0.1507,5.4449,3.2303,0.4654,0.3930,0.1629,0.0632,-9999.0000,0.0905,-9999.0000,0.0
1529551.000,0.1882,5.5788,2.8828,0.3510,0.3250,0.1180,0.1100,-9999.0000,0.1523,0.0704,0.0
1529782.000,0.1032,4.5535,3.2040,0.3936,0.2977,0.1280,-9999.0000,-9999.0000,0.1637,-9999.0000,0.0
1530013.000,0.1874,4.9125,3.4714,0.4685,0.3474,0.1523,0.1203,-9999.0000,0.1363,0.2085,0.0
1530245.000,0.1464,3.7122,3.0454,0.3270,0.3251,0.0712,0.1889,-9999.0000,-9999.0000,-9999.0000,0.0
1530476.000,0.1973,3.3011,2.9206,0.2120,0.1721,0.0490,0.0561,-9999.0000,0.0976,-9999.0000,0.0
1530707.000,0.1351,3.8670,3.2967,0.5220,0.3507,0.1187,0.1563,-9999.0000,-9999.0000,-9999.0000,0.0
1530938.000,0.1165,4.3202,3.3401,0.3753,0.2053,0.1766,0.0989,0.2207,-9999.0000,-9999.0000,0.0
1531169.000,0.2319,4.0433,3.2359,0.4268,0.3274,0.1779,0.1796,-9999.0000,-9999.0000,0.0713,0.0
1531401.000,0.1187,3.8238,2.9706,0.4321,0.2942,0.0848,0.1709,-9999.0000,-9999.0000,-9999.0000,0.0
1531632.000,0.0979,2.4770,2.2529,-9999.0000,0.2665,0.0764,0.0735,-9999.0000,-9999.0000,-9999.0000,0.0
1531863.000,0.2062,3.2691,2.5128,0.1672,0.1255,0.0501,0.0930,-9999.0000,-9999.0000,-9999.0000,0.0
1532094.000,0.1310,2.8493,2.4686,0.2861,0.2092,0.0493,0.0566,-9999.0000,-9999.0000,0.1670,0.0
1532326.000,0.1258,2.9250,2.3188,0.2641,0.1739,-9999.0000,-9999.0000,0.1063,-9999.0000,-9999.0000,0.0
1532557.000,0.1136,2.5518,2.2433,0.1414,0.2352,0.0618,0.2652,-9999.0000,-9999.0000,-9999.0000,0.0
1532788.000,0.1727,3.1997,2.5560,0.3567,0.1837,-9999.0000,0.0786,-9999.0000,-9999.0000,-9999.0000,0.0
1533019.000,0.1663,2.9060,2.5139,0.3073,0.1470,0.0723,0.0783,-9999.0000,-9999.0000,-9999.0000,0.0
1533250.000,0.1345,2.4075,2.1927,0.3209,0.2147,0.0877,0.1308,-9999.0000,-9999.0000,-9999.0000,0.0
1533482.000,0.1598,2.5949,2.4967,0.2971,0.3027,0.0759,0.1432,-9999.0000,-9999.0000,-9999.0000,0.0
1533713.000,0.1868,3.0561,2.3475,0.4596,0.3572,0.0735,0.1035,-9999.0000,-9999.0000,-9999.0000,0.0
1533944.000,0.1318,2.6381,2.7806,0.2144,0.2716,0.0616,0.1036,-9999.0000,-9999.0000,-9999.0000,0.0
1534175.000,0.1747,2.6701,2.4389,0.2146,0.2105,0.0497,0.0807,0.0935,0.1615,-9999.0000,0.0
1534406.000,0.1449,2.2968,2.4837,0.1670,0.1625,0.0381,0.0932,-9999.0000,-9999.0000,0.0740,0.0
1534638.000,0.1272,2.4833,2.1382,0.2678,0.1140,0.0506,0.1292,-9999.0000,-9999.0000,-9999.0000,0.0
1534869.000,0.1986,2.1880,2.2800,0.1890,0.1732,0.0494,0.0916,-9999.0000,-9999.0000,0.0729,0.0
1535100.000,0.1678,2.4028,2.1240,0.2372,0.3070,0.0493,0.1486,-9999.0000,-9999.0000,-9999.0000,0.0
1535331.000,0.1373,2.4162,2.0407,0.3347,0.1483,-9999.0000,0.0683,-9999.0000,-9999.0000,-9999.0000,0.0
1535562.000,0.1387,1.9033,2.1507,0.1913,0.1623,-9999.0000,0.0815,-9999.0000,0.0876,-9999.0000,0.0
1535794.000,0.1382,2.1599,2.0978,0.1900,0.2106,-9999.0000,-9999.0000,-9999.0000,-9999.0000,0.0734,0.0
1536025.000,0.1714,2.3271,2.1561,0.1836,0.2905,0.0363,0.2244,-9999.0000,-9999.0000,0.0709,0.0
1536256.000,0.1748,2.0437,2.1351,0.1407,0.2105,0.0497,-9999.0000,-9999.0000,-9999.0000,-9999.0000,0.0
1536487.000,0.1396,1.7406,2.1180,0.2177,0.1757,-9999.0000,0.0942,-9999.0000,-9999.0000,-9999.0000,0.0
1536718.000,0.1510,2.1158,1.9459,0.1910,0.2114,-9999.0000,0.1508,-9999.0000,-9999.0000,0.1689,0.0
1536950.000,0.2017,1.7223,2.1161,0.4417,0.2256,-9999.0000,0.1412,-9999.0000,-9999.0000,0.0748,0.0
1537181.000,0.1136,2.2175,1.8675,0.2140,0.1614,-9999.0000,0.0807,0.1064,-9999.0000,-9999.0000,0.0
1537412.000,0.1412,2.1257,1.8374,-9999.0000,0.0905,-9999.0000,0.1198,0.0894,-9999.0000,0.1725,0.0
1537643.000,0.1758,2.0111,1.9994,0.2405,0.1255,0.0741,0.0817,-9999.0000,-9999.0000,0.0739,0.0
1537874.000,0.1708,2.3236,2.0393,0.3175,0.3495,0.0869,0.1063,-9999.0000,0.1361,0.0747,0.0
1538106.000,0.1328,1.7672,1.8221,0.0926,0.1995,-9999.0000,0.0818,-9999.0000,-9999.0000,-9999.0000,0.0
1538337.000,0.1313,2.1715,2.0165,0.3832,0.2093,-9999.0000,0.0913,-9999.0000,-9999.0000,-9999.0000,0.0
1538568.000,0.1492,2.5354,2.1819,0.3575,0.4521,-9999.0000,0.0679,-9999.0000,-9999.0000,-9999.0000,0.0
1538799.000,0.1580,2.0596,2.0524,0.1180,0.3484,0.0624,0.1173,-9999.0000,0.1202,0.1221,0.0
1539030.000,0.1715,2.2801,2.1375,0.1696,0.3880,0.0631,0.0486,-9999.0000,-9999.0000,-9999.0000,0.0
1539262.000,0.1265,1.9768,2.0618,0.2646,0.2852,-9999.0000,-9999.0000,-9999.0000,-9999.0000,0.0737,0.0
1539493.000,0.1151,2.2657,1.9479,0.4160,0.3244,-9999.0000,-9999.0000,-9999.0000,-9999.0000,-9999.0000,0.0
1539724.000,0.2073,2.4425,2.3784,0.3652,0.3853,-9999.0000,0.1172,-9999.0000,-9999.0000,0.0742,0.0
1539955.000,0.1585,2.1211,2.1808,0.2675,0.4237,0.0506,0.0946,0.1116,-9999.0000,0.0746,0.0
1540186.000,0.2030,2.2698,2.0194,0.2698,0.3763,-9999.0000,0.1426,0.1012,0.0771,-9999.0000,0.0
1540418.000,0.1251,2.5925,2.1668,0.1871,0.4527,0.0729,0.0911,-9999.0000,0.0864,0.1195,0.0
1540649.000,0.1390,2.3410,2.0655,0.2650,0.3719,-9999.0000,-9999.0000,-9999.0000,-9999.0000,0.0739,0.0
1540880.000,0.1021,2.4925,2.3582,0.1661,0.4825,0.0380,0.0586,-9999.0000,-9999.0000,-9999.0000,0.0
1541111.000,0.1680,2.9022,2.3989,0.3098,0.4657,0.0492,0.0571,0.1302,-9999.0000,0.0726,0.0
1541342.000,0.1250,2.7396,2.4865,0.2841,0.4765,0.0727,0.0680,0.1415,-9999.0000,-9999.0000,0.0
1541574.000,0.1128,3.0338,2.2710,0.1620,0.3425,-9999.0000,0.1366,-9999.0000,-9999.0000,-9999.0000,0.0
1541805.000,0.1137,3.0856,2.5304,0.3362,0.4432,0.0855,0.0693,-9999.0000,-9999.0000,-9999.0000,0.0
1542036.000,0.1192,2.4501,2.3970,0.3093,0.6361,-9999.0000,0.0913,0.1678,0.1022,-9999.0000,0.0
1542267.000,0.1774,3.0605,2.3788,0.1933,0.6105,0.0750,0.1300,-9999.0000,-9999.0000,-9999.0000,0.0
1542498.000,0.1386,3.0114,2.5057,0.2389,0.5058,0.0498,0.2430,-9999.0000,-9999.0000,-9999.0000,0.0
1542730.000,0.1784,2.6160,2.4003,-9999.0000,0.4127,0.0719,0.0782,-9999.0000,-9999.0000,0.0712,0.0
1542961.000,0.1670,3.0830,2.4665,0.2825,0.4143,-9999.0000,0.1017,-9999.0000,-9999.0000,0.0717,0.0
1543192.000,0.1361,2.7733,2.3058,0.2566,0.6182,-9999.0000,-9999.0000,-9999.0000,0.1149,-9999.0000,0.0
1543423.000,0.1712,2.9027,2.2039,0.2923,0.3745,0.0507,0.0483,-9999.0000,0.0923,-9999.0000,0.0
1543654.000,0.1615,2.2295,2.0385,0.5519,0.3912,-9999.0000,0.1138,-9999.0000,-9999.0000,-9999.0000,0.0
1543940.000,-9999.0000,-9999.0000,-9999.0000,-9999.0000,-9999.0000,-9999.0000,-9999.0000,-9999.0000,-9999.0000,-9999.0000,1.0
1544171.000,-9999.0000,-9999.0000,-9999.0000,-9999.0000,-9999.0000,-9999.0000,-9999.0000,-9999.0000,-9999.0000,-9999.0000,1.0
1544402.000,-9999.0000,-9999.0000,-9999.0000,-9999.0000,-9999.0000,-9999.0000,-9999.0000,-9999.0000,-9999.0000,-9999.0000,1.0
1544633.000,-9999.0000,-9999.0000,-9999.0000,-9999.0000,-9999.0000,-9999.0000,-9999.0000,-9999.0000,-9999.0000,-9999.0000,1.0
1544865.000,-9999.0000,-9999.0000,-9999.0000,-9999.0000,-9999.0000,-9999.0000,-9999.0000,-9999.0000,-9999.0000,-9999.0000,1.0
1545096.000,-9999.0000,-9999.0000,-9999.0000,-9999.0000,-9999.0000,-9999.0000,-9999.0000,-9999.0000,-9999.0000,-9999.0000,1.0
1545327.000,-9999.0000,-9999.0000,-9999.0000,-9999.0000,-9999.0000,-9999.0000,-9999.0000,-9999.0000,-9999.0000,-9999.0000,1.0
1545558.000,-9999.0000,-9999.0000,-9999.0000,-9999.0000,-9999.0000,-9999.0000,-9999.0000,-9999.0000,-9999.0000,-9999.0000,1.0
1545789.000,-9999.0000,-9999.0000,-9999.0000,-9999.0000,-9999.0000,-9999.0000,-9999.0000,-9999.0000,-9999.0000,-9999.0000,1.0
1546063.000,0.1586,2.8960,2.4649,0.2913,0.5349,0.0626,0.0481,-9999.0000,-9999.0000,-9999.0000,0.0
1546294.000,0.2456,2.7234,2.2048,0.2422,0.5109,0.1111,0.1300,0.1255,-9999.0000,0.0746,0.0
1546525.000,0.1136,3.0507,2.5384,0.1384,0.8212,-9999.0000,0.1839,-9999.0000,-9999.0000,0.0726,0.0
1546757.000,0.0947,2.3945,2.1721,0.2344,0.6225,0.0370,0.1825,-9999.0000,0.1180,0.0720,0.0
1546988.000,0.1297,2.5868,2.0930,0.4722,0.6042,-9999.0000,-9999.0000,0.1372,-9999.0000,-9999.0000,0.0
1547219.000,0.1631,3.0803,2.4212,0.4344,0.7506,0.0376,0.0927,-9999.0000,-9999.0000,-9999.0000,0.0
1547450.000,0.1630,2.7494,2.2926,0.1146,0.4313,0.0495,0.0926,-9999.0000,-9999.0000,0.0730,0.0
1547681.000,0.1619,2.9382,2.2707,0.4791,0.6234,0.0490,0.1028,-9999.0000,-9999.0000,-9999.0000,0.0
1547913.000,0.1312,2.5445,2.3044,0.3561,0.5493,0.0607,0.0795,-9999.0000,0.1033,-9999.0000,0.0
1548144.000,0.1451,2.3370,2.3117,0.1644,0.6414,-9999.0000,0.1394,0.2107,-9999.0000,-9999.0000,0.0
1548375.000,0.1871,2.6183,2.1603,0.3590,0.5526,-9999.0000,0.0807,0.1574,0.0750,-9999.0000,0.0
1548606.000,0.1198,2.5636,2.3880,0.3343,0.7114,0.0373,0.0691,0.1319,-9999.0000,-9999.0000,0.0
1548838.000,0.1935,2.8071,2.4948,0.3352,0.7251,0.0853,0.1271,-9999.0000,0.1209,-9999.0000,0.0
1549069.000,0.1380,2.9866,2.3986,0.3338,0.6986,0.0611,0.0689,0.0935,-9999.0000,-9999.0000,0.0
1549300.000,0.1991,2.5382,2.2472,0.3094,0.7721,0.0373,0.0575,-9999.0000,0.0750,0.1198,0.0
1549531.000,0.1931,2.8985,2.3947,0.3587,0.8338,0.1209,-9999.0000,0.1193,0.0753,0.1673,0.0
1549762.000,0.1505,2.8560,2.2065,-9999.0000,0.6876,-9999.0000,-9999.0000,-9999.0000,-9999.0000,0.0727,0.0
1549994.000,0.1425,2.5385,2.3790,0.2316,0.9213,-9999.0000,0.1126,-9999.0000,-9999.0000,0.0711,0.0
1550225.000,0.1675,2.5616,2.3399,0.2333,0.9254,-9999.0000,0.1593,-9999.0000,-9999.0000,-9999.0000,0.0
1550456.000,0.1480,2.9641,2.4907,0.3755,0.9307,0.0362,-9999.0000,-9999.0000,-9999.0000,0.0707,0.0
1550687.000,0.1494,2.9434,2.2792,0.3067,0.7437,0.0725,0.1367,0.1923,-9999.0000,0.0718,0.0
1550918.000,0.1178,2.9683,2.1509,0.3026,0.8817,-9999.0000,0.1458,-9999.0000,-9999.0000,-9999.0000,0.0
1551150.000,0.0930,2.7124,2.4789,0.2036,0.8763,-9999.0000,-9999.0000,-9999.0000,-9999.0000,-9999.0000,0.0
1551381.000,0.1619,3.3219,2.5176,0.2586,1.1350,0.1202,0.1142,-9999.0000,-9999.0000,0.1192,0.0
1551612.000,0.1900,2.7102,2.3937,0.3263,0.9656,0.0596,0.1003,-9999.0000,-9999.0000,0.1171,0.0
1551843.000,0.1422,2.9134,2.5557,0.4967,1.3300,0.0834,0.1235,-9999.0000,-9999.0000,0.0707,0.0
1552074.000,0.1681,3.1569,2.5257,0.3809,1.0625,0.0965,0.1258,-9999.0000,-9999.0000,-9999.0000,0.0
1552306.000,0.1906,2.7660,2.6210,0.5215,1.0410,0.0599,0.0896,-9999.0000,0.1027,0.0708,0.0
1552537.000,0.1260,3.3535,2.4779,0.4317,1.0416,-9999.0000,0.1727,-9999.0000,-9999.0000,0.1198,0.0
1552768.000,0.2298,2.9629,2.7431,0.4069,1.4203,0.0611,-9999.0000,0.1319,0.1213,0.0724,0.0
1552999.000,0.1720,3.2653,2.6631,0.2778,1.5926,0.0949,0.1343,-9999.0000,-9999.0000,0.1171,0.0
1553230.000,0.1839,3.0448,2.7426,0.6155,1.2060,0.0948,0.1002,-9999.0000,-9999.0000,-9999.0000,0.0
1553462.000,0.1983,3.3698,2.8947,0.5263,1.2679,0.1082,0.1141,-9999.0000,-9999.0000,-9999.0000,0.0
1560168.000,0.2226,5.6877,4.0341,1.1320,2.4009,0.0888,0.1256,-9999.0000,-9999.0000,0.0375,0.0
1560399.000,0.1637,4.3061,4.3753,0.9733,2.4340,0.1129,0.1091,0.1344,-9999.0000,-9999.0000,0.0
1560631.000,0.2488,4.0282,4.2818,1.1925,2.4726,0.2390,0.1170,0.2095,0.1262,0.1043,0.0
1560862.000,0.1518,4.1538,4.1771,1.3642,2.4528,0.1447,0.2420,0.2113,-9999.0000,-9999.0000,0.0
1561093.000,0.1904,3.6837,4.3548,1.0770,2.4442,0.1208,0.1424,0.1002,-9999.0000,-9999.0000,0.0
1561324.000,0.1942,4.1539,4.2442,1.1226,2.4767,0.1352,0.2018,0.0963,-9999.0000,-9999.0000,0.0
1561555.000,0.2231,4.1357,4.2654,0.7956,2.5448,0.0670,0.1142,0.1804,-9999.0000,-9999.0000,0.0
1561787.000,0.2316,3.4886,4.6664,1.1823,2.3252,0.1255,0.1719,-9999.0000,-9999.0000,-9999.0000,0.0
1562018.000,0.1901,3.9981,4.3652,1.3206,2.3910,0.1938,0.1163,-9999.0000,-9999.0000,-9999.0000,0.0
1562249.000,0.1555,3.5965,4.2394,0.9483,2.0811,0.2175,0.1833,0.1258,0.0832,0.0667,0.0
1562480.000,0.1206,3.8111,4.0955,1.2101,2.1913,0.1835,0.1396,0.1756,0.0838,0.0669,0.0
1562711.000,0.1937,3.7717,4.0473,0.9566,2.1342,0.1687,0.0920,-9999.0000,-9999.0000,-9999.0000,0.0
1562943.000,0.1392,3.9366,4.3062,1.1234,2.0624,0.1386,0.0521,0.1420,-9999.0000,-9999.0000,0.0
1563174.000,0.1954,3.7350,4.2916,0.8946,2.0217,0.1018,0.1705,0.1108,-9999.0000,-9999.0000,0.0
1563405.000,0.2032,3.7621,3.7682,1.0219,1.9332,0.0800,0.0955,0.1149,-9999.0000,-9999.0000,0.0
1563636.000,0.1819,3.5649,4.2899,1.0831,1.8958,0.0349,-9999.0000,0.1450,0.1021,-9999.0000,0.0
1563867.000,0.2211,3.0911,4.1894,0.9286,1.6759,0.2069,0.0847,0.1032,-9999.0000,0.2042,0.0
1564099.000,0.1720,2.8448,4.1087,1.0815,2.0795,0.0789,0.1485,0.1350,0.1108,-9999.0000,0.0
1564330.000,0.1602,3.2719,4.0096,1.1276,1.7514,0.1017,0.1154,-9999.0000,0.1683,-9999.0000,0.0
1564561.000,0.2196,3.3500,4.1444,1.4860,1.9705,0.1710,0.1827,0.1370,0.1266,0.1571,0.0
1564792.000,0.2294,3.0906,4.0081,1.3333,2.2346,0.0784,0.2350,-9999.0000,-9999.0000,-9999.0000,0.0
1565023.000,0.2432,3.0012,3.7268,1.4163,2.1829,0.1368,0.2711,-9999.0000,-9999.0000,0.0663,0.0
1565255.000,0.2457,3.1194,3.7933,1.6915,2.2620,0.1268,0.1522,-9999.0000,0.1152,-9999.0000,0.0
1565486.000,0.2058,3.1773,3.8685,1.2608,1.9751,0.2030,0.1143,-9999.0000,0.1383,-9999.0000,0.0
1565717.000,0.2347,2.8527,3.8754,1.7693,2.2700,0.1274,0.0750,-9999.0000,0.0872,0.1600,0.0
1565948.000,0.1891,3.1415,3.7261,1.7800,2.4955,0.1356,0.1261,-9999.0000,-9999.0000,0.1106,0.0
1566179.000,0.1562,2.7567,3.7900,1.8731,2.5597,0.1031,-9999.0000,-9999.0000,0.0853,0.0670,0.0
1566411.000,0.1694,2.9170,3.9353,1.6255,2.4827,0.1041,0.1642,-9999.0000,-9999.0000,-9999.0000,0.0
1566642.000,0.1484,3.3028,3.8369,2.2717,2.8000,0.1015,0.1152,-9999.0000,-9999.0000,-9999.0000,0.0
1566873.000,0.1421,2.9255,3.7026,1.9140,2.4765,0.1123,0.1582,-9999.0000,0.1676,-9999.0000,0.0
1567104.000,0.1877,2.9863,3.6126,1.8686,2.7630,0.1394,0.0866,0.2434,-9999.0000,0.1143,0.0
1567335.000,0.2003,2.7680,3.6808,2.5680,2.3033,0.0783,0.0818,-9999.0000,-9999.0000,0.1101,0.0
1567567.000,0.1787,2.7922,3.7614,2.2374,2.4982,0.1251,0.0834,-9999.0000,0.1420,-9999.0000,0.0
1567798.000,0.1993,2.8148,3.6570,1.9056,2.4433,0.0438,0.0917,0.2630,0.1236,-9999.0000,0.0
1568029.000,0.2311,2.6853,3.4228,1.9999,2.3313,0.1478,0.1383,0.1123,0.0984,0.1113,0.0
1568260.000,0.1893,2.9819,3.4439,2.5755,2.3799,0.2154,0.2030,-9999.0000,0.1836,0.0654,0.0
1568491.000,0.2041,2.8257,3.6369,2.2581,2.5555,0.1266,0.0741,-9999.0000,-9999.0000,-9999.0000,0.0
1568723.000,0.1904,2.8055,3.4874,2.1899,2.2280,0.0907,0.1716,-9999.0000,-9999.0000,-9999.0000,0.0
1568954.000,0.1838,2.9508,3.7221,2.2046,2.7572,0.1473,0.1486,-9999.0000,0.0835,-9999.0000,0.0
1569185.000,0.3584,2.8730,3.6931,2.6694,2.6488,0.1129,0.1263,-9999.0000,0.1839,-9999.0000,0.0
1569416.000,0.2431,2.6194,3.6565,2.4608,2.3284,0.0542,-9999.0000,-9999.0000,0.1919,0.1076,0.0
1569647.000,0.2344,2.7972,3.4281,2.8377,2.8990,0.1798,0.1139,0.2640,-9999.0000,0.2442,0.0
1569879.000,0.2321,2.7708,3.5276,2.9025,2.7275,0.1025,0.0619,-9999.0000,0.1724,-9999.0000,0.0
1570110.000,0.2289,2.5841,3.3840,3.5621,2.4028,0.1120,0.2124,0.3008,0.1394,-9999.0000,0.0
1570341.000,0.2166,2.7975,3.9269,3.1112,2.4541,0.1003,0.1570,-9999.0000,-9999.0000,0.0643,0.0
1570572.000,0.1403,2.4346,3.4817,2.4442,2.6449,0.0993,0.2093,-9999.0000,-9999.0000,0.0635,0.0
1570803.000,0.2503,2.3863,3.6530,2.4047,2.7673,0.1110,0.1884,0.1291,0.2227,0.1531,0.0
1571035.000,0.2807,2.6798,3.8727,2.7671,2.8055,0.1571,0.1138,0.1798,0.1678,-9999.0000,0.0
1571266.000,0.1877,2.7814,3.6377,2.4606,2.3840,0.1454,0.1134,0.2029,0.2386,0.1091,0.0
1571497.000,0.1913,2.8421,3.6465,2.8019,2.4402,0.1212,0.1111,0.1855,0.1780,-9999.0000,0.0
1571728.000,0.2885,3.1037,3.4573,2.7389,2.3217,0.1470,0.1702,0.1228,-9999.0000,-9999.0000,0.0
1571959.000,0.2467,2.7974,3.6963,2.3549,2.3940,0.1689,0.1800,0.1571,0.1260,0.0648,0.0
1572191.000,0.2115,2.9877,3.5831,2.3053,2.3794,0.1346,0.2015,0.1204,0.0828,0.1096,0.0
1572422.000,0.1700,2.6017,3.4340,2.4100,2.1490,0.0774,0.1565,0.2740,-9999.0000,-9999.0000,0.0
1572653.000,0.1861,2.8361,3.1968,2.9927,2.1585,0.1776,0.2088,0.1749,0.1084,0.1521,0.0
1572884.000,0.2167,2.8320,3.4950,2.3218,2.2572,0.1229,0.1571,-9999.0000,0.1251,-9999.0000,0.0
1573115.000,0.2223,2.3966,3.3726,2.4825,2.0474,0.0549,0.1134,0.0949,-9999.0000,-9999.0000,0.0
1573347.000,0.2353,2.8473,3.5596,2.4153,2.3426,0.1088,0.1415,-9999.0000,0.2180,-9999.0000,0.0
1573578.000,0.1797,2.5159,3.4117,2.4546,1.9224,0.1098,0.2293,0.0901,-9999.0000,-9999.0000,0.0
1573809.000,0.2015,2.9637,3.8825,2.0407,1.9398,0.1587,0.1707,0.0995,0.2147,-9999.0000,0.0
1574040.000,0.1907,2.2941,3.2557,2.7008,1.8268,0.0760,0.1856,0.1721,0.1072,0.0625,0.0
1574271.000,0.1886,2.5923,3.6600,2.1910,2.0331,0.1688,0.1691,0.1933,-9999.0000,0.1097,0.0
1574503.000,0.2274,2.3707,3.6075,1.9426,1.9373,0.0997,0.1561,-9999.0000,0.1245,-9999.0000,0.0
1574734.000,0.2533,2.3628,3.2362,1.9896,2.0085,0.2097,0.1425,0.2074,0.0932,0.1950,0.0
1574965.000,0.2129,2.5111,3.4177,1.8706,1.8216,0.1090,0.0990,0.0998,0.2050,0.0621,0.0
1575196.000,0.2567,2.3837,3.6445,1.6451,1.8251,0.0999,0.1892,0.1903,0.1252,-9999.0000,0.0
1575427.000,0.2031,2.6507,3.2826,2.2986,1.6050,0.1213,0.1545,0.1149,0.1089,0.1518,0.0
1575659.000,0.2223,2.3006,3.4806,1.6006,1.6535,0.1453,0.1134,0.1909,0.1970,0.0641,0.0
1575890.000,0.2314,2.0600,3.3793,2.0198,1.4768,0.1098,0.1434,0.1262,0.1934,-9999.0000,0.0
1576121.000,0.2117,2.1306,3.3926,1.4280,1.2449,0.1413,0.1298,0.1210,0.1754,0.1052,0.0
1576352.000,0.2159,2.2189,3.4049,1.6188,1.6143,0.1560,0.0693,0.1416,-9999.0000,0.0637,0.0
1576583.000,0.2401,2.2666,3.3596,1.4971,1.5519,0.0972,0.1193,0.3094,0.2176,0.0614,0.0
1576815.000,0.2349,2.0944,3.2706,1.2036,1.6792,0.0752,0.0663,0.0985,0.1343,0.0616,0.0
1577046.000,0.2027,1.7642,3.1867,1.2607,1.4527,0.0985,0.0786,-9999.0000,0.1088,0.1070,0.0
1577277.000,0.2513,2.0870,3.1630,1.2686,1.4940,0.0970,0.0872,0.1092,-9999.0000,-9999.0000,0.0
1577508.000,0.2173,2.2367,3.3651,1.3495,1.5885,0.0778,0.1468,-9999.0000,0.1128,-9999.0000,0.0
1577740.000,0.2829,2.1431,3.2178,0.8020,1.2126,0.0538,0.1433,0.1380,0.1514,-9999.0000,0.0
1577971.000,0.3042,2.1630,3.1365,1.3914,1.5260,0.0645,0.1528,-9999.0000,0.1921,0.1503,0.0
1578202.000,0.2709,1.7879,3.2771,1.0981,1.2676,0.0760,0.0569,0.1609,0.1228,-9999.0000,0.0
1578433.000,0.2766,2.2575,3.5318,0.9375,1.1531,0.0871,0.1751,0.2557,0.1651,-9999.0000,0.0
1578664.000,0.2367,2.1729,3.5686,0.9837,1.2907,0.0537,-9999.0000,0.2085,-9999.0000,-9999.0000,0.0
1578896.000,0.2025,2.1610,2.8848,0.8883,1.0686,0.1057,0.1154,-9999.0000,0.1018,0.1456,0.0
1579127.000,0.2540,2.0026,2.8249,0.6463,0.9283,0.0955,0.1061,-9999.0000,0.1309,0.0598,0.0
1579358.000,0.3119,2.1668,3.3884,0.8947,1.0763,0.0987,0.1544,-9999.0000,-9999.0000,-9999.0000,0.0
1579589.000,0.2507,1.6760,3.1436,0.4945,0.9701,0.1188,0.1186,-9999.0000,0.3007,-9999.0000,0.0
1579820.000,0.2514,2.2272,3.1174,0.6326,0.9728,0.1303,0.0552,-9999.0000,-9999.0000,0.1490,0.0
1580052.000,0.2873,2.1055,2.8184,0.2491,0.9105,0.0646,0.1850,0.1360,0.1503,0.0620,0.0
1580283.000,0.2622,2.0792,2.9523,0.2456,0.7558,0.0968,0.1825,0.1321,-9999.0000,0.0609,0.0
1580514.000,0.2799,2.3981,2.8721,0.3149,0.5536,0.1082,0.1299,0.1216,0.2184,-9999.0000,0.0
1580745.000,0.2545,2.2788,2.7688,0.2972,0.8580,0.1211,0.0571,0.1148,0.2368,-9999.0000,0.0
1580976.000,0.2503,2.5645,2.6003,0.1995,0.6074,0.1076,0.3092,0.1662,-9999.0000,0.0606,0.0
1581208.000,0.2138,2.6046,2.7910,0.2273,0.5242,0.1207,0.1319,0.1018,0.1230,0.1065,0.0
1581439.000,0.2724,2.6304,2.6095,0.0912,0.7338,0.0991,0.1223,-9999.0000,-9999.0000,-9999.0000,0.0
1581670.000,0.2536,2.3090,2.6105,0.2270,0.7864,0.1094,0.1209,-9999.0000,-9999.0000,0.1064,0.0
1581901.000,0.2659,2.3124,2.6610,0.1594,0.6400,-9999.0000,0.2293,0.1978,-9999.0000,0.0625,0.0
1582132.000,0.2097,2.2930,2.7228,0.1149,0.5396,0.0319,0.1336,0.1647,-9999.0000,-9999.0000,0.0
1582364.000,0.2092,2.3771,2.5783,0.1832,0.6415,0.0766,-9999.0000,-9999.0000,0.1809,-9999.0000,0.0
1582595.000,0.2059,2.4366,2.4282,0.3034,0.3238,0.0779,0.2011,-9999.0000,0.1848,-9999.0000,0.0
1582826.000,0.2269,2.1191,2.3278,-9999.0000,0.4588,0.0881,-9999.0000,0.2480,0.1250,-9999.0000,0.0
1583057.000,0.2902,2.1627,2.4359,0.1841,0.5050,0.0319,0.1443,-9999.0000,0.1960,-9999.0000,0.0
1583288.000,0.3548,2.3649,2.3536,0.1206,0.4099,-9999.0000,0.1714,-9999.0000,0.0876,-9999.0000,0.0
1583520.000,0.2111,2.2324,2.1155,0.1863,0.3577,0.1002,0.0587,-9999.0000,0.1126,-9999.0000,0.0
1583751.000,0.2519,2.1244,2.1385,0.2894,0.3668,0.0688,0.0962,0.1795,0.1630,-9999.0000,0.0
1583982.000,0.3779,2.1496,2.3941,0.3786,0.4564,0.0448,0.1160,-9999.0000,0.1451,-9999.0000,0.0
1584213.000,0.2594,2.1621,2.3507,0.1189,0.4189,0.0899,0.0490,-9999.0000,0.1004,0.0648,0.0
1584444.000,0.2467,2.0961,2.1762,0.1719,0.2611,0.0344,0.0745,-9999.0000,0.2079,-9999.0000,0.0
1584676.000,0.1666,2.2704,1.9986,0.1429,0.2329,-9999.0000,0.1153,0.2332,0.1153,-9999.0000,0.0
1584907.000,0.2345,2.1643,1.9818,-9999.0000,0.2724,0.0690,0.1855,0.1802,0.1196,-9999.0000,0.0
1585138.000,0.2345,1.9867,1.7358,-9999.0000,0.4146,0.1037,-9999.0000,-9999.0000,0.1196,0.0670,0.0
1585369.000,0.2672,1.7451,1.8329,0.2151,0.2343,0.0335,0.1163,-9999.0000,0.1023,0.0657,0.0
1585600.000,0.2152,1.5926,1.6929,0.1455,0.1880,-9999.0000,0.1281,-9999.0000,0.1177,0.0661,0.0
1585832.000,0.1937,1.4622,1.7108,-9999.0000,0.2852,0.0345,0.0969,-9999.0000,-9999.0000,-9999.0000,0.0
1586063.000,0.1767,1.3547,1.5710,0.1978,0.2389,0.0815,-9999.0000,-9999.0000,0.1218,-9999.0000,0.0
1586294.000,0.2016,1.7991,1.4302,0.1996,0.1083,0.0587,-9999.0000,-9999.0000,-9999.0000,0.0685,0.0
1586525.000,0.1810,1.2601,1.5562,-9999.0000,0.1893,-9999.0000,-9999.0000,-9999.0000,0.0755,-9999.0000,0.0
1586756.000,0.1798,1.5738,1.8003,-9999.0000,0.2069,-9999.0000,0.0898,0.1171,-9999.0000,-9999.0000,0.0
1586988.000,0.1399,1.2712,1.6455,0.1717,0.1778,-9999.0000,0.0741,-9999.0000,-9999.0000,-9999.0000,0.0
1587219.000,0.1987,1.4164,1.4356,0.1076,0.1227,0.0839,0.0905,-9999.0000,-9999.0000,0.0705,0.0
1587450.000,0.1468,1.4556,1.5575,-9999.0000,0.1910,-9999.0000,-9999.0000,0.0973,0.1068,-9999.0000,0.0
1587681.000,0.2299,1.2799,1.5486,-9999.0000,0.1111,0.0724,0.1141,-9999.0000,0.1134,-9999.0000,0.0
1587912.000,0.2090,1.1841,1.5341,0.2018,0.2298,0.0828,-9999.0000,-9999.0000,0.0952,-9999.0000,0.0
1588144.000,0.2237,1.2494,1.7204,-9999.0000,0.2619,-9999.0000,0.1194,-9999.0000,-9999.0000,-9999.0000,0.0
1588375.000,0.2011,1.4256,1.5384,0.2228,0.1917,-9999.0000,0.0532,-9999.0000,-9999.0000,-9999.0000,0.0
1588606.000,0.2118,1.1300,1.5227,-9999.0000,0.2024,-9999.0000,0.1193,-9999.0000,-9999.0000,-9999.0000,0.0
1588837.000,0.1973,1.1419,1.6060,0.2025,0.1457,0.0948,0.0775,-9999.0000,-9999.0000,-9999.0000,0.0
1589068.000,0.2224,1.1767,1.5994,-9999.0000,0.2129,0.0343,0.1736,-9999.0000,-9999.0000,-9999.0000,0.0
1589300.000,0.2079,1.3145,1.7068,-9999.0000,0.2046,0.0471,-9999.0000,-9999.0000,0.1087,-9999.0000,0.0
1589531.000,0.1917,1.3050,1.5916,0.1792,0.2067,0.0361,-9999.0000,-9999.0000,-9999.0000,0.0697,0.0
1589762.000,0.2709,0.9469,1.5636,-9999.0000,0.1465,-9999.0000,0.0555,-9999.0000,-9999.0000,-9999.0000,0.0
1589993.000,0.1941,0.9741,1.5792,-9999.0000,0.0716,0.0580,-9999.0000,-9999.0000,-9999.0000,-9999.0000,0.0
1590224.000,0.2362,1.0002,1.5641,0.1499,0.1672,0.0349,-9999.0000,-9999.0000,-9999.0000,-9999.0000,0.0
1590456.000,0.2196,1.1684,1.4558,-9999.0000,0.1443,-9999.0000,0.0872,-9999.0000,-9999.0000,-9999.0000,0.0
1590687.000,0.2639,1.3231,1.5452,-9999.0000,0.1580,0.0360,0.1002,-9999.0000,-9999.0000,0.1630,0.0
1590918.000,0.2014,0.8146,1.4909,0.2952,0.1082,-9999.0000,0.0756,-9999.0000,-9999.0000,0.0682,0.0
1591149.000,0.2400,1.1975,1.6038,-9999.0000,0.1340,0.0361,0.1232,-9999.0000,-9999.0000,0.1164,0.0
1591380.000,0.2616,1.1012,1.5746,0.1038,0.1085,-9999.0000,0.0759,0.1994,-9999.0000,-9999.0000,0.0
1591612.000,0.2204,1.0030,1.4491,0.1288,0.1089,0.0356,0.0877,0.1263,0.0944,-9999.0000,0.0
1591843.000,0.2207,1.1105,1.6699,-9999.0000,0.1934,0.0710,-9999.0000,0.0894,-9999.0000,-9999.0000,0.0
1592074.000,0.2271,1.1959,1.4661,-9999.0000,0.0973,0.0593,-9999.0000,-9999.0000,-9999.0000,-9999.0000,0.0
1592305.000,0.1987,1.2518,1.6622,0.3267,0.1834,-9999.0000,0.0556,-9999.0000,-9999.0000,-9999.0000,0.0
1592536.000,0.1553,0.9159,1.4584,0.1305,0.1339,-9999.0000,-9999.0000,-9999.0000,0.2298,0.1162,0.0
1592768.000,0.1552,0.8537,1.5634,0.1060,0.1700,-9999.0000,-9999.0000,-9999.0000,-9999.0000,-9999.0000,0.0
1592999.000,0.1757,1.0466,1.7068,0.1341,0.1605,0.0609,0.0797,0.1218,-9999.0000,-9999.0000,0.0
1593230.000,0.1795,1.0364,1.5593,0.1790,0.1702,-9999.0000,0.1001,-9999.0000,-9999.0000,0.1163,0.0
1593461.000,0.1671,0.9420,1.5871,0.2509,0.2181,0.0477,-9999.0000,0.1781,-9999.0000,-9999.0000,0.0
1593692.000,0.2018,1.0258,1.5504,-9999.0000,0.1205,-9999.0000,0.0644,-9999.0000,-9999.0000,-9999.0000,0.0
1593924.000,0.2095,1.0200,1.4890,0.1304,0.1338,-9999.0000,0.0658,0.0912,0.1254,0.1161,0.0
1594155.000,0.2566,0.9284,1.4752,0.1772,0.1331,0.0474,0.1328,-9999.0000,-9999.0000,-9999.0000,0.0
1594386.000,0.1854,0.9824,1.3760,0.1062,0.1580,0.0832,-9999.0000,-9999.0000,-9999.0000,-9999.0000,0.0
1594617.000,0.1891,1.0188,1.4760,-9999.0000,0.1797,-9999.0000,-9999.0000,0.1237,-9999.0000,-9999.0000,0.0
1594848.000,0.2402,0.8443,1.5366,-9999.0000,0.1584,-9999.0000,-9999.0000,0.0924,-9999.0000,0.1164,0.0
1595080.000,0.3025,0.7664,1.4638,0.2707,0.2036,-9999.0000,0.0861,-9999.0000,0.1367,-9999.0000,0.0
1595311.000,0.2072,1.0361,1.7876,-9999.0000,0.0603,0.0585,-9999.0000,-9999.0000,-9999.0000,-9999.0000,0.0
1595542.000,0.2005,1.0434,1.5510,-9999.0000,0.2097,0.0371,0.0798,-9999.0000,0.1597,-9999.0000,0.0
1595773.000,0.2214,0.7564,1.4751,0.1060,0.2302,0.0831,-9999.0000,-9999.0000,-9999.0000,-9999.0000,0.0
1596004.000,0.2074,1.0013,1.4542,0.1755,0.2399,-9999.0000,0.0526,-9999.0000,0.0930,-9999.0000,0.0
1596236.000,0.2810,0.8877,1.5775,0.2261,0.1694,0.0946,0.1216,-9999.0000,-9999.0000,0.1154,0.0
1596467.000,0.2314,1.0707,1.2997,0.1598,0.0753,0.0732,0.0915,-9999.0000,-9999.0000,-9999.0000,0.0
1596698.000,0.2450,1.0240,1.4471,-9999.0000,-9999.0000,0.0594,-9999.0000,-9999.0000,-9999.0000,-9999.0000,0.0
1596929.000,0.2430,1.0154,1.5276,0.1035,0.2517,0.0586,-9999.0000,-9999.0000,0.0780,-9999.0000,0.0
1597160.000,0.1779,1.0211,1.5135,0.1282,0.1565,0.0823,0.1880,-9999.0000,-9999.0000,0.0682,0.0
1597392.000,0.1814,1.0034,1.3454,-9999.0000,0.2253,0.0345,0.0619,-9999.0000,-9999.0000,-9999.0000,0.0
1597623.000,0.1820,0.9202,1.5097,0.1493,0.0953,0.0347,0.0512,0.1341,-9999.0000,-9999.0000,0.0
1597854.000,0.1413,1.2361,1.6365,-9999.0000,0.1318,0.0468,0.0969,-9999.0000,-9999.0000,-9999.0000,0.0
1598085.000,0.2157,0.9490,1.6781,-9999.0000,0.0736,-9999.0000,0.0655,-9999.0000,-9999.0000,0.0693,0.0
1598316.000,0.1819,0.9130,1.6142,0.1016,0.0834,0.0347,-9999.0000,-9999.0000,0.0908,-9999.0000,0.0
1598548.000,0.1930,1.0157,1.6561,0.1954,0.1776,0.0344,0.0948,-9999.0000,-9999.0000,-9999.0000,0.0
1598779.000,0.1579,1.1534,1.4941,-9999.0000,0.1780,0.0346,0.0953,-9999.0000,-9999.0000,-9999.0000,0.0
1599010.000,0.2603,0.8413,1.6599,0.1269,0.1675,0.0351,0.0518,-9999.0000,-9999.0000,-9999.0000,0.0
1599241.000,0.1923,1.1710,1.3626,-9999.0000,0.1061,-9999.0000,0.0719,-9999.0000,-9999.0000,0.1116,0.0
1599472.000,0.2156,0.9045,1.7093,0.2411,0.0588,0.1031,0.0828,-9999.0000,-9999.0000,-9999.0000,0.0
1599704.000,0.1856,0.8699,1.3932,0.4519,0.1525,0.0683,-9999.0000,-9999.0000,-9999.0000,-9999.0000,0.0
1599935.000,0.2924,1.2611,1.5682,0.2255,0.2051,0.0944,0.1208,0.1155,-9999.0000,-9999.0000,0.0
1600166.000,0.1886,1.1223,1.4788,0.1027,0.1554,0.0699,0.0851,-9999.0000,-9999.0000,-9999.0000,0.0
1600397.000,0.2553,1.0354,1.5111,0.1999,0.0964,0.1288,0.1535,-9999.0000,-9999.0000,0.0679,0.0
1600628.000,0.2369,0.9279,1.5332,-9999.0000,0.2276,-9999.0000,-9999.0000,-9999.0000,-9999.0000,-9999.0000,0.0
1600860.000,0.3003,1.1943,1.5883,0.1016,0.1427,0.0810,0.0618,-9999.0000,0.0759,-9999.0000,0.0
1601091.000,0.2704,1.0005,1.6422,0.1488,0.1425,-9999.0000,0.0951,-9999.0000,-9999.0000,-9999.0000,0.0
1601322.000,0.2561,1.1921,1.5537,-9999.0000,0.1568,0.0591,-9999.0000,-9999.0000,-9999.0000,-9999.0000,0.0
1601553.000,0.2591,1.1378,1.4976,-9999.0000,0.1666,-9999.0000,-9999.0000,-9999.0000,-9999.0000,0.0668,0.0
1601784.000,0.2736,1.5301,1.6065,0.2400,0.0938,0.0798,0.1703,-9999.0000,-9999.0000,-9999.0000,0.0
1602059.000,0.1699,1.2989,1.5270,0.1254,0.1427,-9999.0000,-9999.0000,-9999.0000,0.0759,-9999.0000,0.0
1602290.000,0.2767,1.4768,1.4964,0.1255,0.1664,0.0347,0.1175,0.1103,0.1052,-9999.0000,0.0
1602521.000,0.2606,1.1586,1.7551,-9999.0000,0.1797,0.0702,-9999.0000,0.1627,0.0923,-9999.0000,0.0
1602753.000,0.1927,1.5026,1.5257,0.1478,0.2246,-9999.0000,-9999.0000,-9999.0000,0.1039,-9999.0000,0.0
1602984.000,0.2301,1.4572,1.6017,0.3414,0.1077,0.0583,0.0735,-9999.0000,0.2089,-9999.0000,0.0
1603215.000,0.2451,1.6080,1.5922,0.2509,0.1336,0.0713,0.0532,-9999.0000,-9999.0000,-9999.0000,0.0
1603446.000,0.1703,1.5784,1.6475,-9999.0000,0.0836,0.0813,0.2184,-9999.0000,-9999.0000,-9999.0000,0.0
1603677.000,0.2474,1.6819,1.7520,0.1022,0.1192,0.0581,0.0954,-9999.0000,0.2374,-9999.0000,0.0
1603909.000,0.1790,1.4492,1.6060,-9999.0000,0.1284,0.0908,0.1250,-9999.0000,-9999.0000,-9999.0000,0.0
1604140.000,0.2390,1.5825,1.7150,0.0996,0.2237,0.1146,-9999.0000,-9999.0000,0.1609,0.0656,0.0
1604371.000,0.2683,1.4494,1.6348,0.1466,0.2824,0.0341,0.0932,-9999.0000,-9999.0000,0.0655,0.0
1604602.000,0.2438,1.3785,1.6886,0.2007,0.2765,0.0473,-9999.0000,-9999.0000,0.0933,-9999.0000,0.0
1604833.000,0.2184,1.1558,1.7574,0.1746,0.1793,-9999.0000,0.0511,-9999.0000,0.0770,0.0672,0.0
1605065.000,0.2360,1.5096,1.6751,0.1027,0.1195,0.0350,-9999.0000,0.1125,0.0914,0.0671,0.0
1605296.000,0.1715,1.2691,1.5230,0.1280,0.0725,-9999.0000,0.0742,-9999.0000,-9999.0000,-9999.0000,0.0
1605527.000,0.1825,1.0722,1.3725,0.2697,0.1314,0.0467,-9999.0000,-9999.0000,-9999.0000,-9999.0000,0.0
1605758.000,0.1522,1.1843,1.4294,0.1019,0.2021,-9999.0000,-9999.0000,-9999.0000,-9999.0000,-9999.0000,0.0
1605989.000,0.1171,1.2583,1.4469,0.2220,0.1672,0.0699,0.0620,-9999.0000,-9999.0000,-9999.0000,0.0
1606221.000,0.1452,1.0818,1.5351,0.2184,0.1888,0.0689,0.0602,-9999.0000,-9999.0000,-9999.0000,0.0
1606452.000,0.1159,1.0694,1.4265,0.1241,0.1300,-9999.0000,-9999.0000,-9999.0000,0.1472,-9999.0000,0.0
1606683.000,0.1290,0.9777,1.5586,0.1268,0.1672,-9999.0000,-9999.0000,-9999.0000,0.1354,-9999.0000,0.0
1606914.000,0.0989,1.1709,1.2759,0.1734,0.1191,0.0696,0.0948,-9999.0000,-9999.0000,-9999.0000,0.0
1607145.000,0.0963,0.9261,1.4362,0.2125,0.1156,0.0332,-9999.0000,-9999.0000,-9999.0000,-9999.0000,0.0
1607377.000,0.1294,1.0509,1.4706,0.2233,0.1320,-9999.0000,-9999.0000,-9999.0000,0.1363,-9999.0000,0.0
1607608.000,0.1041,0.9382,1.3962,0.1006,0.0946,-9999.0000,0.0825,-9999.0000,-9999.0000,-9999.0000,0.0
1607839.000,0.1374,1.1388,1.4168,0.1314,0.1221,0.0599,0.1101,0.2080,-9999.0000,-9999.0000,0.0
1608070.000,0.0695,1.0513,1.1933,-9999.0000,0.1314,-9999.0000,-9999.0000,-9999.0000,-9999.0000,-9999.0000,0.0
1608301.000,0.1358,1.1399,1.4507,-9999.0000,-9999.0000,-9999.0000,-9999.0000,-9999.0000,-9999.0000,0.0678,0.0
1608533.000,0.0990,1.1512,1.5356,0.1023,0.0836,-9999.0000,0.0501,-9999.0000,-9999.0000,-9999.0000,0.0
1608764.000,0.1377,1.1978,1.6031,-9999.0000,-9999.0000,-9999.0000,0.1106,-9999.0000,-9999.0000,-9999.0000,0.0
1608995.000,0.1131,1.3102,1.4903,0.1070,0.1581,-9999.0000,0.1098,-9999.0000,-9999.0000,-9999.0000,0.0
1609226.000,0.1178,1.2275,1.4179,0.2480,0.1682,0.0355,0.0850,-9999.0000,-9999.0000,-9999.0000,0.0
1609457.000,0.1411,1.3242,1.3386,0.1751,0.1079,0.0469,-9999.0000,-9999.0000,0.0770,-9999.0000,0.0
1609689.000,0.1254,1.3900,1.3928,-9999.0000,0.0980,-9999.0000,-9999.0000,-9999.0000,0.0956,-9999.0000,0.0
1609920.000,0.1528,1.3804,1.4290,0.1269,0.1434,-9999.0000,-9999.0000,0.1015,-9999.0000,0.0670,0.0
1610151.000,0.1769,1.3026,1.5180,-9999.0000,0.1079,-9999.0000,0.0731,-9999.0000,-9999.0000,-9999.0000,0.0
1610382.000,0.1279,1.4430,1.4778,0.1010,0.2129,-9999.0000,0.0491,-9999.0000,-9999.0000,-9999.0000,0.0
1610614.000,0.1626,1.5952,1.4166,0.2179,0.1178,0.0458,-9999.0000,-9999.0000,-9999.0000,-9999.0000,0.0
1610845.000,0.1274,1.4501,1.6436,0.2654,0.0708,-9999.0000,-9999.0000,-9999.0000,-9999.0000,-9999.0000,0.0
1611076.000,0.2124,1.5240,1.4426,0.1033,0.1317,0.0468,-9999.0000,-9999.0000,-9999.0000,-9999.0000,0.0
1611307.000,0.1653,1.5689,1.8377,0.1280,0.1202,-9999.0000,-9999.0000,0.0911,-9999.0000,-9999.0000,0.0
1611538.000,0.1002,1.1837,1.5037,0.1773,0.1089,-9999.0000,-9999.0000,-9999.0000,0.0933,-9999.0000,0.0
1611770.000,0.1414,1.1736,1.4526,-9999.0000,0.0724,-9999.0000,-9999.0000,-9999.0000,-9999.0000,-9999.0000,0.0
1612051.000,-9999.0000,-9999.0000,-9999.0000,-9999.0000,-9999.0000,-9999.0000,-9999.0000,-9999.0000,-9999.0000,-9999.0000,1.0
1612283.000,-9999.0000,-9999.0000,-9999.0000,-9999.0000,-9999.0000,-9999.0000,-9999.0000,-9999.0000,-9999.0000,-9999.0000,1.0
1612514.000,-9999.0000,-9999.0000,-9999.0000,-9999.0000,-9999.0000,-9999.0000,-9999.0000,-9999.0000,-9999.0000,-9999.0000,1.0
1612745.000,-9999.0000,-9999.0000,-9999.0000,-9999.0000,-9999.0000,-9999.0000,-9999.0000,-9999.0000,-9999.0000,-9999.0000,1.0
1612976.000,-9999.0000,-9999.0000,-9999.0000,-9999.0000,-9999.0000,-9999.0000,-9999.0000,-9999.0000,-9999.0000,-9999.0000,1.0
1613207.000,-9999.0000,-9999.0000,-9999.0000,-9999.0000,-9999.0000,-9999.0000,-9999.0000,-9999.0000,-9999.0000,-9999.0000,1.0
1613439.000,-9999.0000,-9999.0000,-9999.0000,-9999.0000,-9999.0000,-9999.0000,-9999.0000,-9999.0000,-9999.0000,-9999.0000,1.0
1613670.000,-9999.0000,-9999.0000,-9999.0000,-9999.0000,-9999.0000,-9999.0000,-9999.0000,-9999.0000,-9999.0000,-9999.0000,1.0
1613952.000,0.1223,1.6585,1.5130,0.1968,0.1425,0.0464,0.0492,-9999.0000,-9999.0000,-9999.0000,0.0
1614184.000,0.1165,1.7194,1.8213,-9999.0000,0.0953,-9999.0000,-9999.0000,-9999.0000,0.1922,-9999.0000,0.0
1614415.000,0.0928,1.4819,1.8141,-9999.0000,0.0952,0.0579,-9999.0000,-9999.0000,0.0752,-9999.0000,0.0
1614646.000,0.1599,1.6539,1.8936,0.3211,0.0609,0.0357,0.0849,-9999.0000,-9999.0000,0.0677,0.0
1614877.000,0.1407,1.6849,1.8775,0.1030,-9999.0000,-9999.0000,-9999.0000,-9999.0000,0.0762,-9999.0000,0.0
1615108.000,0.1582,1.7163,1.8055,-9999.0000,0.0717,0.0465,0.1497,-9999.0000,-9999.0000,-9999.0000,0.0
1615340.000,0.1505,1.3809,1.6938,0.1467,0.1175,-9999.0000,0.1028,0.1458,-9999.0000,-9999.0000,0.0
1615571.000,0.1273,1.2757,1.6058,-9999.0000,0.0825,0.0458,0.1032,-9999.0000,-9999.0000,-9999.0000,0.0
1615802.000,0.1632,1.3579,1.6430,0.2668,0.1066,-9999.0000,0.1373,-9999.0000,-9999.0000,-9999.0000,0.0
1616033.000,0.1315,1.2719,1.6946,-9999.0000,0.1161,-9999.0000,-9999.0000,-9999.0000,-9999.0000,-9999.0000,0.0
1616264.000,0.1553,1.8716,1.9287,-9999.0000,0.1220,0.0364,0.0863,0.1345,0.1098,-9999.0000,0.0
1616496.000,0.0929,1.3158,1.6315,0.1260,0.1072,-9999.0000,-9999.0000,-9999.0000,-9999.0000,-9999.0000,0.0
1616727.000,0.1468,1.4434,1.7616,0.1271,0.1553,0.0468,0.0832,-9999.0000,-9999.0000,-9999.0000,0.0
1616958.000,0.1516,1.3391,1.8594,-9999.0000,0.1068,0.0578,0.1041,-9999.0000,-9999.0000,-9999.0000,0.0
1617189.000,0.1410,1.1716,1.7819,0.1512,-9999.0000,0.0701,0.0833,-9999.0000,-9999.0000,-9999.0000,0.0
1617420.000,0.0993,1.4144,1.7987,0.1271,0.1196,-9999.0000,0.0496,-9999.0000,0.0763,0.0667,0.0
1617652.000,0.0866,1.4702,1.6863,0.1013,0.1539,0.0808,-9999.0000,-9999.0000,-9999.0000,-9999.0000,0.0
1617883.000,0.0929,1.3018,1.9201,0.2684,0.1190,-9999.0000,0.0600,-9999.0000,0.0753,-9999.0000,0.0
1618114.000,0.1163,1.0685,1.6212,-9999.0000,0.0596,-9999.0000,0.0819,0.1130,-9999.0000,-9999.0000,0.0
1618345.000,0.1456,1.2718,1.8270,-9999.0000,0.0830,-9999.0000,-9999.0000,-9999.0000,-9999.0000,-9999.0000,0.0
1618576.000,0.1346,1.3657,1.7270,0.1741,0.0600,0.0466,-9999.0000,-9999.0000,-9999.0000,-9999.0000,0.0
1618808.000,0.1809,1.3085,1.8573,0.1250,0.1184,0.0462,-9999.0000,0.1248,-9999.0000,-9999.0000,0.0
1619039.000,0.1928,1.5746,1.7419,0.1251,0.1185,-9999.0000,0.0482,-9999.0000,0.0745,-9999.0000,0.0
1619270.000,0.1944,1.5505,1.8122,-9999.0000,0.0840,-9999.0000,-9999.0000,-9999.0000,-9999.0000,0.0667,0.0
1619501.000,0.0996,1.7948,1.7677,0.1042,0.1320,-9999.0000,-9999.0000,-9999.0000,-9999.0000,-9999.0000,0.0
1619732.000,0.1229,1.4206,1.7596,0.1745,0.1195,-9999.0000,-9999.0000,-9999.0000,0.0906,0.1124,0.0
1619964.000,0.1117,1.4193,1.9497,0.2242,0.1442,-9999.0000,-9999.0000,0.1923,-9999.0000,-9999.0000,0.0
1620195.000,0.1665,1.4424,1.6266,0.2507,0.1213,-9999.0000,-9999.0000,-9999.0000,-9999.0000,-9999.0000,0.0
1620426.000,0.0924,1.4546,1.6170,-9999.0000,0.0829,-9999.0000,0.0701,-9999.0000,0.1467,-9999.0000,0.0
1620657.000,0.0759,1.5305,1.8190,0.1524,0.1441,-9999.0000,0.0612,-9999.0000,-9999.0000,-9999.0000,0.0
1620888.000,0.1054,1.3176,1.7099,0.2710,0.1199,-9999.0000,-9999.0000,-9999.0000,0.1207,-9999.0000,0.0
1621120.000,0.1353,1.5790,1.5565,0.3429,0.0605,-9999.0000,-9999.0000,-9999.0000,-9999.0000,-9999.0000,0.0
1621351.000,0.1454,1.5293,1.7826,-9999.0000,0.0594,-9999.0000,0.1587,-9999.0000,-9999.0000,-9999.0000,0.0
1621582.000,0.1829,1.6836,1.7236,0.2475,0.0724,-9999.0000,0.1281,-9999.0000,-9999.0000,0.0669,0.0
1621813.000,0.1114,1.5699,1.8329,0.3187,-9999.0000,-9999.0000,-9999.0000,-9999.0000,0.1499,-9999.0000,0.0
1622044.000,0.1403,1.6745,1.7241,0.1025,0.1191,-9999.0000,0.0485,0.1028,0.1774,0.0661,0.0
1622276.000,0.0934,1.3902,1.7326,0.1514,0.1674,-9999.0000,-9999.0000,-9999.0000,-9999.0000,-9999.0000,0.0
1622507.000,0.1337,1.1273,1.7839,0.1015,0.1539,-9999.0000,-9999.0000,-9999.0000,-9999.0000,-9999.0000,0.0
1622738.000,0.1218,1.2932,1.6772,0.1011,0.1065,0.0346,-9999.0000,-9999.0000,0.0884,-9999.0000,0.0
1622969.000,0.1948,1.5137,1.8781,0.1281,0.0843,-9999.0000,-9999.0000,-9999.0000,-9999.0000,-9999.0000,0.0
1623200.000,0.1763,1.2534,1.8463,-9999.0000,0.1076,-9999.0000,0.0489,-9999.0000,-9999.0000,-9999.0000,0.0
1623432.000,0.0988,1.4232,1.5880,0.1499,0.1190,0.0465,-9999.0000,-9999.0000,0.0896,-9999.0000,0.0
1623663.000,0.0576,1.1574,1.9324,0.1271,0.0601,-9999.0000,-9999.0000,-9999.0000,-9999.0000,-9999.0000,0.0
1623894.000,0.1152,1.3995,1.8871,0.1469,-9999.0000,0.0342,0.0687,-9999.0000,-9999.0000,-9999.0000,0.0
1624125.000,0.1531,1.2176,2.0511,-9999.0000,0.1558,0.0471,-9999.0000,-9999.0000,0.0767,-9999.0000,0.0
1624356.000,0.1822,1.4764,1.7726,-9999.0000,0.0720,0.0584,0.0488,-9999.0000,-9999.0000,-9999.0000,0.0
1624588.000,0.1567,1.5900,1.8929,-9999.0000,0.0826,0.0804,0.0691,-9999.0000,-9999.0000,-9999.0000,0.0
1624819.000,0.1220,1.2835,1.8086,0.1489,0.1067,-9999.0000,0.0587,0.1752,-9999.0000,-9999.0000,0.0
1625050.000,0.1634,1.6248,1.9272,0.2439,0.0596,0.0348,0.1033,-9999.0000,0.1036,-9999.0000,0.0
1625281.000,0.1285,1.5525,1.8788,0.1266,-9999.0000,-9999.0000,0.0594,-9999.0000,0.0899,-9999.0000,0.0
1625512.000,0.1281,1.4652,1.8737,0.1258,0.1306,-9999.0000,-9999.0000,-9999.0000,0.0746,0.1115,0.0
1625744.000,0.1401,1.4239,2.0417,-9999.0000,0.0598,0.0696,0.0591,0.1279,-9999.0000,-9999.0000,0.0
1625975.000,0.0923,1.6616,1.8232,-9999.0000,0.0593,-9999.0000,-9999.0000,-9999.0000,0.0882,-9999.0000,0.0
1626206.000,0.1546,1.6284,2.1268,0.2031,0.0855,-9999.0000,0.0958,-9999.0000,0.1233,-9999.0000,0.0
1626437.000,0.0753,1.6954,1.7633,0.1031,0.0956,-9999.0000,0.0706,0.1044,0.0900,-9999.0000,0.0
1626668.000,0.1408,1.4123,1.7918,-9999.0000,0.2028,0.0701,-9999.0000,-9999.0000,-9999.0000,-9999.0000,0.0
1626900.000,0.1716,1.6967,1.8234,0.1773,0.0609,-9999.0000,0.0834,-9999.0000,-9999.0000,-9999.0000,0.0
1627131.000,0.1158,1.6536,1.9015,0.1954,0.0710,-9999.0000,0.0802,-9999.0000,-9999.0000,0.1107,0.0
1627413.000,-9999.0000,-9999.0000,-9999.0000,-9999.0000,-9999.0000,-9999.0000,-9999.0000,-9999.0000,-9999.0000,-9999.0000,1.0
1627645.000,-9999.0000,-9999.0000,-9999.0000,-9999.0000,-9999.0000,-9999.0000,-9999.0000,-9999.0000,-9999.0000,-9999.0000,1.0
1627876.000,-9999.0000,-9999.0000,-9999.0000,-9999.0000,-9999.0000,-9999.0000,-9999.0000,-9999.0000,-9999.0000,-9999.0000,1.0
1628107.000,-9999.0000,-9999.0000,-9999.0000,-9999.0000,-9999.0000,-9999.0000,-9999.0000,-9999.0000,-9999.0000,-9999.0000,1.0
1628338.000,-9999.0000,-9999.0000,-9999.0000,-9999.0000,-9999.0000,-9999.0000,-9999.0000,-9999.0000,-9999.0000,-9999.0000,1.0
1628569.000,-9999.0000,-9999.0000,-9999.0000,-9999.0000,-9999.0000,-9999.0000,-9999.0000,-9999.0000,-9999.0000,-9999.0000,1.0
1628801.000,-9999.0000,-9999.0000,-9999.0000,-9999.0000,-9999.0000,-9999.0000,-9999.0000,-9999.0000,-9999.0000,-9999.0000,1.0
1629032.000,-9999.0000,-9999.0000,-9999.0000,-9999.0000,-9999.0000,-9999.0000,-9999.0000,-9999.0000,-9999.0000,-9999.0000,1.0
1632172.000,0.0919,1.6425,1.9305,0.1319,-9999.0000,-9999.0000,-9999.0000,-9999.0000,-9999.0000,0.0495,0.0
1632403.000,0.1363,1.4467,1.8412,0.1155,0.0613,-9999.0000,-9999.0000,-9999.0000,-9999.0000,-9999.0000,0.0
1632634.000,0.1029,1.8742,1.9733,0.1785,0.0947,0.0294,-9999.0000,-9999.0000,-9999.0000,-9999.0000,0.0
1632865.000,0.1734,1.5000,1.9155,-9999.0000,0.0653,0.0392,0.0798,-9999.0000,-9999.0000,-9999.0000,0.0
1633097.000,0.0905,1.5717,1.6149,0.1851,0.0999,-9999.0000,-9999.0000,-9999.0000,-9999.0000,-9999.0000,0.0
1633328.000,0.1762,1.6074,1.9100,-9999.0000,0.1368,-9999.0000,-9999.0000,-9999.0000,-9999.0000,-9999.0000,0.0
1633559.000,0.1449,1.5419,1.9001,-9999.0000,0.0751,-9999.0000,-9999.0000,-9999.0000,-9999.0000,-9999.0000,0.0
1633790.000,0.1199,1.5603,1.6768,0.1825,0.1352,-9999.0000,0.0743,-9999.0000,0.1705,-9999.0000,0.0
1634021.000,0.1280,1.6895,1.6717,0.1137,0.0885,0.0621,0.0655,-9999.0000,-9999.0000,-9999.0000,0.0
1634253.000,0.1055,1.6310,1.6669,0.1046,0.0844,-9999.0000,-9999.0000,-9999.0000,-9999.0000,0.0664,0.0
1634484.000,0.0908,1.5125,1.9762,-9999.0000,-9999.0000,-9999.0000,-9999.0000,0.0959,-9999.0000,-9999.0000,0.0
1634715.000,0.1391,1.8220,1.7783,0.2338,0.1364,-9999.0000,-9999.0000,-9999.0000,-9999.0000,0.0698,0.0
1634946.000,0.1527,1.5922,2.0615,0.1878,0.0763,-9999.0000,0.0540,-9999.0000,0.0848,-9999.0000,0.0
1635177.000,0.1368,1.6969,1.9668,0.1797,0.0736,-9999.0000,0.0499,-9999.0000,-9999.0000,-9999.0000,0.0
1635409.000,0.1447,1.3741,1.9107,-9999.0000,0.0629,-9999.0000,-9999.0000,-9999.0000,-9999.0000,-9999.0000,0.0
1635640.000,0.1581,1.5668,1.8430,0.1619,0.0636,-9999.0000,-9999.0000,-9999.0000,-9999.0000,-9999.0000,0.0
1635871.000,0.1020,1.3241,1.8246,-9999.0000,0.0869,-9999.0000,0.1200,-9999.0000,0.0813,-9999.0000,0.0
1636102.000,0.1017,1.2817,1.7388,-9999.0000,0.0867,-9999.0000,-9999.0000,-9999.0000,-9999.0000,-9999.0000,0.0
1636333.000,0.1709,1.1398,1.6521,-9999.0000,0.0762,-9999.0000,-9999.0000,-9999.0000,-9999.0000,-9999.0000,0.0
1636565.000,0.1829,1.3128,1.7897,0.1134,0.1496,-9999.0000,-9999.0000,-9999.0000,-9999.0000,-9999.0000,0.0
1636796.000,0.1264,1.3504,1.8271,0.1593,0.0992,-9999.0000,-9999.0000,-9999.0000,0.0816,-9999.0000,0.0
1637027.000,0.1037,1.6583,1.7582,-9999.0000,-9999.0000,-9999.0000,-9999.0000,-9999.0000,-9999.0000,-9999.0000,0.0
1637258.000,0.1586,1.4221,1.9948,0.2857,-9999.0000,-9999.0000,-9999.0000,-9999.0000,-9999.0000,-9999.0000,0.0
1637489.000,0.1200,1.4128,1.7906,0.1100,0.0747,-9999.0000,0.0512,-9999.0000,0.0809,-9999.0000,0.0
1637721.000,0.0968,1.7994,2.0231,0.2837,0.1367,-9999.0000,-9999.0000,-9999.0000,-9999.0000,-9999.0000,0.0
1637952.000,0.1089,1.6988,1.6228,0.1611,0.1366,-9999.0000,0.0984,-9999.0000,0.0830,-9999.0000,0.0
1638183.000,0.1338,1.4715,1.8955,-9999.0000,0.1127,-9999.0000,-9999.0000,0.1479,-9999.0000,-9999.0000,0.0
1638414.000,0.1455,1.4259,2.1297,-9999.0000,0.0634,0.0616,0.0640,-9999.0000,-9999.0000,0.1172,0.0
1638645.000,0.1447,1.3454,1.8597,0.1109,0.1479,0.0729,0.0744,-9999.0000,0.1416,-9999.0000,0.0
1638877.000,0.1209,1.5370,1.9813,0.1853,-9999.0000,-9999.0000,0.0637,-9999.0000,-9999.0000,-9999.0000,0.0
1639108.000,0.1093,1.6634,2.0484,0.1378,-9999.0000,0.0500,-9999.0000,0.1482,-9999.0000,0.0704,0.0
1639339.000,0.1460,1.8464,1.6735,0.0887,0.0760,0.0739,-9999.0000,-9999.0000,-9999.0000,-9999.0000,0.0
1639570.000,0.1454,1.5166,2.0272,-9999.0000,0.1244,-9999.0000,-9999.0000,-9999.0000,-9999.0000,-9999.0000,0.0
1639801.000,0.1442,1.5354,2.0484,0.1829,0.0747,-9999.0000,-9999.0000,-9999.0000,-9999.0000,-9999.0000,0.0
1640033.000,0.1063,1.1373,1.7717,0.1545,0.1091,-9999.0000,-9999.0000,0.0999,-9999.0000,0.0671,0.0
1640264.000,0.1088,1.5245,2.0271,0.1367,0.1000,-9999.0000,-9999.0000,-9999.0000,-9999.0000,-9999.0000,0.0
1640495.000,0.1749,1.2693,1.8456,-9999.0000,0.0750,0.0847,0.0627,-9999.0000,0.1263,-9999.0000,0.0
1640726.000,0.1516,1.5874,1.8640,0.1614,0.1123,0.0616,-9999.0000,-9999.0000,-9999.0000,-9999.0000,0.0
1640957.000,0.1258,1.5396,1.9320,-9999.0000,-9999.0000,0.0370,-9999.0000,-9999.0000,-9999.0000,-9999.0000,0.0
1641189.000,0.1380,1.3826,2.0208,-9999.0000,0.1109,-9999.0000,-9999.0000,0.1053,-9999.0000,0.0686,0.0
1641420.000,0.0790,1.6414,2.0860,0.1387,0.0518,0.0622,-9999.0000,-9999.0000,-9999.0000,-9999.0000,0.0
1641651.000,0.1869,1.4955,1.9828,-9999.0000,0.1113,0.0373,-9999.0000,-9999.0000,-9999.0000,-9999.0000,0.0
1641882.000,0.1385,1.4302,1.9662,-9999.0000,-9999.0000,-9999.0000,-9999.0000,-9999.0000,-9999.0000,-9999.0000,0.0
1642113.000,0.1148,1.8280,1.9309,0.0877,0.0755,-9999.0000,0.0634,-9999.0000,-9999.0000,0.1168,0.0
1642345.000,0.1207,1.6867,1.9272,-9999.0000,0.1240,0.0495,-9999.0000,-9999.0000,-9999.0000,-9999.0000,0.0
1642576.000,0.1006,1.6836,1.7712,-9999.0000,0.1935,-9999.0000,-9999.0000,-9999.0000,0.1226,-9999.0000,0.0
1642807.000,0.2040,1.8308,1.9416,-9999.0000,0.1106,-9999.0000,0.0956,-9999.0000,-9999.0000,0.0683,0.0
1643038.000,0.1524,1.4491,2.0711,0.1139,0.0640,-9999.0000,0.0875,-9999.0000,-9999.0000,0.0705,0.0
1643269.000,0.1385,1.6267,2.1793,0.2568,0.1357,0.0492,0.1195,-9999.0000,0.1411,-9999.0000,0.0
1643501.000,0.1073,1.4818,1.9263,0.1091,0.0863,0.0369,0.0499,0.0920,-9999.0000,-9999.0000,0.0
1643732.000,0.1320,1.6191,1.9589,0.1101,0.2078,0.0371,0.0504,-9999.0000,-9999.0000,-9999.0000,0.0
1643963.000,0.1376,1.7403,1.8720,0.1094,0.1347,0.0487,-9999.0000,-9999.0000,-9999.0000,-9999.0000,0.0
1644194.000,0.0768,1.8078,1.9980,0.1560,0.0617,0.0365,0.0829,-9999.0000,-9999.0000,-9999.0000,0.0
1644425.000,0.1426,1.4837,1.9086,-9999.0000,0.0976,-9999.0000,-9999.0000,-9999.0000,-9999.0000,-9999.0000,0.0
1644657.000,0.1627,1.6572,2.1032,-9999.0000,0.1235,-9999.0000,0.1307,-9999.0000,0.0812,-9999.0000,0.0
1644888.000,0.1502,1.0860,2.1925,0.2316,0.0990,-9999.0000,-9999.0000,-9999.0000,-9999.0000,-9999.0000,0.0
1645119.000,0.1327,1.3450,2.3032,0.0871,0.1725,-9999.0000,0.0854,-9999.0000,0.1267,-9999.0000,0.0
1645350.000,0.1736,1.3627,2.2075,-9999.0000,-9999.0000,0.0604,0.0723,-9999.0000,-9999.0000,-9999.0000,0.0
1645582.000,0.1318,1.3533,2.1816,0.1824,0.2558,-9999.0000,0.0500,-9999.0000,-9999.0000,0.0684,0.0
1645813.000,0.1820,1.5518,2.1161,0.1614,0.0635,-9999.0000,-9999.0000,-9999.0000,0.1428,-9999.0000,0.0
1646044.000,0.1325,1.3878,1.9851,0.1355,0.0872,0.0611,-9999.0000,-9999.0000,-9999.0000,-9999.0000,0.0
1646275.000,0.1201,1.2627,1.9811,-9999.0000,-9999.0000,0.0491,0.0505,-9999.0000,-9999.0000,0.0687,0.0
1646506.000,0.1611,1.3058,2.0026,0.2773,0.1943,0.0367,0.0831,0.1042,-9999.0000,-9999.0000,0.0
1646738.000,0.0949,1.2811,2.0752,0.1806,0.0979,0.0601,-9999.0000,-9999.0000,-9999.0000,-9999.0000,0.0
1646969.000,0.1348,1.2272,1.8906,-9999.0000,0.1079,-9999.0000,-9999.0000,-9999.0000,-9999.0000,-9999.0000,0.0
1647200.000,0.1019,1.1335,2.0800,0.1348,0.1596,-9999.0000,-9999.0000,-9999.0000,-9999.0000,-9999.0000,0.0
1647431.000,0.0953,1.4929,2.0959,-9999.0000,0.0985,-9999.0000,-9999.0000,-9999.0000,-9999.0000,-9999.0000,0.0
1647662.000,0.1376,1.5253,1.7910,0.2305,0.1710,-9999.0000,-9999.0000,-9999.0000,-9999.0000,-9999.0000,0.0
1647894.000,0.1244,1.1605,2.0101,-9999.0000,0.1572,-9999.0000,-9999.0000,-9999.0000,-9999.0000,-9999.0000,0.0
1648125.000,0.1784,1.2607,1.8327,0.2037,0.1096,-9999.0000,-9999.0000,0.1279,-9999.0000,-9999.0000,0.0
1648356.000,0.1486,1.2481,1.9031,-9999.0000,0.0857,0.0365,-9999.0000,0.1035,-9999.0000,-9999.0000,0.0
1648587.000,0.1181,1.0526,2.0617,0.3222,0.1688,-9999.0000,-9999.0000,0.1141,0.0918,-9999.0000,0.0
1648818.000,0.1572,1.1464,1.9533,0.1364,0.1119,-9999.0000,-9999.0000,-9999.0000,-9999.0000,-9999.0000,0.0
1649050.000,0.1545,1.2393,1.7025,0.1558,0.1575,-9999.0000,0.0595,-9999.0000,0.1813,-9999.0000,0.0
1649281.000,0.1850,1.1414,1.8390,0.1808,0.1221,-9999.0000,-9999.0000,-9999.0000,0.0935,-9999.0000,0.0
1649512.000,0.1137,1.3347,1.9320,0.1828,0.0988,-9999.0000,0.0497,0.1196,0.0801,-9999.0000,0.0
1649743.000,0.1360,1.2023,1.7953,0.1308,0.0733,-9999.0000,0.0588,-9999.0000,-9999.0000,-9999.0000,0.0
1649974.000,0.1501,1.1489,1.9215,0.2316,0.1957,-9999.0000,-9999.0000,-9999.0000,-9999.0000,-9999.0000,0.0
1650206.000,0.2474,1.2147,2.0396,0.1111,0.1599,0.0729,0.0730,-9999.0000,-9999.0000,-9999.0000,0.0
1650437.000,0.1670,1.1650,1.9453,-9999.0000,0.1101,-9999.0000,0.0826,-9999.0000,-9999.0000,-9999.0000,0.0
1650668.000,0.1145,1.1680,1.9824,0.0875,0.1483,-9999.0000,0.0621,-9999.0000,-9999.0000,-9999.0000,0.0
1650899.000,0.1300,1.1136,1.9809,-9999.0000,0.1449,0.0362,0.0812,-9999.0000,-9999.0000,-9999.0000,0.0
1651130.000,0.1248,1.2303,1.9242,0.2286,0.2180,-9999.0000,0.0597,-9999.0000,-9999.0000,-9999.0000,0.0
1651362.000,0.1322,1.2593,1.8559,0.1595,0.1234,0.0492,0.0842,0.1087,-9999.0000,-9999.0000,0.0
1651593.000,0.1540,1.0928,1.8890,0.2028,0.1450,-9999.0000,0.0812,-9999.0000,-9999.0000,-9999.0000,0.0
1651824.000,0.1137,1.3135,1.8691,0.1102,0.2075,-9999.0000,-9999.0000,-9999.0000,-9999.0000,-9999.0000,0.0
1652055.000,0.1494,1.1711,1.9313,0.2541,0.2188,0.0369,0.0489,-9999.0000,0.0792,-9999.0000,0.0
1652286.000,0.1795,1.2019,2.0068,0.3025,0.1225,-9999.0000,0.0829,0.1065,-9999.0000,-9999.0000,0.0
1652518.000,0.1669,0.9623,1.8124,0.1325,0.1460,-9999.0000,0.0709,-9999.0000,0.1080,-9999.0000,0.0
1652749.000,0.0705,1.2888,2.0207,-9999.0000,0.1212,0.0363,-9999.0000,0.1156,-9999.0000,-9999.0000,0.0
1652980.000,0.1634,1.0670,1.8280,-9999.0000,0.1607,0.0378,-9999.0000,-9999.0000,0.1120,0.1163,0.0
1653211.000,0.1979,1.1462,1.6788,0.1341,0.1348,-9999.0000,0.1172,0.1200,0.0945,0.0680,0.0
1653442.000,0.1137,1.0502,1.7867,0.1585,0.0988,0.0372,-9999.0000,0.1579,-9999.0000,0.1148,0.0
1653674.000,0.1122,1.3915,1.9877,0.1789,0.0972,-9999.0000,-9999.0000,-9999.0000,-9999.0000,-9999.0000,0.0
1653905.000,0.1425,1.1532,2.0071,0.1079,0.1096,0.0716,0.0928,0.0921,0.1959,-9999.0000,0.0
1654136.000,0.0875,1.0555,1.9095,0.2237,0.1080,-9999.0000,-9999.0000,-9999.0000,-9999.0000,-9999.0000,0.0
1654367.000,0.1380,1.0316,2.0093,-9999.0000,0.1473,-9999.0000,0.1858,-9999.0000,-9999.0000,-9999.0000,0.0
1654598.000,0.0893,1.0325,1.9335,0.1580,0.0985,-9999.0000,0.0488,-9999.0000,-9999.0000,-9999.0000,0.0
1654830.000,0.1365,0.9291,1.7266,0.1079,0.1335,-9999.0000,0.1377,-9999.0000,-9999.0000,-9999.0000,0.0
1655061.000,0.1517,0.9123,1.4698,0.1035,0.1308,-9999.0000,-9999.0000,-9999.0000,0.1027,-9999.0000,0.0
1655292.000,0.1791,0.7345,1.6027,-9999.0000,0.0981,-9999.0000,-9999.0000,-9999.0000,0.1526,-9999.0000,0.0
1655523.000,0.1200,1.2227,1.6848,0.1352,0.0870,-9999.0000,-9999.0000,-9999.0000,0.1102,-9999.0000,0.0
1655754.000,0.1183,0.9410,1.5246,0.1793,-9999.0000,-9999.0000,0.0472,-9999.0000,-9999.0000,0.2980,0.0
1655986.000,0.1679,0.8416,1.8181,0.1103,0.1109,-9999.0000,0.0490,-9999.0000,0.0798,-9999.0000,0.0
1656217.000,0.1599,0.9622,1.7527,0.1072,0.0853,-9999.0000,0.0470,-9999.0000,-9999.0000,-9999.0000,0.0
1656448.000,0.1415,0.9924,1.8880,0.1063,0.1325,0.0361,0.1136,0.1764,0.0907,-9999.0000,0.0
1656679.000,0.0766,1.1447,1.6441,0.1796,0.1932,-9999.0000,-9999.0000,-9999.0000,0.0774,0.1131,0.0
1656910.000,0.1007,0.9999,1.6976,0.3244,0.1097,-9999.0000,-9999.0000,-9999.0000,-9999.0000,0.0670,0.0
1657142.000,0.1555,1.0106,1.6823,0.2545,-9999.0000,-9999.0000,0.0598,-9999.0000,-9999.0000,0.1143,0.0
1657373.000,0.1007,1.2394,1.5299,-9999.0000,0.0738,0.0600,-9999.0000,-9999.0000,-9999.0000,-9999.0000,0.0
1657604.000,0.1303,1.2041,1.6993,-9999.0000,0.1572,-9999.0000,-9999.0000,-9999.0000,-9999.0000,0.0667,0.0
1657835.000,0.1023,1.1413,1.8108,0.2336,-9999.0000,0.0495,0.0612,-9999.0000,-9999.0000,-9999.0000,0.0
1658066.000,0.1119,1.1372,1.8473,0.1783,0.1446,-9999.0000,-9999.0000,-9999.0000,0.1791,-9999.0000,0.0
1658298.000,0.1599,1.0895,1.8387,0.2029,0.1330,0.0830,0.0804,-9999.0000,-9999.0000,-9999.0000,0.0
1658529.000,0.1241,1.0309,1.6289,0.3466,0.1212,-9999.0000,-9999.0000,-9999.0000,-9999.0000,-9999.0000,0.0
1658760.000,0.1246,1.1122,1.8396,-9999.0000,0.0977,-9999.0000,0.0473,-9999.0000,-9999.0000,-9999.0000,0.0
1658991.000,0.1246,1.0529,1.6969,0.1563,0.1097,-9999.0000,0.0473,-9999.0000,-9999.0000,-9999.0000,0.0
1659222.000,0.1711,1.0449,1.7384,-9999.0000,0.1324,0.0360,-9999.0000,-9999.0000,-9999.0000,-9999.0000,0.0
1659454.000,0.1355,0.8306,1.7266,-9999.0000,0.1205,0.0477,-9999.0000,-9999.0000,-9999.0000,-9999.0000,0.0
1659685.000,0.1281,0.9965,1.6472,-9999.0000,0.1190,-9999.0000,0.1109,-9999.0000,-9999.0000,-9999.0000,0.0
1659916.000,0.0997,0.9255,1.5275,0.2728,0.1204,-9999.0000,-9999.0000,-9999.0000,-9999.0000,-9999.0000,0.0
1660147.000,0.1074,1.1030,1.6638,-9999.0000,0.0624,-9999.0000,0.0708,-9999.0000,-9999.0000,0.0676,0.0
1660378.000,0.1553,0.9816,1.5500,-9999.0000,-9999.0000,-9999.0000,-9999.0000,-9999.0000,0.0789,-9999.0000,0.0
1660610.000,0.1587,1.2697,1.6166,0.2958,0.2150,-9999.0000,0.1012,-9999.0000,-9999.0000,0.0655,0.0
1660841.000,0.1196,0.9120,1.6984,0.1587,0.1350,0.0372,-9999.0000,0.1470,-9999.0000,-9999.0000,0.0
1661072.000,0.1484,1.4472,1.6887,0.2998,0.1814,-9999.0000,-9999.0000,-9999.0000,-9999.0000,-9999.0000,0.0
1661303.000,0.1196,1.2579,1.6670,-9999.0000,-9999.0000,-9999.0000,0.1277,0.1471,-9999.0000,-9999.0000,0.0
1661534.000,0.0941,0.8956,1.9842,-9999.0000,0.1328,0.0828,0.0686,-9999.0000,0.1351,-9999.0000,0.0
1661766.000,0.1435,0.9779,1.5774,0.3032,0.2071,0.0607,0.0481,0.0967,0.0792,-9999.0000,0.0
1661997.000,0.1640,0.9530,1.5181,-9999.0000,-9999.0000,-9999.0000,0.0669,-9999.0000,-9999.0000,-9999.0000,0.0
1662228.000,0.1188,0.9535,1.9048,-9999.0000,0.0860,0.0602,-9999.0000,-9999.0000,-9999.0000,-9999.0000,0.0
1662459.000,0.1014,1.0615,1.7404,-9999.0000,0.0986,0.0489,0.0481,0.2469,0.1238,-9999.0000,0.0
1662690.000,0.1131,1.2052,1.6849,-9999.0000,0.1223,-9999.0000,-9999.0000,-9999.0000,-9999.0000,-9999.0000,0.0
1662922.000,0.1421,1.0205,1.6735,-9999.0000,0.0855,0.0365,-9999.0000,-9999.0000,-9999.0000,-9999.0000,0.0
1663153.000,0.1189,0.7989,1.5082,0.2533,0.1581,-9999.0000,-9999.0000,-9999.0000,-9999.0000,-9999.0000,0.0
1663384.000,0.1274,0.9076,1.9748,-9999.0000,0.0639,-9999.0000,-9999.0000,-9999.0000,-9999.0000,0.1638,0.0
1663615.000,0.1232,0.9024,1.7583,0.2246,-9999.0000,0.0591,0.0563,-9999.0000,-9999.0000,-9999.0000,0.0
1663846.000,0.1305,1.0032,1.6154,0.2043,0.0618,-9999.0000,0.0580,0.1565,-9999.0000,0.0667,0.0
1664078.000,0.1122,1.0869,1.5236,-9999.0000,-9999.0000,0.0481,-9999.0000,-9999.0000,-9999.0000,-9999.0000,0.0
1664309.000,0.1195,0.7924,1.6215,0.2068,0.1228,-9999.0000,0.0479,0.1224,-9999.0000,-9999.0000,0.0
1664540.000,0.1252,0.9010,1.6675,0.1578,0.1465,0.0722,0.0475,0.1340,-9999.0000,-9999.0000,0.0
1664771.000,0.1541,0.9703,1.6306,-9999.0000,0.1572,-9999.0000,-9999.0000,0.1063,-9999.0000,-9999.0000,0.0
1665002.000,0.1487,0.9620,1.6303,0.1328,-9999.0000,0.0602,0.1257,0.0953,-9999.0000,-9999.0000,0.0
1665234.000,0.1500,0.9784,1.8266,-9999.0000,-9999.0000,-9999.0000,0.0482,0.1363,-9999.0000,-9999.0000,0.0
1665465.000,0.1264,1.0834,1.6951,0.1362,0.1843,0.0968,0.1399,-9999.0000,-9999.0000,-9999.0000,0.0
1665696.000,0.1499,1.0069,1.8873,-9999.0000,0.0989,0.0609,0.1161,-9999.0000,0.0944,-9999.0000,0.0
1665927.000,0.1432,1.2915,1.4680,0.1820,0.1104,-9999.0000,0.1603,-9999.0000,-9999.0000,0.0672,0.0
1666158.000,0.1126,0.8037,1.5472,0.2284,-9999.0000,-9999.0000,0.1365,-9999.0000,-9999.0000,-9999.0000,0.0
1666390.000,0.1557,0.7873,1.3849,-9999.0000,0.0626,-9999.0000,0.0704,0.0981,-9999.0000,-9999.0000,0.0
1666621.000,0.1564,0.9160,1.8248,-9999.0000,0.0872,0.0376,0.1053,-9999.0000,0.1846,-9999.0000,0.0
1666852.000,0.1367,0.5826,1.6115,-9999.0000,0.0620,-9999.0000,-9999.0000,0.1206,-9999.0000,-9999.0000,0.0
1667083.000,0.0893,1.0560,1.3958,-9999.0000,0.0986,-9999.0000,-9999.0000,-9999.0000,0.0789,0.0674,0.0
1667314.000,0.0897,1.0631,1.5639,-9999.0000,0.1111,0.0375,0.1275,0.1118,-9999.0000,-9999.0000,0.0
1667546.000,0.0706,0.9205,1.5752,-9999.0000,-9999.0000,-9999.0000,0.0573,-9999.0000,-9999.0000,-9999.0000,0.0
1667777.000,0.1308,1.0170,1.5439,0.1570,0.1219,-9999.0000,0.0804,-9999.0000,0.1515,-9999.0000,0.0
1668008.000,0.0800,0.6914,1.6196,0.0932,-9999.0000,0.0394,0.0522,-9999.0000,-9999.0000,-9999.0000,0.0
1668239.000,0.1088,0.8230,1.4898,0.1866,-9999.0000,0.0500,-9999.0000,-9999.0000,0.1118,-9999.0000,0.0
1668470.000,0.1189,0.8621,1.5141,-9999.0000,-9999.0000,0.0603,0.0692,0.1463,-9999.0000,0.0669,0.0
1668702.000,0.1365,0.8808,1.6659,0.1327,0.1098,-9999.0000,0.1588,0.0958,0.1068,-9999.0000,0.0
1668933.000,0.0894,0.8412,1.5781,0.1105,0.0746,-9999.0000,-9999.0000,-9999.0000,-9999.0000,0.0675,0.0
1669164.000,0.1086,0.8282,1.6446,0.1130,0.1121,-9999.0000,0.1404,0.0899,-9999.0000,-9999.0000,0.0
1669395.000,0.1135,0.9462,1.5154,-9999.0000,0.0987,0.0725,-9999.0000,0.2484,-9999.0000,-9999.0000,0.0
1669626.000,0.1137,0.7469,1.4557,0.1351,0.0989,-9999.0000,0.0590,-9999.0000,-9999.0000,0.1143,0.0
1669858.000,0.1361,0.8763,1.4007,-9999.0000,0.0736,-9999.0000,0.0794,-9999.0000,0.0766,-9999.0000,0.0
1670089.000,0.1017,0.9064,1.5132,0.2079,-9999.0000,-9999.0000,0.1158,0.1123,-9999.0000,-9999.0000,0.0
1670320.000,0.1201,0.9477,1.5853,-9999.0000,0.1235,0.0612,0.0934,-9999.0000,0.0800,-9999.0000,0.0
1670551.000,0.0896,1.0105,1.2554,-9999.0000,0.0989,0.0727,0.0589,0.0996,-9999.0000,0.1143,0.0
1670782.000,0.0961,0.9581,1.6503,-9999.0000,0.0753,0.0850,-9999.0000,-9999.0000,0.1250,-9999.0000,0.0
1671014.000,0.1074,0.8571,1.4028,0.2794,0.1228,-9999.0000,-9999.0000,-9999.0000,-9999.0000,-9999.0000,0.0
1671245.000,0.1022,0.7487,1.4445,-9999.0000,-9999.0000,0.0733,0.1052,0.0892,-9999.0000,-9999.0000,0.0
1671476.000,0.1275,0.7629,1.2483,-9999.0000,0.1373,-9999.0000,0.0955,0.1051,0.1125,-9999.0000,0.0
1671707.000,0.1078,0.8098,1.4319,-9999.0000,0.1835,-9999.0000,0.0702,-9999.0000,-9999.0000,-9999.0000,0.0
1671938.000,0.0962,0.7270,1.5076,0.1609,0.0633,0.0378,0.1507,-9999.0000,0.0954,-9999.0000,0.0
1672170.000,0.1087,0.8547,1.4318,-9999.0000,0.0758,-9999.0000,0.0602,-9999.0000,-9999.0000,-9999.0000,0.0
1672401.000,0.0842,0.8587,1.3279,-9999.0000,-9999.0000,-9999.0000,0.1169,-9999.0000,-9999.0000,-9999.0000,0.0
1672632.000,0.0951,0.7338,1.3676,-9999.0000,0.1104,0.0488,-9999.0000,-9999.0000,0.0782,-9999.0000,0.0
1672863.000,0.1069,0.7309,1.4520,-9999.0000,0.1341,-9999.0000,0.0688,-9999.0000,-9999.0000,-9999.0000,0.0
1673094.000,0.0724,0.9871,1.4594,0.1870,-9999.0000,0.0620,0.0833,-9999.0000,-9999.0000,-9999.0000,0.0
1673326.000,0.1317,0.7793,1.3554,0.1352,0.0869,-9999.0000,-9999.0000,-9999.0000,0.1238,-9999.0000,0.0
1673557.000,0.1131,0.6450,1.4178,-9999.0000,-9999.0000,-9999.0000,0.0578,-9999.0000,0.1078,-9999.0000,0.0
1673788.000,0.0896,0.5688,1.2924,0.1351,0.0989,0.0609,-9999.0000,-9999.0000,-9999.0000,-9999.0000,0.0
1674019.000,0.1082,0.8409,1.5007,0.1609,0.1238,-9999.0000,0.0934,-9999.0000,-9999.0000,-9999.0000,0.0
1674251.000,0.0783,0.7722,1.4375,-9999.0000,0.1001,0.0381,0.0714,-9999.0000,0.0813,-9999.0000,0.0
1674482.000,0.1506,0.8039,1.2937,-9999.0000,0.0996,-9999.0000,-9999.0000,-9999.0000,0.1102,-9999.0000,0.0
1674713.000,0.0783,0.6808,1.3989,-9999.0000,-9999.0000,-9999.0000,0.0712,-9999.0000,-9999.0000,-9999.0000,0.0
1674944.000,0.1270,0.7362,1.3757,0.0892,0.1367,-9999.0000,0.0829,-9999.0000,-9999.0000,-9999.0000,0.0
1675175.000,0.0894,0.8754,1.2282,-9999.0000,0.0867,-9999.0000,0.1260,-9999.0000,0.1677,-9999.0000,0.0
1675407.000,0.1081,0.9003,1.3735,-9999.0000,0.0511,0.0613,-9999.0000,-9999.0000,0.0800,-9999.0000,0.0
1675638.000,0.0606,0.8893,1.2118,-9999.0000,0.0886,-9999.0000,0.0837,0.0938,-9999.0000,0.0692,0.0
1675869.000,0.0540,0.8916,1.1519,0.1616,-9999.0000,-9999.0000,0.0937,-9999.0000,-9999.0000,-9999.0000,0.0
1676100.000,0.0849,0.6305,1.2114,-9999.0000,0.0764,-9999.0000,0.0951,0.0938,-9999.0000,0.0692,0.0
1676331.000,0.0972,0.7536,1.2631,0.1150,-9999.0000,-9999.0000,-9999.0000,-9999.0000,-9999.0000,-9999.0000,0.0
1676563.000,0.0957,0.7006,1.3881,-9999.0000,-9999.0000,-9999.0000,-9999.0000,0.1014,-9999.0000,-9999.0000,0.0
1676794.000,0.0918,0.7649,1.0044,0.1906,-9999.0000,-9999.0000,-9999.0000,-9999.0000,-9999.0000,-9999.0000,0.0
1677025.000,0.1036,0.7428,1.2727,-9999.0000,0.1134,-9999.0000,0.1302,-9999.0000,-9999.0000,-9999.0000,0.0
1677256.000,0.0956,0.7366,1.3238,0.1353,0.1712,0.0492,0.0694,-9999.0000,0.1384,-9999.0000,0.0
1677487.000,0.1210,0.7244,1.2130,-9999.0000,-9999.0000,-9999.0000,0.0485,-9999.0000,-9999.0000,-9999.0000,0.0
1677719.000,0.0601,0.6913,1.3744,-9999.0000,-9999.0000,-9999.0000,-9999.0000,-9999.0000,0.0811,-9999.0000,0.0
1677950.000,0.0984,0.7425,1.2846,0.1921,0.0653,-9999.0000,0.0741,-9999.0000,-9999.0000,-9999.0000,0.0
1678181.000,0.1093,-9999.0000,1.3752,-9999.0000,0.1007,0.0385,0.0948,-9999.0000,0.0822,-9999.0000,0.0
1678412.000,0.1033,0.7015,1.1868,0.1885,0.0520,-9999.0000,0.1409,-9999.0000,0.1276,0.0692,0.0
1678643.000,0.1287,0.6140,1.3110,0.2155,0.0772,0.0751,-9999.0000,0.1101,-9999.0000,-9999.0000,0.0
1678875.000,0.0481,0.6253,1.3882,-9999.0000,-9999.0000,-9999.0000,-9999.0000,-9999.0000,-9999.0000,-9999.0000,0.0
1679106.000,0.1100,0.8478,1.1680,0.3621,-9999.0000,-9999.0000,0.0959,0.1094,-9999.0000,-9999.0000,0.0
1679337.000,0.0968,0.7942,1.2574,-9999.0000,0.0760,0.0739,-9999.0000,0.0933,-9999.0000,-9999.0000,0.0
1679568.000,0.0413,0.5475,1.1587,0.1107,-9999.0000,-9999.0000,0.0914,-9999.0000,-9999.0000,-9999.0000,0.0
1679799.000,0.0777,0.5917,1.3583,0.0876,0.0630,-9999.0000,0.0922,-9999.0000,-9999.0000,-9999.0000,0.0
1680031.000,0.0725,0.4924,1.1888,0.1630,0.0883,-9999.0000,-9999.0000,-9999.0000,-9999.0000,-9999.0000,0.0
1680262.000,0.0482,0.5693,1.3980,-9999.0000,-9999.0000,-9999.0000,0.0598,-9999.0000,-9999.0000,-9999.0000,0.0
1680493.000,0.0669,0.5004,1.1831,0.0912,-9999.0000,-9999.0000,0.0721,0.1338,-9999.0000,-9999.0000,0.0
1680724.000,0.1161,0.5508,1.2823,0.1410,-9999.0000,0.0749,0.0611,-9999.0000,0.2195,-9999.0000,0.0
1680955.000,0.0726,0.5176,1.2852,0.0902,0.1250,0.0622,0.0942,-9999.0000,-9999.0000,-9999.0000,0.0
1681187.000,0.0723,0.6484,1.2044,0.1379,0.0515,-9999.0000,0.0478,-9999.0000,-9999.0000,-9999.0000,0.0
1681418.000,0.1215,0.7863,1.2115,-9999.0000,0.0886,0.0624,0.0830,-9999.0000,-9999.0000,-9999.0000,0.0
1681649.000,0.1245,0.6319,1.3001,-9999.0000,0.0789,-9999.0000,0.0992,-9999.0000,-9999.0000,-9999.0000,0.0
1681880.000,0.1150,0.6223,1.1444,0.0899,0.0517,-9999.0000,0.0481,-9999.0000,0.0815,-9999.0000,0.0
1682111.000,0.0849,0.7705,1.1664,-9999.0000,-9999.0000,0.0504,0.0714,-9999.0000,-9999.0000,-9999.0000,0.0
1682343.000,0.0730,0.4869,1.3356,0.1158,-9999.0000,0.0388,-9999.0000,-9999.0000,0.0979,-9999.0000,0.0
1682574.000,0.0800,0.5543,1.1444,0.1183,-9999.0000,0.0515,-9999.0000,0.1894,-9999.0000,-9999.0000,0.0
1682805.000,0.0538,0.6811,1.1240,-9999.0000,-9999.0000,-9999.0000,-9999.0000,-9999.0000,-9999.0000,0.0678,0.0
1683036.000,0.1042,0.6563,1.3246,-9999.0000,0.1019,-9999.0000,0.0498,0.1751,-9999.0000,-9999.0000,0.0
1683267.000,0.0542,0.7973,1.2388,0.1874,0.1004,0.0740,-9999.0000,-9999.0000,-9999.0000,-9999.0000,0.0
1683499.000,0.1030,0.6401,1.1203,0.1877,0.0518,0.0622,-9999.0000,-9999.0000,-9999.0000,-9999.0000,0.0
1683730.000,0.0971,0.6435,1.0976,0.1884,0.0642,-9999.0000,0.0713,-9999.0000,-9999.0000,-9999.0000,0.0
1683961.000,0.0847,0.5639,1.2145,0.1876,-9999.0000,-9999.0000,0.0708,-9999.0000,-9999.0000,-9999.0000,0.0
1684192.000,0.1155,0.6072,1.1430,0.1643,-9999.0000,0.0506,0.0714,-9999.0000,-9999.0000,-9999.0000,0.0
1684423.000,0.1283,0.7288,1.2822,0.1902,0.0770,0.0510,0.1298,0.1486,-9999.0000,-9999.0000,0.0
1684655.000,0.1483,0.4846,1.1045,-9999.0000,0.0658,-9999.0000,0.0509,-9999.0000,-9999.0000,-9999.0000,0.0
1684886.000,0.1050,0.7154,1.2067,0.1441,-9999.0000,-9999.0000,-9999.0000,-9999.0000,-9999.0000,-9999.0000,0.0
1685117.000,0.1041,0.6650,1.1459,0.0927,0.1019,0.0392,-9999.0000,-9999.0000,-9999.0000,-9999.0000,0.0
1685348.000,0.0909,0.5824,1.1786,0.1881,0.0885,0.0861,0.0710,0.1335,-9999.0000,-9999.0000,0.0
1685579.000,0.1339,0.6782,1.2013,-9999.0000,-9999.0000,0.0984,0.2092,-9999.0000,-9999.0000,-9999.0000,0.0
1685811.000,0.1226,0.6813,1.2227,-9999.0000,-9999.0000,0.0632,0.0727,-9999.0000,-9999.0000,-9999.0000,0.0
1686042.000,0.0673,0.6731,1.1457,0.0927,-9999.0000,-9999.0000,0.0610,-9999.0000,-9999.0000,-9999.0000,0.0
1686273.000,0.0722,0.6727,1.1525,-9999.0000,-9999.0000,-9999.0000,0.0812,-9999.0000,-9999.0000,-9999.0000,0.0
1686504.000,0.1209,0.6689,1.1428,0.0897,0.0517,0.0383,0.0931,-9999.0000,-9999.0000,-9999.0000,0.0
1686735.000,0.0672,0.6491,1.2399,0.0925,-9999.0000,0.0511,-9999.0000,-9999.0000,0.0837,-9999.0000,0.0
1686967.000,0.0609,0.6675,1.1535,-9999.0000,-9999.0000,0.0628,-9999.0000,-9999.0000,-9999.0000,-9999.0000,0.0
1687198.000,0.0796,0.9803,1.0440,0.1912,-9999.0000,0.0392,0.0494,0.1123,-9999.0000,-9999.0000,0.0
1687429.000,0.0611,0.9164,0.9531,-9999.0000,0.0649,0.0391,0.0491,-9999.0000,0.1138,-9999.0000,0.0
1687660.000,0.0608,0.8495,1.1905,-9999.0000,0.1502,-9999.0000,-9999.0000,0.3132,-9999.0000,-9999.0000,0.0
1687891.000,0.0787,0.8183,1.2094,-9999.0000,0.0519,0.0385,-9999.0000,-9999.0000,0.1266,-9999.0000,0.0
1688123.000,0.0805,0.6600,1.0172,0.0952,0.0661,0.0400,0.0509,0.1037,-9999.0000,-9999.0000,0.0
1688354.000,0.1094,-9999.0000,1.1746,0.1399,0.0521,0.0387,-9999.0000,0.0970,-9999.0000,-9999.0000,0.0
1688585.000,0.0795,0.8038,1.0304,-9999.0000,0.0527,-9999.0000,-9999.0000,-9999.0000,-9999.0000,-9999.0000,0.0
1688816.000,0.0854,0.7225,1.1537,-9999.0000,0.1014,-9999.0000,-9999.0000,-9999.0000,-9999.0000,-9999.0000,0.0
1689047.000,0.0976,0.8677,1.1285,0.2636,-9999.0000,0.0629,-9999.0000,-9999.0000,-9999.0000,0.0693,0.0
1689279.000,0.0856,0.8423,1.1257,-9999.0000,0.0527,-9999.0000,0.0605,-9999.0000,-9999.0000,-9999.0000,0.0
1689510.000,0.1114,1.1153,1.0616,-9999.0000,0.0536,0.0762,0.0740,-9999.0000,-9999.0000,-9999.0000,0.0
1689741.000,0.1039,0.6883,1.0991,0.1907,0.1139,-9999.0000,0.0718,-9999.0000,-9999.0000,0.1169,0.0
1689972.000,0.1166,-9999.0000,1.0840,-9999.0000,-9999.0000,-9999.0000,0.1418,-9999.0000,-9999.0000,-9999.0000,0.0
1690203.000,0.1489,1.0431,1.1031,-9999.0000,-9999.0000,0.0523,-9999.0000,-9999.0000,-9999.0000,-9999.0000,0.0
1690435.000,0.0968,1.0146,1.1256,0.1633,-9999.0000,0.0503,0.0472,-9999.0000,-9999.0000,-9999.0000,0.0
1690666.000,0.1424,1.0007,1.0105,0.1201,0.0537,0.0642,-9999.0000,0.0913,-9999.0000,-9999.0000,0.0
1690897.000,0.1172,0.6481,1.0576,-9999.0000,0.0904,-9999.0000,0.0616,-9999.0000,-9999.0000,0.1182,0.0
1691128.000,0.0737,1.0421,0.9390,-9999.0000,0.0654,-9999.0000,-9999.0000,-9999.0000,-9999.0000,0.1653,0.0
1691359.000,0.1096,1.0106,1.1072,-9999.0000,-9999.0000,0.0508,0.0595,-9999.0000,-9999.0000,-9999.0000,0.0
1691591.000,0.1241,0.6197,1.0972,-9999.0000,0.0911,0.0402,0.0976,0.1054,-9999.0000,-9999.0000,0.0
1691822.000,0.0861,0.7835,1.0743,-9999.0000,0.0655,-9999.0000,0.1190,-9999.0000,-9999.0000,-9999.0000,0.0
1692053.000,0.1178,0.8339,1.2047,-9999.0000,-9999.0000,0.0401,0.0506,-9999.0000,0.1322,-9999.0000,0.0
1692284.000,0.1274,0.9055,1.0963,-9999.0000,0.0642,0.0861,0.0702,-9999.0000,-9999.0000,-9999.0000,0.0
1692515.000,0.0780,0.5220,1.2242,-9999.0000,0.0513,0.0616,-9999.0000,-9999.0000,-9999.0000,-9999.0000,0.0
1692747.000,0.1101,0.7520,1.1632,0.1417,-9999.0000,-9999.0000,0.0485,-9999.0000,0.0834,-9999.0000,0.0
1692978.000,0.0721,0.6674,0.9875,-9999.0000,-9999.0000,0.0853,0.0802,-9999.0000,-9999.0000,-9999.0000,0.0
1693209.000,0.1390,0.9523,1.0729,0.1385,-9999.0000,0.0502,-9999.0000,-9999.0000,-9999.0000,-9999.0000,0.0
1693440.000,0.1161,0.7665,1.0733,0.1170,0.0526,-9999.0000,0.1289,-9999.0000,-9999.0000,-9999.0000,0.0
1693671.000,0.1033,0.7881,0.9531,0.0912,0.0766,-9999.0000,-9999.0000,-9999.0000,-9999.0000,-9999.0000,0.0
1693903.000,0.1034,0.7454,0.9612,-9999.0000,-9999.0000,-9999.0000,0.0591,-9999.0000,-9999.0000,-9999.0000,0.0
1694134.000,0.1587,-9999.0000,1.1162,-9999.0000,0.0525,0.0749,0.0825,-9999.0000,-9999.0000,-9999.0000,0.0
1694365.000,0.1251,0.8278,1.2360,-9999.0000,-9999.0000,0.0530,0.0871,-9999.0000,-9999.0000,-9999.0000,0.0
1694596.000,0.1711,0.9345,1.1681,-9999.0000,0.0771,-9999.0000,-9999.0000,0.1257,-9999.0000,-9999.0000,0.0
1694827.000,0.1301,0.5656,1.2046,-9999.0000,0.1157,-9999.0000,-9999.0000,-9999.0000,-9999.0000,-9999.0000,0.0
1695059.000,0.1241,0.8994,1.1030,0.1705,-9999.0000,0.0402,-9999.0000,-9999.0000,-9999.0000,0.0711,0.0
1695290.000,0.1366,0.5070,1.1815,0.1459,-9999.0000,0.0403,-9999.0000,-9999.0000,-9999.0000,-9999.0000,0.0
1695521.000,0.0867,0.6955,1.0299,0.1450,0.0537,-9999.0000,0.0501,-9999.0000,-9999.0000,-9999.0000,0.0
1695752.000,0.1618,0.7277,1.1201,-9999.0000,0.0542,0.0405,-9999.0000,-9999.0000,-9999.0000,-9999.0000,0.0
1695983.000,0.1484,0.8338,1.1063,-9999.0000,-9999.0000,0.0521,-9999.0000,0.1308,-9999.0000,-9999.0000,0.0
1696215.000,0.1034,1.0277,1.1571,-9999.0000,0.0767,-9999.0000,0.1506,-9999.0000,-9999.0000,-9999.0000,0.0
1696446.000,0.1479,0.9901,1.1985,-9999.0000,0.0534,0.0759,-9999.0000,-9999.0000,-9999.0000,-9999.0000,0.0
1696677.000,0.1530,0.7860,0.9984,-9999.0000,-9999.0000,-9999.0000,-9999.0000,-9999.0000,0.0984,0.0694,0.0
1696908.000,0.0741,0.6385,1.0910,-9999.0000,-9999.0000,-9999.0000,-9999.0000,-9999.0000,-9999.0000,0.1182,0.0
1697139.000,0.1101,0.7018,1.3349,0.1174,-9999.0000,0.0392,0.0481,-9999.0000,-9999.0000,-9999.0000,0.0
1697371.000,0.1168,0.7023,1.2016,0.2173,0.0532,0.0516,0.0836,-9999.0000,-9999.0000,0.0699,0.0
1697602.000,0.0365,0.9721,1.1347,-9999.0000,-9999.0000,0.0629,0.1395,-9999.0000,-9999.0000,-9999.0000,0.0
1706051.000,0.1695,-9999.0000,-9999.0000,0.1346,-9999.0000,-9999.0000,0.0820,-9999.0000,0.0984,-9999.0000,0.0
1706283.000,0.1365,-9999.0000,-9999.0000,-9999.0000,0.0580,-9999.0000,-9999.0000,-9999.0000,-9999.0000,-9999.0000,0.0
1706514.000,0.0664,-9999.0000,-9999.0000,-9999.0000,-9999.0000,-9999.0000,0.0706,-9999.0000,-9999.0000,-9999.0000,0.0
1706745.000,0.0532,-9999.0000,-9999.0000,-9999.0000,-9999.0000,-9999.0000,0.1189,-9999.0000,-9999.0000,-9999.0000,0.0
1706976.000,0.0725,-9999.0000,-9999.0000,-9999.0000,-9999.0000,-9999.0000,-9999.0000,-9999.0000,-9999.0000,-9999.0000,0.0
1707207.000,0.1330,-9999.0000,-9999.0000,-9999.0000,-9999.0000,-9999.0000,-9999.0000,-9999.0000,0.0865,-9999.0000,0.0
1707491.000,0.0270,-9999.0000,-9999.0000,-9999.0000,-9999.0000,-9999.0000,-9999.0000,-9999.0000,-9999.0000,-9999.0000,0.0
1707723.000,0.0343,-9999.0000,-9999.0000,-9999.0000,-9999.0000,-9999.0000,0.0471,0.1058,-9999.0000,-9999.0000,0.0
1707954.000,0.0455,-9999.0000,-9999.0000,-9999.0000,-9999.0000,-9999.0000,0.0663,-9999.0000,-9999.0000,-9999.0000,0.0
1708185.000,-9999.0000,-9999.0000,-9999.0000,-9999.0000,-9999.0000,-9999.0000,-9999.0000,-9999.0000,-9999.0000,-9999.0000,0.0
1708416.000,-9999.0000,-9999.0000,-9999.0000,-9999.0000,-9999.0000,-9999.0000,-9999.0000,-9999.0000,-9999.0000,-9999.0000,0.0
1708647.000,0.0278,-9999.0000,-9999.0000,-9999.0000,-9999.0000,-9999.0000,-9999.0000,0.1202,-9999.0000,-9999.0000,0.0
1708879.000,-9999.0000,-9999.0000,-9999.0000,-9999.0000,-9999.0000,-9999.0000,-9999.0000,-9999.0000,-9999.0000,-9999.0000,0.0
1709174.000,-9999.0000,-9999.0000,-9999.0000,-9999.0000,-9999.0000,-9999.0000,-9999.0000,-9999.0000,-9999.0000,-9999.0000,1.0
1709406.000,-9999.0000,-9999.0000,-9999.0000,-9999.0000,-9999.0000,-9999.0000,-9999.0000,-9999.0000,-9999.0000,-9999.0000,1.0
1709637.000,-9999.0000,-9999.0000,-9999.0000,-9999.0000,-9999.0000,-9999.0000,-9999.0000,-9999.0000,-9999.0000,-9999.0000,1.0
1709868.000,-9999.0000,-9999.0000,-9999.0000,-9999.0000,-9999.0000,-9999.0000,-9999.0000,-9999.0000,-9999.0000,-9999.0000,1.0
1710099.000,-9999.0000,-9999.0000,-9999.0000,-9999.0000,-9999.0000,-9999.0000,-9999.0000,-9999.0000,-9999.0000,-9999.0000,1.0
1710330.000,-9999.0000,-9999.0000,-9999.0000,-9999.0000,-9999.0000,-9999.0000,-9999.0000,-9999.0000,-9999.0000,-9999.0000,1.0
1710562.000,-9999.0000,-9999.0000,-9999.0000,-9999.0000,-9999.0000,-9999.0000,-9999.0000,-9999.0000,-9999.0000,-9999.0000,1.0
1710852.000,0.1512,1.2667,1.3505,0.3519,0.1433,0.0538,0.0750,0.0898,-9999.0000,-9999.0000,0.0
1711083.000,0.0883,1.2173,1.3681,0.3010,0.1180,0.0415,-9999.0000,-9999.0000,-9999.0000,-9999.0000,0.0
1711314.000,0.1258,1.0679,1.4843,0.0999,0.0929,-9999.0000,0.0510,-9999.0000,-9999.0000,0.1208,0.0
1711545.000,0.1134,1.1554,1.2838,-9999.0000,0.1306,0.0660,-9999.0000,-9999.0000,-9999.0000,0.1209,0.0
1711776.000,0.1524,0.9059,1.3159,0.1530,-9999.0000,-9999.0000,-9999.0000,0.1060,-9999.0000,-9999.0000,0.0
1712008.000,0.1457,1.0980,1.3058,0.1775,0.1190,0.0666,-9999.0000,-9999.0000,0.0754,-9999.0000,0.0
1712239.000,0.1446,1.0916,1.2825,-9999.0000,-9999.0000,0.0414,-9999.0000,-9999.0000,-9999.0000,-9999.0000,0.0
1712470.000,0.1246,0.9348,1.3281,0.2222,0.0917,0.0286,0.0727,-9999.0000,0.1940,-9999.0000,0.0
1712701.000,0.1407,1.1002,1.4173,0.1549,0.0694,0.0551,0.0894,-9999.0000,-9999.0000,-9999.0000,0.0
1712932.000,0.0926,0.9569,1.4046,0.2930,0.0660,0.0280,-9999.0000,-9999.0000,-9999.0000,-9999.0000,0.0
1713164.000,0.1334,0.9609,1.3478,0.1782,-9999.0000,0.0545,-9999.0000,-9999.0000,0.0758,0.0734,0.0
1713395.000,0.1738,0.9469,1.3636,-9999.0000,-9999.0000,0.0769,-9999.0000,-9999.0000,-9999.0000,-9999.0000,0.0
1713626.000,0.0991,1.0166,1.4025,0.1705,0.0539,-9999.0000,-9999.0000,0.1352,-9999.0000,0.0702,0.0
1713857.000,0.1350,1.1253,1.3788,0.4141,0.0655,0.0397,0.0815,-9999.0000,-9999.0000,-9999.0000,0.0
1714088.000,0.1002,1.2998,1.4885,0.0987,0.0548,0.0410,-9999.0000,-9999.0000,-9999.0000,0.0714,0.0
1714320.000,0.1739,0.5850,1.3448,-9999.0000,0.0791,0.0406,-9999.0000,-9999.0000,-9999.0000,-9999.0000,0.0
1714551.000,0.0995,1.0396,1.3051,-9999.0000,-9999.0000,0.0285,0.0953,-9999.0000,-9999.0000,-9999.0000,0.0
1714782.000,0.1514,1.0148,1.3335,-9999.0000,0.0808,-9999.0000,-9999.0000,-9999.0000,-9999.0000,0.0726,0.0
1715013.000,0.1440,0.9694,1.4716,0.2742,-9999.0000,-9999.0000,-9999.0000,-9999.0000,-9999.0000,-9999.0000,0.0
1715244.000,0.1368,1.2052,1.3651,0.1721,0.0544,0.0528,0.1422,-9999.0000,-9999.0000,0.1188,0.0
1715476.000,0.0991,1.0487,1.3064,0.3686,0.1157,0.0403,0.0480,-9999.0000,-9999.0000,-9999.0000,0.0
1715707.000,0.1701,0.9282,1.2545,-9999.0000,-9999.0000,0.0662,-9999.0000,-9999.0000,-9999.0000,-9999.0000,0.0
1715938.000,0.1258,0.9934,1.4716,0.1755,0.0929,0.0537,0.0859,-9999.0000,-9999.0000,-9999.0000,0.0
1716169.000,0.1205,0.9364,1.3455,0.2535,0.0560,-9999.0000,0.0518,-9999.0000,-9999.0000,0.0731,0.0
1716400.000,0.1131,0.9040,1.4163,0.1498,0.0801,0.0291,-9999.0000,-9999.0000,-9999.0000,-9999.0000,0.0
1716632.000,0.1526,0.8807,1.2527,0.1283,0.0816,0.0794,-9999.0000,-9999.0000,-9999.0000,-9999.0000,0.0
1716863.000,0.0887,0.8615,1.3286,0.1265,0.0809,-9999.0000,-9999.0000,-9999.0000,-9999.0000,-9999.0000,0.0
1717094.000,0.2169,1.1326,1.4519,0.2460,0.0790,0.0526,-9999.0000,-9999.0000,-9999.0000,-9999.0000,0.0
1717325.000,0.1488,0.7615,1.4254,0.3202,-9999.0000,0.0405,0.1180,-9999.0000,-9999.0000,-9999.0000,0.0
1717556.000,0.0944,1.0069,1.3067,0.2501,-9999.0000,0.0292,-9999.0000,-9999.0000,-9999.0000,-9999.0000,0.0
1717788.000,0.1370,1.1483,1.4383,0.2723,0.0670,0.0651,-9999.0000,-9999.0000,-9999.0000,-9999.0000,0.0
1718019.000,0.0884,1.0134,1.2268,0.1760,-9999.0000,-9999.0000,-9999.0000,-9999.0000,0.1203,-9999.0000,0.0
1718250.000,0.1123,0.9024,1.3235,-9999.0000,-9999.0000,0.0409,0.1658,-9999.0000,-9999.0000,-9999.0000,0.0
1718481.000,0.1498,0.9755,1.4875,0.4979,0.1046,-9999.0000,0.0843,-9999.0000,-9999.0000,-9999.0000,0.0
1718712.000,0.1437,0.7908,1.3788,0.2237,0.0673,0.0533,0.0493,-9999.0000,-9999.0000,-9999.0000,0.0
1718944.000,0.1185,1.2969,1.2971,0.1729,-9999.0000,0.0530,0.1072,-9999.0000,0.1174,-9999.0000,0.0
1719175.000,0.1396,1.2477,1.4065,0.3553,0.0561,0.0422,0.0517,-9999.0000,-9999.0000,-9999.0000,0.0
1719406.000,0.1372,1.0898,1.3821,0.2230,0.0920,0.0409,0.0723,-9999.0000,0.1023,-9999.0000,0.0
1719637.000,0.1000,0.7505,1.3705,0.1485,-9999.0000,-9999.0000,0.0958,-9999.0000,-9999.0000,-9999.0000,0.0
1719868.000,0.2228,0.9918,1.3166,-9999.0000,-9999.0000,-9999.0000,-9999.0000,-9999.0000,-9999.0000,-9999.0000,0.0
1720100.000,0.0988,1.1396,1.3608,0.1700,0.0661,-9999.0000,0.1514,-9999.0000,-9999.0000,-9999.0000,0.0
1720331.000,0.1442,1.1549,1.4285,0.0997,0.0551,0.0901,-9999.0000,-9999.0000,-9999.0000,-9999.0000,0.0
1720562.000,0.1305,1.0221,1.4928,0.1970,-9999.0000,-9999.0000,-9999.0000,-9999.0000,-9999.0000,-9999.0000,0.0
1720793.000,0.1240,0.9092,1.3281,-9999.0000,0.0789,0.0284,0.0593,-9999.0000,-9999.0000,-9999.0000,0.0
1721024.000,0.0880,1.1786,1.4933,0.1998,-9999.0000,0.0291,-9999.0000,-9999.0000,-9999.0000,-9999.0000,0.0
1721256.000,0.1474,1.1192,1.4874,0.1815,-9999.0000,0.0306,0.1130,-9999.0000,0.0935,-9999.0000,0.0
1721487.000,0.1796,1.0957,1.5728,0.2458,0.0913,0.0526,0.1408,-9999.0000,-9999.0000,-9999.0000,0.0
1721718.000,0.1563,0.8022,1.4254,0.1242,0.1048,0.0534,-9999.0000,-9999.0000,-9999.0000,-9999.0000,0.0
1721949.000,0.1195,1.2454,1.4962,0.1503,-9999.0000,0.0415,-9999.0000,-9999.0000,-9999.0000,0.1686,0.0
1722181.000,0.0952,1.1417,1.5001,-9999.0000,-9999.0000,-9999.0000,0.1100,-9999.0000,-9999.0000,-9999.0000,0.0
1722412.000,0.1559,1.0303,1.3438,-9999.0000,0.0671,-9999.0000,-9999.0000,-9999.0000,-9999.0000,-9999.0000,0.0
1722643.000,0.1126,1.0028,1.3463,0.1988,0.0673,-9999.0000,0.0489,-9999.0000,-9999.0000,-9999.0000,0.0
1722874.000,0.1546,0.8394,1.4547,0.1710,0.1652,0.0886,-9999.0000,-9999.0000,-9999.0000,-9999.0000,0.0
1723105.000,0.1894,1.0870,1.5062,-9999.0000,0.0936,0.0297,-9999.0000,-9999.0000,-9999.0000,-9999.0000,0.0
1723337.000,0.1637,0.9475,1.6177,0.1261,0.0932,0.0417,-9999.0000,-9999.0000,-9999.0000,-9999.0000,0.0
1723568.000,0.1056,1.0372,1.3559,0.1966,0.0543,-9999.0000,-9999.0000,-9999.0000,-9999.0000,-9999.0000,0.0
1723799.000,0.1360,1.0079,1.4663,0.1213,0.0910,0.0524,-9999.0000,-9999.0000,-9999.0000,-9999.0000,0.0
1724030.000,0.1976,1.1068,1.4823,0.1297,0.0568,-9999.0000,-9999.0000,-9999.0000,-9999.0000,-9999.0000,0.0
1724261.000,0.0998,0.8514,1.3485,0.1730,0.0670,-9999.0000,-9999.0000,-9999.0000,-9999.0000,0.0707,0.0
1724493.000,0.1070,1.0608,1.5357,0.1756,0.0929,-9999.0000,0.0496,-9999.0000,-9999.0000,-9999.0000,0.0
1724724.000,0.0820,1.2867,1.2759,-9999.0000,-9999.0000,0.0293,0.0730,-9999.0000,-9999.0000,-9999.0000,0.0
1724955.000,0.1176,1.0714,1.3135,-9999.0000,0.1158,0.0404,-9999.0000,-9999.0000,-9999.0000,-9999.0000,0.0
1725186.000,0.1214,0.7499,1.4476,0.2564,0.0694,0.0674,0.0520,-9999.0000,-9999.0000,-9999.0000,0.0
1725417.000,0.1130,1.0186,1.4352,0.2000,-9999.0000,0.0414,-9999.0000,-9999.0000,-9999.0000,-9999.0000,0.0
1725649.000,0.1214,0.7426,1.2966,0.1803,-9999.0000,0.0427,-9999.0000,-9999.0000,-9999.0000,-9999.0000,0.0
1725880.000,0.1766,1.3062,1.2700,0.2276,0.0935,-9999.0000,0.1330,0.1726,-9999.0000,-9999.0000,0.0
1726111.000,0.2059,0.8577,1.5335,0.0991,0.1172,-9999.0000,0.1421,-9999.0000,0.1179,-9999.0000,0.0
1726342.000,0.1264,1.0708,1.2564,-9999.0000,0.0809,-9999.0000,0.1328,-9999.0000,-9999.0000,-9999.0000,0.0
1726573.000,0.1148,1.2450,1.5108,0.2305,-9999.0000,-9999.0000,-9999.0000,-9999.0000,-9999.0000,0.0734,0.0
1726805.000,0.2233,0.9721,1.4154,-9999.0000,0.0544,0.0528,-9999.0000,-9999.0000,-9999.0000,-9999.0000,0.0
1727036.000,0.1524,1.0046,1.4679,0.2297,0.0564,0.0547,-9999.0000,-9999.0000,-9999.0000,-9999.0000,0.0
1727267.000,0.0940,1.4108,1.2052,0.2491,0.0674,-9999.0000,-9999.0000,-9999.0000,-9999.0000,-9999.0000,0.0
1727498.000,0.1382,1.0386,1.4895,0.2758,0.0804,0.0537,-9999.0000,-9999.0000,-9999.0000,-9999.0000,0.0
1727729.000,0.1306,1.0280,1.2750,0.1973,0.0793,-9999.0000,-9999.0000,-9999.0000,-9999.0000,-9999.0000,0.0
1727961.000,0.1891,1.3144,1.3606,0.1520,0.1437,0.0787,-9999.0000,-9999.0000,-9999.0000,-9999.0000,0.0
1728192.000,0.1362,0.8440,1.5003,-9999.0000,0.0912,0.0405,0.0584,-9999.0000,-9999.0000,-9999.0000,0.0
1728423.000,0.1857,0.8616,1.4315,0.1964,0.0543,0.0406,-9999.0000,0.1140,-9999.0000,-9999.0000,0.0
1728654.000,0.1514,1.1341,1.2884,0.1016,0.1060,-9999.0000,0.0616,-9999.0000,-9999.0000,-9999.0000,0.0
1728885.000,0.1274,1.0324,1.2998,-9999.0000,-9999.0000,0.0549,-9999.0000,-9999.0000,-9999.0000,-9999.0000,0.0
1729117.000,0.1192,0.9355,1.5193,0.1501,0.0552,-9999.0000,-9999.0000,-9999.0000,-9999.0000,-9999.0000,0.0
1729348.000,0.1441,1.0597,1.3118,-9999.0000,0.1051,-9999.0000,0.0721,-9999.0000,-9999.0000,-9999.0000,0.0
1729579.000,0.1759,0.9568,1.3683,0.2011,0.1056,-9999.0000,0.0609,-9999.0000,-9999.0000,-9999.0000,0.0
1729810.000,0.1180,0.9657,1.2928,-9999.0000,-9999.0000,-9999.0000,0.1053,-9999.0000,-9999.0000,-9999.0000,0.0
1730041.000,0.0742,0.8397,1.1822,-9999.0000,-9999.0000,0.0283,-9999.0000,-9999.0000,-9999.0000,-9999.0000,0.0
1730273.000,0.1319,1.1263,1.4378,0.1757,0.0804,-9999.0000,-9999.0000,-9999.0000,-9999.0000,-9999.0000,0.0
1730504.000,0.1559,1.0758,1.4995,-9999.0000,0.1916,-9999.0000,0.0595,-9999.0000,-9999.0000,-9999.0000,0.0
1730735.000,0.1307,1.2170,1.3341,0.1480,0.1166,0.0288,0.0823,-9999.0000,-9999.0000,-9999.0000,0.0
1730966.000,0.1189,0.9941,1.2632,-9999.0000,0.0799,-9999.0000,-9999.0000,-9999.0000,-9999.0000,-9999.0000,0.0
1731197.000,0.1486,0.9932,1.4305,0.3200,0.1036,0.0406,-9999.0000,-9999.0000,0.0849,-9999.0000,0.0
1731429.000,0.1251,1.1502,1.6320,0.1745,0.0675,0.0534,-9999.0000,-9999.0000,-9999.0000,-9999.0000,0.0
1731660.000,0.1240,1.2573,1.5860,0.3205,0.1038,-9999.0000,0.1164,-9999.0000,-9999.0000,-9999.0000,0.0
1731891.000,0.1846,1.1905,1.4543,0.1207,0.0660,-9999.0000,0.0687,-9999.0000,-9999.0000,-9999.0000,0.0
1732122.000,0.1186,1.1459,1.2734,0.1737,0.1045,0.0532,0.0944,-9999.0000,-9999.0000,-9999.0000,0.0
1732353.000,0.0815,1.2649,1.9979,0.1991,0.3784,0.0412,-9999.0000,-9999.0000,-9999.0000,-9999.0000,0.0
1732585.000,0.1373,1.8064,2.0808,0.3982,0.2788,0.0290,-9999.0000,-9999.0000,-9999.0000,-9999.0000,0.0
1732816.000,0.1366,1.5384,1.9027,0.1724,0.3143,0.0649,-9999.0000,-9999.0000,-9999.0000,0.1179,0.0
1733047.000,0.1134,1.4124,1.6028,0.3519,0.2433,0.0784,0.0607,-9999.0000,-9999.0000,-9999.0000,0.0
1733278.000,0.1323,1.1647,1.6302,0.3774,0.1809,0.0663,-9999.0000,-9999.0000,0.0888,-9999.0000,0.0
1733509.000,0.0990,1.4973,1.9385,0.2697,0.2019,-9999.0000,0.1155,-9999.0000,-9999.0000,-9999.0000,0.0
1733741.000,0.1630,1.1042,1.5924,-9999.0000,0.1053,0.0782,-9999.0000,0.0941,-9999.0000,-9999.0000,0.0
1733972.000,0.1241,0.8667,1.4647,-9999.0000,0.1038,0.0407,-9999.0000,-9999.0000,-9999.0000,-9999.0000,0.0
1734203.000,0.1385,1.0085,1.4541,0.1514,0.1307,0.0296,-9999.0000,-9999.0000,-9999.0000,-9999.0000,0.0
1734434.000,0.1246,0.7965,1.4965,0.1982,0.0919,0.0289,0.0588,0.1815,-9999.0000,-9999.0000,0.0
1734665.000,0.0873,1.0104,1.4942,0.2970,0.1909,0.0530,-9999.0000,0.0910,0.1010,-9999.0000,0.0
1734897.000,0.1630,0.9337,1.5923,0.3758,0.2302,-9999.0000,0.0600,-9999.0000,-9999.0000,-9999.0000,0.0
1735128.000,0.1363,1.1589,1.4957,0.3204,0.0914,-9999.0000,-9999.0000,0.1028,-9999.0000,0.1176,0.0
1735359.000,0.0814,0.8634,1.4424,0.1990,0.0923,0.0534,0.1059,-9999.0000,-9999.0000,-9999.0000,0.0
1735590.000,0.1367,0.7936,1.4223,0.2967,0.1164,0.0529,-9999.0000,-9999.0000,-9999.0000,-9999.0000,0.0
1735821.000,0.1141,0.8783,1.5404,-9999.0000,0.1190,-9999.0000,0.0732,-9999.0000,-9999.0000,-9999.0000,0.0
1736053.000,0.0376,0.9291,1.2910,0.1720,0.0791,-9999.0000,-9999.0000,-9999.0000,-9999.0000,-9999.0000,0.0
1736284.000,0.1451,0.9520,1.3472,-9999.0000,0.0559,0.0298,-9999.0000,-9999.0000,-9999.0000,-9999.0000,0.0
1736515.000,0.1005,0.7691,1.3312,-9999.0000,0.0677,0.0293,-9999.0000,-9999.0000,-9999.0000,-9999.0000,0.0
1736746.000,0.1298,0.9405,1.3388,0.0972,0.0665,0.0285,-9999.0000,-9999.0000,-9999.0000,-9999.0000,0.0
1736977.000,0.1245,0.7509,1.2253,-9999.0000,-9999.0000,0.0410,0.0584,-9999.0000,-9999.0000,-9999.0000,0.0
1737209.000,0.0563,0.8102,1.3260,0.1231,0.0793,-9999.0000,-9999.0000,-9999.0000,-9999.0000,-9999.0000,0.0
1737440.000,0.1324,0.8650,1.3457,0.1770,0.0809,-9999.0000,-9999.0000,-9999.0000,-9999.0000,-9999.0000,0.0
1737671.000,0.1570,0.7438,1.5949,0.1261,0.1306,0.0295,-9999.0000,-9999.0000,0.1498,-9999.0000,0.0
1737902.000,0.1132,0.9912,1.4571,0.2259,0.1054,-9999.0000,-9999.0000,-9999.0000,0.0879,-9999.0000,0.0
1738133.000,0.0990,1.0552,1.7211,0.1217,0.3374,0.0405,-9999.0000,-9999.0000,0.0993,-9999.0000,0.0
1738365.000,0.1975,0.9178,1.4596,0.2206,0.1773,0.0525,-9999.0000,-9999.0000,0.0842,-9999.0000,0.0
1738596.000,0.1358,0.9853,1.4453,0.1956,0.1279,0.0404,-9999.0000,-9999.0000,-9999.0000,-9999.0000,0.0
1738827.000,0.1653,0.7056,1.5550,0.1687,0.1023,0.0638,0.0671,-9999.0000,-9999.0000,-9999.0000,0.0
1739058.000,0.0931,0.8221,1.3604,0.2213,0.1284,0.0527,-9999.0000,-9999.0000,-9999.0000,-9999.0000,0.0
1739289.000,0.1044,0.7771,1.4559,0.1201,0.0781,-9999.0000,0.0789,-9999.0000,-9999.0000,-9999.0000,0.0
1739521.000,0.1223,0.8759,1.2345,-9999.0000,0.0575,0.0559,0.0757,-9999.0000,-9999.0000,-9999.0000,0.0
1739752.000,0.1759,0.6300,1.2136,-9999.0000,-9999.0000,0.0296,-9999.0000,-9999.0000,-9999.0000,-9999.0000,0.0
1739983.000,0.1563,0.7228,1.3486,0.1749,0.0801,0.0293,-9999.0000,-9999.0000,0.1791,-9999.0000,0.0
1740214.000,0.1616,0.7911,1.2698,-9999.0000,-9999.0000,-9999.0000,0.0929,-9999.0000,-9999.0000,-9999.0000,0.0
1740445.000,0.1583,0.6651,1.1971,-9999.0000,-9999.0000,-9999.0000,-9999.0000,-9999.0000,-9999.0000,-9999.0000,0.0
1740677.000,0.0960,0.6423,1.3553,-9999.0000,-9999.0000,-9999.0000,-9999.0000,-9999.0000,-9999.0000,0.1221,0.0
1740908.000,0.1318,0.7671,1.3853,-9999.0000,0.1054,0.0782,-9999.0000,-9999.0000,-9999.0000,-9999.0000,0.0
1741139.000,0.1560,0.6742,1.5845,-9999.0000,0.1296,0.0292,-9999.0000,-9999.0000,-9999.0000,-9999.0000,0.0
1741370.000,0.1426,0.8263,1.5806,0.1477,0.0792,0.0288,0.0574,-9999.0000,0.1154,-9999.0000,0.0
1741601.000,0.1316,1.0760,1.7583,0.1005,0.1426,0.0416,0.0474,-9999.0000,-9999.0000,-9999.0000,0.0
1741833.000,0.1883,1.5575,1.8874,0.1765,0.1807,0.0906,0.0597,0.0968,-9999.0000,-9999.0000,0.0
1742064.000,0.1294,1.1832,1.7611,0.1704,0.1768,0.0523,0.0908,-9999.0000,-9999.0000,-9999.0000,0.0
1742295.000,0.1660,0.9979,1.6829,0.0964,0.1520,0.0762,0.0906,-9999.0000,-9999.0000,-9999.0000,0.0
1742526.000,0.1106,1.3764,1.9404,-9999.0000,0.1640,0.0282,0.0787,-9999.0000,-9999.0000,-9999.0000,0.0
1742757.000,0.1488,1.2433,1.8308,0.2963,0.0792,-9999.0000,0.0689,-9999.0000,-9999.0000,-9999.0000,0.0
1742989.000,0.1841,1.2851,1.9213,0.2678,0.1762,0.0401,-9999.0000,-9999.0000,-9999.0000,-9999.0000,0.0
1743220.000,0.1862,1.0938,1.7642,0.2724,0.1538,0.1135,0.0576,-9999.0000,-9999.0000,-9999.0000,0.0
1743451.000,0.1481,1.1044,1.8546,0.2205,0.1403,0.1006,0.0796,-9999.0000,-9999.0000,0.0690,0.0
1743682.000,0.1389,1.1066,2.0118,0.3034,0.2441,0.1278,-9999.0000,-9999.0000,-9999.0000,-9999.0000,0.0
1743913.000,0.1808,1.1485,1.8360,0.2990,0.1918,0.1384,0.2335,-9999.0000,-9999.0000,-9999.0000,0.0
1744145.000,0.1356,1.2400,1.8837,0.3432,0.1646,0.1844,0.0561,-9999.0000,-9999.0000,-9999.0000,0.0
1744376.000,0.1550,1.2299,1.8893,0.2718,0.1411,0.1012,-9999.0000,0.0928,-9999.0000,-9999.0000,0.0
1744607.000,0.1266,1.0407,1.8789,0.4302,0.1818,0.1281,0.1076,-9999.0000,-9999.0000,-9999.0000,0.0
1744838.000,0.1480,1.3567,1.8722,-9999.0000,0.1279,0.1125,0.0562,-9999.0000,-9999.0000,0.0689,0.0
1745069.000,0.1437,0.9347,1.9414,0.2247,0.1174,0.0900,0.1519,-9999.0000,-9999.0000,-9999.0000,0.0
1745301.000,0.1480,1.2422,1.9935,0.3682,0.1279,0.0885,-9999.0000,-9999.0000,-9999.0000,-9999.0000,0.0
1745532.000,0.1804,1.0679,1.9602,0.1738,0.2161,0.0291,0.1160,-9999.0000,-9999.0000,-9999.0000,0.0
1745763.000,0.1725,0.9578,1.9538,0.1462,0.1032,0.0645,0.0675,-9999.0000,-9999.0000,-9999.0000,0.0
1745994.000,0.0874,0.9746,1.9464,0.2978,0.1788,0.0774,0.0925,-9999.0000,-9999.0000,-9999.0000,0.0
1746225.000,0.1191,1.0324,1.9971,0.2006,0.1301,0.0538,-9999.0000,0.1095,0.1792,-9999.0000,0.0
1746457.000,0.1490,1.2792,1.8844,0.1731,0.0918,-9999.0000,0.0571,0.1065,-9999.0000,-9999.0000,0.0
1746688.000,0.1358,1.0602,1.8859,0.2205,0.0787,0.0886,-9999.0000,-9999.0000,-9999.0000,-9999.0000,0.0
1746919.000,0.1124,0.9871,2.0410,0.3983,0.1544,0.0292,0.0812,-9999.0000,0.0862,-9999.0000,0.0
1747150.000,0.1534,1.1199,2.1243,-9999.0000,0.0905,0.0402,-9999.0000,0.0899,-9999.0000,0.0683,0.0
1747381.000,0.0872,1.2871,1.8968,0.2226,0.2278,0.0410,0.0686,-9999.0000,0.1002,-9999.0000,0.0
1747613.000,0.0921,1.2171,2.0838,-9999.0000,0.2127,0.1237,-9999.0000,-9999.0000,-9999.0000,-9999.0000,0.0
1747844.000,0.1431,0.8444,2.1324,0.1737,0.0548,0.1137,0.0923,0.1717,-9999.0000,-9999.0000,0.0
1748075.000,0.1486,1.2449,1.8993,0.1971,0.0545,0.0770,-9999.0000,-9999.0000,-9999.0000,-9999.0000,0.0
1748306.000,0.1735,1.3944,2.0047,0.1234,0.1164,0.0530,0.0916,-9999.0000,-9999.0000,-9999.0000,0.0
1748537.000,0.0676,1.1384,2.0488,0.1690,0.1390,0.0519,0.0545,0.0892,-9999.0000,-9999.0000,0.0
1748769.000,0.1663,0.8906,1.8768,-9999.0000,0.1278,0.0765,0.1595,0.1043,-9999.0000,-9999.0000,0.0
1749000.000,0.1171,1.2041,2.0675,0.2447,-9999.0000,-9999.0000,0.0671,-9999.0000,-9999.0000,-9999.0000,0.0
1749231.000,0.1169,1.1166,1.9620,0.2686,0.1274,0.0643,-9999.0000,-9999.0000,-9999.0000,0.0684,0.0
1749462.000,0.1902,1.1606,2.1824,0.1945,0.1395,0.1001,-9999.0000,-9999.0000,-9999.0000,-9999.0000,0.0
1749693.000,0.1110,1.1284,2.2845,0.1217,0.1400,0.0405,0.0786,-9999.0000,-9999.0000,-9999.0000,0.0
1749925.000,0.1404,1.1036,1.8281,0.3635,0.1142,0.0398,-9999.0000,-9999.0000,-9999.0000,-9999.0000,0.0
1750156.000,0.1000,1.0729,1.8011,0.0997,0.1666,0.0655,0.1273,-9999.0000,0.1011,-9999.0000,0.0
1750387.000,0.0981,0.9657,2.0308,0.2182,0.1147,0.0759,0.1923,-9999.0000,0.0969,-9999.0000,0.0
1750618.000,0.1789,1.2790,1.6766,0.1470,0.1527,0.0887,-9999.0000,-9999.0000,-9999.0000,-9999.0000,0.0
1750850.000,0.1295,1.0001,1.9095,0.2942,0.1033,0.0525,0.1017,-9999.0000,-9999.0000,-9999.0000,0.0
1751081.000,0.1247,0.7181,1.8783,0.2489,0.1542,0.0413,0.1972,-9999.0000,-9999.0000,-9999.0000,0.0
1751312.000,0.1167,1.1149,1.6793,0.1699,0.0782,0.1000,0.0547,-9999.0000,-9999.0000,-9999.0000,0.0
1751543.000,0.1172,0.8466,1.9595,0.1956,-9999.0000,0.0405,0.1015,0.1177,-9999.0000,-9999.0000,0.0
1751774.000,0.1480,0.9785,1.7764,-9999.0000,0.0910,0.0766,-9999.0000,-9999.0000,-9999.0000,-9999.0000,0.0
1752006.000,0.1487,0.9954,1.7406,0.2223,0.1657,0.0530,0.0911,0.0945,-9999.0000,-9999.0000,0.0
1752237.000,0.1352,0.7591,2.0246,0.0966,0.2132,-9999.0000,0.1930,-9999.0000,-9999.0000,-9999.0000,0.0
1752468.000,0.0743,0.7884,2.0834,0.2946,0.1403,0.0406,0.0670,0.1439,0.0834,-9999.0000,0.0
1752699.000,0.1104,0.7933,1.8735,-9999.0000,0.1148,0.0521,0.0888,-9999.0000,-9999.0000,-9999.0000,0.0
1752930.000,0.1625,1.0357,1.7307,0.2005,0.0803,0.0416,0.1162,0.1237,-9999.0000,-9999.0000,0.0
1753162.000,0.1424,1.0015,1.9685,-9999.0000,0.2271,0.1251,0.0907,-9999.0000,-9999.0000,0.0691,0.0
1753393.000,0.1175,0.7831,1.9834,0.0978,0.2389,0.0527,0.1596,-9999.0000,-9999.0000,-9999.0000,0.0
1753624.000,0.1166,1.0457,1.9436,0.0961,0.1026,-9999.0000,-9999.0000,-9999.0000,0.0819,-9999.0000,0.0
1753855.000,0.1059,0.8087,1.7708,0.2232,0.2528,0.0653,-9999.0000,-9999.0000,-9999.0000,0.0696,0.0
1754086.000,0.1551,0.8836,1.9157,0.2228,0.1289,0.0411,-9999.0000,-9999.0000,-9999.0000,-9999.0000,0.0
1754318.000,0.0999,0.9275,1.9280,0.2486,0.2160,0.0897,0.0917,-9999.0000,-9999.0000,0.1177,0.0
1754549.000,0.1774,1.0366,1.8527,0.1937,0.1147,0.0520,0.1113,0.1541,0.0816,-9999.0000,0.0
1754780.000,0.1668,0.9397,1.7303,0.1229,0.2146,0.1009,0.1019,-9999.0000,-9999.0000,-9999.0000,0.0
1755011.000,0.1247,0.9292,1.9420,0.1992,0.1914,0.1745,0.1151,-9999.0000,-9999.0000,-9999.0000,0.0
1755242.000,0.1671,0.9116,1.8605,0.4197,0.2272,0.1974,0.1369,0.1716,0.1146,-9999.0000,0.0
1755474.000,0.0871,1.1132,1.6893,0.2966,0.2398,0.1856,0.0907,0.0953,-9999.0000,-9999.0000,0.0
1755705.000,0.1900,1.0185,1.8884,0.1454,0.3230,0.1358,-9999.0000,0.1299,-9999.0000,-9999.0000,0.0
1755936.000,0.1833,1.0962,1.6100,0.0956,0.1877,0.2306,0.1568,-9999.0000,-9999.0000,-9999.0000,0.0
1756167.000,0.1401,1.0142,1.7243,0.1680,0.3086,0.1941,0.1673,-9999.0000,-9999.0000,-9999.0000,0.0
1756398.000,0.1059,1.0197,1.6819,0.3475,0.1663,0.2345,0.1494,-9999.0000,-9999.0000,-9999.0000,0.0
1756630.000,0.1913,1.0237,1.8052,0.1227,0.2882,0.2210,-9999.0000,-9999.0000,-9999.0000,-9999.0000,0.0
1756861.000,0.1616,1.0509,1.8167,0.0996,0.2529,0.1741,0.1261,-9999.0000,-9999.0000,-9999.0000,0.0
1757092.000,0.1934,0.9519,2.0000,0.1506,0.2045,0.2600,0.1039,-9999.0000,0.0863,-9999.0000,0.0
1757323.000,0.0992,0.6354,1.9996,0.1478,0.2024,0.1491,0.1365,-9999.0000,-9999.0000,-9999.0000,0.0
1757554.000,0.1799,0.9181,1.8080,0.2479,0.2031,0.1739,0.0793,0.1093,-9999.0000,0.0694,0.0
1757786.000,0.1440,0.8154,1.8156,0.2508,0.2919,0.1389,0.2094,-9999.0000,0.1786,-9999.0000,0.0
1758017.000,0.1599,1.0480,1.8234,0.1463,0.2625,0.1243,0.2043,0.1315,-9999.0000,-9999.0000,0.0
1758248.000,0.1246,1.0916,1.9591,0.2238,0.3150,0.0655,0.1377,-9999.0000,-9999.0000,-9999.0000,0.0
1758479.000,0.1919,1.1772,1.9265,0.1236,0.3262,0.0531,0.0556,-9999.0000,-9999.0000,-9999.0000,0.0
1758710.000,0.1910,1.0226,1.9747,0.2701,0.3492,0.0287,0.1587,-9999.0000,-9999.0000,-9999.0000,0.0
1758942.000,0.1050,1.0071,1.8023,0.1962,0.2631,0.1606,0.0894,-9999.0000,0.0983,-9999.0000,0.0
1759173.000,0.1252,0.9936,1.8919,0.1260,0.2669,0.0538,0.0922,0.1897,0.0864,-9999.0000,0.0
1759404.000,0.0997,1.0592,1.8027,0.1491,0.1044,0.0654,0.1141,-9999.0000,-9999.0000,-9999.0000,0.0
1759635.000,0.1660,1.0109,1.8997,0.2201,0.2502,0.1123,0.0542,0.0938,-9999.0000,-9999.0000,0.0
1759866.000,0.0921,0.9881,1.9550,0.1207,0.2247,0.1237,0.1338,0.1050,-9999.0000,-9999.0000,0.0
1760098.000,0.1350,0.9686,1.8633,0.5868,0.2129,0.0881,0.1803,0.1437,-9999.0000,-9999.0000,0.0
1760329.000,0.1302,0.8322,1.9005,0.2225,0.2397,0.1374,0.1134,-9999.0000,0.1450,-9999.0000,0.0
1760560.000,0.1547,0.9770,1.8542,0.1235,0.2765,0.1132,0.0552,0.1218,-9999.0000,-9999.0000,0.0
1760791.000,0.0980,0.9636,1.8448,0.3404,0.3464,0.1354,0.1564,-9999.0000,-9999.0000,-9999.0000,0.0
1761022.000,0.1471,1.1424,1.9626,0.1454,0.2493,0.1238,0.1798,0.0928,-9999.0000,-9999.0000,0.0
1761254.000,0.1039,0.7862,1.9678,0.2908,0.2118,0.1945,0.0986,0.1168,0.1707,-9999.0000,0.0
1761485.000,0.1840,0.9251,1.8772,0.2930,0.3966,0.3391,0.1918,0.0936,-9999.0000,-9999.0000,0.0
1761716.000,0.1767,1.1488,1.9153,0.1441,0.4427,0.1468,0.1212,-9999.0000,0.0954,-9999.0000,0.0
1761947.000,0.1585,1.1565,1.7323,0.1685,0.4062,0.1231,0.2699,0.1418,-9999.0000,-9999.0000,0.0
1762178.000,0.1799,1.1528,1.9109,0.1491,0.2650,0.2584,0.2995,-9999.0000,-9999.0000,-9999.0000,0.0
1762410.000,0.2225,0.7099,1.9953,0.2471,0.4738,0.1975,0.2753,0.1223,-9999.0000,-9999.0000,0.0
1762641.000,0.1622,0.9931,1.8693,-9999.0000,0.3285,0.1992,0.3599,0.1254,-9999.0000,0.0699,0.0
1762872.000,0.1501,1.0433,1.9053,0.2757,0.3664,0.1146,0.3724,0.1005,-9999.0000,-9999.0000,0.0
1763103.000,0.1658,1.0949,1.8845,0.2688,0.2866,0.1719,0.4334,0.2464,-9999.0000,-9999.0000,0.0
1763334.000,0.2020,1.3724,2.0386,0.3169,0.4081,0.0761,0.3748,0.1947,0.1267,-9999.0000,0.0
1763566.000,0.2556,1.1594,2.0917,0.3005,0.3911,0.1752,0.4656,0.1650,-9999.0000,-9999.0000,0.0
1763797.000,0.1704,1.1173,2.0513,0.6550,0.4421,0.2178,0.3491,0.1542,0.1100,-9999.0000,0.0
1764028.000,0.1359,0.9831,2.0604,0.3694,0.4357,0.2570,0.2626,0.2237,0.0833,-9999.0000,0.0
1764259.000,0.1592,1.1282,1.9866,0.3410,0.3590,0.3144,0.4433,0.2705,-9999.0000,-9999.0000,0.0
1764490.000,0.2046,1.1854,2.0905,0.3720,0.3638,0.1378,0.3341,0.1495,-9999.0000,0.0692,0.0
1764722.000,0.2004,1.2733,1.9219,0.2649,0.3200,0.2174,0.2684,0.1915,0.0796,-9999.0000,0.0
1764953.000,0.1832,1.2769,1.8563,0.1693,0.4070,0.0996,0.2588,0.3076,-9999.0000,-9999.0000,0.0
1765184.000,0.1785,1.3852,2.2086,0.4422,0.4961,0.1725,0.3886,0.1975,0.1281,0.0682,0.0
1765415.000,0.2099,1.1247,2.2484,0.2961,0.4732,0.1371,0.2282,0.3013,-9999.0000,-9999.0000,0.0
1765646.000,0.1837,1.1005,1.9059,0.3170,0.3348,0.1358,0.3861,0.1827,-9999.0000,-9999.0000,0.0
1765878.000,0.1741,1.2985,2.1269,0.4970,0.4141,0.1985,0.2650,0.1122,-9999.0000,-9999.0000,0.0
1766109.000,0.1532,1.1919,2.3049,0.3659,0.3837,0.2788,0.3286,0.1448,-9999.0000,-9999.0000,0.0
1766340.000,0.1790,1.0545,2.1378,0.2711,0.2883,0.1610,0.2278,0.1735,-9999.0000,-9999.0000,0.0
1766571.000,0.1348,1.1459,1.8734,0.1456,0.4446,0.2072,0.2824,0.1827,0.1415,-9999.0000,0.0
1766802.000,0.1409,1.2516,2.0307,0.3655,0.3345,0.2548,0.2249,0.2205,0.1264,-9999.0000,0.0
1767034.000,0.1047,1.0234,2.0644,0.4411,0.4094,0.1243,0.4565,0.1590,-9999.0000,0.0679,0.0
1767265.000,0.2376,0.9261,2.0548,0.4126,0.5158,0.1707,0.3609,0.1937,0.1253,-9999.0000,0.0
1767496.000,0.1911,0.9843,1.8740,0.3199,0.3371,0.1849,0.3774,0.1223,-9999.0000,-9999.0000,0.0
1767727.000,0.1242,1.3465,2.2669,0.3714,0.4991,0.1015,0.2752,0.1882,-9999.0000,-9999.0000,0.0
1767958.000,0.1339,1.4823,1.8234,0.3141,0.4419,0.1585,0.2684,0.2180,-9999.0000,-9999.0000,0.0
1768190.000,0.1770,1.0659,2.1210,0.4377,0.3582,0.2662,0.2011,0.1314,-9999.0000,-9999.0000,0.0
1768421.000,0.1652,1.1833,2.3271,0.4631,0.4077,0.3143,0.3736,0.1069,0.1712,-9999.0000,0.0
1768652.000,0.1912,1.1168,2.4176,0.2957,0.3989,0.3051,0.2274,0.1357,-9999.0000,-9999.0000,0.0
1768883.000,0.1895,0.8716,2.1682,0.3896,0.4320,0.3023,0.3734,0.1448,-9999.0000,-9999.0000,0.0
1769114.000,0.1978,1.3673,2.2378,0.3707,0.5970,0.2939,0.4018,-9999.0000,0.1141,-9999.0000,0.0
1769346.000,0.1709,1.0431,2.2084,0.3400,0.3825,0.1830,0.3267,0.2702,0.1255,-9999.0000,0.0
1769577.000,0.1620,1.0034,2.0213,0.3741,0.4026,0.2717,0.2536,-9999.0000,-9999.0000,-9999.0000,0.0
1769808.000,0.1532,0.9896,2.1601,0.2195,0.4207,0.1599,0.2480,0.1963,-9999.0000,-9999.0000,0.0
1770039.000,0.1527,0.9982,2.1459,0.2914,0.3096,0.1355,0.1781,0.2199,-9999.0000,-9999.0000,0.0
1770270.000,0.1664,0.8704,1.9691,0.4185,0.4969,0.1970,0.3540,0.2371,-9999.0000,-9999.0000,0.0
1770502.000,0.1876,0.9984,2.1848,0.4334,0.4038,0.1343,0.2326,0.1408,0.1235,-9999.0000,0.0
1770733.000,0.2103,1.0009,2.0291,0.5444,0.3511,0.1739,0.1705,0.0987,-9999.0000,-9999.0000,0.0
1770964.000,0.1909,1.0455,1.9490,0.3199,0.3985,0.2329,0.1923,-9999.0000,-9999.0000,-9999.0000,0.0
1771195.000,0.1283,1.2032,1.8996,0.4624,0.4923,0.1475,0.3269,0.1314,-9999.0000,-9999.0000,0.0
1771426.000,0.2057,1.1773,2.0381,0.4499,0.6145,0.1876,0.1844,0.1786,0.1473,-9999.0000,0.0
1771658.000,0.1479,1.2365,1.8214,0.2954,0.4353,0.1850,0.3192,0.1477,0.2797,-9999.0000,0.0
1771889.000,0.1396,0.9947,1.6176,0.4104,0.5742,0.1820,0.2333,0.1164,-9999.0000,-9999.0000,0.0
1772120.000,0.1290,1.1374,2.1379,0.3429,0.5071,0.2201,0.3406,-9999.0000,0.0973,0.0677,0.0
1772351.000,0.1895,1.0020,2.2513,0.4147,0.2860,0.2551,0.3851,-9999.0000,-9999.0000,-9999.0000,0.0
1772582.000,0.2105,1.1105,1.9734,0.6441,0.5243,0.2345,0.2289,0.1756,0.0999,0.0689,0.0
1772814.000,0.2078,1.1241,2.0619,0.5127,0.4447,0.3623,0.2132,0.2333,0.0816,-9999.0000,0.0
1773045.000,0.1705,1.2824,2.0279,0.1693,0.4793,0.1592,0.3375,-9999.0000,-9999.0000,-9999.0000,0.0
1773276.000,0.1519,1.3684,1.7340,0.4602,0.4297,0.1943,0.2796,0.1421,0.2295,0.1134,0.0
1773507.000,0.1535,1.0702,2.1964,0.5395,0.7033,0.1128,0.2259,0.2604,0.1580,-9999.0000,0.0
1773738.000,0.2472,1.3768,2.0225,0.3841,0.5355,0.0517,0.3451,0.1394,0.1677,-9999.0000,0.0
1773970.000,0.1763,1.0598,2.2258,0.4120,0.5756,0.0879,0.3026,0.2429,0.1999,-9999.0000,0.0
1774201.000,0.1700,1.0273,1.9779,0.2657,0.6113,0.1232,0.3363,0.1418,0.1547,-9999.0000,0.0
1774432.000,0.1724,1.4434,1.9935,0.3450,0.4846,0.2452,0.1463,-9999.0000,0.2045,-9999.0000,0.0
1774663.000,0.1587,1.3483,2.0202,0.1215,0.6266,0.1954,0.2928,0.2070,0.0964,0.0671,0.0
1774938.000,0.2497,1.5426,2.0807,0.3161,0.6380,0.1239,0.1094,0.0930,-9999.0000,-9999.0000,0.0
1775170.000,0.2069,1.4495,1.9778,0.3401,0.7468,0.0763,0.2463,-9999.0000,-9999.0000,0.0669,0.0
1775401.000,0.2085,1.5960,1.9867,0.2455,0.5687,0.1369,0.1684,0.1207,0.1280,-9999.0000,0.0
1775632.000,0.2186,1.3767,1.8602,0.3391,0.5998,0.1353,0.2569,0.1420,0.1253,-9999.0000,0.0
1775863.000,0.1290,1.3434,2.0743,0.1719,0.7885,0.1488,0.2832,0.1838,0.0828,-9999.0000,0.0
1776094.000,0.1627,1.4343,1.9699,0.3838,0.6072,0.1576,0.1296,-9999.0000,-9999.0000,-9999.0000,0.0
1776326.000,0.1439,1.3779,2.0092,0.2852,0.6281,0.2386,0.1508,0.1490,0.0922,0.0649,0.0
1776557.000,0.1274,1.6580,1.8055,0.2170,0.6347,-9999.0000,0.1879,0.1034,-9999.0000,-9999.0000,0.0
1776788.000,0.1637,1.4925,1.9375,0.3140,0.6590,0.1114,0.2220,0.1410,-9999.0000,-9999.0000,0.0
1777019.000,0.1884,1.5219,2.0378,0.3397,0.6852,0.1356,0.1774,0.1548,-9999.0000,-9999.0000,0.0
1777250.000,0.1817,1.6950,1.8865,0.2654,0.6104,0.1705,0.2788,0.0907,-9999.0000,-9999.0000,0.0
1777482.000,0.1336,1.2682,1.8011,0.2902,0.8049,0.1471,0.1654,-9999.0000,-9999.0000,-9999.0000,0.0
1777713.000,0.1827,1.5413,1.9218,0.2676,0.6742,0.2071,0.2808,-9999.0000,0.0814,-9999.0000,0.0
1777944.000,0.1576,1.3044,1.9064,0.2415,0.6591,0.1116,0.2563,0.1786,-9999.0000,0.1132,0.0
1778175.000,0.2134,1.8414,1.7865,0.3171,0.6268,0.1481,0.1785,0.2193,-9999.0000,0.0672,0.0
1778406.000,0.2249,1.6064,2.0577,0.5103,0.7462,0.1832,0.1776,0.1423,0.1260,-9999.0000,0.0
1778638.000,0.2373,1.5718,2.0732,0.1703,0.5042,0.1716,0.1666,0.2058,-9999.0000,0.0670,0.0
1778869.000,0.1688,1.8565,1.9715,0.1432,0.5596,0.1462,0.1525,0.1139,-9999.0000,0.0658,0.0
1779100.000,0.2407,1.6885,2.0565,0.1912,0.6191,0.1108,0.1862,0.1883,-9999.0000,-9999.0000,0.0
1779331.000,0.1712,1.5816,1.9806,0.4161,0.6892,0.1724,0.2251,-9999.0000,0.1728,-9999.0000,0.0
1779562.000,0.1532,1.6611,2.1102,0.2456,0.5680,0.0297,0.1337,-9999.0000,-9999.0000,-9999.0000,0.0
1779794.000,0.2118,1.6941,2.0236,0.3141,0.6948,0.1116,0.1423,-9999.0000,0.1399,-9999.0000,0.0
1780025.000,0.1560,1.6658,1.9378,0.2624,0.5693,0.0987,0.2755,0.0997,0.1226,0.1117,0.0
1780256.000,0.1971,1.8111,1.7058,0.3324,0.6265,0.2148,0.1727,0.2218,-9999.0000,-9999.0000,0.0
1780487.000,0.2926,2.0126,2.1958,0.5480,0.6744,0.1565,0.1615,-9999.0000,-9999.0000,-9999.0000,0.0
1780718.000,0.2105,1.8290,2.1047,0.3116,0.5706,0.0756,0.0956,-9999.0000,-9999.0000,-9999.0000,0.0
1780950.000,0.1344,2.0020,2.0526,0.0982,0.7245,0.1009,0.1787,0.1689,-9999.0000,-9999.0000,0.0
1781181.000,0.1457,1.8357,1.8210,0.2910,0.3694,0.1357,0.1544,0.1036,-9999.0000,-9999.0000,0.0
1781412.000,0.1586,1.6740,2.0446,0.1956,0.6389,0.1008,0.2243,0.2441,0.2022,-9999.0000,0.0
1781643.000,0.1888,1.9667,2.1370,0.3170,0.5531,0.0414,0.1440,0.2436,-9999.0000,-9999.0000,0.0
1781874.000,0.1948,1.9054,2.2436,0.1222,0.5287,0.1126,0.1439,-9999.0000,-9999.0000,-9999.0000,0.0
1782106.000,0.1571,1.9446,2.1069,0.1685,0.5729,0.1233,0.0512,-9999.0000,-9999.0000,0.0661,0.0
1782337.000,0.1096,1.9920,2.2275,0.1462,0.4066,0.1005,0.0751,0.1169,-9999.0000,-9999.0000,0.0
1782568.000,0.2178,1.8077,2.0930,0.2662,0.3566,0.1826,0.1879,-9999.0000,-9999.0000,-9999.0000,0.0
1782799.000,0.1501,1.9131,2.0689,0.2869,0.5095,0.0522,0.0840,-9999.0000,0.1674,0.0653,0.0
1783030.000,0.1635,1.4919,1.8801,0.1936,0.6952,0.1119,0.0971,-9999.0000,-9999.0000,0.0664,0.0
1783262.000,0.1336,1.8814,2.0160,0.1943,0.3938,0.0767,0.1089,-9999.0000,-9999.0000,-9999.0000,0.0
1783493.000,0.1211,1.6246,2.1660,0.2175,0.3322,0.0528,0.0742,0.1148,-9999.0000,-9999.0000,0.0
1783724.000,0.2003,1.8533,2.0302,0.2432,0.4911,0.0414,0.0750,0.2043,-9999.0000,-9999.0000,0.0
1783955.000,0.1591,1.6978,1.9569,0.0994,0.3483,0.0777,0.0764,-9999.0000,0.1436,-9999.0000,0.0
1784186.000,0.0921,1.9043,2.2490,0.0995,0.4217,0.0897,-9999.0000,-9999.0000,-9999.0000,-9999.0000,0.0
1784418.000,0.1161,1.8662,2.1856,0.1964,0.4448,0.1369,0.1103,0.2191,-9999.0000,-9999.0000,0.0
1784649.000,0.1620,1.9358,2.2494,0.1190,0.4137,0.0992,0.0502,-9999.0000,-9999.0000,-9999.0000,0.0
1784880.000,0.1191,1.5665,1.9109,0.2125,0.3034,0.0866,0.1049,-9999.0000,-9999.0000,-9999.0000,0.0
1785111.000,0.1159,1.7774,1.8469,0.2202,0.3832,0.0417,0.0642,-9999.0000,0.1124,0.1142,0.0
1785342.000,0.1459,1.8026,1.9186,0.1223,0.3218,0.1008,0.0866,0.1166,-9999.0000,-9999.0000,0.0
1785574.000,0.1450,1.6229,1.8952,0.1209,0.2717,0.0530,-9999.0000,-9999.0000,-9999.0000,-9999.0000,0.0
1785805.000,0.1230,1.6990,1.8813,-9999.0000,0.2517,0.1857,0.0657,-9999.0000,-9999.0000,-9999.0000,0.0
1786090.000,-9999.0000,-9999.0000,-9999.0000,-9999.0000,-9999.0000,-9999.0000,-9999.0000,-9999.0000,-9999.0000,-9999.0000,1.0
1786321.000,-9999.0000,-9999.0000,-9999.0000,-9999.0000,-9999.0000,-9999.0000,-9999.0000,-9999.0000,-9999.0000,-9999.0000,1.0
1786552.000,-9999.0000,-9999.0000,-9999.0000,-9999.0000,-9999.0000,-9999.0000,-9999.0000,-9999.0000,-9999.0000,-9999.0000,1.0
1786783.000,-9999.0000,-9999.0000,-9999.0000,-9999.0000,-9999.0000,-9999.0000,-9999.0000,-9999.0000,-9999.0000,-9999.0000,1.0
1787014.000,-9999.0000,-9999.0000,-9999.0000,-9999.0000,-9999.0000,-9999.0000,-9999.0000,-9999.0000,-9999.0000,-9999.0000,1.0
1787246.000,-9999.0000,-9999.0000,-9999.0000,-9999.0000,-9999.0000,-9999.0000,-9999.0000,-9999.0000,-9999.0000,-9999.0000,1.0
1787477.000,-9999.0000,-9999.0000,-9999.0000,-9999.0000,-9999.0000,-9999.0000,-9999.0000,-9999.0000,-9999.0000,-9999.0000,1.0
1787708.000,-9999.0000,-9999.0000,-9999.0000,-9999.0000,-9999.0000,-9999.0000,-9999.0000,-9999.0000,-9999.0000,-9999.0000,1.0
1787994.000,0.1054,1.6466,1.8431,0.2998,0.2044,0.1152,0.0786,-9999.0000,-9999.0000,-9999.0000,0.0
1788225.000,0.1107,1.5601,2.1335,0.2722,0.1172,0.0664,0.0772,-9999.0000,-9999.0000,-9999.0000,0.0
1788456.000,0.1289,1.6428,1.8662,0.2721,0.2149,0.0425,-9999.0000,-9999.0000,-9999.0000,-9999.0000,0.0
1788687.000,0.1115,1.6465,1.8494,0.1766,0.1922,-9999.0000,-9999.0000,-9999.0000,-9999.0000,-9999.0000,0.0
1788919.000,0.1067,1.6975,1.7163,0.2549,0.2941,0.0805,-9999.0000,-9999.0000,-9999.0000,-9999.0000,0.0
1789150.000,0.0867,1.6564,1.8260,0.2990,0.1549,0.0910,-9999.0000,-9999.0000,-9999.0000,0.0689,0.0
1789381.000,0.1357,1.2724,1.8693,0.1266,0.1425,0.0789,0.0781,0.1725,-9999.0000,-9999.0000,0.0
1789612.000,0.1659,1.6718,1.8901,-9999.0000,0.1299,0.0548,0.0661,-9999.0000,-9999.0000,-9999.0000,0.0
1789843.000,0.1816,1.3846,1.7717,0.1311,0.1827,0.1051,0.0814,0.1280,-9999.0000,-9999.0000,0.0
1790075.000,0.1411,1.5593,1.8727,0.1254,0.1295,-9999.0000,-9999.0000,0.1070,0.0999,-9999.0000,0.0
1790306.000,0.1414,1.6181,1.8327,0.1751,0.1789,0.0548,-9999.0000,-9999.0000,-9999.0000,0.1159,0.0
1790537.000,0.1422,1.3087,1.8233,0.2754,0.2169,0.0553,0.0787,-9999.0000,-9999.0000,-9999.0000,0.0
1790768.000,0.1368,1.4126,2.1284,0.1537,0.1192,0.1403,-9999.0000,-9999.0000,-9999.0000,-9999.0000,0.0
1790999.000,0.1489,1.3473,1.8622,0.3264,0.1807,0.0436,0.1027,-9999.0000,-9999.0000,-9999.0000,0.0
1791231.000,0.1610,1.3292,1.7383,0.1530,0.3161,0.0556,-9999.0000,0.1234,-9999.0000,-9999.0000,0.0
1791462.000,0.1290,1.3552,1.8866,0.1013,0.1542,0.0309,0.1463,-9999.0000,-9999.0000,0.1156,0.0
1791693.000,0.1415,1.2756,1.8778,0.2245,0.2036,-9999.0000,-9999.0000,0.1079,0.0857,-9999.0000,0.0
1791924.000,0.1292,1.1076,1.7759,0.1264,0.1301,0.0311,0.1353,-9999.0000,0.1008,0.0686,0.0
1792156.000,0.1254,1.3187,1.8328,0.2804,0.1452,0.0808,-9999.0000,-9999.0000,-9999.0000,-9999.0000,0.0
1792387.000,0.1415,1.3452,1.8150,0.2739,0.1057,-9999.0000,0.0549,-9999.0000,0.1312,-9999.0000,0.0
1792618.000,0.1419,1.2586,1.8322,-9999.0000,0.1674,0.0433,0.1592,0.1216,0.1168,0.0689,0.0
1792849.000,0.0871,1.6737,1.8525,-9999.0000,0.2052,-9999.0000,0.0560,-9999.0000,-9999.0000,-9999.0000,0.0
1793080.000,0.1500,1.6026,1.7985,0.1308,0.1947,0.0444,-9999.0000,-9999.0000,-9999.0000,-9999.0000,0.0
1793312.000,0.0986,1.4651,1.7305,0.1510,-9999.0000,-9999.0000,-9999.0000,0.1075,-9999.0000,0.0685,0.0
1793543.000,0.1180,1.5075,1.8355,0.2029,0.1931,0.0438,-9999.0000,-9999.0000,-9999.0000,-9999.0000,0.0
1793774.000,0.0935,1.6652,1.7296,-9999.0000,0.2429,-9999.0000,0.1146,-9999.0000,-9999.0000,-9999.0000,0.0
1794005.000,0.1043,1.2904,1.8765,-9999.0000,0.0687,0.0310,0.0542,0.0936,-9999.0000,0.0681,0.0
1794236.000,0.1171,1.1637,1.9625,0.1762,0.1795,0.0434,-9999.0000,-9999.0000,-9999.0000,-9999.0000,0.0
1794468.000,0.1547,1.3502,1.7236,0.1532,0.1682,-9999.0000,0.1602,-9999.0000,-9999.0000,-9999.0000,0.0
1794699.000,0.1525,1.7831,1.9454,0.2711,0.1170,0.0309,0.0993,-9999.0000,-9999.0000,-9999.0000,0.0
1794930.000,0.1232,1.4911,1.9490,0.1026,0.1917,0.0912,0.1242,-9999.0000,-9999.0000,-9999.0000,0.0
1795161.000,0.1670,1.4423,1.9344,-9999.0000,0.1806,-9999.0000,0.0792,-9999.0000,-9999.0000,-9999.0000,0.0
1795392.000,0.1554,1.7068,1.7575,-9999.0000,0.1444,0.0321,-9999.0000,-9999.0000,-9999.0000,-9999.0000,0.0
1795624.000,0.1047,1.4814,1.9662,-9999.0000,0.2161,0.0434,-9999.0000,-9999.0000,0.1164,-9999.0000,0.0
1795855.000,0.1172,1.4706,1.9256,0.1767,0.1798,0.0675,-9999.0000,0.0955,-9999.0000,-9999.0000,0.0
1796086.000,0.0923,1.6076,1.9253,0.2001,0.1180,-9999.0000,-9999.0000,-9999.0000,-9999.0000,-9999.0000,0.0
1796317.000,0.1533,1.8121,1.7533,0.2245,0.2646,0.0433,0.0546,-9999.0000,-9999.0000,-9999.0000,0.0
1796548.000,0.1241,1.7830,2.0327,0.3267,0.1440,0.0440,-9999.0000,0.1870,-9999.0000,0.1650,0.0
1796780.000,0.1590,1.6233,1.9383,0.1992,0.2395,-9999.0000,0.0771,-9999.0000,-9999.0000,-9999.0000,0.0
1797011.000,0.1360,1.8001,1.9386,0.1286,0.2174,0.0559,0.1022,0.1222,-9999.0000,0.0694,0.0
1797242.000,0.1532,1.6205,1.9549,0.1266,0.2523,0.0553,0.0546,0.1191,0.1460,-9999.0000,0.0
1797473.000,0.0999,1.5628,2.1121,0.3288,0.1571,0.0445,-9999.0000,-9999.0000,-9999.0000,-9999.0000,0.0
1797704.000,0.1496,1.6523,2.1098,-9999.0000,0.1947,0.0567,0.1391,-9999.0000,-9999.0000,-9999.0000,0.0
1797936.000,0.0872,1.8462,2.0468,0.2531,0.1935,0.0563,-9999.0000,-9999.0000,-9999.0000,-9999.0000,0.0
1798167.000,0.1787,1.4132,2.0942,0.4235,0.1312,-9999.0000,0.1018,0.0959,-9999.0000,-9999.0000,0.0
1798398.000,0.1421,1.9370,1.9442,0.1287,0.3035,0.0680,-9999.0000,-9999.0000,-9999.0000,-9999.0000,0.0
1798629.000,0.1546,1.5032,2.0550,-9999.0000,0.2054,0.0321,0.1256,-9999.0000,-9999.0000,-9999.0000,0.0
1798860.000,0.1172,1.2891,1.9079,0.2265,0.1679,0.0918,-9999.0000,-9999.0000,-9999.0000,-9999.0000,0.0
1799092.000,0.0800,1.7355,2.0823,0.1270,0.1548,-9999.0000,-9999.0000,-9999.0000,-9999.0000,0.0684,0.0
1799323.000,0.1232,1.8276,2.0828,0.1033,0.2044,0.0438,0.0553,-9999.0000,-9999.0000,-9999.0000,0.0
1799554.000,0.1469,2.0661,2.1360,0.2733,0.1302,0.0316,0.0660,-9999.0000,-9999.0000,-9999.0000,0.0
1799785.000,0.1823,1.5883,2.0476,0.2709,0.2748,0.0549,-9999.0000,-9999.0000,0.0994,-9999.0000,0.0
1800016.000,0.1340,1.5462,2.1071,0.2958,0.0809,0.0550,0.0651,-9999.0000,0.0848,-9999.0000,0.0
1800248.000,0.0551,1.9956,1.9904,0.1494,0.2384,0.0312,0.1104,-9999.0000,-9999.0000,-9999.0000,0.0
1800479.000,0.0844,1.6167,2.1449,-9999.0000,0.1518,-9999.0000,0.1195,-9999.0000,-9999.0000,-9999.0000,0.0
1800710.000,0.1409,1.7570,2.3089,-9999.0000,0.1182,0.0556,0.0662,-9999.0000,-9999.0000,-9999.0000,0.0
1800941.000,0.1338,1.7306,2.2036,0.1251,0.2505,0.0786,0.0876,-9999.0000,-9999.0000,-9999.0000,0.0
1801172.000,0.1191,1.7144,1.9168,0.1324,0.1211,0.0452,-9999.0000,0.1393,-9999.0000,0.1191,0.0
1801404.000,0.1514,1.6467,1.9954,0.1243,0.1771,0.0547,0.1437,-9999.0000,-9999.0000,-9999.0000,0.0
1801635.000,0.1518,1.9626,2.0699,-9999.0000,0.2140,0.0313,-9999.0000,-9999.0000,-9999.0000,-9999.0000,0.0
1801866.000,0.1347,1.8697,2.1559,-9999.0000,0.1914,0.0437,0.0891,-9999.0000,-9999.0000,-9999.0000,0.0
1802097.000,0.1759,1.8929,2.1124,0.1977,0.2381,0.0313,-9999.0000,-9999.0000,-9999.0000,-9999.0000,0.0
1802392.000,-9999.0000,-9999.0000,-9999.0000,-9999.0000,-9999.0000,-9999.0000,-9999.0000,-9999.0000,-9999.0000,-9999.0000,1.0
1802623.000,-9999.0000,-9999.0000,-9999.0000,-9999.0000,-9999.0000,-9999.0000,-9999.0000,-9999.0000,-9999.0000,-9999.0000,1.0
1802854.000,-9999.0000,-9999.0000,-9999.0000,-9999.0000,-9999.0000,-9999.0000,-9999.0000,-9999.0000,-9999.0000,-9999.0000,1.0
1803085.000,-9999.0000,-9999.0000,-9999.0000,-9999.0000,-9999.0000,-9999.0000,-9999.0000,-9999.0000,-9999.0000,-9999.0000,1.0
1803316.000,-9999.0000,-9999.0000,-9999.0000,-9999.0000,-9999.0000,-9999.0000,-9999.0000,-9999.0000,-9999.0000,-9999.0000,1.0
1803548.000,-9999.0000,-9999.0000,-9999.0000,-9999.0000,-9999.0000,-9999.0000,-9999.0000,-9999.0000,-9999.0000,-9999.0000,1.0
1803779.000,-9999.0000,-9999.0000,-9999.0000,-9999.0000,-9999.0000,-9999.0000,-9999.0000,-9999.0000,-9999.0000,-9999.0000,1.0
1804010.000,-9999.0000,-9999.0000,-9999.0000,-9999.0000,-9999.0000,-9999.0000,-9999.0000,-9999.0000,-9999.0000,-9999.0000,1.0
1804306.000,0.1454,1.5359,1.9218,0.2946,0.1896,0.0314,0.0986,-9999.0000,-9999.0000,-9999.0000,0.0
1804537.000,0.1510,2.0182,2.2857,0.1727,0.2011,-9999.0000,0.0754,-9999.0000,-9999.0000,0.1135,0.0
1804768.000,0.1391,2.1025,2.2307,0.1245,0.2134,-9999.0000,-9999.0000,-9999.0000,-9999.0000,-9999.0000,0.0
1804999.000,0.1433,1.8527,2.1232,0.2171,0.1867,0.0772,0.0619,-9999.0000,-9999.0000,-9999.0000,0.0
1805230.000,0.0856,1.9218,2.3630,-9999.0000,0.2153,0.1031,0.0771,-9999.0000,0.1159,-9999.0000,0.0
1805462.000,0.1042,2.1568,2.1924,0.2985,0.3135,-9999.0000,-9999.0000,0.1306,-9999.0000,-9999.0000,0.0
1805693.000,0.1658,2.1688,2.1952,0.3248,0.1925,0.0563,-9999.0000,-9999.0000,-9999.0000,-9999.0000,0.0
1805924.000,0.1688,2.2614,2.0696,0.1242,0.2491,-9999.0000,-9999.0000,-9999.0000,0.0835,-9999.0000,0.0
1806155.000,0.1459,2.1244,2.1729,0.1504,0.1904,-9999.0000,-9999.0000,-9999.0000,-9999.0000,-9999.0000,0.0
1806386.000,0.1195,1.8404,1.9889,0.1458,0.3065,-9999.0000,0.0959,-9999.0000,-9999.0000,-9999.0000,0.0
1806618.000,0.1446,2.1542,1.8995,0.3410,0.1166,0.0548,0.1089,-9999.0000,-9999.0000,-9999.0000,0.0
1806849.000,0.1141,2.0996,2.3098,0.1473,0.3200,0.0311,-9999.0000,-9999.0000,-9999.0000,-9999.0000,0.0
1807080.000,0.1151,2.0771,2.4788,0.2464,0.1052,0.0788,-9999.0000,0.0892,-9999.0000,-9999.0000,0.0
1807311.000,0.1814,1.8491,2.2700,0.2703,0.2500,-9999.0000,0.1439,0.1264,0.0844,-9999.0000,0.0
1807542.000,0.1040,2.0762,2.0940,0.2006,0.2279,0.0441,0.0660,-9999.0000,-9999.0000,-9999.0000,0.0
1807774.000,0.0729,1.9869,2.2407,0.1255,0.1777,-9999.0000,-9999.0000,-9999.0000,-9999.0000,-9999.0000,0.0
1808005.000,0.0790,2.2309,1.9231,0.2954,0.3956,-9999.0000,0.1217,0.1271,-9999.0000,-9999.0000,0.0
1808236.000,0.1201,1.6137,2.2598,0.2195,0.2961,0.0312,0.0744,0.0986,-9999.0000,-9999.0000,0.0
1808467.000,0.0843,1.8645,1.9956,0.1961,0.2366,0.0431,0.0973,-9999.0000,-9999.0000,-9999.0000,0.0
1808698.000,0.1338,1.8315,2.0357,-9999.0000,0.2028,-9999.0000,0.0540,-9999.0000,0.1306,-9999.0000,0.0
1808930.000,0.1509,1.8061,2.3526,0.2456,0.2254,0.0551,-9999.0000,0.1254,-9999.0000,-9999.0000,0.0
1809161.000,0.1529,2.0219,2.0545,0.3237,0.3139,-9999.0000,0.0665,0.1306,-9999.0000,0.0685,0.0
1809392.000,0.0905,1.7713,2.1672,0.1485,0.1408,-9999.0000,-9999.0000,-9999.0000,-9999.0000,-9999.0000,0.0
1809623.000,0.1750,1.8896,2.2533,0.3907,0.1412,0.0435,0.1095,-9999.0000,-9999.0000,-9999.0000,0.0
1809854.000,0.1575,2.0036,2.2733,0.2470,0.1901,-9999.0000,-9999.0000,-9999.0000,0.1000,-9999.0000,0.0
1810086.000,0.1626,2.2445,2.2367,0.1247,0.2492,0.0551,0.1657,-9999.0000,-9999.0000,-9999.0000,0.0
1810317.000,0.1313,1.9584,2.0375,0.1463,0.2708,-9999.0000,-9999.0000,-9999.0000,-9999.0000,0.0656,0.0
1810548.000,0.1236,2.3190,2.3341,0.3080,0.1374,0.0303,0.0931,-9999.0000,-9999.0000,-9999.0000,0.0
1810779.000,0.1359,2.1014,2.6554,0.2858,0.2681,0.0652,-9999.0000,-9999.0000,-9999.0000,-9999.0000,0.0
1811010.000,0.1363,2.1324,2.6328,0.4298,0.3046,-9999.0000,0.0611,-9999.0000,-9999.0000,0.0648,0.0
1811242.000,0.1311,2.8816,3.9066,0.6473,0.6159,-9999.0000,0.0620,-9999.0000,0.1109,-9999.0000,0.0
1811473.000,0.0881,2.3160,3.3154,0.4729,0.3965,0.0418,-9999.0000,0.1278,0.0785,0.2462,0.0
1811704.000,0.2205,3.6177,3.6233,0.4421,0.3098,0.1090,0.0683,-9999.0000,-9999.0000,-9999.0000,0.0
1811935.000,0.1705,2.4305,3.0143,0.2480,0.2464,0.0506,0.0539,0.1621,0.0850,0.0598,0.0
1812167.000,0.1297,2.4399,3.1851,0.3596,0.2676,-9999.0000,-9999.0000,-9999.0000,-9999.0000,0.1471,0.0
1812398.000,0.1644,2.3526,3.2740,0.4072,0.2459,-9999.0000,0.0642,-9999.0000,0.0985,-9999.0000,0.0
1812629.000,0.1510,2.2296,3.3214,0.2426,0.2990,0.0715,-9999.0000,0.1323,-9999.0000,-9999.0000,0.0
1812860.000,0.1557,2.1434,3.4433,0.3305,0.2637,-9999.0000,0.0504,0.2115,0.1769,0.1008,0.0
1813091.000,0.0997,1.9973,2.9784,0.2632,0.2750,0.0381,-9999.0000,0.1651,0.1632,-9999.0000,0.0
1813323.000,0.1286,2.3746,3.2500,0.2658,0.3560,0.0386,-9999.0000,0.1563,0.0819,0.0582,0.0
1813554.000,0.1351,2.1452,3.0094,0.3819,0.2559,0.0391,-9999.0000,-9999.0000,-9999.0000,0.1029,0.0
1813785.000,0.1847,2.1172,3.1517,0.2879,0.2427,0.0606,0.0620,-9999.0000,0.0955,-9999.0000,0.0
1814016.000,0.1495,1.9447,2.6072,0.3514,0.2628,0.1144,-9999.0000,0.1285,0.1070,0.2301,0.0
1814247.000,0.0884,2.0368,2.4813,0.2855,0.2300,0.0601,0.0503,-9999.0000,0.0802,-9999.0000,0.0
1814479.000,0.1282,2.0579,2.5406,0.2876,0.1524,0.0606,-9999.0000,-9999.0000,0.0815,-9999.0000,0.0
1814710.000,0.1509,2.0110,2.9752,0.3557,0.3442,0.0827,0.0726,-9999.0000,-9999.0000,-9999.0000,0.0
1814941.000,0.1271,1.8053,2.9375,0.1947,0.1846,-9999.0000,0.0498,-9999.0000,0.0933,-9999.0000,0.0
1815172.000,0.1103,1.9220,2.6574,0.3065,0.2291,-9999.0000,-9999.0000,-9999.0000,-9999.0000,-9999.0000,0.0
1815403.000,0.1562,1.8655,3.0628,0.1745,0.3210,-9999.0000,0.1039,0.1895,0.0952,0.1885,0.0
1815635.000,0.1568,1.7632,3.1331,0.3115,0.2094,-9999.0000,-9999.0000,0.1211,-9999.0000,0.1457,0.0
1815866.000,0.0950,1.4656,2.7817,0.3351,0.2325,0.0390,-9999.0000,-9999.0000,-9999.0000,-9999.0000,0.0
1816097.000,0.1222,1.7837,2.8766,0.2641,0.2306,-9999.0000,-9999.0000,-9999.0000,0.1363,-9999.0000,0.0
1816328.000,0.1858,1.7598,3.0166,0.2907,0.1991,-9999.0000,0.0845,0.1579,0.0834,-9999.0000,0.0
1816559.000,0.1440,1.6125,2.8354,0.1280,0.1849,0.0710,-9999.0000,0.1171,-9999.0000,-9999.0000,0.0
1816791.000,0.1901,1.6515,2.8738,0.3782,0.2427,-9999.0000,0.0725,-9999.0000,-9999.0000,0.0580,0.0
1817022.000,0.1240,1.7623,2.7152,0.1557,0.2000,0.0396,-9999.0000,-9999.0000,0.0984,-9999.0000,0.0
1817253.000,0.1383,1.3468,2.7066,0.1280,0.1625,0.0492,-9999.0000,-9999.0000,-9999.0000,-9999.0000,0.0
1817484.000,0.1173,1.5026,2.5760,0.2664,0.2547,-9999.0000,0.0730,-9999.0000,-9999.0000,0.1457,0.0
1817715.000,0.1114,1.4485,2.6347,0.2656,0.1865,-9999.0000,-9999.0000,0.1317,0.0820,0.0581,0.0
1817947.000,0.1498,1.4213,3.0609,0.1287,0.1853,-9999.0000,-9999.0000,0.1176,0.0806,-9999.0000,0.0
1818178.000,0.1961,1.3115,2.6270,0.2663,0.2433,-9999.0000,-9999.0000,0.2374,-9999.0000,-9999.0000,0.0
1818409.000,0.1161,1.4261,2.8315,0.2631,0.1740,-9999.0000,-9999.0000,0.1404,0.0942,0.1006,0.0
1818640.000,0.1343,1.5475,2.6199,0.1086,0.2212,-9999.0000,-9999.0000,-9999.0000,-9999.0000,0.1022,0.0
1818871.000,0.1005,1.4990,2.5563,0.3125,0.1422,0.0392,0.0521,-9999.0000,-9999.0000,0.0585,0.0
1819103.000,0.1347,1.3416,2.5439,-9999.0000,0.1991,0.0394,-9999.0000,0.1925,-9999.0000,0.1026,0.0
1819334.000,0.1498,1.3450,2.5790,0.2412,0.2191,0.1043,-9999.0000,0.1176,0.1498,0.0574,0.0
1819565.000,0.1634,1.1564,2.3209,0.2237,0.1884,-9999.0000,0.0743,-9999.0000,0.0842,-9999.0000,0.0
1819796.000,0.1177,1.4541,2.2205,0.1547,0.1425,-9999.0000,-9999.0000,0.1337,-9999.0000,-9999.0000,0.0
1820027.000,0.0891,1.1173,2.3431,0.1313,0.0744,0.0283,-9999.0000,0.1677,-9999.0000,-9999.0000,0.0
1820259.000,0.1280,1.1361,2.1396,0.1752,0.0964,0.0280,-9999.0000,-9999.0000,0.1096,0.0579,0.0
1820490.000,0.1385,0.9044,2.2638,-9999.0000,0.0847,0.0933,-9999.0000,-9999.0000,0.1084,-9999.0000,0.0
1820721.000,0.1765,1.0125,2.1484,0.1586,0.0531,0.0293,0.0548,-9999.0000,0.1291,-9999.0000,0.0
1820952.000,0.1013,1.0834,2.1732,-9999.0000,0.1208,0.0621,0.0642,0.1829,-9999.0000,-9999.0000,0.0
1821183.000,0.1129,1.1870,1.8766,0.1799,0.0755,0.0846,-9999.0000,0.1366,-9999.0000,-9999.0000,0.0
1821415.000,0.1014,0.8934,1.7852,0.1567,0.0981,-9999.0000,-9999.0000,-9999.0000,0.0852,-9999.0000,0.0
1821646.000,0.0910,0.9024,1.5047,-9999.0000,0.1911,0.0295,0.0553,0.1516,-9999.0000,0.0607,0.0
1821877.000,0.1182,0.6429,1.7527,0.1108,-9999.0000,0.0510,0.0640,-9999.0000,0.1269,-9999.0000,0.0
1822108.000,0.1283,0.6151,1.7947,0.1988,0.0969,-9999.0000,-9999.0000,0.1082,-9999.0000,0.1455,0.0
1822339.000,0.1016,0.7614,1.7408,-9999.0000,0.1326,-9999.0000,-9999.0000,0.2192,0.1138,-9999.0000,0.0
1822571.000,0.1579,0.7204,1.5224,0.1336,0.0639,-9999.0000,-9999.0000,0.0998,-9999.0000,-9999.0000,0.0
1822802.000,0.1324,0.9044,1.6875,-9999.0000,0.0543,-9999.0000,0.0569,0.1075,0.0899,-9999.0000,0.0
1823033.000,0.1661,0.6726,1.6660,0.1146,0.1575,-9999.0000,0.0776,0.1054,0.0886,-9999.0000,0.0
1823264.000,0.0966,0.7803,1.5574,-9999.0000,0.0535,-9999.0000,-9999.0000,0.0919,0.1158,-9999.0000,0.0
1823495.000,0.0847,0.8087,1.6569,-9999.0000,-9999.0000,0.0628,-9999.0000,-9999.0000,-9999.0000,-9999.0000,0.0
1823727.000,0.1312,0.9186,1.4645,-9999.0000,0.1111,-9999.0000,-9999.0000,-9999.0000,0.1022,-9999.0000,0.0
1823958.000,0.1025,0.6604,1.6066,-9999.0000,0.1110,-9999.0000,-9999.0000,-9999.0000,-9999.0000,0.0608,0.0
1824189.000,0.0971,0.9446,1.4267,-9999.0000,0.0770,0.0299,-9999.0000,-9999.0000,-9999.0000,0.1502,0.0
1824420.000,0.0724,0.6011,1.5977,-9999.0000,0.1316,-9999.0000,-9999.0000,-9999.0000,0.1120,0.0589,0.0
1824651.000,0.1076,0.8161,1.3431,-9999.0000,-9999.0000,0.0518,0.0653,-9999.0000,-9999.0000,-9999.0000,0.0
1824883.000,0.1078,0.6408,1.3693,0.1590,-9999.0000,0.0519,-9999.0000,-9999.0000,-9999.0000,-9999.0000,0.0
1825114.000,0.0853,0.7329,1.5481,-9999.0000,0.0997,0.0523,-9999.0000,0.1161,-9999.0000,-9999.0000,0.0
1825345.000,0.1082,0.7111,1.3274,-9999.0000,0.1342,-9999.0000,0.0987,-9999.0000,-9999.0000,0.0608,0.0
1825576.000,0.0746,0.7545,1.4786,0.0934,0.1240,0.0757,-9999.0000,-9999.0000,-9999.0000,0.0619,0.0
1825807.000,0.0923,0.5135,1.4230,-9999.0000,0.0549,-9999.0000,-9999.0000,0.1206,-9999.0000,-9999.0000,0.0
1826039.000,0.1029,0.6954,1.4580,0.0922,0.0772,-9999.0000,-9999.0000,-9999.0000,0.0750,-9999.0000,0.0
1826270.000,0.0978,0.8347,1.3473,-9999.0000,-9999.0000,-9999.0000,-9999.0000,0.1077,-9999.0000,-9999.0000,0.0
1826501.000,0.1149,0.5432,1.4340,-9999.0000,0.1008,0.0417,0.0787,-9999.0000,-9999.0000,-9999.0000,0.0
1826732.000,0.0821,0.5712,1.3602,-9999.0000,-9999.0000,0.0432,-9999.0000,-9999.0000,0.0805,-9999.0000,0.0
1826963.000,0.0686,0.5279,1.1755,-9999.0000,-9999.0000,-9999.0000,-9999.0000,-9999.0000,-9999.0000,-9999.0000,0.0
1827195.000,0.1276,0.5628,1.6405,0.1186,0.0786,-9999.0000,-9999.0000,-9999.0000,-9999.0000,-9999.0000,0.0
1827426.000,0.0815,0.5334,1.4061,-9999.0000,0.1142,-9999.0000,-9999.0000,0.1725,0.0792,0.0634,0.0
1827657.000,0.0985,0.6642,1.1390,0.1419,0.1019,-9999.0000,0.0913,-9999.0000,-9999.0000,-9999.0000,0.0
1827888.000,0.1112,0.6272,1.3211,-9999.0000,-9999.0000,-9999.0000,0.0822,-9999.0000,-9999.0000,-9999.0000,0.0
1828119.000,0.0927,0.6434,1.2607,0.1422,-9999.0000,-9999.0000,-9999.0000,-9999.0000,0.1644,-9999.0000,0.0
1828351.000,0.0699,0.5354,1.4081,-9999.0000,0.1028,-9999.0000,0.0487,-9999.0000,0.1950,0.0636,0.0
1828582.000,0.0637,-9999.0000,1.4074,-9999.0000,0.0556,0.0540,0.0479,-9999.0000,-9999.0000,-9999.0000,0.0
1828813.000,0.0874,-9999.0000,1.2918,-9999.0000,0.1145,0.0430,-9999.0000,-9999.0000,0.1084,-9999.0000,0.0
1829044.000,0.1289,0.5916,1.3585,-9999.0000,0.1033,0.0318,-9999.0000,0.1380,0.0806,-9999.0000,0.0
1829275.000,0.1119,-9999.0000,1.2310,-9999.0000,0.0686,-9999.0000,0.0612,-9999.0000,-9999.0000,-9999.0000,0.0
1829507.000,0.0985,-9999.0000,1.2243,0.1190,0.0556,-9999.0000,-9999.0000,-9999.0000,-9999.0000,-9999.0000,0.0
1829738.000,0.0695,0.4996,1.2436,-9999.0000,0.1139,-9999.0000,-9999.0000,-9999.0000,-9999.0000,-9999.0000,0.0
1829969.000,0.0889,-9999.0000,1.4237,0.2193,0.1166,-9999.0000,-9999.0000,0.0932,-9999.0000,-9999.0000,0.0
1830200.000,0.0527,0.5196,1.2011,-9999.0000,0.0682,-9999.0000,0.0605,0.1016,0.0809,-9999.0000,0.0
1830431.000,0.1586,-9999.0000,1.2214,-9999.0000,0.0802,-9999.0000,-9999.0000,-9999.0000,0.1247,-9999.0000,0.0
1830663.000,0.0996,-9999.0000,1.2316,0.1453,-9999.0000,-9999.0000,0.1379,-9999.0000,-9999.0000,-9999.0000,0.0
1830894.000,0.1233,0.5143,1.2517,-9999.0000,-9999.0000,0.0436,-9999.0000,0.1143,-9999.0000,-9999.0000,0.0
1831125.000,0.0701,0.6128,1.3392,-9999.0000,0.0799,-9999.0000,0.0713,-9999.0000,-9999.0000,0.1094,0.0
1831356.000,0.0881,0.6555,1.1496,-9999.0000,0.0922,-9999.0000,0.0721,-9999.0000,-9999.0000,-9999.0000,0.0
1831587.000,0.1343,0.6101,1.2516,-9999.0000,-9999.0000,0.0319,-9999.0000,-9999.0000,0.0803,-9999.0000,0.0
1831819.000,0.0982,0.6175,1.1963,0.3280,0.0555,0.0540,0.0474,-9999.0000,-9999.0000,-9999.0000,0.0
1832050.000,0.0988,-9999.0000,1.3731,-9999.0000,0.1144,0.0317,-9999.0000,0.0987,-9999.0000,-9999.0000,0.0
1832281.000,0.0290,-9999.0000,1.3250,0.0978,0.0564,-9999.0000,-9999.0000,-9999.0000,0.1238,-9999.0000,0.0
1832512.000,0.0638,0.6259,1.0947,-9999.0000,0.0561,-9999.0000,-9999.0000,-9999.0000,-9999.0000,-9999.0000,0.0
1832743.000,0.1043,0.5419,1.2180,0.1428,-9999.0000,-9999.0000,-9999.0000,-9999.0000,-9999.0000,0.0630,0.0
1832975.000,0.1189,-9999.0000,1.3359,-9999.0000,0.0936,-9999.0000,-9999.0000,0.1311,0.0844,-9999.0000,0.0
1833206.000,0.1362,0.5785,1.0608,-9999.0000,-9999.0000,-9999.0000,-9999.0000,-9999.0000,-9999.0000,0.1114,0.0
1833437.000,0.1124,-9999.0000,1.2125,-9999.0000,0.0575,-9999.0000,-9999.0000,0.0923,-9999.0000,-9999.0000,0.0
1833668.000,0.1179,-9999.0000,1.2641,0.1238,-9999.0000,-9999.0000,-9999.0000,0.1036,-9999.0000,0.1564,0.0
1833899.000,0.1164,-9999.0000,1.2240,-9999.0000,0.0563,-9999.0000,0.0706,-9999.0000,-9999.0000,-9999.0000,0.0
1834131.000,0.1061,0.6315,1.1784,0.2421,0.0928,-9999.0000,-9999.0000,-9999.0000,-9999.0000,-9999.0000,0.0
1834362.000,0.1292,0.5379,1.2224,-9999.0000,-9999.0000,-9999.0000,-9999.0000,-9999.0000,-9999.0000,-9999.0000,0.0
1834593.000,0.0947,0.7546,1.1766,-9999.0000,0.0577,0.0445,0.0513,-9999.0000,-9999.0000,-9999.0000,0.0
1834824.000,0.1067,0.5719,1.2212,-9999.0000,0.0578,-9999.0000,-9999.0000,-9999.0000,-9999.0000,-9999.0000,0.0
1835055.000,0.1062,-9999.0000,1.2224,-9999.0000,-9999.0000,-9999.0000,0.0731,-9999.0000,-9999.0000,-9999.0000,0.0
1835287.000,0.1176,0.6053,1.1320,0.2649,-9999.0000,0.0556,-9999.0000,-9999.0000,-9999.0000,-9999.0000,0.0
1835518.000,0.0945,0.6631,1.2722,-9999.0000,-9999.0000,-9999.0000,0.0621,-9999.0000,-9999.0000,-9999.0000,0.0
1835749.000,0.0702,0.6876,1.2248,-9999.0000,0.1039,-9999.0000,0.0496,-9999.0000,-9999.0000,-9999.0000,0.0
1835980.000,0.0955,0.5297,1.1311,-9999.0000,0.0704,0.0452,-9999.0000,-9999.0000,0.1151,-9999.0000,0.0
1836211.000,0.1031,0.7605,1.1927,-9999.0000,-9999.0000,0.0581,-9999.0000,-9999.0000,-9999.0000,-9999.0000,0.0
1836443.000,0.0945,-9999.0000,1.2355,-9999.0000,-9999.0000,0.0445,-9999.0000,-9999.0000,-9999.0000,-9999.0000,0.0
1836674.000,0.1072,0.6753,1.1472,0.1028,0.0584,-9999.0000,-9999.0000,0.2302,-9999.0000,-9999.0000,0.0
1836905.000,0.0947,0.6305,1.2698,-9999.0000,-9999.0000,-9999.0000,-9999.0000,0.1171,-9999.0000,-9999.0000,0.0
1837136.000,0.1295,0.5124,1.0485,-9999.0000,-9999.0000,-9999.0000,0.0506,-9999.0000,-9999.0000,0.1105,0.0
1837367.000,0.0949,-9999.0000,1.1492,-9999.0000,0.0700,-9999.0000,-9999.0000,-9999.0000,-9999.0000,-9999.0000,0.0
1837599.000,0.0770,-9999.0000,1.1472,-9999.0000,0.0699,-9999.0000,-9999.0000,-9999.0000,-9999.0000,-9999.0000,0.0
1837830.000,0.0717,0.6198,1.1813,-9999.0000,-9999.0000,-9999.0000,-9999.0000,-9999.0000,-9999.0000,-9999.0000,0.0
1838061.000,0.1243,0.5859,1.0666,-9999.0000,0.1054,0.0333,-9999.0000,-9999.0000,-9999.0000,-9999.0000,0.0
1838292.000,0.0998,-9999.0000,1.1012,-9999.0000,-9999.0000,0.0329,-9999.0000,0.0898,-9999.0000,-9999.0000,0.0
1838523.000,0.1134,0.5528,1.2058,-9999.0000,-9999.0000,0.0338,-9999.0000,-9999.0000,-9999.0000,-9999.0000,0.0
1838755.000,0.0599,0.6741,1.0841,-9999.0000,-9999.0000,-9999.0000,-9999.0000,-9999.0000,-9999.0000,-9999.0000,0.0
1838986.000,0.0880,0.7582,1.0029,-9999.0000,-9999.0000,-9999.0000,-9999.0000,-9999.0000,-9999.0000,-9999.0000,0.0
1839217.000,0.1020,0.7389,1.0197,-9999.0000,0.1191,-9999.0000,-9999.0000,-9999.0000,-9999.0000,-9999.0000,0.0
1839448.000,0.0960,0.6331,1.1738,-9999.0000,-9999.0000,-9999.0000,-9999.0000,-9999.0000,-9999.0000,-9999.0000,0.0
1839679.000,0.0532,0.8485,1.0890,0.1015,0.0580,-9999.0000,-9999.0000,-9999.0000,-9999.0000,-9999.0000,0.0
1839911.000,0.1319,0.9249,1.0752,-9999.0000,0.1072,-9999.0000,-9999.0000,-9999.0000,-9999.0000,-9999.0000,0.0
1840142.000,0.0780,0.8345,1.1987,-9999.0000,-9999.0000,0.0693,0.0537,-9999.0000,-9999.0000,-9999.0000,0.0
1840373.000,0.1501,-9999.0000,1.1456,0.2015,0.0594,-9999.0000,-9999.0000,-9999.0000,-9999.0000,0.1137,0.0
1840604.000,0.0893,0.5787,1.1653,0.1033,-9999.0000,-9999.0000,-9999.0000,-9999.0000,-9999.0000,-9999.0000,0.0
1840836.000,0.0836,0.5084,0.9832,-9999.0000,-9999.0000,-9999.0000,-9999.0000,-9999.0000,-9999.0000,-9999.0000,0.0
1841067.000,0.0889,-9999.0000,1.0127,0.1025,-9999.0000,-9999.0000,-9999.0000,-9999.0000,0.1579,-9999.0000,0.0
1841298.000,0.0724,0.6402,1.0489,-9999.0000,-9999.0000,-9999.0000,-9999.0000,-9999.0000,-9999.0000,-9999.0000,0.0
1841529.000,0.0952,0.5349,1.0670,-9999.0000,-9999.0000,-9999.0000,-9999.0000,-9999.0000,-9999.0000,-9999.0000,0.0
1841760.000,0.1201,-9999.0000,1.1456,-9999.0000,-9999.0000,-9999.0000,-9999.0000,-9999.0000,-9999.0000,-9999.0000,0.0
1841992.000,0.0891,0.5098,1.0399,-9999.0000,-9999.0000,-9999.0000,-9999.0000,-9999.0000,-9999.0000,-9999.0000,0.0
1842223.000,0.1252,0.5002,1.0442,-9999.0000,0.0709,-9999.0000,-9999.0000,-9999.0000,-9999.0000,-9999.0000,0.0
1842454.000,0.0777,-9999.0000,1.0273,-9999.0000,0.0592,-9999.0000,-9999.0000,-9999.0000,-9999.0000,-9999.0000,0.0
1842685.000,0.0774,-9999.0000,1.0726,-9999.0000,-9999.0000,-9999.0000,-9999.0000,-9999.0000,0.1153,-9999.0000,0.0
1842916.000,0.1748,-9999.0000,0.9638,-9999.0000,-9999.0000,0.1054,-9999.0000,-9999.0000,-9999.0000,-9999.0000,0.0
1843148.000,0.0854,0.6783,0.9979,-9999.0000,0.0608,0.0473,-9999.0000,0.0892,0.1062,-9999.0000,0.0
1843379.000,0.1265,-9999.0000,0.8624,-9999.0000,-9999.0000,-9999.0000,-9999.0000,-9999.0000,-9999.0000,-9999.0000,0.0
1843610.000,0.0669,-9999.0000,1.1125,-9999.0000,0.0726,-9999.0000,0.0670,-9999.0000,-9999.0000,-9999.0000,0.0
1843841.000,0.0839,-9999.0000,1.0434,-9999.0000,-9999.0000,-9999.0000,-9999.0000,-9999.0000,0.0877,-9999.0000,0.0
1844072.000,0.1192,-9999.0000,0.8837,-9999.0000,-9999.0000,-9999.0000,-9999.0000,-9999.0000,-9999.0000,-9999.0000,0.0
1844304.000,0.0611,-9999.0000,1.0541,-9999.0000,-9999.0000,-9999.0000,-9999.0000,0.1141,-9999.0000,-9999.0000,0.0
1844535.000,0.0480,-9999.0000,0.9994,-9999.0000,-9999.0000,0.0462,0.0650,-9999.0000,-9999.0000,0.0670,0.0
1844766.000,0.0958,-9999.0000,0.8564,-9999.0000,-9999.0000,-9999.0000,0.0761,-9999.0000,-9999.0000,-9999.0000,0.0
1844997.000,0.0961,-9999.0000,0.7847,-9999.0000,-9999.0000,-9999.0000,0.1330,-9999.0000,-9999.0000,-9999.0000,0.0
1845228.000,0.0724,-9999.0000,0.9556,-9999.0000,-9999.0000,-9999.0000,-9999.0000,-9999.0000,-9999.0000,-9999.0000,0.0
1845460.000,0.0795,-9999.0000,0.9312,-9999.0000,-9999.0000,-9999.0000,-9999.0000,-9999.0000,0.0921,-9999.0000,0.0
1845691.000,0.0726,0.5092,0.9831,-9999.0000,0.1085,-9999.0000,-9999.0000,-9999.0000,-9999.0000,-9999.0000,0.0
1845922.000,0.0726,-9999.0000,0.9829,-9999.0000,-9999.0000,-9999.0000,0.0664,-9999.0000,-9999.0000,-9999.0000,0.0
1846153.000,0.0992,-9999.0000,0.7989,0.1131,-9999.0000,-9999.0000,-9999.0000,-9999.0000,-9999.0000,-9999.0000,0.0
1846384.000,0.0551,-9999.0000,0.9663,-9999.0000,-9999.0000,-9999.0000,0.0679,-9999.0000,-9999.0000,0.0690,0.0
1846616.000,0.0902,-9999.0000,0.9169,0.1067,-9999.0000,-9999.0000,-9999.0000,-9999.0000,-9999.0000,-9999.0000,0.0
1846847.000,0.0670,-9999.0000,0.8387,-9999.0000,-9999.0000,-9999.0000,0.0675,-9999.0000,-9999.0000,-9999.0000,0.0
1847078.000,0.0489,-9999.0000,1.0017,-9999.0000,0.0851,-9999.0000,-9999.0000,-9999.0000,-9999.0000,-9999.0000,0.0
1847309.000,0.0666,-9999.0000,0.9398,-9999.0000,0.0605,-9999.0000,0.0552,-9999.0000,-9999.0000,-9999.0000,0.0
1847540.000,0.1138,-9999.0000,0.8638,-9999.0000,0.0599,0.0466,-9999.0000,-9999.0000,-9999.0000,-9999.0000,0.0
1847772.000,0.0791,-9999.0000,0.8827,-9999.0000,-9999.0000,-9999.0000,-9999.0000,-9999.0000,-9999.0000,-9999.0000,0.0
1848003.000,0.0788,-9999.0000,0.7982,-9999.0000,-9999.0000,-9999.0000,-9999.0000,-9999.0000,-9999.0000,-9999.0000,0.0
1848234.000,0.0546,-9999.0000,0.9471,-9999.0000,-9999.0000,-9999.0000,-9999.0000,-9999.0000,-9999.0000,-9999.0000,0.0
1848465.000,0.0318,-9999.0000,0.8904,-9999.0000,-9999.0000,-9999.0000,-9999.0000,-9999.0000,-9999.0000,-9999.0000,0.0
1848696.000,0.0860,-9999.0000,0.8923,0.0870,-9999.0000,-9999.0000,-9999.0000,-9999.0000,-9999.0000,-9999.0000,0.0
1848928.000,0.0671,-9999.0000,0.8153,-9999.0000,-9999.0000,-9999.0000,-9999.0000,-9999.0000,-9999.0000,-9999.0000,0.0
1849159.000,0.0663,-9999.0000,0.9801,-9999.0000,-9999.0000,-9999.0000,-9999.0000,-9999.0000,-9999.0000,-9999.0000,0.0
1849390.000,0.0372,-9999.0000,0.9092,-9999.0000,0.0740,-9999.0000,0.0576,-9999.0000,0.0783,-9999.0000,0.0
1849621.000,0.1337,-9999.0000,0.9666,0.1826,-9999.0000,-9999.0000,-9999.0000,-9999.0000,-9999.0000,-9999.0000,0.0
1849852.000,0.1038,-9999.0000,0.8883,0.2324,-9999.0000,-9999.0000,-9999.0000,-9999.0000,0.0779,-9999.0000,0.0
1850084.000,0.0862,-9999.0000,0.9573,-9999.0000,0.0622,-9999.0000,-9999.0000,-9999.0000,0.0943,-9999.0000,0.0
1850315.000,0.0974,-9999.0000,0.9290,-9999.0000,-9999.0000,0.0834,0.0567,-9999.0000,-9999.0000,-9999.0000,0.0
1850546.000,0.0672,-9999.0000,0.9988,-9999.0000,-9999.0000,-9999.0000,0.0568,-9999.0000,-9999.0000,0.0692,0.0
1850777.000,0.0775,-9999.0000,0.7852,-9999.0000,-9999.0000,-9999.0000,-9999.0000,0.1432,-9999.0000,-9999.0000,0.0
1851008.000,0.0678,-9999.0000,0.9873,0.0874,-9999.0000,0.0366,0.0580,-9999.0000,-9999.0000,-9999.0000,0.0
1851240.000,0.0798,-9999.0000,0.8590,-9999.0000,-9999.0000,-9999.0000,-9999.0000,-9999.0000,-9999.0000,-9999.0000,0.0
1851471.000,0.0674,-9999.0000,0.8186,-9999.0000,-9999.0000,-9999.0000,-9999.0000,-9999.0000,-9999.0000,-9999.0000,0.0
1851702.000,0.0682,-9999.0000,0.8659,-9999.0000,-9999.0000,-9999.0000,-9999.0000,-9999.0000,-9999.0000,-9999.0000,0.0
1851933.000,0.0678,-9999.0000,0.8170,-9999.0000,-9999.0000,-9999.0000,-9999.0000,-9999.0000,-9999.0000,-9999.0000,0.0
1852164.000,0.1106,-9999.0000,1.0151,-9999.0000,-9999.0000,-9999.0000,-9999.0000,-9999.0000,-9999.0000,-9999.0000,0.0
1852396.000,0.1176,-9999.0000,0.9978,0.1143,-9999.0000,-9999.0000,-9999.0000,-9999.0000,-9999.0000,-9999.0000,0.0
1852627.000,0.1367,-9999.0000,0.9838,0.1155,-9999.0000,0.0497,0.0489,-9999.0000,-9999.0000,-9999.0000,0.0
1852858.000,0.1060,-9999.0000,0.9973,-9999.0000,-9999.0000,0.0377,0.0839,-9999.0000,-9999.0000,0.0720,0.0
1853089.000,0.0803,-9999.0000,0.8143,-9999.0000,-9999.0000,-9999.0000,0.0588,-9999.0000,-9999.0000,-9999.0000,0.0
1853320.000,0.0981,-9999.0000,0.9239,0.1121,-9999.0000,-9999.0000,-9999.0000,-9999.0000,-9999.0000,-9999.0000,0.0
1853552.000,0.0682,0.5004,0.8473,-9999.0000,-9999.0000,-9999.0000,0.0475,-9999.0000,-9999.0000,-9999.0000,0.0
1853783.000,0.0808,-9999.0000,0.7431,-9999.0000,-9999.0000,-9999.0000,-9999.0000,-9999.0000,-9999.0000,-9999.0000,0.0
1854014.000,0.0568,-9999.0000,0.9303,0.1415,-9999.0000,-9999.0000,0.0846,-9999.0000,-9999.0000,-9999.0000,0.0
1854245.000,0.0690,-9999.0000,0.8187,-9999.0000,-9999.0000,-9999.0000,-9999.0000,-9999.0000,-9999.0000,-9999.0000,0.0
1854476.000,0.0552,-9999.0000,0.8815,-9999.0000,-9999.0000,-9999.0000,-9999.0000,-9999.0000,-9999.0000,-9999.0000,0.0
1854708.000,0.0681,-9999.0000,0.8722,-9999.0000,-9999.0000,0.0612,-9999.0000,-9999.0000,0.1560,-9999.0000,0.0
1854939.000,0.0323,-9999.0000,0.8569,-9999.0000,-9999.0000,-9999.0000,-9999.0000,0.2018,-9999.0000,-9999.0000,0.0
1855170.000,0.0807,-9999.0000,1.0099,-9999.0000,-9999.0000,-9999.0000,-9999.0000,-9999.0000,-9999.0000,-9999.0000,0.0
1855401.000,0.0674,-9999.0000,0.6933,0.1115,-9999.0000,0.0367,-9999.0000,0.0893,-9999.0000,0.0696,0.0
1855632.000,0.0620,-9999.0000,0.8907,0.1136,-9999.0000,-9999.0000,-9999.0000,-9999.0000,-9999.0000,-9999.0000,0.0
1855864.000,0.0747,-9999.0000,0.8967,-9999.0000,0.0511,-9999.0000,-9999.0000,-9999.0000,-9999.0000,-9999.0000,0.0
1856095.000,0.0558,-9999.0000,0.9220,0.0891,-9999.0000,-9999.0000,0.0819,-9999.0000,-9999.0000,-9999.0000,0.0
1856326.000,0.0501,-9999.0000,0.9531,-9999.0000,-9999.0000,-9999.0000,0.0829,-9999.0000,-9999.0000,-9999.0000,0.0
1856557.000,0.0688,-9999.0000,0.8674,-9999.0000,-9999.0000,-9999.0000,-9999.0000,-9999.0000,-9999.0000,-9999.0000,0.0
1856788.000,0.0552,-9999.0000,0.9259,-9999.0000,-9999.0000,-9999.0000,-9999.0000,-9999.0000,-9999.0000,-9999.0000,0.0
1857020.000,0.0555,-9999.0000,0.7532,-9999.0000,-9999.0000,0.0371,-9999.0000,-9999.0000,-9999.0000,-9999.0000,0.0
1857251.000,0.1051,-9999.0000,0.9137,-9999.0000,-9999.0000,-9999.0000,-9999.0000,-9999.0000,-9999.0000,-9999.0000,0.0
1857482.000,0.0734,-9999.0000,0.9013,0.0876,0.0623,-9999.0000,-9999.0000,-9999.0000,-9999.0000,-9999.0000,0.0
1857713.000,0.0922,-9999.0000,0.7366,0.1623,-9999.0000,-9999.0000,-9999.0000,-9999.0000,-9999.0000,-9999.0000,0.0
1857944.000,0.0913,-9999.0000,0.7788,-9999.0000,-9999.0000,-9999.0000,-9999.0000,-9999.0000,-9999.0000,-9999.0000,0.0
1858176.000,0.0618,-9999.0000,1.0027,-9999.0000,-9999.0000,-9999.0000,-9999.0000,-9999.0000,-9999.0000,0.0705,0.0
1858407.000,0.0999,-9999.0000,0.8451,-9999.0000,0.0642,0.0624,-9999.0000,-9999.0000,-9999.0000,-9999.0000,0.0
1858638.000,0.1110,-9999.0000,1.0517,0.1145,-9999.0000,-9999.0000,-9999.0000,-9999.0000,-9999.0000,-9999.0000,0.0
1858869.000,0.0936,-9999.0000,0.8960,-9999.0000,-9999.0000,-9999.0000,-9999.0000,-9999.0000,-9999.0000,-9999.0000,0.0
1859100.000,0.0866,-9999.0000,0.9125,-9999.0000,-9999.0000,-9999.0000,-9999.0000,-9999.0000,-9999.0000,-9999.0000,0.0
1859332.000,0.0620,-9999.0000,0.8162,-9999.0000,0.0756,-9999.0000,0.1284,-9999.0000,-9999.0000,-9999.0000,0.0
1859563.000,0.1156,-9999.0000,0.8557,0.1118,-9999.0000,-9999.0000,-9999.0000,-9999.0000,-9999.0000,-9999.0000,0.0
1859794.000,0.0922,-9999.0000,0.8695,-9999.0000,-9999.0000,-9999.0000,-9999.0000,-9999.0000,-9999.0000,-9999.0000,0.0
1860025.000,0.1056,-9999.0000,0.8228,-9999.0000,-9999.0000,-9999.0000,-9999.0000,-9999.0000,-9999.0000,-9999.0000,0.0
1860256.000,0.0738,-9999.0000,0.7990,-9999.0000,-9999.0000,-9999.0000,-9999.0000,-9999.0000,0.0804,-9999.0000,0.0
1860488.000,0.0594,-9999.0000,0.7035,0.1539,-9999.0000,-9999.0000,-9999.0000,-9999.0000,-9999.0000,-9999.0000,0.0
1860719.000,0.0674,-9999.0000,0.9272,-9999.0000,-9999.0000,-9999.0000,-9999.0000,0.0891,-9999.0000,-9999.0000,0.0
1860950.000,0.0915,-9999.0000,0.9068,-9999.0000,-9999.0000,-9999.0000,-9999.0000,-9999.0000,-9999.0000,-9999.0000,0.0
1861181.000,0.1033,-9999.0000,0.7411,-9999.0000,-9999.0000,-9999.0000,0.0799,-9999.0000,-9999.0000,-9999.0000,0.0
1861412.000,0.0673,-9999.0000,1.0086,-9999.0000,-9999.0000,0.0373,-9999.0000,-9999.0000,-9999.0000,0.0697,0.0
1861680.000,0.1414,-9999.0000,0.9742,-9999.0000,-9999.0000,-9999.0000,-9999.0000,-9999.0000,-9999.0000,-9999.0000,0.0
1861911.000,0.0496,-9999.0000,0.8893,0.1142,-9999.0000,-9999.0000,-9999.0000,-9999.0000,-9999.0000,-9999.0000,0.0
1862142.000,0.0734,-9999.0000,0.8770,-9999.0000,-9999.0000,-9999.0000,-9999.0000,-9999.0000,-9999.0000,-9999.0000,0.0
1862374.000,0.0498,-9999.0000,0.8043,-9999.0000,-9999.0000,-9999.0000,-9999.0000,-9999.0000,-9999.0000,-9999.0000,0.0
1862605.000,0.0723,-9999.0000,0.9081,-9999.0000,-9999.0000,-9999.0000,0.0783,-9999.0000,-9999.0000,-9999.0000,0.0
1862836.000,0.0908,-9999.0000,0.7318,-9999.0000,-9999.0000,-9999.0000,0.0906,-9999.0000,-9999.0000,-9999.0000,0.0
1863067.000,0.0548,-9999.0000,0.6959,-9999.0000,-9999.0000,-9999.0000,-9999.0000,0.0993,-9999.0000,-9999.0000,0.0
1863298.000,0.0598,-9999.0000,0.7208,-9999.0000,-9999.0000,-9999.0000,0.0768,-9999.0000,-9999.0000,-9999.0000,0.0
1863530.000,0.0858,-9999.0000,0.8736,-9999.0000,-9999.0000,-9999.0000,-9999.0000,0.1151,0.1404,-9999.0000,0.0
1863761.000,0.0849,-9999.0000,0.8329,-9999.0000,-9999.0000,-9999.0000,-9999.0000,0.1240,-9999.0000,-9999.0000,0.0
1863992.000,0.0550,-9999.0000,0.7540,-9999.0000,-9999.0000,-9999.0000,-9999.0000,-9999.0000,-9999.0000,-9999.0000,0.0
1864223.000,0.0797,-9999.0000,0.6903,0.1137,0.0511,0.0496,-9999.0000,0.2157,-9999.0000,0.0702,0.0
1864454.000,0.0906,-9999.0000,0.6619,-9999.0000,-9999.0000,0.0370,-9999.0000,-9999.0000,-9999.0000,-9999.0000,0.0
1864686.000,0.0723,-9999.0000,0.7646,-9999.0000,-9999.0000,-9999.0000,-9999.0000,-9999.0000,-9999.0000,-9999.0000,0.0
1864917.000,0.0670,-9999.0000,0.8354,-9999.0000,-9999.0000,-9999.0000,-9999.0000,-9999.0000,-9999.0000,0.0694,0.0
1865148.000,0.1018,-9999.0000,0.6745,-9999.0000,-9999.0000,-9999.0000,-9999.0000,-9999.0000,-9999.0000,0.0678,0.0
1865379.000,0.0722,-9999.0000,0.7449,-9999.0000,-9999.0000,-9999.0000,-9999.0000,-9999.0000,-9999.0000,-9999.0000,0.0
1865610.000,0.1073,-9999.0000,0.8996,0.1083,-9999.0000,-9999.0000,-9999.0000,-9999.0000,-9999.0000,-9999.0000,0.0
1865842.000,0.0905,-9999.0000,0.7736,-9999.0000,-9999.0000,-9999.0000,-9999.0000,-9999.0000,-9999.0000,-9999.0000,0.0
1866073.000,0.0422,-9999.0000,0.7323,0.1339,-9999.0000,-9999.0000,-9999.0000,-9999.0000,-9999.0000,-9999.0000,0.0
1866304.000,0.0909,-9999.0000,0.8020,0.1602,-9999.0000,-9999.0000,0.0570,-9999.0000,0.0936,-9999.0000,0.0
1866535.000,0.0668,0.6531,0.7764,0.0876,0.0626,-9999.0000,-9999.0000,-9999.0000,-9999.0000,-9999.0000,0.0
1866766.000,0.1021,0.6348,0.7574,-9999.0000,-9999.0000,0.0486,0.0556,-9999.0000,-9999.0000,-9999.0000,0.0
1866998.000,0.0851,1.0570,0.9047,-9999.0000,-9999.0000,-9999.0000,-9999.0000,-9999.0000,-9999.0000,-9999.0000,0.0
1867229.000,0.1690,0.7048,0.8572,-9999.0000,-9999.0000,-9999.0000,-9999.0000,-9999.0000,-9999.0000,-9999.0000,0.0
1867460.000,0.0966,0.5592,0.7802,0.0872,-9999.0000,-9999.0000,-9999.0000,-9999.0000,-9999.0000,-9999.0000,0.0
1867691.000,0.0965,0.6335,0.7798,-9999.0000,-9999.0000,-9999.0000,0.0677,-9999.0000,-9999.0000,-9999.0000,0.0
1867922.000,0.0542,0.6860,0.7382,0.1101,-9999.0000,-9999.0000,-9999.0000,-9999.0000,0.1360,-9999.0000,0.0
1868154.000,0.0610,0.7573,0.8429,0.1372,-9999.0000,-9999.0000,-9999.0000,-9999.0000,-9999.0000,-9999.0000,0.0
1868385.000,0.0862,0.5451,0.9160,-9999.0000,-9999.0000,-9999.0000,0.0824,-9999.0000,-9999.0000,-9999.0000,0.0
1868616.000,0.0973,0.6666,0.8114,-9999.0000,-9999.0000,-9999.0000,-9999.0000,0.1500,-9999.0000,-9999.0000,0.0
1868847.000,0.0721,-9999.0000,0.7819,-9999.0000,-9999.0000,-9999.0000,-9999.0000,-9999.0000,-9999.0000,-9999.0000,0.0
1869078.000,0.0909,0.5573,0.7838,-9999.0000,0.0629,-9999.0000,-9999.0000,-9999.0000,-9999.0000,-9999.0000,0.0
1869310.000,0.0723,0.5625,0.8335,-9999.0000,-9999.0000,-9999.0000,-9999.0000,-9999.0000,-9999.0000,0.0683,0.0
1869541.000,0.0654,0.6071,0.7804,-9999.0000,-9999.0000,-9999.0000,-9999.0000,0.0924,-9999.0000,-9999.0000,0.0
1869772.000,0.0567,0.5181,0.8468,0.1437,-9999.0000,-9999.0000,-9999.0000,-9999.0000,-9999.0000,-9999.0000,0.0
1870003.000,0.0723,0.6307,0.8776,0.0870,-9999.0000,-9999.0000,0.0561,-9999.0000,-9999.0000,0.0684,0.0
1870234.000,0.0364,0.5115,0.9277,-9999.0000,-9999.0000,-9999.0000,-9999.0000,-9999.0000,-9999.0000,-9999.0000,0.0
1870466.000,0.0732,-9999.0000,1.0009,-9999.0000,0.0876,0.0380,-9999.0000,-9999.0000,-9999.0000,-9999.0000,0.0
1870697.000,0.1248,0.7859,0.8551,0.1326,-9999.0000,-9999.0000,-9999.0000,-9999.0000,-9999.0000,-9999.0000,0.0
1870928.000,0.0724,0.5654,0.8354,-9999.0000,0.0987,-9999.0000,0.0564,-9999.0000,-9999.0000,-9999.0000,0.0
1871159.000,0.0905,0.6194,0.8801,-9999.0000,-9999.0000,-9999.0000,-9999.0000,-9999.0000,-9999.0000,-9999.0000,0.0
1871390.000,0.0653,0.6045,0.8218,0.1320,-9999.0000,-9999.0000,-9999.0000,-9999.0000,-9999.0000,-9999.0000,0.0
1871622.000,0.0971,0.6572,0.9292,0.1131,0.0753,-9999.0000,-9999.0000,-9999.0000,-9999.0000,-9999.0000,0.0
1871913.000,-9999.0000,-9999.0000,-9999.0000,-9999.0000,-9999.0000,-9999.0000,-9999.0000,-9999.0000,-9999.0000,-9999.0000,1.0
1872145.000,-9999.0000,-9999.0000,-9999.0000,-9999.0000,-9999.0000,-9999.0000,-9999.0000,-9999.0000,-9999.0000,-9999.0000,1.0
1872376.000,-9999.0000,-9999.0000,-9999.0000,-9999.0000,-9999.0000,-9999.0000,-9999.0000,-9999.0000,-9999.0000,-9999.0000,1.0
1872607.000,-9999.0000,-9999.0000,-9999.0000,-9999.0000,-9999.0000,-9999.0000,-9999.0000,-9999.0000,-9999.0000,-9999.0000,1.0
1872838.000,-9999.0000,-9999.0000,-9999.0000,-9999.0000,-9999.0000,-9999.0000,-9999.0000,-9999.0000,-9999.0000,-9999.0000,1.0
1873069.000,-9999.0000,-9999.0000,-9999.0000,-9999.0000,-9999.0000,-9999.0000,-9999.0000,-9999.0000,-9999.0000,-9999.0000,1.0
1873301.000,-9999.0000,-9999.0000,-9999.0000,-9999.0000,-9999.0000,-9999.0000,-9999.0000,-9999.0000,-9999.0000,-9999.0000,1.0
1873532.000,-9999.0000,-9999.0000,-9999.0000,-9999.0000,-9999.0000,-9999.0000,-9999.0000,-9999.0000,-9999.0000,-9999.0000,1.0
1873763.000,-9999.0000,-9999.0000,-9999.0000,-9999.0000,-9999.0000,-9999.0000,-9999.0000,-9999.0000,-9999.0000,-9999.0000,1.0
1873994.000,-9999.0000,2.9514,-9999.0000,-9999.0000,-9999.0000,-9999.0000,-9999.0000,-9999.0000,-9999.0000,-9999.0000,0.0
1874281.000,0.0719,0.5651,0.8053,-9999.0000,0.0744,0.0374,-9999.0000,-9999.0000,-9999.0000,-9999.0000,0.0
1874513.000,0.0840,0.7846,1.1116,-9999.0000,0.0627,0.0376,-9999.0000,-9999.0000,-9999.0000,-9999.0000,0.0
1874744.000,0.0791,0.8254,1.0250,-9999.0000,0.0516,-9999.0000,0.1034,-9999.0000,-9999.0000,-9999.0000,0.0
1874975.000,0.0886,0.8206,0.8617,-9999.0000,0.0615,-9999.0000,-9999.0000,-9999.0000,-9999.0000,0.0665,0.0
1875206.000,0.0768,0.7116,1.0772,-9999.0000,-9999.0000,-9999.0000,-9999.0000,-9999.0000,-9999.0000,-9999.0000,0.0
1875437.000,0.0540,0.8785,0.9794,-9999.0000,-9999.0000,0.0376,0.0782,-9999.0000,0.1366,-9999.0000,0.0
1875669.000,0.1019,0.6354,1.0991,-9999.0000,-9999.0000,0.0494,-9999.0000,-9999.0000,-9999.0000,-9999.0000,0.0
1875900.000,0.0776,0.7094,0.9324,-9999.0000,-9999.0000,0.0723,0.0775,-9999.0000,-9999.0000,-9999.0000,0.0
1876131.000,0.0474,0.6626,0.9010,0.1088,0.0736,-9999.0000,0.1542,-9999.0000,-9999.0000,-9999.0000,0.0
1876362.000,0.0357,0.6433,0.8230,-9999.0000,0.0976,-9999.0000,-9999.0000,0.0914,-9999.0000,-9999.0000,0.0
1876593.000,0.1178,0.6191,1.0126,0.1078,0.0850,-9999.0000,-9999.0000,-9999.0000,0.0747,-9999.0000,0.0
1876825.000,0.0950,0.7265,0.9597,-9999.0000,0.1096,-9999.0000,-9999.0000,-9999.0000,-9999.0000,0.1132,0.0
1877056.000,0.0770,0.6855,0.9691,0.1327,0.0856,0.0371,-9999.0000,-9999.0000,0.1779,0.0669,0.0
1877287.000,0.0763,1.1124,0.9664,-9999.0000,0.0613,-9999.0000,0.0639,-9999.0000,-9999.0000,-9999.0000,0.0
1877518.000,0.0777,0.7799,0.9409,-9999.0000,0.0746,0.0493,-9999.0000,-9999.0000,-9999.0000,-9999.0000,0.0
1877749.000,0.0837,0.9289,1.0216,0.1350,0.0985,-9999.0000,-9999.0000,-9999.0000,0.1660,-9999.0000,0.0
1877981.000,0.0708,0.7538,0.9225,-9999.0000,-9999.0000,-9999.0000,-9999.0000,-9999.0000,-9999.0000,-9999.0000,0.0
1878212.000,0.1110,1.0031,1.0839,0.1064,0.0962,-9999.0000,-9999.0000,-9999.0000,-9999.0000,-9999.0000,0.0
1878443.000,0.1062,1.1071,1.0880,-9999.0000,0.0854,-9999.0000,0.0537,-9999.0000,-9999.0000,-9999.0000,0.0
1878674.000,0.1059,1.0593,0.9024,0.1553,-9999.0000,-9999.0000,-9999.0000,-9999.0000,0.0894,-9999.0000,0.0
1878905.000,0.0950,1.0586,1.0455,-9999.0000,0.0623,-9999.0000,-9999.0000,-9999.0000,-9999.0000,-9999.0000,0.0
1879137.000,0.1630,0.7609,1.1156,-9999.0000,0.1722,-9999.0000,-9999.0000,-9999.0000,0.1102,0.0694,0.0
1879368.000,0.1138,1.0447,0.9623,-9999.0000,0.1467,-9999.0000,0.0786,0.2061,-9999.0000,-9999.0000,0.0
1879599.000,0.1192,1.0597,0.9951,-9999.0000,0.0746,0.0494,0.1338,0.0931,-9999.0000,-9999.0000,0.0
1879830.000,0.0883,1.1627,0.9394,-9999.0000,0.0971,-9999.0000,-9999.0000,-9999.0000,-9999.0000,-9999.0000,0.0
1880061.000,0.0590,1.2756,0.9470,-9999.0000,-9999.0000,-9999.0000,-9999.0000,-9999.0000,-9999.0000,-9999.0000,0.0
1880293.000,0.1066,1.1448,0.9703,-9999.0000,0.1334,-9999.0000,-9999.0000,-9999.0000,-9999.0000,-9999.0000,0.0
1880524.000,0.1196,1.2292,1.0854,0.1598,0.0511,-9999.0000,0.1010,-9999.0000,0.1079,-9999.0000,0.0
1880755.000,0.0654,1.1406,1.3105,0.1102,-9999.0000,0.0492,-9999.0000,0.0915,-9999.0000,-9999.0000,0.0
1880986.000,0.1178,1.4733,1.0751,0.1323,0.1091,-9999.0000,-9999.0000,-9999.0000,-9999.0000,-9999.0000,0.0
1881217.000,0.0656,1.1983,1.1851,-9999.0000,0.0866,-9999.0000,-9999.0000,-9999.0000,-9999.0000,-9999.0000,0.0
1881449.000,0.0412,1.4780,1.0615,-9999.0000,-9999.0000,-9999.0000,-9999.0000,-9999.0000,-9999.0000,-9999.0000,0.0
1881680.000,0.0650,1.7374,1.0846,-9999.0000,0.0741,0.0490,-9999.0000,0.1268,-9999.0000,-9999.0000,0.0
1881911.000,0.0964,0.8223,0.9678,0.1376,-9999.0000,0.0503,-9999.0000,-9999.0000,0.1096,-9999.0000,0.0
1882142.000,0.0722,0.8791,1.1213,-9999.0000,-9999.0000,0.0619,-9999.0000,-9999.0000,-9999.0000,-9999.0000,0.0
1882373.000,0.0831,1.2079,1.1818,-9999.0000,0.1220,-9999.0000,0.0661,-9999.0000,-9999.0000,-9999.0000,0.0
1882605.000,0.0835,0.9187,0.9889,-9999.0000,0.0868,-9999.0000,-9999.0000,-9999.0000,-9999.0000,0.1139,0.0
1882836.000,0.1361,0.8715,0.9025,-9999.0000,0.1335,-9999.0000,-9999.0000,-9999.0000,-9999.0000,-9999.0000,0.0
1883067.000,0.0968,0.9047,1.0789,-9999.0000,0.0883,-9999.0000,-9999.0000,-9999.0000,-9999.0000,-9999.0000,0.0
1883298.000,0.1246,0.6531,0.9476,-9999.0000,0.1101,-9999.0000,0.0549,-9999.0000,-9999.0000,-9999.0000,0.0
1883529.000,0.1186,0.8074,0.9777,-9999.0000,0.0982,-9999.0000,-9999.0000,-9999.0000,0.1063,0.0673,0.0
1883761.000,0.1129,0.7443,1.1587,0.1111,0.0629,0.0496,-9999.0000,-9999.0000,-9999.0000,-9999.0000,0.0
1883992.000,0.0709,1.1484,1.0602,-9999.0000,0.0979,0.0492,0.0654,-9999.0000,-9999.0000,-9999.0000,0.0
1884223.000,0.1175,1.1889,0.9074,-9999.0000,0.0973,-9999.0000,0.0534,-9999.0000,-9999.0000,0.0662,0.0
1884454.000,0.1045,1.1026,1.1985,0.1295,0.0961,-9999.0000,-9999.0000,-9999.0000,-9999.0000,-9999.0000,0.0
1884685.000,0.0708,1.4186,1.0713,-9999.0000,0.1097,-9999.0000,-9999.0000,-9999.0000,-9999.0000,-9999.0000,0.0
1884917.000,0.0710,1.2462,1.1657,-9999.0000,0.0626,-9999.0000,-9999.0000,-9999.0000,0.1060,0.0671,0.0
1885148.000,0.0946,1.4069,1.1097,-9999.0000,0.0626,-9999.0000,0.0544,-9999.0000,-9999.0000,-9999.0000,0.0
1885379.000,0.0712,1.5380,1.1313,0.2295,-9999.0000,-9999.0000,-9999.0000,-9999.0000,-9999.0000,-9999.0000,0.0
1885610.000,0.0585,1.4539,1.0263,-9999.0000,0.0736,-9999.0000,-9999.0000,-9999.0000,-9999.0000,-9999.0000,0.0
1885841.000,0.0997,1.4576,1.0404,0.1086,0.1325,-9999.0000,-9999.0000,-9999.0000,-9999.0000,-9999.0000,0.0
1886073.000,0.0751,1.5609,1.1832,0.1989,0.1308,-9999.0000,-9999.0000,-9999.0000,-9999.0000,-9999.0000,0.0
1886304.000,0.0594,1.4218,1.2738,0.0874,0.1578,-9999.0000,-9999.0000,-9999.0000,-9999.0000,-9999.0000,0.0
1886535.000,0.1077,1.4694,1.2353,-9999.0000,0.1712,-9999.0000,-9999.0000,-9999.0000,-9999.0000,-9999.0000,0.0
1886766.000,0.1221,1.9634,1.0012,0.1303,0.0615,0.0484,-9999.0000,-9999.0000,-9999.0000,-9999.0000,0.0
1886997.000,0.1469,2.3715,1.3237,-9999.0000,0.1447,-9999.0000,0.1533,-9999.0000,0.2064,-9999.0000,0.0
1887229.000,0.0757,2.2968,1.2158,0.1778,0.1552,0.0372,0.1073,-9999.0000,-9999.0000,-9999.0000,0.0
1887460.000,0.1291,2.5428,1.2303,-9999.0000,0.0858,-9999.0000,-9999.0000,-9999.0000,-9999.0000,-9999.0000,0.0
1887691.000,0.1062,2.4854,1.1328,-9999.0000,0.1454,0.0380,0.0655,0.1015,-9999.0000,-9999.0000,0.0
1887922.000,0.0891,2.8642,1.3609,0.1353,0.1106,-9999.0000,0.0887,-9999.0000,-9999.0000,-9999.0000,0.0
1888200.000,-9999.0000,-9999.0000,-9999.0000,-9999.0000,-9999.0000,-9999.0000,-9999.0000,-9999.0000,-9999.0000,-9999.0000,1.0
1888431.000,-9999.0000,-9999.0000,-9999.0000,-9999.0000,-9999.0000,-9999.0000,-9999.0000,-9999.0000,-9999.0000,-9999.0000,1.0
1888662.000,-9999.0000,-9999.0000,-9999.0000,-9999.0000,-9999.0000,-9999.0000,-9999.0000,-9999.0000,-9999.0000,-9999.0000,1.0
1888894.000,-9999.0000,-9999.0000,-9999.0000,-9999.0000,-9999.0000,-9999.0000,-9999.0000,-9999.0000,-9999.0000,-9999.0000,1.0
1889125.000,-9999.0000,-9999.0000,-9999.0000,-9999.0000,-9999.0000,-9999.0000,-9999.0000,-9999.0000,-9999.0000,-9999.0000,1.0
1889356.000,-9999.0000,-9999.0000,-9999.0000,-9999.0000,-9999.0000,-9999.0000,-9999.0000,-9999.0000,-9999.0000,-9999.0000,1.0
1889587.000,-9999.0000,-9999.0000,-9999.0000,-9999.0000,-9999.0000,-9999.0000,-9999.0000,-9999.0000,-9999.0000,-9999.0000,1.0
1889867.000,0.0649,4.6208,1.4623,0.1341,0.1690,0.0842,0.0654,-9999.0000,-9999.0000,-9999.0000,0.0
1890099.000,0.0930,4.2331,1.2807,-9999.0000,0.1435,0.0830,0.0523,-9999.0000,0.0887,-9999.0000,0.0
1890330.000,0.0537,4.1291,1.0021,-9999.0000,0.1708,-9999.0000,-9999.0000,-9999.0000,0.0938,-9999.0000,0.0
1890561.000,0.0667,3.8964,1.1787,0.1159,0.2333,0.0631,-9999.0000,-9999.0000,-9999.0000,-9999.0000,0.0
1890792.000,0.1673,3.7239,1.0438,-9999.0000,0.1238,-9999.0000,-9999.0000,-9999.0000,-9999.0000,-9999.0000,0.0
1891023.000,0.1247,3.8069,1.2271,0.0885,0.1110,-9999.0000,0.0779,-9999.0000,-9999.0000,-9999.0000,0.0
1891255.000,0.0428,4.0983,1.1640,-9999.0000,0.1617,0.0988,0.1042,-9999.0000,-9999.0000,-9999.0000,0.0
1891486.000,0.1015,3.4312,1.0966,0.1850,0.0878,-9999.0000,-9999.0000,-9999.0000,0.1384,-9999.0000,0.0
1891717.000,0.0843,3.5269,0.9683,-9999.0000,0.1245,-9999.0000,-9999.0000,0.1824,0.0813,0.0692,0.0
1891948.000,0.0847,3.1327,1.2042,0.1162,0.1493,0.0280,0.0923,-9999.0000,-9999.0000,-9999.0000,0.0
1892179.000,0.1281,3.2729,1.1846,0.1427,-9999.0000,0.0285,-9999.0000,0.1508,-9999.0000,-9999.0000,0.0
1892411.000,0.0675,3.3381,1.0602,0.0944,0.1389,0.0760,0.0602,-9999.0000,-9999.0000,-9999.0000,0.0
1892642.000,0.1291,3.2633,1.0610,0.1692,0.1276,0.0289,-9999.0000,-9999.0000,-9999.0000,-9999.0000,0.0
1892873.000,0.1516,3.1967,1.2045,0.2629,0.1018,0.0284,-9999.0000,-9999.0000,-9999.0000,0.0704,0.0
1893104.000,0.1100,3.3465,1.1739,0.2650,0.1632,-9999.0000,0.0489,-9999.0000,-9999.0000,-9999.0000,0.0
1893335.000,0.0734,3.6237,1.1708,-9999.0000,0.1265,0.0404,0.0485,-9999.0000,-9999.0000,-9999.0000,0.0
1893567.000,0.0677,3.6117,1.0438,0.0951,-9999.0000,0.0407,-9999.0000,-9999.0000,0.1604,0.0714,0.0
1893798.000,0.0676,3.2827,1.1375,-9999.0000,0.1027,-9999.0000,0.0491,-9999.0000,0.1602,-9999.0000,0.0
1894029.000,0.0738,3.2408,1.1387,0.1440,0.0785,0.0883,0.0607,-9999.0000,-9999.0000,-9999.0000,0.0
1894260.000,0.1618,3.3186,1.0599,0.1631,0.1365,0.0396,0.0799,-9999.0000,-9999.0000,-9999.0000,0.0
1894491.000,0.1097,3.2298,1.1957,0.0942,0.0780,0.0523,-9999.0000,-9999.0000,-9999.0000,-9999.0000,0.0
1894723.000,0.0927,3.4276,1.4460,0.1459,0.1037,-9999.0000,-9999.0000,-9999.0000,-9999.0000,-9999.0000,0.0
1894954.000,0.0678,3.0841,1.2344,0.1687,0.1639,0.0528,-9999.0000,-9999.0000,-9999.0000,-9999.0000,0.0
1895185.000,0.0629,3.5798,1.2357,0.1979,0.0555,0.0419,0.0752,-9999.0000,-9999.0000,-9999.0000,0.0
1895416.000,0.1042,3.0068,1.0887,0.0955,0.1152,-9999.0000,-9999.0000,0.1017,-9999.0000,-9999.0000,0.0
1895647.000,0.0856,3.0322,1.1728,0.1434,0.1026,0.0762,0.0488,-9999.0000,0.1299,-9999.0000,0.0
1895879.000,0.1247,3.0526,1.3012,0.0993,0.1421,0.0541,0.0754,-9999.0000,-9999.0000,-9999.0000,0.0
1896110.000,0.0733,2.7673,1.0128,-9999.0000,-9999.0000,0.0288,-9999.0000,0.0995,-9999.0000,-9999.0000,0.0
1896341.000,0.0560,2.7787,1.0458,0.0971,-9999.0000,-9999.0000,-9999.0000,-9999.0000,-9999.0000,-9999.0000,0.0
1896572.000,0.1555,2.8663,1.0379,-9999.0000,0.0927,0.0421,-9999.0000,-9999.0000,-9999.0000,-9999.0000,0.0
1896803.000,0.0928,2.7213,1.0597,0.1956,0.0918,0.0894,0.0507,-9999.0000,-9999.0000,-9999.0000,0.0
1897035.000,0.1067,2.6048,1.2108,-9999.0000,0.1181,0.0545,-9999.0000,-9999.0000,0.0756,-9999.0000,0.0
1897266.000,0.0940,2.5039,1.0662,-9999.0000,0.0930,-9999.0000,-9999.0000,-9999.0000,-9999.0000,-9999.0000,0.0
1897497.000,0.0442,2.4792,1.0983,0.0988,-9999.0000,-9999.0000,-9999.0000,0.1065,-9999.0000,-9999.0000,0.0
1897728.000,0.0807,2.7174,1.0993,0.1470,0.1533,0.0297,-9999.0000,-9999.0000,-9999.0000,-9999.0000,0.0
1897959.000,0.0984,2.3232,0.9143,0.1208,0.1157,-9999.0000,-9999.0000,-9999.0000,-9999.0000,-9999.0000,0.0
1898191.000,0.1001,2.4945,1.0336,-9999.0000,-9999.0000,-9999.0000,-9999.0000,-9999.0000,-9999.0000,-9999.0000,0.0
1898422.000,0.0571,2.1427,1.1794,0.1506,-9999.0000,-9999.0000,-9999.0000,0.1483,-9999.0000,-9999.0000,0.0
1898653.000,0.0444,2.0112,1.1018,-9999.0000,0.0682,-9999.0000,-9999.0000,-9999.0000,0.1508,-9999.0000,0.0
1898884.000,0.0810,2.0775,0.9121,0.1481,0.1048,-9999.0000,-9999.0000,-9999.0000,-9999.0000,0.1684,0.0
1899115.000,0.1364,2.1867,1.1874,-9999.0000,0.0556,0.0541,-9999.0000,-9999.0000,-9999.0000,-9999.0000,0.0
1899347.000,0.0871,2.2049,1.0322,-9999.0000,-9999.0000,0.0300,-9999.0000,-9999.0000,-9999.0000,-9999.0000,0.0
1899578.000,0.0635,2.4305,0.9252,-9999.0000,-9999.0000,0.0308,-9999.0000,-9999.0000,-9999.0000,-9999.0000,0.0
1899809.000,0.0817,2.0049,1.1059,-9999.0000,-9999.0000,0.0305,-9999.0000,-9999.0000,-9999.0000,-9999.0000,0.0
1900040.000,0.1137,1.7950,1.0515,-9999.0000,-9999.0000,0.0553,-9999.0000,-9999.0000,-9999.0000,-9999.0000,0.0
1900271.000,0.0576,2.0292,0.8835,-9999.0000,-9999.0000,-9999.0000,-9999.0000,-9999.0000,-9999.0000,-9999.0000,0.0
1900503.000,0.1126,2.2434,1.0093,0.1006,0.0810,0.0547,0.0761,-9999.0000,-9999.0000,-9999.0000,0.0
1900734.000,0.1310,2.1106,1.0600,-9999.0000,0.1057,0.0668,0.0877,-9999.0000,-9999.0000,-9999.0000,0.0
1900965.000,0.0749,1.9705,0.9826,0.1238,-9999.0000,-9999.0000,0.0517,-9999.0000,-9999.0000,-9999.0000,0.0
1901196.000,0.1424,1.9534,0.9755,0.1483,0.0557,0.0542,-9999.0000,-9999.0000,-9999.0000,-9999.0000,0.0
1901427.000,0.0578,1.9124,1.0878,0.1035,0.0573,-9999.0000,-9999.0000,0.1650,-9999.0000,-9999.0000,0.0
1901659.000,0.0589,1.9218,1.0274,0.1070,0.0585,-9999.0000,-9999.0000,0.1322,0.0820,-9999.0000,0.0
1901890.000,0.0449,1.6307,0.9570,0.2515,0.0692,0.0431,-9999.0000,-9999.0000,-9999.0000,-9999.0000,0.0
1902121.000,0.0876,1.7371,1.0071,0.1252,0.0686,0.0426,0.0526,-9999.0000,-9999.0000,-9999.0000,0.0
1902352.000,0.0886,1.5674,0.8501,0.1526,0.0944,-9999.0000,-9999.0000,-9999.0000,-9999.0000,0.0751,0.0
1902583.000,0.0821,1.5685,1.1376,0.1270,0.0568,0.0674,-9999.0000,-9999.0000,0.0924,-9999.0000,0.0
1902815.000,0.1007,1.2433,1.1054,-9999.0000,-9999.0000,-9999.0000,0.1123,-9999.0000,-9999.0000,-9999.0000,0.0
1903046.000,0.0947,1.3793,1.0173,-9999.0000,-9999.0000,-9999.0000,0.1478,-9999.0000,-9999.0000,-9999.0000,0.0
1903277.000,0.1211,1.7016,0.9844,-9999.0000,-9999.0000,0.0318,-9999.0000,-9999.0000,0.0801,-9999.0000,0.0
1903508.000,0.0581,1.6899,1.0544,-9999.0000,-9999.0000,-9999.0000,-9999.0000,-9999.0000,-9999.0000,0.0763,0.0
1903739.000,0.1085,1.6157,1.0042,-9999.0000,0.0706,0.0810,-9999.0000,-9999.0000,-9999.0000,-9999.0000,0.0
1903971.000,0.1083,1.3676,1.0928,-9999.0000,-9999.0000,0.0440,0.1030,-9999.0000,0.0797,0.0762,0.0
1904202.000,0.1010,1.3948,0.9786,0.1527,0.0696,-9999.0000,0.0542,-9999.0000,-9999.0000,-9999.0000,0.0
1904433.000,0.1141,1.5325,1.0176,0.1042,-9999.0000,0.0683,0.0905,-9999.0000,-9999.0000,-9999.0000,0.0
1904664.000,0.1066,1.3154,0.9093,-9999.0000,0.0692,0.0432,-9999.0000,-9999.0000,-9999.0000,-9999.0000,0.0
1904895.000,0.1707,1.3336,0.9481,0.1047,0.0829,-9999.0000,-9999.0000,-9999.0000,-9999.0000,-9999.0000,0.0
1905127.000,0.1324,1.3529,1.1234,-9999.0000,-9999.0000,-9999.0000,-9999.0000,-9999.0000,-9999.0000,-9999.0000,0.0
1905358.000,0.1696,1.2264,0.9152,0.1282,-9999.0000,0.0314,-9999.0000,-9999.0000,-9999.0000,-9999.0000,0.0
1905589.000,0.0772,1.3510,1.1293,-9999.0000,0.1086,-9999.0000,-9999.0000,-9999.0000,-9999.0000,-9999.0000,0.0
1905820.000,0.1447,1.1263,0.9933,-9999.0000,0.1073,-9999.0000,-9999.0000,-9999.0000,-9999.0000,-9999.0000,0.0
1906051.000,0.0714,1.0958,1.1368,0.1834,-9999.0000,-9999.0000,0.0693,0.0917,-9999.0000,-9999.0000,0.0
1906283.000,0.0717,1.3328,1.1746,-9999.0000,0.1226,-9999.0000,-9999.0000,-9999.0000,-9999.0000,-9999.0000,0.0
1906514.000,0.0755,1.1349,1.0299,-9999.0000,0.0569,-9999.0000,-9999.0000,-9999.0000,-9999.0000,-9999.0000,0.0
1906745.000,0.0655,1.1211,0.9451,-9999.0000,0.0847,0.0328,0.1061,-9999.0000,-9999.0000,-9999.0000,0.0
1906976.000,0.1158,0.9004,1.0329,0.1076,0.1223,-9999.0000,-9999.0000,-9999.0000,-9999.0000,-9999.0000,0.0
1907207.000,0.0960,1.2886,0.9728,0.1565,0.0584,-9999.0000,0.1393,-9999.0000,0.0809,-9999.0000,0.0
1907439.000,0.0635,1.1371,0.9648,-9999.0000,0.1071,-9999.0000,-9999.0000,-9999.0000,-9999.0000,-9999.0000,0.0
1907670.000,0.0698,1.1383,1.0559,-9999.0000,0.1072,0.0437,-9999.0000,-9999.0000,-9999.0000,-9999.0000,0.0
1907901.000,0.1284,0.9953,1.2237,-9999.0000,0.0717,0.0574,0.0577,-9999.0000,-9999.0000,-9999.0000,0.0
1908132.000,0.1460,1.3155,0.9901,-9999.0000,-9999.0000,0.0813,0.0916,-9999.0000,-9999.0000,-9999.0000,0.0
1908363.000,0.1082,0.9773,1.1128,-9999.0000,0.0583,0.0322,-9999.0000,-9999.0000,-9999.0000,-9999.0000,0.0
1908595.000,0.0769,1.1664,0.9312,-9999.0000,0.1211,0.0445,-9999.0000,-9999.0000,-9999.0000,-9999.0000,0.0
1908826.000,0.0515,1.1341,0.9784,-9999.0000,0.0705,-9999.0000,0.1142,-9999.0000,0.1104,-9999.0000,0.0
1909057.000,0.1280,0.9978,1.0362,-9999.0000,-9999.0000,0.0449,-9999.0000,-9999.0000,-9999.0000,-9999.0000,0.0
1909288.000,0.1156,1.1590,1.0975,0.2092,0.0590,-9999.0000,0.0933,-9999.0000,0.1293,-9999.0000,0.0
1909519.000,0.0520,0.8962,1.1098,0.1316,0.1593,0.0324,-9999.0000,-9999.0000,-9999.0000,-9999.0000,0.0
1909751.000,0.1232,1.1060,1.3076,0.1100,0.0854,-9999.0000,0.0712,-9999.0000,-9999.0000,-9999.0000,0.0
1909982.000,0.1193,1.0651,1.0925,0.1032,0.0823,-9999.0000,-9999.0000,-9999.0000,-9999.0000,-9999.0000,0.0
1910213.000,0.1283,1.0810,0.9667,0.2602,0.0845,0.0576,-9999.0000,-9999.0000,-9999.0000,-9999.0000,0.0
1910444.000,0.0776,0.9694,1.0185,-9999.0000,-9999.0000,0.0452,-9999.0000,-9999.0000,0.0982,-9999.0000,0.0
1910675.000,0.1368,0.9670,1.0646,0.1017,0.0817,-9999.0000,-9999.0000,-9999.0000,-9999.0000,-9999.0000,0.0
1910907.000,0.0948,1.1254,1.0962,-9999.0000,-9999.0000,-9999.0000,-9999.0000,-9999.0000,0.1095,-9999.0000,0.0
1911138.000,0.0586,1.1333,1.0044,0.1331,0.0970,-9999.0000,0.0812,-9999.0000,-9999.0000,-9999.0000,0.0
1911369.000,0.0952,0.8926,0.9850,-9999.0000,-9999.0000,-9999.0000,-9999.0000,-9999.0000,-9999.0000,-9999.0000,0.0
1911600.000,0.0644,1.0502,1.0102,0.1064,-9999.0000,-9999.0000,0.0564,0.1535,-9999.0000,-9999.0000,0.0
1911831.000,0.1088,0.8840,0.9291,-9999.0000,-9999.0000,0.0450,-9999.0000,-9999.0000,-9999.0000,-9999.0000,0.0
1912063.000,0.1081,0.9060,0.8714,0.1814,0.0585,0.0814,-9999.0000,-9999.0000,-9999.0000,-9999.0000,0.0
1912294.000,0.0633,0.9082,1.1103,-9999.0000,0.0824,-9999.0000,0.1240,-9999.0000,-9999.0000,-9999.0000,0.0
1912525.000,0.0382,0.9310,1.1046,0.1518,0.0696,-9999.0000,-9999.0000,0.0943,-9999.0000,-9999.0000,0.0
1912756.000,0.0836,0.8219,1.2238,-9999.0000,0.0717,-9999.0000,0.0571,-9999.0000,-9999.0000,-9999.0000,0.0
1912987.000,0.0962,0.9242,1.2175,-9999.0000,0.0591,-9999.0000,0.0808,-9999.0000,-9999.0000,-9999.0000,0.0
1913219.000,0.0446,0.8527,1.1735,-9999.0000,-9999.0000,0.0439,-9999.0000,-9999.0000,-9999.0000,-9999.0000,0.0
1913450.000,0.0632,0.9751,0.9735,-9999.0000,0.0700,-9999.0000,-9999.0000,-9999.0000,-9999.0000,-9999.0000,0.0
1913681.000,0.0766,0.9972,1.1169,0.1310,0.0711,-9999.0000,0.0912,0.0999,-9999.0000,-9999.0000,0.0
1913912.000,0.1073,1.0892,1.1561,-9999.0000,-9999.0000,0.0688,-9999.0000,-9999.0000,-9999.0000,-9999.0000,0.0
1914144.000,0.0972,1.1393,1.0983,-9999.0000,0.0854,-9999.0000,-9999.0000,-9999.0000,-9999.0000,-9999.0000,0.0
1914375.000,0.0583,1.0624,1.0259,0.1326,0.0842,0.0329,0.0569,-9999.0000,-9999.0000,-9999.0000,0.0
1914606.000,0.1208,0.8930,1.0293,-9999.0000,0.1217,-9999.0000,-9999.0000,-9999.0000,-9999.0000,-9999.0000,0.0
1914837.000,0.0831,0.8841,1.2823,0.2826,-9999.0000,-9999.0000,-9999.0000,-9999.0000,-9999.0000,-9999.0000,0.0
1915068.000,0.0633,1.2343,1.3429,0.1039,-9999.0000,-9999.0000,-9999.0000,-9999.0000,-9999.0000,-9999.0000,0.0
1915300.000,0.1689,1.1058,1.1453,-9999.0000,0.0829,0.0322,-9999.0000,0.1224,-9999.0000,-9999.0000,0.0
1915531.000,0.1320,1.4198,1.2058,0.2045,0.1204,-9999.0000,-9999.0000,-9999.0000,-9999.0000,-9999.0000,0.0
1915762.000,0.0820,0.9122,1.4416,0.2288,0.1326,-9999.0000,-9999.0000,-9999.0000,-9999.0000,-9999.0000,0.0
1915993.000,0.0897,1.1876,1.2803,0.1328,0.0970,0.0330,-9999.0000,-9999.0000,-9999.0000,-9999.0000,0.0
1916224.000,0.1202,1.1426,1.5107,0.1060,0.0962,-9999.0000,-9999.0000,-9999.0000,-9999.0000,-9999.0000,0.0
1916456.000,0.0935,1.0586,1.4030,-9999.0000,0.1068,0.0559,-9999.0000,-9999.0000,0.0771,-9999.0000,0.0
1916687.000,0.0754,1.0656,1.4407,0.1034,0.0825,-9999.0000,0.0654,-9999.0000,-9999.0000,-9999.0000,0.0
1916918.000,0.1010,0.9880,1.4984,-9999.0000,0.0834,-9999.0000,-9999.0000,-9999.0000,-9999.0000,-9999.0000,0.0
1917149.000,0.1014,1.0332,1.7048,0.2814,0.1462,0.0938,0.0910,-9999.0000,-9999.0000,-9999.0000,0.0
1917380.000,0.1004,1.1860,1.3671,0.4268,0.1324,-9999.0000,-9999.0000,-9999.0000,-9999.0000,-9999.0000,0.0
1917612.000,0.0954,1.0367,1.4094,0.1568,0.0965,0.0329,-9999.0000,-9999.0000,-9999.0000,-9999.0000,0.0
1917843.000,0.0926,1.1350,1.5878,-9999.0000,0.1426,0.0315,0.0748,-9999.0000,-9999.0000,0.0729,0.0
1918074.000,0.0639,1.4303,1.7631,0.2314,0.0963,-9999.0000,-9999.0000,-9999.0000,0.0962,-9999.0000,0.0
1918305.000,0.1427,1.1890,1.3453,0.1521,0.1069,-9999.0000,-9999.0000,0.1058,-9999.0000,-9999.0000,0.0
1918536.000,0.0684,0.9879,1.2935,0.2000,0.0572,0.0317,-9999.0000,-9999.0000,-9999.0000,-9999.0000,0.0
1918768.000,0.0947,1.2281,1.1879,0.2053,0.0959,-9999.0000,-9999.0000,0.1491,0.0801,-9999.0000,0.0
1918999.000,0.1005,1.2747,1.4921,0.2042,0.1080,-9999.0000,0.0662,-9999.0000,-9999.0000,-9999.0000,0.0
1919230.000,0.1055,1.0087,1.1893,-9999.0000,0.0698,-9999.0000,-9999.0000,-9999.0000,-9999.0000,-9999.0000,0.0
1919461.000,0.0932,1.0084,1.2592,0.2010,0.1190,0.0320,-9999.0000,-9999.0000,-9999.0000,-9999.0000,0.0
1919692.000,0.0941,1.1231,1.4625,0.2035,0.1449,0.0445,-9999.0000,-9999.0000,-9999.0000,-9999.0000,0.0
1919924.000,0.1107,0.9035,1.4835,0.1987,0.1181,0.0316,0.1435,-9999.0000,-9999.0000,-9999.0000,0.0
1920155.000,0.0441,0.9101,1.5090,-9999.0000,0.0700,0.0801,-9999.0000,0.0923,-9999.0000,0.1213,0.0
1920386.000,0.1065,1.1003,1.6170,0.1788,0.0830,0.0688,0.0659,-9999.0000,-9999.0000,-9999.0000,0.0
1920617.000,0.1322,1.3398,1.7200,0.2310,0.1212,0.0694,-9999.0000,-9999.0000,-9999.0000,-9999.0000,0.0
1920848.000,0.0736,1.2117,1.7961,0.2214,0.2389,0.0314,0.0507,-9999.0000,-9999.0000,-9999.0000,0.0
1921080.000,0.0975,1.2189,1.5942,0.2929,0.1532,0.0430,-9999.0000,-9999.0000,-9999.0000,-9999.0000,0.0
1921311.000,0.0616,1.1242,1.3448,-9999.0000,0.1663,0.0672,-9999.0000,-9999.0000,-9999.0000,-9999.0000,0.0
1921542.000,0.1183,1.2702,1.5340,0.2274,0.1198,-9999.0000,-9999.0000,-9999.0000,-9999.0000,-9999.0000,0.0
1921773.000,0.0631,1.2616,1.4558,0.1789,0.2812,0.0568,0.0543,-9999.0000,-9999.0000,-9999.0000,0.0
1922004.000,0.1185,1.1264,1.3628,0.1536,0.2311,0.0446,0.1468,-9999.0000,-9999.0000,-9999.0000,0.0
1922236.000,0.1128,1.2508,1.6458,0.1300,0.2446,0.0691,0.1246,0.1599,0.1713,-9999.0000,0.0
1922467.000,0.0998,1.3618,1.6679,0.2274,0.1568,0.0445,-9999.0000,-9999.0000,-9999.0000,-9999.0000,0.0
1922698.000,0.1223,1.3733,1.4199,0.1247,0.1420,0.0791,0.1082,-9999.0000,-9999.0000,-9999.0000,0.0
1922929.000,0.1475,1.1191,1.7263,0.2730,0.1429,-9999.0000,-9999.0000,0.0895,-9999.0000,-9999.0000,0.0
1923160.000,0.0681,1.2171,1.7442,-9999.0000,0.1304,-9999.0000,0.0519,-9999.0000,0.0760,-9999.0000,0.0
1923392.000,0.1227,1.5010,1.5055,0.2471,0.1542,-9999.0000,-9999.0000,-9999.0000,0.1805,-9999.0000,0.0
1923623.000,0.0688,1.3577,1.5863,0.2507,0.2296,0.0320,-9999.0000,-9999.0000,0.0778,-9999.0000,0.0
1923854.000,0.0988,1.3599,1.3787,0.1991,0.1666,0.0435,-9999.0000,-9999.0000,-9999.0000,-9999.0000,0.0
1924085.000,0.1125,1.3627,1.5048,-9999.0000,0.2304,0.0320,-9999.0000,-9999.0000,-9999.0000,-9999.0000,0.0
1924316.000,0.0733,1.2755,1.3610,0.1220,0.2246,0.0779,0.0731,-9999.0000,-9999.0000,-9999.0000,0.0
1924548.000,0.0852,1.1280,1.4701,0.1695,0.1391,-9999.0000,-9999.0000,-9999.0000,-9999.0000,-9999.0000,0.0
1924779.000,0.0615,1.2693,1.5046,0.2929,0.1885,0.1136,0.0510,-9999.0000,-9999.0000,-9999.0000,0.0
1925010.000,0.0675,1.2398,1.5488,0.2683,0.1639,0.0422,-9999.0000,0.1124,0.1794,0.1653,0.0
1925241.000,0.0922,1.2770,1.4838,-9999.0000,0.1398,0.0542,-9999.0000,0.1262,-9999.0000,-9999.0000,0.0
1925472.000,0.0938,1.1710,1.4630,0.3492,0.1791,0.0915,-9999.0000,-9999.0000,-9999.0000,0.0734,0.0
1925704.000,0.0916,1.5843,1.3674,0.2665,0.1141,0.0535,0.0621,-9999.0000,-9999.0000,-9999.0000,0.0
1925935.000,0.1042,1.3596,1.5127,0.2923,0.0656,0.0894,0.0744,-9999.0000,0.1048,-9999.0000,0.0
1926166.000,0.0678,1.3179,1.3311,-9999.0000,0.1999,0.0775,0.0632,-9999.0000,-9999.0000,-9999.0000,0.0
1926397.000,0.1347,1.4208,1.5432,0.3894,0.1504,0.1249,0.0629,-9999.0000,-9999.0000,-9999.0000,0.0
1926628.000,0.1222,1.2795,1.6275,0.2172,0.2106,0.1957,0.0510,-9999.0000,0.0891,-9999.0000,0.0
1926860.000,0.1364,1.4789,1.5236,0.2958,0.1888,0.1504,0.0882,-9999.0000,-9999.0000,-9999.0000,0.0
1927091.000,0.0672,1.2455,1.5600,0.4107,0.2825,0.1357,-9999.0000,0.1490,-9999.0000,-9999.0000,0.0
1927322.000,0.0613,1.4553,1.5063,0.2407,0.1489,0.1953,0.2114,-9999.0000,-9999.0000,-9999.0000,0.0
1927553.000,0.1345,1.2457,1.6977,0.3141,0.1854,0.1597,0.1774,0.0998,-9999.0000,-9999.0000,0.0
1927784.000,0.1273,1.2602,1.5767,0.4804,0.0866,0.0991,0.1069,0.1219,-9999.0000,-9999.0000,0.0
1928016.000,0.0926,1.3754,1.6073,0.2426,0.1985,0.1847,0.1448,-9999.0000,0.1210,-9999.0000,0.0
1928247.000,0.1177,1.4461,1.5372,0.3673,0.1868,0.1613,0.1574,-9999.0000,-9999.0000,0.0722,0.0
1928478.000,0.1388,1.0421,1.6186,0.3320,0.1819,0.1689,0.0833,-9999.0000,-9999.0000,-9999.0000,0.0
1928709.000,0.1226,1.3272,1.6101,0.3623,0.2210,0.1474,0.2239,-9999.0000,-9999.0000,-9999.0000,0.0
1928940.000,0.0740,1.1668,1.7046,0.2899,0.1725,0.0760,0.1213,0.1652,-9999.0000,-9999.0000,0.0
1929172.000,0.1468,1.4552,1.5442,0.3123,0.1714,0.0993,0.1318,-9999.0000,-9999.0000,-9999.0000,0.0
1929403.000,0.0488,1.3907,1.5856,0.2854,0.1215,0.0511,-9999.0000,-9999.0000,-9999.0000,-9999.0000,0.0
1929634.000,0.0666,1.3495,1.7209,-9999.0000,0.1446,0.0860,0.0724,0.1460,-9999.0000,-9999.0000,0.0
1929865.000,0.0682,1.1459,1.3208,0.2163,0.1599,0.0639,-9999.0000,-9999.0000,-9999.0000,-9999.0000,0.0
1930096.000,0.0920,1.1236,1.5696,0.3850,0.0970,0.0630,0.2011,-9999.0000,-9999.0000,-9999.0000,0.0
1930328.000,0.0500,1.2477,1.6343,0.2668,0.1725,0.0519,0.0652,-9999.0000,-9999.0000,-9999.0000,0.0
1930559.000,0.1282,1.0800,1.5571,0.0895,0.1937,0.0982,0.1198,-9999.0000,-9999.0000,-9999.0000,0.0
1930790.000,0.1101,1.2656,1.3751,0.2853,0.1448,0.1459,0.0513,-9999.0000,-9999.0000,-9999.0000,0.0
1931021.000,0.0990,1.4715,1.5882,0.2891,0.0846,0.0391,0.0646,-9999.0000,-9999.0000,-9999.0000,0.0
1931252.000,0.0965,1.0237,1.3882,0.2073,0.0577,0.0729,0.1289,-9999.0000,-9999.0000,-9999.0000,0.0
1931484.000,0.0869,1.2315,1.2774,0.3143,0.0596,0.0390,0.0999,0.1810,0.1066,0.0719,0.0
1931715.000,0.0726,1.2414,1.4359,-9999.0000,0.1301,0.1203,-9999.0000,-9999.0000,0.0863,-9999.0000,0.0
1931946.000,0.0987,1.1918,1.6020,0.3116,0.1324,0.0744,0.0873,-9999.0000,-9999.0000,-9999.0000,0.0
1932177.000,0.1038,0.9999,1.3272,0.2587,0.0697,0.0734,-9999.0000,-9999.0000,-9999.0000,-9999.0000,0.0
1932408.000,0.0929,1.4069,1.4273,0.1391,0.1200,0.0745,0.1229,0.1034,-9999.0000,-9999.0000,0.0
1932640.000,0.0988,1.2094,1.3332,0.1875,0.1193,0.0981,-9999.0000,0.1535,-9999.0000,-9999.0000,0.0
1932871.000,0.0860,0.9946,1.3330,0.2596,0.1061,-9999.0000,0.0635,-9999.0000,0.1042,-9999.0000,0.0
1933102.000,0.1287,1.2287,1.3238,0.2095,0.0566,0.0612,0.1209,-9999.0000,-9999.0000,-9999.0000,0.0
1933333.000,0.0597,1.0963,1.3740,0.2021,0.0785,0.0710,0.1386,-9999.0000,-9999.0000,-9999.0000,0.0
1933564.000,0.0909,1.1937,1.2516,-9999.0000,0.1159,0.0363,-9999.0000,-9999.0000,0.0862,-9999.0000,0.0
1933796.000,0.0983,0.9355,1.4149,0.1108,0.1051,0.0730,-9999.0000,0.1262,-9999.0000,0.0706,0.0
1934027.000,0.0474,1.0916,1.2874,0.1761,0.0773,0.0468,0.0928,0.1031,-9999.0000,-9999.0000,0.0
1934258.000,0.0545,1.0087,1.2527,0.1320,0.1031,-9999.0000,-9999.0000,-9999.0000,-9999.0000,-9999.0000,0.0
1934489.000,0.0801,1.0955,1.1432,-9999.0000,0.1293,0.0608,-9999.0000,-9999.0000,0.0896,-9999.0000,0.0
1934720.000,0.0727,1.1377,1.3461,0.1556,0.1025,-9999.0000,0.1075,-9999.0000,-9999.0000,-9999.0000,0.0
1934952.000,0.1046,0.8473,1.2039,-9999.0000,0.0669,-9999.0000,0.0870,-9999.0000,0.1043,-9999.0000,0.0
1935183.000,0.0730,1.1371,1.0965,0.2048,0.1267,-9999.0000,-9999.0000,-9999.0000,-9999.0000,-9999.0000,0.0
1935414.000,0.0615,1.1256,1.2935,0.1090,0.0664,-9999.0000,-9999.0000,0.1013,-9999.0000,-9999.0000,0.0
1935645.000,0.1601,1.2571,1.3639,0.1582,0.1031,-9999.0000,-9999.0000,0.1525,-9999.0000,-9999.0000,0.0
1935876.000,0.0796,1.2106,1.3572,-9999.0000,-9999.0000,0.0355,-9999.0000,-9999.0000,-9999.0000,-9999.0000,0.0
1936108.000,0.0855,1.0609,1.1179,-9999.0000,-9999.0000,-9999.0000,0.0975,-9999.0000,-9999.0000,-9999.0000,0.0
1936339.000,0.0919,1.2035,1.1077,0.1806,0.1139,0.0592,0.0980,-9999.0000,-9999.0000,-9999.0000,0.0
1936570.000,0.1032,1.1112,1.0082,0.1776,0.1124,0.0940,-9999.0000,-9999.0000,-9999.0000,0.0689,0.0
1936801.000,0.1278,0.9558,1.5364,0.3494,0.0880,0.0822,0.1542,-9999.0000,-9999.0000,-9999.0000,0.0
1937032.000,0.1594,1.0747,1.1702,0.2535,0.1377,0.0708,0.1212,-9999.0000,-9999.0000,-9999.0000,0.0
1937264.000,0.0731,1.3432,1.3177,0.1045,0.1368,0.0703,0.0743,-9999.0000,-9999.0000,-9999.0000,0.0
1937495.000,0.1045,1.0358,1.2699,0.3531,0.0884,0.0949,0.1104,-9999.0000,-9999.0000,-9999.0000,0.0
1937726.000,0.0908,0.9435,1.2258,0.1756,0.0865,0.1170,0.0617,-9999.0000,-9999.0000,-9999.0000,0.0
1937957.000,0.0667,1.3225,1.4198,0.1273,0.1354,0.0815,0.0852,0.1223,-9999.0000,-9999.0000,0.0
1938188.000,0.0982,1.2950,1.3368,0.1293,0.1613,0.0943,0.1217,0.1130,-9999.0000,0.0700,0.0
1938420.000,0.1097,1.1366,1.2059,0.2008,-9999.0000,0.1053,-9999.0000,-9999.0000,-9999.0000,-9999.0000,0.0
1938651.000,0.0869,1.1770,1.2343,0.2310,0.1128,0.1316,-9999.0000,-9999.0000,-9999.0000,-9999.0000,0.0
1938882.000,0.0493,1.1862,1.1971,0.1301,0.0997,0.0947,0.1349,-9999.0000,-9999.0000,-9999.0000,0.0
1939113.000,0.0735,1.1268,1.2066,0.1773,0.0738,0.1418,0.1101,-9999.0000,-9999.0000,-9999.0000,0.0
1939344.000,0.1115,1.2220,0.9347,0.1798,-9999.0000,0.0461,0.1354,0.1034,-9999.0000,-9999.0000,0.0
1939576.000,0.1416,1.1555,1.2412,-9999.0000,0.0982,0.1420,0.0990,-9999.0000,-9999.0000,-9999.0000,0.0
1939807.000,0.1793,0.9001,1.0591,0.1037,0.1480,0.1303,0.0765,-9999.0000,-9999.0000,0.0705,0.0
1940038.000,0.0670,1.1437,1.0849,0.1255,0.0845,0.0327,0.1208,-9999.0000,-9999.0000,-9999.0000,0.0
1940269.000,0.0675,1.4958,1.2594,0.1270,0.1468,0.0571,0.1107,-9999.0000,-9999.0000,-9999.0000,0.0
1940500.000,0.1265,1.0501,1.0863,-9999.0000,0.0822,0.0789,-9999.0000,0.0932,-9999.0000,-9999.0000,0.0
1940732.000,0.0602,1.1000,1.0491,-9999.0000,-9999.0000,0.0437,0.0732,-9999.0000,0.1452,-9999.0000,0.0
1940963.000,0.0545,0.9513,0.9987,0.2715,0.2060,0.0800,0.0975,-9999.0000,-9999.0000,-9999.0000,0.0
1941194.000,0.1476,1.1323,1.0761,0.3480,0.0837,0.0443,-9999.0000,0.1771,-9999.0000,0.0697,0.0
1941425.000,0.0916,1.0325,1.0833,0.2471,-9999.0000,0.0559,0.0748,-9999.0000,-9999.0000,-9999.0000,0.0
1941656.000,0.1644,1.1909,1.0953,0.0975,0.1064,-9999.0000,0.1429,-9999.0000,0.0855,-9999.0000,0.0
1941888.000,0.0887,0.9018,1.0619,-9999.0000,0.0790,0.0767,0.1375,-9999.0000,-9999.0000,-9999.0000,0.0
1942119.000,0.1100,1.0109,1.0374,-9999.0000,0.0820,0.0795,-9999.0000,-9999.0000,-9999.0000,-9999.0000,0.0
1942350.000,0.0916,0.8734,1.1266,-9999.0000,-9999.0000,0.1275,0.1096,-9999.0000,-9999.0000,-9999.0000,0.0
1942581.000,0.0967,0.9648,0.9434,0.1688,-9999.0000,0.0544,-9999.0000,-9999.0000,-9999.0000,-9999.0000,0.0
1942813.000,0.0796,0.8950,1.0852,0.1476,0.0569,0.0312,0.0756,-9999.0000,-9999.0000,-9999.0000,0.0
1943044.000,0.0778,0.9770,1.1883,0.1420,0.0547,0.0299,0.1521,-9999.0000,-9999.0000,-9999.0000,0.0
1943275.000,0.0711,0.7607,1.0907,0.2122,0.0658,-9999.0000,0.0708,-9999.0000,0.1112,-9999.0000,0.0
1943506.000,0.1095,0.7808,1.1250,0.0952,0.1166,0.0303,0.0510,-9999.0000,-9999.0000,-9999.0000,0.0
1943737.000,0.0660,0.9767,1.0350,-9999.0000,-9999.0000,-9999.0000,-9999.0000,-9999.0000,-9999.0000,-9999.0000,0.0
1943969.000,0.1035,0.7521,1.2349,-9999.0000,0.0794,0.0541,-9999.0000,-9999.0000,-9999.0000,-9999.0000,0.0
1944200.000,0.0546,1.0580,1.1567,0.1698,-9999.0000,0.0302,0.0520,-9999.0000,-9999.0000,-9999.0000,0.0
1944431.000,0.0764,1.0314,1.0546,0.0878,0.0516,0.0515,-9999.0000,-9999.0000,-9999.0000,-9999.0000,0.0
1944662.000,0.0909,1.0820,1.1146,-9999.0000,0.0781,-9999.0000,-9999.0000,-9999.0000,-9999.0000,-9999.0000,0.0
1944893.000,0.1278,1.3820,1.2047,0.1423,0.0534,0.0293,-9999.0000,-9999.0000,-9999.0000,-9999.0000,0.0
1945125.000,0.1019,0.9558,1.2206,0.2605,0.1250,-9999.0000,0.1177,-9999.0000,-9999.0000,-9999.0000,0.0
1945356.000,0.0889,1.0166,1.1029,0.1845,0.0751,-9999.0000,0.0591,-9999.0000,0.1252,-9999.0000,0.0
1945587.000,0.0907,0.9776,1.0215,0.1160,0.0523,-9999.0000,0.1542,0.1588,-9999.0000,-9999.0000,0.0
1945818.000,0.0591,0.9411,1.2147,-9999.0000,0.1114,-9999.0000,0.0828,-9999.0000,-9999.0000,-9999.0000,0.0
1946049.000,0.0663,0.9881,1.1822,0.1405,0.0887,0.0645,-9999.0000,-9999.0000,-9999.0000,-9999.0000,0.0
1946281.000,0.0840,1.0516,1.2172,0.0893,0.0875,0.0518,0.0956,-9999.0000,-9999.0000,0.0669,0.0
1946512.000,0.0547,0.9954,1.2509,-9999.0000,0.0893,0.1618,0.0873,-9999.0000,-9999.0000,0.0689,0.0
1946743.000,0.0714,1.0807,1.0338,0.1851,-9999.0000,0.0511,-9999.0000,-9999.0000,-9999.0000,-9999.0000,0.0
1946974.000,0.0714,1.0940,1.0829,0.1114,0.0860,0.0747,0.1403,-9999.0000,0.1267,-9999.0000,0.0
1947205.000,0.0776,1.0210,1.1477,0.3800,-9999.0000,0.0747,0.1293,0.2435,-9999.0000,-9999.0000,0.0
1947437.000,0.0600,0.9602,1.1078,0.2612,-9999.0000,0.1354,0.0853,-9999.0000,0.0841,-9999.0000,0.0
1947668.000,0.0842,1.4869,1.0709,0.0877,-9999.0000,0.1108,-9999.0000,-9999.0000,-9999.0000,-9999.0000,0.0
1947899.000,0.0605,1.0555,0.9934,0.0899,0.0624,0.1121,0.0750,-9999.0000,-9999.0000,-9999.0000,0.0
1948130.000,0.0594,1.1651,0.8940,0.1105,0.0727,0.0623,-9999.0000,-9999.0000,-9999.0000,0.1135,0.0
1948361.000,0.1343,1.0132,1.1505,-9999.0000,-9999.0000,0.0875,0.1791,0.1482,0.0851,-9999.0000,0.0
1948593.000,0.1148,1.2200,1.1717,-9999.0000,-9999.0000,0.0984,0.1308,-9999.0000,-9999.0000,-9999.0000,0.0
1948824.000,0.0714,1.6553,0.9230,0.1580,-9999.0000,0.0975,0.1065,-9999.0000,-9999.0000,-9999.0000,0.0
1949096.000,0.1172,1.5593,1.1502,-9999.0000,0.0619,0.0883,-9999.0000,-9999.0000,-9999.0000,-9999.0000,0.0
1949327.000,0.1029,1.2243,1.1804,0.1601,0.0599,-9999.0000,-9999.0000,-9999.0000,-9999.0000,-9999.0000,0.0
1949558.000,0.1228,1.2157,1.0211,0.1135,-9999.0000,0.0875,0.2276,-9999.0000,-9999.0000,-9999.0000,0.0
1949789.000,0.0868,1.2863,0.9633,0.0913,0.0619,0.0643,0.0664,-9999.0000,-9999.0000,-9999.0000,0.0
1950020.000,0.1330,1.2235,0.9200,-9999.0000,0.0831,0.0616,0.1422,0.1444,-9999.0000,-9999.0000,0.0
1950252.000,0.0853,0.9704,1.0555,0.1616,-9999.0000,0.0868,0.1221,0.1497,-9999.0000,0.0682,0.0
1950483.000,0.0983,0.9640,0.9065,0.0881,-9999.0000,0.0630,0.0882,-9999.0000,-9999.0000,-9999.0000,0.0
1950714.000,0.0855,1.1208,0.9672,0.1119,-9999.0000,0.0504,-9999.0000,-9999.0000,0.0861,-9999.0000,0.0
1950945.000,0.0610,1.1051,0.9456,-9999.0000,-9999.0000,0.1602,0.0650,-9999.0000,-9999.0000,-9999.0000,0.0
1951176.000,0.0791,0.8147,0.8739,-9999.0000,0.0834,-9999.0000,0.0756,-9999.0000,-9999.0000,-9999.0000,0.0
1951408.000,0.0860,0.9741,0.8811,-9999.0000,-9999.0000,0.0505,0.0769,-9999.0000,-9999.0000,-9999.0000,0.0
1951639.000,-9999.0000,1.1096,0.9736,0.0875,-9999.0000,0.0749,0.0891,-9999.0000,-9999.0000,-9999.0000,0.0
1951870.000,0.0483,1.1748,0.8433,-9999.0000,-9999.0000,0.0377,-9999.0000,-9999.0000,-9999.0000,-9999.0000,0.0
1952101.000,0.0617,1.0102,0.8880,-9999.0000,-9999.0000,0.0507,-9999.0000,-9999.0000,-9999.0000,-9999.0000,0.0
1952332.000,0.0865,0.8092,1.0016,0.1124,-9999.0000,0.0626,0.0661,-9999.0000,-9999.0000,-9999.0000,0.0
1952564.000,0.0931,0.8849,0.9268,-9999.0000,-9999.0000,-9999.0000,-9999.0000,-9999.0000,-9999.0000,-9999.0000,0.0
1952795.000,0.0617,0.7040,0.7695,-9999.0000,-9999.0000,0.0380,0.0549,-9999.0000,-9999.0000,-9999.0000,0.0
1953026.000,0.0674,0.7238,0.9180,0.1355,0.0572,0.0496,0.0537,-9999.0000,-9999.0000,-9999.0000,0.0
1953257.000,0.0307,0.9952,0.9164,-9999.0000,-9999.0000,-9999.0000,-9999.0000,-9999.0000,-9999.0000,-9999.0000,0.0
1953488.000,0.0812,0.8563,0.8673,-9999.0000,-9999.0000,-9999.0000,0.0681,-9999.0000,-9999.0000,-9999.0000,0.0
1953720.000,0.0612,0.6774,0.9894,-9999.0000,-9999.0000,-9999.0000,-9999.0000,-9999.0000,-9999.0000,-9999.0000,0.0
1953951.000,0.0806,0.9776,0.8331,-9999.0000,0.0569,0.0374,0.1261,-9999.0000,-9999.0000,-9999.0000,0.0
1954182.000,0.0412,0.7793,0.8521,-9999.0000,-9999.0000,-9999.0000,-9999.0000,-9999.0000,-9999.0000,-9999.0000,0.0
1954413.000,0.1118,0.8550,0.7514,-9999.0000,-9999.0000,0.0615,0.1611,-9999.0000,-9999.0000,-9999.0000,0.0
1954644.000,0.0541,1.1164,0.8080,0.1056,0.0542,-9999.0000,-9999.0000,-9999.0000,0.1000,-9999.0000,0.0
1954876.000,0.0929,0.9091,0.8484,-9999.0000,-9999.0000,-9999.0000,-9999.0000,-9999.0000,-9999.0000,-9999.0000,0.0
1955107.000,0.0949,1.1335,0.9876,-9999.0000,-9999.0000,-9999.0000,0.0820,-9999.0000,0.0926,-9999.0000,0.0
1955338.000,0.0810,0.6928,0.8360,-9999.0000,-9999.0000,-9999.0000,-9999.0000,-9999.0000,-9999.0000,-9999.0000,0.0
1955569.000,0.0860,0.9055,0.9124,-9999.0000,0.0791,-9999.0000,-9999.0000,-9999.0000,-9999.0000,-9999.0000,0.0
1955800.000,0.0742,0.7225,0.8095,0.1338,-9999.0000,-9999.0000,-9999.0000,-9999.0000,0.1040,-9999.0000,0.0
1956032.000,0.0730,0.6401,0.9064,0.1548,-9999.0000,-9999.0000,0.0646,-9999.0000,-9999.0000,-9999.0000,0.0
1956263.000,0.1113,0.8535,0.8224,-9999.0000,-9999.0000,-9999.0000,0.0541,-9999.0000,-9999.0000,-9999.0000,0.0
1956494.000,0.1062,0.8470,0.7931,0.1343,0.0543,-9999.0000,-9999.0000,-9999.0000,-9999.0000,-9999.0000,0.0
1956725.000,0.1102,1.0394,0.8769,-9999.0000,-9999.0000,-9999.0000,0.0526,-9999.0000,-9999.0000,-9999.0000,0.0
1957017.000,-9999.0000,-9999.0000,-9999.0000,-9999.0000,-9999.0000,-9999.0000,-9999.0000,-9999.0000,-9999.0000,-9999.0000,1.0
1957248.000,-9999.0000,-9999.0000,-9999.0000,-9999.0000,-9999.0000,-9999.0000,-9999.0000,-9999.0000,-9999.0000,-9999.0000,1.0
1957479.000,-9999.0000,-9999.0000,-9999.0000,-9999.0000,-9999.0000,-9999.0000,-9999.0000,-9999.0000,-9999.0000,-9999.0000,1.0
1957710.000,-9999.0000,-9999.0000,-9999.0000,-9999.0000,-9999.0000,-9999.0000,-9999.0000,-9999.0000,-9999.0000,-9999.0000,1.0
1957941.000,-9999.0000,-9999.0000,-9999.0000,-9999.0000,-9999.0000,-9999.0000,-9999.0000,-9999.0000,-9999.0000,-9999.0000,1.0
1958173.000,-9999.0000,-9999.0000,-9999.0000,-9999.0000,-9999.0000,-9999.0000,-9999.0000,-9999.0000,-9999.0000,-9999.0000,1.0
1958404.000,-9999.0000,-9999.0000,-9999.0000,-9999.0000,-9999.0000,-9999.0000,-9999.0000,-9999.0000,-9999.0000,-9999.0000,1.0
1958635.000,-9999.0000,-9999.0000,-9999.0000,-9999.0000,-9999.0000,-9999.0000,-9999.0000,-9999.0000,-9999.0000,-9999.0000,1.0
1958917.000,0.1038,0.8861,0.8908,-9999.0000,-9999.0000,-9999.0000,-9999.0000,-9999.0000,-9999.0000,-9999.0000,0.0
1959149.000,0.0856,0.6843,0.7402,-9999.0000,-9999.0000,0.0455,0.0534,-9999.0000,-9999.0000,-9999.0000,0.0
1959380.000,0.0986,0.9484,0.9391,-9999.0000,-9999.0000,-9999.0000,0.1132,-9999.0000,0.1018,-9999.0000,0.0
1959611.000,0.0547,0.7219,0.9722,-9999.0000,-9999.0000,-9999.0000,-9999.0000,-9999.0000,-9999.0000,-9999.0000,0.0
1959842.000,0.0548,0.8588,0.9418,0.1273,-9999.0000,-9999.0000,-9999.0000,-9999.0000,-9999.0000,-9999.0000,0.0
1960073.000,0.0929,0.7133,0.9509,-9999.0000,-9999.0000,-9999.0000,0.1739,-9999.0000,-9999.0000,-9999.0000,0.0
1960305.000,0.1171,0.5429,0.8820,0.1501,-9999.0000,-9999.0000,0.0772,-9999.0000,-9999.0000,-9999.0000,0.0
1960536.000,0.0415,0.5431,1.0511,-9999.0000,-9999.0000,-9999.0000,0.0997,-9999.0000,-9999.0000,-9999.0000,0.0
1960767.000,0.0414,0.4870,0.9654,-9999.0000,-9999.0000,0.0319,-9999.0000,-9999.0000,-9999.0000,-9999.0000,0.0
1960998.000,0.0545,0.6154,1.0790,-9999.0000,-9999.0000,-9999.0000,-9999.0000,-9999.0000,-9999.0000,-9999.0000,0.0
1961229.000,0.1043,1.0299,0.9688,-9999.0000,-9999.0000,0.0564,-9999.0000,-9999.0000,-9999.0000,-9999.0000,0.0
1966343.000,0.0526,0.8580,0.8071,-9999.0000,-9999.0000,-9999.0000,-9999.0000,-9999.0000,-9999.0000,-9999.0000,0.0
1966575.000,0.0688,0.5028,0.9518,-9999.0000,0.0620,-9999.0000,0.1209,-9999.0000,-9999.0000,-9999.0000,0.0
1966806.000,0.0620,0.4882,1.0635,0.2197,0.0695,-9999.0000,0.0556,-9999.0000,-9999.0000,-9999.0000,0.0
1967037.000,0.0810,0.8349,0.9768,-9999.0000,0.0708,-9999.0000,-9999.0000,-9999.0000,-9999.0000,-9999.0000,0.0
1967268.000,0.1018,0.5513,1.0491,0.1584,0.0615,-9999.0000,-9999.0000,-9999.0000,-9999.0000,0.0641,0.0
1967500.000,0.0588,0.5543,1.0646,-9999.0000,-9999.0000,-9999.0000,-9999.0000,-9999.0000,-9999.0000,-9999.0000,0.0
1967731.000,0.0955,0.4955,0.8040,-9999.0000,-9999.0000,-9999.0000,0.0616,-9999.0000,-9999.0000,-9999.0000,0.0
1967962.000,0.0719,-9999.0000,1.0614,0.1611,-9999.0000,-9999.0000,0.0636,-9999.0000,-9999.0000,-9999.0000,0.0
1968193.000,0.1032,0.5442,0.9074,-9999.0000,-9999.0000,-9999.0000,-9999.0000,-9999.0000,-9999.0000,-9999.0000,0.0
1968424.000,0.0469,0.4945,0.9438,-9999.0000,-9999.0000,-9999.0000,-9999.0000,-9999.0000,-9999.0000,-9999.0000,0.0
1968656.000,0.1355,-9999.0000,0.9406,-9999.0000,-9999.0000,-9999.0000,-9999.0000,-9999.0000,-9999.0000,-9999.0000,0.0
1968887.000,0.0735,0.5428,0.9245,-9999.0000,-9999.0000,-9999.0000,-9999.0000,-9999.0000,-9999.0000,-9999.0000,0.0
1969118.000,0.0791,0.7601,0.7394,-9999.0000,-9999.0000,-9999.0000,-9999.0000,-9999.0000,-9999.0000,-9999.0000,0.0
1969349.000,0.1044,-9999.0000,1.0732,0.2136,-9999.0000,-9999.0000,0.0657,-9999.0000,-9999.0000,-9999.0000,0.0
1969580.000,0.0912,0.6570,0.7726,0.1105,-9999.0000,-9999.0000,0.0529,-9999.0000,-9999.0000,-9999.0000,0.0
1969812.000,0.0542,0.5221,0.9269,-9999.0000,-9999.0000,-9999.0000,0.0784,-9999.0000,-9999.0000,-9999.0000,0.0
1970043.000,0.0808,0.6365,0.9018,-9999.0000,-9999.0000,-9999.0000,-9999.0000,-9999.0000,-9999.0000,-9999.0000,0.0
1970274.000,0.1124,0.6387,0.7780,0.0898,-9999.0000,-9999.0000,-9999.0000,-9999.0000,-9999.0000,-9999.0000,0.0
1970505.000,0.0862,0.6204,0.7644,-9999.0000,-9999.0000,-9999.0000,-9999.0000,-9999.0000,-9999.0000,-9999.0000,0.0
1970736.000,0.0551,0.5217,0.6997,-9999.0000,-9999.0000,-9999.0000,-9999.0000,-9999.0000,-9999.0000,-9999.0000,0.0
1970968.000,0.0344,0.5156,1.0647,-9999.0000,-9999.0000,-9999.0000,-9999.0000,-9999.0000,-9999.0000,-9999.0000,0.0
1971199.000,0.0729,-9999.0000,1.0128,-9999.0000,-9999.0000,-9999.0000,-9999.0000,-9999.0000,-9999.0000,-9999.0000,0.0
1971430.000,0.1236,0.5086,0.9218,-9999.0000,-9999.0000,-9999.0000,-9999.0000,-9999.0000,-9999.0000,-9999.0000,0.0
1971661.000,-9999.0000,0.6682,0.9340,-9999.0000,-9999.0000,-9999.0000,-9999.0000,-9999.0000,-9999.0000,-9999.0000,0.0
1971892.000,0.1350,0.5577,0.8651,-9999.0000,-9999.0000,-9999.0000,-9999.0000,-9999.0000,-9999.0000,-9999.0000,0.0
1972124.000,0.0663,0.5011,1.0531,-9999.0000,-9999.0000,-9999.0000,0.0537,-9999.0000,-9999.0000,-9999.0000,0.0
1972355.000,0.0350,0.6008,1.0772,-9999.0000,-9999.0000,-9999.0000,0.0781,-9999.0000,-9999.0000,-9999.0000,0.0
1972586.000,0.0602,0.6308,0.9905,-9999.0000,-9999.0000,-9999.0000,-9999.0000,0.0994,-9999.0000,-9999.0000,0.0
1972817.000,0.0800,-9999.0000,0.8872,-9999.0000,-9999.0000,-9999.0000,-9999.0000,-9999.0000,-9999.0000,-9999.0000,0.0
1973048.000,0.0542,0.5187,0.9362,0.2113,-9999.0000,-9999.0000,0.1029,-9999.0000,-9999.0000,-9999.0000,0.0
1973280.000,0.0651,0.5422,0.8269,-9999.0000,-9999.0000,0.0355,-9999.0000,-9999.0000,-9999.0000,-9999.0000,0.0
1973511.000,0.0605,0.5962,0.9611,-9999.0000,-9999.0000,-9999.0000,0.0789,-9999.0000,-9999.0000,-9999.0000,0.0
1973742.000,0.1158,0.4953,0.9757,-9999.0000,-9999.0000,-9999.0000,0.0525,-9999.0000,-9999.0000,-9999.0000,0.0
1974038.000,-9999.0000,-9999.0000,-9999.0000,-9999.0000,-9999.0000,-9999.0000,-9999.0000,-9999.0000,-9999.0000,-9999.0000,1.0
1974270.000,-9999.0000,-9999.0000,-9999.0000,-9999.0000,-9999.0000,-9999.0000,-9999.0000,-9999.0000,-9999.0000,-9999.0000,1.0
1974501.000,-9999.0000,-9999.0000,-9999.0000,-9999.0000,-9999.0000,-9999.0000,-9999.0000,-9999.0000,-9999.0000,-9999.0000,1.0
1974732.000,-9999.0000,-9999.0000,-9999.0000,-9999.0000,-9999.0000,-9999.0000,-9999.0000,-9999.0000,-9999.0000,-9999.0000,1.0
1974963.000,-9999.0000,-9999.0000,-9999.0000,-9999.0000,-9999.0000,-9999.0000,-9999.0000,-9999.0000,-9999.0000,-9999.0000,1.0
1975194.000,-9999.0000,-9999.0000,-9999.0000,-9999.0000,-9999.0000,-9999.0000,-9999.0000,-9999.0000,-9999.0000,-9999.0000,1.0
1975426.000,-9999.0000,-9999.0000,-9999.0000,-9999.0000,-9999.0000,-9999.0000,-9999.0000,-9999.0000,-9999.0000,-9999.0000,1.0
1975657.000,-9999.0000,-9999.0000,-9999.0000,-9999.0000,-9999.0000,-9999.0000,-9999.0000,-9999.0000,-9999.0000,-9999.0000,1.0
1975949.000,0.1152,0.6325,1.1088,0.1245,-9999.0000,-9999.0000,0.0635,-9999.0000,-9999.0000,-9999.0000,0.0
1976181.000,0.0657,0.4941,1.0591,-9999.0000,0.0653,-9999.0000,-9999.0000,-9999.0000,-9999.0000,-9999.0000,0.0
1976412.000,0.0659,0.5743,0.8968,-9999.0000,-9999.0000,-9999.0000,0.0769,-9999.0000,-9999.0000,-9999.0000,0.0
1976643.000,0.0712,0.6133,0.8978,0.1231,-9999.0000,-9999.0000,0.0515,-9999.0000,-9999.0000,-9999.0000,0.0
1976874.000,0.0837,0.6588,1.0590,0.2730,-9999.0000,-9999.0000,-9999.0000,-9999.0000,-9999.0000,-9999.0000,0.0
1977105.000,0.0584,0.4889,0.8529,-9999.0000,-9999.0000,-9999.0000,0.0507,-9999.0000,-9999.0000,-9999.0000,0.0
1977337.000,0.0768,0.7176,0.9532,-9999.0000,0.0989,-9999.0000,-9999.0000,-9999.0000,-9999.0000,-9999.0000,0.0
1977568.000,0.0470,0.7090,1.0675,-9999.0000,-9999.0000,0.0339,-9999.0000,-9999.0000,-9999.0000,-9999.0000,0.0
1977799.000,0.0659,-9999.0000,0.9418,-9999.0000,-9999.0000,-9999.0000,0.1130,-9999.0000,-9999.0000,-9999.0000,0.0
1978030.000,0.0593,0.7952,1.1197,-9999.0000,-9999.0000,-9999.0000,0.0647,-9999.0000,-9999.0000,-9999.0000,0.0
1978261.000,0.0773,0.5227,0.8869,-9999.0000,-9999.0000,-9999.0000,-9999.0000,-9999.0000,-9999.0000,-9999.0000,0.0
1978493.000,0.1393,0.5793,0.9601,-9999.0000,0.1104,-9999.0000,-9999.0000,-9999.0000,-9999.0000,-9999.0000,0.0
1978724.000,0.0714,0.6608,1.0144,-9999.0000,-9999.0000,-9999.0000,-9999.0000,-9999.0000,-9999.0000,-9999.0000,0.0
1978955.000,0.0637,0.8565,1.0950,-9999.0000,-9999.0000,-9999.0000,-9999.0000,-9999.0000,-9999.0000,-9999.0000,0.0
1979186.000,0.0893,0.7861,0.9964,-9999.0000,0.1592,0.0678,0.0975,-9999.0000,-9999.0000,-9999.0000,0.0
1979417.000,0.1025,0.5541,1.0296,-9999.0000,-9999.0000,-9999.0000,0.0752,-9999.0000,-9999.0000,-9999.0000,0.0
1979649.000,0.1022,0.5114,1.0069,-9999.0000,0.1346,-9999.0000,0.1807,-9999.0000,-9999.0000,-9999.0000,0.0
1979880.000,0.0824,0.6502,1.1091,-9999.0000,-9999.0000,-9999.0000,0.0845,-9999.0000,-9999.0000,-9999.0000,0.0
1980111.000,0.0773,0.7300,1.1304,-9999.0000,0.1718,-9999.0000,0.0514,-9999.0000,-9999.0000,-9999.0000,0.0
1980342.000,0.1006,0.8065,1.0145,-9999.0000,0.1186,-9999.0000,-9999.0000,-9999.0000,-9999.0000,-9999.0000,0.0
1980573.000,0.0838,0.7265,1.0687,-9999.0000,-9999.0000,-9999.0000,-9999.0000,-9999.0000,-9999.0000,-9999.0000,0.0
1980805.000,0.0645,0.6851,1.1253,-9999.0000,0.1453,-9999.0000,-9999.0000,-9999.0000,-9999.0000,-9999.0000,0.0
1981036.000,0.1009,0.5625,0.9780,-9999.0000,0.1183,-9999.0000,-9999.0000,-9999.0000,-9999.0000,-9999.0000,0.0
1981267.000,0.0905,0.6059,1.1379,-9999.0000,0.1470,-9999.0000,0.0764,-9999.0000,-9999.0000,-9999.0000,0.0
1981498.000,0.0900,0.7704,1.1376,-9999.0000,0.0577,-9999.0000,0.0873,-9999.0000,-9999.0000,-9999.0000,0.0
1981729.000,0.0396,0.8501,1.1844,-9999.0000,0.0569,-9999.0000,-9999.0000,0.0914,0.1240,-9999.0000,0.0
1981961.000,0.0832,0.8311,1.1946,0.0897,0.1189,-9999.0000,0.1098,-9999.0000,-9999.0000,-9999.0000,0.0
1982192.000,0.0461,0.5583,1.3455,-9999.0000,-9999.0000,-9999.0000,-9999.0000,-9999.0000,-9999.0000,-9999.0000,0.0
1982423.000,0.1094,0.7287,1.0893,-9999.0000,0.0951,-9999.0000,-9999.0000,-9999.0000,-9999.0000,-9999.0000,0.0
1982654.000,0.0596,0.6156,1.0805,0.0940,0.0582,-9999.0000,0.0780,-9999.0000,0.0814,-9999.0000,0.0
1982885.000,0.0336,0.6611,1.1637,-9999.0000,-9999.0000,-9999.0000,0.0877,-9999.0000,-9999.0000,-9999.0000,0.0
1983117.000,0.1330,0.5615,1.0931,-9999.0000,0.1048,-9999.0000,0.0860,-9999.0000,-9999.0000,-9999.0000,0.0
1983348.000,0.1529,0.5952,0.9716,-9999.0000,0.1184,-9999.0000,-9999.0000,-9999.0000,-9999.0000,-9999.0000,0.0
1983579.000,0.0712,0.5017,1.0111,-9999.0000,-9999.0000,-9999.0000,-9999.0000,-9999.0000,-9999.0000,-9999.0000,0.0
1983810.000,0.1011,0.7071,1.1427,-9999.0000,0.0531,-9999.0000,-9999.0000,-9999.0000,-9999.0000,-9999.0000,0.0
1984041.000,0.0945,0.9404,1.2017,0.1086,0.1019,-9999.0000,0.0960,-9999.0000,-9999.0000,-9999.0000,0.0
1984273.000,0.0337,0.7583,1.2118,0.1655,0.1436,-9999.0000,-9999.0000,-9999.0000,-9999.0000,-9999.0000,0.0
1984504.000,0.0573,0.5929,0.9894,-9999.0000,0.0519,-9999.0000,0.0611,-9999.0000,-9999.0000,-9999.0000,0.0
1984735.000,-9999.0000,-9999.0000,1.1575,-9999.0000,0.1272,-9999.0000,0.0738,-9999.0000,-9999.0000,-9999.0000,0.0
1984966.000,0.0900,0.6870,1.1521,0.2135,0.1796,-9999.0000,0.0521,-9999.0000,-9999.0000,-9999.0000,0.0
1985197.000,0.0646,0.7991,1.0823,-9999.0000,0.0906,0.0280,0.0752,-9999.0000,-9999.0000,-9999.0000,0.0
1985429.000,0.1144,0.6454,1.0390,-9999.0000,0.1525,0.0399,0.0747,0.1034,-9999.0000,-9999.0000,0.0
1985660.000,0.1021,0.8896,1.0599,-9999.0000,0.2153,-9999.0000,0.0868,-9999.0000,-9999.0000,-9999.0000,0.0
1985891.000,0.0829,0.7898,1.0878,-9999.0000,0.1515,-9999.0000,-9999.0000,-9999.0000,-9999.0000,-9999.0000,0.0
1986122.000,0.1656,0.7790,1.1041,-9999.0000,0.2791,-9999.0000,-9999.0000,-9999.0000,0.0779,0.0629,0.0
1986353.000,-9999.0000,0.9147,0.9966,-9999.0000,0.2137,-9999.0000,0.0745,-9999.0000,-9999.0000,-9999.0000,0.0
1986585.000,0.0819,0.6939,1.0602,-9999.0000,0.1980,-9999.0000,-9999.0000,0.0986,-9999.0000,-9999.0000,0.0
1986816.000,0.1072,0.5919,1.0978,-9999.0000,0.1117,-9999.0000,-9999.0000,-9999.0000,-9999.0000,-9999.0000,0.0
1987047.000,0.0619,0.5438,1.0183,-9999.0000,0.1439,-9999.0000,0.1038,-9999.0000,-9999.0000,-9999.0000,0.0
1987278.000,0.0514,0.6425,1.1141,-9999.0000,0.1743,-9999.0000,-9999.0000,0.2181,0.1061,-9999.0000,0.0
1987509.000,0.1123,0.5541,1.0977,-9999.0000,0.2081,-9999.0000,-9999.0000,-9999.0000,-9999.0000,-9999.0000,0.0
1987741.000,0.0628,0.7761,0.9488,-9999.0000,0.1953,-9999.0000,-9999.0000,-9999.0000,-9999.0000,-9999.0000,0.0
1987972.000,0.0640,0.7217,1.0240,-9999.0000,0.3367,-9999.0000,0.1331,-9999.0000,-9999.0000,-9999.0000,0.0
1988203.000,0.0501,0.7061,1.0447,0.0995,0.1689,-9999.0000,0.0476,-9999.0000,-9999.0000,-9999.0000,0.0
1988434.000,0.1206,0.5996,1.1694,-9999.0000,0.2116,-9999.0000,-9999.0000,-9999.0000,-9999.0000,-9999.0000,0.0
1988665.000,0.0766,0.6288,1.2391,-9999.0000,0.2863,-9999.0000,-9999.0000,-9999.0000,-9999.0000,-9999.0000,0.0
1988897.000,0.0752,0.6599,1.0892,-9999.0000,0.1819,0.0362,-9999.0000,-9999.0000,-9999.0000,-9999.0000,0.0
1989128.000,0.0501,0.6594,1.0951,-9999.0000,0.2790,-9999.0000,-9999.0000,-9999.0000,-9999.0000,-9999.0000,0.0
1989359.000,0.1116,0.6960,1.2341,-9999.0000,0.1798,-9999.0000,0.0476,-9999.0000,-9999.0000,0.0590,0.0
1989590.000,0.1180,0.8364,1.0886,-9999.0000,0.1799,-9999.0000,-9999.0000,-9999.0000,-9999.0000,-9999.0000,0.0
1989821.000,0.0437,0.5685,1.2361,-9999.0000,0.1417,-9999.0000,-9999.0000,0.0936,-9999.0000,-9999.0000,0.0
1990053.000,0.0500,0.7632,0.9958,0.0968,0.2529,0.0349,-9999.0000,-9999.0000,-9999.0000,-9999.0000,0.0
1990284.000,0.0743,0.6583,0.9662,-9999.0000,0.2763,-9999.0000,0.0586,-9999.0000,-9999.0000,-9999.0000,0.0
1990515.000,0.1310,0.6193,1.1837,0.2226,0.1926,-9999.0000,-9999.0000,-9999.0000,-9999.0000,-9999.0000,0.0
1990746.000,0.0692,0.7067,1.2179,0.1234,0.2177,-9999.0000,-9999.0000,-9999.0000,-9999.0000,-9999.0000,0.0
1990977.000,0.0751,0.5937,1.1943,-9999.0000,0.3654,-9999.0000,0.0719,-9999.0000,-9999.0000,-9999.0000,0.0
1991209.000,0.0944,0.8909,1.0740,0.1241,0.3431,-9999.0000,0.1317,-9999.0000,-9999.0000,-9999.0000,0.0
1991440.000,0.1362,0.4995,1.1085,0.1444,0.2514,-9999.0000,-9999.0000,-9999.0000,-9999.0000,-9999.0000,0.0
1991671.000,0.0952,0.6603,1.0563,-9999.0000,0.2701,0.0358,-9999.0000,-9999.0000,-9999.0000,-9999.0000,0.0
1991902.000,0.0500,0.5920,1.1151,0.1688,0.2017,-9999.0000,-9999.0000,-9999.0000,-9999.0000,-9999.0000,0.0
1992134.000,0.1077,0.5567,1.0742,0.1501,0.1941,0.0477,-9999.0000,-9999.0000,-9999.0000,-9999.0000,0.0
1992365.000,0.0999,0.7298,0.9792,-9999.0000,0.3267,0.0703,-9999.0000,0.0963,0.1021,-9999.0000,0.0
1992596.000,0.0991,0.6729,1.1886,0.1921,0.1265,-9999.0000,0.0939,-9999.0000,-9999.0000,-9999.0000,0.0
1992827.000,0.0922,1.0808,1.2859,-9999.0000,0.2840,-9999.0000,-9999.0000,-9999.0000,-9999.0000,-9999.0000,0.0
1993058.000,0.1166,0.6447,1.1009,0.2377,0.3450,-9999.0000,-9999.0000,-9999.0000,-9999.0000,-9999.0000,0.0
1993290.000,0.0678,0.7698,1.1604,-9999.0000,0.2719,-9999.0000,-9999.0000,-9999.0000,-9999.0000,-9999.0000,0.0
1993521.000,0.1040,0.9059,1.4577,0.3093,0.3556,-9999.0000,0.1033,-9999.0000,-9999.0000,-9999.0000,0.0
1993752.000,0.0734,1.0178,1.4429,0.1126,0.3304,0.0314,0.0686,0.1274,-9999.0000,0.0568,0.0
1993983.000,0.1035,0.7676,1.4303,-9999.0000,0.4019,-9999.0000,0.1367,-9999.0000,-9999.0000,-9999.0000,0.0
1994214.000,0.1002,0.8018,1.4064,0.1189,0.3261,0.0332,0.1194,-9999.0000,-9999.0000,-9999.0000,0.0
1994446.000,0.1645,1.0117,1.4881,0.1841,0.1335,0.0308,0.0682,-9999.0000,-9999.0000,-9999.0000,0.0
1994677.000,0.0371,0.8012,1.6461,0.2373,0.3450,-9999.0000,0.0701,-9999.0000,-9999.0000,-9999.0000,0.0
1994908.000,0.0980,0.7835,1.4893,0.2591,0.3546,0.0788,-9999.0000,-9999.0000,-9999.0000,-9999.0000,0.0
1995139.000,0.1033,0.8551,1.5218,0.3045,0.2784,0.0539,0.0793,-9999.0000,-9999.0000,-9999.0000,0.0
1995370.000,0.1208,1.0183,1.5934,0.2771,0.2641,-9999.0000,0.0668,-9999.0000,-9999.0000,-9999.0000,0.0
1995602.000,0.1029,1.1506,1.3636,0.3509,0.3982,0.0295,0.1472,-9999.0000,-9999.0000,-9999.0000,0.0
1995833.000,0.0674,1.0346,1.6856,0.3072,0.2312,0.0543,0.1845,-9999.0000,-9999.0000,-9999.0000,0.0
1996064.000,0.0965,0.9632,1.4026,0.1545,0.3722,0.0645,0.1124,-9999.0000,-9999.0000,0.0552,0.0
1996295.000,0.0722,0.8182,1.6087,0.1540,0.2990,0.1353,-9999.0000,-9999.0000,-9999.0000,-9999.0000,0.0
1996526.000,0.0848,0.9771,1.5469,0.1065,0.2517,0.0528,-9999.0000,-9999.0000,-9999.0000,-9999.0000,0.0
1996758.000,-9999.0000,0.8067,1.4771,0.3316,0.4274,0.1020,0.1042,0.1289,-9999.0000,-9999.0000,0.0
1996989.000,0.1136,0.7585,1.5876,-9999.0000,0.1388,0.0394,0.1106,-9999.0000,-9999.0000,-9999.0000,0.0
1997220.000,0.0476,0.9960,1.4356,-9999.0000,0.3686,-9999.0000,0.1226,-9999.0000,-9999.0000,-9999.0000,0.0
1997451.000,0.1085,1.0271,1.5373,0.2738,0.2977,-9999.0000,0.1350,-9999.0000,-9999.0000,-9999.0000,0.0
1997682.000,0.1088,0.9706,1.4779,0.3233,0.4077,-9999.0000,0.0557,-9999.0000,0.1542,-9999.0000,0.0
1997914.000,0.1036,0.8322,1.1858,0.2044,0.3009,0.0765,0.0800,-9999.0000,-9999.0000,-9999.0000,0.0
1998145.000,0.1022,0.6367,1.2934,0.2718,0.1992,-9999.0000,0.0776,-9999.0000,-9999.0000,-9999.0000,0.0
1998376.000,0.0725,0.7828,1.3595,-9999.0000,0.2373,0.0635,0.0559,-9999.0000,-9999.0000,-9999.0000,0.0
1998607.000,0.1074,0.8211,1.5767,0.1718,0.3534,0.0618,-9999.0000,-9999.0000,-9999.0000,0.0537,0.0
1998838.000,0.0908,1.0709,1.3971,0.2741,0.3221,-9999.0000,-9999.0000,-9999.0000,-9999.0000,-9999.0000,0.0
1999070.000,0.0734,0.7986,1.2976,0.1307,0.2889,-9999.0000,0.0808,-9999.0000,-9999.0000,-9999.0000,0.0
1999301.000,0.0660,0.6676,1.3068,0.1983,0.2105,-9999.0000,0.0552,-9999.0000,-9999.0000,-9999.0000,0.0
1999532.000,0.1022,0.9595,1.3357,-9999.0000,0.2826,-9999.0000,-9999.0000,-9999.0000,-9999.0000,-9999.0000,0.0
1999763.000,0.0718,0.6554,1.3150,0.3666,0.2214,-9999.0000,0.1345,-9999.0000,-9999.0000,-9999.0000,0.0
1999994.000,0.1149,0.7623,1.2788,-9999.0000,0.2594,-9999.0000,0.0901,-9999.0000,-9999.0000,-9999.0000,0.0
2000226.000,0.1131,0.6792,1.3455,0.1206,0.3387,0.1193,0.2005,-9999.0000,-9999.0000,-9999.0000,0.0
2000457.000,0.1143,0.9358,1.3850,-9999.0000,0.2938,0.0852,0.2033,0.1842,-9999.0000,-9999.0000,0.0
2000688.000,0.1199,0.5674,1.2976,0.1705,0.2318,-9999.0000,-9999.0000,-9999.0000,0.0920,-9999.0000,0.0
2000919.000,0.0666,0.6778,1.2088,-9999.0000,0.2357,-9999.0000,0.0911,-9999.0000,-9999.0000,-9999.0000,0.0
2001150.000,0.1081,1.0459,1.3444,0.2193,0.1351,-9999.0000,-9999.0000,-9999.0000,-9999.0000,-9999.0000,0.0
2001382.000,0.0713,0.8090,1.1849,0.0958,0.1697,-9999.0000,-9999.0000,-9999.0000,-9999.0000,0.0533,0.0
2001613.000,0.0901,0.9266,1.2323,0.1220,0.2077,-9999.0000,0.0551,-9999.0000,-9999.0000,-9999.0000,0.0
2001844.000,0.0585,0.7339,1.3026,0.2605,0.2748,-9999.0000,-9999.0000,-9999.0000,-9999.0000,-9999.0000,0.0
2002075.000,0.0828,0.6341,1.3819,0.3820,0.1315,-9999.0000,-9999.0000,-9999.0000,-9999.0000,-9999.0000,0.0
2002306.000,0.0658,1.0533,1.2809,0.1939,0.3040,-9999.0000,-9999.0000,-9999.0000,-9999.0000,-9999.0000,0.0
2002538.000,0.1218,0.7077,1.5070,0.2226,0.2834,0.0497,0.0685,0.1129,-9999.0000,-9999.0000,0.0
2002769.000,0.0343,0.6944,1.2874,0.1853,0.1646,0.0577,-9999.0000,-9999.0000,-9999.0000,-9999.0000,0.0
2003000.000,0.1250,0.8973,1.5204,0.2613,0.4920,0.0823,0.0873,-9999.0000,-9999.0000,-9999.0000,0.0
2003231.000,0.0764,0.7382,1.2624,0.1625,0.2252,0.0463,-9999.0000,-9999.0000,-9999.0000,-9999.0000,0.0
2003462.000,0.0712,0.6707,1.4266,0.1415,0.1554,0.0590,0.0541,-9999.0000,-9999.0000,-9999.0000,0.0
2003694.000,0.0996,0.5481,1.4002,0.3266,0.2822,-9999.0000,0.1299,-9999.0000,-9999.0000,-9999.0000,0.0
2003925.000,0.1244,0.7526,1.2557,0.2098,0.3685,-9999.0000,-9999.0000,0.1025,-9999.0000,-9999.0000,0.0
2004156.000,0.0881,0.8074,1.5369,0.3043,0.2714,0.0455,0.0634,-9999.0000,-9999.0000,-9999.0000,0.0
2004387.000,0.1134,0.8104,1.4485,-9999.0000,0.2266,0.0347,-9999.0000,0.1181,-9999.0000,-9999.0000,0.0
2004618.000,0.1012,0.6058,1.3219,0.1637,0.3107,-9999.0000,-9999.0000,-9999.0000,-9999.0000,-9999.0000,0.0
2004850.000,0.1074,0.6073,1.5681,0.1154,0.3230,0.0699,-9999.0000,-9999.0000,-9999.0000,0.0529,0.0
2005081.000,0.1736,0.7850,1.5211,0.3807,0.2617,0.0342,0.1901,0.1177,-9999.0000,-9999.0000,0.0
2005312.000,0.0947,0.7258,1.5706,0.4749,0.1759,0.1160,0.0872,0.1037,0.0743,-9999.0000,0.0
2005543.000,0.1189,0.8242,1.5466,0.2336,0.3566,0.0925,-9999.0000,0.1040,-9999.0000,-9999.0000,0.0
2005774.000,0.1292,0.8316,1.4749,0.1323,0.2437,0.0555,0.0624,0.0990,-9999.0000,-9999.0000,0.0
2006006.000,0.1026,0.7740,1.3508,-9999.0000,0.3994,0.0588,0.0789,-9999.0000,-9999.0000,0.0541,0.0
2006237.000,0.1004,0.7867,1.5330,0.2793,0.3424,-9999.0000,-9999.0000,-9999.0000,-9999.0000,-9999.0000,0.0
2006468.000,0.1065,0.6756,1.4158,0.4241,0.2704,-9999.0000,0.1886,-9999.0000,-9999.0000,-9999.0000,0.0
2006699.000,0.1066,0.6093,1.5421,0.4004,0.2825,0.0328,0.0644,-9999.0000,0.0887,-9999.0000,0.0
2006930.000,0.1176,0.7967,1.4525,0.2274,0.2313,0.0551,0.1304,-9999.0000,-9999.0000,-9999.0000,0.0
2007162.000,0.1185,0.8541,1.4333,0.3510,0.1613,0.0911,0.0869,-9999.0000,-9999.0000,-9999.0000,0.0
2007393.000,0.0770,0.6528,1.3608,0.2326,0.3198,0.0328,0.0994,-9999.0000,-9999.0000,-9999.0000,0.0
2007624.000,0.1169,0.6086,1.2823,0.2004,0.1456,0.0773,0.1180,0.1596,-9999.0000,0.0501,0.0
2007855.000,0.1755,0.8073,1.3482,0.3644,0.2152,0.0649,0.1392,0.1451,-9999.0000,-9999.0000,0.0
2008086.000,0.0940,0.9039,1.4303,0.1070,0.1950,-9999.0000,0.0860,-9999.0000,-9999.0000,0.0974,0.0
2008318.000,0.1352,0.6939,1.5894,0.2726,0.1694,-9999.0000,0.0738,-9999.0000,-9999.0000,-9999.0000,0.0
2008549.000,0.0684,-9999.0000,1.4869,0.3373,0.2957,-9999.0000,0.0604,-9999.0000,-9999.0000,0.0489,0.0
2008780.000,0.0456,0.7224,1.6502,0.3198,0.3241,-9999.0000,-9999.0000,-9999.0000,-9999.0000,-9999.0000,0.0
2009011.000,0.0583,0.6180,1.6801,0.1797,0.2676,0.0900,0.0530,-9999.0000,-9999.0000,0.1447,0.0
2009242.000,0.0931,0.7840,1.4530,0.1984,0.2391,0.0415,0.0733,-9999.0000,-9999.0000,0.1422,0.0
2009474.000,0.1347,0.5302,1.3219,0.1740,0.1434,0.0645,0.1068,-9999.0000,0.1876,0.2805,0.0
2009705.000,0.1215,0.6479,1.3679,0.1699,0.2825,0.0862,0.0715,0.1061,-9999.0000,0.0487,0.0
2009936.000,0.0632,-9999.0000,1.2780,0.4123,0.1905,0.0294,0.1405,-9999.0000,-9999.0000,-9999.0000,0.0
2010167.000,0.0862,0.5240,1.4492,0.2173,0.1879,0.0284,0.0829,-9999.0000,-9999.0000,0.0946,0.0
2010398.000,0.0858,-9999.0000,1.3756,0.0973,0.1630,-9999.0000,0.1599,-9999.0000,-9999.0000,0.0483,0.0
2010630.000,0.0801,0.5280,1.3844,-9999.0000,0.2105,-9999.0000,0.0492,-9999.0000,0.1114,-9999.0000,0.0
2010861.000,0.0987,0.6351,1.3281,0.2428,0.2007,0.0285,0.0505,-9999.0000,-9999.0000,-9999.0000,0.0
2011092.000,0.1059,0.6139,1.2506,0.1269,0.1795,-9999.0000,0.0522,0.2001,-9999.0000,-9999.0000,0.0
2011323.000,0.1335,0.5586,1.2138,0.2633,0.1392,-9999.0000,0.0829,0.0942,-9999.0000,0.0486,0.0
2011554.000,0.1051,0.5961,1.2780,0.1242,0.1414,0.0402,-9999.0000,-9999.0000,-9999.0000,-9999.0000,0.0
2011786.000,0.1037,0.5032,1.2409,0.0959,0.2565,0.0734,0.0937,0.1057,-9999.0000,0.0483,0.0
2012017.000,0.0908,0.6268,1.2014,0.1628,0.2527,0.1177,0.0807,0.1747,0.0940,-9999.0000,0.0
2012248.000,0.1214,-9999.0000,1.3193,0.2137,0.1730,-9999.0000,0.1270,-9999.0000,-9999.0000,-9999.0000,0.0
2012479.000,0.1189,0.6237,1.2789,0.2007,-9999.0000,0.0649,0.0649,-9999.0000,-9999.0000,-9999.0000,0.0
2012710.000,0.0928,0.5809,1.3324,0.2169,0.2585,0.0973,0.1067,-9999.0000,0.1720,-9999.0000,0.0
2012942.000,0.1175,0.6955,1.2058,0.1475,0.1286,0.0983,0.1307,-9999.0000,0.1151,0.0500,0.0
2013173.000,0.1346,0.6256,1.2585,0.5514,0.2701,-9999.0000,0.1405,-9999.0000,0.1281,0.1416,0.0
2013404.000,0.0812,0.6308,1.1578,0.2899,0.3310,0.0742,0.0964,-9999.0000,-9999.0000,-9999.0000,0.0
2013635.000,0.0575,0.6268,1.5593,0.3149,0.1878,0.1916,0.0743,-9999.0000,-9999.0000,0.1892,0.0
2013866.000,0.1210,-9999.0000,1.2634,0.2104,0.2650,0.1179,0.2153,-9999.0000,-9999.0000,-9999.0000,0.0
2014098.000,0.0743,0.4806,1.3212,0.2603,0.2431,0.1188,0.2284,0.1558,0.0823,-9999.0000,0.0
2014329.000,0.1109,-9999.0000,1.1103,0.1680,0.2217,0.0735,0.2085,-9999.0000,-9999.0000,-9999.0000,0.0
2014560.000,0.0991,-9999.0000,1.4159,0.1682,0.1979,0.1904,0.1301,0.1972,-9999.0000,0.0494,0.0
2014791.000,0.1110,0.7307,1.3400,0.2876,0.0538,0.0733,0.1525,-9999.0000,-9999.0000,-9999.0000,0.0
2015022.000,0.0877,-9999.0000,1.3621,-9999.0000,0.2713,0.1798,0.0975,0.1125,0.1006,-9999.0000,0.0
2015254.000,0.1297,-9999.0000,1.4412,0.2414,0.2466,0.1560,0.1199,0.1245,0.1003,-9999.0000,0.0
2015485.000,0.0853,-9999.0000,1.2870,0.3017,0.1325,0.0359,0.0483,-9999.0000,-9999.0000,0.0471,0.0
2015716.000,0.1173,0.4871,1.2248,0.4082,0.2213,-9999.0000,0.1420,-9999.0000,-9999.0000,-9999.0000,0.0
2015947.000,0.0753,0.5527,1.2915,-9999.0000,0.1848,0.0495,0.2321,0.1107,-9999.0000,-9999.0000,0.0
2016178.000,0.0986,0.5292,1.2024,0.2364,0.2308,-9999.0000,0.1630,0.0962,-9999.0000,-9999.0000,0.0
2016410.000,0.1028,-9999.0000,1.1490,0.1582,-9999.0000,-9999.0000,-9999.0000,0.2369,-9999.0000,-9999.0000,0.0
2016641.000,0.1242,-9999.0000,1.3949,0.2414,0.1015,-9999.0000,-9999.0000,-9999.0000,-9999.0000,0.0969,0.0
2016872.000,0.1035,0.4989,1.1506,0.0887,0.1439,0.1166,0.0492,-9999.0000,-9999.0000,-9999.0000,0.0
2017103.000,0.0692,-9999.0000,1.2948,0.1652,0.1473,0.0370,0.1079,-9999.0000,0.1138,-9999.0000,0.0
2017334.000,0.0499,-9999.0000,1.2791,-9999.0000,0.1305,0.0579,0.0930,-9999.0000,-9999.0000,-9999.0000,0.0
2017566.000,0.1167,-9999.0000,1.1269,0.1152,0.1099,0.0363,0.0734,-9999.0000,-9999.0000,0.0487,0.0
2017797.000,0.0984,0.6055,0.9990,0.2815,0.3001,0.0475,-9999.0000,-9999.0000,-9999.0000,-9999.0000,0.0
2018028.000,0.1062,-9999.0000,1.2123,-9999.0000,0.1001,0.0492,0.0984,-9999.0000,-9999.0000,0.0501,0.0
2018259.000,0.1398,-9999.0000,1.0998,0.1602,-9999.0000,0.0353,-9999.0000,-9999.0000,0.1112,-9999.0000,0.0
2018490.000,0.0907,-9999.0000,1.0930,-9999.0000,0.0928,-9999.0000,-9999.0000,-9999.0000,-9999.0000,-9999.0000,0.0
2018722.000,0.0567,-9999.0000,1.1901,0.1129,0.2037,-9999.0000,0.0730,-9999.0000,-9999.0000,-9999.0000,0.0
2018953.000,0.0738,-9999.0000,1.0787,-9999.0000,0.1770,0.0458,0.0715,0.1537,-9999.0000,0.0931,0.0
2019184.000,0.0985,-9999.0000,1.1901,-9999.0000,0.1316,-9999.0000,0.2194,0.1329,-9999.0000,-9999.0000,0.0
2019415.000,0.0972,-9999.0000,1.0623,0.1318,0.1877,-9999.0000,-9999.0000,-9999.0000,-9999.0000,-9999.0000,0.0
2019646.000,0.0792,0.4935,1.2491,-9999.0000,0.1986,0.1372,0.1040,-9999.0000,-9999.0000,-9999.0000,0.0
2019878.000,0.1625,-9999.0000,1.2420,0.1080,0.1401,0.0452,0.0490,-9999.0000,-9999.0000,-9999.0000,0.0
2020109.000,0.0732,0.5350,1.1852,0.1533,0.2095,-9999.0000,0.1038,-9999.0000,-9999.0000,-9999.0000,0.0
2020340.000,0.0904,0.4905,1.1595,0.1983,0.2666,-9999.0000,-9999.0000,0.1002,-9999.0000,-9999.0000,0.0
2020571.000,0.1024,-9999.0000,1.1435,-9999.0000,0.1020,-9999.0000,0.0478,-9999.0000,-9999.0000,-9999.0000,0.0
2020803.000,0.0974,0.5647,1.0754,0.3213,0.1987,-9999.0000,0.0492,-9999.0000,-9999.0000,-9999.0000,0.0
2021034.000,0.0864,-9999.0000,1.1170,0.2055,0.1531,-9999.0000,0.0843,0.1571,-9999.0000,-9999.0000,0.0
2021265.000,0.1332,-9999.0000,1.0022,-9999.0000,0.1867,-9999.0000,0.1612,-9999.0000,0.0950,-9999.0000,0.0
2021496.000,0.0784,0.5288,1.2518,0.1252,0.2645,-9999.0000,0.0582,-9999.0000,-9999.0000,0.0453,0.0
2021727.000,0.1027,-9999.0000,1.4037,0.1750,0.2788,-9999.0000,-9999.0000,-9999.0000,-9999.0000,0.0920,0.0
2021959.000,0.1094,-9999.0000,1.0863,-9999.0000,0.1619,-9999.0000,0.0940,0.1044,-9999.0000,-9999.0000,0.0
2022190.000,0.0848,-9999.0000,1.1364,0.1500,0.2067,-9999.0000,0.1258,-9999.0000,-9999.0000,0.0459,0.0
2022421.000,0.0850,-9999.0000,1.2441,-9999.0000,0.2191,0.0663,0.0819,-9999.0000,-9999.0000,-9999.0000,0.0
2022652.000,0.0977,-9999.0000,1.3359,-9999.0000,0.0664,0.0323,0.0610,-9999.0000,-9999.0000,0.0932,0.0
2022883.000,0.1049,-9999.0000,1.0828,0.1088,0.3447,-9999.0000,0.1418,-9999.0000,-9999.0000,0.0948,0.0
2023115.000,0.1086,-9999.0000,1.1932,0.1259,0.3841,-9999.0000,0.1152,-9999.0000,-9999.0000,-9999.0000,0.0
2023346.000,0.0371,-9999.0000,1.0342,-9999.0000,0.2035,0.0416,-9999.0000,-9999.0000,0.0909,-9999.0000,0.0
2023577.000,0.0858,-9999.0000,1.2046,0.1523,0.1727,0.0434,0.1619,-9999.0000,0.1245,-9999.0000,0.0
2023808.000,0.1079,-9999.0000,1.1895,0.1465,0.1920,0.0416,-9999.0000,-9999.0000,-9999.0000,-9999.0000,0.0
2024039.000,0.1395,0.4971,1.2664,-9999.0000,0.2082,-9999.0000,0.0836,-9999.0000,-9999.0000,-9999.0000,0.0
2024271.000,0.0428,-9999.0000,1.3288,-9999.0000,0.1197,-9999.0000,0.0578,-9999.0000,-9999.0000,-9999.0000,0.0
2024502.000,0.0729,-9999.0000,1.0900,0.1235,0.2162,-9999.0000,-9999.0000,0.1626,0.1216,-9999.0000,0.0
2024733.000,0.1439,-9999.0000,1.2062,0.1231,0.1804,0.0415,-9999.0000,-9999.0000,-9999.0000,-9999.0000,0.0
2024964.000,0.0547,-9999.0000,1.2022,-9999.0000,0.1311,0.0291,-9999.0000,-9999.0000,-9999.0000,-9999.0000,0.0
2025195.000,0.0861,-9999.0000,1.1376,0.1273,0.2914,-9999.0000,0.0503,-9999.0000,-9999.0000,-9999.0000,0.0
2025427.000,0.1135,-9999.0000,1.0731,-9999.0000,0.2718,0.0403,-9999.0000,-9999.0000,-9999.0000,-9999.0000,0.0
2025658.000,0.0665,-9999.0000,1.0504,0.2618,0.1897,-9999.0000,-9999.0000,-9999.0000,-9999.0000,-9999.0000,0.0
2025889.000,0.0604,-9999.0000,1.2537,0.1187,0.1415,-9999.0000,0.0690,0.1347,-9999.0000,-9999.0000,0.0
2026120.000,0.0786,-9999.0000,1.2254,0.1443,0.1546,0.0289,0.0812,-9999.0000,-9999.0000,-9999.0000,0.0
2026351.000,0.1137,-9999.0000,1.1472,-9999.0000,0.1889,0.0515,-9999.0000,-9999.0000,-9999.0000,-9999.0000,0.0
2026583.000,0.0836,-9999.0000,1.2294,0.3048,0.1868,0.0391,-9999.0000,0.0968,-9999.0000,-9999.0000,0.0
2026814.000,0.0903,0.4943,1.1682,0.2142,0.1182,-9999.0000,0.0812,-9999.0000,-9999.0000,-9999.0000,0.0
2027045.000,0.0849,-9999.0000,1.0881,0.1446,0.2852,-9999.0000,-9999.0000,-9999.0000,-9999.0000,0.0455,0.0
2027276.000,0.0958,-9999.0000,1.1737,-9999.0000,0.2345,-9999.0000,-9999.0000,-9999.0000,-9999.0000,-9999.0000,0.0
2027507.000,0.0957,-9999.0000,1.0746,-9999.0000,0.1045,-9999.0000,-9999.0000,-9999.0000,-9999.0000,-9999.0000,0.0
2027739.000,0.1136,-9999.0000,0.9907,0.2590,0.2344,0.0391,0.0584,-9999.0000,-9999.0000,-9999.0000,0.0
2027970.000,0.1067,-9999.0000,1.0717,-9999.0000,0.2784,-9999.0000,0.0571,0.1566,0.0741,-9999.0000,0.0
2028201.000,0.0958,-9999.0000,1.0197,-9999.0000,0.2573,-9999.0000,-9999.0000,-9999.0000,0.0757,0.0901,0.0
2028432.000,0.0684,-9999.0000,1.1630,0.1487,0.1573,-9999.0000,0.0964,-9999.0000,-9999.0000,0.1404,0.0
2028663.000,0.1028,-9999.0000,1.2350,0.1668,-9999.0000,-9999.0000,-9999.0000,-9999.0000,0.0925,0.0455,0.0
2028895.000,0.1313,-9999.0000,1.0132,-9999.0000,0.1741,0.0730,0.0696,-9999.0000,-9999.0000,-9999.0000,0.0
2029126.000,0.1068,-9999.0000,1.0948,-9999.0000,0.1953,-9999.0000,-9999.0000,-9999.0000,-9999.0000,-9999.0000,0.0
2029357.000,0.0670,-9999.0000,1.0835,-9999.0000,0.1044,-9999.0000,0.0597,-9999.0000,-9999.0000,-9999.0000,0.0
2029588.000,0.0495,-9999.0000,1.1694,0.1189,0.1886,-9999.0000,0.0605,-9999.0000,-9999.0000,-9999.0000,0.0
2029819.000,0.0835,-9999.0000,1.1759,0.0890,0.2304,-9999.0000,-9999.0000,-9999.0000,-9999.0000,-9999.0000,0.0
2030051.000,0.1018,-9999.0000,1.1224,0.2565,0.2440,-9999.0000,-9999.0000,-9999.0000,-9999.0000,-9999.0000,0.0
2030282.000,0.0372,-9999.0000,1.1541,-9999.0000,0.1506,-9999.0000,0.1042,-9999.0000,-9999.0000,0.0449,0.0
2030513.000,0.1248,-9999.0000,0.9802,0.0883,0.2770,-9999.0000,0.1242,-9999.0000,-9999.0000,0.0893,0.0
2030744.000,0.0789,-9999.0000,1.1005,-9999.0000,0.1982,0.0498,-9999.0000,-9999.0000,-9999.0000,0.0451,0.0
2030975.000,0.0655,-9999.0000,0.9427,-9999.0000,0.2043,-9999.0000,-9999.0000,-9999.0000,0.1021,0.0431,0.0
2031207.000,0.0839,-9999.0000,1.0627,0.1358,0.1121,-9999.0000,0.0917,-9999.0000,-9999.0000,-9999.0000,0.0
2031438.000,0.0364,-9999.0000,0.9947,0.1101,0.2166,-9999.0000,-9999.0000,0.1206,0.1464,0.0434,0.0
2031669.000,0.0549,-9999.0000,1.0771,-9999.0000,0.2083,0.0374,0.0707,0.1006,-9999.0000,-9999.0000,0.0
2031900.000,0.0900,-9999.0000,0.9171,-9999.0000,0.2185,-9999.0000,-9999.0000,-9999.0000,-9999.0000,0.0441,0.0
2032131.000,0.0849,-9999.0000,1.0563,-9999.0000,0.1970,-9999.0000,0.0601,0.1143,-9999.0000,-9999.0000,0.0
2032363.000,0.0611,-9999.0000,1.0378,0.1384,0.2446,-9999.0000,-9999.0000,-9999.0000,-9999.0000,-9999.0000,0.0
2032594.000,0.1004,-9999.0000,1.1618,-9999.0000,0.3425,-9999.0000,-9999.0000,-9999.0000,-9999.0000,-9999.0000,0.0
2032825.000,0.1018,-9999.0000,1.0372,0.2292,0.3238,-9999.0000,0.0587,0.1353,-9999.0000,-9999.0000,0.0
2033056.000,0.0826,-9999.0000,0.8604,0.1052,0.2006,-9999.0000,-9999.0000,0.2265,-9999.0000,0.0423,0.0
2033287.000,0.1016,-9999.0000,0.8818,0.1571,0.2283,-9999.0000,-9999.0000,-9999.0000,-9999.0000,-9999.0000,0.0
2033519.000,0.0537,-9999.0000,1.0724,-9999.0000,0.2604,-9999.0000,0.1013,0.1680,-9999.0000,-9999.0000,0.0
2033750.000,0.0430,-9999.0000,0.9273,0.1357,0.1470,-9999.0000,-9999.0000,-9999.0000,-9999.0000,-9999.0000,0.0
2033981.000,0.0706,-9999.0000,0.9213,-9999.0000,0.2803,-9999.0000,-9999.0000,-9999.0000,-9999.0000,-9999.0000,0.0
2034212.000,0.0661,-9999.0000,1.0277,-9999.0000,0.2984,-9999.0000,0.0586,-9999.0000,-9999.0000,-9999.0000,0.0
2034443.000,0.1295,-9999.0000,1.1444,-9999.0000,0.1290,-9999.0000,-9999.0000,-9999.0000,-9999.0000,-9999.0000,0.0
2034675.000,0.1133,-9999.0000,1.1412,0.1072,0.2144,-9999.0000,0.0583,-9999.0000,-9999.0000,-9999.0000,0.0
2034906.000,0.1017,-9999.0000,1.0329,0.1314,0.2148,-9999.0000,0.0475,-9999.0000,-9999.0000,-9999.0000,0.0
2035137.000,0.0893,-9999.0000,0.8916,-9999.0000,0.2602,-9999.0000,0.1689,-9999.0000,-9999.0000,-9999.0000,0.0
2035368.000,0.0828,-9999.0000,1.0116,-9999.0000,0.1402,0.0332,0.1010,-9999.0000,-9999.0000,-9999.0000,0.0
2035599.000,0.1386,-9999.0000,1.0200,0.1103,0.1456,-9999.0000,-9999.0000,-9999.0000,-9999.0000,0.0909,0.0
2035831.000,0.0715,0.5370,1.1826,-9999.0000,0.2709,-9999.0000,-9999.0000,-9999.0000,0.1022,-9999.0000,0.0
2036062.000,0.0772,-9999.0000,0.9535,-9999.0000,0.1757,-9999.0000,-9999.0000,-9999.0000,-9999.0000,0.0882,0.0
2036293.000,0.0419,-9999.0000,1.0322,0.1266,0.1518,-9999.0000,-9999.0000,0.0950,-9999.0000,-9999.0000,0.0
2036524.000,0.0952,-9999.0000,0.9009,-9999.0000,0.0933,-9999.0000,-9999.0000,-9999.0000,-9999.0000,0.0428,0.0
2036755.000,0.0777,-9999.0000,1.1982,-9999.0000,0.2238,-9999.0000,0.0805,-9999.0000,-9999.0000,-9999.0000,0.0
2036987.000,0.1018,-9999.0000,1.0308,-9999.0000,0.2129,-9999.0000,0.0589,0.0985,-9999.0000,0.0894,0.0
2037218.000,0.0664,-9999.0000,1.0220,0.1061,0.2137,-9999.0000,0.0930,-9999.0000,-9999.0000,-9999.0000,0.0
2037449.000,0.0537,-9999.0000,1.0137,-9999.0000,0.2453,-9999.0000,-9999.0000,-9999.0000,-9999.0000,0.0425,0.0
2037680.000,0.0899,-9999.0000,1.0733,-9999.0000,0.1648,-9999.0000,-9999.0000,-9999.0000,-9999.0000,0.0894,0.0
2037911.000,0.0653,-9999.0000,0.9371,-9999.0000,0.2678,-9999.0000,0.0684,-9999.0000,-9999.0000,-9999.0000,0.0
2038143.000,0.0887,-9999.0000,1.1364,0.0999,0.1256,-9999.0000,0.1457,-9999.0000,-9999.0000,-9999.0000,0.0
2038374.000,0.1077,-9999.0000,0.7448,-9999.0000,0.2115,-9999.0000,0.1484,-9999.0000,-9999.0000,0.0433,0.0
2038605.000,0.0714,-9999.0000,0.9870,-9999.0000,0.2795,-9999.0000,-9999.0000,-9999.0000,-9999.0000,-9999.0000,0.0
2038836.000,0.1085,-9999.0000,0.9678,-9999.0000,0.1413,-9999.0000,0.1163,-9999.0000,-9999.0000,-9999.0000,0.0
2039067.000,0.0713,-9999.0000,0.9617,-9999.0000,0.3027,-9999.0000,-9999.0000,-9999.0000,-9999.0000,-9999.0000,0.0
2039299.000,0.0758,-9999.0000,1.1358,-9999.0000,0.2846,-9999.0000,-9999.0000,-9999.0000,-9999.0000,-9999.0000,0.0
2039530.000,0.0938,-9999.0000,0.9594,-9999.0000,0.2041,-9999.0000,0.0889,-9999.0000,-9999.0000,-9999.0000,0.0
2039761.000,0.0814,-9999.0000,1.1382,0.1395,0.2484,-9999.0000,0.0987,-9999.0000,-9999.0000,0.1304,0.0
2039992.000,0.0901,-9999.0000,0.9853,-9999.0000,0.2701,-9999.0000,0.1043,-9999.0000,-9999.0000,-9999.0000,0.0
2040321.000,0.0591,-9999.0000,0.9111,-9999.0000,0.1818,-9999.0000,0.0570,-9999.0000,-9999.0000,0.1328,0.0
2040552.000,0.1069,-9999.0000,1.1140,-9999.0000,0.2069,-9999.0000,0.0579,0.1079,-9999.0000,-9999.0000,0.0
2040784.000,0.0587,-9999.0000,0.9948,-9999.0000,0.1913,-9999.0000,-9999.0000,0.1523,-9999.0000,-9999.0000,0.0
2041015.000,0.1042,-9999.0000,0.9192,-9999.0000,0.3502,-9999.0000,-9999.0000,-9999.0000,-9999.0000,-9999.0000,0.0
2041246.000,0.0702,-9999.0000,1.0634,-9999.0000,0.2837,-9999.0000,-9999.0000,-9999.0000,-9999.0000,0.0406,0.0
2041477.000,0.0713,-9999.0000,1.1304,0.0970,0.2058,-9999.0000,0.1359,0.1200,-9999.0000,0.1796,0.0
2041708.000,0.1246,-9999.0000,1.0318,-9999.0000,0.1701,-9999.0000,-9999.0000,-9999.0000,-9999.0000,0.1796,0.0
2041940.000,0.1168,-9999.0000,1.0236,-9999.0000,0.2706,-9999.0000,0.0994,0.0898,0.0831,0.0856,0.0
2042171.000,0.0522,-9999.0000,0.8487,0.1361,0.3739,-9999.0000,0.1754,0.1004,-9999.0000,-9999.0000,0.0
2042402.000,0.0872,-9999.0000,1.0979,-9999.0000,0.2574,-9999.0000,0.0660,-9999.0000,-9999.0000,-9999.0000,0.0
2042633.000,0.0879,-9999.0000,1.1312,-9999.0000,0.1305,-9999.0000,-9999.0000,-9999.0000,-9999.0000,-9999.0000,0.0
2042864.000,0.0706,-9999.0000,1.0071,-9999.0000,0.2371,-9999.0000,0.0567,-9999.0000,-9999.0000,-9999.0000,0.0
2043096.000,-9999.0000,-9999.0000,1.0255,-9999.0000,0.1958,-9999.0000,0.1274,-9999.0000,-9999.0000,-9999.0000,0.0
2043327.000,0.0637,-9999.0000,1.0998,0.0876,0.1158,-9999.0000,0.1095,-9999.0000,-9999.0000,-9999.0000,0.0
2045759.000,0.1126,10.7696,1.9034,0.5318,0.5967,-9999.0000,0.1360,0.1719,0.0747,-9999.0000,0.0
2045990.000,0.1352,8.9671,2.0186,0.2565,0.5842,-9999.0000,0.1036,0.2068,0.2569,-9999.0000,0.0
2046221.000,0.1737,8.5106,1.7542,0.5245,0.6240,-9999.0000,0.1445,0.2733,0.1701,-9999.0000,0.0
2046453.000,0.1356,7.6501,2.1059,0.6004,0.6081,-9999.0000,0.1363,0.1960,-9999.0000,0.1688,0.0
2046745.000,-9999.0000,-9999.0000,-9999.0000,-9999.0000,-9999.0000,-9999.0000,-9999.0000,-9999.0000,-9999.0000,-9999.0000,1.0
2046976.000,-9999.0000,-9999.0000,-9999.0000,-9999.0000,-9999.0000,-9999.0000,-9999.0000,-9999.0000,-9999.0000,-9999.0000,1.0
2047208.000,-9999.0000,-9999.0000,-9999.0000,-9999.0000,-9999.0000,-9999.0000,-9999.0000,-9999.0000,-9999.0000,-9999.0000,1.0
2047439.000,-9999.0000,-9999.0000,-9999.0000,-9999.0000,-9999.0000,-9999.0000,-9999.0000,-9999.0000,-9999.0000,-9999.0000,1.0
2047670.000,-9999.0000,-9999.0000,-9999.0000,-9999.0000,-9999.0000,-9999.0000,-9999.0000,-9999.0000,-9999.0000,-9999.0000,1.0
2047901.000,-9999.0000,-9999.0000,-9999.0000,-9999.0000,-9999.0000,-9999.0000,-9999.0000,-9999.0000,-9999.0000,-9999.0000,1.0
2048132.000,-9999.0000,-9999.0000,-9999.0000,-9999.0000,-9999.0000,-9999.0000,-9999.0000,-9999.0000,-9999.0000,-9999.0000,1.0
2048418.000,0.0970,5.0370,2.1245,1.6577,7.9533,0.2438,0.1695,0.1328,0.2160,0.1605,0.0
2048650.000,0.1396,6.4810,1.8539,0.4529,0.7457,-9999.0000,0.1018,0.1435,-9999.0000,0.3414,0.0
2048881.000,0.1135,6.3640,1.5327,0.2343,0.6564,0.0436,-9999.0000,-9999.0000,0.1326,0.0365,0.0
2049112.000,0.0868,5.4149,1.5071,0.4781,0.3195,0.0461,0.1757,0.1719,-9999.0000,0.0387,0.0
2049343.000,0.0816,5.4156,1.3535,0.1052,0.4280,-9999.0000,0.0669,-9999.0000,-9999.0000,0.0394,0.0
2049574.000,0.1043,4.2271,1.5125,0.1493,0.4829,-9999.0000,0.0988,-9999.0000,-9999.0000,-9999.0000,0.0
2049806.000,0.0979,4.3850,1.3400,0.3804,0.5380,-9999.0000,-9999.0000,-9999.0000,0.0793,-9999.0000,0.0
2050037.000,0.0976,4.1462,1.3891,0.2153,0.3732,-9999.0000,0.1081,-9999.0000,-9999.0000,0.0377,0.0
2050268.000,0.1354,4.0379,1.5284,0.2724,0.4069,0.0472,0.1348,-9999.0000,-9999.0000,0.0859,0.0
2050499.000,0.0753,3.7552,1.5270,-9999.0000,0.4246,-9999.0000,0.0772,0.1850,-9999.0000,-9999.0000,0.0
2050730.000,0.0744,3.2532,1.4566,0.1917,0.3499,-9999.0000,0.0756,-9999.0000,-9999.0000,-9999.0000,0.0
2050962.000,0.1264,3.3518,1.3554,0.1670,0.5112,-9999.0000,0.1952,0.0954,0.0781,-9999.0000,0.0
2051193.000,0.0574,3.3161,1.5130,0.1231,0.4102,-9999.0000,0.0875,-9999.0000,-9999.0000,0.0382,0.0
2051424.000,0.0858,2.8154,1.6377,-9999.0000,0.4177,-9999.0000,-9999.0000,0.1194,-9999.0000,-9999.0000,0.0
2051655.000,0.0690,2.7531,1.2385,0.2394,0.5148,0.0557,0.0544,-9999.0000,0.1085,-9999.0000,0.0
2051886.000,0.1132,2.7086,1.2564,-9999.0000,0.4570,-9999.0000,0.0837,-9999.0000,-9999.0000,0.1250,0.0
2052118.000,0.0909,2.5782,1.2957,0.1861,0.3793,-9999.0000,0.1175,-9999.0000,-9999.0000,-9999.0000,0.0
2052349.000,0.1031,2.6099,1.2735,0.2114,0.2305,0.0429,-9999.0000,0.1070,0.0776,-9999.0000,0.0
2052580.000,0.1270,2.4438,1.5772,-9999.0000,0.5237,-9999.0000,0.0649,-9999.0000,-9999.0000,0.0376,0.0
2052811.000,0.0874,2.4224,1.5556,-9999.0000,0.3657,0.0448,0.0781,0.0892,-9999.0000,0.0846,0.0
2053042.000,0.0740,2.2956,1.3676,-9999.0000,0.4735,-9999.0000,0.0640,-9999.0000,-9999.0000,-9999.0000,0.0
2053274.000,0.0392,2.0035,1.3097,-9999.0000,0.4044,-9999.0000,0.1190,-9999.0000,0.1351,-9999.0000,0.0
2053505.000,0.1306,2.2588,1.3929,0.1358,0.2716,-9999.0000,0.0840,-9999.0000,-9999.0000,-9999.0000,0.0
2053736.000,0.1061,2.0642,1.5372,0.1304,0.4489,-9999.0000,0.0601,-9999.0000,-9999.0000,0.1226,0.0
2053967.000,0.0388,1.9828,1.3692,-9999.0000,0.2613,-9999.0000,-9999.0000,0.1165,0.1472,0.0810,0.0
2136645.000,0.1075,32.7810,3.6482,1.4321,0.2650,-9999.0000,0.1079,-9999.0000,0.1618,-9999.0000,0.0
2136876.000,0.1551,28.6830,3.1455,1.2913,0.2250,-9999.0000,0.1054,-9999.0000,-9999.0000,-9999.0000,0.0
2137107.000,0.1317,24.5970,2.7355,0.7956,0.0905,-9999.0000,-9999.0000,-9999.0000,-9999.0000,0.1664,0.0
2137339.000,0.0888,21.4378,2.3638,0.4937,-9999.0000,-9999.0000,0.0924,-9999.0000,-9999.0000,0.1258,0.0
2137570.000,0.1254,19.4586,2.2966,0.6581,0.1663,-9999.0000,0.0475,-9999.0000,-9999.0000,0.0800,0.0
2137801.000,0.1294,17.5554,2.1409,0.2760,0.0851,-9999.0000,0.1158,-9999.0000,0.0904,-9999.0000,0.0
2138032.000,0.1412,15.5548,1.8256,0.3683,0.0633,-9999.0000,-9999.0000,-9999.0000,-9999.0000,-9999.0000,0.0
2138263.000,0.1435,15.1507,2.0830,0.3545,0.1926,-9999.0000,0.0660,-9999.0000,0.0948,-9999.0000,0.0
2138495.000,0.1498,13.3073,1.6746,0.1957,0.1136,-9999.0000,-9999.0000,-9999.0000,-9999.0000,0.1767,0.0
2138726.000,0.1500,12.2935,1.8328,0.4270,0.1371,-9999.0000,-9999.0000,-9999.0000,-9999.0000,-9999.0000,0.0
2138957.000,0.1162,11.5942,1.6152,0.4303,0.0808,-9999.0000,-9999.0000,-9999.0000,-9999.0000,-9999.0000,0.0
2139188.000,0.1554,10.8843,1.6080,0.3110,-9999.0000,-9999.0000,-9999.0000,-9999.0000,-9999.0000,-9999.0000,0.0
2139419.000,0.1333,9.9279,1.3370,0.2216,-9999.0000,-9999.0000,-9999.0000,-9999.0000,-9999.0000,-9999.0000,0.0
2139651.000,0.1487,9.0969,1.2259,0.3514,-9999.0000,-9999.0000,-9999.0000,-9999.0000,-9999.0000,-9999.0000,0.0
2139882.000,0.1072,8.8946,1.4914,-9999.0000,-9999.0000,-9999.0000,-9999.0000,-9999.0000,-9999.0000,-9999.0000,0.0
2140113.000,0.1189,8.3785,1.5078,0.4442,0.1330,-9999.0000,-9999.0000,-9999.0000,-9999.0000,-9999.0000,0.0
2140344.000,0.0846,8.1227,1.2367,0.3320,0.1121,-9999.0000,-9999.0000,-9999.0000,-9999.0000,-9999.0000,0.0
2140575.000,0.0945,7.5055,1.2993,0.1820,-9999.0000,-9999.0000,-9999.0000,-9999.0000,-9999.0000,-9999.0000,0.0
2140807.000,0.0299,7.2295,1.2422,0.1782,-9999.0000,-9999.0000,-9999.0000,-9999.0000,-9999.0000,-9999.0000,0.0
2141038.000,0.1208,7.1262,0.9864,0.1965,-9999.0000,-9999.0000,-9999.0000,-9999.0000,-9999.0000,-9999.0000,0.0
2141269.000,0.0833,6.1752,1.2647,-9999.0000,-9999.0000,-9999.0000,-9999.0000,-9999.0000,-9999.0000,-9999.0000,0.0
2141500.000,0.1306,6.5088,1.2391,0.0919,-9999.0000,-9999.0000,-9999.0000,-9999.0000,-9999.0000,-9999.0000,0.0
2141731.000,0.0777,6.2112,1.0800,0.2095,-9999.0000,-9999.0000,0.0494,-9999.0000,-9999.0000,-9999.0000,0.0
2141963.000,0.0897,5.5870,1.0465,-9999.0000,-9999.0000,-9999.0000,-9999.0000,-9999.0000,-9999.0000,-9999.0000,0.0
2142194.000,0.0959,5.9994,1.0504,0.3537,-9999.0000,-9999.0000,-9999.0000,-9999.0000,-9999.0000,-9999.0000,0.0
2142425.000,0.1129,5.5574,1.0193,0.2100,-9999.0000,-9999.0000,-9999.0000,-9999.0000,-9999.0000,-9999.0000,0.0
2142656.000,0.0953,5.1918,0.9039,-9999.0000,0.0987,-9999.0000,-9999.0000,-9999.0000,-9999.0000,-9999.0000,0.0
2142887.000,0.1027,4.6950,0.9816,-9999.0000,-9999.0000,-9999.0000,-9999.0000,-9999.0000,-9999.0000,-9999.0000,0.0
2143119.000,0.1198,4.9838,0.9260,0.1667,-9999.0000,-9999.0000,-9999.0000,-9999.0000,-9999.0000,-9999.0000,0.0
2143489.000,-9999.0000,-9999.0000,-9999.0000,-9999.0000,-9999.0000,-9999.0000,-9999.0000,-9999.0000,-9999.0000,-9999.0000,1.0
2143721.000,-9999.0000,-9999.0000,-9999.0000,-9999.0000,-9999.0000,-9999.0000,-9999.0000,-9999.0000,-9999.0000,-9999.0000,1.0
2145499.000,0.1481,4.6420,1.2089,0.2158,-9999.0000,-9999.0000,-9999.0000,-9999.0000,-9999.0000,-9999.0000,0.0
2145730.000,0.1102,4.4710,1.1799,0.0932,-9999.0000,-9999.0000,-9999.0000,-9999.0000,-9999.0000,-9999.0000,0.0
2145961.000,0.0695,3.9230,1.2733,0.1678,-9999.0000,-9999.0000,-9999.0000,-9999.0000,-9999.0000,0.1010,0.0
2146192.000,0.1516,3.7764,1.1348,0.1454,-9999.0000,-9999.0000,-9999.0000,-9999.0000,-9999.0000,-9999.0000,0.0
2146423.000,0.1344,3.6765,1.1140,0.1003,-9999.0000,-9999.0000,-9999.0000,-9999.0000,-9999.0000,-9999.0000,0.0
2146655.000,0.0830,3.4924,1.0776,-9999.0000,-9999.0000,-9999.0000,-9999.0000,-9999.0000,-9999.0000,-9999.0000,0.0
2146886.000,0.0888,3.2166,1.0253,-9999.0000,-9999.0000,-9999.0000,-9999.0000,-9999.0000,-9999.0000,-9999.0000,0.0
2147117.000,0.1082,3.1186,0.9931,-9999.0000,-9999.0000,-9999.0000,-9999.0000,-9999.0000,-9999.0000,0.0626,0.0
2147348.000,0.0975,3.3534,1.0616,0.1441,-9999.0000,-9999.0000,-9999.0000,-9999.0000,-9999.0000,-9999.0000,0.0
2147579.000,0.1361,3.3058,0.8441,0.1828,-9999.0000,-9999.0000,-9999.0000,-9999.0000,-9999.0000,-9999.0000,0.0
2147811.000,0.0924,3.1561,0.9836,-9999.0000,-9999.0000,-9999.0000,-9999.0000,-9999.0000,-9999.0000,-9999.0000,0.0
2148042.000,0.0694,3.1374,1.1441,-9999.0000,-9999.0000,-9999.0000,-9999.0000,-9999.0000,-9999.0000,-9999.0000,0.0
2148273.000,0.1021,2.9974,0.9436,0.1635,-9999.0000,-9999.0000,-9999.0000,-9999.0000,-9999.0000,-9999.0000,0.0
2148504.000,0.0921,3.1961,1.0402,-9999.0000,-9999.0000,-9999.0000,-9999.0000,-9999.0000,-9999.0000,0.0984,0.0
2148735.000,0.0874,2.7653,1.0515,0.1438,-9999.0000,-9999.0000,-9999.0000,-9999.0000,-9999.0000,-9999.0000,0.0
2148967.000,0.1115,2.9547,0.9856,-9999.0000,-9999.0000,-9999.0000,-9999.0000,-9999.0000,-9999.0000,-9999.0000,0.0
2149198.000,0.1335,2.8915,1.1495,-9999.0000,-9999.0000,-9999.0000,-9999.0000,-9999.0000,-9999.0000,-9999.0000,0.0
2149429.000,0.0961,2.8190,1.0493,-9999.0000,-9999.0000,-9999.0000,0.1239,-9999.0000,-9999.0000,-9999.0000,0.0
2149660.000,0.0865,2.8133,1.1394,0.2566,-9999.0000,-9999.0000,-9999.0000,-9999.0000,-9999.0000,-9999.0000,0.0
2149891.000,0.0878,2.6590,1.0768,-9999.0000,-9999.0000,-9999.0000,-9999.0000,-9999.0000,-9999.0000,-9999.0000,0.0
2150123.000,0.1093,2.4185,1.0115,-9999.0000,-9999.0000,-9999.0000,-9999.0000,-9999.0000,-9999.0000,-9999.0000,0.0
2150354.000,0.0390,2.4061,0.9180,0.1247,-9999.0000,-9999.0000,-9999.0000,-9999.0000,-9999.0000,0.0610,0.0
2150585.000,0.0922,2.6401,1.1057,-9999.0000,-9999.0000,-9999.0000,-9999.0000,-9999.0000,-9999.0000,-9999.0000,0.0
2150816.000,0.0436,2.2407,1.0225,-9999.0000,-9999.0000,-9999.0000,0.0522,-9999.0000,-9999.0000,-9999.0000,0.0
2151047.000,0.0872,2.0795,1.0033,-9999.0000,-9999.0000,-9999.0000,-9999.0000,-9999.0000,-9999.0000,-9999.0000,0.0
2151279.000,0.0969,2.3801,1.0139,-9999.0000,-9999.0000,-9999.0000,-9999.0000,-9999.0000,-9999.0000,-9999.0000,0.0
2151510.000,0.0686,2.0898,1.0238,-9999.0000,-9999.0000,-9999.0000,-9999.0000,-9999.0000,-9999.0000,-9999.0000,0.0
2151741.000,0.0721,2.3155,0.9735,-9999.0000,-9999.0000,-9999.0000,0.0697,-9999.0000,-9999.0000,-9999.0000,0.0
2151972.000,0.0533,2.1040,0.8805,-9999.0000,-9999.0000,-9999.0000,-9999.0000,-9999.0000,-9999.0000,-9999.0000,0.0
2152203.000,0.0962,2.1153,0.9556,-9999.0000,-9999.0000,-9999.0000,-9999.0000,-9999.0000,-9999.0000,0.0605,0.0
2152435.000,0.1066,2.1196,0.9351,-9999.0000,-9999.0000,-9999.0000,-9999.0000,-9999.0000,-9999.0000,-9999.0000,0.0
2152666.000,0.0786,2.2209,0.9623,-9999.0000,-9999.0000,-9999.0000,-9999.0000,-9999.0000,-9999.0000,-9999.0000,0.0
2152897.000,0.0867,2.0602,1.0359,-9999.0000,-9999.0000,-9999.0000,-9999.0000,-9999.0000,-9999.0000,-9999.0000,0.0
2153128.000,0.1150,1.9670,1.0023,-9999.0000,-9999.0000,-9999.0000,-9999.0000,-9999.0000,-9999.0000,-9999.0000,0.0
2153360.000,0.0670,1.7723,1.0475,-9999.0000,-9999.0000,-9999.0000,-9999.0000,-9999.0000,-9999.0000,-9999.0000,0.0
2153591.000,0.0716,2.1801,1.0150,-9999.0000,-9999.0000,-9999.0000,-9999.0000,-9999.0000,-9999.0000,-9999.0000,0.0
2153822.000,0.1539,1.7912,0.9680,-9999.0000,-9999.0000,-9999.0000,-9999.0000,-9999.0000,-9999.0000,-9999.0000,0.0
2154053.000,0.1195,1.9904,1.1619,0.1236,-9999.0000,-9999.0000,-9999.0000,-9999.0000,-9999.0000,-9999.0000,0.0
2154284.000,0.1064,2.0350,1.0633,-9999.0000,-9999.0000,-9999.0000,-9999.0000,-9999.0000,-9999.0000,-9999.0000,0.0
2154516.000,0.0720,1.9994,0.9118,-9999.0000,-9999.0000,-9999.0000,-9999.0000,-9999.0000,-9999.0000,-9999.0000,0.0
2154747.000,0.0927,1.8230,0.9915,-9999.0000,-9999.0000,-9999.0000,-9999.0000,-9999.0000,-9999.0000,-9999.0000,0.0
2154978.000,0.1004,1.8966,0.9490,-9999.0000,-9999.0000,-9999.0000,-9999.0000,-9999.0000,-9999.0000,-9999.0000,0.0
2155209.000,0.0946,1.6084,1.0938,-9999.0000,-9999.0000,-9999.0000,-9999.0000,-9999.0000,-9999.0000,-9999.0000,0.0
2155440.000,0.0530,1.7075,0.9431,-9999.0000,-9999.0000,-9999.0000,-9999.0000,-9999.0000,-9999.0000,-9999.0000,0.0
2155672.000,0.0863,1.6205,0.9369,-9999.0000,-9999.0000,-9999.0000,-9999.0000,-9999.0000,-9999.0000,-9999.0000,0.0
2155903.000,0.0997,1.8637,0.9515,-9999.0000,-9999.0000,-9999.0000,-9999.0000,-9999.0000,-9999.0000,-9999.0000,0.0
2156134.000,0.0967,1.7065,0.9373,-9999.0000,-9999.0000,-9999.0000,-9999.0000,-9999.0000,-9999.0000,-9999.0000,0.0
2156365.000,0.0963,1.5981,1.0759,-9999.0000,-9999.0000,-9999.0000,-9999.0000,-9999.0000,-9999.0000,-9999.0000,0.0
2156596.000,0.0825,1.5004,0.8700,-9999.0000,-9999.0000,-9999.0000,-9999.0000,-9999.0000,-9999.0000,-9999.0000,0.0
2156828.000,0.1058,1.4462,0.8074,-9999.0000,-9999.0000,-9999.0000,-9999.0000,-9999.0000,-9999.0000,0.0610,0.0
2157059.000,0.0669,1.3584,1.0342,-9999.0000,-9999.0000,-9999.0000,-9999.0000,-9999.0000,-9999.0000,-9999.0000,0.0
2157290.000,0.1198,1.5436,0.9574,-9999.0000,-9999.0000,-9999.0000,-9999.0000,-9999.0000,-9999.0000,-9999.0000,0.0
2157521.000,0.1019,1.6242,0.8959,-9999.0000,-9999.0000,-9999.0000,-9999.0000,-9999.0000,-9999.0000,-9999.0000,0.0
2157752.000,0.0921,1.4646,0.8447,-9999.0000,-9999.0000,-9999.0000,-9999.0000,-9999.0000,-9999.0000,-9999.0000,0.0
2157984.000,0.0811,1.2232,0.8612,-9999.0000,-9999.0000,-9999.0000,-9999.0000,-9999.0000,-9999.0000,-9999.0000,0.0
2158215.000,0.0730,1.4100,0.9002,0.0924,-9999.0000,-9999.0000,-9999.0000,-9999.0000,-9999.0000,-9999.0000,0.0
2158446.000,0.1352,1.6144,0.8036,-9999.0000,-9999.0000,-9999.0000,0.0620,-9999.0000,-9999.0000,-9999.0000,0.0
2158677.000,0.1010,1.2540,1.0110,-9999.0000,-9999.0000,-9999.0000,-9999.0000,-9999.0000,-9999.0000,-9999.0000,0.0
2158908.000,0.0964,1.3812,1.0921,-9999.0000,-9999.0000,-9999.0000,-9999.0000,-9999.0000,-9999.0000,-9999.0000,0.0
2159140.000,0.0821,1.1253,0.9191,-9999.0000,-9999.0000,-9999.0000,-9999.0000,-9999.0000,-9999.0000,-9999.0000,0.0
2159371.000,0.0909,1.4211,0.7617,-9999.0000,-9999.0000,-9999.0000,-9999.0000,-9999.0000,-9999.0000,-9999.0000,0.0
2159602.000,0.0930,1.2486,1.1052,-9999.0000,-9999.0000,-9999.0000,-9999.0000,-9999.0000,-9999.0000,-9999.0000,0.0
2159833.000,0.0628,1.4367,0.9154,-9999.0000,-9999.0000,-9999.0000,-9999.0000,-9999.0000,-9999.0000,-9999.0000,0.0
2160064.000,0.0730,1.5701,0.8855,-9999.0000,-9999.0000,-9999.0000,-9999.0000,-9999.0000,-9999.0000,-9999.0000,0.0
2160296.000,0.0949,1.3516,0.9254,-9999.0000,-9999.0000,-9999.0000,-9999.0000,-9999.0000,-9999.0000,-9999.0000,0.0
2160527.000,0.1201,1.2222,1.0407,-9999.0000,-9999.0000,-9999.0000,-9999.0000,-9999.0000,-9999.0000,-9999.0000,0.0
2160758.000,0.1678,1.3220,0.7531,-9999.0000,-9999.0000,-9999.0000,-9999.0000,-9999.0000,-9999.0000,-9999.0000,0.0
2160989.000,0.1093,1.0529,0.9426,-9999.0000,-9999.0000,-9999.0000,-9999.0000,-9999.0000,-9999.0000,-9999.0000,0.0
2161220.000,0.0775,1.1071,0.8310,-9999.0000,-9999.0000,-9999.0000,-9999.0000,-9999.0000,-9999.0000,-9999.0000,0.0
2161452.000,0.1099,1.1452,0.9687,-9999.0000,-9999.0000,-9999.0000,-9999.0000,-9999.0000,-9999.0000,-9999.0000,0.0
2161683.000,0.0914,1.3687,1.0982,-9999.0000,-9999.0000,-9999.0000,-9999.0000,-9999.0000,-9999.0000,-9999.0000,0.0
2161914.000,0.1184,1.0732,0.7536,-9999.0000,-9999.0000,-9999.0000,0.0590,-9999.0000,-9999.0000,-9999.0000,0.0
2162145.000,0.0932,1.0200,1.0579,-9999.0000,-9999.0000,-9999.0000,-9999.0000,-9999.0000,-9999.0000,-9999.0000,0.0
2162376.000,0.1256,1.1088,0.9638,-9999.0000,-9999.0000,-9999.0000,-9999.0000,-9999.0000,-9999.0000,-9999.0000,0.0
2162608.000,0.0928,1.0448,0.9071,-9999.0000,-9999.0000,-9999.0000,-9999.0000,-9999.0000,-9999.0000,-9999.0000,0.0
2162839.000,0.1100,1.0173,0.8319,-9999.0000,-9999.0000,-9999.0000,-9999.0000,-9999.0000,-9999.0000,-9999.0000,0.0
2163070.000,0.1077,1.2204,0.8668,-9999.0000,-9999.0000,-9999.0000,0.0548,-9999.0000,-9999.0000,-9999.0000,0.0
2163301.000,0.0681,1.1874,0.8040,-9999.0000,-9999.0000,-9999.0000,-9999.0000,-9999.0000,-9999.0000,-9999.0000,0.0
2163532.000,0.0489,1.2390,0.8383,-9999.0000,-9999.0000,-9999.0000,-9999.0000,-9999.0000,-9999.0000,-9999.0000,0.0
2163764.000,0.0717,0.9410,0.7002,-9999.0000,-9999.0000,-9999.0000,-9999.0000,-9999.0000,-9999.0000,-9999.0000,0.0
2163995.000,0.1290,0.7584,0.9110,-9999.0000,-9999.0000,-9999.0000,-9999.0000,-9999.0000,-9999.0000,-9999.0000,0.0
2164226.000,0.0778,1.0018,0.9053,-9999.0000,-9999.0000,-9999.0000,-9999.0000,-9999.0000,-9999.0000,-9999.0000,0.0
2164457.000,0.0720,0.9806,0.7086,-9999.0000,-9999.0000,-9999.0000,-9999.0000,-9999.0000,-9999.0000,-9999.0000,0.0
2164688.000,0.1065,1.0762,0.9593,-9999.0000,-9999.0000,-9999.0000,-9999.0000,-9999.0000,-9999.0000,-9999.0000,0.0
2164920.000,0.0735,1.0713,0.7972,-9999.0000,-9999.0000,-9999.0000,-9999.0000,-9999.0000,-9999.0000,-9999.0000,0.0
2165151.000,0.0957,0.8001,0.7775,-9999.0000,-9999.0000,-9999.0000,0.1050,-9999.0000,-9999.0000,-9999.0000,0.0
2165382.000,0.0641,1.0085,0.9451,-9999.0000,-9999.0000,-9999.0000,-9999.0000,-9999.0000,-9999.0000,-9999.0000,0.0
2165613.000,0.1106,0.7143,0.7342,-9999.0000,-9999.0000,-9999.0000,-9999.0000,-9999.0000,-9999.0000,-9999.0000,0.0
2165844.000,0.0880,0.9177,0.8724,-9999.0000,-9999.0000,-9999.0000,-9999.0000,-9999.0000,-9999.0000,-9999.0000,0.0
2166076.000,0.0928,0.9035,0.9566,-9999.0000,-9999.0000,-9999.0000,-9999.0000,-9999.0000,-9999.0000,-9999.0000,0.0
2166307.000,0.0534,1.0844,0.9165,-9999.0000,-9999.0000,-9999.0000,-9999.0000,-9999.0000,-9999.0000,-9999.0000,0.0
2166538.000,0.0785,0.9046,0.8684,-9999.0000,-9999.0000,-9999.0000,-9999.0000,-9999.0000,-9999.0000,-9999.0000,0.0
2166769.000,0.0790,1.2479,0.8452,-9999.0000,-9999.0000,-9999.0000,-9999.0000,-9999.0000,-9999.0000,-9999.0000,0.0
2167000.000,0.0925,0.8940,0.8087,-9999.0000,-9999.0000,-9999.0000,-9999.0000,-9999.0000,-9999.0000,-9999.0000,0.0
2167232.000,0.0734,0.8887,0.9093,-9999.0000,-9999.0000,-9999.0000,0.0538,-9999.0000,-9999.0000,-9999.0000,0.0
2167463.000,0.0540,0.9547,0.9115,-9999.0000,-9999.0000,-9999.0000,-9999.0000,-9999.0000,-9999.0000,-9999.0000,0.0
2167694.000,0.0774,1.0834,0.6766,-9999.0000,-9999.0000,-9999.0000,-9999.0000,-9999.0000,-9999.0000,-9999.0000,0.0
2167925.000,0.0729,0.9759,0.8879,-9999.0000,-9999.0000,-9999.0000,-9999.0000,-9999.0000,-9999.0000,-9999.0000,0.0
2168156.000,0.0822,0.8495,0.7062,-9999.0000,-9999.0000,-9999.0000,-9999.0000,-9999.0000,-9999.0000,-9999.0000,0.0
2168388.000,0.1155,0.7288,0.6415,-9999.0000,-9999.0000,-9999.0000,-9999.0000,-9999.0000,-9999.0000,-9999.0000,0.0
2168619.000,0.0443,0.9133,0.8879,-9999.0000,-9999.0000,-9999.0000,-9999.0000,-9999.0000,-9999.0000,-9999.0000,0.0
2168850.000,0.0582,0.8135,0.8724,-9999.0000,-9999.0000,-9999.0000,-9999.0000,-9999.0000,-9999.0000,-9999.0000,0.0
2169081.000,0.0443,0.8769,0.8737,-9999.0000,-9999.0000,-9999.0000,-9999.0000,-9999.0000,-9999.0000,-9999.0000,0.0
2169312.000,0.0919,0.9196,0.7378,-9999.0000,-9999.0000,-9999.0000,-9999.0000,-9999.0000,-9999.0000,-9999.0000,0.0
2169544.000,0.1111,1.1056,0.8431,-9999.0000,-9999.0000,-9999.0000,-9999.0000,-9999.0000,-9999.0000,-9999.0000,0.0
2169775.000,0.1026,0.9098,0.7839,-9999.0000,-9999.0000,-9999.0000,-9999.0000,-9999.0000,-9999.0000,-9999.0000,0.0
2170006.000,0.1122,0.9222,0.7247,-9999.0000,-9999.0000,-9999.0000,-9999.0000,-9999.0000,-9999.0000,-9999.0000,0.0
2170237.000,0.0952,0.8984,0.6939,-9999.0000,-9999.0000,-9999.0000,-9999.0000,-9999.0000,-9999.0000,-9999.0000,0.0
2170468.000,0.0493,0.7160,0.7131,-9999.0000,-9999.0000,-9999.0000,-9999.0000,-9999.0000,-9999.0000,-9999.0000,0.0
2170700.000,0.0349,0.7427,0.8658,-9999.0000,-9999.0000,-9999.0000,-9999.0000,-9999.0000,-9999.0000,-9999.0000,0.0
2170931.000,0.0981,0.9488,0.9431,-9999.0000,-9999.0000,-9999.0000,-9999.0000,-9999.0000,-9999.0000,-9999.0000,0.0
2171162.000,0.1023,0.5638,0.7563,-9999.0000,-9999.0000,-9999.0000,0.0540,-9999.0000,-9999.0000,-9999.0000,0.0
2171393.000,0.0547,0.7171,0.7472,-9999.0000,-9999.0000,-9999.0000,-9999.0000,-9999.0000,-9999.0000,-9999.0000,0.0
2171624.000,0.0450,0.7388,0.7314,-9999.0000,-9999.0000,-9999.0000,-9999.0000,-9999.0000,-9999.0000,-9999.0000,0.0
2171856.000,0.0823,0.7719,0.7575,-9999.0000,-9999.0000,-9999.0000,-9999.0000,-9999.0000,-9999.0000,-9999.0000,0.0
2172087.000,0.0499,0.8040,0.6820,-9999.0000,-9999.0000,-9999.0000,-9999.0000,-9999.0000,-9999.0000,-9999.0000,0.0
2172318.000,0.0933,0.6729,0.6881,-9999.0000,-9999.0000,-9999.0000,0.0641,-9999.0000,-9999.0000,-9999.0000,0.0
2172549.000,0.0643,0.7238,0.6370,-9999.0000,-9999.0000,-9999.0000,0.1092,-9999.0000,-9999.0000,-9999.0000,0.0
2172780.000,0.0834,0.5872,0.6700,-9999.0000,-9999.0000,-9999.0000,-9999.0000,-9999.0000,-9999.0000,-9999.0000,0.0
2173012.000,0.0826,0.7009,0.8445,-9999.0000,-9999.0000,-9999.0000,-9999.0000,-9999.0000,-9999.0000,-9999.0000,0.0
2173243.000,0.0653,0.9070,0.6936,-9999.0000,-9999.0000,-9999.0000,-9999.0000,-9999.0000,-9999.0000,-9999.0000,0.0
2173474.000,0.0703,0.7715,0.5445,-9999.0000,-9999.0000,-9999.0000,-9999.0000,-9999.0000,-9999.0000,-9999.0000,0.0
2173705.000,0.0495,0.5102,0.8399,-9999.0000,-9999.0000,-9999.0000,-9999.0000,-9999.0000,-9999.0000,0.0639,0.0
2173936.000,0.0646,0.5318,0.7453,0.1079,-9999.0000,-9999.0000,-9999.0000,-9999.0000,-9999.0000,-9999.0000,0.0
2174168.000,0.0743,0.5982,0.7260,-9999.0000,-9999.0000,-9999.0000,0.1099,-9999.0000,-9999.0000,-9999.0000,0.0
2174399.000,0.0459,0.6326,0.7407,-9999.0000,-9999.0000,-9999.0000,-9999.0000,-9999.0000,-9999.0000,-9999.0000,0.0
2174630.000,0.1467,-9999.0000,0.7363,-9999.0000,-9999.0000,-9999.0000,-9999.0000,-9999.0000,-9999.0000,-9999.0000,0.0
2174861.000,0.0840,0.4821,0.7566,-9999.0000,-9999.0000,-9999.0000,-9999.0000,-9999.0000,-9999.0000,-9999.0000,0.0
2175092.000,0.0800,0.6296,0.6801,-9999.0000,-9999.0000,-9999.0000,-9999.0000,-9999.0000,-9999.0000,-9999.0000,0.0
2175324.000,0.0790,0.5723,0.7392,-9999.0000,-9999.0000,-9999.0000,-9999.0000,-9999.0000,-9999.0000,-9999.0000,0.0
2175555.000,0.0836,-9999.0000,0.5627,-9999.0000,-9999.0000,-9999.0000,-9999.0000,-9999.0000,-9999.0000,-9999.0000,0.0
2175786.000,0.0944,0.6853,0.7345,-9999.0000,-9999.0000,-9999.0000,-9999.0000,-9999.0000,-9999.0000,-9999.0000,0.0
2176017.000,0.1006,0.5007,0.8952,-9999.0000,-9999.0000,-9999.0000,-9999.0000,-9999.0000,-9999.0000,-9999.0000,0.0
2176248.000,0.0601,0.5536,0.8097,-9999.0000,-9999.0000,-9999.0000,-9999.0000,-9999.0000,-9999.0000,-9999.0000,0.0
2176480.000,0.1337,0.5434,0.7734,-9999.0000,-9999.0000,-9999.0000,0.0938,-9999.0000,-9999.0000,-9999.0000,0.0
2176711.000,0.0550,-9999.0000,0.8360,-9999.0000,-9999.0000,-9999.0000,-9999.0000,-9999.0000,-9999.0000,-9999.0000,0.0
2176942.000,0.0597,0.6130,0.7638,-9999.0000,-9999.0000,-9999.0000,-9999.0000,-9999.0000,-9999.0000,-9999.0000,0.0
2177173.000,0.0942,0.4829,0.7276,-9999.0000,-9999.0000,-9999.0000,-9999.0000,-9999.0000,-9999.0000,-9999.0000,0.0
2177404.000,0.1135,0.5949,0.7317,-9999.0000,-9999.0000,-9999.0000,-9999.0000,-9999.0000,-9999.0000,-9999.0000,0.0
2177636.000,0.1184,0.7099,0.6821,-9999.0000,-9999.0000,-9999.0000,-9999.0000,-9999.0000,-9999.0000,-9999.0000,0.0
2177867.000,0.0840,0.7039,0.8415,-9999.0000,-9999.0000,-9999.0000,-9999.0000,-9999.0000,-9999.0000,-9999.0000,0.0
2178098.000,0.0802,0.5799,0.6628,-9999.0000,-9999.0000,-9999.0000,-9999.0000,-9999.0000,-9999.0000,-9999.0000,0.0
2178329.000,0.0993,0.4998,0.7397,-9999.0000,-9999.0000,-9999.0000,-9999.0000,-9999.0000,-9999.0000,-9999.0000,0.0
2178560.000,0.0860,0.5224,0.7638,-9999.0000,-9999.0000,-9999.0000,0.1325,-9999.0000,-9999.0000,-9999.0000,0.0
2178792.000,0.0807,-9999.0000,0.6933,-9999.0000,-9999.0000,-9999.0000,-9999.0000,-9999.0000,-9999.0000,-9999.0000,0.0
2179023.000,0.0991,-9999.0000,0.6530,-9999.0000,-9999.0000,-9999.0000,-9999.0000,-9999.0000,-9999.0000,-9999.0000,0.0
2179254.000,0.1030,-9999.0000,0.7139,-9999.0000,-9999.0000,-9999.0000,-9999.0000,-9999.0000,-9999.0000,-9999.0000,0.0
2179485.000,0.0745,-9999.0000,0.7083,-9999.0000,-9999.0000,-9999.0000,-9999.0000,-9999.0000,-9999.0000,-9999.0000,0.0
2179716.000,0.0665,-9999.0000,0.7496,-9999.0000,-9999.0000,-9999.0000,-9999.0000,-9999.0000,-9999.0000,-9999.0000,0.0
2179948.000,0.0851,0.4993,0.7484,-9999.0000,-9999.0000,-9999.0000,-9999.0000,-9999.0000,-9999.0000,-9999.0000,0.0
2180179.000,0.0896,0.4934,0.6750,-9999.0000,-9999.0000,-9999.0000,-9999.0000,-9999.0000,-9999.0000,-9999.0000,0.0
2180410.000,0.0752,-9999.0000,0.6312,-9999.0000,-9999.0000,-9999.0000,-9999.0000,-9999.0000,-9999.0000,-9999.0000,0.0
2180641.000,0.0269,-9999.0000,0.5888,-9999.0000,-9999.0000,-9999.0000,-9999.0000,-9999.0000,-9999.0000,-9999.0000,0.0
2180872.000,0.1094,-9999.0000,0.7891,-9999.0000,-9999.0000,-9999.0000,-9999.0000,-9999.0000,-9999.0000,-9999.0000,0.0
2181104.000,0.1100,-9999.0000,0.6788,-9999.0000,-9999.0000,-9999.0000,0.2693,-9999.0000,-9999.0000,-9999.0000,0.0
2181335.000,0.0610,0.5404,0.8015,-9999.0000,-9999.0000,-9999.0000,-9999.0000,-9999.0000,-9999.0000,-9999.0000,0.0
2181566.000,0.0960,0.6060,0.5577,-9999.0000,-9999.0000,-9999.0000,-9999.0000,-9999.0000,-9999.0000,-9999.0000,0.0
2181797.000,0.1318,0.5403,0.5989,-9999.0000,-9999.0000,-9999.0000,-9999.0000,-9999.0000,-9999.0000,-9999.0000,0.0
2182028.000,0.0660,-9999.0000,0.7425,-9999.0000,-9999.0000,-9999.0000,-9999.0000,-9999.0000,-9999.0000,-9999.0000,0.0
2182260.000,0.0608,-9999.0000,0.6123,-9999.0000,-9999.0000,-9999.0000,-9999.0000,-9999.0000,-9999.0000,-9999.0000,0.0
2182491.000,0.1337,-9999.0000,0.6943,-9999.0000,-9999.0000,-9999.0000,-9999.0000,-9999.0000,-9999.0000,-9999.0000,0.0
2182722.000,0.1097,-9999.0000,0.7671,-9999.0000,-9999.0000,-9999.0000,-9999.0000,-9999.0000,-9999.0000,-9999.0000,0.0
2182953.000,0.1529,-9999.0000,0.6222,-9999.0000,-9999.0000,-9999.0000,0.0663,-9999.0000,-9999.0000,-9999.0000,0.0
2183185.000,0.0991,-9999.0000,0.6936,-9999.0000,-9999.0000,-9999.0000,-9999.0000,-9999.0000,-9999.0000,-9999.0000,0.0
2183416.000,0.0907,-9999.0000,0.7009,-9999.0000,-9999.0000,-9999.0000,-9999.0000,-9999.0000,-9999.0000,-9999.0000,0.0
2183647.000,0.0562,-9999.0000,0.5548,-9999.0000,-9999.0000,-9999.0000,-9999.0000,-9999.0000,-9999.0000,-9999.0000,0.0
2183878.000,0.0666,-9999.0000,0.7355,-9999.0000,-9999.0000,-9999.0000,-9999.0000,-9999.0000,-9999.0000,-9999.0000,0.0
2184109.000,0.0942,-9999.0000,0.6326,-9999.0000,-9999.0000,-9999.0000,-9999.0000,-9999.0000,-9999.0000,-9999.0000,0.0
2184341.000,0.1048,-9999.0000,0.7517,-9999.0000,-9999.0000,-9999.0000,-9999.0000,-9999.0000,-9999.0000,-9999.0000,0.0
2184572.000,0.0421,-9999.0000,0.6286,-9999.0000,-9999.0000,-9999.0000,0.0591,-9999.0000,-9999.0000,-9999.0000,0.0
2184803.000,0.1140,-9999.0000,0.7475,-9999.0000,-9999.0000,-9999.0000,-9999.0000,-9999.0000,-9999.0000,-9999.0000,0.0
2185034.000,0.0853,-9999.0000,0.5796,-9999.0000,-9999.0000,-9999.0000,-9999.0000,-9999.0000,-9999.0000,-9999.0000,0.0
2185265.000,0.0711,-9999.0000,0.7662,-9999.0000,-9999.0000,-9999.0000,-9999.0000,-9999.0000,-9999.0000,-9999.0000,0.0
2185497.000,0.1277,-9999.0000,0.8158,-9999.0000,-9999.0000,-9999.0000,-9999.0000,-9999.0000,-9999.0000,-9999.0000,0.0
2185728.000,0.1538,-9999.0000,0.7852,-9999.0000,-9999.0000,-9999.0000,-9999.0000,-9999.0000,-9999.0000,-9999.0000,0.0
2185959.000,0.0663,-9999.0000,0.6051,-9999.0000,-9999.0000,-9999.0000,0.0493,-9999.0000,-9999.0000,-9999.0000,0.0
2186190.000,0.0905,-9999.0000,0.7545,-9999.0000,-9999.0000,-9999.0000,-9999.0000,-9999.0000,-9999.0000,-9999.0000,0.0
2186421.000,0.1045,-9999.0000,0.5981,-9999.0000,-9999.0000,-9999.0000,-9999.0000,-9999.0000,-9999.0000,-9999.0000,0.0
2186653.000,0.1625,-9999.0000,0.7684,-9999.0000,-9999.0000,-9999.0000,-9999.0000,-9999.0000,-9999.0000,-9999.0000,0.0
2186884.000,0.1003,-9999.0000,0.6296,-9999.0000,-9999.0000,-9999.0000,-9999.0000,-9999.0000,-9999.0000,-9999.0000,0.0
2187115.000,0.0812,-9999.0000,0.6183,-9999.0000,-9999.0000,-9999.0000,-9999.0000,-9999.0000,-9999.0000,-9999.0000,0.0
2187346.000,0.1196,-9999.0000,0.6835,-9999.0000,-9999.0000,-9999.0000,0.0673,-9999.0000,-9999.0000,-9999.0000,0.0
2187577.000,0.1240,-9999.0000,0.5037,-9999.0000,-9999.0000,-9999.0000,-9999.0000,-9999.0000,-9999.0000,-9999.0000,0.0
2187809.000,0.0668,-9999.0000,0.5348,-9999.0000,-9999.0000,-9999.0000,-9999.0000,-9999.0000,-9999.0000,-9999.0000,0.0
2188040.000,0.1103,-9999.0000,0.6469,-9999.0000,-9999.0000,-9999.0000,0.0495,-9999.0000,-9999.0000,-9999.0000,0.0
2188271.000,0.0613,-9999.0000,0.6379,-9999.0000,-9999.0000,-9999.0000,-9999.0000,-9999.0000,-9999.0000,-9999.0000,0.0
2188502.000,0.0905,-9999.0000,0.6592,-9999.0000,-9999.0000,-9999.0000,-9999.0000,-9999.0000,-9999.0000,-9999.0000,0.0
2188733.000,0.0911,-9999.0000,0.5028,-9999.0000,-9999.0000,-9999.0000,-9999.0000,-9999.0000,-9999.0000,-9999.0000,0.0
2188965.000,0.1048,-9999.0000,0.5559,-9999.0000,-9999.0000,-9999.0000,0.0578,-9999.0000,-9999.0000,-9999.0000,0.0
2189196.000,0.0276,-9999.0000,0.6282,-9999.0000,-9999.0000,-9999.0000,-9999.0000,-9999.0000,-9999.0000,-9999.0000,0.0
2189427.000,-9999.0000,-9999.0000,0.6841,-9999.0000,-9999.0000,-9999.0000,-9999.0000,-9999.0000,-9999.0000,-9999.0000,0.0
2189658.000,0.0560,-9999.0000,0.5322,-9999.0000,-9999.0000,-9999.0000,-9999.0000,-9999.0000,-9999.0000,-9999.0000,0.0
2189889.000,0.0431,-9999.0000,0.5449,-9999.0000,-9999.0000,-9999.0000,-9999.0000,-9999.0000,-9999.0000,-9999.0000,0.0
2190121.000,0.0998,-9999.0000,0.5954,-9999.0000,-9999.0000,-9999.0000,-9999.0000,-9999.0000,-9999.0000,-9999.0000,0.0
2190352.000,0.0422,-9999.0000,0.5526,-9999.0000,-9999.0000,-9999.0000,0.0498,-9999.0000,-9999.0000,-9999.0000,0.0
2190583.000,0.1115,-9999.0000,0.5505,-9999.0000,-9999.0000,-9999.0000,-9999.0000,-9999.0000,-9999.0000,-9999.0000,0.0
2190814.000,0.0826,-9999.0000,0.5861,-9999.0000,-9999.0000,-9999.0000,-9999.0000,-9999.0000,-9999.0000,-9999.0000,0.0
2191045.000,0.1310,-9999.0000,0.4934,-9999.0000,-9999.0000,-9999.0000,0.0510,-9999.0000,-9999.0000,-9999.0000,0.0
2191277.000,0.0857,-9999.0000,0.5081,-9999.0000,-9999.0000,-9999.0000,-9999.0000,-9999.0000,-9999.0000,-9999.0000,0.0
2191508.000,0.0567,-9999.0000,0.5358,-9999.0000,-9999.0000,-9999.0000,-9999.0000,-9999.0000,-9999.0000,-9999.0000,0.0
2191739.000,0.0524,-9999.0000,0.4413,-9999.0000,-9999.0000,-9999.0000,-9999.0000,-9999.0000,-9999.0000,-9999.0000,0.0
2191970.000,0.0761,-9999.0000,0.4943,-9999.0000,-9999.0000,-9999.0000,-9999.0000,-9999.0000,-9999.0000,-9999.0000,0.0
2192201.000,0.0923,-9999.0000,0.7079,-9999.0000,-9999.0000,-9999.0000,-9999.0000,-9999.0000,-9999.0000,-9999.0000,0.0
2192433.000,0.0766,-9999.0000,0.4995,-9999.0000,-9999.0000,-9999.0000,-9999.0000,-9999.0000,-9999.0000,-9999.0000,0.0
2192664.000,0.0804,-9999.0000,0.6496,-9999.0000,-9999.0000,-9999.0000,-9999.0000,-9999.0000,-9999.0000,-9999.0000,0.0
2192895.000,0.0716,-9999.0000,0.6749,-9999.0000,-9999.0000,-9999.0000,-9999.0000,-9999.0000,-9999.0000,-9999.0000,0.0
2193126.000,0.1392,-9999.0000,0.5043,-9999.0000,-9999.0000,-9999.0000,-9999.0000,-9999.0000,-9999.0000,-9999.0000,0.0
2193357.000,0.0326,-9999.0000,0.5881,-9999.0000,-9999.0000,-9999.0000,-9999.0000,-9999.0000,-9999.0000,-9999.0000,0.0
2193589.000,0.1117,-9999.0000,0.5420,-9999.0000,-9999.0000,-9999.0000,-9999.0000,-9999.0000,-9999.0000,-9999.0000,0.0
2193820.000,0.0426,-9999.0000,0.6630,-9999.0000,-9999.0000,-9999.0000,-9999.0000,-9999.0000,-9999.0000,-9999.0000,0.0
2194051.000,0.0668,-9999.0000,0.4990,-9999.0000,-9999.0000,-9999.0000,-9999.0000,-9999.0000,-9999.0000,-9999.0000,0.0
2194282.000,0.0772,-9999.0000,0.5664,-9999.0000,-9999.0000,-9999.0000,-9999.0000,-9999.0000,-9999.0000,-9999.0000,0.0
2194513.000,0.0828,-9999.0000,0.5530,-9999.0000,-9999.0000,-9999.0000,0.0524,-9999.0000,-9999.0000,-9999.0000,0.0
2194745.000,0.1006,-9999.0000,0.4914,-9999.0000,-9999.0000,-9999.0000,0.0679,-9999.0000,-9999.0000,-9999.0000,0.0
2194976.000,0.0524,-9999.0000,0.5014,-9999.0000,-9999.0000,-9999.0000,-9999.0000,-9999.0000,-9999.0000,-9999.0000,0.0
2195207.000,0.0615,-9999.0000,0.3783,-9999.0000,-9999.0000,-9999.0000,-9999.0000,-9999.0000,-9999.0000,-9999.0000,0.0
2195438.000,0.0431,-9999.0000,0.5485,-9999.0000,-9999.0000,-9999.0000,-9999.0000,-9999.0000,-9999.0000,-9999.0000,0.0
2195669.000,0.0874,-9999.0000,0.4885,-9999.0000,-9999.0000,-9999.0000,-9999.0000,-9999.0000,-9999.0000,-9999.0000,0.0
2195901.000,0.1012,-9999.0000,0.4913,-9999.0000,-9999.0000,-9999.0000,-9999.0000,-9999.0000,-9999.0000,-9999.0000,0.0
2196132.000,0.0378,-9999.0000,0.5329,-9999.0000,-9999.0000,-9999.0000,-9999.0000,-9999.0000,-9999.0000,-9999.0000,0.0
2196363.000,0.1108,-9999.0000,0.7387,-9999.0000,-9999.0000,-9999.0000,-9999.0000,-9999.0000,-9999.0000,-9999.0000,0.0
2196594.000,0.0815,-9999.0000,0.4042,-9999.0000,-9999.0000,-9999.0000,-9999.0000,-9999.0000,-9999.0000,-9999.0000,0.0
2196825.000,0.0428,-9999.0000,0.5288,-9999.0000,-9999.0000,-9999.0000,-9999.0000,-9999.0000,-9999.0000,-9999.0000,0.0
2197057.000,0.0672,-9999.0000,0.5589,-9999.0000,-9999.0000,-9999.0000,-9999.0000,-9999.0000,-9999.0000,-9999.0000,0.0
2197288.000,0.0966,-9999.0000,0.6307,-9999.0000,-9999.0000,-9999.0000,-9999.0000,-9999.0000,-9999.0000,-9999.0000,0.0
2197519.000,0.0858,-9999.0000,0.3595,-9999.0000,-9999.0000,-9999.0000,-9999.0000,-9999.0000,-9999.0000,-9999.0000,0.0
2197750.000,0.0721,-9999.0000,0.4937,-9999.0000,-9999.0000,-9999.0000,-9999.0000,-9999.0000,-9999.0000,-9999.0000,0.0
2197981.000,0.0681,-9999.0000,0.4311,-9999.0000,-9999.0000,-9999.0000,-9999.0000,-9999.0000,-9999.0000,-9999.0000,0.0
2198213.000,0.0863,-9999.0000,0.5148,-9999.0000,-9999.0000,-9999.0000,-9999.0000,-9999.0000,-9999.0000,-9999.0000,0.0
2198444.000,0.0670,-9999.0000,0.4403,-9999.0000,-9999.0000,-9999.0000,-9999.0000,-9999.0000,-9999.0000,-9999.0000,0.0
2198675.000,0.1056,-9999.0000,0.6346,-9999.0000,-9999.0000,-9999.0000,0.0499,-9999.0000,-9999.0000,-9999.0000,0.0
2198906.000,0.1057,-9999.0000,0.3881,-9999.0000,-9999.0000,-9999.0000,0.0500,-9999.0000,-9999.0000,-9999.0000,0.0
2199137.000,0.0997,-9999.0000,0.4351,-9999.0000,-9999.0000,-9999.0000,-9999.0000,-9999.0000,-9999.0000,-9999.0000,0.0
2199369.000,0.0466,-9999.0000,0.4938,-9999.0000,-9999.0000,-9999.0000,0.0573,-9999.0000,-9999.0000,-9999.0000,0.0
2199600.000,0.1088,-9999.0000,0.4466,-9999.0000,-9999.0000,-9999.0000,-9999.0000,-9999.0000,-9999.0000,-9999.0000,0.0
2199831.000,0.0557,-9999.0000,0.4234,-9999.0000,-9999.0000,-9999.0000,-9999.0000,-9999.0000,-9999.0000,-9999.0000,0.0
2200062.000,0.0763,-9999.0000,0.5326,-9999.0000,-9999.0000,-9999.0000,-9999.0000,-9999.0000,-9999.0000,-9999.0000,0.0
2200293.000,0.0618,-9999.0000,0.4668,-9999.0000,-9999.0000,-9999.0000,-9999.0000,-9999.0000,-9999.0000,-9999.0000,0.0
2200525.000,0.0581,-9999.0000,0.4600,-9999.0000,-9999.0000,-9999.0000,-9999.0000,-9999.0000,-9999.0000,-9999.0000,0.0
2200756.000,0.0772,-9999.0000,0.3590,-9999.0000,-9999.0000,-9999.0000,-9999.0000,-9999.0000,-9999.0000,-9999.0000,0.0
2200987.000,0.0432,-9999.0000,0.3969,-9999.0000,-9999.0000,-9999.0000,-9999.0000,-9999.0000,-9999.0000,-9999.0000,0.0
2201218.000,0.0378,-9999.0000,0.5267,-9999.0000,-9999.0000,-9999.0000,-9999.0000,-9999.0000,-9999.0000,-9999.0000,0.0
2201449.000,0.0673,-9999.0000,0.5501,-9999.0000,-9999.0000,-9999.0000,-9999.0000,-9999.0000,-9999.0000,-9999.0000,0.0
2201681.000,0.1087,-9999.0000,0.5745,-9999.0000,-9999.0000,-9999.0000,0.0635,-9999.0000,-9999.0000,-9999.0000,0.0
2201912.000,0.0581,-9999.0000,0.4342,-9999.0000,-9999.0000,-9999.0000,-9999.0000,-9999.0000,-9999.0000,-9999.0000,0.0
2202143.000,0.0949,-9999.0000,0.4211,-9999.0000,-9999.0000,-9999.0000,-9999.0000,-9999.0000,-9999.0000,-9999.0000,0.0
2202374.000,0.0924,-9999.0000,0.5869,-9999.0000,-9999.0000,-9999.0000,0.0704,-9999.0000,-9999.0000,-9999.0000,0.0
2202605.000,0.1354,-9999.0000,0.5038,-9999.0000,-9999.0000,-9999.0000,-9999.0000,-9999.0000,-9999.0000,-9999.0000,0.0
2202837.000,0.0428,-9999.0000,0.5728,-9999.0000,-9999.0000,-9999.0000,-9999.0000,-9999.0000,-9999.0000,-9999.0000,0.0
2203068.000,0.0577,-9999.0000,0.5107,-9999.0000,-9999.0000,-9999.0000,-9999.0000,-9999.0000,-9999.0000,-9999.0000,0.0
2203299.000,0.0953,-9999.0000,0.4640,-9999.0000,-9999.0000,-9999.0000,0.1035,-9999.0000,-9999.0000,-9999.0000,0.0
2203530.000,0.1171,-9999.0000,0.5582,-9999.0000,-9999.0000,-9999.0000,-9999.0000,-9999.0000,-9999.0000,-9999.0000,0.0
2203761.000,0.0963,-9999.0000,0.5233,-9999.0000,-9999.0000,-9999.0000,0.0690,-9999.0000,-9999.0000,-9999.0000,0.0
2203993.000,0.0908,-9999.0000,0.4876,-9999.0000,-9999.0000,-9999.0000,-9999.0000,-9999.0000,-9999.0000,-9999.0000,0.0
2204224.000,0.0639,-9999.0000,0.5669,-9999.0000,-9999.0000,-9999.0000,-9999.0000,-9999.0000,-9999.0000,-9999.0000,0.0
2204455.000,0.0825,-9999.0000,0.4545,-9999.0000,-9999.0000,-9999.0000,-9999.0000,-9999.0000,-9999.0000,-9999.0000,0.0
2204686.000,0.0927,-9999.0000,0.4374,-9999.0000,-9999.0000,-9999.0000,-9999.0000,-9999.0000,-9999.0000,-9999.0000,0.0
2204917.000,0.0780,-9999.0000,0.6007,-9999.0000,-9999.0000,-9999.0000,-9999.0000,-9999.0000,-9999.0000,-9999.0000,0.0
2205149.000,0.1013,-9999.0000,0.6558,-9999.0000,-9999.0000,-9999.0000,-9999.0000,-9999.0000,-9999.0000,-9999.0000,0.0
2205380.000,0.0480,-9999.0000,0.5924,-9999.0000,-9999.0000,-9999.0000,-9999.0000,-9999.0000,-9999.0000,-9999.0000,0.0
2205611.000,0.0563,-9999.0000,0.5996,-9999.0000,-9999.0000,-9999.0000,-9999.0000,-9999.0000,-9999.0000,-9999.0000,0.0
2205842.000,0.0999,-9999.0000,0.3628,-9999.0000,-9999.0000,-9999.0000,-9999.0000,-9999.0000,-9999.0000,-9999.0000,0.0
2206073.000,0.0914,-9999.0000,0.5681,-9999.0000,-9999.0000,-9999.0000,-9999.0000,-9999.0000,-9999.0000,-9999.0000,0.0
2206305.000,0.1000,-9999.0000,0.6242,-9999.0000,-9999.0000,-9999.0000,-9999.0000,-9999.0000,-9999.0000,-9999.0000,0.0
2206536.000,0.0967,-9999.0000,0.5367,-9999.0000,-9999.0000,-9999.0000,-9999.0000,-9999.0000,-9999.0000,-9999.0000,0.0
2206767.000,0.0668,-9999.0000,0.5901,-9999.0000,-9999.0000,-9999.0000,-9999.0000,-9999.0000,-9999.0000,-9999.0000,0.0
2206998.000,0.0914,-9999.0000,0.6233,-9999.0000,-9999.0000,-9999.0000,-9999.0000,-9999.0000,-9999.0000,-9999.0000,0.0
2207229.000,0.1245,-9999.0000,0.6170,-9999.0000,-9999.0000,-9999.0000,-9999.0000,-9999.0000,-9999.0000,-9999.0000,0.0
2207461.000,0.1058,-9999.0000,0.5719,-9999.0000,-9999.0000,-9999.0000,-9999.0000,-9999.0000,-9999.0000,-9999.0000,0.0
2207692.000,0.0661,-9999.0000,0.4866,-9999.0000,-9999.0000,-9999.0000,-9999.0000,-9999.0000,-9999.0000,-9999.0000,0.0
2207923.000,0.0805,-9999.0000,0.4517,-9999.0000,-9999.0000,-9999.0000,-9999.0000,-9999.0000,-9999.0000,-9999.0000,0.0
2208154.000,0.1035,-9999.0000,0.3900,-9999.0000,-9999.0000,-9999.0000,0.0651,-9999.0000,-9999.0000,-9999.0000,0.0
2208385.000,0.0512,-9999.0000,0.5303,-9999.0000,-9999.0000,-9999.0000,-9999.0000,-9999.0000,-9999.0000,-9999.0000,0.0
2208617.000,0.0701,-9999.0000,0.5284,-9999.0000,-9999.0000,-9999.0000,-9999.0000,-9999.0000,-9999.0000,-9999.0000,0.0
2208848.000,0.1057,-9999.0000,0.6114,-9999.0000,-9999.0000,-9999.0000,-9999.0000,-9999.0000,-9999.0000,-9999.0000,0.0
2209079.000,0.1140,-9999.0000,0.6410,-9999.0000,-9999.0000,-9999.0000,0.0485,-9999.0000,-9999.0000,-9999.0000,0.0
2209310.000,0.0951,-9999.0000,0.6533,-9999.0000,-9999.0000,-9999.0000,-9999.0000,-9999.0000,-9999.0000,-9999.0000,0.0
2209541.000,0.0993,-9999.0000,0.6231,-9999.0000,-9999.0000,-9999.0000,-9999.0000,-9999.0000,-9999.0000,-9999.0000,0.0
2209773.000,0.1003,-9999.0000,0.5968,-9999.0000,-9999.0000,-9999.0000,-9999.0000,-9999.0000,-9999.0000,-9999.0000,0.0
2210004.000,0.1299,-9999.0000,0.5465,-9999.0000,-9999.0000,-9999.0000,-9999.0000,-9999.0000,-9999.0000,-9999.0000,0.0
2210235.000,0.1092,-9999.0000,0.5016,-9999.0000,-9999.0000,-9999.0000,-9999.0000,-9999.0000,-9999.0000,-9999.0000,0.0
2210494.000,0.0949,-9999.0000,0.7207,-9999.0000,-9999.0000,-9999.0000,-9999.0000,-9999.0000,-9999.0000,-9999.0000,0.0
2210726.000,0.0565,-9999.0000,0.5219,-9999.0000,-9999.0000,-9999.0000,-9999.0000,-9999.0000,-9999.0000,0.0701,0.0
2210957.000,0.0510,-9999.0000,0.7341,-9999.0000,-9999.0000,-9999.0000,-9999.0000,-9999.0000,-9999.0000,-9999.0000,0.0
2211188.000,0.0659,-9999.0000,0.7529,-9999.0000,-9999.0000,-9999.0000,-9999.0000,-9999.0000,-9999.0000,-9999.0000,0.0
2211419.000,0.1092,-9999.0000,0.8500,-9999.0000,-9999.0000,-9999.0000,-9999.0000,-9999.0000,-9999.0000,-9999.0000,0.0
2211650.000,0.0720,-9999.0000,0.8149,-9999.0000,-9999.0000,-9999.0000,0.0505,-9999.0000,-9999.0000,-9999.0000,0.0
2211882.000,0.1254,-9999.0000,0.6532,-9999.0000,-9999.0000,-9999.0000,-9999.0000,-9999.0000,-9999.0000,-9999.0000,0.0
2212113.000,0.0693,-9999.0000,0.7348,-9999.0000,-9999.0000,-9999.0000,-9999.0000,-9999.0000,-9999.0000,-9999.0000,0.0
2212344.000,0.0940,-9999.0000,0.6285,-9999.0000,-9999.0000,-9999.0000,-9999.0000,-9999.0000,-9999.0000,-9999.0000,0.0
2212575.000,0.0657,-9999.0000,0.6909,-9999.0000,-9999.0000,-9999.0000,-9999.0000,-9999.0000,-9999.0000,-9999.0000,0.0
2212806.000,0.0933,-9999.0000,0.5632,-9999.0000,-9999.0000,-9999.0000,-9999.0000,-9999.0000,-9999.0000,-9999.0000,0.0
2213038.000,0.0890,-9999.0000,0.6948,-9999.0000,-9999.0000,-9999.0000,-9999.0000,-9999.0000,-9999.0000,-9999.0000,0.0
2213269.000,0.0800,-9999.0000,0.6950,-9999.0000,-9999.0000,-9999.0000,-9999.0000,-9999.0000,-9999.0000,-9999.0000,0.0
2213500.000,0.0775,-9999.0000,0.7733,-9999.0000,-9999.0000,-9999.0000,-9999.0000,-9999.0000,-9999.0000,-9999.0000,0.0
2213731.000,0.0992,-9999.0000,0.7215,-9999.0000,-9999.0000,-9999.0000,-9999.0000,-9999.0000,-9999.0000,-9999.0000,0.0
2213962.000,0.1155,-9999.0000,0.8680,-9999.0000,-9999.0000,-9999.0000,-9999.0000,-9999.0000,-9999.0000,-9999.0000,0.0
2214194.000,0.0790,-9999.0000,0.7874,-9999.0000,-9999.0000,-9999.0000,-9999.0000,-9999.0000,-9999.0000,-9999.0000,0.0
2214425.000,0.1101,-9999.0000,0.7058,-9999.0000,-9999.0000,-9999.0000,0.0612,-9999.0000,-9999.0000,-9999.0000,0.0
2214656.000,0.0835,-9999.0000,0.8869,-9999.0000,-9999.0000,-9999.0000,-9999.0000,-9999.0000,-9999.0000,-9999.0000,0.0
2214887.000,0.0591,-9999.0000,0.6795,-9999.0000,-9999.0000,-9999.0000,-9999.0000,-9999.0000,-9999.0000,-9999.0000,0.0
2215118.000,0.1014,-9999.0000,0.6198,-9999.0000,-9999.0000,-9999.0000,-9999.0000,-9999.0000,-9999.0000,-9999.0000,0.0
2215350.000,0.0775,-9999.0000,0.6628,-9999.0000,-9999.0000,-9999.0000,-9999.0000,-9999.0000,-9999.0000,-9999.0000,0.0
2215581.000,0.0996,-9999.0000,0.6754,-9999.0000,-9999.0000,-9999.0000,-9999.0000,-9999.0000,-9999.0000,-9999.0000,0.0
2215812.000,0.0776,-9999.0000,0.7452,-9999.0000,-9999.0000,-9999.0000,-9999.0000,-9999.0000,-9999.0000,-9999.0000,0.0
2216043.000,0.0980,-9999.0000,0.7249,-9999.0000,-9999.0000,-9999.0000,-9999.0000,-9999.0000,-9999.0000,-9999.0000,0.0
2216274.000,0.0915,-9999.0000,0.6964,-9999.0000,-9999.0000,-9999.0000,-9999.0000,-9999.0000,-9999.0000,-9999.0000,0.0
2216506.000,0.1482,-9999.0000,0.8830,-9999.0000,-9999.0000,-9999.0000,-9999.0000,-9999.0000,-9999.0000,-9999.0000,0.0
2216737.000,0.1095,-9999.0000,0.8362,-9999.0000,-9999.0000,-9999.0000,-9999.0000,-9999.0000,-9999.0000,-9999.0000,0.0
2216968.000,0.1143,-9999.0000,0.7939,-9999.0000,-9999.0000,-9999.0000,-9999.0000,-9999.0000,-9999.0000,-9999.0000,0.0
2217199.000,0.0959,-9999.0000,0.8819,-9999.0000,-9999.0000,-9999.0000,-9999.0000,-9999.0000,-9999.0000,-9999.0000,0.0
2217430.000,0.0679,-9999.0000,0.6921,-9999.0000,-9999.0000,-9999.0000,-9999.0000,-9999.0000,-9999.0000,-9999.0000,0.0
2217662.000,0.0672,-9999.0000,0.9649,-9999.0000,-9999.0000,-9999.0000,-9999.0000,-9999.0000,-9999.0000,-9999.0000,0.0
2218041.000,-9999.0000,-9999.0000,-9999.0000,-9999.0000,-9999.0000,-9999.0000,-9999.0000,-9999.0000,-9999.0000,-9999.0000,1.0
2218273.000,-9999.0000,-9999.0000,-9999.0000,-9999.0000,-9999.0000,-9999.0000,-9999.0000,-9999.0000,-9999.0000,-9999.0000,1.0
2218504.000,-9999.0000,-9999.0000,-9999.0000,-9999.0000,-9999.0000,-9999.0000,-9999.0000,-9999.0000,-9999.0000,-9999.0000,1.0
2218735.000,-9999.0000,-9999.0000,-9999.0000,-9999.0000,-9999.0000,-9999.0000,-9999.0000,-9999.0000,-9999.0000,-9999.0000,1.0
2218966.000,-9999.0000,-9999.0000,-9999.0000,-9999.0000,-9999.0000,-9999.0000,-9999.0000,-9999.0000,-9999.0000,-9999.0000,1.0
2219197.000,-9999.0000,-9999.0000,-9999.0000,-9999.0000,-9999.0000,-9999.0000,-9999.0000,-9999.0000,-9999.0000,-9999.0000,1.0
2219429.000,-9999.0000,-9999.0000,-9999.0000,-9999.0000,-9999.0000,-9999.0000,-9999.0000,-9999.0000,-9999.0000,-9999.0000,1.0
2219660.000,-9999.0000,-9999.0000,-9999.0000,-9999.0000,-9999.0000,-9999.0000,-9999.0000,-9999.0000,-9999.0000,-9999.0000,1.0
2220023.000,0.1014,0.7911,1.0772,0.1118,-9999.0000,-9999.0000,-9999.0000,-9999.0000,-9999.0000,-9999.0000,0.0
2220254.000,0.1200,0.5074,0.9701,-9999.0000,-9999.0000,-9999.0000,0.0562,-9999.0000,-9999.0000,-9999.0000,0.0
2220486.000,0.0740,-9999.0000,0.9311,0.1948,-9999.0000,-9999.0000,-9999.0000,-9999.0000,-9999.0000,-9999.0000,0.0
2220717.000,0.1029,-9999.0000,1.0238,-9999.0000,-9999.0000,-9999.0000,-9999.0000,-9999.0000,-9999.0000,-9999.0000,0.0
2220948.000,0.1013,-9999.0000,0.8459,-9999.0000,-9999.0000,-9999.0000,-9999.0000,-9999.0000,-9999.0000,-9999.0000,0.0
2221179.000,0.1467,-9999.0000,0.9759,-9999.0000,-9999.0000,-9999.0000,-9999.0000,-9999.0000,-9999.0000,-9999.0000,0.0
2221410.000,0.0891,0.4883,1.0120,-9999.0000,-9999.0000,-9999.0000,-9999.0000,-9999.0000,-9999.0000,0.0641,0.0
2221642.000,0.1198,-9999.0000,0.8695,-9999.0000,-9999.0000,-9999.0000,-9999.0000,-9999.0000,-9999.0000,-9999.0000,0.0
2221873.000,0.0571,-9999.0000,0.9002,-9999.0000,-9999.0000,-9999.0000,-9999.0000,-9999.0000,-9999.0000,-9999.0000,0.0
2222104.000,0.0996,-9999.0000,0.9763,-9999.0000,-9999.0000,-9999.0000,-9999.0000,-9999.0000,-9999.0000,-9999.0000,0.0
2222335.000,0.0963,0.5561,0.9146,0.0877,-9999.0000,-9999.0000,-9999.0000,-9999.0000,-9999.0000,-9999.0000,0.0
2222566.000,0.1343,-9999.0000,0.9631,-9999.0000,-9999.0000,-9999.0000,-9999.0000,-9999.0000,-9999.0000,-9999.0000,0.0
2222798.000,0.0481,-9999.0000,0.9676,-9999.0000,-9999.0000,-9999.0000,-9999.0000,-9999.0000,-9999.0000,-9999.0000,0.0
2223029.000,0.0653,0.5785,1.0643,0.1434,-9999.0000,-9999.0000,-9999.0000,-9999.0000,-9999.0000,-9999.0000,0.0
2223260.000,0.0878,0.8815,0.9906,0.1438,-9999.0000,-9999.0000,-9999.0000,-9999.0000,-9999.0000,-9999.0000,0.0
2223491.000,0.1382,0.6215,0.9673,0.1282,-9999.0000,-9999.0000,-9999.0000,-9999.0000,-9999.0000,-9999.0000,0.0
2223722.000,0.1065,0.4889,0.9098,-9999.0000,-9999.0000,-9999.0000,-9999.0000,-9999.0000,-9999.0000,-9999.0000,0.0
2223954.000,0.0705,-9999.0000,0.9486,-9999.0000,-9999.0000,-9999.0000,-9999.0000,-9999.0000,-9999.0000,-9999.0000,0.0
2224185.000,0.0529,-9999.0000,1.0386,-9999.0000,-9999.0000,-9999.0000,-9999.0000,-9999.0000,-9999.0000,-9999.0000,0.0
2224416.000,0.0743,-9999.0000,0.8550,-9999.0000,-9999.0000,-9999.0000,-9999.0000,-9999.0000,-9999.0000,-9999.0000,0.0
2224647.000,0.0573,-9999.0000,0.9271,-9999.0000,-9999.0000,-9999.0000,-9999.0000,-9999.0000,-9999.0000,-9999.0000,0.0
2224878.000,0.1219,0.5311,0.9709,-9999.0000,-9999.0000,-9999.0000,-9999.0000,-9999.0000,-9999.0000,-9999.0000,0.0
2225110.000,0.0895,-9999.0000,1.0315,-9999.0000,-9999.0000,-9999.0000,-9999.0000,-9999.0000,-9999.0000,-9999.0000,0.0
2225341.000,0.1126,-9999.0000,0.9975,0.0969,-9999.0000,-9999.0000,-9999.0000,-9999.0000,-9999.0000,-9999.0000,0.0
2225572.000,0.0724,-9999.0000,1.1206,-9999.0000,-9999.0000,-9999.0000,-9999.0000,-9999.0000,-9999.0000,-9999.0000,0.0
2225803.000,0.0899,-9999.0000,0.9934,-9999.0000,-9999.0000,-9999.0000,-9999.0000,-9999.0000,-9999.0000,-9999.0000,0.0
2226034.000,0.0899,-9999.0000,0.9986,-9999.0000,-9999.0000,-9999.0000,-9999.0000,-9999.0000,-9999.0000,-9999.0000,0.0
2226266.000,0.0984,-9999.0000,1.0149,-9999.0000,-9999.0000,-9999.0000,-9999.0000,-9999.0000,-9999.0000,-9999.0000,0.0
2226497.000,0.0793,-9999.0000,0.9128,-9999.0000,-9999.0000,-9999.0000,-9999.0000,-9999.0000,-9999.0000,-9999.0000,0.0
2226728.000,0.1707,-9999.0000,0.8752,-9999.0000,-9999.0000,-9999.0000,-9999.0000,-9999.0000,-9999.0000,-9999.0000,0.0
2226959.000,0.0941,-9999.0000,1.0030,-9999.0000,-9999.0000,-9999.0000,-9999.0000,-9999.0000,-9999.0000,-9999.0000,0.0
2227190.000,0.1080,-9999.0000,1.1195,-9999.0000,-9999.0000,-9999.0000,-9999.0000,-9999.0000,-9999.0000,0.0655,0.0
2227422.000,0.1384,-9999.0000,0.9883,-9999.0000,-9999.0000,-9999.0000,-9999.0000,-9999.0000,-9999.0000,-9999.0000,0.0
2227653.000,0.0931,-9999.0000,1.1267,-9999.0000,-9999.0000,-9999.0000,-9999.0000,-9999.0000,-9999.0000,-9999.0000,0.0
2227884.000,0.0970,-9999.0000,0.9609,0.0939,-9999.0000,-9999.0000,-9999.0000,-9999.0000,-9999.0000,-9999.0000,0.0
2228115.000,0.0646,-9999.0000,0.9315,-9999.0000,-9999.0000,-9999.0000,-9999.0000,-9999.0000,-9999.0000,-9999.0000,0.0
2228346.000,0.1103,-9999.0000,0.9674,-9999.0000,-9999.0000,-9999.0000,-9999.0000,-9999.0000,-9999.0000,-9999.0000,0.0
2228578.000,0.0789,-9999.0000,1.0424,-9999.0000,-9999.0000,-9999.0000,-9999.0000,-9999.0000,-9999.0000,-9999.0000,0.0
2228809.000,0.1092,-9999.0000,1.0855,-9999.0000,-9999.0000,-9999.0000,0.0540,-9999.0000,-9999.0000,-9999.0000,0.0
2229040.000,0.1448,-9999.0000,0.9838,-9999.0000,-9999.0000,-9999.0000,0.0540,-9999.0000,-9999.0000,-9999.0000,0.0
2229271.000,0.1201,-9999.0000,1.0608,-9999.0000,-9999.0000,-9999.0000,-9999.0000,-9999.0000,-9999.0000,0.0643,0.0
2229502.000,0.1463,-9999.0000,1.1690,-9999.0000,-9999.0000,-9999.0000,-9999.0000,-9999.0000,-9999.0000,-9999.0000,0.0
2229734.000,0.1567,-9999.0000,1.1449,-9999.0000,-9999.0000,-9999.0000,-9999.0000,-9999.0000,-9999.0000,-9999.0000,0.0
2229965.000,0.1291,0.7568,1.0461,-9999.0000,-9999.0000,-9999.0000,-9999.0000,-9999.0000,-9999.0000,0.0643,0.0
2230196.000,0.1140,1.0778,1.0754,-9999.0000,-9999.0000,-9999.0000,0.0545,-9999.0000,-9999.0000,-9999.0000,0.0
2230427.000,0.0964,0.5655,1.0326,-9999.0000,-9999.0000,-9999.0000,-9999.0000,-9999.0000,-9999.0000,-9999.0000,0.0
2230658.000,0.1080,0.8510,1.1722,-9999.0000,-9999.0000,-9999.0000,-9999.0000,-9999.0000,-9999.0000,-9999.0000,0.0
2230890.000,0.1729,0.6480,1.0737,-9999.0000,-9999.0000,-9999.0000,-9999.0000,-9999.0000,-9999.0000,0.0635,0.0
2231121.000,0.0797,0.5481,1.1187,-9999.0000,-9999.0000,-9999.0000,-9999.0000,-9999.0000,-9999.0000,-9999.0000,0.0
2231352.000,0.0976,-9999.0000,1.0752,-9999.0000,-9999.0000,-9999.0000,0.0821,-9999.0000,-9999.0000,-9999.0000,0.0
2231583.000,0.1504,-9999.0000,0.9435,-9999.0000,-9999.0000,-9999.0000,-9999.0000,-9999.0000,-9999.0000,-9999.0000,0.0
2231814.000,0.1062,0.6981,1.1075,-9999.0000,-9999.0000,-9999.0000,-9999.0000,-9999.0000,-9999.0000,-9999.0000,0.0
2232046.000,0.1402,0.6353,0.9279,-9999.0000,-9999.0000,-9999.0000,-9999.0000,-9999.0000,-9999.0000,-9999.0000,0.0
2232277.000,0.0786,0.7535,1.1210,-9999.0000,-9999.0000,-9999.0000,-9999.0000,-9999.0000,-9999.0000,-9999.0000,0.0
2232508.000,0.1100,0.6541,1.0989,-9999.0000,-9999.0000,0.0353,-9999.0000,-9999.0000,0.0916,-9999.0000,0.0
2232739.000,0.1223,-9999.0000,1.1102,-9999.0000,-9999.0000,-9999.0000,-9999.0000,-9999.0000,-9999.0000,-9999.0000,0.0
2232970.000,0.1433,0.8479,1.1358,-9999.0000,-9999.0000,-9999.0000,-9999.0000,-9999.0000,-9999.0000,-9999.0000,0.0
2233202.000,0.1346,0.7346,1.0141,-9999.0000,-9999.0000,-9999.0000,-9999.0000,-9999.0000,-9999.0000,-9999.0000,0.0
2233433.000,0.0796,0.5819,0.9398,-9999.0000,-9999.0000,-9999.0000,-9999.0000,-9999.0000,-9999.0000,-9999.0000,0.0
2233664.000,0.1285,0.8054,1.1616,0.1164,-9999.0000,-9999.0000,-9999.0000,-9999.0000,-9999.0000,-9999.0000,0.0
2233895.000,0.0657,1.0379,1.3702,0.1344,-9999.0000,-9999.0000,-9999.0000,-9999.0000,-9999.0000,-9999.0000,0.0
2234126.000,0.1242,1.0703,1.2059,-9999.0000,0.0620,-9999.0000,-9999.0000,-9999.0000,-9999.0000,-9999.0000,0.0
2234358.000,0.0742,1.0513,1.0934,-9999.0000,-9999.0000,-9999.0000,-9999.0000,-9999.0000,-9999.0000,-9999.0000,0.0
2234589.000,0.0889,1.0834,1.0930,-9999.0000,-9999.0000,-9999.0000,-9999.0000,-9999.0000,-9999.0000,-9999.0000,0.0
2234965.000,-9999.0000,-9999.0000,-9999.0000,-9999.0000,-9999.0000,-9999.0000,-9999.0000,-9999.0000,-9999.0000,-9999.0000,1.0
2235196.000,-9999.0000,-9999.0000,-9999.0000,-9999.0000,-9999.0000,-9999.0000,-9999.0000,-9999.0000,-9999.0000,-9999.0000,1.0
2235427.000,-9999.0000,-9999.0000,-9999.0000,-9999.0000,-9999.0000,-9999.0000,-9999.0000,-9999.0000,-9999.0000,-9999.0000,1.0
2235658.000,-9999.0000,-9999.0000,-9999.0000,-9999.0000,-9999.0000,-9999.0000,-9999.0000,-9999.0000,-9999.0000,-9999.0000,1.0
2235889.000,-9999.0000,-9999.0000,-9999.0000,-9999.0000,-9999.0000,-9999.0000,-9999.0000,-9999.0000,-9999.0000,-9999.0000,1.0
2236121.000,-9999.0000,-9999.0000,-9999.0000,-9999.0000,-9999.0000,-9999.0000,-9999.0000,-9999.0000,-9999.0000,-9999.0000,1.0
2236352.000,-9999.0000,-9999.0000,-9999.0000,-9999.0000,-9999.0000,-9999.0000,-9999.0000,-9999.0000,-9999.0000,-9999.0000,1.0
2236678.000,0.0734,1.3927,1.3383,-9999.0000,0.0522,-9999.0000,-9999.0000,-9999.0000,-9999.0000,-9999.0000,0.0
2236909.000,0.1036,0.8354,1.2487,0.0949,-9999.0000,-9999.0000,-9999.0000,-9999.0000,-9999.0000,-9999.0000,0.0
2237140.000,0.1004,0.8667,0.9621,-9999.0000,-9999.0000,-9999.0000,-9999.0000,-9999.0000,-9999.0000,-9999.0000,0.0
2237371.000,0.0984,0.6644,1.2332,-9999.0000,0.0845,-9999.0000,-9999.0000,-9999.0000,-9999.0000,0.0611,0.0
2237603.000,0.0815,0.8346,1.1553,-9999.0000,-9999.0000,-9999.0000,-9999.0000,-9999.0000,-9999.0000,-9999.0000,0.0
2237834.000,0.1017,0.8580,1.0328,-9999.0000,-9999.0000,-9999.0000,-9999.0000,-9999.0000,-9999.0000,-9999.0000,0.0
2238065.000,0.1135,0.7583,1.2488,0.1338,-9999.0000,-9999.0000,0.0873,-9999.0000,-9999.0000,-9999.0000,0.0
2238296.000,0.1107,1.0693,1.1915,-9999.0000,-9999.0000,-9999.0000,0.0478,-9999.0000,-9999.0000,-9999.0000,0.0
2238527.000,0.1399,0.9756,1.1284,-9999.0000,-9999.0000,-9999.0000,-9999.0000,-9999.0000,-9999.0000,-9999.0000,0.0
2238759.000,0.1183,0.7347,1.0230,-9999.0000,-9999.0000,-9999.0000,0.1046,-9999.0000,-9999.0000,-9999.0000,0.0
2238990.000,0.0748,0.6846,0.9718,-9999.0000,-9999.0000,-9999.0000,0.0477,-9999.0000,-9999.0000,-9999.0000,0.0
2239221.000,0.1143,0.5465,0.9907,-9999.0000,-9999.0000,-9999.0000,-9999.0000,-9999.0000,-9999.0000,-9999.0000,0.0
2239452.000,0.1151,-9999.0000,1.0873,-9999.0000,-9999.0000,-9999.0000,-9999.0000,-9999.0000,-9999.0000,-9999.0000,0.0
2239683.000,0.1227,-9999.0000,1.1427,0.2249,-9999.0000,-9999.0000,-9999.0000,-9999.0000,-9999.0000,-9999.0000,0.0
2239915.000,0.0929,0.5268,1.0848,0.1217,-9999.0000,-9999.0000,-9999.0000,-9999.0000,-9999.0000,-9999.0000,0.0
2240146.000,0.1144,0.5947,0.9411,-9999.0000,-9999.0000,-9999.0000,-9999.0000,-9999.0000,-9999.0000,-9999.0000,0.0
2240377.000,0.0890,-9999.0000,1.0329,-9999.0000,-9999.0000,-9999.0000,-9999.0000,-9999.0000,-9999.0000,-9999.0000,0.0
2240608.000,0.0882,-9999.0000,1.1061,-9999.0000,0.0646,-9999.0000,-9999.0000,-9999.0000,-9999.0000,-9999.0000,0.0
2240839.000,0.1069,-9999.0000,1.2319,-9999.0000,-9999.0000,-9999.0000,-9999.0000,-9999.0000,-9999.0000,-9999.0000,0.0
2241071.000,0.1591,0.5496,1.0262,-9999.0000,-9999.0000,-9999.0000,-9999.0000,-9999.0000,-9999.0000,-9999.0000,0.0
2241302.000,0.0932,-9999.0000,0.8982,-9999.0000,-9999.0000,-9999.0000,-9999.0000,-9999.0000,-9999.0000,-9999.0000,0.0
2241533.000,0.0759,-9999.0000,1.0004,-9999.0000,-9999.0000,-9999.0000,-9999.0000,-9999.0000,-9999.0000,-9999.0000,0.0
2241764.000,0.0975,0.4897,1.0175,-9999.0000,-9999.0000,-9999.0000,0.0651,-9999.0000,-9999.0000,-9999.0000,0.0
2241995.000,0.1364,-9999.0000,1.2531,-9999.0000,-9999.0000,-9999.0000,-9999.0000,-9999.0000,-9999.0000,-9999.0000,0.0
2242227.000,0.1171,-9999.0000,1.0256,0.1279,-9999.0000,-9999.0000,-9999.0000,-9999.0000,-9999.0000,-9999.0000,0.0
2242458.000,0.1112,-9999.0000,1.1462,0.1068,-9999.0000,-9999.0000,-9999.0000,-9999.0000,-9999.0000,-9999.0000,0.0
2242689.000,0.1141,-9999.0000,1.3248,-9999.0000,-9999.0000,-9999.0000,-9999.0000,-9999.0000,-9999.0000,-9999.0000,0.0
2242920.000,0.0934,-9999.0000,1.1295,0.1255,-9999.0000,-9999.0000,-9999.0000,-9999.0000,-9999.0000,-9999.0000,0.0
2243151.000,0.0942,-9999.0000,0.8764,0.0915,-9999.0000,-9999.0000,-9999.0000,-9999.0000,-9999.0000,-9999.0000,0.0
2243383.000,0.0805,-9999.0000,0.9921,-9999.0000,-9999.0000,-9999.0000,-9999.0000,-9999.0000,-9999.0000,-9999.0000,0.0
2243614.000,0.0617,-9999.0000,0.8535,-9999.0000,-9999.0000,-9999.0000,-9999.0000,-9999.0000,-9999.0000,-9999.0000,0.0
2243845.000,0.1122,-9999.0000,0.9889,-9999.0000,-9999.0000,-9999.0000,-9999.0000,-9999.0000,-9999.0000,-9999.0000,0.0
2244076.000,0.0969,-9999.0000,1.0926,-9999.0000,-9999.0000,-9999.0000,-9999.0000,-9999.0000,-9999.0000,-9999.0000,0.0
2244307.000,0.1206,-9999.0000,1.0897,-9999.0000,-9999.0000,-9999.0000,-9999.0000,-9999.0000,-9999.0000,-9999.0000,0.0
2244539.000,0.0980,0.6385,1.1210,0.1089,-9999.0000,-9999.0000,0.0574,-9999.0000,-9999.0000,-9999.0000,0.0
2244770.000,0.0925,-9999.0000,0.8943,-9999.0000,-9999.0000,-9999.0000,-9999.0000,-9999.0000,-9999.0000,-9999.0000,0.0
2245001.000,0.1482,0.4960,1.0299,0.2012,-9999.0000,-9999.0000,-9999.0000,-9999.0000,-9999.0000,-9999.0000,0.0
2245232.000,0.0796,0.5024,1.1048,-9999.0000,-9999.0000,-9999.0000,-9999.0000,-9999.0000,-9999.0000,-9999.0000,0.0
2245463.000,0.0573,-9999.0000,0.9905,-9999.0000,-9999.0000,-9999.0000,0.0652,-9999.0000,-9999.0000,-9999.0000,0.0
2245695.000,0.0847,0.4852,1.0993,-9999.0000,-9999.0000,-9999.0000,-9999.0000,-9999.0000,-9999.0000,-9999.0000,0.0
2245926.000,0.0751,-9999.0000,1.1232,-9999.0000,-9999.0000,-9999.0000,-9999.0000,-9999.0000,-9999.0000,-9999.0000,0.0
2246157.000,0.0803,-9999.0000,1.0537,-9999.0000,-9999.0000,-9999.0000,-9999.0000,-9999.0000,-9999.0000,-9999.0000,0.0
2246388.000,0.1301,-9999.0000,1.0526,-9999.0000,0.0692,-9999.0000,-9999.0000,-9999.0000,-9999.0000,-9999.0000,0.0
2246620.000,0.0880,-9999.0000,1.1933,-9999.0000,0.0578,-9999.0000,0.0556,-9999.0000,-9999.0000,-9999.0000,0.0
2246851.000,0.0933,-9999.0000,1.0382,0.1998,-9999.0000,-9999.0000,-9999.0000,-9999.0000,-9999.0000,-9999.0000,0.0
2247082.000,0.0804,-9999.0000,1.1673,0.2742,-9999.0000,-9999.0000,-9999.0000,-9999.0000,0.0796,-9999.0000,0.0
2247313.000,0.1291,-9999.0000,1.0428,0.0924,-9999.0000,-9999.0000,-9999.0000,-9999.0000,-9999.0000,-9999.0000,0.0
2247544.000,0.0807,-9999.0000,1.0459,-9999.0000,-9999.0000,-9999.0000,-9999.0000,-9999.0000,-9999.0000,-9999.0000,0.0
2247776.000,0.0678,-9999.0000,0.9429,-9999.0000,-9999.0000,-9999.0000,-9999.0000,-9999.0000,-9999.0000,-9999.0000,0.0
2248007.000,0.0865,-9999.0000,1.0405,0.1173,0.0634,0.0536,-9999.0000,-9999.0000,-9999.0000,-9999.0000,0.0
2248238.000,0.1262,-9999.0000,0.9886,0.0963,-9999.0000,0.1408,0.1270,-9999.0000,-9999.0000,-9999.0000,0.0
2248469.000,0.1141,-9999.0000,1.1799,-9999.0000,-9999.0000,0.0539,0.0953,-9999.0000,-9999.0000,-9999.0000,0.0
2248700.000,0.0776,-9999.0000,1.1899,0.1366,-9999.0000,-9999.0000,-9999.0000,-9999.0000,-9999.0000,-9999.0000,0.0
2248932.000,0.1002,-9999.0000,1.1013,-9999.0000,-9999.0000,-9999.0000,-9999.0000,-9999.0000,-9999.0000,-9999.0000,0.0
2249163.000,0.0998,-9999.0000,0.8699,-9999.0000,0.0906,-9999.0000,-9999.0000,-9999.0000,-9999.0000,-9999.0000,0.0
2249394.000,0.1322,-9999.0000,1.0689,-9999.0000,-9999.0000,-9999.0000,-9999.0000,-9999.0000,-9999.0000,-9999.0000,0.0
2249625.000,0.1095,-9999.0000,1.2695,-9999.0000,-9999.0000,-9999.0000,-9999.0000,-9999.0000,-9999.0000,-9999.0000,0.0
2249856.000,0.1091,-9999.0000,0.9949,-9999.0000,-9999.0000,-9999.0000,-9999.0000,-9999.0000,-9999.0000,-9999.0000,0.0
2250088.000,0.0919,-9999.0000,1.0265,-9999.0000,-9999.0000,0.0373,-9999.0000,-9999.0000,-9999.0000,-9999.0000,0.0
2250319.000,0.1370,-9999.0000,1.0719,-9999.0000,-9999.0000,-9999.0000,0.0525,-9999.0000,-9999.0000,-9999.0000,0.0
2250550.000,0.1002,-9999.0000,1.0213,0.1191,-9999.0000,0.0367,0.0521,-9999.0000,-9999.0000,-9999.0000,0.0
2250781.000,0.0967,-9999.0000,0.9960,-9999.0000,-9999.0000,0.0647,-9999.0000,-9999.0000,-9999.0000,-9999.0000,0.0
2251012.000,0.0824,-9999.0000,0.9699,-9999.0000,-9999.0000,0.0730,-9999.0000,-9999.0000,-9999.0000,-9999.0000,0.0
2251244.000,0.0898,-9999.0000,1.3817,-9999.0000,-9999.0000,0.0952,0.0573,-9999.0000,-9999.0000,-9999.0000,0.0
2251475.000,0.0778,-9999.0000,0.9075,-9999.0000,-9999.0000,0.0821,-9999.0000,-9999.0000,-9999.0000,-9999.0000,0.0
2251706.000,0.0876,-9999.0000,1.0397,-9999.0000,-9999.0000,0.1549,-9999.0000,-9999.0000,-9999.0000,-9999.0000,0.0
2251937.000,0.1447,-9999.0000,1.0528,-9999.0000,-9999.0000,0.1759,0.0908,-9999.0000,-9999.0000,-9999.0000,0.0
2252168.000,0.0598,-9999.0000,1.0417,0.1411,0.0850,0.1636,-9999.0000,-9999.0000,-9999.0000,-9999.0000,0.0
2252400.000,0.1154,-9999.0000,1.1375,0.1609,-9999.0000,0.2005,-9999.0000,-9999.0000,-9999.0000,-9999.0000,0.0
2252631.000,0.0688,-9999.0000,0.9946,0.1772,-9999.0000,0.1095,-9999.0000,-9999.0000,-9999.0000,-9999.0000,0.0
2252862.000,0.1050,-9999.0000,1.0759,0.1397,0.1207,0.0556,-9999.0000,-9999.0000,-9999.0000,-9999.0000,0.0
2253093.000,0.0969,-9999.0000,1.0510,0.0875,-9999.0000,0.0568,0.0626,-9999.0000,-9999.0000,-9999.0000,0.0
2253324.000,0.0730,-9999.0000,0.9606,-9999.0000,0.0750,-9999.0000,0.0522,-9999.0000,-9999.0000,-9999.0000,0.0
2253556.000,0.1102,-9999.0000,1.2119,-9999.0000,-9999.0000,-9999.0000,-9999.0000,-9999.0000,-9999.0000,-9999.0000,0.0
2253787.000,0.0838,-9999.0000,1.1703,-9999.0000,-9999.0000,-9999.0000,-9999.0000,-9999.0000,-9999.0000,-9999.0000,0.0
2254018.000,0.0738,-9999.0000,1.0819,0.1246,-9999.0000,-9999.0000,-9999.0000,-9999.0000,-9999.0000,-9999.0000,0.0
2254249.000,0.1162,-9999.0000,0.9747,0.0903,-9999.0000,0.0581,0.0552,-9999.0000,-9999.0000,-9999.0000,0.0
2254480.000,0.1347,-9999.0000,1.0080,0.1461,-9999.0000,0.0853,-9999.0000,-9999.0000,-9999.0000,-9999.0000,0.0
2254712.000,0.1024,-9999.0000,0.9700,0.1835,0.0510,-9999.0000,-9999.0000,-9999.0000,-9999.0000,-9999.0000,0.0
2254943.000,0.1388,-9999.0000,0.9746,0.2378,-9999.0000,-9999.0000,-9999.0000,-9999.0000,-9999.0000,-9999.0000,0.0
2255174.000,0.0883,-9999.0000,1.1217,0.0907,-9999.0000,0.0402,-9999.0000,-9999.0000,-9999.0000,-9999.0000,0.0
2255405.000,0.0710,-9999.0000,0.9852,-9999.0000,-9999.0000,0.0417,-9999.0000,-9999.0000,-9999.0000,-9999.0000,0.0
2255636.000,0.1079,-9999.0000,1.1487,0.2240,-9999.0000,-9999.0000,-9999.0000,-9999.0000,-9999.0000,-9999.0000,0.0
2255868.000,0.0736,-9999.0000,1.1318,0.1071,-9999.0000,-9999.0000,-9999.0000,-9999.0000,-9999.0000,-9999.0000,0.0
2256099.000,0.0796,-9999.0000,1.1056,-9999.0000,-9999.0000,-9999.0000,-9999.0000,-9999.0000,-9999.0000,0.0368,0.0
2256330.000,0.1032,-9999.0000,1.0570,0.0939,-9999.0000,-9999.0000,0.0564,-9999.0000,-9999.0000,-9999.0000,0.0
2256561.000,0.0572,-9999.0000,0.9980,0.0958,0.1290,-9999.0000,0.0751,-9999.0000,-9999.0000,-9999.0000,0.0
2256792.000,0.0753,-9999.0000,1.1487,-9999.0000,-9999.0000,-9999.0000,-9999.0000,-9999.0000,-9999.0000,-9999.0000,0.0
2257024.000,0.1361,-9999.0000,1.0114,-9999.0000,-9999.0000,-9999.0000,-9999.0000,-9999.0000,-9999.0000,-9999.0000,0.0
2257255.000,0.1392,-9999.0000,1.3623,-9999.0000,-9999.0000,0.0501,-9999.0000,-9999.0000,-9999.0000,-9999.0000,0.0
2257486.000,0.0706,-9999.0000,0.7959,-9999.0000,-9999.0000,0.0874,0.0826,-9999.0000,-9999.0000,0.0733,0.0
2257717.000,0.0570,-9999.0000,1.0389,0.2085,0.1009,-9999.0000,0.0659,-9999.0000,-9999.0000,0.0377,0.0
2257948.000,0.1482,-9999.0000,1.1340,0.2219,-9999.0000,0.0411,-9999.0000,-9999.0000,-9999.0000,-9999.0000,0.0
2258180.000,0.1112,-9999.0000,0.8416,0.1295,-9999.0000,-9999.0000,0.0634,-9999.0000,-9999.0000,-9999.0000,0.0
2258411.000,0.1432,-9999.0000,0.9062,-9999.0000,-9999.0000,-9999.0000,-9999.0000,-9999.0000,-9999.0000,-9999.0000,0.0
2258642.000,0.1155,-9999.0000,1.0534,-9999.0000,0.0703,0.0411,0.0716,-9999.0000,-9999.0000,-9999.0000,0.0
2258873.000,0.1022,-9999.0000,1.0350,0.1120,-9999.0000,0.1317,-9999.0000,-9999.0000,-9999.0000,-9999.0000,0.0
2259104.000,0.1177,-9999.0000,1.0001,-9999.0000,-9999.0000,0.0613,0.0747,-9999.0000,-9999.0000,0.0379,0.0
2259336.000,0.1137,-9999.0000,0.9092,0.0986,-9999.0000,-9999.0000,0.1020,-9999.0000,-9999.0000,-9999.0000,0.0
2259567.000,0.0714,-9999.0000,0.8742,0.1925,-9999.0000,0.0620,0.1900,-9999.0000,-9999.0000,-9999.0000,0.0
2259798.000,0.0481,-9999.0000,0.9202,0.2309,-9999.0000,-9999.0000,0.0846,-9999.0000,-9999.0000,-9999.0000,0.0
2260029.000,0.0941,-9999.0000,0.9050,-9999.0000,-9999.0000,-9999.0000,0.0655,-9999.0000,-9999.0000,-9999.0000,0.0
2260260.000,0.0955,-9999.0000,1.0132,0.1762,-9999.0000,-9999.0000,0.0499,-9999.0000,-9999.0000,-9999.0000,0.0
2260492.000,0.0622,-9999.0000,0.9971,0.1748,-9999.0000,-9999.0000,-9999.0000,-9999.0000,-9999.0000,-9999.0000,0.0
2260723.000,0.0811,-9999.0000,1.0443,0.2134,-9999.0000,-9999.0000,0.0584,-9999.0000,-9999.0000,0.0388,0.0
2260954.000,0.0720,-9999.0000,1.1848,0.1391,-9999.0000,0.0448,0.0854,-9999.0000,-9999.0000,-9999.0000,0.0
2261185.000,0.1054,-9999.0000,0.9699,0.1594,-9999.0000,-9999.0000,0.1572,-9999.0000,-9999.0000,-9999.0000,0.0
2261416.000,0.0888,-9999.0000,0.9161,-9999.0000,-9999.0000,-9999.0000,-9999.0000,-9999.0000,-9999.0000,-9999.0000,0.0
2261648.000,0.1330,-9999.0000,0.8804,-9999.0000,-9999.0000,0.0450,0.0675,-9999.0000,-9999.0000,-9999.0000,0.0
2261879.000,0.1045,-9999.0000,0.9159,0.1010,0.0570,-9999.0000,-9999.0000,-9999.0000,-9999.0000,-9999.0000,0.0
2262110.000,0.0811,-9999.0000,0.7956,0.2896,-9999.0000,0.0450,-9999.0000,-9999.0000,-9999.0000,-9999.0000,0.0
2262341.000,0.1439,-9999.0000,0.9910,0.1427,-9999.0000,0.0648,-9999.0000,-9999.0000,-9999.0000,-9999.0000,0.0
2262572.000,0.0958,-9999.0000,0.9884,-9999.0000,-9999.0000,0.0366,-9999.0000,-9999.0000,-9999.0000,-9999.0000,0.0
2262804.000,0.1004,-9999.0000,1.0693,0.2730,0.0960,-9999.0000,0.0591,-9999.0000,-9999.0000,-9999.0000,0.0
2263035.000,0.0670,-9999.0000,0.8239,0.1584,-9999.0000,0.0452,0.0495,-9999.0000,-9999.0000,-9999.0000,0.0
2263266.000,0.0916,-9999.0000,1.1169,0.1999,-9999.0000,-9999.0000,-9999.0000,-9999.0000,-9999.0000,-9999.0000,0.0
2263497.000,0.0723,-9999.0000,1.0325,0.1608,-9999.0000,-9999.0000,-9999.0000,-9999.0000,-9999.0000,0.0397,0.0
2263728.000,0.0809,-9999.0000,0.9628,-9999.0000,-9999.0000,-9999.0000,-9999.0000,-9999.0000,-9999.0000,-9999.0000,0.0
2263960.000,0.0960,-9999.0000,0.9707,0.1616,0.0687,-9999.0000,-9999.0000,-9999.0000,-9999.0000,-9999.0000,0.0
2264191.000,0.0942,-9999.0000,0.8856,0.1377,-9999.0000,-9999.0000,0.0743,-9999.0000,-9999.0000,-9999.0000,0.0
2264422.000,0.0526,-9999.0000,0.8279,-9999.0000,0.1228,-9999.0000,-9999.0000,-9999.0000,-9999.0000,-9999.0000,0.0
2264653.000,0.1103,-9999.0000,1.0207,-9999.0000,-9999.0000,-9999.0000,-9999.0000,-9999.0000,-9999.0000,-9999.0000,0.0
2264884.000,0.0777,-9999.0000,1.0422,-9999.0000,-9999.0000,-9999.0000,0.0874,-9999.0000,-9999.0000,-9999.0000,0.0
2265116.000,0.0821,-9999.0000,0.9343,-9999.0000,-9999.0000,-9999.0000,0.1045,-9999.0000,-9999.0000,-9999.0000,0.0
2265347.000,0.0972,-9999.0000,0.9894,0.1660,-9999.0000,-9999.0000,-9999.0000,-9999.0000,-9999.0000,-9999.0000,0.0
2265578.000,0.1004,-9999.0000,1.1329,0.1430,0.0689,-9999.0000,0.0503,-9999.0000,-9999.0000,0.0398,0.0
2265809.000,0.0861,-9999.0000,1.0814,-9999.0000,0.0687,-9999.0000,-9999.0000,-9999.0000,-9999.0000,-9999.0000,0.0
2266040.000,0.0828,-9999.0000,1.0084,-9999.0000,0.0523,-9999.0000,-9999.0000,-9999.0000,-9999.0000,-9999.0000,0.0
2266272.000,0.0918,-9999.0000,0.9081,-9999.0000,0.0895,0.0293,-9999.0000,-9999.0000,-9999.0000,-9999.0000,0.0
2266503.000,0.1102,-9999.0000,0.8486,0.0879,-9999.0000,0.0290,0.1307,-9999.0000,-9999.0000,-9999.0000,0.0
2266734.000,0.0904,-9999.0000,0.9303,-9999.0000,-9999.0000,-9999.0000,-9999.0000,-9999.0000,-9999.0000,-9999.0000,0.0
2266965.000,0.0774,-9999.0000,0.9693,0.1458,0.1178,-9999.0000,-9999.0000,-9999.0000,-9999.0000,-9999.0000,0.0
2267196.000,0.0776,-9999.0000,0.8091,0.1084,0.0708,-9999.0000,-9999.0000,-9999.0000,-9999.0000,-9999.0000,0.0
2267428.000,0.0970,-9999.0000,0.8734,0.1096,-9999.0000,-9999.0000,-9999.0000,-9999.0000,-9999.0000,-9999.0000,0.0
2267659.000,0.0869,-9999.0000,1.0094,0.2219,0.1274,-9999.0000,-9999.0000,-9999.0000,-9999.0000,-9999.0000,0.0
2267890.000,0.0768,-9999.0000,0.9408,-9999.0000,-9999.0000,-9999.0000,-9999.0000,-9999.0000,-9999.0000,0.0400,0.0
2268121.000,0.0830,-9999.0000,0.9359,-9999.0000,-9999.0000,-9999.0000,-9999.0000,-9999.0000,-9999.0000,-9999.0000,0.0
2268352.000,0.0721,-9999.0000,1.0876,-9999.0000,-9999.0000,-9999.0000,-9999.0000,-9999.0000,-9999.0000,-9999.0000,0.0
2268584.000,0.1053,-9999.0000,1.0672,-9999.0000,-9999.0000,-9999.0000,-9999.0000,-9999.0000,-9999.0000,-9999.0000,0.0
2268815.000,0.0956,-9999.0000,1.1315,0.1249,-9999.0000,-9999.0000,0.0505,-9999.0000,-9999.0000,-9999.0000,0.0
2269046.000,0.0634,-9999.0000,1.0163,-9999.0000,-9999.0000,-9999.0000,-9999.0000,-9999.0000,-9999.0000,-9999.0000,0.0
2269277.000,0.1200,-9999.0000,0.7545,-9999.0000,0.0610,-9999.0000,-9999.0000,-9999.0000,-9999.0000,-9999.0000,0.0
2269508.000,0.1048,-9999.0000,0.9296,0.1432,-9999.0000,0.0480,-9999.0000,-9999.0000,-9999.0000,-9999.0000,0.0
2269740.000,0.1236,-9999.0000,0.8234,-9999.0000,-9999.0000,-9999.0000,-9999.0000,-9999.0000,-9999.0000,-9999.0000,0.0
2269971.000,0.0869,-9999.0000,0.9844,-9999.0000,0.0514,0.0305,0.0696,0.1323,-9999.0000,-9999.0000,0.0
2270202.000,0.1180,-9999.0000,0.8297,0.1038,-9999.0000,0.0383,-9999.0000,-9999.0000,-9999.0000,-9999.0000,0.0
2270433.000,0.1002,-9999.0000,0.9596,-9999.0000,0.0690,0.1031,0.0860,-9999.0000,-9999.0000,-9999.0000,0.0
2270664.000,0.0725,-9999.0000,0.9474,-9999.0000,-9999.0000,0.1500,0.1226,-9999.0000,-9999.0000,-9999.0000,0.0
2270896.000,0.1067,-9999.0000,0.8523,0.1099,-9999.0000,0.0498,-9999.0000,-9999.0000,-9999.0000,-9999.0000,0.0
2271127.000,0.0933,-9999.0000,0.8414,-9999.0000,-9999.0000,0.1161,0.1626,-9999.0000,-9999.0000,-9999.0000,0.0
2271358.000,0.1058,-9999.0000,0.8668,-9999.0000,-9999.0000,0.1780,0.1143,-9999.0000,-9999.0000,-9999.0000,0.0
2271589.000,0.1022,-9999.0000,0.9531,0.1674,-9999.0000,0.1058,0.1702,-9999.0000,-9999.0000,-9999.0000,0.0
2271820.000,0.0733,-9999.0000,0.9282,0.1471,0.0806,0.1979,0.1959,-9999.0000,-9999.0000,-9999.0000,0.0
2272052.000,0.0921,-9999.0000,0.8480,0.1847,0.0519,0.1328,0.2402,-9999.0000,-9999.0000,-9999.0000,0.0
2272283.000,0.1613,-9999.0000,0.8539,0.1327,-9999.0000,0.1360,0.1825,0.1092,-9999.0000,-9999.0000,0.0
2272514.000,0.1217,-9999.0000,0.9379,0.1493,-9999.0000,0.1437,0.1174,-9999.0000,-9999.0000,-9999.0000,0.0
2272745.000,0.1072,-9999.0000,0.9760,-9999.0000,-9999.0000,0.1249,0.0903,-9999.0000,-9999.0000,-9999.0000,0.0
2272976.000,0.0869,-9999.0000,1.0881,0.2777,-9999.0000,0.1321,0.1325,-9999.0000,-9999.0000,-9999.0000,0.0
2273208.000,0.1027,-9999.0000,0.9789,0.7050,-9999.0000,0.0693,0.1087,0.1372,-9999.0000,-9999.0000,0.0
2273439.000,0.1580,-9999.0000,1.1549,0.6766,-9999.0000,0.1417,0.1153,0.1340,-9999.0000,-9999.0000,0.0
2273670.000,0.1746,-9999.0000,1.2234,0.3855,0.0962,0.1393,0.0598,-9999.0000,-9999.0000,-9999.0000,0.0
2273901.000,0.1196,-9999.0000,1.1286,0.3520,0.1072,0.1592,0.1409,-9999.0000,0.1254,-9999.0000,0.0
2274132.000,0.1466,-9999.0000,1.1024,0.1695,-9999.0000,0.1426,0.2519,-9999.0000,-9999.0000,0.0378,0.0
2274364.000,0.1012,-9999.0000,1.1091,0.2590,-9999.0000,0.0769,0.0885,-9999.0000,-9999.0000,-9999.0000,0.0
2274595.000,0.2113,-9999.0000,1.2136,0.1857,0.0808,0.0779,0.1437,-9999.0000,-9999.0000,-9999.0000,0.0
2274826.000,0.1060,-9999.0000,1.1243,0.3158,-9999.0000,0.0954,0.0976,0.0950,-9999.0000,-9999.0000,0.0
2275057.000,0.1961,-9999.0000,1.0882,0.2788,0.0704,0.0403,0.1693,0.1447,0.1852,-9999.0000,0.0
2275289.000,0.1818,-9999.0000,0.9991,0.3923,0.0608,0.1049,0.1158,-9999.0000,-9999.0000,-9999.0000,0.0
2275520.000,0.1172,-9999.0000,1.0355,-9999.0000,0.0532,0.0882,0.0735,-9999.0000,-9999.0000,-9999.0000,0.0
2275751.000,0.1550,-9999.0000,1.0919,0.1680,-9999.0000,0.0786,0.1181,-9999.0000,-9999.0000,-9999.0000,0.0
2275982.000,0.1244,-9999.0000,0.7486,-9999.0000,0.0789,0.0858,0.1504,-9999.0000,-9999.0000,-9999.0000,0.0
2276213.000,0.1434,-9999.0000,0.8963,-9999.0000,-9999.0000,0.0676,-9999.0000,-9999.0000,-9999.0000,-9999.0000,0.0
2276445.000,0.1298,-9999.0000,1.1568,-9999.0000,-9999.0000,-9999.0000,0.0627,-9999.0000,-9999.0000,0.0424,0.0
2276676.000,0.1428,-9999.0000,1.0523,-9999.0000,-9999.0000,-9999.0000,-9999.0000,-9999.0000,-9999.0000,-9999.0000,0.0
2276907.000,0.1138,-9999.0000,1.0186,-9999.0000,0.0863,0.0571,0.0604,-9999.0000,-9999.0000,-9999.0000,0.0
2277138.000,0.1468,-9999.0000,1.3031,-9999.0000,-9999.0000,-9999.0000,0.0608,0.1028,-9999.0000,-9999.0000,0.0
2277369.000,0.1436,-9999.0000,1.0746,-9999.0000,-9999.0000,0.0586,0.0625,-9999.0000,-9999.0000,-9999.0000,0.0
2277601.000,0.1141,-9999.0000,1.1246,-9999.0000,-9999.0000,-9999.0000,-9999.0000,-9999.0000,-9999.0000,-9999.0000,0.0
2277832.000,0.1609,-9999.0000,1.3674,-9999.0000,-9999.0000,0.0301,0.1226,-9999.0000,-9999.0000,-9999.0000,0.0
2278063.000,0.1013,-9999.0000,1.1247,0.1260,-9999.0000,0.0679,-9999.0000,-9999.0000,-9999.0000,-9999.0000,0.0
2278294.000,0.1127,-9999.0000,1.1243,0.1309,-9999.0000,0.0326,0.0476,-9999.0000,-9999.0000,0.0442,0.0
2278525.000,0.1488,-9999.0000,1.2458,0.2024,-9999.0000,0.0313,0.2145,-9999.0000,-9999.0000,0.0794,0.0
2278757.000,0.1170,-9999.0000,1.1532,0.2636,-9999.0000,0.0509,0.1908,0.0895,-9999.0000,-9999.0000,0.0
2278988.000,0.1794,-9999.0000,1.1564,-9999.0000,-9999.0000,0.0511,-9999.0000,-9999.0000,-9999.0000,-9999.0000,0.0
2279219.000,0.1533,-9999.0000,1.1804,0.1451,-9999.0000,0.0312,0.0632,-9999.0000,-9999.0000,-9999.0000,0.0
2279450.000,0.0836,-9999.0000,1.2026,0.2825,-9999.0000,0.0509,0.1460,-9999.0000,-9999.0000,-9999.0000,0.0
2279681.000,0.0975,-9999.0000,1.1280,0.1284,0.0806,0.0505,0.1004,-9999.0000,-9999.0000,-9999.0000,0.0
2279913.000,0.1101,-9999.0000,1.1866,-9999.0000,-9999.0000,-9999.0000,-9999.0000,-9999.0000,-9999.0000,-9999.0000,0.0
2280144.000,0.1017,-9999.0000,1.0964,0.1269,-9999.0000,0.0777,0.0550,-9999.0000,-9999.0000,-9999.0000,0.0
2280375.000,0.1388,-9999.0000,0.9369,-9999.0000,-9999.0000,-9999.0000,-9999.0000,-9999.0000,-9999.0000,-9999.0000,0.0
2280606.000,0.1229,-9999.0000,0.8720,-9999.0000,-9999.0000,0.0753,-9999.0000,-9999.0000,-9999.0000,-9999.0000,0.0
2280837.000,0.0514,-9999.0000,0.9842,0.1146,-9999.0000,-9999.0000,-9999.0000,-9999.0000,-9999.0000,-9999.0000,0.0
2281069.000,0.0677,-9999.0000,0.9249,-9999.0000,0.1057,0.0763,-9999.0000,-9999.0000,-9999.0000,-9999.0000,0.0
2281300.000,0.1157,-9999.0000,1.1087,0.0884,-9999.0000,-9999.0000,0.0994,-9999.0000,-9999.0000,-9999.0000,0.0
2281531.000,0.0813,-9999.0000,0.9287,-9999.0000,-9999.0000,-9999.0000,0.1142,-9999.0000,-9999.0000,-9999.0000,0.0
2281762.000,0.1274,-9999.0000,0.9141,-9999.0000,-9999.0000,0.0934,0.0697,-9999.0000,-9999.0000,-9999.0000,0.0
2281993.000,0.1042,-9999.0000,0.9338,-9999.0000,-9999.0000,-9999.0000,-9999.0000,-9999.0000,-9999.0000,-9999.0000,0.0
2282225.000,0.0761,-9999.0000,0.9699,-9999.0000,-9999.0000,0.0569,0.0608,-9999.0000,-9999.0000,-9999.0000,0.0
2282456.000,0.1414,-9999.0000,0.8284,-9999.0000,-9999.0000,-9999.0000,0.0700,-9999.0000,-9999.0000,-9999.0000,0.0
2282687.000,0.1129,-9999.0000,0.7888,0.1568,-9999.0000,0.0385,0.1476,-9999.0000,-9999.0000,-9999.0000,0.0
2282918.000,0.0956,-9999.0000,0.9626,-9999.0000,-9999.0000,0.0579,0.1153,-9999.0000,0.1153,-9999.0000,0.0
2283149.000,0.1430,-9999.0000,0.7531,0.1052,-9999.0000,0.0767,-9999.0000,-9999.0000,-9999.0000,-9999.0000,0.0
2283381.000,0.1076,-9999.0000,0.9228,0.1102,-9999.0000,0.0885,0.1292,-9999.0000,-9999.0000,-9999.0000,0.0
2283612.000,0.0904,-9999.0000,0.8447,-9999.0000,-9999.0000,-9999.0000,0.1056,0.0945,0.0915,-9999.0000,0.0
2283843.000,0.1011,-9999.0000,0.8060,-9999.0000,-9999.0000,0.0680,-9999.0000,0.1172,-9999.0000,-9999.0000,0.0
2284074.000,0.0724,-9999.0000,0.7120,-9999.0000,-9999.0000,0.0307,-9999.0000,-9999.0000,-9999.0000,-9999.0000,0.0
2284305.000,0.0856,-9999.0000,0.8384,0.1396,-9999.0000,-9999.0000,0.0792,0.0944,-9999.0000,0.0421,0.0
2284537.000,0.1331,-9999.0000,0.7446,0.1416,-9999.0000,0.0398,0.1245,-9999.0000,-9999.0000,-9999.0000,0.0
2284768.000,0.0621,-9999.0000,0.8773,0.2313,-9999.0000,0.1021,0.0525,-9999.0000,-9999.0000,-9999.0000,0.0
2284999.000,0.1074,-9999.0000,0.8365,-9999.0000,-9999.0000,0.0418,0.0843,-9999.0000,-9999.0000,0.0817,0.0
2285230.000,0.0582,-9999.0000,0.8254,-9999.0000,-9999.0000,0.0579,0.0803,0.1251,-9999.0000,-9999.0000,0.0
2285461.000,0.1109,-9999.0000,0.7043,-9999.0000,-9999.0000,0.0905,0.1442,-9999.0000,-9999.0000,-9999.0000,0.0
2285693.000,0.0723,-9999.0000,0.9534,-9999.0000,-9999.0000,0.1038,0.0983,-9999.0000,0.0814,-9999.0000,0.0
2285924.000,0.1258,-9999.0000,0.8066,0.0891,-9999.0000,0.1247,0.0747,0.1103,-9999.0000,0.0812,0.0
2286155.000,0.0963,-9999.0000,0.7078,-9999.0000,-9999.0000,0.0496,0.1704,-9999.0000,-9999.0000,-9999.0000,0.0
2286386.000,0.0973,-9999.0000,0.7120,0.1268,-9999.0000,0.1986,0.1370,-9999.0000,-9999.0000,-9999.0000,0.0
2286617.000,0.1013,-9999.0000,0.7200,-9999.0000,-9999.0000,0.0775,0.1356,-9999.0000,-9999.0000,-9999.0000,0.0
2286849.000,0.1159,-9999.0000,0.6603,0.1070,-9999.0000,0.0965,0.1899,-9999.0000,-9999.0000,-9999.0000,0.0
2287080.000,0.1012,-9999.0000,0.8609,-9999.0000,-9999.0000,0.0314,0.1178,0.1183,-9999.0000,0.0439,0.0
2287311.000,0.1076,-9999.0000,0.6851,0.1478,-9999.0000,0.0793,-9999.0000,-9999.0000,-9999.0000,-9999.0000,0.0
2287542.000,0.0681,-9999.0000,0.7266,-9999.0000,-9999.0000,0.0771,0.0644,-9999.0000,-9999.0000,-9999.0000,0.0
2287773.000,0.0968,-9999.0000,0.6096,0.1253,-9999.0000,-9999.0000,0.0742,-9999.0000,-9999.0000,-9999.0000,0.0
2288005.000,0.0685,-9999.0000,0.6778,0.1819,-9999.0000,0.1054,0.0919,-9999.0000,-9999.0000,-9999.0000,0.0
2288236.000,0.0736,-9999.0000,0.6236,0.1834,-9999.0000,-9999.0000,0.1551,0.1303,-9999.0000,-9999.0000,0.0
2288467.000,0.0790,-9999.0000,0.7105,0.1286,-9999.0000,0.1445,0.2019,0.1028,-9999.0000,-9999.0000,0.0
2288698.000,0.0643,-9999.0000,0.7729,0.0888,-9999.0000,0.0786,0.1734,-9999.0000,-9999.0000,-9999.0000,0.0
2288929.000,0.0978,-9999.0000,0.6384,0.1277,-9999.0000,0.1069,0.1296,-9999.0000,-9999.0000,-9999.0000,0.0
2289160.000,0.1197,-9999.0000,0.7173,0.1238,-9999.0000,0.0497,0.1443,-9999.0000,-9999.0000,-9999.0000,0.0
2289392.000,0.0743,-9999.0000,0.7010,0.2241,-9999.0000,0.1074,-9999.0000,-9999.0000,0.0858,0.0457,0.0
2289623.000,0.0640,-9999.0000,0.7402,-9999.0000,-9999.0000,0.0597,0.0661,-9999.0000,-9999.0000,-9999.0000,0.0
2289854.000,0.0918,-9999.0000,0.7879,-9999.0000,-9999.0000,0.1418,0.1095,0.0997,-9999.0000,-9999.0000,0.0
2290085.000,0.0946,-9999.0000,0.9135,0.1705,-9999.0000,0.1281,0.1694,-9999.0000,-9999.0000,0.0470,0.0
2290317.000,0.0743,-9999.0000,0.8641,-9999.0000,-9999.0000,0.1353,0.1574,-9999.0000,-9999.0000,-9999.0000,0.0
2290548.000,0.0545,-9999.0000,0.7538,-9999.0000,-9999.0000,0.1611,0.1638,-9999.0000,-9999.0000,-9999.0000,0.0
2290779.000,0.0464,-9999.0000,0.8129,0.1508,-9999.0000,0.1655,0.0970,-9999.0000,-9999.0000,-9999.0000,0.0
2291010.000,0.0880,-9999.0000,0.8084,-9999.0000,-9999.0000,0.0880,0.0849,-9999.0000,-9999.0000,-9999.0000,0.0
2291241.000,0.0777,-9999.0000,0.7681,-9999.0000,-9999.0000,0.0591,0.0920,-9999.0000,-9999.0000,-9999.0000,0.0
2291473.000,0.0689,-9999.0000,0.9640,-9999.0000,-9999.0000,0.0508,0.0580,0.1413,-9999.0000,-9999.0000,0.0
2291704.000,0.0974,-9999.0000,0.8375,0.1454,-9999.0000,0.1157,0.1028,-9999.0000,-9999.0000,-9999.0000,0.0
2291935.000,0.0545,-9999.0000,0.7928,-9999.0000,-9999.0000,0.1150,0.1640,-9999.0000,-9999.0000,0.0451,0.0
2292166.000,0.0967,-9999.0000,0.8877,0.2564,-9999.0000,0.0870,0.0749,-9999.0000,-9999.0000,0.0449,0.0
2292397.000,0.0595,-9999.0000,0.7973,0.0882,-9999.0000,0.0879,0.0938,-9999.0000,-9999.0000,-9999.0000,0.0
2292629.000,0.0782,-9999.0000,0.7890,-9999.0000,-9999.0000,0.0414,0.1022,-9999.0000,-9999.0000,-9999.0000,0.0
2292860.000,0.0918,-9999.0000,0.8421,0.2557,-9999.0000,0.0776,0.1455,0.1396,-9999.0000,-9999.0000,0.0
2293091.000,0.1247,-9999.0000,0.9692,-9999.0000,-9999.0000,0.0593,0.1191,-9999.0000,0.1077,0.0449,0.0
2293322.000,0.1162,-9999.0000,0.9000,0.1069,-9999.0000,0.1433,0.1206,-9999.0000,-9999.0000,-9999.0000,0.0
2293553.000,0.0927,-9999.0000,0.8571,-9999.0000,-9999.0000,0.0787,0.0942,-9999.0000,-9999.0000,0.0824,0.0
2293785.000,0.1198,-9999.0000,0.8212,-9999.0000,-9999.0000,-9999.0000,0.2425,-9999.0000,-9999.0000,-9999.0000,0.0
2294016.000,0.1029,-9999.0000,0.8055,0.1088,-9999.0000,0.1819,0.0776,0.1243,-9999.0000,-9999.0000,0.0
2294247.000,0.1211,-9999.0000,0.8472,-9999.0000,-9999.0000,0.1342,0.1121,-9999.0000,-9999.0000,-9999.0000,0.0
2294478.000,0.1268,-9999.0000,0.9702,0.1282,-9999.0000,0.0798,0.1496,-9999.0000,-9999.0000,-9999.0000,0.0
2294709.000,0.1388,-9999.0000,0.9112,-9999.0000,-9999.0000,0.1236,0.2344,-9999.0000,0.0850,0.0816,0.0
2294985.000,0.1207,-9999.0000,0.9420,0.0872,-9999.0000,0.0968,0.1028,-9999.0000,-9999.0000,-9999.0000,0.0
2295216.000,0.0983,-9999.0000,0.8227,0.1665,-9999.0000,0.1358,0.0872,0.1153,-9999.0000,-9999.0000,0.0
2295447.000,0.1437,-9999.0000,0.9229,-9999.0000,-9999.0000,0.1331,0.1819,-9999.0000,-9999.0000,-9999.0000,0.0
2295678.000,0.0961,-9999.0000,0.8230,-9999.0000,-9999.0000,0.0863,0.1011,-9999.0000,-9999.0000,0.0449,0.0
2295909.000,0.0447,-9999.0000,0.9403,0.2350,-9999.0000,0.1230,0.0836,-9999.0000,-9999.0000,-9999.0000,0.0
2296141.000,0.0869,-9999.0000,0.8347,-9999.0000,-9999.0000,0.1049,0.1456,0.1107,-9999.0000,-9999.0000,0.0
2296372.000,0.1412,-9999.0000,0.9313,-9999.0000,-9999.0000,0.0799,0.1411,-9999.0000,-9999.0000,-9999.0000,0.0
2296603.000,0.0912,-9999.0000,0.7921,-9999.0000,-9999.0000,0.0496,0.0570,-9999.0000,-9999.0000,-9999.0000,0.0
2296834.000,0.0692,-9999.0000,0.9088,0.1072,-9999.0000,-9999.0000,0.1309,-9999.0000,-9999.0000,0.0831,0.0
2297065.000,0.0631,-9999.0000,0.8736,-9999.0000,-9999.0000,0.0860,0.0833,-9999.0000,-9999.0000,-9999.0000,0.0
2297297.000,0.1309,-9999.0000,0.9548,-9999.0000,-9999.0000,0.0330,0.0866,-9999.0000,-9999.0000,-9999.0000,0.0
2297528.000,0.1580,-9999.0000,0.8515,-9999.0000,-9999.0000,-9999.0000,0.0498,-9999.0000,-9999.0000,-9999.0000,0.0
2297759.000,0.1438,-9999.0000,0.8510,-9999.0000,-9999.0000,0.0598,0.0852,-9999.0000,-9999.0000,-9999.0000,0.0
2297990.000,0.0831,-9999.0000,0.9195,0.0872,-9999.0000,0.0602,0.1126,-9999.0000,-9999.0000,-9999.0000,0.0
2298221.000,0.0781,-9999.0000,0.9406,-9999.0000,-9999.0000,0.1152,0.0589,-9999.0000,-9999.0000,-9999.0000,0.0
2298453.000,0.1152,-9999.0000,0.9007,0.2357,-9999.0000,0.0686,0.1024,-9999.0000,-9999.0000,-9999.0000,0.0
2298684.000,0.1252,-9999.0000,0.9451,-9999.0000,-9999.0000,0.0415,0.1121,-9999.0000,-9999.0000,-9999.0000,0.0
2298915.000,0.0767,-9999.0000,0.8394,0.1012,-9999.0000,-9999.0000,0.1703,-9999.0000,-9999.0000,-9999.0000,0.0
2299146.000,0.0503,-9999.0000,0.9970,-9999.0000,-9999.0000,-9999.0000,0.2203,-9999.0000,-9999.0000,-9999.0000,0.0
2299377.000,0.0863,-9999.0000,0.8434,-9999.0000,-9999.0000,0.0313,0.0748,0.0911,-9999.0000,-9999.0000,0.0
2299609.000,0.0692,-9999.0000,0.9930,0.1638,-9999.0000,0.0330,0.0513,-9999.0000,-9999.0000,-9999.0000,0.0
2299840.000,0.0967,-9999.0000,0.8937,-9999.0000,-9999.0000,-9999.0000,0.0677,-9999.0000,-9999.0000,0.0461,0.0
2300071.000,0.0687,-9999.0000,0.9454,-9999.0000,-9999.0000,0.0416,0.0504,-9999.0000,-9999.0000,-9999.0000,0.0
2300302.000,0.1210,-9999.0000,0.9120,0.1252,-9999.0000,0.0790,0.0690,-9999.0000,-9999.0000,-9999.0000,0.0
2300533.000,0.0548,-9999.0000,0.8664,-9999.0000,-9999.0000,0.0512,0.1043,-9999.0000,-9999.0000,-9999.0000,0.0
2300765.000,0.1158,-9999.0000,1.0140,-9999.0000,-9999.0000,0.0600,-9999.0000,-9999.0000,-9999.0000,-9999.0000,0.0
2300996.000,0.1059,-9999.0000,1.1062,-9999.0000,-9999.0000,-9999.0000,-9999.0000,0.0935,-9999.0000,-9999.0000,0.0
2301227.000,0.1015,-9999.0000,1.0121,-9999.0000,0.0675,0.1425,0.1212,-9999.0000,-9999.0000,-9999.0000,0.0
2301458.000,0.1215,-9999.0000,1.0689,0.1070,-9999.0000,0.1073,0.0520,-9999.0000,-9999.0000,-9999.0000,0.0
2301689.000,0.1240,-9999.0000,1.0748,-9999.0000,-9999.0000,0.1320,0.1022,-9999.0000,-9999.0000,-9999.0000,0.0
2301921.000,0.0772,-9999.0000,0.9382,-9999.0000,-9999.0000,0.0863,0.1635,-9999.0000,-9999.0000,-9999.0000,0.0
2302152.000,0.1203,-9999.0000,1.0463,-9999.0000,-9999.0000,0.0691,0.1479,-9999.0000,0.0872,-9999.0000,0.0
2302383.000,0.0778,-9999.0000,0.8733,-9999.0000,-9999.0000,0.1238,0.1299,-9999.0000,-9999.0000,-9999.0000,0.0
2302614.000,0.1148,-9999.0000,0.9123,0.1027,-9999.0000,0.0684,0.1027,-9999.0000,0.1095,-9999.0000,0.0
2302845.000,0.0916,-9999.0000,1.0066,0.1782,-9999.0000,0.0960,0.0678,-9999.0000,-9999.0000,-9999.0000,0.0
2303077.000,0.1019,-9999.0000,0.8851,-9999.0000,-9999.0000,0.0880,0.1047,-9999.0000,-9999.0000,-9999.0000,0.0
2303308.000,0.0684,-9999.0000,1.0290,-9999.0000,-9999.0000,0.1422,0.0859,-9999.0000,0.1450,-9999.0000,0.0
2303539.000,0.0684,-9999.0000,1.1262,-9999.0000,-9999.0000,0.0781,0.1653,-9999.0000,-9999.0000,-9999.0000,0.0
2303770.000,0.1210,-9999.0000,1.0591,-9999.0000,0.0588,0.0514,0.1230,-9999.0000,-9999.0000,-9999.0000,0.0
2304001.000,0.1057,-9999.0000,1.0842,-9999.0000,-9999.0000,0.0412,0.1033,-9999.0000,-9999.0000,-9999.0000,0.0
2304233.000,0.0928,-9999.0000,1.0899,-9999.0000,-9999.0000,0.1069,0.2210,-9999.0000,-9999.0000,-9999.0000,0.0
2304464.000,0.1148,-9999.0000,1.0190,-9999.0000,-9999.0000,0.1050,0.1294,-9999.0000,-9999.0000,-9999.0000,0.0
2304785.000,-9999.0000,2.2196,0.4919,0.1534,0.1329,-9999.0000,0.2371,0.1043,-9999.0000,0.0395,0.0
2305016.000,0.0318,2.0220,0.9976,0.3178,0.7455,0.0339,0.2773,0.1580,-9999.0000,-9999.0000,0.0
2305247.000,-9999.0000,-9999.0000,-9999.0000,-9999.0000,-9999.0000,-9999.0000,-9999.0000,-9999.0000,-9999.0000,-9999.0000,1.0
2305479.000,-9999.0000,-9999.0000,-9999.0000,-9999.0000,-9999.0000,-9999.0000,-9999.0000,-9999.0000,-9999.0000,-9999.0000,1.0
2305710.000,-9999.0000,-9999.0000,-9999.0000,-9999.0000,-9999.0000,-9999.0000,-9999.0000,-9999.0000,-9999.0000,-9999.0000,1.0
2305941.000,-9999.0000,-9999.0000,-9999.0000,-9999.0000,-9999.0000,-9999.0000,-9999.0000,-9999.0000,-9999.0000,-9999.0000,1.0
2306172.000,-9999.0000,-9999.0000,-9999.0000,-9999.0000,-9999.0000,-9999.0000,-9999.0000,-9999.0000,-9999.0000,-9999.0000,1.0
2306403.000,-9999.0000,-9999.0000,-9999.0000,-9999.0000,-9999.0000,-9999.0000,-9999.0000,-9999.0000,-9999.0000,-9999.0000,1.0
2306712.000,0.0847,-9999.0000,1.0001,0.1699,-9999.0000,0.0391,0.2372,-9999.0000,-9999.0000,-9999.0000,0.0
2306944.000,0.1458,-9999.0000,1.1155,-9999.0000,-9999.0000,0.0944,0.1537,-9999.0000,-9999.0000,-9999.0000,0.0
2307175.000,0.1179,-9999.0000,1.1087,-9999.0000,0.0824,-9999.0000,0.1360,0.0918,-9999.0000,-9999.0000,0.0
2307406.000,0.0724,-9999.0000,1.1762,0.1007,0.0557,0.0770,0.1376,-9999.0000,-9999.0000,-9999.0000,0.0
2307637.000,0.1003,-9999.0000,1.0611,-9999.0000,-9999.0000,0.0680,0.1028,-9999.0000,-9999.0000,-9999.0000,0.0
2307868.000,0.1233,-9999.0000,1.3476,-9999.0000,-9999.0000,0.0678,0.1548,-9999.0000,-9999.0000,0.0463,0.0
2308100.000,0.0995,-9999.0000,1.1865,0.0990,0.0547,0.0943,0.1016,-9999.0000,0.0975,-9999.0000,0.0
2308331.000,0.1110,-9999.0000,1.2733,-9999.0000,0.1234,-9999.0000,0.1142,-9999.0000,-9999.0000,-9999.0000,0.0
2308562.000,0.1215,-9999.0000,1.2454,0.0967,-9999.0000,0.0304,0.0828,-9999.0000,-9999.0000,-9999.0000,0.0
2308793.000,0.0991,-9999.0000,1.0519,-9999.0000,0.1001,0.0308,0.0664,-9999.0000,-9999.0000,-9999.0000,0.0
2309024.000,0.0715,-9999.0000,1.1949,-9999.0000,0.0632,-9999.0000,0.1010,0.1680,-9999.0000,-9999.0000,0.0
2309256.000,0.0914,-9999.0000,1.2698,-9999.0000,-9999.0000,-9999.0000,0.1126,-9999.0000,-9999.0000,-9999.0000,0.0
2309487.000,0.0867,-9999.0000,1.1914,-9999.0000,0.0654,0.0503,-9999.0000,-9999.0000,-9999.0000,-9999.0000,0.0
2309718.000,0.0952,-9999.0000,1.1283,-9999.0000,0.1013,0.0315,0.0764,-9999.0000,-9999.0000,-9999.0000,0.0
2309949.000,0.1144,-9999.0000,1.1311,-9999.0000,-9999.0000,0.0410,0.0598,-9999.0000,-9999.0000,-9999.0000,0.0
2310180.000,0.1332,-9999.0000,1.1764,-9999.0000,-9999.0000,0.0321,-9999.0000,-9999.0000,-9999.0000,0.0471,0.0
2310412.000,0.1234,-9999.0000,1.0074,-9999.0000,-9999.0000,-9999.0000,0.0858,-9999.0000,-9999.0000,0.0468,0.0
2310643.000,0.1007,-9999.0000,1.1930,-9999.0000,0.0934,-9999.0000,0.1042,-9999.0000,-9999.0000,-9999.0000,0.0
2310874.000,0.1042,-9999.0000,1.1344,-9999.0000,-9999.0000,-9999.0000,0.0936,-9999.0000,-9999.0000,0.0463,0.0
2311105.000,0.1170,-9999.0000,1.2464,-9999.0000,0.0898,-9999.0000,-9999.0000,-9999.0000,-9999.0000,0.0456,0.0
2311336.000,0.0953,-9999.0000,1.0999,-9999.0000,0.0733,-9999.0000,0.0506,-9999.0000,-9999.0000,-9999.0000,0.0
2311568.000,0.1282,-9999.0000,1.1298,-9999.0000,0.1112,-9999.0000,0.1212,-9999.0000,-9999.0000,-9999.0000,0.0
2311799.000,0.1139,-9999.0000,1.2318,-9999.0000,0.0735,0.0317,0.1294,-9999.0000,-9999.0000,-9999.0000,0.0
2312030.000,0.1401,-9999.0000,1.1672,-9999.0000,-9999.0000,-9999.0000,0.1011,-9999.0000,-9999.0000,-9999.0000,0.0
2312261.000,0.1642,-9999.0000,1.2163,-9999.0000,0.0543,0.0494,0.0592,-9999.0000,-9999.0000,-9999.0000,0.0
2312492.000,0.1194,-9999.0000,1.1789,-9999.0000,-9999.0000,-9999.0000,0.0521,0.0962,0.0774,-9999.0000,0.0
2312724.000,0.0911,-9999.0000,1.1540,-9999.0000,0.0832,0.0411,-9999.0000,-9999.0000,-9999.0000,-9999.0000,0.0
2312955.000,0.1006,-9999.0000,1.1962,-9999.0000,-9999.0000,0.0595,-9999.0000,-9999.0000,-9999.0000,0.0475,0.0
2313186.000,0.0680,-9999.0000,1.3494,-9999.0000,-9999.0000,-9999.0000,0.0956,-9999.0000,-9999.0000,-9999.0000,0.0
2313417.000,0.1327,-9999.0000,1.2198,-9999.0000,-9999.0000,-9999.0000,-9999.0000,-9999.0000,-9999.0000,-9999.0000,0.0
2313648.000,0.0855,-9999.0000,1.0596,-9999.0000,-9999.0000,-9999.0000,-9999.0000,-9999.0000,-9999.0000,-9999.0000,0.0
2313880.000,0.0991,-9999.0000,1.0661,-9999.0000,-9999.0000,-9999.0000,0.1020,-9999.0000,-9999.0000,-9999.0000,0.0
2314111.000,0.0980,-9999.0000,1.0947,-9999.0000,-9999.0000,-9999.0000,0.0658,-9999.0000,-9999.0000,-9999.0000,0.0
2314342.000,0.0768,-9999.0000,1.1637,-9999.0000,-9999.0000,-9999.0000,-9999.0000,-9999.0000,-9999.0000,0.0472,0.0
2314573.000,0.1046,-9999.0000,1.1544,-9999.0000,-9999.0000,-9999.0000,-9999.0000,-9999.0000,-9999.0000,-9999.0000,0.0
2314804.000,0.0857,-9999.0000,1.2051,-9999.0000,-9999.0000,-9999.0000,0.0856,-9999.0000,-9999.0000,-9999.0000,0.0
2315036.000,0.1092,-9999.0000,1.1636,-9999.0000,-9999.0000,-9999.0000,-9999.0000,-9999.0000,-9999.0000,-9999.0000,0.0
2315267.000,0.1213,-9999.0000,1.4053,0.1138,-9999.0000,-9999.0000,0.0583,-9999.0000,-9999.0000,-9999.0000,0.0
2315498.000,0.1161,-9999.0000,1.2876,-9999.0000,-9999.0000,-9999.0000,-9999.0000,-9999.0000,-9999.0000,-9999.0000,0.0
2315729.000,0.0989,-9999.0000,1.1873,-9999.0000,-9999.0000,-9999.0000,-9999.0000,-9999.0000,-9999.0000,-9999.0000,0.0
2315960.000,0.0936,-9999.0000,1.2106,-9999.0000,-9999.0000,-9999.0000,0.0751,-9999.0000,-9999.0000,-9999.0000,0.0
2316192.000,0.1255,-9999.0000,1.2491,-9999.0000,-9999.0000,-9999.0000,0.0666,-9999.0000,0.0751,-9999.0000,0.0
2316423.000,0.0895,-9999.0000,1.1412,-9999.0000,-9999.0000,-9999.0000,0.0845,-9999.0000,-9999.0000,-9999.0000,0.0
2316654.000,0.0761,-9999.0000,1.1508,-9999.0000,-9999.0000,-9999.0000,-9999.0000,-9999.0000,-9999.0000,-9999.0000,0.0
2316885.000,0.0944,-9999.0000,1.0891,-9999.0000,-9999.0000,-9999.0000,0.0680,-9999.0000,-9999.0000,-9999.0000,0.0
2317116.000,0.0937,-9999.0000,1.1699,-9999.0000,-9999.0000,-9999.0000,-9999.0000,-9999.0000,-9999.0000,-9999.0000,0.0
2317348.000,0.0998,-9999.0000,1.1950,-9999.0000,-9999.0000,-9999.0000,-9999.0000,-9999.0000,-9999.0000,-9999.0000,0.0
2317579.000,0.1273,-9999.0000,1.2549,-9999.0000,-9999.0000,-9999.0000,-9999.0000,-9999.0000,-9999.0000,-9999.0000,0.0
2317810.000,0.1177,-9999.0000,1.2410,-9999.0000,-9999.0000,-9999.0000,-9999.0000,-9999.0000,-9999.0000,-9999.0000,0.0
2318041.000,0.0935,-9999.0000,1.2991,-9999.0000,-9999.0000,-9999.0000,-9999.0000,-9999.0000,-9999.0000,-9999.0000,0.0
2318273.000,0.0623,-9999.0000,1.2564,-9999.0000,-9999.0000,0.0312,-9999.0000,-9999.0000,-9999.0000,-9999.0000,0.0
2318504.000,0.1445,-9999.0000,1.0292,-9999.0000,-9999.0000,-9999.0000,0.1024,-9999.0000,-9999.0000,-9999.0000,0.0
2318735.000,0.0614,-9999.0000,1.0671,-9999.0000,-9999.0000,-9999.0000,0.0664,-9999.0000,-9999.0000,-9999.0000,0.0
2318966.000,0.0809,-9999.0000,1.3894,-9999.0000,0.0716,0.0315,-9999.0000,-9999.0000,-9999.0000,-9999.0000,0.0
2319197.000,0.1230,-9999.0000,1.2396,-9999.0000,-9999.0000,-9999.0000,-9999.0000,-9999.0000,-9999.0000,-9999.0000,0.0
2319428.000,0.0717,-9999.0000,1.1738,-9999.0000,-9999.0000,-9999.0000,0.1381,-9999.0000,-9999.0000,-9999.0000,0.0
2319660.000,0.0671,-9999.0000,1.1825,-9999.0000,-9999.0000,-9999.0000,-9999.0000,-9999.0000,-9999.0000,-9999.0000,0.0
2319891.000,0.1052,-9999.0000,1.1237,-9999.0000,-9999.0000,-9999.0000,0.0622,-9999.0000,-9999.0000,-9999.0000,0.0
2320122.000,0.0625,-9999.0000,1.2820,-9999.0000,-9999.0000,-9999.0000,-9999.0000,-9999.0000,-9999.0000,-9999.0000,0.0
2320483.000,-9999.0000,-9999.0000,-9999.0000,-9999.0000,-9999.0000,-9999.0000,-9999.0000,-9999.0000,-9999.0000,-9999.0000,1.0
2320715.000,-9999.0000,-9999.0000,-9999.0000,-9999.0000,-9999.0000,-9999.0000,-9999.0000,-9999.0000,-9999.0000,-9999.0000,1.0
2320946.000,-9999.0000,-9999.0000,-9999.0000,-9999.0000,-9999.0000,-9999.0000,-9999.0000,-9999.0000,-9999.0000,-9999.0000,1.0
2321177.000,-9999.0000,-9999.0000,-9999.0000,-9999.0000,-9999.0000,-9999.0000,-9999.0000,-9999.0000,-9999.0000,-9999.0000,1.0
2321408.000,-9999.0000,-9999.0000,-9999.0000,-9999.0000,-9999.0000,-9999.0000,-9999.0000,-9999.0000,-9999.0000,-9999.0000,1.0
2321639.000,-9999.0000,-9999.0000,-9999.0000,-9999.0000,-9999.0000,-9999.0000,-9999.0000,-9999.0000,-9999.0000,-9999.0000,1.0
2321871.000,-9999.0000,-9999.0000,-9999.0000,-9999.0000,-9999.0000,-9999.0000,-9999.0000,-9999.0000,-9999.0000,-9999.0000,1.0
2322178.000,0.0490,-9999.0000,1.4695,-9999.0000,0.0532,-9999.0000,-9999.0000,-9999.0000,-9999.0000,-9999.0000,0.0
2322409.000,0.0945,-9999.0000,1.4146,-9999.0000,-9999.0000,-9999.0000,-9999.0000,-9999.0000,-9999.0000,0.0478,0.0
2322641.000,0.1124,-9999.0000,1.5937,-9999.0000,-9999.0000,-9999.0000,0.0516,-9999.0000,-9999.0000,-9999.0000,0.0
2322872.000,0.1038,-9999.0000,1.4731,-9999.0000,0.0710,0.0406,-9999.0000,-9999.0000,-9999.0000,-9999.0000,0.0
2323103.000,0.0811,-9999.0000,1.4391,-9999.0000,-9999.0000,-9999.0000,0.0700,-9999.0000,-9999.0000,-9999.0000,0.0
2323334.000,0.0766,-9999.0000,1.1973,-9999.0000,-9999.0000,-9999.0000,-9999.0000,-9999.0000,-9999.0000,-9999.0000,0.0
2323565.000,0.0771,-9999.0000,1.4848,-9999.0000,-9999.0000,-9999.0000,-9999.0000,-9999.0000,-9999.0000,-9999.0000,0.0
2323797.000,0.0952,-9999.0000,1.3866,-9999.0000,-9999.0000,-9999.0000,-9999.0000,-9999.0000,-9999.0000,-9999.0000,0.0
2324028.000,0.0800,-9999.0000,1.3256,-9999.0000,-9999.0000,-9999.0000,-9999.0000,-9999.0000,-9999.0000,-9999.0000,0.0
2324259.000,0.1300,-9999.0000,1.3201,0.1117,-9999.0000,-9999.0000,-9999.0000,-9999.0000,-9999.0000,0.0473,0.0
2324490.000,0.1164,-9999.0000,1.1752,-9999.0000,-9999.0000,-9999.0000,0.0479,-9999.0000,-9999.0000,-9999.0000,0.0
2324721.000,0.1052,-9999.0000,1.3504,-9999.0000,-9999.0000,-9999.0000,0.0807,-9999.0000,-9999.0000,-9999.0000,0.0
2324953.000,0.0996,-9999.0000,1.3556,-9999.0000,-9999.0000,-9999.0000,-9999.0000,-9999.0000,-9999.0000,-9999.0000,0.0
2325184.000,0.1023,-9999.0000,1.4090,-9999.0000,-9999.0000,-9999.0000,0.0922,-9999.0000,-9999.0000,-9999.0000,0.0
2325415.000,0.0695,-9999.0000,1.3766,-9999.0000,-9999.0000,-9999.0000,-9999.0000,-9999.0000,-9999.0000,-9999.0000,0.0
2325646.000,0.0685,-9999.0000,1.5265,-9999.0000,-9999.0000,-9999.0000,0.1079,-9999.0000,-9999.0000,-9999.0000,0.0
2325877.000,0.1295,-9999.0000,1.3250,-9999.0000,-9999.0000,-9999.0000,0.0648,-9999.0000,-9999.0000,-9999.0000,0.0
2326109.000,0.0651,-9999.0000,1.4374,-9999.0000,-9999.0000,-9999.0000,0.0934,-9999.0000,-9999.0000,0.0516,0.0
2326340.000,0.1019,-9999.0000,1.3259,0.1396,-9999.0000,-9999.0000,-9999.0000,-9999.0000,-9999.0000,-9999.0000,0.0
2326571.000,0.0788,-9999.0000,1.2535,-9999.0000,-9999.0000,0.0434,0.1191,-9999.0000,-9999.0000,-9999.0000,0.0
2326802.000,0.0813,-9999.0000,1.2903,-9999.0000,-9999.0000,-9999.0000,0.0799,-9999.0000,-9999.0000,-9999.0000,0.0
2327033.000,0.1165,-9999.0000,1.3968,-9999.0000,-9999.0000,-9999.0000,-9999.0000,-9999.0000,-9999.0000,-9999.0000,0.0
2327265.000,0.0736,-9999.0000,1.2486,-9999.0000,0.0742,0.0520,-9999.0000,-9999.0000,-9999.0000,-9999.0000,0.0
2327496.000,0.0640,-9999.0000,1.3596,-9999.0000,0.0549,-9999.0000,0.0473,-9999.0000,-9999.0000,-9999.0000,0.0
2327727.000,0.1013,-9999.0000,1.2744,-9999.0000,-9999.0000,-9999.0000,0.0738,-9999.0000,-9999.0000,-9999.0000,0.0
2327958.000,0.1487,-9999.0000,1.3888,-9999.0000,-9999.0000,-9999.0000,-9999.0000,-9999.0000,-9999.0000,-9999.0000,0.0
2328190.000,0.0790,-9999.0000,1.2754,-9999.0000,-9999.0000,0.0345,-9999.0000,-9999.0000,-9999.0000,-9999.0000,0.0
2328421.000,0.1054,-9999.0000,1.2998,-9999.0000,-9999.0000,-9999.0000,-9999.0000,-9999.0000,-9999.0000,-9999.0000,0.0
2328652.000,0.1106,-9999.0000,1.3515,-9999.0000,-9999.0000,-9999.0000,0.1002,-9999.0000,-9999.0000,-9999.0000,0.0
2328883.000,0.1027,-9999.0000,1.3026,-9999.0000,-9999.0000,-9999.0000,0.0494,-9999.0000,-9999.0000,-9999.0000,0.0
2329114.000,0.1698,-9999.0000,1.3239,-9999.0000,0.0675,-9999.0000,0.1040,-9999.0000,-9999.0000,-9999.0000,0.0
2329346.000,0.1206,-9999.0000,1.3842,-9999.0000,0.0557,0.0432,0.1278,-9999.0000,-9999.0000,-9999.0000,0.0
2329577.000,0.1167,-9999.0000,1.2332,-9999.0000,-9999.0000,-9999.0000,0.0495,-9999.0000,-9999.0000,-9999.0000,0.0
2329808.000,0.0963,-9999.0000,1.2344,-9999.0000,-9999.0000,-9999.0000,-9999.0000,-9999.0000,-9999.0000,-9999.0000,0.0
2330039.000,0.1014,-9999.0000,1.4053,-9999.0000,0.1108,-9999.0000,-9999.0000,-9999.0000,-9999.0000,-9999.0000,0.0
2330270.000,0.0598,-9999.0000,1.2674,-9999.0000,0.0743,-9999.0000,-9999.0000,-9999.0000,-9999.0000,-9999.0000,0.0
2330502.000,0.1081,-9999.0000,1.2637,-9999.0000,-9999.0000,-9999.0000,-9999.0000,-9999.0000,-9999.0000,-9999.0000,0.0
2330733.000,0.1076,-9999.0000,1.2372,-9999.0000,0.0853,0.0349,-9999.0000,-9999.0000,-9999.0000,-9999.0000,0.0
2330964.000,0.1481,-9999.0000,1.2375,-9999.0000,-9999.0000,-9999.0000,-9999.0000,-9999.0000,-9999.0000,-9999.0000,0.0
2331195.000,0.1362,-9999.0000,1.2505,-9999.0000,-9999.0000,-9999.0000,-9999.0000,-9999.0000,-9999.0000,-9999.0000,0.0
2331426.000,0.1072,-9999.0000,1.3487,-9999.0000,-9999.0000,-9999.0000,-9999.0000,-9999.0000,-9999.0000,-9999.0000,0.0
2331658.000,0.0871,-9999.0000,1.3671,-9999.0000,-9999.0000,-9999.0000,-9999.0000,-9999.0000,-9999.0000,-9999.0000,0.0
2331889.000,0.0609,-9999.0000,1.3432,-9999.0000,-9999.0000,-9999.0000,-9999.0000,-9999.0000,-9999.0000,-9999.0000,0.0
2332120.000,0.1099,-9999.0000,1.4862,-9999.0000,-9999.0000,-9999.0000,0.1344,-9999.0000,-9999.0000,-9999.0000,0.0
2332351.000,0.1138,-9999.0000,1.4192,-9999.0000,0.1637,0.0361,0.0522,-9999.0000,-9999.0000,-9999.0000,0.0
2332582.000,0.1219,-9999.0000,1.3964,0.1229,-9999.0000,-9999.0000,0.1306,-9999.0000,-9999.0000,-9999.0000,0.0
2332814.000,0.1173,-9999.0000,1.4813,-9999.0000,0.1328,-9999.0000,0.0687,-9999.0000,-9999.0000,-9999.0000,0.0
2333045.000,0.1081,-9999.0000,1.2928,-9999.0000,0.1047,0.0354,0.0690,-9999.0000,-9999.0000,-9999.0000,0.0
2333276.000,0.0851,-9999.0000,1.4173,-9999.0000,-9999.0000,-9999.0000,-9999.0000,-9999.0000,-9999.0000,-9999.0000,0.0
2333507.000,0.1309,-9999.0000,1.3126,-9999.0000,0.0658,-9999.0000,0.0504,-9999.0000,-9999.0000,-9999.0000,0.0
2333738.000,0.0657,-9999.0000,1.4483,-9999.0000,-9999.0000,0.0634,0.1319,-9999.0000,-9999.0000,-9999.0000,0.0
2333970.000,0.0765,-9999.0000,1.3794,-9999.0000,0.0888,-9999.0000,0.0629,-9999.0000,-9999.0000,-9999.0000,0.0
2334201.000,0.0980,-9999.0000,1.3368,-9999.0000,0.1127,-9999.0000,0.1214,-9999.0000,-9999.0000,-9999.0000,0.0
2334432.000,0.0946,-9999.0000,1.4314,-9999.0000,0.0868,-9999.0000,0.1330,-9999.0000,-9999.0000,-9999.0000,0.0
2334663.000,0.0888,-9999.0000,1.4526,-9999.0000,0.1320,0.0535,0.0864,-9999.0000,-9999.0000,0.0530,0.0
2334894.000,0.0935,-9999.0000,1.3350,-9999.0000,0.1131,0.0995,0.0865,-9999.0000,-9999.0000,-9999.0000,0.0
2335126.000,0.1398,-9999.0000,1.2683,-9999.0000,0.0650,-9999.0000,0.1033,-9999.0000,-9999.0000,-9999.0000,0.0
2335357.000,0.0988,-9999.0000,1.3595,-9999.0000,0.0574,-9999.0000,-9999.0000,-9999.0000,-9999.0000,-9999.0000,0.0
2335588.000,0.1324,-9999.0000,1.4488,-9999.0000,0.1245,0.0453,-9999.0000,-9999.0000,-9999.0000,-9999.0000,0.0
2335819.000,0.0890,-9999.0000,1.3592,0.1228,-9999.0000,-9999.0000,-9999.0000,-9999.0000,-9999.0000,-9999.0000,0.0
2336050.000,0.0940,-9999.0000,1.0981,-9999.0000,0.1709,-9999.0000,0.0698,-9999.0000,-9999.0000,-9999.0000,0.0
2336282.000,0.0759,-9999.0000,1.1311,0.1070,0.1351,-9999.0000,-9999.0000,-9999.0000,-9999.0000,-9999.0000,0.0
2336513.000,0.0853,-9999.0000,1.2868,-9999.0000,-9999.0000,-9999.0000,-9999.0000,-9999.0000,-9999.0000,-9999.0000,0.0
2336744.000,0.0723,-9999.0000,1.1956,0.0913,-9999.0000,-9999.0000,-9999.0000,-9999.0000,-9999.0000,-9999.0000,0.0
2336975.000,0.1102,-9999.0000,1.1914,-9999.0000,0.1367,-9999.0000,-9999.0000,-9999.0000,-9999.0000,-9999.0000,0.0
2337206.000,0.0762,-9999.0000,1.2148,-9999.0000,0.1165,-9999.0000,-9999.0000,-9999.0000,-9999.0000,-9999.0000,0.0
2337438.000,0.1008,-9999.0000,1.2183,0.1285,0.0792,0.0374,-9999.0000,-9999.0000,-9999.0000,-9999.0000,0.0
2337669.000,0.1153,-9999.0000,1.3092,-9999.0000,0.0697,-9999.0000,-9999.0000,-9999.0000,-9999.0000,-9999.0000,0.0
2337900.000,0.1100,-9999.0000,1.2082,-9999.0000,-9999.0000,-9999.0000,-9999.0000,-9999.0000,-9999.0000,-9999.0000,0.0
2338131.000,0.1021,-9999.0000,1.1855,0.1318,0.1007,0.0290,-9999.0000,-9999.0000,-9999.0000,-9999.0000,0.0
2338362.000,0.1003,-9999.0000,1.2821,0.0888,0.0593,-9999.0000,-9999.0000,-9999.0000,-9999.0000,-9999.0000,0.0
2338594.000,0.1009,-9999.0000,1.0052,-9999.0000,0.1178,-9999.0000,-9999.0000,-9999.0000,-9999.0000,-9999.0000,0.0
2338825.000,0.1055,-9999.0000,1.1425,0.1088,-9999.0000,-9999.0000,-9999.0000,-9999.0000,-9999.0000,-9999.0000,0.0
2339056.000,0.0718,-9999.0000,1.3455,0.1086,0.1652,-9999.0000,-9999.0000,-9999.0000,-9999.0000,-9999.0000,0.0
2339287.000,0.0868,-9999.0000,1.2757,0.1103,0.0702,-9999.0000,-9999.0000,-9999.0000,-9999.0000,-9999.0000,0.0
2339518.000,0.0901,-9999.0000,1.3962,-9999.0000,0.0581,0.0365,-9999.0000,-9999.0000,-9999.0000,-9999.0000,0.0
2339750.000,0.1065,-9999.0000,1.1248,-9999.0000,-9999.0000,-9999.0000,-9999.0000,-9999.0000,-9999.0000,-9999.0000,0.0
2339981.000,0.0917,-9999.0000,1.2917,-9999.0000,-9999.0000,0.0474,-9999.0000,-9999.0000,-9999.0000,-9999.0000,0.0
2340212.000,0.0922,-9999.0000,1.1930,0.1310,-9999.0000,-9999.0000,-9999.0000,-9999.0000,-9999.0000,-9999.0000,0.0
2340443.000,0.0969,-9999.0000,1.2972,-9999.0000,0.0708,-9999.0000,-9999.0000,-9999.0000,-9999.0000,-9999.0000,0.0
2340674.000,0.1016,-9999.0000,1.1952,0.1691,0.1480,-9999.0000,-9999.0000,-9999.0000,-9999.0000,-9999.0000,0.0
2340906.000,0.1051,-9999.0000,1.1382,0.1269,0.0590,-9999.0000,-9999.0000,-9999.0000,-9999.0000,-9999.0000,0.0
2341137.000,0.0964,-9999.0000,1.2543,0.2257,0.0795,-9999.0000,-9999.0000,-9999.0000,-9999.0000,-9999.0000,0.0
2341368.000,0.0865,-9999.0000,1.0556,-9999.0000,-9999.0000,-9999.0000,-9999.0000,-9999.0000,-9999.0000,-9999.0000,0.0
2341599.000,0.0717,-9999.0000,1.2247,-9999.0000,-9999.0000,-9999.0000,-9999.0000,-9999.0000,-9999.0000,-9999.0000,0.0
2341830.000,0.1076,-9999.0000,1.2654,0.1526,0.1405,-9999.0000,-9999.0000,-9999.0000,-9999.0000,-9999.0000,0.0
2342062.000,0.1074,-9999.0000,1.2672,-9999.0000,0.0912,-9999.0000,-9999.0000,-9999.0000,-9999.0000,-9999.0000,0.0
2342293.000,0.0723,-9999.0000,1.1848,-9999.0000,-9999.0000,-9999.0000,-9999.0000,-9999.0000,-9999.0000,-9999.0000,0.0
2342524.000,0.0910,-9999.0000,1.3058,0.1273,-9999.0000,-9999.0000,-9999.0000,-9999.0000,-9999.0000,-9999.0000,0.0
2342755.000,0.0956,-9999.0000,1.1741,-9999.0000,-9999.0000,-9999.0000,-9999.0000,-9999.0000,-9999.0000,-9999.0000,0.0
2342986.000,0.0775,-9999.0000,1.2002,0.1687,-9999.0000,-9999.0000,-9999.0000,-9999.0000,-9999.0000,-9999.0000,0.0
2343218.000,0.1119,-9999.0000,1.1874,-9999.0000,0.0712,-9999.0000,-9999.0000,-9999.0000,-9999.0000,-9999.0000,0.0
2343449.000,0.1068,-9999.0000,1.2604,0.1697,0.0611,-9999.0000,0.0852,-9999.0000,-9999.0000,-9999.0000,0.0
2343680.000,0.1021,-9999.0000,1.1506,0.1115,0.0709,-9999.0000,-9999.0000,-9999.0000,-9999.0000,-9999.0000,0.0
2343911.000,0.0680,-9999.0000,1.1984,-9999.0000,-9999.0000,-9999.0000,-9999.0000,-9999.0000,-9999.0000,-9999.0000,0.0
2344142.000,0.1251,-9999.0000,1.1880,-9999.0000,-9999.0000,0.0755,-9999.0000,-9999.0000,-9999.0000,0.0571,0.0
2344374.000,0.0962,-9999.0000,0.9573,-9999.0000,0.0692,-9999.0000,-9999.0000,-9999.0000,-9999.0000,-9999.0000,0.0
2344605.000,0.0773,-9999.0000,1.2326,-9999.0000,-9999.0000,0.0288,-9999.0000,-9999.0000,-9999.0000,-9999.0000,0.0
2344836.000,0.0866,-9999.0000,0.9633,-9999.0000,-9999.0000,-9999.0000,0.0570,-9999.0000,-9999.0000,-9999.0000,0.0
2345067.000,0.1052,-9999.0000,1.2093,-9999.0000,-9999.0000,0.0655,-9999.0000,-9999.0000,-9999.0000,-9999.0000,0.0
2345298.000,0.1304,-9999.0000,1.1278,-9999.0000,-9999.0000,-9999.0000,-9999.0000,-9999.0000,-9999.0000,-9999.0000,0.0
2345530.000,0.0776,-9999.0000,1.1764,0.0911,-9999.0000,0.0385,-9999.0000,-9999.0000,-9999.0000,-9999.0000,0.0
2345761.000,0.1062,-9999.0000,1.1627,0.1097,-9999.0000,-9999.0000,0.0486,-9999.0000,-9999.0000,-9999.0000,0.0
2345992.000,0.1370,-9999.0000,1.2672,-9999.0000,-9999.0000,-9999.0000,0.0504,-9999.0000,-9999.0000,-9999.0000,0.0
2346223.000,0.0920,-9999.0000,1.1460,-9999.0000,0.1087,0.0291,-9999.0000,-9999.0000,-9999.0000,-9999.0000,0.0
2346454.000,0.0871,-9999.0000,1.2304,-9999.0000,-9999.0000,-9999.0000,-9999.0000,-9999.0000,-9999.0000,-9999.0000,0.0
2346686.000,0.0934,-9999.0000,1.1849,-9999.0000,0.0625,0.0398,-9999.0000,-9999.0000,-9999.0000,-9999.0000,0.0
2346917.000,0.1398,-9999.0000,1.1915,-9999.0000,-9999.0000,0.0383,-9999.0000,-9999.0000,-9999.0000,-9999.0000,0.0
2347148.000,0.1123,-9999.0000,1.1775,-9999.0000,-9999.0000,-9999.0000,0.0778,-9999.0000,-9999.0000,-9999.0000,0.0
2347379.000,0.1305,-9999.0000,1.2542,0.1097,-9999.0000,-9999.0000,-9999.0000,-9999.0000,-9999.0000,-9999.0000,0.0
2347610.000,0.1018,-9999.0000,1.1319,-9999.0000,-9999.0000,0.0387,0.0585,-9999.0000,-9999.0000,-9999.0000,0.0
2347842.000,0.1262,-9999.0000,1.2756,-9999.0000,-9999.0000,-9999.0000,0.0680,-9999.0000,-9999.0000,-9999.0000,0.0
2348073.000,0.0958,-9999.0000,1.1271,-9999.0000,-9999.0000,0.0658,-9999.0000,-9999.0000,-9999.0000,-9999.0000,0.0
2348304.000,0.0868,-9999.0000,1.3593,-9999.0000,-9999.0000,-9999.0000,0.0579,-9999.0000,-9999.0000,-9999.0000,0.0
2348535.000,0.0815,-9999.0000,1.2968,-9999.0000,0.0682,0.0285,0.0843,-9999.0000,-9999.0000,-9999.0000,0.0
2348766.000,0.0828,-9999.0000,1.1118,0.1694,-9999.0000,-9999.0000,-9999.0000,-9999.0000,-9999.0000,-9999.0000,0.0
2348998.000,0.1338,-9999.0000,1.0250,-9999.0000,0.0581,0.0376,-9999.0000,-9999.0000,-9999.0000,-9999.0000,0.0
2349229.000,0.1196,-9999.0000,1.1799,-9999.0000,0.0678,0.0283,0.0752,-9999.0000,-9999.0000,-9999.0000,0.0
2349460.000,0.0926,-9999.0000,1.3501,-9999.0000,-9999.0000,0.0487,0.0596,-9999.0000,-9999.0000,-9999.0000,0.0
2349691.000,0.0825,-9999.0000,1.1985,-9999.0000,-9999.0000,0.1333,0.1137,-9999.0000,-9999.0000,-9999.0000,0.0
2349922.000,0.0634,-9999.0000,1.2335,0.1694,-9999.0000,0.0581,0.0688,-9999.0000,-9999.0000,-9999.0000,0.0
2350154.000,0.1010,-9999.0000,1.2427,-9999.0000,-9999.0000,0.0664,0.0491,-9999.0000,-9999.0000,-9999.0000,0.0
2350385.000,0.1153,-9999.0000,1.1270,-9999.0000,-9999.0000,0.0569,0.1393,-9999.0000,-9999.0000,-9999.0000,0.0
2350616.000,0.1446,-9999.0000,1.3917,-9999.0000,-9999.0000,0.0573,0.0496,-9999.0000,-9999.0000,-9999.0000,0.0
2350847.000,0.0676,-9999.0000,1.1998,-9999.0000,-9999.0000,0.0290,0.1037,-9999.0000,-9999.0000,-9999.0000,0.0
2351078.000,0.1023,-9999.0000,1.2498,0.1889,-9999.0000,0.1056,0.1056,-9999.0000,-9999.0000,-9999.0000,0.0
2351310.000,0.1300,-9999.0000,1.1797,-9999.0000,0.1168,0.0572,0.1400,-9999.0000,-9999.0000,-9999.0000,0.0
2351541.000,0.1337,-9999.0000,1.2183,-9999.0000,-9999.0000,0.0284,0.0845,-9999.0000,-9999.0000,-9999.0000,0.0
2351772.000,0.1247,-9999.0000,1.1495,-9999.0000,-9999.0000,-9999.0000,0.0942,-9999.0000,-9999.0000,-9999.0000,0.0
2352003.000,0.1009,-9999.0000,1.1009,-9999.0000,0.0681,0.0569,0.1395,-9999.0000,-9999.0000,-9999.0000,0.0
2352234.000,0.1262,-9999.0000,1.2107,-9999.0000,-9999.0000,0.1147,0.1509,-9999.0000,-9999.0000,-9999.0000,0.0
2352466.000,0.1017,-9999.0000,1.5825,-9999.0000,-9999.0000,-9999.0000,0.1140,-9999.0000,-9999.0000,-9999.0000,0.0
2352697.000,0.1366,-9999.0000,1.1728,-9999.0000,-9999.0000,0.0681,0.1886,-9999.0000,-9999.0000,-9999.0000,0.0
2352928.000,0.1205,-9999.0000,1.3502,-9999.0000,-9999.0000,0.0573,0.1133,-9999.0000,-9999.0000,-9999.0000,0.0
2353159.000,0.0889,-9999.0000,1.3482,-9999.0000,0.0722,0.0978,0.1634,-9999.0000,-9999.0000,-9999.0000,0.0
2353390.000,0.1378,-9999.0000,1.1450,-9999.0000,-9999.0000,0.0309,0.1542,-9999.0000,-9999.0000,-9999.0000,0.0
2353622.000,0.0677,-9999.0000,1.2164,-9999.0000,-9999.0000,0.0480,0.1226,-9999.0000,-9999.0000,-9999.0000,0.0
2353853.000,0.1223,-9999.0000,1.2274,-9999.0000,-9999.0000,0.0304,0.0980,-9999.0000,-9999.0000,-9999.0000,0.0
2354084.000,0.0689,-9999.0000,1.1584,-9999.0000,-9999.0000,0.0495,0.1533,-9999.0000,-9999.0000,-9999.0000,0.0
2354315.000,0.0917,-9999.0000,1.1068,-9999.0000,-9999.0000,-9999.0000,0.0866,-9999.0000,-9999.0000,-9999.0000,0.0
2354546.000,0.1009,-9999.0000,1.2556,-9999.0000,-9999.0000,-9999.0000,0.1400,-9999.0000,-9999.0000,-9999.0000,0.0
2354778.000,0.1017,-9999.0000,1.1764,-9999.0000,-9999.0000,0.0295,0.0509,-9999.0000,-9999.0000,-9999.0000,0.0
2355009.000,0.1279,-9999.0000,1.3262,-9999.0000,0.1011,-9999.0000,0.1083,-9999.0000,-9999.0000,-9999.0000,0.0
2355240.000,0.0681,-9999.0000,1.3397,-9999.0000,-9999.0000,0.0392,0.1331,-9999.0000,-9999.0000,-9999.0000,0.0
2355471.000,0.0789,-9999.0000,1.2382,-9999.0000,0.0520,-9999.0000,0.0807,-9999.0000,-9999.0000,-9999.0000,0.0
2355702.000,0.0743,-9999.0000,1.3294,-9999.0000,-9999.0000,-9999.0000,0.1365,-9999.0000,-9999.0000,-9999.0000,0.0
2355934.000,0.0489,-9999.0000,1.0909,-9999.0000,0.0695,0.1243,-9999.0000,-9999.0000,-9999.0000,-9999.0000,0.0
2356165.000,0.1028,-9999.0000,1.4340,-9999.0000,0.0999,0.0495,0.0893,-9999.0000,-9999.0000,-9999.0000,0.0
2356396.000,0.0979,-9999.0000,1.2359,-9999.0000,-9999.0000,0.0589,0.1623,-9999.0000,-9999.0000,0.0605,0.0
2356627.000,0.1122,-9999.0000,1.1668,-9999.0000,0.0992,0.0681,-9999.0000,-9999.0000,-9999.0000,-9999.0000,0.0
2356859.000,0.1416,-9999.0000,1.3827,-9999.0000,-9999.0000,0.0590,0.0985,-9999.0000,-9999.0000,-9999.0000,0.0
2357090.000,0.0683,-9999.0000,1.1675,-9999.0000,-9999.0000,-9999.0000,0.0702,-9999.0000,-9999.0000,-9999.0000,0.0
2357321.000,0.1122,-9999.0000,1.3632,-9999.0000,-9999.0000,-9999.0000,0.0799,-9999.0000,-9999.0000,0.0604,0.0
2357552.000,0.1164,-9999.0000,1.3304,-9999.0000,-9999.0000,-9999.0000,0.0701,-9999.0000,-9999.0000,-9999.0000,0.0
2357783.000,0.0774,-9999.0000,1.1991,-9999.0000,-9999.0000,0.0389,0.1238,-9999.0000,-9999.0000,-9999.0000,0.0
2358015.000,0.1468,-9999.0000,1.2095,-9999.0000,0.0806,0.0497,0.1266,-9999.0000,-9999.0000,0.0610,0.0
2358246.000,0.1114,-9999.0000,1.2281,-9999.0000,-9999.0000,-9999.0000,0.1153,-9999.0000,-9999.0000,0.0600,0.0
2358477.000,0.1025,-9999.0000,1.1116,-9999.0000,0.0796,-9999.0000,0.0528,-9999.0000,-9999.0000,-9999.0000,0.0
2358708.000,0.0871,-9999.0000,1.1846,-9999.0000,-9999.0000,0.1048,0.1874,-9999.0000,-9999.0000,-9999.0000,0.0
2358939.000,0.0781,-9999.0000,1.1891,-9999.0000,-9999.0000,-9999.0000,0.1254,-9999.0000,-9999.0000,-9999.0000,0.0
2359171.000,0.0636,-9999.0000,1.2503,0.1682,-9999.0000,0.0302,0.0800,-9999.0000,-9999.0000,-9999.0000,0.0
2359402.000,0.1066,-9999.0000,1.2536,0.1667,-9999.0000,-9999.0000,0.0884,-9999.0000,-9999.0000,-9999.0000,0.0
2359633.000,0.0878,-9999.0000,1.3454,-9999.0000,-9999.0000,-9999.0000,0.1074,-9999.0000,-9999.0000,-9999.0000,0.0
2359864.000,0.0634,-9999.0000,1.2820,-9999.0000,-9999.0000,0.0395,-9999.0000,-9999.0000,0.0857,-9999.0000,0.0
2360095.000,0.1035,-9999.0000,1.1748,-9999.0000,-9999.0000,0.0502,0.0727,-9999.0000,-9999.0000,-9999.0000,0.0
2360327.000,0.0923,-9999.0000,1.2752,-9999.0000,-9999.0000,-9999.0000,0.0525,-9999.0000,-9999.0000,-9999.0000,0.0
2360558.000,0.0785,-9999.0000,1.1710,-9999.0000,-9999.0000,-9999.0000,0.1541,-9999.0000,0.0987,-9999.0000,0.0
2360789.000,0.0939,-9999.0000,1.1925,-9999.0000,-9999.0000,-9999.0000,0.0915,-9999.0000,-9999.0000,-9999.0000,0.0
2361020.000,0.1066,-9999.0000,1.2485,-9999.0000,-9999.0000,0.0488,0.0525,-9999.0000,-9999.0000,-9999.0000,0.0
2361251.000,0.1078,-9999.0000,1.2392,-9999.0000,-9999.0000,-9999.0000,-9999.0000,-9999.0000,-9999.0000,-9999.0000,0.0
2361483.000,0.1467,-9999.0000,1.2088,-9999.0000,-9999.0000,-9999.0000,-9999.0000,-9999.0000,-9999.0000,-9999.0000,0.0
2361714.000,0.0591,-9999.0000,1.1864,-9999.0000,-9999.0000,0.0687,0.0904,-9999.0000,-9999.0000,-9999.0000,0.0
2361945.000,0.1519,-9999.0000,1.3027,-9999.0000,0.0609,0.0596,-9999.0000,-9999.0000,-9999.0000,-9999.0000,0.0
2362176.000,0.0778,-9999.0000,1.1704,-9999.0000,-9999.0000,0.0301,-9999.0000,-9999.0000,-9999.0000,-9999.0000,0.0
2362407.000,0.0785,-9999.0000,1.3822,0.1106,-9999.0000,-9999.0000,0.0814,-9999.0000,-9999.0000,-9999.0000,0.0
2362639.000,0.0976,-9999.0000,1.2929,-9999.0000,0.0598,-9999.0000,0.0901,-9999.0000,-9999.0000,-9999.0000,0.0
2362870.000,0.0786,-9999.0000,1.2177,-9999.0000,-9999.0000,-9999.0000,0.0725,-9999.0000,-9999.0000,-9999.0000,0.0
2363101.000,0.0790,-9999.0000,0.9912,-9999.0000,0.0902,-9999.0000,0.1466,-9999.0000,-9999.0000,-9999.0000,0.0
2363332.000,0.1250,-9999.0000,1.1885,-9999.0000,-9999.0000,0.0669,-9999.0000,-9999.0000,-9999.0000,-9999.0000,0.0
2363563.000,0.0978,-9999.0000,1.2343,-9999.0000,-9999.0000,0.0685,0.1361,-9999.0000,-9999.0000,-9999.0000,0.0
2363795.000,0.0788,-9999.0000,1.1450,-9999.0000,-9999.0000,0.0311,0.0822,-9999.0000,-9999.0000,-9999.0000,0.0
2364026.000,0.1475,-9999.0000,1.2374,-9999.0000,-9999.0000,0.0791,0.0830,-9999.0000,-9999.0000,-9999.0000,0.0
2364257.000,0.0980,-9999.0000,1.1423,-9999.0000,-9999.0000,-9999.0000,0.1276,-9999.0000,-9999.0000,-9999.0000,0.0
2364488.000,0.0997,-9999.0000,1.1749,-9999.0000,-9999.0000,0.0515,0.0938,-9999.0000,-9999.0000,-9999.0000,0.0
2364719.000,0.1221,-9999.0000,1.2207,-9999.0000,0.0696,0.0498,0.1183,-9999.0000,-9999.0000,-9999.0000,0.0
2364951.000,0.1058,-9999.0000,1.2125,-9999.0000,-9999.0000,0.0295,0.0794,-9999.0000,-9999.0000,-9999.0000,0.0
2365182.000,0.0687,-9999.0000,1.1179,-9999.0000,-9999.0000,0.0496,0.0908,-9999.0000,-9999.0000,-9999.0000,0.0
2365413.000,0.1129,-9999.0000,1.2123,0.1309,-9999.0000,0.0788,0.1102,-9999.0000,-9999.0000,-9999.0000,0.0
2365644.000,-9999.0000,-9999.0000,1.2736,-9999.0000,-9999.0000,0.1247,0.0903,-9999.0000,-9999.0000,-9999.0000,0.0
2365875.000,0.0838,-9999.0000,1.1832,-9999.0000,-9999.0000,0.0504,0.1104,-9999.0000,-9999.0000,0.0625,0.0
2366107.000,0.0876,-9999.0000,1.2475,-9999.0000,-9999.0000,0.0398,0.0540,-9999.0000,-9999.0000,-9999.0000,0.0
2366338.000,0.1418,-9999.0000,1.2145,-9999.0000,0.0601,0.0596,-9999.0000,-9999.0000,-9999.0000,-9999.0000,0.0
2366569.000,0.0793,-9999.0000,1.1725,-9999.0000,-9999.0000,0.0316,0.0652,-9999.0000,-9999.0000,-9999.0000,0.0
2366800.000,0.1509,-9999.0000,1.0679,-9999.0000,-9999.0000,0.0686,0.0638,-9999.0000,-9999.0000,-9999.0000,0.0
2367031.000,0.1174,-9999.0000,1.0667,-9999.0000,-9999.0000,-9999.0000,0.0917,-9999.0000,-9999.0000,-9999.0000,0.0
2367263.000,0.0396,-9999.0000,1.1365,-9999.0000,-9999.0000,0.0590,0.1001,-9999.0000,-9999.0000,0.0994,0.0
2367494.000,0.1405,-9999.0000,1.1911,-9999.0000,-9999.0000,-9999.0000,0.0542,-9999.0000,-9999.0000,0.0616,0.0
2367725.000,0.0590,-9999.0000,1.2124,-9999.0000,-9999.0000,0.0308,0.0912,-9999.0000,-9999.0000,-9999.0000,0.0
2367956.000,0.0548,-9999.0000,1.1398,-9999.0000,-9999.0000,-9999.0000,0.0745,-9999.0000,-9999.0000,-9999.0000,0.0
2368187.000,0.0741,-9999.0000,1.1280,-9999.0000,-9999.0000,-9999.0000,0.0835,-9999.0000,-9999.0000,-9999.0000,0.0
2368419.000,0.0781,-9999.0000,1.0546,-9999.0000,-9999.0000,-9999.0000,0.0638,-9999.0000,-9999.0000,-9999.0000,0.0
2368650.000,0.0881,-9999.0000,1.0943,-9999.0000,-9999.0000,0.0310,-9999.0000,-9999.0000,-9999.0000,-9999.0000,0.0
2368881.000,0.0689,-9999.0000,1.0765,-9999.0000,-9999.0000,-9999.0000,-9999.0000,-9999.0000,-9999.0000,-9999.0000,0.0
2369112.000,0.0748,-9999.0000,1.0721,-9999.0000,-9999.0000,0.0321,0.0664,-9999.0000,-9999.0000,-9999.0000,0.0
2369343.000,0.1093,-9999.0000,1.0853,-9999.0000,-9999.0000,-9999.0000,-9999.0000,-9999.0000,-9999.0000,-9999.0000,0.0
2369575.000,0.0884,-9999.0000,1.1734,-9999.0000,-9999.0000,0.0312,0.1015,-9999.0000,-9999.0000,-9999.0000,0.0
2369806.000,0.1082,-9999.0000,1.2645,-9999.0000,-9999.0000,0.0410,-9999.0000,-9999.0000,-9999.0000,-9999.0000,0.0
2370037.000,0.0935,-9999.0000,1.1370,-9999.0000,-9999.0000,0.0505,0.1295,-9999.0000,-9999.0000,-9999.0000,0.0
2370268.000,0.0505,-9999.0000,1.3067,-9999.0000,-9999.0000,-9999.0000,0.0488,-9999.0000,-9999.0000,-9999.0000,0.0
2370499.000,0.0897,-9999.0000,0.9120,-9999.0000,-9999.0000,0.0419,0.0578,-9999.0000,-9999.0000,-9999.0000,0.0
2370731.000,0.1190,-9999.0000,1.0486,-9999.0000,-9999.0000,0.0419,0.0947,-9999.0000,-9999.0000,-9999.0000,0.0
2370962.000,0.1142,-9999.0000,0.8716,-9999.0000,0.0518,-9999.0000,-9999.0000,-9999.0000,-9999.0000,-9999.0000,0.0
2371193.000,0.1030,-9999.0000,0.9679,-9999.0000,-9999.0000,0.0787,0.0472,-9999.0000,-9999.0000,0.0631,0.0
2371424.000,0.1047,-9999.0000,0.9820,-9999.0000,-9999.0000,0.0422,-9999.0000,-9999.0000,-9999.0000,-9999.0000,0.0
2371655.000,0.0702,-9999.0000,0.9507,-9999.0000,-9999.0000,0.0422,0.0861,-9999.0000,-9999.0000,-9999.0000,0.0
2371887.000,0.0937,-9999.0000,0.9128,-9999.0000,-9999.0000,0.0413,0.0479,-9999.0000,-9999.0000,-9999.0000,0.0
2372118.000,0.1038,-9999.0000,0.9364,-9999.0000,-9999.0000,0.0892,0.0483,-9999.0000,-9999.0000,-9999.0000,0.0
2372349.000,0.0790,-9999.0000,0.9912,-9999.0000,-9999.0000,0.0696,-9999.0000,-9999.0000,-9999.0000,-9999.0000,0.0
2372580.000,0.0849,-9999.0000,1.0767,-9999.0000,-9999.0000,-9999.0000,-9999.0000,-9999.0000,-9999.0000,-9999.0000,0.0
2372811.000,0.0607,-9999.0000,0.9443,-9999.0000,-9999.0000,0.0810,0.0591,-9999.0000,-9999.0000,-9999.0000,0.0
2373043.000,0.0352,-9999.0000,1.0954,-9999.0000,-9999.0000,0.0315,0.0568,-9999.0000,-9999.0000,-9999.0000,0.0
2373274.000,0.1123,-9999.0000,1.0594,0.0894,-9999.0000,-9999.0000,-9999.0000,-9999.0000,-9999.0000,-9999.0000,0.0
2373505.000,0.1381,0.7741,1.1614,-9999.0000,-9999.0000,-9999.0000,0.1039,-9999.0000,-9999.0000,-9999.0000,0.0
2373736.000,0.0607,-9999.0000,1.2340,-9999.0000,0.0611,-9999.0000,0.0681,-9999.0000,-9999.0000,0.1310,0.0
2373967.000,0.0681,-9999.0000,1.0635,-9999.0000,-9999.0000,0.0587,0.1095,-9999.0000,-9999.0000,-9999.0000,0.0
2374199.000,0.0697,-9999.0000,0.8912,0.1898,0.0799,0.0416,-9999.0000,-9999.0000,-9999.0000,-9999.0000,0.0
2374430.000,0.1386,-9999.0000,1.0751,-9999.0000,-9999.0000,0.0517,-9999.0000,-9999.0000,-9999.0000,-9999.0000,0.0
2374661.000,0.0746,-9999.0000,0.9528,-9999.0000,-9999.0000,0.0322,0.0673,-9999.0000,-9999.0000,-9999.0000,0.0
2374892.000,0.0940,-9999.0000,0.9011,-9999.0000,-9999.0000,-9999.0000,0.0489,-9999.0000,-9999.0000,-9999.0000,0.0
2375123.000,0.1238,-9999.0000,0.9362,-9999.0000,-9999.0000,0.0420,-9999.0000,-9999.0000,0.0802,-9999.0000,0.0
2375355.000,0.0691,-9999.0000,0.8324,-9999.0000,-9999.0000,-9999.0000,-9999.0000,-9999.0000,-9999.0000,-9999.0000,0.0
2375586.000,0.1079,-9999.0000,0.9293,-9999.0000,-9999.0000,-9999.0000,0.1030,-9999.0000,-9999.0000,-9999.0000,0.0
2375817.000,0.0504,-9999.0000,1.0271,-9999.0000,-9999.0000,-9999.0000,0.0771,-9999.0000,-9999.0000,-9999.0000,0.0
2376048.000,0.0940,-9999.0000,0.8755,-9999.0000,-9999.0000,-9999.0000,0.0766,-9999.0000,-9999.0000,-9999.0000,0.0
2376279.000,0.0741,-9999.0000,0.9816,-9999.0000,-9999.0000,-9999.0000,0.0760,-9999.0000,-9999.0000,-9999.0000,0.0
2376511.000,0.0887,-9999.0000,1.0322,-9999.0000,-9999.0000,-9999.0000,-9999.0000,-9999.0000,-9999.0000,-9999.0000,0.0
2376742.000,0.0846,-9999.0000,1.1488,-9999.0000,-9999.0000,0.0420,0.0589,-9999.0000,-9999.0000,-9999.0000,0.0
2376973.000,0.1093,-9999.0000,1.1670,-9999.0000,-9999.0000,-9999.0000,0.0869,-9999.0000,-9999.0000,-9999.0000,0.0
2377204.000,0.0692,-9999.0000,0.9543,-9999.0000,-9999.0000,-9999.0000,-9999.0000,-9999.0000,-9999.0000,-9999.0000,0.0
2377435.000,0.0894,-9999.0000,0.9654,-9999.0000,-9999.0000,0.0420,-9999.0000,-9999.0000,-9999.0000,-9999.0000,0.0
2377667.000,0.0998,-9999.0000,0.9373,-9999.0000,0.0909,-9999.0000,0.0507,-9999.0000,-9999.0000,-9999.0000,0.0
2377898.000,0.1276,-9999.0000,0.8870,-9999.0000,-9999.0000,-9999.0000,0.0582,-9999.0000,-9999.0000,-9999.0000,0.0
2378129.000,0.0837,-9999.0000,1.0956,-9999.0000,-9999.0000,0.0696,0.0580,-9999.0000,-9999.0000,-9999.0000,0.0
2378360.000,0.1088,-9999.0000,0.9846,-9999.0000,-9999.0000,-9999.0000,0.0866,-9999.0000,-9999.0000,-9999.0000,0.0
2378591.000,0.0988,-9999.0000,0.9766,-9999.0000,-9999.0000,0.0703,0.0771,-9999.0000,-9999.0000,-9999.0000,0.0
2378823.000,0.1016,-9999.0000,1.0378,-9999.0000,-9999.0000,0.0588,0.0743,-9999.0000,-9999.0000,-9999.0000,0.0
2379054.000,0.0985,-9999.0000,1.0435,-9999.0000,-9999.0000,0.0320,0.0859,-9999.0000,-9999.0000,-9999.0000,0.0
2379285.000,0.0689,-9999.0000,1.1364,0.0889,-9999.0000,-9999.0000,0.0669,-9999.0000,-9999.0000,0.1016,0.0
2379516.000,0.0691,-9999.0000,1.1650,-9999.0000,-9999.0000,0.0412,0.0855,-9999.0000,-9999.0000,-9999.0000,0.0
2379747.000,0.0686,-9999.0000,0.9359,-9999.0000,-9999.0000,0.0501,0.0483,-9999.0000,-9999.0000,-9999.0000,0.0
2379979.000,0.0593,-9999.0000,1.0557,-9999.0000,-9999.0000,0.0599,0.1487,-9999.0000,-9999.0000,-9999.0000,0.0
2380210.000,0.0675,-9999.0000,1.2244,-9999.0000,-9999.0000,0.1972,0.0823,-9999.0000,-9999.0000,-9999.0000,0.0
2380441.000,0.1172,-9999.0000,1.2013,-9999.0000,-9999.0000,0.5409,0.1307,-9999.0000,-9999.0000,-9999.0000,0.0
2380672.000,0.0823,-9999.0000,1.0606,-9999.0000,0.0754,-9999.0000,0.0475,-9999.0000,-9999.0000,-9999.0000,0.0
2380903.000,0.1053,-9999.0000,1.1489,-9999.0000,-9999.0000,0.0486,0.0644,-9999.0000,0.0777,0.0993,0.0
2381135.000,0.0870,-9999.0000,1.1329,-9999.0000,-9999.0000,0.0306,0.0564,-9999.0000,-9999.0000,-9999.0000,0.0
2381366.000,0.1110,-9999.0000,1.0910,-9999.0000,-9999.0000,0.0494,0.0567,-9999.0000,-9999.0000,-9999.0000,0.0
2381597.000,0.1172,-9999.0000,1.0862,-9999.0000,-9999.0000,0.0411,0.0946,-9999.0000,-9999.0000,-9999.0000,0.0
2381828.000,0.1305,-9999.0000,0.9905,-9999.0000,0.0663,0.1059,-9999.0000,-9999.0000,-9999.0000,-9999.0000,0.0
2382059.000,0.0817,-9999.0000,1.2493,-9999.0000,-9999.0000,0.0673,0.0828,-9999.0000,-9999.0000,-9999.0000,0.0
2382291.000,0.1199,-9999.0000,1.2267,-9999.0000,-9999.0000,0.0489,0.1188,-9999.0000,-9999.0000,0.0630,0.0
2382522.000,0.0922,-9999.0000,1.0851,-9999.0000,0.0566,0.1059,-9999.0000,-9999.0000,-9999.0000,-9999.0000,0.0
2382753.000,0.0713,-9999.0000,1.1696,-9999.0000,0.0815,0.0661,0.0546,-9999.0000,-9999.0000,-9999.0000,0.0
2382984.000,0.1247,-9999.0000,1.2422,-9999.0000,-9999.0000,0.0397,0.1101,-9999.0000,-9999.0000,0.1368,0.0
2383248.000,0.1111,-9999.0000,1.3455,0.1240,-9999.0000,0.0589,0.0663,-9999.0000,-9999.0000,-9999.0000,0.0
2383479.000,0.0638,-9999.0000,1.2702,-9999.0000,-9999.0000,0.0408,-9999.0000,-9999.0000,-9999.0000,-9999.0000,0.0
2383710.000,0.0590,-9999.0000,1.1402,0.1449,-9999.0000,0.0690,-9999.0000,-9999.0000,-9999.0000,-9999.0000,0.0
2383941.000,0.0918,-9999.0000,1.1443,-9999.0000,-9999.0000,0.0774,0.0482,-9999.0000,-9999.0000,0.0637,0.0
2384172.000,0.1075,-9999.0000,1.2612,0.0881,0.0770,0.0412,0.0588,-9999.0000,-9999.0000,-9999.0000,0.0
2384404.000,0.1267,-9999.0000,1.1951,-9999.0000,-9999.0000,-9999.0000,-9999.0000,-9999.0000,-9999.0000,-9999.0000,0.0
2384635.000,0.0644,-9999.0000,1.2612,-9999.0000,-9999.0000,0.0321,0.0958,-9999.0000,-9999.0000,-9999.0000,0.0
2384866.000,0.0978,-9999.0000,1.1757,-9999.0000,-9999.0000,-9999.0000,0.0861,-9999.0000,-9999.0000,-9999.0000,0.0
2385097.000,0.0773,-9999.0000,1.1512,-9999.0000,-9999.0000,0.0679,-9999.0000,-9999.0000,-9999.0000,-9999.0000,0.0
2385328.000,0.1382,-9999.0000,1.2784,-9999.0000,0.1109,-9999.0000,-9999.0000,-9999.0000,-9999.0000,-9999.0000,0.0
2385560.000,0.1107,-9999.0000,1.3051,-9999.0000,-9999.0000,0.0400,0.0931,-9999.0000,-9999.0000,0.0638,0.0
2385791.000,0.0865,-9999.0000,1.3240,-9999.0000,-9999.0000,-9999.0000,0.0836,-9999.0000,-9999.0000,-9999.0000,0.0
2386022.000,0.1498,-9999.0000,1.3856,-9999.0000,0.0852,-9999.0000,-9999.0000,-9999.0000,-9999.0000,-9999.0000,0.0
2386253.000,0.0961,-9999.0000,1.2172,-9999.0000,0.0739,0.0491,-9999.0000,-9999.0000,-9999.0000,-9999.0000,0.0
2386484.000,0.1244,-9999.0000,1.2446,-9999.0000,0.0641,-9999.0000,-9999.0000,-9999.0000,-9999.0000,-9999.0000,0.0
2386716.000,0.1053,-9999.0000,1.4050,-9999.0000,-9999.0000,0.0303,0.0747,-9999.0000,-9999.0000,-9999.0000,0.0
2386947.000,0.1453,-9999.0000,1.2590,-9999.0000,0.0758,-9999.0000,0.0498,-9999.0000,-9999.0000,-9999.0000,0.0
2387178.000,0.1293,-9999.0000,1.3839,-9999.0000,-9999.0000,-9999.0000,-9999.0000,-9999.0000,-9999.0000,-9999.0000,0.0
2387409.000,0.0966,0.5619,1.6734,-9999.0000,0.1310,-9999.0000,-9999.0000,-9999.0000,-9999.0000,-9999.0000,0.0
2387640.000,0.1021,-9999.0000,1.4738,-9999.0000,-9999.0000,0.0551,0.1315,-9999.0000,-9999.0000,-9999.0000,0.0
2387872.000,0.1475,-9999.0000,1.3116,-9999.0000,0.0916,-9999.0000,-9999.0000,-9999.0000,-9999.0000,-9999.0000,0.0
2388103.000,0.1276,-9999.0000,1.3979,-9999.0000,0.0808,-9999.0000,-9999.0000,-9999.0000,-9999.0000,0.0990,0.0
2388334.000,0.1015,-9999.0000,1.3344,-9999.0000,-9999.0000,-9999.0000,-9999.0000,-9999.0000,-9999.0000,-9999.0000,0.0
2388565.000,0.1161,-9999.0000,1.4804,-9999.0000,0.1053,-9999.0000,0.0710,-9999.0000,-9999.0000,-9999.0000,0.0
2388796.000,0.0896,-9999.0000,1.2440,-9999.0000,0.0797,-9999.0000,-9999.0000,-9999.0000,-9999.0000,-9999.0000,0.0
2389028.000,0.0918,-9999.0000,1.4118,-9999.0000,-9999.0000,0.0404,0.0494,-9999.0000,-9999.0000,-9999.0000,0.0
2389259.000,0.1098,-9999.0000,1.1907,0.1010,0.0538,-9999.0000,0.0660,-9999.0000,-9999.0000,-9999.0000,0.0
2389490.000,0.1337,-9999.0000,1.3845,-9999.0000,0.0635,-9999.0000,-9999.0000,-9999.0000,-9999.0000,-9999.0000,0.0
2389721.000,0.1361,-9999.0000,1.2709,-9999.0000,0.0607,-9999.0000,-9999.0000,-9999.0000,-9999.0000,-9999.0000,0.0
2389952.000,0.1051,-9999.0000,1.4015,-9999.0000,0.1199,0.0488,0.0751,-9999.0000,-9999.0000,-9999.0000,0.0
2390184.000,0.1195,-9999.0000,1.3607,-9999.0000,0.0635,-9999.0000,0.0487,-9999.0000,-9999.0000,-9999.0000,0.0
2390415.000,0.1162,-9999.0000,1.4442,-9999.0000,0.0559,-9999.0000,-9999.0000,-9999.0000,-9999.0000,0.0652,0.0
2390646.000,0.1427,-9999.0000,1.3999,-9999.0000,0.1574,-9999.0000,-9999.0000,-9999.0000,-9999.0000,-9999.0000,0.0
2390877.000,0.1332,-9999.0000,1.4332,-9999.0000,-9999.0000,-9999.0000,-9999.0000,-9999.0000,0.1380,0.1368,0.0
2391349.000,0.0910,14.4372,2.7190,1.1628,1.0285,0.0859,0.4937,0.2775,0.3601,0.6867,0.0
2391580.000,-9999.0000,2.9853,0.3654,0.0972,0.2345,-9999.0000,0.0968,-9999.0000,-9999.0000,0.0904,0.0
2391812.000,0.0287,2.6040,0.1908,-9999.0000,-9999.0000,-9999.0000,-9999.0000,-9999.0000,-9999.0000,-9999.0000,0.0
2392043.000,-9999.0000,2.8402,0.6256,0.2419,0.2110,-9999.0000,-9999.0000,-9999.0000,-9999.0000,-9999.0000,0.0
2392274.000,-9999.0000,-9999.0000,-9999.0000,-9999.0000,-9999.0000,-9999.0000,-9999.0000,-9999.0000,-9999.0000,-9999.0000,1.0
2392505.000,-9999.0000,-9999.0000,-9999.0000,-9999.0000,-9999.0000,-9999.0000,-9999.0000,-9999.0000,-9999.0000,-9999.0000,1.0
2392736.000,-9999.0000,-9999.0000,-9999.0000,-9999.0000,-9999.0000,-9999.0000,-9999.0000,-9999.0000,-9999.0000,-9999.0000,1.0
2392968.000,-9999.0000,-9999.0000,-9999.0000,-9999.0000,-9999.0000,-9999.0000,-9999.0000,-9999.0000,-9999.0000,-9999.0000,1.0
2393199.000,-9999.0000,-9999.0000,-9999.0000,-9999.0000,-9999.0000,-9999.0000,-9999.0000,-9999.0000,-9999.0000,-9999.0000,1.0
2393430.000,-9999.0000,-9999.0000,-9999.0000,-9999.0000,-9999.0000,-9999.0000,-9999.0000,-9999.0000,-9999.0000,-9999.0000,1.0
2393661.000,-9999.0000,-9999.0000,-9999.0000,-9999.0000,-9999.0000,-9999.0000,-9999.0000,-9999.0000,-9999.0000,-9999.0000,1.0
2393892.000,-9999.0000,-9999.0000,-9999.0000,-9999.0000,-9999.0000,-9999.0000,-9999.0000,-9999.0000,-9999.0000,-9999.0000,1.0
2394124.000,-9999.0000,-9999.0000,-9999.0000,-9999.0000,-9999.0000,-9999.0000,-9999.0000,-9999.0000,-9999.0000,-9999.0000,1.0
2394441.000,0.1317,1.3317,1.6871,0.2093,0.0700,-9999.0000,0.0567,-9999.0000,-9999.0000,-9999.0000,0.0
2394673.000,0.1175,1.5352,1.4564,0.2461,0.0603,-9999.0000,0.0828,-9999.0000,-9999.0000,-9999.0000,0.0
2394904.000,0.1369,1.2069,1.4796,0.1917,0.0518,-9999.0000,-9999.0000,-9999.0000,-9999.0000,-9999.0000,0.0
2395135.000,0.0907,1.2736,1.5794,-9999.0000,-9999.0000,-9999.0000,0.0493,-9999.0000,-9999.0000,-9999.0000,0.0
2395366.000,0.1134,0.9125,1.6049,0.1352,-9999.0000,-9999.0000,0.0661,-9999.0000,-9999.0000,-9999.0000,0.0
2395597.000,0.0718,1.1055,1.5581,0.1371,-9999.0000,0.0580,-9999.0000,-9999.0000,0.0925,-9999.0000,0.0
2395829.000,0.1572,0.9518,1.6928,-9999.0000,0.0627,-9999.0000,0.1032,-9999.0000,-9999.0000,-9999.0000,0.0
2396060.000,0.1138,0.7733,1.4985,-9999.0000,-9999.0000,-9999.0000,0.0667,-9999.0000,-9999.0000,-9999.0000,0.0
2396291.000,0.1318,1.0455,1.6257,-9999.0000,0.0512,-9999.0000,-9999.0000,-9999.0000,-9999.0000,-9999.0000,0.0
2396522.000,0.1241,1.0104,1.7130,0.1193,-9999.0000,0.0400,-9999.0000,-9999.0000,-9999.0000,-9999.0000,0.0
2396753.000,0.1174,0.9943,1.5323,0.0960,0.1065,0.0295,-9999.0000,-9999.0000,-9999.0000,-9999.0000,0.0
2396985.000,0.0994,0.8120,1.4359,0.1726,-9999.0000,-9999.0000,0.1370,-9999.0000,-9999.0000,-9999.0000,0.0
2397216.000,0.0943,0.7081,1.5598,0.1339,-9999.0000,-9999.0000,-9999.0000,-9999.0000,-9999.0000,-9999.0000,0.0
2397447.000,0.0955,0.9940,1.5407,-9999.0000,-9999.0000,-9999.0000,0.0588,-9999.0000,-9999.0000,0.0648,0.0
2397678.000,0.0952,0.8409,1.6049,0.0988,0.0616,-9999.0000,0.0762,-9999.0000,-9999.0000,-9999.0000,0.0
2397909.000,0.0853,0.9139,1.7651,0.0973,-9999.0000,-9999.0000,-9999.0000,-9999.0000,-9999.0000,-9999.0000,0.0
2398141.000,0.0990,0.8937,1.7640,-9999.0000,-9999.0000,0.0753,0.1101,-9999.0000,-9999.0000,0.0639,0.0
2398372.000,0.0724,0.8843,1.5606,-9999.0000,-9999.0000,-9999.0000,-9999.0000,-9999.0000,-9999.0000,-9999.0000,0.0
2398603.000,0.1406,0.5034,1.7591,-9999.0000,-9999.0000,0.0387,-9999.0000,-9999.0000,-9999.0000,-9999.0000,0.0
2398834.000,0.1451,0.7900,1.7375,0.1327,-9999.0000,-9999.0000,0.0484,-9999.0000,-9999.0000,0.1358,0.0
2399065.000,0.1076,0.8804,1.8714,-9999.0000,-9999.0000,-9999.0000,-9999.0000,-9999.0000,-9999.0000,-9999.0000,0.0
2399297.000,0.1266,0.7268,1.8495,-9999.0000,-9999.0000,-9999.0000,-9999.0000,-9999.0000,-9999.0000,-9999.0000,0.0
2399528.000,0.0854,0.6037,1.6838,0.1160,-9999.0000,-9999.0000,0.0671,-9999.0000,-9999.0000,-9999.0000,0.0
2399759.000,0.1503,-9999.0000,1.7975,-9999.0000,-9999.0000,0.0571,-9999.0000,-9999.0000,-9999.0000,-9999.0000,0.0
2399990.000,0.1299,0.7870,1.6811,-9999.0000,-9999.0000,0.0288,-9999.0000,-9999.0000,-9999.0000,-9999.0000,0.0
2400221.000,0.1113,0.6626,1.5878,-9999.0000,-9999.0000,-9999.0000,-9999.0000,-9999.0000,-9999.0000,-9999.0000,0.0
2400453.000,0.1325,0.6375,1.8540,-9999.0000,-9999.0000,-9999.0000,-9999.0000,-9999.0000,-9999.0000,-9999.0000,0.0
2400684.000,0.1127,-9999.0000,1.7061,0.1328,-9999.0000,-9999.0000,-9999.0000,-9999.0000,-9999.0000,-9999.0000,0.0
2400915.000,0.1365,0.6827,1.6597,-9999.0000,0.0788,0.0573,-9999.0000,-9999.0000,-9999.0000,-9999.0000,0.0
2401146.000,0.1500,0.7444,1.6734,-9999.0000,-9999.0000,0.0570,0.0492,-9999.0000,-9999.0000,-9999.0000,0.0
2401377.000,0.1157,0.6966,1.9819,0.1101,-9999.0000,0.0645,-9999.0000,-9999.0000,-9999.0000,-9999.0000,0.0
2401609.000,0.1165,0.5203,1.8053,-9999.0000,-9999.0000,-9999.0000,0.0670,-9999.0000,-9999.0000,-9999.0000,0.0
2401840.000,0.1126,0.6490,1.9111,-9999.0000,-9999.0000,-9999.0000,0.0514,-9999.0000,-9999.0000,-9999.0000,0.0
2402071.000,0.0898,-9999.0000,1.8758,-9999.0000,-9999.0000,-9999.0000,-9999.0000,-9999.0000,-9999.0000,-9999.0000,0.0
2402302.000,0.1525,-9999.0000,1.6755,-9999.0000,-9999.0000,0.0554,-9999.0000,-9999.0000,-9999.0000,-9999.0000,0.0
2402533.000,0.0856,0.4874,1.7139,-9999.0000,-9999.0000,-9999.0000,0.0551,-9999.0000,-9999.0000,-9999.0000,0.0
2402765.000,0.0979,-9999.0000,1.7906,-9999.0000,-9999.0000,-9999.0000,-9999.0000,-9999.0000,-9999.0000,-9999.0000,0.0
2402996.000,0.0894,-9999.0000,1.6234,-9999.0000,-9999.0000,-9999.0000,0.0558,-9999.0000,-9999.0000,-9999.0000,0.0
2403227.000,0.1081,-9999.0000,1.8546,-9999.0000,-9999.0000,0.0384,0.0657,-9999.0000,-9999.0000,-9999.0000,0.0
2403458.000,0.1347,0.5299,1.8008,-9999.0000,-9999.0000,-9999.0000,0.0914,-9999.0000,-9999.0000,0.0660,0.0
2403689.000,0.1354,-9999.0000,1.8035,0.1085,-9999.0000,-9999.0000,0.0498,-9999.0000,-9999.0000,-9999.0000,0.0
2403921.000,0.1553,-9999.0000,1.6888,-9999.0000,-9999.0000,-9999.0000,0.0693,-9999.0000,-9999.0000,-9999.0000,0.0
2404152.000,0.1086,-9999.0000,1.8068,-9999.0000,-9999.0000,-9999.0000,-9999.0000,-9999.0000,-9999.0000,0.1034,0.0
2404383.000,0.0951,0.6890,1.9066,-9999.0000,-9999.0000,-9999.0000,-9999.0000,-9999.0000,-9999.0000,-9999.0000,0.0
2404614.000,0.1688,0.7331,1.8540,-9999.0000,-9999.0000,0.0490,-9999.0000,-9999.0000,-9999.0000,-9999.0000,0.0
2404845.000,0.1220,0.6015,1.8375,-9999.0000,-9999.0000,0.0402,-9999.0000,0.0972,-9999.0000,-9999.0000,0.0
2405077.000,0.1625,0.5488,1.9902,-9999.0000,-9999.0000,-9999.0000,-9999.0000,-9999.0000,-9999.0000,-9999.0000,0.0
2405308.000,0.1710,0.7508,2.2870,0.2319,-9999.0000,-9999.0000,-9999.0000,-9999.0000,-9999.0000,-9999.0000,0.0
2405539.000,0.1364,0.5421,1.8128,-9999.0000,-9999.0000,-9999.0000,-9999.0000,-9999.0000,-9999.0000,-9999.0000,0.0
2405770.000,0.1116,0.6802,1.8811,-9999.0000,-9999.0000,0.0420,0.0490,-9999.0000,-9999.0000,-9999.0000,0.0
2406001.000,0.1095,-9999.0000,2.1666,-9999.0000,-9999.0000,0.0808,0.0609,-9999.0000,-9999.0000,-9999.0000,0.0
2406233.000,0.1311,0.5079,2.2033,0.1412,-9999.0000,0.0531,-9999.0000,-9999.0000,-9999.0000,0.0681,0.0
2406464.000,0.0577,0.6010,1.9916,-9999.0000,-9999.0000,-9999.0000,0.0871,-9999.0000,-9999.0000,-9999.0000,0.0
2406695.000,0.0939,0.6774,1.9376,-9999.0000,-9999.0000,-9999.0000,0.0960,-9999.0000,-9999.0000,-9999.0000,0.0
2406926.000,0.1725,0.6257,2.0781,0.1035,-9999.0000,0.0553,-9999.0000,-9999.0000,-9999.0000,-9999.0000,0.0
2407157.000,0.1152,0.4937,1.9963,-9999.0000,0.0749,-9999.0000,-9999.0000,-9999.0000,-9999.0000,-9999.0000,0.0
2407389.000,0.1123,0.7372,1.9214,0.1192,0.0694,0.0738,0.0561,-9999.0000,-9999.0000,0.1035,0.0
2407620.000,0.1300,0.5992,2.0619,-9999.0000,-9999.0000,0.0830,0.0482,-9999.0000,-9999.0000,-9999.0000,0.0
2407851.000,0.0945,0.5538,2.1042,-9999.0000,0.0645,0.0399,0.0928,-9999.0000,-9999.0000,-9999.0000,0.0
2408082.000,0.1659,0.7650,1.9390,-9999.0000,0.0560,-9999.0000,0.0924,-9999.0000,-9999.0000,-9999.0000,0.0
2408313.000,0.1511,0.5500,2.0567,-9999.0000,-9999.0000,0.0332,0.1137,-9999.0000,-9999.0000,-9999.0000,0.0
2408545.000,0.1501,0.6464,2.0693,-9999.0000,0.0890,0.0335,0.0619,-9999.0000,-9999.0000,-9999.0000,0.0
2408776.000,0.1507,0.8264,1.9265,-9999.0000,-9999.0000,-9999.0000,0.0547,-9999.0000,-9999.0000,-9999.0000,0.0
2409007.000,0.1256,0.6091,2.1680,-9999.0000,-9999.0000,-9999.0000,0.0880,-9999.0000,-9999.0000,-9999.0000,0.0
2409238.000,0.1732,0.7919,1.9199,0.1190,0.1037,-9999.0000,0.0563,-9999.0000,-9999.0000,-9999.0000,0.0
2409469.000,0.0944,0.5785,1.9964,-9999.0000,-9999.0000,-9999.0000,0.0563,-9999.0000,-9999.0000,-9999.0000,0.0
2409701.000,0.0949,0.5540,2.1587,-9999.0000,0.0883,0.0633,0.1262,-9999.0000,-9999.0000,-9999.0000,0.0
2409932.000,0.0997,1.0087,2.1615,-9999.0000,-9999.0000,-9999.0000,0.0761,-9999.0000,-9999.0000,0.0704,0.0
2410163.000,0.1076,0.7516,1.9742,-9999.0000,0.1450,0.0285,0.1097,-9999.0000,-9999.0000,-9999.0000,0.0
2410394.000,0.1099,0.7718,2.1079,-9999.0000,-9999.0000,0.0574,-9999.0000,-9999.0000,-9999.0000,-9999.0000,0.0
2410625.000,0.1147,1.0040,2.0220,-9999.0000,0.1340,-9999.0000,0.1233,-9999.0000,-9999.0000,-9999.0000,0.0
2410952.000,-9999.0000,-9999.0000,-9999.0000,-9999.0000,-9999.0000,-9999.0000,-9999.0000,-9999.0000,-9999.0000,-9999.0000,1.0
2411183.000,-9999.0000,-9999.0000,-9999.0000,-9999.0000,-9999.0000,-9999.0000,-9999.0000,-9999.0000,-9999.0000,-9999.0000,1.0
2411414.000,-9999.0000,-9999.0000,-9999.0000,-9999.0000,-9999.0000,-9999.0000,-9999.0000,-9999.0000,-9999.0000,-9999.0000,1.0
2411645.000,-9999.0000,-9999.0000,-9999.0000,-9999.0000,-9999.0000,-9999.0000,-9999.0000,-9999.0000,-9999.0000,-9999.0000,1.0
2411877.000,-9999.0000,-9999.0000,-9999.0000,-9999.0000,-9999.0000,-9999.0000,-9999.0000,-9999.0000,-9999.0000,-9999.0000,1.0
2412108.000,-9999.0000,-9999.0000,-9999.0000,-9999.0000,-9999.0000,-9999.0000,-9999.0000,-9999.0000,-9999.0000,-9999.0000,1.0
2412339.000,-9999.0000,-9999.0000,-9999.0000,-9999.0000,-9999.0000,-9999.0000,-9999.0000,-9999.0000,-9999.0000,-9999.0000,1.0