36, 1001
Springston, Stephen R.
Brookhaven National Laboratory
AAF Thermo Environmental Instruments Ozone Analyzer
HI-SCALE2
1, 1
2016, 08, 30, 12, 30, 00, 2016, 11, 30
1
Start_UTC, seconds_past_midnight, Synched to aircraft NTP server 
1
1
-9999
Ozone, ppbv, Primary measurement for Analyzer in ambient (not dry) air
1
N/A
20
PI_CONTACT_INFO: srs@bnl.gov Stephen R. Springston Building 815E Brookhaven National Laboratory Upton, NY 11973-5000
PLATFORM: Gulfstream G1, N701BN
LOCATION: Flights were conducted from Bartlesville Airport, Bartlesville, OK (BVO)
ASSOCIATED_DATA: Flight data and associated measurement data available from the AAF through the DMF
INSTRUMENT_INFO: Thermo Environmental Instruments, Inc., SN: 0926837557, DOE Property Tag: WD59440
DATA_INFO: Units output as ppbv (in ambient air)
UNCERTAINTY: Ozone: Accuracy greater of 5 ppbv or ~5% (originally calibrated against New York State DEC standard instrument which is referenced anually against a NIST standard), Precision ~ 4ppbv for a 4-s instrument average. 
ULOD_FLAG: -7777
ULOD_VALUE: N/A
LLOD_FLAG: -8888
LLOD_VALUE: N/A
DM_CONTACT_INFO: Alice Cialella; email: cialella@bnl.gov
PROJECT_INFO: HI-SCALE field campaign, https://www.arm.gov/campaigns/aaf2016hiscale
STIPULATIONS_ON_USE: Please notify the PI(s) before using
OTHER_COMMENTS: N/A
REVISION: R2
R2: Final processed data files.
R1: Preliminary data.
R0: Raw data directly from field study.
Start_UTC, Ozone
45000,-9999.0
45001,-9999.0
45002,-9999.0
45003,-9999.0
45004,-9999.0
45005,-9999.0
45006,-9999.0
45007,-9999.0
45008,-9999.0
45009,-9999.0
45010,-9999.0
45011,-9999.0
45012,-9999.0
45013,-9999.0
45014,-9999.0
45015,-9999.0
45016,-9999.0
45017,-9999.0
45018,-9999.0
45019,-9999.0
45020,-9999.0
45021,-9999.0
45022,-9999.0
45023,-9999.0
45024,-9999.0
45025,-9999.0
45026,-9999.0
45027,-9999.0
45028,-9999.0
45029,-9999.0
45030,-9999.0
45031,-9999.0
45032,-9999.0
45033,-9999.0
45034,-9999.0
45035,-9999.0
45036,-9999.0
45037,-9999.0
45038,-9999.0
45039,-9999.0
45040,-9999.0
45041,-9999.0
45042,-9999.0
45043,-9999.0
45044,-9999.0
45045,-9999.0
45046,-9999.0
45047,-9999.0
45048,-9999.0
45049,-9999.0
45050,-9999.0
45051,-9999.0
45052,-9999.0
45053,-9999.0
45054,-9999.0
45055,-9999.0
45056,-9999.0
45057,-9999.0
45058,-9999.0
45059,-9999.0
45060,-9999.0
45061,-9999.0
45062,-9999.0
45063,-9999.0
45064,-9999.0
45065,-9999.0
45066,-9999.0
45067,-9999.0
45068,-9999.0
45069,-9999.0
45070,-9999.0
45071,-9999.0
45072,-9999.0
45073,-9999.0
45074,-9999.0
45075,-9999.0
45076,-9999.0
45077,-9999.0
45078,-9999.0
45079,-9999.0
45080,-9999.0
45081,-9999.0
45082,-9999.0
45083,-9999.0
45084,-9999.0
45085,-9999.0
45086,-9999.0
45087,-9999.0
45088,-9999.0
45089,-9999.0
45090,-9999.0
45091,-9999.0
45092,-9999.0
45093,-9999.0
45094,-9999.0
45095,-9999.0
45096,-9999.0
45097,-9999.0
45098,-9999.0
45099,-9999.0
45100,-9999.0
45101,-9999.0
45102,-9999.0
45103,-9999.0
45104,-9999.0
45105,-9999.0
45106,-9999.0
45107,-9999.0
45108,-9999.0
45109,-9999.0
45110,-9999.0
45111,-9999.0
45112,-9999.0
45113,-9999.0
45114,-9999.0
45115,-9999.0
45116,-9999.0
45117,-9999.0
45118,-9999.0
45119,-9999.0
45120,-9999.0
45121,-9999.0
45122,-9999.0
45123,-9999.0
45124,-9999.0
45125,-9999.0
45126,-9999.0
45127,-9999.0
45128,-9999.0
45129,-9999.0
45130,-9999.0
45131,-9999.0
45132,-9999.0
45133,-9999.0
45134,-9999.0
45135,-9999.0
45136,-9999.0
45137,-9999.0
45138,-9999.0
45139,-9999.0
45140,-9999.0
45141,-9999.0
45142,-9999.0
45143,-9999.0
45144,-9999.0
45145,-9999.0
45146,-9999.0
45147,-9999.0
45148,-9999.0
45149,-9999.0
45150,-9999.0
45151,-9999.0
45152,-9999.0
45153,-9999.0
45154,-9999.0
45155,-9999.0
45156,-9999.0
45157,-9999.0
45158,-9999.0
45159,-9999.0
45160,-9999.0
45161,-9999.0
45162,-9999.0
45163,-9999.0
45164,-9999.0
45165,-9999.0
45166,-9999.0
45167,-9999.0
45168,-9999.0
45169,-9999.0
45170,-9999.0
45171,-9999.0
45172,-9999.0
45173,-9999.0
45174,-9999.0
45175,-9999.0
45176,-9999.0
45177,-9999.0
45178,-9999.0
45179,-9999.0
45180,-9999.0
45181,-9999.0
45182,-9999.0
45183,-9999.0
45184,-9999.0
45185,-9999.0
45186,-9999.0
45187,-9999.0
45188,-9999.0
45189,-9999.0
45190,-9999.0
45191,-9999.0
45192,-9999.0
45193,-9999.0
45194,-9999.0
45195,-9999.0
45196,-9999.0
45197,-9999.0
45198,-9999.0
45199,-9999.0
45200,-9999.0
45201,-9999.0
45202,-9999.0
45203,-9999.0
45204,-9999.0
45205,-9999.0
45206,-9999.0
45207,-9999.0
45208,-9999.0
45209,-9999.0
45210,-9999.0
45211,-9999.0
45212,-9999.0
45213,-9999.0
45214,-9999.0
45215,-9999.0
45216,-9999.0
45217,-9999.0
45218,-9999.0
45219,-9999.0
45220,-9999.0
45221,-9999.0
45222,-9999.0
45223,-9999.0
45224,-9999.0
45225,-9999.0
45226,-9999.0
45227,-9999.0
45228,-9999.0
45229,-9999.0
45230,-9999.0
45231,-9999.0
45232,-9999.0
45233,-9999.0
45234,-9999.0
45235,-9999.0
45236,-9999.0
45237,-9999.0
45238,-9999.0
45239,-9999.0
45240,-9999.0
45241,-9999.0
45242,-9999.0
45243,-9999.0
45244,-9999.0
45245,-9999.0
45246,-9999.0
45247,-9999.0
45248,-9999.0
45249,-9999.0
45250,-9999.0
45251,-9999.0
45252,-9999.0
45253,-9999.0
45254,-9999.0
45255,-9999.0
45256,-9999.0
45257,-9999.0
45258,-9999.0
45259,-9999.0
45260,-9999.0
45261,-9999.0
45262,-9999.0
45263,-9999.0
45264,-9999.0
45265,-9999.0
45266,-9999.0
45267,-9999.0
45268,-9999.0
45269,-9999.0
45270,-9999.0
45271,-9999.0
45272,-9999.0
45273,-9999.0
45274,-9999.0
45275,-9999.0
45276,-9999.0
45277,-9999.0
45278,-9999.0
45279,-9999.0
45280,-9999.0
45281,-9999.0
45282,-9999.0
45283,-9999.0
45284,-9999.0
45285,-9999.0
45286,-9999.0
45287,-9999.0
45288,-9999.0
45289,-9999.0
45290,-9999.0
45291,-9999.0
45292,-9999.0
45293,-9999.0
45294,-9999.0
45295,-9999.0
45296,-9999.0
45297,-9999.0
45298,-9999.0
45299,-9999.0
45300,-9999.0
45301,-9999.0
45302,-9999.0
45303,-9999.0
45304,-9999.0
45305,-9999.0
45306,-9999.0
45307,-9999.0
45308,-9999.0
45309,-9999.0
45310,-9999.0
45311,-9999.0
45312,-9999.0
45313,-9999.0
45314,-9999.0
45315,-9999.0
45316,-9999.0
45317,-9999.0
45318,-9999.0
45319,-9999.0
45320,-9999.0
45321,-9999.0
45322,-9999.0
45323,-9999.0
45324,-9999.0
45325,-9999.0
45326,-9999.0
45327,-9999.0
45328,-9999.0
45329,-9999.0
45330,-9999.0
45331,-9999.0
45332,-9999.0
45333,-9999.0
45334,-9999.0
45335,-9999.0
45336,-9999.0
45337,-9999.0
45338,-9999.0
45339,-9999.0
45340,-9999.0
45341,-9999.0
45342,-9999.0
45343,-9999.0
45344,-9999.0
45345,-9999.0
45346,-9999.0
45347,-9999.0
45348,-9999.0
45349,-9999.0
45350,-9999.0
45351,-9999.0
45352,-9999.0
45353,-9999.0
45354,-9999.0
45355,-9999.0
45356,-9999.0
45357,-9999.0
45358,-9999.0
45359,-9999.0
45360,-9999.0
45361,-9999.0
45362,-9999.0
45363,-9999.0
45364,-9999.0
45365,-9999.0
45366,-9999.0
45367,-9999.0
45368,-9999.0
45369,-9999.0
45370,-9999.0
45371,-9999.0
45372,-9999.0
45373,-9999.0
45374,-9999.0
45375,-9999.0
45376,-9999.0
45377,-9999.0
45378,-9999.0
45379,-9999.0
45380,-9999.0
45381,-9999.0
45382,-9999.0
45383,-9999.0
45384,-9999.0
45385,-9999.0
45386,-9999.0
45387,-9999.0
45388,-9999.0
45389,-9999.0
45390,-9999.0
45391,-9999.0
45392,-9999.0
45393,-9999.0
45394,-9999.0
45395,-9999.0
45396,-9999.0
45397,-9999.0
45398,-9999.0
45399,-9999.0
45400,-9999.0
45401,-9999.0
45402,-9999.0
45403,-9999.0
45404,-9999.0
45405,-9999.0
45406,-9999.0
45407,-9999.0
45408,-9999.0
45409,-9999.0
45410,-9999.0
45411,-9999.0
45412,-9999.0
45413,-9999.0
45414,-9999.0
45415,-9999.0
45416,-9999.0
45417,-9999.0
45418,-9999.0
45419,-9999.0
45420,-9999.0
45421,-9999.0
45422,-9999.0
45423,-9999.0
45424,-9999.0
45425,-9999.0
45426,-9999.0
45427,-9999.0
45428,-9999.0
45429,-9999.0
45430,-9999.0
45431,-9999.0
45432,-9999.0
45433,-9999.0
45434,-9999.0
45435,-9999.0
45436,-9999.0
45437,-9999.0
45438,-9999.0
45439,-9999.0
45440,-9999.0
45441,-9999.0
45442,-9999.0
45443,-9999.0
45444,-9999.0
45445,-9999.0
45446,-9999.0
45447,-9999.0
45448,-9999.0
45449,-9999.0
45450,-9999.0
45451,-9999.0
45452,-9999.0
45453,-9999.0
45454,-9999.0
45455,-9999.0
45456,-9999.0
45457,-9999.0
45458,-9999.0
45459,-9999.0
45460,-9999.0
45461,-9999.0
45462,-9999.0
45463,-9999.0
45464,-9999.0
45465,-9999.0
45466,-9999.0
45467,-9999.0
45468,-9999.0
45469,-9999.0
45470,-9999.0
45471,-9999.0
45472,-9999.0
45473,-9999.0
45474,-9999.0
45475,-9999.0
45476,-9999.0
45477,-9999.0
45478,-9999.0
45479,-9999.0
45480,-9999.0
45481,-9999.0
45482,-9999.0
45483,-9999.0
45484,-9999.0
45485,-9999.0
45486,-9999.0
45487,-9999.0
45488,-9999.0
45489,-9999.0
45490,-9999.0
45491,-9999.0
45492,-9999.0
45493,-9999.0
45494,-9999.0
45495,-9999.0
45496,-9999.0
45497,-9999.0
45498,-9999.0
45499,-9999.0
45500,-9999.0
45501,-9999.0
45502,-9999.0
45503,-9999.0
45504,-9999.0
45505,-9999.0
45506,-9999.0
45507,-9999.0
45508,-9999.0
45509,-9999.0
45510,-9999.0
45511,-9999.0
45512,-9999.0
45513,-9999.0
45514,-9999.0
45515,-9999.0
45516,-9999.0
45517,-9999.0
45518,-9999.0
45519,-9999.0
45520,-9999.0
45521,-9999.0
45522,-9999.0
45523,-9999.0
45524,-9999.0
45525,-9999.0
45526,-9999.0
45527,-9999.0
45528,-9999.0
45529,-9999.0
45530,-9999.0
45531,-9999.0
45532,-9999.0
45533,-9999.0
45534,-9999.0
45535,-9999.0
45536,-9999.0
45537,-9999.0
45538,-9999.0
45539,-9999.0
45540,-9999.0
45541,-9999.0
45542,-9999.0
45543,-9999.0
45544,-9999.0
45545,-9999.0
45546,-9999.0
45547,-9999.0
45548,-9999.0
45549,-9999.0
45550,-9999.0
45551,-9999.0
45552,-9999.0
45553,-9999.0
45554,-9999.0
45555,-9999.0
45556,-9999.0
45557,-9999.0
45558,-9999.0
45559,-9999.0
45560,-9999.0
45561,-9999.0
45562,-9999.0
45563,-9999.0
45564,-9999.0
45565,-9999.0
45566,-9999.0
45567,-9999.0
45568,-9999.0
45569,-9999.0
45570,-9999.0
45571,-9999.0
45572,-9999.0
45573,-9999.0
45574,-9999.0
45575,-9999.0
45576,-9999.0
45577,-9999.0
45578,-9999.0
45579,-9999.0
45580,-9999.0
45581,-9999.0
45582,-9999.0
45583,-9999.0
45584,-9999.0
45585,-9999.0
45586,-9999.0
45587,-9999.0
45588,-9999.0
45589,-9999.0
45590,-9999.0
45591,-9999.0
45592,-9999.0
45593,-9999.0
45594,-9999.0
45595,-9999.0
45596,-9999.0
45597,-9999.0
45598,-9999.0
45599,-9999.0
45600,-9999.0
45601,-9999.0
45602,-9999.0
45603,-9999.0
45604,-9999.0
45605,-9999.0
45606,-9999.0
45607,-9999.0
45608,-9999.0
45609,-9999.0
45610,-9999.0
45611,-9999.0
45612,-9999.0
45613,-9999.0
45614,-9999.0
45615,-9999.0
45616,-9999.0
45617,-9999.0
45618,-9999.0
45619,-9999.0
45620,-9999.0
45621,-9999.0
45622,-9999.0
45623,-9999.0
45624,-9999.0
45625,-9999.0
45626,-9999.0
45627,-9999.0
45628,-9999.0
45629,-9999.0
45630,-9999.0
45631,-9999.0
45632,-9999.0
45633,-9999.0
45634,-9999.0
45635,-9999.0
45636,-9999.0
45637,-9999.0
45638,-9999.0
45639,-9999.0
45640,-9999.0
45641,-9999.0
45642,-9999.0
45643,-9999.0
45644,-9999.0
45645,-9999.0
45646,-9999.0
45647,-9999.0
45648,-9999.0
45649,-9999.0
45650,-9999.0
45651,-9999.0
45652,-9999.0
45653,-9999.0
45654,-9999.0
45655,-9999.0
45656,-9999.0
45657,-9999.0
45658,-9999.0
45659,-9999.0
45660,-9999.0
45661,-9999.0
45662,-9999.0
45663,-9999.0
45664,-9999.0
45665,-9999.0
45666,-9999.0
45667,-9999.0
45668,-9999.0
45669,-9999.0
45670,-9999.0
45671,-9999.0
45672,-9999.0
45673,-9999.0
45674,-9999.0
45675,-9999.0
45676,-9999.0
45677,-9999.0
45678,-9999.0
45679,-9999.0
45680,-9999.0
45681,-9999.0
45682,-9999.0
45683,-9999.0
45684,-9999.0
45685,-9999.0
45686,-9999.0
45687,-9999.0
45688,-9999.0
45689,-9999.0
45690,-9999.0
45691,-9999.0
45692,-9999.0
45693,-9999.0
45694,-9999.0
45695,-9999.0
45696,-9999.0
45697,-9999.0
45698,-9999.0
45699,-9999.0
45700,-9999.0
45701,-9999.0
45702,-9999.0
45703,-9999.0
45704,-9999.0
45705,-9999.0
45706,-9999.0
45707,-9999.0
45708,-9999.0
45709,-9999.0
45710,-9999.0
45711,-9999.0
45712,-9999.0
45713,-9999.0
45714,-9999.0
45715,-9999.0
45716,-9999.0
45717,-9999.0
45718,-9999.0
45719,-9999.0
45720,-9999.0
45721,-9999.0
45722,-9999.0
45723,-9999.0
45724,-9999.0
45725,-9999.0
45726,-9999.0
45727,-9999.0
45728,-9999.0
45729,-9999.0
45730,-9999.0
45731,-9999.0
45732,-9999.0
45733,-9999.0
45734,-9999.0
45735,-9999.0
45736,-9999.0
45737,-9999.0
45738,-9999.0
45739,-9999.0
45740,-9999.0
45741,-9999.0
45742,-9999.0
45743,-9999.0
45744,-9999.0
45745,-9999.0
45746,-9999.0
45747,-9999.0
45748,-9999.0
45749,-9999.0
45750,-9999.0
45751,-9999.0
45752,-9999.0
45753,-9999.0
45754,-9999.0
45755,-9999.0
45756,-9999.0
45757,-9999.0
45758,-9999.0
45759,-9999.0
45760,-9999.0
45761,-9999.0
45762,-9999.0
45763,-9999.0
45764,-9999.0
45765,-9999.0
45766,-9999.0
45767,-9999.0
45768,-9999.0
45769,-9999.0
45770,-9999.0
45771,-9999.0
45772,-9999.0
45773,-9999.0
45774,-9999.0
45775,-9999.0
45776,-9999.0
45777,-9999.0
45778,-9999.0
45779,-9999.0
45780,-9999.0
45781,-9999.0
45782,-9999.0
45783,-9999.0
45784,-9999.0
45785,-9999.0
45786,-9999.0
45787,-9999.0
45788,-9999.0
45789,-9999.0
45790,-9999.0
45791,-9999.0
45792,-9999.0
45793,-9999.0
45794,-9999.0
45795,-9999.0
45796,-9999.0
45797,-9999.0
45798,-9999.0
45799,-9999.0
45800,-9999.0
45801,-9999.0
45802,-9999.0
45803,-9999.0
45804,-9999.0
45805,-9999.0
45806,-9999.0
45807,-9999.0
45808,-9999.0
45809,-9999.0
45810,-9999.0
45811,-9999.0
45812,-9999.0
45813,-9999.0
45814,-9999.0
45815,-9999.0
45816,-9999.0
45817,-9999.0
45818,-9999.0
45819,-9999.0
45820,-9999.0
45821,-9999.0
45822,-9999.0
45823,-9999.0
45824,-9999.0
45825,-9999.0
45826,-9999.0
45827,-9999.0
45828,-9999.0
45829,-9999.0
45830,-9999.0
45831,-9999.0
45832,-9999.0
45833,-9999.0
45834,-9999.0
45835,-9999.0
45836,-9999.0
45837,-9999.0
45838,-9999.0
45839,-9999.0
45840,-9999.0
45841,-9999.0
45842,-9999.0
45843,-9999.0
45844,-9999.0
45845,-9999.0
45846,-9999.0
45847,-9999.0
45848,-9999.0
45849,-9999.0
45850,-9999.0
45851,-9999.0
45852,-9999.0
45853,-9999.0
45854,-9999.0
45855,-9999.0
45856,-9999.0
45857,-9999.0
45858,-9999.0
45859,-9999.0
45860,-9999.0
45861,-9999.0
45862,-9999.0
45863,-9999.0
45864,-9999.0
45865,-9999.0
45866,-9999.0
45867,-9999.0
45868,-9999.0
45869,-9999.0
45870,-9999.0
45871,-9999.0
45872,-9999.0
45873,-9999.0
45874,-9999.0
45875,-9999.0
45876,-9999.0
45877,-9999.0
45878,-9999.0
45879,-9999.0
45880,-9999.0
45881,-9999.0
45882,-9999.0
45883,-9999.0
45884,-9999.0
45885,-9999.0
45886,-9999.0
45887,-9999.0
45888,-9999.0
45889,-9999.0
45890,-9999.0
45891,-9999.0
45892,-9999.0
45893,-9999.0
45894,-9999.0
45895,-9999.0
45896,-9999.0
45897,-9999.0
45898,-9999.0
45899,-9999.0
45900,-9999.0
45901,-9999.0
45902,-9999.0
45903,-9999.0
45904,-9999.0
45905,-9999.0
45906,-9999.0
45907,-9999.0
45908,-9999.0
45909,-9999.0
45910,-9999.0
45911,-9999.0
45912,-9999.0
45913,-9999.0
45914,-9999.0
45915,-9999.0
45916,-9999.0
45917,-9999.0
45918,-9999.0
45919,-9999.0
45920,-9999.0
45921,-9999.0
45922,-9999.0
45923,-9999.0
45924,-9999.0
45925,-9999.0
45926,-9999.0
45927,-9999.0
45928,-9999.0
45929,-9999.0
45930,-9999.0
45931,-9999.0
45932,-9999.0
45933,-9999.0
45934,-9999.0
45935,-9999.0
45936,-9999.0
45937,-9999.0
45938,-9999.0
45939,-9999.0
45940,-9999.0
45941,-9999.0
45942,-9999.0
45943,-9999.0
45944,-9999.0
45945,-9999.0
45946,-9999.0
45947,-9999.0
45948,-9999.0
45949,-9999.0
45950,-9999.0
45951,-9999.0
45952,-9999.0
45953,-9999.0
45954,-9999.0
45955,-9999.0
45956,-9999.0
45957,-9999.0
45958,-9999.0
45959,-9999.0
45960,-9999.0
45961,-9999.0
45962,-9999.0
45963,-9999.0
45964,-9999.0
45965,-9999.0
45966,-9999.0
45967,-9999.0
45968,-9999.0
45969,-9999.0
45970,-9999.0
45971,-9999.0
45972,-9999.0
45973,-9999.0
45974,-9999.0
45975,-9999.0
45976,-9999.0
45977,-9999.0
45978,-9999.0
45979,-9999.0
45980,-9999.0
45981,-9999.0
45982,-9999.0
45983,-9999.0
45984,-9999.0
45985,-9999.0
45986,-9999.0
45987,-9999.0
45988,-9999.0
45989,-9999.0
45990,-9999.0
45991,-9999.0
45992,-9999.0
45993,-9999.0
45994,-9999.0
45995,-9999.0
45996,-9999.0
45997,-9999.0
45998,-9999.0
45999,-9999.0
46000,-9999.0
46001,-9999.0
46002,-9999.0
46003,-9999.0
46004,-9999.0
46005,-9999.0
46006,-9999.0
46007,-9999.0
46008,-9999.0
46009,-9999.0
46010,-9999.0
46011,-9999.0
46012,-9999.0
46013,-9999.0
46014,-9999.0
46015,-9999.0
46016,-9999.0
46017,-9999.0
46018,-9999.0
46019,-9999.0
46020,-9999.0
46021,-9999.0
46022,-9999.0
46023,-9999.0
46024,-9999.0
46025,-9999.0
46026,-9999.0
46027,-9999.0
46028,-9999.0
46029,-9999.0
46030,-9999.0
46031,-9999.0
46032,-9999.0
46033,-9999.0
46034,-9999.0
46035,-9999.0
46036,-9999.0
46037,-9999.0
46038,-9999.0
46039,-9999.0
46040,-9999.0
46041,-9999.0
46042,-9999.0
46043,-9999.0
46044,-9999.0
46045,-9999.0
46046,-9999.0
46047,-9999.0
46048,-9999.0
46049,-9999.0
46050,-9999.0
46051,-9999.0
46052,-9999.0
46053,-9999.0
46054,-9999.0
46055,-9999.0
46056,-9999.0
46057,-9999.0
46058,-9999.0
46059,-9999.0
46060,-9999.0
46061,-9999.0
46062,-9999.0
46063,-9999.0
46064,-9999.0
46065,-9999.0
46066,-9999.0
46067,-9999.0
46068,-9999.0
46069,-9999.0
46070,-9999.0
46071,-9999.0
46072,-9999.0
46073,-9999.0
46074,-9999.0
46075,-9999.0
46076,-9999.0
46077,-9999.0
46078,-9999.0
46079,-9999.0
46080,-9999.0
46081,-9999.0
46082,-9999.0
46083,-9999.0
46084,-9999.0
46085,-9999.0
46086,-9999.0
46087,-9999.0
46088,-9999.0
46089,-9999.0
46090,-9999.0
46091,-9999.0
46092,-9999.0
46093,-9999.0
46094,-9999.0
46095,-9999.0
46096,-9999.0
46097,-9999.0
46098,-9999.0
46099,-9999.0
46100,-9999.0
46101,-9999.0
46102,-9999.0
46103,-9999.0
46104,-9999.0
46105,-9999.0
46106,-9999.0
46107,-9999.0
46108,-9999.0
46109,-9999.0
46110,-9999.0
46111,-9999.0
46112,-9999.0
46113,-9999.0
46114,-9999.0
46115,-9999.0
46116,-9999.0
46117,-9999.0
46118,-9999.0
46119,-9999.0
46120,-9999.0
46121,-9999.0
46122,-9999.0
46123,-9999.0
46124,-9999.0
46125,-9999.0
46126,-9999.0
46127,-9999.0
46128,-9999.0
46129,-9999.0
46130,-9999.0
46131,-9999.0
46132,-9999.0
46133,-9999.0
46134,-9999.0
46135,-9999.0
46136,-9999.0
46137,-9999.0
46138,-9999.0
46139,-9999.0
46140,-9999.0
46141,-9999.0
46142,-9999.0
46143,-9999.0
46144,-9999.0
46145,-9999.0
46146,-9999.0
46147,-9999.0
46148,-9999.0
46149,-9999.0
46150,-9999.0
46151,-9999.0
46152,-9999.0
46153,-9999.0
46154,-9999.0
46155,-9999.0
46156,-9999.0
46157,-9999.0
46158,-9999.0
46159,-9999.0
46160,-9999.0
46161,-9999.0
46162,-9999.0
46163,-9999.0
46164,-9999.0
46165,-9999.0
46166,-9999.0
46167,-9999.0
46168,-9999.0
46169,-9999.0
46170,-9999.0
46171,-9999.0
46172,-9999.0
46173,-9999.0
46174,-9999.0
46175,-9999.0
46176,-9999.0
46177,-9999.0
46178,-9999.0
46179,-9999.0
46180,-9999.0
46181,-9999.0
46182,-9999.0
46183,-9999.0
46184,-9999.0
46185,-9999.0
46186,-9999.0
46187,-9999.0
46188,-9999.0
46189,-9999.0
46190,-9999.0
46191,-9999.0
46192,-9999.0
46193,-9999.0
46194,-9999.0
46195,-9999.0
46196,-9999.0
46197,-9999.0
46198,-9999.0
46199,-9999.0
46200,-9999.0
46201,-9999.0
46202,-9999.0
46203,-9999.0
46204,-9999.0
46205,-9999.0
46206,-9999.0
46207,-9999.0
46208,-9999.0
46209,-9999.0
46210,-9999.0
46211,-9999.0
46212,-9999.0
46213,-9999.0
46214,-9999.0
46215,-9999.0
46216,-9999.0
46217,-9999.0
46218,-9999.0
46219,-9999.0
46220,-9999.0
46221,-9999.0
46222,-9999.0
46223,-9999.0
46224,-9999.0
46225,-9999.0
46226,-9999.0
46227,-9999.0
46228,-9999.0
46229,-9999.0
46230,-9999.0
46231,-9999.0
46232,-9999.0
46233,-9999.0
46234,-9999.0
46235,-9999.0
46236,-9999.0
46237,-9999.0
46238,-9999.0
46239,-9999.0
46240,-9999.0
46241,-9999.0
46242,-9999.0
46243,-9999.0
46244,-9999.0
46245,-9999.0
46246,-9999.0
46247,-9999.0
46248,-9999.0
46249,-9999.0
46250,-9999.0
46251,-9999.0
46252,-9999.0
46253,-9999.0
46254,-9999.0
46255,-9999.0
46256,-9999.0
46257,-9999.0
46258,-9999.0
46259,-9999.0
46260,-9999.0
46261,-9999.0
46262,-9999.0
46263,-9999.0
46264,-9999.0
46265,-9999.0
46266,-9999.0
46267,-9999.0
46268,-9999.0
46269,-9999.0
46270,-9999.0
46271,-9999.0
46272,-9999.0
46273,-9999.0
46274,-9999.0
46275,-9999.0
46276,-9999.0
46277,-9999.0
46278,-9999.0
46279,-9999.0
46280,-9999.0
46281,-9999.0
46282,-9999.0
46283,-9999.0
46284,-9999.0
46285,-9999.0
46286,-9999.0
46287,-9999.0
46288,-9999.0
46289,-9999.0
46290,-9999.0
46291,-9999.0
46292,-9999.0
46293,-9999.0
46294,-9999.0
46295,-9999.0
46296,-9999.0
46297,-9999.0
46298,-9999.0
46299,-9999.0
46300,-9999.0
46301,-9999.0
46302,-9999.0
46303,-9999.0
46304,-9999.0
46305,-9999.0
46306,-9999.0
46307,-9999.0
46308,-9999.0
46309,-9999.0
46310,-9999.0
46311,-9999.0
46312,-9999.0
46313,-9999.0
46314,-9999.0
46315,-9999.0
46316,-9999.0
46317,-9999.0
46318,-9999.0
46319,-9999.0
46320,-9999.0
46321,-9999.0
46322,-9999.0
46323,-9999.0
46324,-9999.0
46325,-9999.0
46326,-9999.0
46327,-9999.0
46328,-9999.0
46329,-9999.0
46330,-9999.0
46331,-9999.0
46332,-9999.0
46333,-9999.0
46334,-9999.0
46335,-9999.0
46336,-9999.0
46337,-9999.0
46338,-9999.0
46339,-9999.0
46340,-9999.0
46341,-9999.0
46342,-9999.0
46343,-9999.0
46344,-9999.0
46345,-9999.0
46346,-9999.0
46347,-9999.0
46348,-9999.0
46349,-9999.0
46350,-9999.0
46351,-9999.0
46352,-9999.0
46353,-9999.0
46354,-9999.0
46355,-9999.0
46356,-9999.0
46357,-9999.0
46358,-9999.0
46359,-9999.0
46360,-9999.0
46361,-9999.0
46362,-9999.0
46363,-9999.0
46364,-9999.0
46365,-9999.0
46366,-9999.0
46367,-9999.0
46368,-9999.0
46369,-9999.0
46370,-9999.0
46371,-9999.0
46372,-9999.0
46373,-9999.0
46374,-9999.0
46375,-9999.0
46376,-9999.0
46377,-9999.0
46378,-9999.0
46379,-9999.0
46380,-9999.0
46381,-9999.0
46382,-9999.0
46383,-9999.0
46384,-9999.0
46385,-9999.0
46386,-9999.0
46387,-9999.0
46388,-9999.0
46389,-9999.0
46390,-9999.0
46391,-9999.0
46392,-9999.0
46393,-9999.0
46394,-9999.0
46395,-9999.0
46396,-9999.0
46397,-9999.0
46398,-9999.0
46399,-9999.0
46400,-9999.0
46401,-9999.0
46402,-9999.0
46403,-9999.0
46404,-9999.0
46405,-9999.0
46406,-9999.0
46407,-9999.0
46408,-9999.0
46409,-9999.0
46410,-9999.0
46411,-9999.0
46412,-9999.0
46413,-9999.0
46414,-9999.0
46415,-9999.0
46416,-9999.0
46417,-9999.0
46418,-9999.0
46419,-9999.0
46420,-9999.0
46421,-9999.0
46422,-9999.0
46423,-9999.0
46424,-9999.0
46425,-9999.0
46426,-9999.0
46427,-9999.0
46428,-9999.0
46429,-9999.0
46430,-9999.0
46431,-9999.0
46432,-9999.0
46433,-9999.0
46434,-9999.0
46435,-9999.0
46436,-9999.0
46437,-9999.0
46438,-9999.0
46439,-9999.0
46440,-9999.0
46441,-9999.0
46442,-9999.0
46443,-9999.0
46444,-9999.0
46445,-9999.0
46446,-9999.0
46447,-9999.0
46448,-9999.0
46449,-9999.0
46450,-9999.0
46451,-9999.0
46452,-9999.0
46453,-9999.0
46454,-9999.0
46455,-9999.0
46456,-9999.0
46457,-9999.0
46458,-9999.0
46459,-9999.0
46460,-9999.0
46461,-9999.0
46462,-9999.0
46463,-9999.0
46464,-9999.0
46465,-9999.0
46466,-9999.0
46467,-9999.0
46468,-9999.0
46469,-9999.0
46470,-9999.0
46471,-9999.0
46472,-9999.0
46473,-9999.0
46474,-9999.0
46475,-9999.0
46476,-9999.0
46477,-9999.0
46478,-9999.0
46479,-9999.0
46480,-9999.0
46481,-9999.0
46482,-9999.0
46483,-9999.0
46484,-9999.0
46485,-9999.0
46486,-9999.0
46487,-9999.0
46488,-9999.0
46489,-9999.0
46490,-9999.0
46491,-9999.0
46492,-9999.0
46493,-9999.0
46494,-9999.0
46495,-9999.0
46496,-9999.0
46497,-9999.0
46498,-9999.0
46499,-9999.0
46500,-9999.0
46501,-9999.0
46502,-9999.0
46503,-9999.0
46504,-9999.0
46505,-9999.0
46506,-9999.0
46507,-9999.0
46508,-9999.0
46509,-9999.0
46510,-9999.0
46511,-9999.0
46512,-9999.0
46513,-9999.0
46514,-9999.0
46515,-9999.0
46516,-9999.0
46517,-9999.0
46518,-9999.0
46519,-9999.0
46520,-9999.0
46521,-9999.0
46522,-9999.0
46523,-9999.0
46524,-9999.0
46525,-9999.0
46526,-9999.0
46527,-9999.0
46528,-9999.0
46529,-9999.0
46530,-9999.0
46531,-9999.0
46532,-9999.0
46533,-9999.0
46534,-9999.0
46535,-9999.0
46536,-9999.0
46537,-9999.0
46538,-9999.0
46539,-9999.0
46540,-9999.0
46541,-9999.0
46542,-9999.0
46543,-9999.0
46544,-9999.0
46545,-9999.0
46546,-9999.0
46547,-9999.0
46548,-9999.0
46549,-9999.0
46550,-9999.0
46551,-9999.0
46552,-9999.0
46553,-9999.0
46554,-9999.0
46555,-9999.0
46556,-9999.0
46557,-9999.0
46558,-9999.0
46559,-9999.0
46560,-9999.0
46561,-9999.0
46562,-9999.0
46563,-9999.0
46564,-9999.0
46565,-9999.0
46566,-9999.0
46567,-9999.0
46568,-9999.0
46569,-9999.0
46570,-9999.0
46571,-9999.0
46572,-9999.0
46573,-9999.0
46574,-9999.0
46575,-9999.0
46576,-9999.0
46577,-9999.0
46578,-9999.0
46579,-9999.0
46580,-9999.0
46581,-9999.0
46582,-9999.0
46583,-9999.0
46584,-9999.0
46585,-9999.0
46586,-9999.0
46587,-9999.0
46588,-9999.0
46589,-9999.0
46590,-9999.0
46591,-9999.0
46592,-9999.0
46593,-9999.0
46594,-9999.0
46595,-9999.0
46596,-9999.0
46597,-9999.0
46598,-9999.0
46599,-9999.0
46600,-9999.0
46601,-9999.0
46602,-9999.0
46603,-9999.0
46604,-9999.0
46605,-9999.0
46606,-9999.0
46607,-9999.0
46608,-9999.0
46609,-9999.0
46610,-9999.0
46611,-9999.0
46612,-9999.0
46613,-9999.0
46614,-9999.0
46615,-9999.0
46616,-9999.0
46617,-9999.0
46618,-9999.0
46619,-9999.0
46620,-9999.0
46621,-9999.0
46622,-9999.0
46623,-9999.0
46624,-9999.0
46625,-9999.0
46626,-9999.0
46627,-9999.0
46628,-9999.0
46629,-9999.0
46630,-9999.0
46631,-9999.0
46632,-9999.0
46633,-9999.0
46634,-9999.0
46635,-9999.0
46636,-9999.0
46637,-9999.0
46638,-9999.0
46639,-9999.0
46640,-9999.0
46641,-9999.0
46642,-9999.0
46643,-9999.0
46644,-9999.0
46645,-9999.0
46646,-9999.0
46647,-9999.0
46648,-9999.0
46649,-9999.0
46650,-9999.0
46651,-9999.0
46652,-9999.0
46653,-9999.0
46654,-9999.0
46655,-9999.0
46656,-9999.0
46657,-9999.0
46658,-9999.0
46659,-9999.0
46660,-9999.0
46661,-9999.0
46662,-9999.0
46663,-9999.0
46664,-9999.0
46665,-9999.0
46666,-9999.0
46667,-9999.0
46668,-9999.0
46669,-9999.0
46670,-9999.0
46671,-9999.0
46672,-9999.0
46673,-9999.0
46674,-9999.0
46675,-9999.0
46676,-9999.0
46677,-9999.0
46678,-9999.0
46679,-9999.0
46680,-9999.0
46681,-9999.0
46682,-9999.0
46683,-9999.0
46684,-9999.0
46685,-9999.0
46686,-9999.0
46687,-9999.0
46688,-9999.0
46689,-9999.0
46690,-9999.0
46691,-9999.0
46692,-9999.0
46693,-9999.0
46694,-9999.0
46695,-9999.0
46696,-9999.0
46697,-9999.0
46698,-9999.0
46699,-9999.0
46700,-9999.0
46701,-9999.0
46702,-9999.0
46703,-9999.0
46704,-9999.0
46705,-9999.0
46706,-9999.0
46707,-9999.0
46708,-9999.0
46709,-9999.0
46710,-9999.0
46711,-9999.0
46712,-9999.0
46713,-9999.0
46714,-9999.0
46715,-9999.0
46716,-9999.0
46717,-9999.0
46718,-9999.0
46719,-9999.0
46720,-9999.0
46721,-9999.0
46722,-9999.0
46723,-9999.0
46724,-9999.0
46725,-9999.0
46726,-9999.0
46727,-9999.0
46728,-9999.0
46729,-9999.0
46730,-9999.0
46731,-9999.0
46732,-9999.0
46733,-9999.0
46734,-9999.0
46735,-9999.0
46736,-9999.0
46737,-9999.0
46738,-9999.0
46739,-9999.0
46740,-9999.0
46741,-9999.0
46742,-9999.0
46743,-9999.0
46744,-9999.0
46745,-9999.0
46746,-9999.0
46747,-9999.0
46748,-9999.0
46749,-9999.0
46750,-9999.0
46751,-9999.0
46752,-9999.0
46753,-9999.0
46754,-9999.0
46755,-9999.0
46756,-9999.0
46757,-9999.0
46758,-9999.0
46759,-9999.0
46760,-9999.0
46761,-9999.0
46762,-9999.0
46763,-9999.0
46764,-9999.0
46765,-9999.0
46766,-9999.0
46767,-9999.0
46768,-9999.0
46769,-9999.0
46770,-9999.0
46771,-9999.0
46772,-9999.0
46773,-9999.0
46774,-9999.0
46775,-9999.0
46776,-9999.0
46777,-9999.0
46778,-9999.0
46779,-9999.0
46780,-9999.0
46781,-9999.0
46782,-9999.0
46783,-9999.0
46784,-9999.0
46785,-9999.0
46786,-9999.0
46787,-9999.0
46788,-9999.0
46789,-9999.0
46790,-9999.0
46791,-9999.0
46792,-9999.0
46793,-9999.0
46794,-9999.0
46795,-9999.0
46796,-9999.0
46797,-9999.0
46798,-9999.0
46799,-9999.0
46800,-9999.0
46801,-9999.0
46802,-9999.0
46803,-9999.0
46804,-9999.0
46805,-9999.0
46806,-9999.0
46807,-9999.0
46808,-9999.0
46809,-9999.0
46810,-9999.0
46811,-9999.0
46812,-9999.0
46813,-9999.0
46814,-9999.0
46815,-9999.0
46816,-9999.0
46817,-9999.0
46818,-9999.0
46819,-9999.0
46820,-9999.0
46821,-9999.0
46822,-9999.0
46823,-9999.0
46824,-9999.0
46825,-9999.0
46826,-9999.0
46827,-9999.0
46828,-9999.0
46829,-9999.0
46830,-9999.0
46831,-9999.0
46832,-9999.0
46833,-9999.0
46834,-9999.0
46835,-9999.0
46836,-9999.0
46837,-9999.0
46838,-9999.0
46839,-9999.0
46840,-9999.0
46841,-9999.0
46842,-9999.0
46843,-9999.0
46844,-9999.0
46845,-9999.0
46846,-9999.0
46847,-9999.0
46848,-9999.0
46849,-9999.0
46850,-9999.0
46851,-9999.0
46852,-9999.0
46853,-9999.0
46854,-9999.0
46855,-9999.0
46856,-9999.0
46857,-9999.0
46858,-9999.0
46859,-9999.0
46860,-9999.0
46861,-9999.0
46862,-9999.0
46863,-9999.0
46864,-9999.0
46865,-9999.0
46866,-9999.0
46867,-9999.0
46868,-9999.0
46869,-9999.0
46870,-9999.0
46871,-9999.0
46872,-9999.0
46873,-9999.0
46874,-9999.0
46875,-9999.0
46876,-9999.0
46877,-9999.0
46878,-9999.0
46879,-9999.0
46880,-9999.0
46881,-9999.0
46882,-9999.0
46883,-9999.0
46884,-9999.0
46885,-9999.0
46886,-9999.0
46887,-9999.0
46888,-9999.0
46889,-9999.0
46890,-9999.0
46891,-9999.0
46892,-9999.0
46893,-9999.0
46894,-9999.0
46895,-9999.0
46896,-9999.0
46897,-9999.0
46898,-9999.0
46899,-9999.0
46900,-9999.0
46901,-9999.0
46902,-9999.0
46903,-9999.0
46904,-9999.0
46905,-9999.0
46906,-9999.0
46907,-9999.0
46908,-9999.0
46909,-9999.0
46910,-9999.0
46911,-9999.0
46912,-9999.0
46913,-9999.0
46914,-9999.0
46915,-9999.0
46916,-9999.0
46917,-9999.0
46918,-9999.0
46919,-9999.0
46920,-9999.0
46921,-9999.0
46922,-9999.0
46923,-9999.0
46924,-9999.0
46925,-9999.0
46926,-9999.0
46927,-9999.0
46928,-9999.0
46929,-9999.0
46930,-9999.0
46931,-9999.0
46932,-9999.0
46933,-9999.0
46934,-9999.0
46935,-9999.0
46936,-9999.0
46937,-9999.0
46938,-9999.0
46939,-9999.0
46940,-9999.0
46941,-9999.0
46942,-9999.0
46943,-9999.0
46944,-9999.0
46945,-9999.0
46946,-9999.0
46947,-9999.0
46948,-9999.0
46949,-9999.0
46950,-9999.0
46951,-9999.0
46952,-9999.0
46953,-9999.0
46954,-9999.0
46955,-9999.0
46956,-9999.0
46957,-9999.0
46958,-9999.0
46959,-9999.0
46960,-9999.0
46961,-9999.0
46962,-9999.0
46963,-9999.0
46964,-9999.0
46965,-9999.0
46966,-9999.0
46967,-9999.0
46968,-9999.0
46969,-9999.0
46970,-9999.0
46971,-9999.0
46972,-9999.0
46973,-9999.0
46974,-9999.0
46975,-9999.0
46976,-9999.0
46977,-9999.0
46978,-9999.0
46979,-9999.0
46980,-9999.0
46981,-9999.0
46982,-9999.0
46983,-9999.0
46984,-9999.0
46985,-9999.0
46986,-9999.0
46987,-9999.0
46988,-9999.0
46989,-9999.0
46990,-9999.0
46991,-9999.0
46992,-9999.0
46993,-9999.0
46994,-9999.0
46995,-9999.0
46996,-9999.0
46997,-9999.0
46998,-9999.0
46999,-9999.0
47000,-9999.0
47001,-9999.0
47002,-9999.0
47003,-9999.0
47004,-9999.0
47005,-9999.0
47006,-9999.0
47007,-9999.0
47008,-9999.0
47009,-9999.0
47010,-9999.0
47011,-9999.0
47012,-9999.0
47013,-9999.0
47014,-9999.0
47015,-9999.0
47016,-9999.0
47017,-9999.0
47018,-9999.0
47019,-9999.0
47020,-9999.0
47021,-9999.0
47022,-9999.0
47023,-9999.0
47024,-9999.0
47025,-9999.0
47026,-9999.0
47027,-9999.0
47028,-9999.0
47029,-9999.0
47030,-9999.0
47031,-9999.0
47032,-9999.0
47033,-9999.0
47034,-9999.0
47035,-9999.0
47036,-9999.0
47037,-9999.0
47038,-9999.0
47039,-9999.0
47040,-9999.0
47041,-9999.0
47042,-9999.0
47043,-9999.0
47044,-9999.0
47045,-9999.0
47046,-9999.0
47047,-9999.0
47048,-9999.0
47049,-9999.0
47050,-9999.0
47051,-9999.0
47052,-9999.0
47053,-9999.0
47054,-9999.0
47055,-9999.0
47056,-9999.0
47057,-9999.0
47058,-9999.0
47059,-9999.0
47060,-9999.0
47061,-9999.0
47062,-9999.0
47063,-9999.0
47064,-9999.0
47065,-9999.0
47066,-9999.0
47067,-9999.0
47068,-9999.0
47069,-9999.0
47070,-9999.0
47071,-9999.0
47072,-9999.0
47073,-9999.0
47074,-9999.0
47075,-9999.0
47076,-9999.0
47077,-9999.0
47078,-9999.0
47079,-9999.0
47080,-9999.0
47081,-9999.0
47082,-9999.0
47083,-9999.0
47084,-9999.0
47085,-9999.0
47086,-9999.0
47087,-9999.0
47088,-9999.0
47089,-9999.0
47090,-9999.0
47091,-9999.0
47092,-9999.0
47093,-9999.0
47094,-9999.0
47095,-9999.0
47096,-9999.0
47097,-9999.0
47098,-9999.0
47099,-9999.0
47100,-9999.0
47101,-9999.0
47102,-9999.0
47103,-9999.0
47104,-9999.0
47105,-9999.0
47106,-9999.0
47107,-9999.0
47108,-9999.0
47109,-9999.0
47110,-9999.0
47111,-9999.0
47112,-9999.0
47113,-9999.0
47114,-9999.0
47115,-9999.0
47116,-9999.0
47117,-9999.0
47118,-9999.0
47119,-9999.0
47120,-9999.0
47121,-9999.0
47122,-9999.0
47123,-9999.0
47124,-9999.0
47125,-9999.0
47126,-9999.0
47127,-9999.0
47128,-9999.0
47129,-9999.0
47130,-9999.0
47131,-9999.0
47132,-9999.0
47133,-9999.0
47134,-9999.0
47135,-9999.0
47136,-9999.0
47137,-9999.0
47138,-9999.0
47139,-9999.0
47140,-9999.0
47141,-9999.0
47142,-9999.0
47143,-9999.0
47144,-9999.0
47145,-9999.0
47146,-9999.0
47147,-9999.0
47148,-9999.0
47149,-9999.0
47150,-9999.0
47151,-9999.0
47152,-9999.0
47153,-9999.0
47154,-9999.0
47155,-9999.0
47156,-9999.0
47157,-9999.0
47158,-9999.0
47159,-9999.0
47160,-9999.0
47161,-9999.0
47162,-9999.0
47163,-9999.0
47164,-9999.0
47165,-9999.0
47166,-9999.0
47167,-9999.0
47168,-9999.0
47169,-9999.0
47170,-9999.0
47171,-9999.0
47172,-9999.0
47173,-9999.0
47174,-9999.0
47175,-9999.0
47176,-9999.0
47177,-9999.0
47178,-9999.0
47179,-9999.0
47180,-9999.0
47181,-9999.0
47182,-9999.0
47183,-9999.0
47184,-9999.0
47185,-9999.0
47186,-9999.0
47187,-9999.0
47188,-9999.0
47189,-9999.0
47190,-9999.0
47191,-9999.0
47192,-9999.0
47193,-9999.0
47194,-9999.0
47195,-9999.0
47196,-9999.0
47197,-9999.0
47198,-9999.0
47199,-9999.0
47200,-9999.0
47201,-9999.0
47202,-9999.0
47203,-9999.0
47204,-9999.0
47205,-9999.0
47206,-9999.0
47207,-9999.0
47208,-9999.0
47209,-9999.0
47210,-9999.0
47211,-9999.0
47212,-9999.0
47213,-9999.0
47214,-9999.0
47215,-9999.0
47216,-9999.0
47217,-9999.0
47218,-9999.0
47219,-9999.0
47220,-9999.0
47221,-9999.0
47222,-9999.0
47223,-9999.0
47224,-9999.0
47225,-9999.0
47226,-9999.0
47227,-9999.0
47228,-9999.0
47229,-9999.0
47230,-9999.0
47231,-9999.0
47232,-9999.0
47233,-9999.0
47234,-9999.0
47235,-9999.0
47236,-9999.0
47237,-9999.0
47238,-9999.0
47239,-9999.0
47240,-9999.0
47241,-9999.0
47242,-9999.0
47243,-9999.0
47244,-9999.0
47245,-9999.0
47246,-9999.0
47247,-9999.0
47248,-9999.0
47249,-9999.0
47250,-9999.0
47251,-9999.0
47252,-9999.0
47253,-9999.0
47254,-9999.0
47255,-9999.0
47256,-9999.0
47257,-9999.0
47258,-9999.0
47259,-9999.0
47260,-9999.0
47261,-9999.0
47262,-9999.0
47263,-9999.0
47264,-9999.0
47265,-9999.0
47266,-9999.0
47267,-9999.0
47268,-9999.0
47269,-9999.0
47270,-9999.0
47271,-9999.0
47272,-9999.0
47273,-9999.0
47274,-9999.0
47275,-9999.0
47276,-9999.0
47277,-9999.0
47278,-9999.0
47279,-9999.0
47280,-9999.0
47281,-9999.0
47282,-9999.0
47283,-9999.0
47284,-9999.0
47285,-9999.0
47286,-9999.0
47287,-9999.0
47288,-9999.0
47289,-9999.0
47290,-9999.0
47291,-9999.0
47292,-9999.0
47293,-9999.0
47294,-9999.0
47295,-9999.0
47296,-9999.0
47297,-9999.0
47298,-9999.0
47299,-9999.0
47300,-9999.0
47301,-9999.0
47302,-9999.0
47303,-9999.0
47304,-9999.0
47305,-9999.0
47306,-9999.0
47307,-9999.0
47308,-9999.0
47309,-9999.0
47310,-9999.0
47311,-9999.0
47312,-9999.0
47313,-9999.0
47314,-9999.0
47315,-9999.0
47316,-9999.0
47317,-9999.0
47318,-9999.0
47319,-9999.0
47320,-9999.0
47321,-9999.0
47322,-9999.0
47323,-9999.0
47324,-9999.0
47325,-9999.0
47326,-9999.0
47327,-9999.0
47328,-9999.0
47329,-9999.0
47330,-9999.0
47331,-9999.0
47332,-9999.0
47333,-9999.0
47334,-9999.0
47335,-9999.0
47336,-9999.0
47337,-9999.0
47338,-9999.0
47339,-9999.0
47340,-9999.0
47341,-9999.0
47342,-9999.0
47343,-9999.0
47344,-9999.0
47345,-9999.0
47346,-9999.0
47347,-9999.0
47348,-9999.0
47349,-9999.0
47350,-9999.0
47351,-9999.0
47352,-9999.0
47353,-9999.0
47354,-9999.0
47355,-9999.0
47356,-9999.0
47357,-9999.0
47358,-9999.0
47359,-9999.0
47360,-9999.0
47361,-9999.0
47362,-9999.0
47363,-9999.0
47364,-9999.0
47365,-9999.0
47366,-9999.0
47367,-9999.0
47368,-9999.0
47369,-9999.0
47370,-9999.0
47371,-9999.0
47372,-9999.0
47373,-9999.0
47374,-9999.0
47375,-9999.0
47376,-9999.0
47377,-9999.0
47378,-9999.0
47379,-9999.0
47380,-9999.0
47381,-9999.0
47382,-9999.0
47383,-9999.0
47384,-9999.0
47385,-9999.0
47386,-9999.0
47387,-9999.0
47388,-9999.0
47389,-9999.0
47390,-9999.0
47391,-9999.0
47392,-9999.0
47393,-9999.0
47394,-9999.0
47395,-9999.0
47396,-9999.0
47397,-9999.0
47398,-9999.0
47399,-9999.0
47400,-9999.0
47401,-9999.0
47402,-9999.0
47403,-9999.0
47404,-9999.0
47405,-9999.0
47406,-9999.0
47407,-9999.0
47408,-9999.0
47409,-9999.0
47410,-9999.0
47411,-9999.0
47412,-9999.0
47413,-9999.0
47414,-9999.0
47415,-9999.0
47416,-9999.0
47417,-9999.0
47418,-9999.0
47419,-9999.0
47420,-9999.0
47421,-9999.0
47422,-9999.0
47423,-9999.0
47424,-9999.0
47425,-9999.0
47426,-9999.0
47427,-9999.0
47428,-9999.0
47429,-9999.0
47430,-9999.0
47431,-9999.0
47432,-9999.0
47433,-9999.0
47434,-9999.0
47435,-9999.0
47436,-9999.0
47437,-9999.0
47438,-9999.0
47439,-9999.0
47440,-9999.0
47441,-9999.0
47442,-9999.0
47443,-9999.0
47444,-9999.0
47445,-9999.0
47446,-9999.0
47447,-9999.0
47448,-9999.0
47449,-9999.0
47450,-9999.0
47451,-9999.0
47452,-9999.0
47453,-9999.0
47454,-9999.0
47455,-9999.0
47456,-9999.0
47457,-9999.0
47458,-9999.0
47459,-9999.0
47460,-9999.0
47461,-9999.0
47462,-9999.0
47463,-9999.0
47464,-9999.0
47465,-9999.0
47466,-9999.0
47467,-9999.0
47468,-9999.0
47469,-9999.0
47470,-9999.0
47471,-9999.0
47472,-9999.0
47473,-9999.0
47474,-9999.0
47475,-9999.0
47476,-9999.0
47477,-9999.0
47478,-9999.0
47479,-9999.0
47480,-9999.0
47481,-9999.0
47482,-9999.0
47483,-9999.0
47484,-9999.0
47485,-9999.0
47486,-9999.0
47487,-9999.0
47488,-9999.0
47489,-9999.0
47490,-9999.0
47491,-9999.0
47492,-9999.0
47493,-9999.0
47494,-9999.0
47495,-9999.0
47496,-9999.0
47497,-9999.0
47498,-9999.0
47499,-9999.0
47500,-9999.0
47501,-9999.0
47502,-9999.0
47503,-9999.0
47504,-9999.0
47505,-9999.0
47506,-9999.0
47507,-9999.0
47508,-9999.0
47509,-9999.0
47510,-9999.0
47511,-9999.0
47512,-9999.0
47513,-9999.0
47514,-9999.0
47515,-9999.0
47516,-9999.0
47517,-9999.0
47518,-9999.0
47519,-9999.0
47520,-9999.0
47521,-9999.0
47522,-9999.0
47523,-9999.0
47524,-9999.0
47525,-9999.0
47526,-9999.0
47527,-9999.0
47528,-9999.0
47529,-9999.0
47530,-9999.0
47531,-9999.0
47532,-9999.0
47533,-9999.0
47534,-9999.0
47535,-9999.0
47536,-9999.0
47537,-9999.0
47538,-9999.0
47539,-9999.0
47540,-9999.0
47541,-9999.0
47542,-9999.0
47543,-9999.0
47544,-9999.0
47545,-9999.0
47546,-9999.0
47547,-9999.0
47548,-9999.0
47549,-9999.0
47550,-9999.0
47551,-9999.0
47552,-9999.0
47553,-9999.0
47554,-9999.0
47555,-9999.0
47556,-9999.0
47557,-9999.0
47558,-9999.0
47559,-9999.0
47560,-9999.0
47561,-9999.0
47562,-9999.0
47563,-9999.0
47564,-9999.0
47565,-9999.0
47566,-9999.0
47567,-9999.0
47568,-9999.0
47569,-9999.0
47570,-9999.0
47571,-9999.0
47572,-9999.0
47573,-9999.0
47574,-9999.0
47575,-9999.0
47576,-9999.0
47577,-9999.0
47578,-9999.0
47579,-9999.0
47580,-9999.0
47581,-9999.0
47582,-9999.0
47583,-9999.0
47584,-9999.0
47585,-9999.0
47586,-9999.0
47587,-9999.0
47588,-9999.0
47589,-9999.0
47590,-9999.0
47591,-9999.0
47592,-9999.0
47593,-9999.0
47594,-9999.0
47595,-9999.0
47596,-9999.0
47597,-9999.0
47598,-9999.0
47599,-9999.0
47600,-9999.0
47601,-9999.0
47602,-9999.0
47603,-9999.0
47604,-9999.0
47605,-9999.0
47606,-9999.0
47607,-9999.0
47608,-9999.0
47609,-9999.0
47610,-9999.0
47611,-9999.0
47612,-9999.0
47613,-9999.0
47614,-9999.0
47615,-9999.0
47616,-9999.0
47617,-9999.0
47618,-9999.0
47619,-9999.0
47620,-9999.0
47621,-9999.0
47622,-9999.0
47623,-9999.0
47624,-9999.0
47625,-9999.0
47626,-9999.0
47627,-9999.0
47628,-9999.0
47629,-9999.0
47630,-9999.0
47631,-9999.0
47632,-9999.0
47633,-9999.0
47634,-9999.0
47635,-9999.0
47636,-9999.0
47637,-9999.0
47638,-9999.0
47639,-9999.0
47640,-9999.0
47641,-9999.0
47642,-9999.0
47643,-9999.0
47644,-9999.0
47645,-9999.0
47646,-9999.0
47647,-9999.0
47648,-9999.0
47649,-9999.0
47650,-9999.0
47651,-9999.0
47652,-9999.0
47653,-9999.0
47654,-9999.0
47655,-9999.0
47656,-9999.0
47657,-9999.0
47658,-9999.0
47659,-9999.0
47660,-9999.0
47661,-9999.0
47662,-9999.0
47663,-9999.0
47664,-9999.0
47665,-9999.0
47666,-9999.0
47667,-9999.0
47668,-9999.0
47669,-9999.0
47670,-9999.0
47671,-9999.0
47672,-9999.0
47673,-9999.0
47674,-9999.0
47675,-9999.0
47676,-9999.0
47677,-9999.0
47678,-9999.0
47679,-9999.0
47680,-9999.0
47681,-9999.0
47682,-9999.0
47683,-9999.0
47684,-9999.0
47685,-9999.0
47686,-9999.0
47687,-9999.0
47688,-9999.0
47689,-9999.0
47690,-9999.0
47691,-9999.0
47692,-9999.0
47693,-9999.0
47694,-9999.0
47695,-9999.0
47696,-9999.0
47697,-9999.0
47698,-9999.0
47699,-9999.0
47700,-9999.0
47701,-9999.0
47702,-9999.0
47703,-9999.0
47704,-9999.0
47705,-9999.0
47706,-9999.0
47707,-9999.0
47708,-9999.0
47709,-9999.0
47710,-9999.0
47711,-9999.0
47712,-9999.0
47713,-9999.0
47714,-9999.0
47715,-9999.0
47716,-9999.0
47717,-9999.0
47718,-9999.0
47719,-9999.0
47720,-9999.0
47721,-9999.0
47722,-9999.0
47723,-9999.0
47724,-9999.0
47725,-9999.0
47726,-9999.0
47727,-9999.0
47728,-9999.0
47729,-9999.0
47730,-9999.0
47731,-9999.0
47732,-9999.0
47733,-9999.0
47734,-9999.0
47735,-9999.0
47736,-9999.0
47737,-9999.0
47738,-9999.0
47739,-9999.0
47740,-9999.0
47741,-9999.0
47742,-9999.0
47743,-9999.0
47744,-9999.0
47745,-9999.0
47746,-9999.0
47747,-9999.0
47748,-9999.0
47749,-9999.0
47750,-9999.0
47751,-9999.0
47752,-9999.0
47753,-9999.0
47754,-9999.0
47755,-9999.0
47756,-9999.0
47757,-9999.0
47758,-9999.0
47759,-9999.0
47760,-9999.0
47761,-9999.0
47762,-9999.0
47763,-9999.0
47764,-9999.0
47765,-9999.0
47766,-9999.0
47767,-9999.0
47768,-9999.0
47769,-9999.0
47770,-9999.0
47771,-9999.0
47772,-9999.0
47773,-9999.0
47774,-9999.0
47775,-9999.0
47776,-9999.0
47777,-9999.0
47778,-9999.0
47779,-9999.0
47780,-9999.0
47781,-9999.0
47782,-9999.0
47783,-9999.0
47784,-9999.0
47785,-9999.0
47786,-9999.0
47787,-9999.0
47788,-9999.0
47789,-9999.0
47790,-9999.0
47791,-9999.0
47792,-9999.0
47793,-9999.0
47794,-9999.0
47795,-9999.0
47796,-9999.0
47797,-9999.0
47798,-9999.0
47799,-9999.0
47800,-9999.0
47801,-9999.0
47802,-9999.0
47803,-9999.0
47804,-9999.0
47805,-9999.0
47806,-9999.0
47807,-9999.0
47808,-9999.0
47809,-9999.0
47810,-9999.0
47811,-9999.0
47812,-9999.0
47813,-9999.0
47814,-9999.0
47815,-9999.0
47816,-9999.0
47817,-9999.0
47818,-9999.0
47819,-9999.0
47820,-9999.0
47821,-9999.0
47822,-9999.0
47823,-9999.0
47824,-9999.0
47825,-9999.0
47826,-9999.0
47827,-9999.0
47828,-9999.0
47829,-9999.0
47830,-9999.0
47831,-9999.0
47832,-9999.0
47833,-9999.0
47834,-9999.0
47835,-9999.0
47836,-9999.0
47837,-9999.0
47838,-9999.0
47839,-9999.0
47840,-9999.0
47841,-9999.0
47842,-9999.0
47843,-9999.0
47844,-9999.0
47845,-9999.0
47846,-9999.0
47847,-9999.0
47848,-9999.0
47849,-9999.0
47850,-9999.0
47851,-9999.0
47852,-9999.0
47853,-9999.0
47854,-9999.0
47855,-9999.0
47856,-9999.0
47857,-9999.0
47858,-9999.0
47859,-9999.0
47860,-9999.0
47861,-9999.0
47862,-9999.0
47863,-9999.0
47864,-9999.0
47865,-9999.0
47866,-9999.0
47867,-9999.0
47868,-9999.0
47869,-9999.0
47870,-9999.0
47871,-9999.0
47872,-9999.0
47873,-9999.0
47874,-9999.0
47875,-9999.0
47876,-9999.0
47877,-9999.0
47878,-9999.0
47879,-9999.0
47880,-9999.0
47881,-9999.0
47882,-9999.0
47883,-9999.0
47884,-9999.0
47885,-9999.0
47886,-9999.0
47887,-9999.0
47888,-9999.0
47889,-9999.0
47890,-9999.0
47891,-9999.0
47892,-9999.0
47893,-9999.0
47894,-9999.0
47895,-9999.0
47896,-9999.0
47897,-9999.0
47898,-9999.0
47899,-9999.0
47900,-9999.0
47901,-9999.0
47902,-9999.0
47903,-9999.0
47904,-9999.0
47905,-9999.0
47906,-9999.0
47907,-9999.0
47908,-9999.0
47909,-9999.0
47910,-9999.0
47911,-9999.0
47912,-9999.0
47913,-9999.0
47914,-9999.0
47915,-9999.0
47916,-9999.0
47917,-9999.0
47918,-9999.0
47919,-9999.0
47920,-9999.0
47921,-9999.0
47922,-9999.0
47923,-9999.0
47924,-9999.0
47925,-9999.0
47926,-9999.0
47927,-9999.0
47928,-9999.0
47929,-9999.0
47930,-9999.0
47931,-9999.0
47932,-9999.0
47933,-9999.0
47934,-9999.0
47935,-9999.0
47936,-9999.0
47937,-9999.0
47938,-9999.0
47939,-9999.0
47940,-9999.0
47941,-9999.0
47942,-9999.0
47943,-9999.0
47944,-9999.0
47945,-9999.0
47946,-9999.0
47947,-9999.0
47948,-9999.0
47949,-9999.0
47950,-9999.0
47951,-9999.0
47952,-9999.0
47953,-9999.0
47954,-9999.0
47955,-9999.0
47956,-9999.0
47957,-9999.0
47958,-9999.0
47959,-9999.0
47960,-9999.0
47961,-9999.0
47962,-9999.0
47963,-9999.0
47964,-9999.0
47965,-9999.0
47966,-9999.0
47967,-9999.0
47968,-9999.0
47969,-9999.0
47970,-9999.0
47971,-9999.0
47972,-9999.0
47973,-9999.0
47974,-9999.0
47975,-9999.0
47976,-9999.0
47977,-9999.0
47978,-9999.0
47979,-9999.0
47980,-9999.0
47981,-9999.0
47982,-9999.0
47983,-9999.0
47984,-9999.0
47985,-9999.0
47986,-9999.0
47987,-9999.0
47988,-9999.0
47989,-9999.0
47990,-9999.0
47991,-9999.0
47992,-9999.0
47993,-9999.0
47994,-9999.0
47995,-9999.0
47996,-9999.0
47997,-9999.0
47998,-9999.0
47999,-9999.0
48000,-9999.0
48001,-9999.0
48002,-9999.0
48003,-9999.0
48004,-9999.0
48005,-9999.0
48006,-9999.0
48007,-9999.0
48008,-9999.0
48009,-9999.0
48010,-9999.0
48011,-9999.0
48012,-9999.0
48013,-9999.0
48014,-9999.0
48015,-9999.0
48016,-9999.0
48017,-9999.0
48018,-9999.0
48019,-9999.0
48020,-9999.0
48021,-9999.0
48022,-9999.0
48023,-9999.0
48024,-9999.0
48025,-9999.0
48026,-9999.0
48027,-9999.0
48028,-9999.0
48029,-9999.0
48030,-9999.0
48031,-9999.0
48032,-9999.0
48033,-9999.0
48034,-9999.0
48035,-9999.0
48036,-9999.0
48037,-9999.0
48038,-9999.0
48039,-9999.0
48040,-9999.0
48041,-9999.0
48042,-9999.0
48043,-9999.0
48044,-9999.0
48045,-9999.0
48046,-9999.0
48047,-9999.0
48048,-9999.0
48049,-9999.0
48050,-9999.0
48051,-9999.0
48052,-9999.0
48053,-9999.0
48054,-9999.0
48055,-9999.0
48056,-9999.0
48057,-9999.0
48058,-9999.0
48059,-9999.0
48060,-9999.0
48061,-9999.0
48062,-9999.0
48063,-9999.0
48064,-9999.0
48065,-9999.0
48066,-9999.0
48067,-9999.0
48068,-9999.0
48069,-9999.0
48070,-9999.0
48071,-9999.0
48072,-9999.0
48073,-9999.0
48074,-9999.0
48075,-9999.0
48076,-9999.0
48077,-9999.0
48078,-9999.0
48079,-9999.0
48080,-9999.0
48081,-9999.0
48082,-9999.0
48083,-9999.0
48084,-9999.0
48085,-9999.0
48086,-9999.0
48087,-9999.0
48088,-9999.0
48089,-9999.0
48090,-9999.0
48091,-9999.0
48092,-9999.0
48093,-9999.0
48094,-9999.0
48095,-9999.0
48096,-9999.0
48097,-9999.0
48098,-9999.0
48099,-9999.0
48100,-9999.0
48101,-9999.0
48102,-9999.0
48103,-9999.0
48104,-9999.0
48105,-9999.0
48106,-9999.0
48107,-9999.0
48108,-9999.0
48109,-9999.0
48110,-9999.0
48111,-9999.0
48112,-9999.0
48113,-9999.0
48114,-9999.0
48115,-9999.0
48116,-9999.0
48117,-9999.0
48118,-9999.0
48119,-9999.0
48120,-9999.0
48121,-9999.0
48122,-9999.0
48123,-9999.0
48124,-9999.0
48125,-9999.0
48126,-9999.0
48127,-9999.0
48128,-9999.0
48129,-9999.0
48130,-9999.0
48131,-9999.0
48132,-9999.0
48133,-9999.0
48134,-9999.0
48135,-9999.0
48136,-9999.0
48137,-9999.0
48138,-9999.0
48139,-9999.0
48140,-9999.0
48141,-9999.0
48142,-9999.0
48143,-9999.0
48144,-9999.0
48145,-9999.0
48146,-9999.0
48147,-9999.0
48148,-9999.0
48149,-9999.0
48150,-9999.0
48151,-9999.0
48152,-9999.0
48153,-9999.0
48154,-9999.0
48155,-9999.0
48156,-9999.0
48157,-9999.0
48158,-9999.0
48159,-9999.0
48160,-9999.0
48161,-9999.0
48162,-9999.0
48163,-9999.0
48164,-9999.0
48165,-9999.0
48166,-9999.0
48167,-9999.0
48168,-9999.0
48169,-9999.0
48170,-9999.0
48171,-9999.0
48172,-9999.0
48173,-9999.0
48174,-9999.0
48175,-9999.0
48176,-9999.0
48177,-9999.0
48178,-9999.0
48179,-9999.0
48180,-9999.0
48181,-9999.0
48182,-9999.0
48183,-9999.0
48184,-9999.0
48185,-9999.0
48186,-9999.0
48187,-9999.0
48188,-9999.0
48189,-9999.0
48190,-9999.0
48191,-9999.0
48192,-9999.0
48193,-9999.0
48194,-9999.0
48195,-9999.0
48196,-9999.0
48197,-9999.0
48198,-9999.0
48199,-9999.0
48200,-9999.0
48201,-9999.0
48202,-9999.0
48203,-9999.0
48204,-9999.0
48205,-9999.0
48206,-9999.0
48207,-9999.0
48208,-9999.0
48209,-9999.0
48210,-9999.0
48211,-9999.0
48212,-9999.0
48213,-9999.0
48214,-9999.0
48215,-9999.0
48216,-9999.0
48217,-9999.0
48218,-9999.0
48219,-9999.0
48220,-9999.0
48221,-9999.0
48222,-9999.0
48223,-9999.0
48224,-9999.0
48225,-9999.0
48226,-9999.0
48227,-9999.0
48228,-9999.0
48229,-9999.0
48230,-9999.0
48231,-9999.0
48232,-9999.0
48233,-9999.0
48234,-9999.0
48235,-9999.0
48236,-9999.0
48237,-9999.0
48238,-9999.0
48239,-9999.0
48240,-9999.0
48241,-9999.0
48242,-9999.0
48243,-9999.0
48244,-9999.0
48245,-9999.0
48246,-9999.0
48247,-9999.0
48248,-9999.0
48249,-9999.0
48250,-9999.0
48251,-9999.0
48252,-9999.0
48253,-9999.0
48254,-9999.0
48255,-9999.0
48256,-9999.0
48257,-9999.0
48258,-9999.0
48259,-9999.0
48260,-9999.0
48261,-9999.0
48262,-9999.0
48263,-9999.0
48264,-9999.0
48265,-9999.0
48266,-9999.0
48267,-9999.0
48268,-9999.0
48269,-9999.0
48270,-9999.0
48271,-9999.0
48272,-9999.0
48273,-9999.0
48274,-9999.0
48275,-9999.0
48276,-9999.0
48277,-9999.0
48278,-9999.0
48279,-9999.0
48280,-9999.0
48281,-9999.0
48282,-9999.0
48283,-9999.0
48284,-9999.0
48285,-9999.0
48286,-9999.0
48287,-9999.0
48288,-9999.0
48289,-9999.0
48290,-9999.0
48291,-9999.0
48292,-9999.0
48293,-9999.0
48294,-9999.0
48295,-9999.0
48296,-9999.0
48297,-9999.0
48298,-9999.0
48299,-9999.0
48300,-9999.0
48301,-9999.0
48302,-9999.0
48303,-9999.0
48304,-9999.0
48305,-9999.0
48306,-9999.0
48307,-9999.0
48308,-9999.0
48309,-9999.0
48310,-9999.0
48311,-9999.0
48312,-9999.0
48313,-9999.0
48314,-9999.0
48315,-9999.0
48316,-9999.0
48317,-9999.0
48318,-9999.0
48319,-9999.0
48320,-9999.0
48321,-9999.0
48322,-9999.0
48323,-9999.0
48324,-9999.0
48325,-9999.0
48326,-9999.0
48327,-9999.0
48328,-9999.0
48329,-9999.0
48330,-9999.0
48331,-9999.0
48332,-9999.0
48333,-9999.0
48334,-9999.0
48335,-9999.0
48336,-9999.0
48337,-9999.0
48338,-9999.0
48339,-9999.0
48340,-9999.0
48341,-9999.0
48342,-9999.0
48343,-9999.0
48344,-9999.0
48345,-9999.0
48346,-9999.0
48347,-9999.0
48348,-9999.0
48349,-9999.0
48350,-9999.0
48351,-9999.0
48352,-9999.0
48353,-9999.0
48354,-9999.0
48355,-9999.0
48356,-9999.0
48357,-9999.0
48358,-9999.0
48359,-9999.0
48360,-9999.0
48361,-9999.0
48362,-9999.0
48363,-9999.0
48364,-9999.0
48365,-9999.0
48366,-9999.0
48367,-9999.0
48368,-9999.0
48369,-9999.0
48370,-9999.0
48371,-9999.0
48372,-9999.0
48373,-9999.0
48374,-9999.0
48375,-9999.0
48376,-9999.0
48377,-9999.0
48378,-9999.0
48379,-9999.0
48380,-9999.0
48381,-9999.0
48382,-9999.0
48383,-9999.0
48384,-9999.0
48385,-9999.0
48386,-9999.0
48387,-9999.0
48388,-9999.0
48389,-9999.0
48390,-9999.0
48391,-9999.0
48392,-9999.0
48393,-9999.0
48394,-9999.0
48395,-9999.0
48396,-9999.0
48397,-9999.0
48398,-9999.0
48399,-9999.0
48400,-9999.0
48401,-9999.0
48402,-9999.0
48403,-9999.0
48404,-9999.0
48405,-9999.0
48406,-9999.0
48407,-9999.0
48408,-9999.0
48409,-9999.0
48410,-9999.0
48411,-9999.0
48412,-9999.0
48413,-9999.0
48414,-9999.0
48415,-9999.0
48416,-9999.0
48417,-9999.0
48418,-9999.0
48419,-9999.0
48420,-9999.0
48421,-9999.0
48422,-9999.0
48423,-9999.0
48424,-9999.0
48425,-9999.0
48426,-9999.0
48427,-9999.0
48428,-9999.0
48429,-9999.0
48430,-9999.0
48431,-9999.0
48432,-9999.0
48433,-9999.0
48434,-9999.0
48435,-9999.0
48436,-9999.0
48437,-9999.0
48438,-9999.0
48439,-9999.0
48440,-9999.0
48441,-9999.0
48442,-9999.0
48443,-9999.0
48444,-9999.0
48445,-9999.0
48446,-9999.0
48447,-9999.0
48448,-9999.0
48449,-9999.0
48450,-9999.0
48451,-9999.0
48452,-9999.0
48453,-9999.0
48454,-9999.0
48455,-9999.0
48456,-9999.0
48457,-9999.0
48458,-9999.0
48459,-9999.0
48460,-9999.0
48461,-9999.0
48462,-9999.0
48463,-9999.0
48464,-9999.0
48465,-9999.0
48466,-9999.0
48467,-9999.0
48468,-9999.0
48469,-9999.0
48470,-9999.0
48471,-9999.0
48472,-9999.0
48473,-9999.0
48474,-9999.0
48475,-9999.0
48476,-9999.0
48477,-9999.0
48478,-9999.0
48479,-9999.0
48480,-9999.0
48481,-9999.0
48482,-9999.0
48483,-9999.0
48484,-9999.0
48485,-9999.0
48486,-9999.0
48487,-9999.0
48488,-9999.0
48489,-9999.0
48490,-9999.0
48491,-9999.0
48492,-9999.0
48493,-9999.0
48494,-9999.0
48495,-9999.0
48496,-9999.0
48497,-9999.0
48498,-9999.0
48499,-9999.0
48500,-9999.0
48501,-9999.0
48502,-9999.0
48503,-9999.0
48504,-9999.0
48505,-9999.0
48506,-9999.0
48507,-9999.0
48508,-9999.0
48509,-9999.0
48510,-9999.0
48511,-9999.0
48512,-9999.0
48513,-9999.0
48514,-9999.0
48515,-9999.0
48516,-9999.0
48517,-9999.0
48518,-9999.0
48519,-9999.0
48520,-9999.0
48521,-9999.0
48522,-9999.0
48523,-9999.0
48524,-9999.0
48525,-9999.0
48526,-9999.0
48527,-9999.0
48528,-9999.0
48529,-9999.0
48530,-9999.0
48531,-9999.0
48532,-9999.0
48533,-9999.0
48534,-9999.0
48535,-9999.0
48536,-9999.0
48537,-9999.0
48538,-9999.0
48539,-9999.0
48540,-9999.0
48541,-9999.0
48542,-9999.0
48543,-9999.0
48544,-9999.0
48545,-9999.0
48546,-9999.0
48547,-9999.0
48548,-9999.0
48549,-9999.0
48550,-9999.0
48551,-9999.0
48552,-9999.0
48553,-9999.0
48554,-9999.0
48555,-9999.0
48556,-9999.0
48557,-9999.0
48558,-9999.0
48559,-9999.0
48560,-9999.0
48561,-9999.0
48562,-9999.0
48563,-9999.0
48564,-9999.0
48565,-9999.0
48566,-9999.0
48567,-9999.0
48568,-9999.0
48569,-9999.0
48570,-9999.0
48571,-9999.0
48572,-9999.0
48573,-9999.0
48574,-9999.0
48575,-9999.0
48576,-9999.0
48577,-9999.0
48578,-9999.0
48579,-9999.0
48580,-9999.0
48581,-9999.0
48582,-9999.0
48583,-9999.0
48584,-9999.0
48585,-9999.0
48586,-9999.0
48587,-9999.0
48588,-9999.0
48589,-9999.0
48590,-9999.0
48591,-9999.0
48592,-9999.0
48593,-9999.0
48594,-9999.0
48595,-9999.0
48596,-9999.0
48597,-9999.0
48598,-9999.0
48599,-9999.0
48600,-9999.0
48601,-9999.0
48602,-9999.0
48603,-9999.0
48604,-9999.0
48605,-9999.0
48606,-9999.0
48607,-9999.0
48608,-9999.0
48609,-9999.0
48610,-9999.0
48611,-9999.0
48612,-9999.0
48613,-9999.0
48614,-9999.0
48615,-9999.0
48616,-9999.0
48617,-9999.0
48618,-9999.0
48619,-9999.0
48620,-9999.0
48621,-9999.0
48622,-9999.0
48623,-9999.0
48624,-9999.0
48625,-9999.0
48626,-9999.0
48627,-9999.0
48628,-9999.0
48629,-9999.0
48630,-9999.0
48631,-9999.0
48632,-9999.0
48633,-9999.0
48634,-9999.0
48635,-9999.0
48636,-9999.0
48637,-9999.0
48638,-9999.0
48639,-9999.0
48640,-9999.0
48641,-9999.0
48642,-9999.0
48643,-9999.0
48644,-9999.0
48645,-9999.0
48646,-9999.0
48647,-9999.0
48648,-9999.0
48649,-9999.0
48650,-9999.0
48651,-9999.0
48652,-9999.0
48653,-9999.0
48654,-9999.0
48655,-9999.0
48656,-9999.0
48657,-9999.0
48658,-9999.0
48659,-9999.0
48660,-9999.0
48661,-9999.0
48662,-9999.0
48663,-9999.0
48664,-9999.0
48665,-9999.0
48666,-9999.0
48667,-9999.0
48668,-9999.0
48669,-9999.0
48670,-9999.0
48671,-9999.0
48672,-9999.0
48673,-9999.0
48674,-9999.0
48675,-9999.0
48676,-9999.0
48677,-9999.0
48678,-9999.0
48679,-9999.0
48680,-9999.0
48681,-9999.0
48682,-9999.0
48683,-9999.0
48684,-9999.0
48685,-9999.0
48686,-9999.0
48687,-9999.0
48688,-9999.0
48689,-9999.0
48690,-9999.0
48691,-9999.0
48692,-9999.0
48693,-9999.0
48694,-9999.0
48695,-9999.0
48696,-9999.0
48697,-9999.0
48698,-9999.0
48699,-9999.0
48700,-9999.0
48701,-9999.0
48702,-9999.0
48703,-9999.0
48704,-9999.0
48705,-9999.0
48706,-9999.0
48707,-9999.0
48708,-9999.0
48709,-9999.0
48710,-9999.0
48711,-9999.0
48712,-9999.0
48713,-9999.0
48714,-9999.0
48715,-9999.0
48716,-9999.0
48717,-9999.0
48718,-9999.0
48719,-9999.0
48720,-9999.0
48721,-9999.0
48722,-9999.0
48723,-9999.0
48724,-9999.0
48725,-9999.0
48726,-9999.0
48727,-9999.0
48728,-9999.0
48729,-9999.0
48730,-9999.0
48731,-9999.0
48732,-9999.0
48733,-9999.0
48734,-9999.0
48735,-9999.0
48736,-9999.0
48737,-9999.0
48738,-9999.0
48739,-9999.0
48740,-9999.0
48741,-9999.0
48742,-9999.0
48743,-9999.0
48744,-9999.0
48745,-9999.0
48746,-9999.0
48747,-9999.0
48748,-9999.0
48749,-9999.0
48750,-9999.0
48751,-9999.0
48752,-9999.0
48753,-9999.0
48754,-9999.0
48755,-9999.0
48756,-9999.0
48757,-9999.0
48758,-9999.0
48759,-9999.0
48760,-9999.0
48761,-9999.0
48762,-9999.0
48763,-9999.0
48764,-9999.0
48765,-9999.0
48766,-9999.0
48767,-9999.0
48768,-9999.0
48769,-9999.0
48770,-9999.0
48771,-9999.0
48772,-9999.0
48773,-9999.0
48774,-9999.0
48775,-9999.0
48776,-9999.0
48777,-9999.0
48778,-9999.0
48779,-9999.0
48780,-9999.0
48781,-9999.0
48782,-9999.0
48783,-9999.0
48784,-9999.0
48785,-9999.0
48786,-9999.0
48787,-9999.0
48788,-9999.0
48789,-9999.0
48790,-9999.0
48791,-9999.0
48792,-9999.0
48793,-9999.0
48794,-9999.0
48795,-9999.0
48796,-9999.0
48797,-9999.0
48798,-9999.0
48799,-9999.0
48800,-9999.0
48801,-9999.0
48802,-9999.0
48803,-9999.0
48804,-9999.0
48805,-9999.0
48806,-9999.0
48807,-9999.0
48808,-9999.0
48809,-9999.0
48810,-9999.0
48811,-9999.0
48812,-9999.0
48813,-9999.0
48814,-9999.0
48815,-9999.0
48816,-9999.0
48817,-9999.0
48818,-9999.0
48819,-9999.0
48820,-9999.0
48821,-9999.0
48822,-9999.0
48823,-9999.0
48824,-9999.0
48825,-9999.0
48826,-9999.0
48827,-9999.0
48828,-9999.0
48829,-9999.0
48830,-9999.0
48831,-9999.0
48832,-9999.0
48833,-9999.0
48834,-9999.0
48835,-9999.0
48836,-9999.0
48837,-9999.0
48838,-9999.0
48839,-9999.0
48840,-9999.0
48841,-9999.0
48842,-9999.0
48843,-9999.0
48844,-9999.0
48845,-9999.0
48846,-9999.0
48847,-9999.0
48848,-9999.0
48849,-9999.0
48850,-9999.0
48851,-9999.0
48852,-9999.0
48853,-9999.0
48854,-9999.0
48855,-9999.0
48856,-9999.0
48857,-9999.0
48858,-9999.0
48859,-9999.0
48860,-9999.0
48861,-9999.0
48862,-9999.0
48863,-9999.0
48864,-9999.0
48865,-9999.0
48866,-9999.0
48867,-9999.0
48868,-9999.0
48869,-9999.0
48870,-9999.0
48871,-9999.0
48872,-9999.0
48873,-9999.0
48874,-9999.0
48875,-9999.0
48876,-9999.0
48877,-9999.0
48878,-9999.0
48879,-9999.0
48880,-9999.0
48881,-9999.0
48882,-9999.0
48883,-9999.0
48884,-9999.0
48885,-9999.0
48886,-9999.0
48887,-9999.0
48888,-9999.0
48889,-9999.0
48890,-9999.0
48891,-9999.0
48892,-9999.0
48893,-9999.0
48894,-9999.0
48895,-9999.0
48896,-9999.0
48897,-9999.0
48898,-9999.0
48899,-9999.0
48900,-9999.0
48901,-9999.0
48902,-9999.0
48903,-9999.0
48904,-9999.0
48905,-9999.0
48906,-9999.0
48907,-9999.0
48908,-9999.0
48909,-9999.0
48910,-9999.0
48911,-9999.0
48912,-9999.0
48913,-9999.0
48914,-9999.0
48915,-9999.0
48916,-9999.0
48917,-9999.0
48918,-9999.0
48919,-9999.0
48920,-9999.0
48921,-9999.0
48922,-9999.0
48923,-9999.0
48924,-9999.0
48925,-9999.0
48926,-9999.0
48927,-9999.0
48928,-9999.0
48929,-9999.0
48930,-9999.0
48931,-9999.0
48932,-9999.0
48933,-9999.0
48934,-9999.0
48935,-9999.0
48936,-9999.0
48937,-9999.0
48938,-9999.0
48939,-9999.0
48940,-9999.0
48941,-9999.0
48942,-9999.0
48943,-9999.0
48944,-9999.0
48945,-9999.0
48946,-9999.0
48947,-9999.0
48948,-9999.0
48949,-9999.0
48950,-9999.0
48951,-9999.0
48952,-9999.0
48953,-9999.0
48954,-9999.0
48955,-9999.0
48956,-9999.0
48957,-9999.0
48958,-9999.0
48959,-9999.0
48960,-9999.0
48961,-9999.0
48962,-9999.0
48963,-9999.0
48964,-9999.0
48965,-9999.0
48966,-9999.0
48967,-9999.0
48968,-9999.0
48969,-9999.0
48970,-9999.0
48971,-9999.0
48972,-9999.0
48973,-9999.0
48974,-9999.0
48975,-9999.0
48976,-9999.0
48977,-9999.0
48978,-9999.0
48979,-9999.0
48980,-9999.0
48981,-9999.0
48982,-9999.0
48983,-9999.0
48984,-9999.0
48985,-9999.0
48986,-9999.0
48987,-9999.0
48988,-9999.0
48989,-9999.0
48990,-9999.0
48991,-9999.0
48992,-9999.0
48993,-9999.0
48994,-9999.0
48995,-9999.0
48996,-9999.0
48997,-9999.0
48998,-9999.0
48999,-9999.0
49000,-9999.0
49001,-9999.0
49002,-9999.0
49003,-9999.0
49004,-9999.0
49005,-9999.0
49006,-9999.0
49007,-9999.0
49008,-9999.0
49009,-9999.0
49010,-9999.0
49011,-9999.0
49012,-9999.0
49013,-9999.0
49014,-9999.0
49015,-9999.0
49016,-9999.0
49017,-9999.0
49018,-9999.0
49019,-9999.0
49020,-9999.0
49021,-9999.0
49022,-9999.0
49023,-9999.0
49024,-9999.0
49025,-9999.0
49026,-9999.0
49027,-9999.0
49028,-9999.0
49029,-9999.0
49030,-9999.0
49031,-9999.0
49032,-9999.0
49033,-9999.0
49034,-9999.0
49035,-9999.0
49036,-9999.0
49037,-9999.0
49038,-9999.0
49039,-9999.0
49040,-9999.0
49041,-9999.0
49042,-9999.0
49043,-9999.0
49044,-9999.0
49045,-9999.0
49046,-9999.0
49047,-9999.0
49048,-9999.0
49049,-9999.0
49050,-9999.0
49051,-9999.0
49052,-9999.0
49053,-9999.0
49054,-9999.0
49055,-9999.0
49056,-9999.0
49057,-9999.0
49058,-9999.0
49059,-9999.0
49060,-9999.0
49061,-9999.0
49062,-9999.0
49063,-9999.0
49064,-9999.0
49065,-9999.0
49066,-9999.0
49067,-9999.0
49068,-9999.0
49069,-9999.0
49070,-9999.0
49071,-9999.0
49072,-9999.0
49073,-9999.0
49074,-9999.0
49075,-9999.0
49076,-9999.0
49077,-9999.0
49078,-9999.0
49079,-9999.0
49080,-9999.0
49081,-9999.0
49082,-9999.0
49083,-9999.0
49084,-9999.0
49085,-9999.0
49086,-9999.0
49087,-9999.0
49088,-9999.0
49089,-9999.0
49090,-9999.0
49091,-9999.0
49092,-9999.0
49093,-9999.0
49094,-9999.0
49095,-9999.0
49096,-9999.0
49097,-9999.0
49098,-9999.0
49099,-9999.0
49100,-9999.0
49101,-9999.0
49102,-9999.0
49103,-9999.0
49104,-9999.0
49105,-9999.0
49106,-9999.0
49107,-9999.0
49108,-9999.0
49109,-9999.0
49110,-9999.0
49111,-9999.0
49112,-9999.0
49113,-9999.0
49114,-9999.0
49115,-9999.0
49116,-9999.0
49117,-9999.0
49118,-9999.0
49119,-9999.0
49120,-9999.0
49121,-9999.0
49122,-9999.0
49123,-9999.0
49124,-9999.0
49125,-9999.0
49126,-9999.0
49127,-9999.0
49128,-9999.0
49129,-9999.0
49130,-9999.0
49131,-9999.0
49132,-9999.0
49133,-9999.0
49134,-9999.0
49135,-9999.0
49136,-9999.0
49137,-9999.0
49138,-9999.0
49139,-9999.0
49140,-9999.0
49141,-9999.0
49142,-9999.0
49143,-9999.0
49144,-9999.0
49145,-9999.0
49146,-9999.0
49147,-9999.0
49148,-9999.0
49149,-9999.0
49150,-9999.0
49151,-9999.0
49152,-9999.0
49153,-9999.0
49154,-9999.0
49155,-9999.0
49156,-9999.0
49157,-9999.0
49158,-9999.0
49159,-9999.0
49160,-9999.0
49161,-9999.0
49162,-9999.0
49163,-9999.0
49164,-9999.0
49165,-9999.0
49166,-9999.0
49167,-9999.0
49168,-9999.0
49169,-9999.0
49170,-9999.0
49171,-9999.0
49172,-9999.0
49173,-9999.0
49174,-9999.0
49175,-9999.0
49176,-9999.0
49177,-9999.0
49178,-9999.0
49179,-9999.0
49180,-9999.0
49181,-9999.0
49182,-9999.0
49183,-9999.0
49184,-9999.0
49185,-9999.0
49186,-9999.0
49187,-9999.0
49188,-9999.0
49189,-9999.0
49190,-9999.0
49191,-9999.0
49192,-9999.0
49193,-9999.0
49194,-9999.0
49195,-9999.0
49196,-9999.0
49197,-9999.0
49198,-9999.0
49199,-9999.0
49200,-9999.0
49201,-9999.0
49202,-9999.0
49203,-9999.0
49204,-9999.0
49205,-9999.0
49206,-9999.0
49207,-9999.0
49208,-9999.0
49209,-9999.0
49210,-9999.0
49211,-9999.0
49212,-9999.0
49213,-9999.0
49214,-9999.0
49215,-9999.0
49216,-9999.0
49217,-9999.0
49218,-9999.0
49219,-9999.0
49220,-9999.0
49221,-9999.0
49222,-9999.0
49223,-9999.0
49224,-9999.0
49225,-9999.0
49226,-9999.0
49227,-9999.0
49228,-9999.0
49229,-9999.0
49230,-9999.0
49231,-9999.0
49232,-9999.0
49233,-9999.0
49234,-9999.0
49235,-9999.0
49236,-9999.0
49237,-9999.0
49238,-9999.0
49239,-9999.0
49240,-9999.0
49241,-9999.0
49242,-9999.0
49243,-9999.0
49244,-9999.0
49245,-9999.0
49246,-9999.0
49247,-9999.0
49248,-9999.0
49249,-9999.0
49250,-9999.0
49251,-9999.0
49252,-9999.0
49253,-9999.0
49254,-9999.0
49255,-9999.0
49256,-9999.0
49257,-9999.0
49258,-9999.0
49259,-9999.0
49260,-9999.0
49261,-9999.0
49262,-9999.0
49263,-9999.0
49264,-9999.0
49265,-9999.0
49266,-9999.0
49267,-9999.0
49268,-9999.0
49269,-9999.0
49270,-9999.0
49271,-9999.0
49272,-9999.0
49273,-9999.0
49274,-9999.0
49275,-9999.0
49276,-9999.0
49277,-9999.0
49278,-9999.0
49279,-9999.0
49280,-9999.0
49281,-9999.0
49282,-9999.0
49283,-9999.0
49284,-9999.0
49285,-9999.0
49286,-9999.0
49287,-9999.0
49288,-9999.0
49289,-9999.0
49290,-9999.0
49291,-9999.0
49292,-9999.0
49293,-9999.0
49294,-9999.0
49295,-9999.0
49296,-9999.0
49297,-9999.0
49298,-9999.0
49299,-9999.0
49300,-9999.0
49301,-9999.0
49302,-9999.0
49303,-9999.0
49304,-9999.0
49305,-9999.0
49306,-9999.0
49307,-9999.0
49308,-9999.0
49309,-9999.0
49310,-9999.0
49311,-9999.0
49312,-9999.0
49313,-9999.0
49314,-9999.0
49315,-9999.0
49316,-9999.0
49317,-9999.0
49318,-9999.0
49319,-9999.0
49320,-9999.0
49321,-9999.0
49322,-9999.0
49323,-9999.0
49324,-9999.0
49325,-9999.0
49326,-9999.0
49327,-9999.0
49328,-9999.0
49329,-9999.0
49330,-9999.0
49331,-9999.0
49332,-9999.0
49333,-9999.0
49334,-9999.0
49335,-9999.0
49336,-9999.0
49337,-9999.0
49338,-9999.0
49339,-9999.0
49340,-9999.0
49341,-9999.0
49342,-9999.0
49343,-9999.0
49344,-9999.0
49345,-9999.0
49346,-9999.0
49347,-9999.0
49348,-9999.0
49349,-9999.0
49350,-9999.0
49351,-9999.0
49352,-9999.0
49353,-9999.0
49354,-9999.0
49355,-9999.0
49356,-9999.0
49357,-9999.0
49358,-9999.0
49359,-9999.0
49360,-9999.0
49361,-9999.0
49362,-9999.0
49363,-9999.0
49364,-9999.0
49365,-9999.0
49366,-9999.0
49367,-9999.0
49368,-9999.0
49369,-9999.0
49370,-9999.0
49371,-9999.0
49372,-9999.0
49373,-9999.0
49374,-9999.0
49375,-9999.0
49376,-9999.0
49377,-9999.0
49378,-9999.0
49379,-9999.0
49380,-9999.0
49381,-9999.0
49382,-9999.0
49383,-9999.0
49384,-9999.0
49385,-9999.0
49386,-9999.0
49387,-9999.0
49388,-9999.0
49389,-9999.0
49390,-9999.0
49391,-9999.0
49392,-9999.0
49393,-9999.0
49394,-9999.0
49395,-9999.0
49396,-9999.0
49397,-9999.0
49398,-9999.0
49399,-9999.0
49400,-9999.0
49401,-9999.0
49402,-9999.0
49403,-9999.0
49404,-9999.0
49405,-9999.0
49406,-9999.0
49407,-9999.0
49408,-9999.0
49409,-9999.0
49410,-9999.0
49411,-9999.0
49412,-9999.0
49413,-9999.0
49414,-9999.0
49415,-9999.0
49416,-9999.0
49417,-9999.0
49418,-9999.0
49419,-9999.0
49420,-9999.0
49421,-9999.0
49422,-9999.0
49423,-9999.0
49424,-9999.0
49425,-9999.0
49426,-9999.0
49427,-9999.0
49428,-9999.0
49429,-9999.0
49430,-9999.0
49431,-9999.0
49432,-9999.0
49433,-9999.0
49434,-9999.0
49435,-9999.0
49436,-9999.0
49437,-9999.0
49438,-9999.0
49439,-9999.0
49440,-9999.0
49441,-9999.0
49442,-9999.0
49443,-9999.0
49444,-9999.0
49445,-9999.0
49446,-9999.0
49447,-9999.0
49448,-9999.0
49449,-9999.0
49450,-9999.0
49451,-9999.0
49452,-9999.0
49453,-9999.0
49454,-9999.0
49455,-9999.0
49456,-9999.0
49457,-9999.0
49458,-9999.0
49459,-9999.0
49460,-9999.0
49461,-9999.0
49462,-9999.0
49463,-9999.0
49464,-9999.0
49465,-9999.0
49466,-9999.0
49467,-9999.0
49468,-9999.0
49469,-9999.0
49470,-9999.0
49471,-9999.0
49472,-9999.0
49473,-9999.0
49474,-9999.0
49475,-9999.0
49476,-9999.0
49477,-9999.0
49478,-9999.0
49479,-9999.0
49480,-9999.0
49481,-9999.0
49482,-9999.0
49483,-9999.0
49484,-9999.0
49485,-9999.0
49486,-9999.0
49487,-9999.0
49488,-9999.0
49489,-9999.0
49490,-9999.0
49491,-9999.0
49492,-9999.0
49493,-9999.0
49494,-9999.0
49495,-9999.0
49496,-9999.0
49497,-9999.0
49498,-9999.0
49499,-9999.0
49500,-9999.0
49501,-9999.0
49502,-9999.0
49503,-9999.0
49504,-9999.0
49505,-9999.0
49506,-9999.0
49507,-9999.0
49508,-9999.0
49509,-9999.0
49510,-9999.0
49511,-9999.0
49512,-9999.0
49513,-9999.0
49514,-9999.0
49515,-9999.0
49516,-9999.0
49517,-9999.0
49518,-9999.0
49519,-9999.0
49520,-9999.0
49521,-9999.0
49522,-9999.0
49523,-9999.0
49524,-9999.0
49525,-9999.0
49526,-9999.0
49527,-9999.0
49528,-9999.0
49529,-9999.0
49530,-9999.0
49531,-9999.0
49532,-9999.0
49533,-9999.0
49534,-9999.0
49535,-9999.0
49536,-9999.0
49537,-9999.0
49538,-9999.0
49539,-9999.0
49540,-9999.0
49541,-9999.0
49542,-9999.0
49543,-9999.0
49544,-9999.0
49545,-9999.0
49546,-9999.0
49547,-9999.0
49548,-9999.0
49549,-9999.0
49550,-9999.0
49551,-9999.0
49552,-9999.0
49553,-9999.0
49554,-9999.0
49555,-9999.0
49556,-9999.0
49557,-9999.0
49558,-9999.0
49559,-9999.0
49560,-9999.0
49561,-9999.0
49562,-9999.0
49563,-9999.0
49564,-9999.0
49565,-9999.0
49566,-9999.0
49567,-9999.0
49568,-9999.0
49569,-9999.0
49570,-9999.0
49571,-9999.0
49572,-9999.0
49573,-9999.0
49574,-9999.0
49575,-9999.0
49576,-9999.0
49577,-9999.0
49578,-9999.0
49579,-9999.0
49580,-9999.0
49581,-9999.0
49582,-9999.0
49583,-9999.0
49584,-9999.0
49585,-9999.0
49586,-9999.0
49587,-9999.0
49588,-9999.0
49589,-9999.0
49590,-9999.0
49591,-9999.0
49592,-9999.0
49593,-9999.0
49594,-9999.0
49595,-9999.0
49596,-9999.0
49597,-9999.0
49598,-9999.0
49599,-9999.0
49600,-9999.0
49601,-9999.0
49602,-9999.0
49603,-9999.0
49604,-9999.0
49605,-9999.0
49606,-9999.0
49607,-9999.0
49608,-9999.0
49609,-9999.0
49610,-9999.0
49611,-9999.0
49612,-9999.0
49613,-9999.0
49614,-9999.0
49615,-9999.0
49616,-9999.0
49617,-9999.0
49618,-9999.0
49619,-9999.0
49620,-9999.0
49621,-9999.0
49622,-9999.0
49623,-9999.0
49624,-9999.0
49625,-9999.0
49626,-9999.0
49627,-9999.0
49628,-9999.0
49629,-9999.0
49630,-9999.0
49631,-9999.0
49632,-9999.0
49633,-9999.0
49634,-9999.0
49635,-9999.0
49636,-9999.0
49637,-9999.0
49638,-9999.0
49639,-9999.0
49640,-9999.0
49641,-9999.0
49642,-9999.0
49643,-9999.0
49644,-9999.0
49645,-9999.0
49646,-9999.0
49647,-9999.0
49648,-9999.0
49649,-9999.0
49650,-9999.0
49651,-9999.0
49652,-9999.0
49653,-9999.0
49654,-9999.0
49655,-9999.0
49656,-9999.0
49657,-9999.0
49658,-9999.0
49659,-9999.0
49660,-9999.0
49661,-9999.0
49662,-9999.0
49663,-9999.0
49664,-9999.0
49665,-9999.0
49666,-9999.0
49667,-9999.0
49668,-9999.0
49669,-9999.0
49670,-9999.0
49671,-9999.0
49672,-9999.0
49673,-9999.0
49674,-9999.0
49675,-9999.0
49676,-9999.0
49677,-9999.0
49678,-9999.0
49679,-9999.0
49680,-9999.0
49681,-9999.0
49682,-9999.0
49683,-9999.0
49684,-9999.0
49685,-9999.0
49686,-9999.0
49687,-9999.0
49688,-9999.0
49689,-9999.0
49690,-9999.0
49691,-9999.0
49692,-9999.0
49693,-9999.0
49694,-9999.0
49695,-9999.0
49696,-9999.0
49697,-9999.0
49698,-9999.0
49699,-9999.0
49700,-9999.0
49701,-9999.0
49702,-9999.0
49703,-9999.0
49704,-9999.0
49705,-9999.0
49706,-9999.0
49707,-9999.0
49708,-9999.0
49709,-9999.0
49710,-9999.0
49711,-9999.0
49712,-9999.0
49713,-9999.0
49714,-9999.0
49715,-9999.0
49716,-9999.0
49717,-9999.0
49718,-9999.0
49719,-9999.0
49720,-9999.0
49721,-9999.0
49722,-9999.0
49723,-9999.0
49724,-9999.0
49725,-9999.0
49726,-9999.0
49727,-9999.0
49728,-9999.0
49729,-9999.0
49730,-9999.0
49731,-9999.0
49732,-9999.0
49733,-9999.0
49734,-9999.0
49735,-9999.0
49736,-9999.0
49737,-9999.0
49738,-9999.0
49739,-9999.0
49740,-9999.0
49741,-9999.0
49742,-9999.0
49743,-9999.0
49744,-9999.0
49745,-9999.0
49746,-9999.0
49747,-9999.0
49748,-9999.0
49749,-9999.0
49750,-9999.0
49751,-9999.0
49752,-9999.0
49753,-9999.0
49754,-9999.0
49755,-9999.0
49756,-9999.0
49757,-9999.0
49758,-9999.0
49759,-9999.0
49760,-9999.0
49761,-9999.0
49762,-9999.0
49763,-9999.0
49764,-9999.0
49765,-9999.0
49766,-9999.0
49767,-9999.0
49768,-9999.0
49769,-9999.0
49770,-9999.0
49771,-9999.0
49772,-9999.0
49773,-9999.0
49774,-9999.0
49775,-9999.0
49776,-9999.0
49777,-9999.0
49778,-9999.0
49779,-9999.0
49780,-9999.0
49781,-9999.0
49782,-9999.0
49783,-9999.0
49784,-9999.0
49785,-9999.0
49786,-9999.0
49787,-9999.0
49788,-9999.0
49789,-9999.0
49790,-9999.0
49791,-9999.0
49792,-9999.0
49793,-9999.0
49794,-9999.0
49795,-9999.0
49796,-9999.0
49797,-9999.0
49798,-9999.0
49799,-9999.0
49800,-9999.0
49801,-9999.0
49802,-9999.0
49803,-9999.0
49804,-9999.0
49805,-9999.0
49806,-9999.0
49807,-9999.0
49808,-9999.0
49809,-9999.0
49810,-9999.0
49811,-9999.0
49812,-9999.0
49813,-9999.0
49814,-9999.0
49815,-9999.0
49816,-9999.0
49817,-9999.0
49818,-9999.0
49819,-9999.0
49820,-9999.0
49821,-9999.0
49822,-9999.0
49823,-9999.0
49824,-9999.0
49825,-9999.0
49826,-9999.0
49827,-9999.0
49828,-9999.0
49829,-9999.0
49830,-9999.0
49831,-9999.0
49832,-9999.0
49833,-9999.0
49834,-9999.0
49835,-9999.0
49836,-9999.0
49837,-9999.0
49838,-9999.0
49839,-9999.0
49840,-9999.0
49841,-9999.0
49842,-9999.0
49843,-9999.0
49844,-9999.0
49845,-9999.0
49846,-9999.0
49847,-9999.0
49848,-9999.0
49849,-9999.0
49850,-9999.0
49851,-9999.0
49852,-9999.0
49853,-9999.0
49854,-9999.0
49855,-9999.0
49856,-9999.0
49857,-9999.0
49858,-9999.0
49859,-9999.0
49860,-9999.0
49861,-9999.0
49862,-9999.0
49863,-9999.0
49864,-9999.0
49865,-9999.0
49866,-9999.0
49867,-9999.0
49868,-9999.0
49869,-9999.0
49870,-9999.0
49871,-9999.0
49872,-9999.0
49873,-9999.0
49874,-9999.0
49875,-9999.0
49876,-9999.0
49877,-9999.0
49878,-9999.0
49879,-9999.0
49880,-9999.0
49881,-9999.0
49882,-9999.0
49883,-9999.0
49884,-9999.0
49885,-9999.0
49886,-9999.0
49887,-9999.0
49888,-9999.0
49889,-9999.0
49890,-9999.0
49891,-9999.0
49892,-9999.0
49893,-9999.0
49894,-9999.0
49895,-9999.0
49896,-9999.0
49897,-9999.0
49898,-9999.0
49899,-9999.0
49900,-9999.0
49901,-9999.0
49902,-9999.0
49903,-9999.0
49904,-9999.0
49905,-9999.0
49906,-9999.0
49907,-9999.0
49908,-9999.0
49909,-9999.0
49910,-9999.0
49911,-9999.0
49912,-9999.0
49913,-9999.0
49914,-9999.0
49915,-9999.0
49916,-9999.0
49917,-9999.0
49918,-9999.0
49919,-9999.0
49920,-9999.0
49921,-9999.0
49922,-9999.0
49923,-9999.0
49924,-9999.0
49925,-9999.0
49926,-9999.0
49927,-9999.0
49928,-9999.0
49929,-9999.0
49930,-9999.0
49931,-9999.0
49932,-9999.0
49933,-9999.0
49934,-9999.0
49935,-9999.0
49936,-9999.0
49937,-9999.0
49938,-9999.0
49939,-9999.0
49940,-9999.0
49941,-9999.0
49942,-9999.0
49943,-9999.0
49944,-9999.0
49945,-9999.0
49946,-9999.0
49947,-9999.0
49948,-9999.0
49949,-9999.0
49950,-9999.0
49951,-9999.0
49952,-9999.0
49953,-9999.0
49954,-9999.0
49955,-9999.0
49956,-9999.0
49957,-9999.0
49958,-9999.0
49959,-9999.0
49960,-9999.0
49961,-9999.0
49962,-9999.0
49963,-9999.0
49964,-9999.0
49965,-9999.0
49966,-9999.0
49967,-9999.0
49968,-9999.0
49969,-9999.0
49970,-9999.0
49971,-9999.0
49972,-9999.0
49973,-9999.0
49974,-9999.0
49975,-9999.0
49976,-9999.0
49977,-9999.0
49978,-9999.0
49979,-9999.0
49980,-9999.0
49981,-9999.0
49982,-9999.0
49983,-9999.0
49984,-9999.0
49985,-9999.0
49986,-9999.0
49987,-9999.0
49988,-9999.0
49989,-9999.0
49990,-9999.0
49991,-9999.0
49992,-9999.0
49993,-9999.0
49994,-9999.0
49995,-9999.0
49996,-9999.0
49997,-9999.0
49998,-9999.0
49999,-9999.0
50000,-9999.0
50001,-9999.0
50002,-9999.0
50003,-9999.0
50004,-9999.0
50005,-9999.0
50006,-9999.0
50007,-9999.0
50008,-9999.0
50009,-9999.0
50010,-9999.0
50011,-9999.0
50012,-9999.0
50013,-9999.0
50014,-9999.0
50015,-9999.0
50016,-9999.0
50017,-9999.0
50018,-9999.0
50019,-9999.0
50020,-9999.0
50021,-9999.0
50022,-9999.0
50023,-9999.0
50024,-9999.0
50025,-9999.0
50026,-9999.0
50027,-9999.0
50028,-9999.0
50029,-9999.0
50030,-9999.0
50031,-9999.0
50032,-9999.0
50033,-9999.0
50034,-9999.0
50035,-9999.0
50036,-9999.0
50037,-9999.0
50038,-9999.0
50039,-9999.0
50040,-9999.0
50041,-9999.0
50042,-9999.0
50043,-9999.0
50044,-9999.0
50045,-9999.0
50046,-9999.0
50047,-9999.0
50048,-9999.0
50049,-9999.0
50050,-9999.0
50051,-9999.0
50052,-9999.0
50053,-9999.0
50054,-9999.0
50055,-9999.0
50056,-9999.0
50057,-9999.0
50058,-9999.0
50059,-9999.0
50060,-9999.0
50061,-9999.0
50062,-9999.0
50063,-9999.0
50064,-9999.0
50065,-9999.0
50066,-9999.0
50067,-9999.0
50068,-9999.0
50069,-9999.0
50070,-9999.0
50071,-9999.0
50072,-9999.0
50073,-9999.0
50074,-9999.0
50075,-9999.0
50076,-9999.0
50077,-9999.0
50078,-9999.0
50079,-9999.0
50080,-9999.0
50081,-9999.0
50082,-9999.0
50083,-9999.0
50084,-9999.0
50085,-9999.0
50086,-9999.0
50087,-9999.0
50088,-9999.0
50089,-9999.0
50090,-9999.0
50091,-9999.0
50092,-9999.0
50093,-9999.0
50094,-9999.0
50095,-9999.0
50096,-9999.0
50097,-9999.0
50098,-9999.0
50099,-9999.0
50100,-9999.0
50101,-9999.0
50102,-9999.0
50103,-9999.0
50104,-9999.0
50105,-9999.0
50106,-9999.0
50107,-9999.0
50108,-9999.0
50109,-9999.0
50110,-9999.0
50111,-9999.0
50112,-9999.0
50113,-9999.0
50114,-9999.0
50115,-9999.0
50116,-9999.0
50117,-9999.0
50118,-9999.0
50119,-9999.0
50120,-9999.0
50121,-9999.0
50122,-9999.0
50123,-9999.0
50124,-9999.0
50125,-9999.0
50126,-9999.0
50127,-9999.0
50128,-9999.0
50129,-9999.0
50130,-9999.0
50131,-9999.0
50132,-9999.0
50133,-9999.0
50134,-9999.0
50135,-9999.0
50136,-9999.0
50137,-9999.0
50138,-9999.0
50139,-9999.0
50140,-9999.0
50141,-9999.0
50142,-9999.0
50143,-9999.0
50144,-9999.0
50145,-9999.0
50146,-9999.0
50147,-9999.0
50148,-9999.0
50149,-9999.0
50150,-9999.0
50151,-9999.0
50152,-9999.0
50153,-9999.0
50154,-9999.0
50155,-9999.0
50156,-9999.0
50157,-9999.0
50158,-9999.0
50159,-9999.0
50160,-9999.0
50161,-9999.0
50162,-9999.0
50163,-9999.0
50164,-9999.0
50165,-9999.0
50166,-9999.0
50167,-9999.0
50168,-9999.0
50169,-9999.0
50170,-9999.0
50171,-9999.0
50172,-9999.0
50173,-9999.0
50174,-9999.0
50175,-9999.0
50176,-9999.0
50177,-9999.0
50178,-9999.0
50179,-9999.0
50180,-9999.0
50181,-9999.0
50182,-9999.0
50183,-9999.0
50184,-9999.0
50185,-9999.0
50186,-9999.0
50187,-9999.0
50188,-9999.0
50189,-9999.0
50190,-9999.0
50191,-9999.0
50192,-9999.0
50193,-9999.0
50194,-9999.0
50195,-9999.0
50196,-9999.0
50197,-9999.0
50198,-9999.0
50199,-9999.0
50200,-9999.0
50201,-9999.0
50202,-9999.0
50203,-9999.0
50204,-9999.0
50205,-9999.0
50206,-9999.0
50207,-9999.0
50208,-9999.0
50209,-9999.0
50210,-9999.0
50211,-9999.0
50212,-9999.0
50213,-9999.0
50214,-9999.0
50215,-9999.0
50216,-9999.0
50217,-9999.0
50218,-9999.0
50219,-9999.0
50220,-9999.0
50221,-9999.0
50222,-9999.0
50223,-9999.0
50224,-9999.0
50225,-9999.0
50226,-9999.0
50227,-9999.0
50228,-9999.0
50229,-9999.0
50230,-9999.0
50231,-9999.0
50232,-9999.0
50233,-9999.0
50234,-9999.0
50235,-9999.0
50236,-9999.0
50237,-9999.0
50238,-9999.0
50239,-9999.0
50240,-9999.0
50241,-9999.0
50242,-9999.0
50243,-9999.0
50244,-9999.0
50245,-9999.0
50246,-9999.0
50247,-9999.0
50248,-9999.0
50249,-9999.0
50250,-9999.0
50251,-9999.0
50252,-9999.0
50253,-9999.0
50254,-9999.0
50255,-9999.0
50256,-9999.0
50257,-9999.0
50258,-9999.0
50259,-9999.0
50260,-9999.0
50261,-9999.0
50262,-9999.0
50263,-9999.0
50264,-9999.0
50265,-9999.0
50266,-9999.0
50267,-9999.0
50268,-9999.0
50269,-9999.0
50270,-9999.0
50271,-9999.0
50272,-9999.0
50273,-9999.0
50274,-9999.0
50275,-9999.0
50276,-9999.0
50277,-9999.0
50278,-9999.0
50279,-9999.0
50280,-9999.0
50281,-9999.0
50282,-9999.0
50283,-9999.0
50284,-9999.0
50285,-9999.0
50286,-9999.0
50287,-9999.0
50288,-9999.0
50289,-9999.0
50290,-9999.0
50291,-9999.0
50292,-9999.0
50293,-9999.0
50294,-9999.0
50295,-9999.0
50296,-9999.0
50297,-9999.0
50298,-9999.0
50299,-9999.0
50300,-9999.0
50301,-9999.0
50302,-9999.0
50303,-9999.0
50304,-9999.0
50305,-9999.0
50306,-9999.0
50307,-9999.0
50308,-9999.0
50309,-9999.0
50310,-9999.0
50311,-9999.0
50312,-9999.0
50313,-9999.0
50314,-9999.0
50315,-9999.0
50316,-9999.0
50317,-9999.0
50318,-9999.0
50319,-9999.0
50320,-9999.0
50321,-9999.0
50322,-9999.0
50323,-9999.0
50324,-9999.0
50325,-9999.0
50326,-9999.0
50327,-9999.0
50328,-9999.0
50329,-9999.0
50330,-9999.0
50331,-9999.0
50332,-9999.0
50333,-9999.0
50334,-9999.0
50335,-9999.0
50336,-9999.0
50337,-9999.0
50338,-9999.0
50339,-9999.0
50340,-9999.0
50341,-9999.0
50342,-9999.0
50343,-9999.0
50344,-9999.0
50345,-9999.0
50346,-9999.0
50347,-9999.0
50348,-9999.0
50349,-9999.0
50350,-9999.0
50351,-9999.0
50352,-9999.0
50353,-9999.0
50354,-9999.0
50355,-9999.0
50356,-9999.0
50357,-9999.0
50358,-9999.0
50359,-9999.0
50360,-9999.0
50361,-9999.0
50362,-9999.0
50363,-9999.0
50364,-9999.0
50365,-9999.0
50366,-9999.0
50367,-9999.0
50368,-9999.0
50369,-9999.0
50370,-9999.0
50371,-9999.0
50372,-9999.0
50373,-9999.0
50374,-9999.0
50375,-9999.0
50376,-9999.0
50377,-9999.0
50378,-9999.0
50379,-9999.0
50380,-9999.0
50381,-9999.0
50382,-9999.0
50383,-9999.0
50384,-9999.0
50385,-9999.0
50386,-9999.0
50387,-9999.0
50388,-9999.0
50389,-9999.0
50390,-9999.0
50391,-9999.0
50392,-9999.0
50393,-9999.0
50394,-9999.0
50395,-9999.0
50396,-9999.0
50397,-9999.0
50398,-9999.0
50399,-9999.0
50400,-9999.0
50401,-9999.0
50402,-9999.0
50403,-9999.0
50404,-9999.0
50405,-9999.0
50406,-9999.0
50407,-9999.0
50408,-9999.0
50409,-9999.0
50410,-9999.0
50411,-9999.0
50412,-9999.0
50413,-9999.0
50414,-9999.0
50415,-9999.0
50416,-9999.0
50417,-9999.0
50418,-9999.0
50419,-9999.0
50420,-9999.0
50421,-9999.0
50422,-9999.0
50423,-9999.0
50424,-9999.0
50425,-9999.0
50426,-9999.0
50427,-9999.0
50428,-9999.0
50429,-9999.0
50430,-9999.0
50431,-9999.0
50432,-9999.0
50433,-9999.0
50434,-9999.0
50435,-9999.0
50436,-9999.0
50437,-9999.0
50438,-9999.0
50439,-9999.0
50440,-9999.0
50441,-9999.0
50442,-9999.0
50443,-9999.0
50444,-9999.0
50445,-9999.0
50446,-9999.0
50447,-9999.0
50448,-9999.0
50449,-9999.0
50450,-9999.0
50451,-9999.0
50452,-9999.0
50453,-9999.0
50454,-9999.0
50455,-9999.0
50456,-9999.0
50457,-9999.0
50458,-9999.0
50459,-9999.0
50460,-9999.0
50461,-9999.0
50462,-9999.0
50463,-9999.0
50464,-9999.0
50465,-9999.0
50466,-9999.0
50467,-9999.0
50468,-9999.0
50469,-9999.0
50470,-9999.0
50471,-9999.0
50472,-9999.0
50473,-9999.0
50474,-9999.0
50475,-9999.0
50476,-9999.0
50477,-9999.0
50478,-9999.0
50479,-9999.0
50480,-9999.0
50481,-9999.0
50482,-9999.0
50483,-9999.0
50484,-9999.0
50485,-9999.0
50486,-9999.0
50487,-9999.0
50488,-9999.0
50489,-9999.0
50490,-9999.0
50491,-9999.0
50492,-9999.0
50493,-9999.0
50494,-9999.0
50495,-9999.0
50496,-9999.0
50497,-9999.0
50498,-9999.0
50499,-9999.0
50500,-9999.0
50501,-9999.0
50502,-9999.0
50503,-9999.0
50504,-9999.0
50505,-9999.0
50506,-9999.0
50507,-9999.0
50508,-9999.0
50509,-9999.0
50510,-9999.0
50511,-9999.0
50512,-9999.0
50513,-9999.0
50514,-9999.0
50515,-9999.0
50516,-9999.0
50517,-9999.0
50518,-9999.0
50519,-9999.0
50520,-9999.0
50521,-9999.0
50522,-9999.0
50523,-9999.0
50524,-9999.0
50525,-9999.0
50526,-9999.0
50527,-9999.0
50528,-9999.0
50529,-9999.0
50530,-9999.0
50531,-9999.0
50532,-9999.0
50533,-9999.0
50534,-9999.0
50535,-9999.0
50536,-9999.0
50537,-9999.0
50538,-9999.0
50539,-9999.0
50540,-9999.0
50541,-9999.0
50542,-9999.0
50543,-9999.0
50544,-9999.0
50545,-9999.0
50546,-9999.0
50547,-9999.0
50548,-9999.0
50549,-9999.0
50550,-9999.0
50551,-9999.0
50552,-9999.0
50553,-9999.0
50554,-9999.0
50555,-9999.0
50556,-9999.0
50557,-9999.0
50558,-9999.0
50559,-9999.0
50560,-9999.0
50561,-9999.0
50562,-9999.0
50563,-9999.0
50564,-9999.0
50565,-9999.0
50566,-9999.0
50567,-9999.0
50568,-9999.0
50569,-9999.0
50570,-9999.0
50571,-9999.0
50572,-9999.0
50573,-9999.0
50574,-9999.0
50575,-9999.0
50576,-9999.0
50577,-9999.0
50578,-9999.0
50579,-9999.0
50580,-9999.0
50581,-9999.0
50582,-9999.0
50583,-9999.0
50584,-9999.0
50585,-9999.0
50586,-9999.0
50587,-9999.0
50588,-9999.0
50589,-9999.0
50590,-9999.0
50591,-9999.0
50592,-9999.0
50593,-9999.0
50594,-9999.0
50595,-9999.0
50596,-9999.0
50597,-9999.0
50598,-9999.0
50599,-9999.0
50600,-9999.0
50601,-9999.0
50602,-9999.0
50603,-9999.0
50604,-9999.0
50605,-9999.0
50606,-9999.0
50607,-9999.0
50608,-9999.0
50609,-9999.0
50610,-9999.0
50611,-9999.0
50612,-9999.0
50613,-9999.0
50614,-9999.0
50615,-9999.0
50616,-9999.0
50617,-9999.0
50618,-9999.0
50619,-9999.0
50620,-9999.0
50621,-9999.0
50622,-9999.0
50623,-9999.0
50624,-9999.0
50625,-9999.0
50626,-9999.0
50627,-9999.0
50628,-9999.0
50629,-9999.0
50630,-9999.0
50631,-9999.0
50632,-9999.0
50633,-9999.0
50634,-9999.0
50635,-9999.0
50636,-9999.0
50637,-9999.0
50638,-9999.0
50639,-9999.0
50640,-9999.0
50641,-9999.0
50642,-9999.0
50643,-9999.0
50644,-9999.0
50645,-9999.0
50646,-9999.0
50647,-9999.0
50648,-9999.0
50649,-9999.0
50650,-9999.0
50651,-9999.0
50652,-9999.0
50653,-9999.0
50654,-9999.0
50655,-9999.0
50656,-9999.0
50657,-9999.0
50658,-9999.0
50659,-9999.0
50660,-9999.0
50661,-9999.0
50662,-9999.0
50663,-9999.0
50664,-9999.0
50665,-9999.0
50666,-9999.0
50667,-9999.0
50668,-9999.0
50669,-9999.0
50670,-9999.0
50671,-9999.0
50672,-9999.0
50673,-9999.0
50674,-9999.0
50675,-9999.0
50676,-9999.0
50677,-9999.0
50678,-9999.0
50679,-9999.0
50680,-9999.0
50681,-9999.0
50682,-9999.0
50683,-9999.0
50684,-9999.0
50685,-9999.0
50686,-9999.0
50687,-9999.0
50688,-9999.0
50689,-9999.0
50690,-9999.0
50691,-9999.0
50692,-9999.0
50693,-9999.0
50694,-9999.0
50695,-9999.0
50696,-9999.0
50697,-9999.0
50698,-9999.0
50699,-9999.0
50700,-9999.0
50701,-9999.0
50702,-9999.0
50703,-9999.0
50704,-9999.0
50705,-9999.0
50706,-9999.0
50707,-9999.0
50708,-9999.0
50709,-9999.0
50710,-9999.0
50711,-9999.0
50712,-9999.0
50713,-9999.0
50714,-9999.0
50715,-9999.0
50716,-9999.0
50717,-9999.0
50718,-9999.0
50719,-9999.0
50720,-9999.0
50721,-9999.0
50722,-9999.0
50723,-9999.0
50724,-9999.0
50725,-9999.0
50726,-9999.0
50727,-9999.0
50728,-9999.0
50729,-9999.0
50730,-9999.0
50731,-9999.0
50732,-9999.0
50733,-9999.0
50734,-9999.0
50735,-9999.0
50736,-9999.0
50737,-9999.0
50738,-9999.0
50739,-9999.0
50740,-9999.0
50741,-9999.0
50742,-9999.0
50743,-9999.0
50744,-9999.0
50745,-9999.0
50746,-9999.0
50747,-9999.0
50748,-9999.0
50749,-9999.0
50750,-9999.0
50751,-9999.0
50752,-9999.0
50753,-9999.0
50754,-9999.0
50755,-9999.0
50756,-9999.0
50757,-9999.0
50758,-9999.0
50759,-9999.0
50760,-9999.0
50761,-9999.0
50762,-9999.0
50763,-9999.0
50764,-9999.0
50765,-9999.0
50766,-9999.0
50767,-9999.0
50768,-9999.0
50769,-9999.0
50770,-9999.0
50771,-9999.0
50772,-9999.0
50773,-9999.0
50774,-9999.0
50775,-9999.0
50776,-9999.0
50777,-9999.0
50778,-9999.0
50779,-9999.0
50780,-9999.0
50781,-9999.0
50782,-9999.0
50783,-9999.0
50784,-9999.0
50785,-9999.0
50786,-9999.0
50787,-9999.0
50788,-9999.0
50789,-9999.0
50790,-9999.0
50791,-9999.0
50792,-9999.0
50793,-9999.0
50794,-9999.0
50795,-9999.0
50796,-9999.0
50797,-9999.0
50798,-9999.0
50799,-9999.0
50800,-9999.0
50801,-9999.0
50802,-9999.0
50803,-9999.0
50804,-9999.0
50805,-9999.0
50806,-9999.0
50807,-9999.0
50808,-9999.0
50809,-9999.0
50810,-9999.0
50811,-9999.0
50812,-9999.0
50813,-9999.0
50814,-9999.0
50815,-9999.0
50816,-9999.0
50817,-9999.0
50818,-9999.0
50819,-9999.0
50820,-9999.0
50821,-9999.0
50822,-9999.0
50823,-9999.0
50824,-9999.0
50825,-9999.0
50826,-9999.0
50827,-9999.0
50828,-9999.0
50829,-9999.0
50830,-9999.0
50831,-9999.0
50832,-9999.0
50833,-9999.0
50834,-9999.0
50835,-9999.0
50836,-9999.0
50837,-9999.0
50838,-9999.0
50839,-9999.0
50840,-9999.0
50841,-9999.0
50842,-9999.0
50843,-9999.0
50844,-9999.0
50845,-9999.0
50846,-9999.0
50847,-9999.0
50848,-9999.0
50849,-9999.0
50850,-9999.0
50851,-9999.0
50852,-9999.0
50853,-9999.0
50854,-9999.0
50855,-9999.0
50856,-9999.0
50857,-9999.0
50858,-9999.0
50859,-9999.0
50860,-9999.0
50861,-9999.0
50862,-9999.0
50863,-9999.0
50864,-9999.0
50865,-9999.0
50866,-9999.0
50867,-9999.0
50868,-9999.0
50869,-9999.0
50870,-9999.0
50871,-9999.0
50872,-9999.0
50873,-9999.0
50874,-9999.0
50875,-9999.0
50876,-9999.0
50877,-9999.0
50878,-9999.0
50879,-9999.0
50880,-9999.0
50881,-9999.0
50882,-9999.0
50883,-9999.0
50884,-9999.0
50885,-9999.0
50886,-9999.0
50887,-9999.0
50888,-9999.0
50889,-9999.0
50890,-9999.0
50891,-9999.0
50892,-9999.0
50893,-9999.0
50894,-9999.0
50895,-9999.0
50896,-9999.0
50897,-9999.0
50898,-9999.0
50899,-9999.0
50900,-9999.0
50901,-9999.0
50902,-9999.0
50903,-9999.0
50904,-9999.0
50905,-9999.0
50906,-9999.0
50907,-9999.0
50908,-9999.0
50909,-9999.0
50910,-9999.0
50911,-9999.0
50912,-9999.0
50913,-9999.0
50914,-9999.0
50915,-9999.0
50916,-9999.0
50917,-9999.0
50918,-9999.0
50919,-9999.0
50920,-9999.0
50921,-9999.0
50922,-9999.0
50923,-9999.0
50924,-9999.0
50925,-9999.0
50926,-9999.0
50927,-9999.0
50928,-9999.0
50929,-9999.0
50930,-9999.0
50931,-9999.0
50932,-9999.0
50933,-9999.0
50934,-9999.0
50935,-9999.0
50936,-9999.0
50937,-9999.0
50938,-9999.0
50939,-9999.0
50940,-9999.0
50941,-9999.0
50942,-9999.0
50943,-9999.0
50944,-9999.0
50945,-9999.0
50946,-9999.0
50947,-9999.0
50948,-9999.0
50949,-9999.0
50950,-9999.0
50951,-9999.0
50952,-9999.0
50953,-9999.0
50954,-9999.0
50955,-9999.0
50956,-9999.0
50957,-9999.0
50958,-9999.0
50959,-9999.0
50960,-9999.0
50961,-9999.0
50962,-9999.0
50963,-9999.0
50964,-9999.0
50965,-9999.0
50966,-9999.0
50967,-9999.0
50968,-9999.0
50969,-9999.0
50970,-9999.0
50971,-9999.0
50972,-9999.0
50973,-9999.0
50974,-9999.0
50975,-9999.0
50976,-9999.0
50977,-9999.0
50978,-9999.0
50979,-9999.0
50980,-9999.0
50981,-9999.0
50982,-9999.0
50983,-9999.0
50984,-9999.0
50985,-9999.0
50986,-9999.0
50987,-9999.0
50988,-9999.0
50989,-9999.0
50990,-9999.0
50991,-9999.0
50992,-9999.0
50993,-9999.0
50994,-9999.0
50995,-9999.0
50996,-9999.0
50997,-9999.0
50998,-9999.0
50999,-9999.0
51000,-9999.0
51001,-9999.0
51002,-9999.0
51003,-9999.0
51004,-9999.0
51005,-9999.0
51006,-9999.0
51007,-9999.0
51008,-9999.0
51009,-9999.0
51010,-9999.0
51011,-9999.0
51012,-9999.0
51013,-9999.0
51014,-9999.0
51015,-9999.0
51016,-9999.0
51017,-9999.0
51018,-9999.0
51019,-9999.0
51020,-9999.0
51021,-9999.0
51022,-9999.0
51023,-9999.0
51024,-9999.0
51025,-9999.0
51026,-9999.0
51027,-9999.0
51028,-9999.0
51029,-9999.0
51030,-9999.0
51031,-9999.0
51032,-9999.0
51033,-9999.0
51034,-9999.0
51035,-9999.0
51036,-9999.0
51037,-9999.0
51038,-9999.0
51039,-9999.0
51040,-9999.0
51041,-9999.0
51042,-9999.0
51043,-9999.0
51044,-9999.0
51045,-9999.0
51046,-9999.0
51047,-9999.0
51048,-9999.0
51049,-9999.0
51050,-9999.0
51051,-9999.0
51052,-9999.0
51053,-9999.0
51054,-9999.0
51055,-9999.0
51056,-9999.0
51057,-9999.0
51058,-9999.0
51059,-9999.0
51060,-9999.0
51061,-9999.0
51062,-9999.0
51063,-9999.0
51064,-9999.0
51065,-9999.0
51066,-9999.0
51067,-9999.0
51068,-9999.0
51069,-9999.0
51070,-9999.0
51071,-9999.0
51072,-9999.0
51073,-9999.0
51074,-9999.0
51075,-9999.0
51076,-9999.0
51077,-9999.0
51078,-9999.0
51079,-9999.0
51080,-9999.0
51081,-9999.0
51082,-9999.0
51083,-9999.0
51084,-9999.0
51085,-9999.0
51086,-9999.0
51087,-9999.0
51088,-9999.0
51089,-9999.0
51090,-9999.0
51091,-9999.0
51092,-9999.0
51093,-9999.0
51094,-9999.0
51095,-9999.0
51096,-9999.0
51097,-9999.0
51098,-9999.0
51099,-9999.0
51100,-9999.0
51101,-9999.0
51102,-9999.0
51103,-9999.0
51104,-9999.0
51105,-9999.0
51106,-9999.0
51107,-9999.0
51108,-9999.0
51109,-9999.0
51110,-9999.0
51111,-9999.0
51112,-9999.0
51113,-9999.0
51114,-9999.0
51115,-9999.0
51116,-9999.0
51117,-9999.0
51118,-9999.0
51119,-9999.0
51120,-9999.0
51121,-9999.0
51122,-9999.0
51123,-9999.0
51124,-9999.0
51125,-9999.0
51126,-9999.0
51127,-9999.0
51128,-9999.0
51129,-9999.0
51130,-9999.0
51131,-9999.0
51132,-9999.0
51133,-9999.0
51134,-9999.0
51135,-9999.0
51136,-9999.0
51137,-9999.0
51138,-9999.0
51139,-9999.0
51140,-9999.0
51141,-9999.0
51142,-9999.0
51143,-9999.0
51144,-9999.0
51145,-9999.0
51146,-9999.0
51147,-9999.0
51148,-9999.0
51149,-9999.0
51150,-9999.0
51151,-9999.0
51152,-9999.0
51153,-9999.0
51154,-9999.0
51155,-9999.0
51156,-9999.0
51157,-9999.0
51158,-9999.0
51159,-9999.0
51160,-9999.0
51161,-9999.0
51162,-9999.0
51163,-9999.0
51164,-9999.0
51165,-9999.0
51166,-9999.0
51167,-9999.0
51168,-9999.0
51169,-9999.0
51170,-9999.0
51171,-9999.0
51172,-9999.0
51173,-9999.0
51174,-9999.0
51175,-9999.0
51176,-9999.0
51177,-9999.0
51178,-9999.0
51179,-9999.0
51180,-9999.0
51181,-9999.0
51182,-9999.0
51183,-9999.0
51184,-9999.0
51185,-9999.0
51186,-9999.0
51187,-9999.0
51188,-9999.0
51189,-9999.0
51190,-9999.0
51191,-9999.0
51192,-9999.0
51193,-9999.0
51194,-9999.0
51195,-9999.0
51196,-9999.0
51197,-9999.0
51198,-9999.0
51199,-9999.0
51200,-9999.0
51201,-9999.0
51202,-9999.0
51203,-9999.0
51204,-9999.0
51205,-9999.0
51206,-9999.0
51207,-9999.0
51208,-9999.0
51209,-9999.0
51210,-9999.0
51211,-9999.0
51212,-9999.0
51213,-9999.0
51214,-9999.0
51215,-9999.0
51216,-9999.0
51217,-9999.0
51218,-9999.0
51219,-9999.0
51220,-9999.0
51221,-9999.0
51222,-9999.0
51223,-9999.0
51224,-9999.0
51225,-9999.0
51226,-9999.0
51227,-9999.0
51228,-9999.0
51229,-9999.0
51230,-9999.0
51231,-9999.0
51232,-9999.0
51233,-9999.0
51234,-9999.0
51235,-9999.0
51236,-9999.0
51237,-9999.0
51238,-9999.0
51239,-9999.0
51240,-9999.0
51241,-9999.0
51242,-9999.0
51243,-9999.0
51244,-9999.0
51245,-9999.0
51246,-9999.0
51247,-9999.0
51248,-9999.0
51249,-9999.0
51250,-9999.0
51251,-9999.0
51252,-9999.0
51253,-9999.0
51254,-9999.0
51255,-9999.0
51256,-9999.0
51257,-9999.0
51258,-9999.0
51259,-9999.0
51260,-9999.0
51261,-9999.0
51262,-9999.0
51263,-9999.0
51264,-9999.0
51265,-9999.0
51266,-9999.0
51267,-9999.0
51268,-9999.0
51269,-9999.0
51270,-9999.0
51271,-9999.0
51272,-9999.0
51273,-9999.0
51274,-9999.0
51275,-9999.0
51276,-9999.0
51277,-9999.0
51278,-9999.0
51279,-9999.0
51280,-9999.0
51281,-9999.0
51282,-9999.0
51283,-9999.0
51284,-9999.0
51285,-9999.0
51286,-9999.0
51287,-9999.0
51288,-9999.0
51289,-9999.0
51290,-9999.0
51291,-9999.0
51292,-9999.0
51293,-9999.0
51294,-9999.0
51295,-9999.0
51296,-9999.0
51297,-9999.0
51298,-9999.0
51299,-9999.0
51300,-9999.0
51301,-9999.0
51302,-9999.0
51303,-9999.0
51304,-9999.0
51305,-9999.0
51306,-9999.0
51307,-9999.0
51308,-9999.0
51309,-9999.0
51310,-9999.0
51311,-9999.0
51312,-9999.0
51313,-9999.0
51314,-9999.0
51315,-9999.0
51316,-9999.0
51317,-9999.0
51318,-9999.0
51319,-9999.0
51320,-9999.0
51321,-9999.0
51322,-9999.0
51323,-9999.0
51324,-9999.0
51325,-9999.0
51326,-9999.0
51327,-9999.0
51328,-9999.0
51329,-9999.0
51330,-9999.0
51331,-9999.0
51332,-9999.0
51333,-9999.0
51334,-9999.0
51335,-9999.0
51336,-9999.0
51337,-9999.0
51338,-9999.0
51339,-9999.0
51340,-9999.0
51341,-9999.0
51342,-9999.0
51343,-9999.0
51344,-9999.0
51345,-9999.0
51346,-9999.0
51347,-9999.0
51348,-9999.0
51349,-9999.0
51350,-9999.0
51351,-9999.0
51352,-9999.0
51353,-9999.0
51354,-9999.0
51355,-9999.0
51356,-9999.0
51357,-9999.0
51358,-9999.0
51359,-9999.0
51360,-9999.0
51361,-9999.0
51362,-9999.0
51363,-9999.0
51364,-9999.0
51365,-9999.0
51366,-9999.0
51367,-9999.0
51368,-9999.0
51369,-9999.0
51370,-9999.0
51371,-9999.0
51372,-9999.0
51373,-9999.0
51374,-9999.0
51375,-9999.0
51376,-9999.0
51377,-9999.0
51378,-9999.0
51379,-9999.0
51380,-9999.0
51381,-9999.0
51382,-9999.0
51383,-9999.0
51384,-9999.0
51385,-9999.0
51386,-9999.0
51387,-9999.0
51388,-9999.0
51389,-9999.0
51390,-9999.0
51391,-9999.0
51392,-9999.0
51393,-9999.0
51394,-9999.0
51395,-9999.0
51396,-9999.0
51397,-9999.0
51398,-9999.0
51399,-9999.0
51400,-9999.0
51401,-9999.0
51402,-9999.0
51403,-9999.0
51404,-9999.0
51405,-9999.0
51406,-9999.0
51407,-9999.0
51408,-9999.0
51409,-9999.0
51410,-9999.0
51411,-9999.0
51412,-9999.0
51413,-9999.0
51414,-9999.0
51415,-9999.0
51416,-9999.0
51417,-9999.0
51418,-9999.0
51419,-9999.0
51420,-9999.0
51421,-9999.0
51422,-9999.0
51423,-9999.0
51424,-9999.0
51425,-9999.0
51426,-9999.0
51427,-9999.0
51428,-9999.0
51429,-9999.0
51430,-9999.0
51431,-9999.0
51432,-9999.0
51433,-9999.0
51434,-9999.0
51435,-9999.0
51436,-9999.0
51437,-9999.0
51438,-9999.0
51439,-9999.0
51440,-9999.0
51441,-9999.0
51442,-9999.0
51443,-9999.0
51444,-9999.0
51445,-9999.0
51446,-9999.0
51447,-9999.0
51448,-9999.0
51449,-9999.0
51450,-9999.0
51451,-9999.0
51452,-9999.0
51453,-9999.0
51454,-9999.0
51455,-9999.0
51456,-9999.0
51457,-9999.0
51458,-9999.0
51459,-9999.0
51460,-9999.0
51461,-9999.0
51462,-9999.0
51463,-9999.0
51464,-9999.0
51465,-9999.0
51466,-9999.0
51467,-9999.0
51468,-9999.0
51469,-9999.0
51470,-9999.0
51471,-9999.0
51472,-9999.0
51473,-9999.0
51474,-9999.0
51475,-9999.0
51476,-9999.0
51477,-9999.0
51478,-9999.0
51479,-9999.0
51480,-9999.0
51481,-9999.0
51482,-9999.0
51483,-9999.0
51484,-9999.0
51485,-9999.0
51486,-9999.0
51487,-9999.0
51488,-9999.0
51489,-9999.0
51490,-9999.0
51491,-9999.0
51492,-9999.0
51493,-9999.0
51494,-9999.0
51495,-9999.0
51496,-9999.0
51497,-9999.0
51498,-9999.0
51499,-9999.0
51500,-9999.0
51501,-9999.0
51502,-9999.0
51503,-9999.0
51504,-9999.0
51505,-9999.0
51506,-9999.0
51507,-9999.0
51508,-9999.0
51509,-9999.0
51510,-9999.0
51511,-9999.0
51512,-9999.0
51513,-9999.0
51514,-9999.0
51515,-9999.0
51516,-9999.0
51517,-9999.0
51518,-9999.0
51519,-9999.0
51520,-9999.0
51521,-9999.0
51522,-9999.0
51523,-9999.0
51524,-9999.0
51525,-9999.0
51526,-9999.0
51527,-9999.0
51528,-9999.0
51529,-9999.0
51530,-9999.0
51531,-9999.0
51532,-9999.0
51533,-9999.0
51534,-9999.0
51535,-9999.0
51536,-9999.0
51537,-9999.0
51538,-9999.0
51539,-9999.0
51540,-9999.0
51541,-9999.0
51542,-9999.0
51543,-9999.0
51544,-9999.0
51545,-9999.0
51546,-9999.0
51547,-9999.0
51548,-9999.0
51549,-9999.0
51550,-9999.0
51551,-9999.0
51552,-9999.0
51553,-9999.0
51554,-9999.0
51555,-9999.0
51556,-9999.0
51557,-9999.0
51558,-9999.0
51559,-9999.0
51560,-9999.0
51561,-9999.0
51562,-9999.0
51563,-9999.0
51564,-9999.0
51565,-9999.0
51566,-9999.0
51567,-9999.0
51568,-9999.0
51569,-9999.0
51570,-9999.0
51571,-9999.0
51572,-9999.0
51573,-9999.0
51574,-9999.0
51575,-9999.0
51576,-9999.0
51577,-9999.0
51578,-9999.0
51579,-9999.0
51580,-9999.0
51581,-9999.0
51582,-9999.0
51583,-9999.0
51584,-9999.0
51585,-9999.0
51586,-9999.0
51587,-9999.0
51588,-9999.0
51589,-9999.0
51590,-9999.0
51591,-9999.0
51592,-9999.0
51593,-9999.0
51594,-9999.0
51595,-9999.0
51596,-9999.0
51597,-9999.0
51598,-9999.0
51599,-9999.0
51600,-9999.0
51601,-9999.0
51602,-9999.0
51603,-9999.0
51604,-9999.0
51605,-9999.0
51606,-9999.0
51607,-9999.0
51608,-9999.0
51609,-9999.0
51610,-9999.0
51611,-9999.0
51612,-9999.0
51613,-9999.0
51614,-9999.0
51615,-9999.0
51616,-9999.0
51617,-9999.0
51618,-9999.0
51619,-9999.0
51620,-9999.0
51621,-9999.0
51622,-9999.0
51623,-9999.0
51624,-9999.0
51625,-9999.0
51626,-9999.0
51627,-9999.0
51628,-9999.0
51629,-9999.0
51630,-9999.0
51631,-9999.0
51632,-9999.0
51633,-9999.0
51634,-9999.0
51635,-9999.0
51636,-9999.0
51637,-9999.0
51638,-9999.0
51639,-9999.0
51640,-9999.0
51641,-9999.0
51642,-9999.0
51643,-9999.0
51644,-9999.0
51645,-9999.0
51646,-9999.0
51647,-9999.0
51648,-9999.0
51649,-9999.0
51650,-9999.0
51651,-9999.0
51652,-9999.0
51653,-9999.0
51654,-9999.0
51655,-9999.0
51656,-9999.0
51657,-9999.0
51658,-9999.0
51659,-9999.0
51660,-9999.0
51661,-9999.0
51662,-9999.0
51663,-9999.0
51664,-9999.0
51665,-9999.0
51666,-9999.0
51667,-9999.0
51668,-9999.0
51669,-9999.0
51670,-9999.0
51671,-9999.0
51672,-9999.0
51673,-9999.0
51674,-9999.0
51675,-9999.0
51676,-9999.0
51677,-9999.0
51678,-9999.0
51679,-9999.0
51680,-9999.0
51681,-9999.0
51682,-9999.0
51683,-9999.0
51684,-9999.0
51685,-9999.0
51686,-9999.0
51687,-9999.0
51688,-9999.0
51689,-9999.0
51690,-9999.0
51691,-9999.0
51692,-9999.0
51693,-9999.0
51694,-9999.0
51695,-9999.0
51696,-9999.0
51697,-9999.0
51698,-9999.0
51699,-9999.0
51700,-9999.0
51701,-9999.0
51702,-9999.0
51703,-9999.0
51704,-9999.0
51705,-9999.0
51706,-9999.0
51707,-9999.0
51708,-9999.0
51709,-9999.0
51710,-9999.0
51711,-9999.0
51712,-9999.0
51713,-9999.0
51714,-9999.0
51715,-9999.0
51716,-9999.0
51717,-9999.0
51718,-9999.0
51719,-9999.0
51720,-9999.0
51721,-9999.0
51722,-9999.0
51723,-9999.0
51724,-9999.0
51725,-9999.0
51726,-9999.0
51727,-9999.0
51728,-9999.0
51729,-9999.0
51730,-9999.0
51731,-9999.0
51732,-9999.0
51733,-9999.0
51734,-9999.0
51735,-9999.0
51736,-9999.0
51737,-9999.0
51738,-9999.0
51739,-9999.0
51740,-9999.0
51741,-9999.0
51742,-9999.0
51743,-9999.0
51744,-9999.0
51745,-9999.0
51746,-9999.0
51747,-9999.0
51748,-9999.0
51749,-9999.0
51750,-9999.0
51751,-9999.0
51752,-9999.0
51753,-9999.0
51754,-9999.0
51755,-9999.0
51756,-9999.0
51757,-9999.0
51758,-9999.0
51759,-9999.0
51760,-9999.0
51761,-9999.0
51762,-9999.0
51763,-9999.0
51764,-9999.0
51765,-9999.0
51766,-9999.0
51767,-9999.0
51768,-9999.0
51769,-9999.0
51770,-9999.0
51771,-9999.0
51772,-9999.0
51773,-9999.0
51774,-9999.0
51775,-9999.0
51776,-9999.0
51777,-9999.0
51778,-9999.0
51779,-9999.0
51780,-9999.0
51781,-9999.0
51782,-9999.0
51783,-9999.0
51784,-9999.0
51785,-9999.0
51786,-9999.0
51787,-9999.0
51788,-9999.0
51789,-9999.0
51790,-9999.0
51791,-9999.0
51792,-9999.0
51793,-9999.0
51794,-9999.0
51795,-9999.0
51796,-9999.0
51797,-9999.0
51798,-9999.0
51799,-9999.0
51800,-9999.0
51801,-9999.0
51802,-9999.0
51803,-9999.0
51804,-9999.0
51805,-9999.0
51806,-9999.0
51807,-9999.0
51808,-9999.0
51809,-9999.0
51810,-9999.0
51811,-9999.0
51812,-9999.0
51813,-9999.0
51814,-9999.0
51815,-9999.0
51816,-9999.0
51817,-9999.0
51818,-9999.0
51819,-9999.0
51820,-9999.0
51821,-9999.0
51822,-9999.0
51823,-9999.0
51824,-9999.0
51825,-9999.0
51826,-9999.0
51827,-9999.0
51828,-9999.0
51829,-9999.0
51830,-9999.0
51831,-9999.0
51832,-9999.0
51833,-9999.0
51834,-9999.0
51835,-9999.0
51836,-9999.0
51837,-9999.0
51838,-9999.0
51839,-9999.0
51840,-9999.0
51841,-9999.0
51842,-9999.0
51843,-9999.0
51844,-9999.0
51845,-9999.0
51846,-9999.0
51847,-9999.0
51848,-9999.0
51849,-9999.0
51850,-9999.0
51851,-9999.0
51852,-9999.0
51853,-9999.0
51854,-9999.0
51855,-9999.0
51856,-9999.0
51857,-9999.0
51858,-9999.0
51859,-9999.0
51860,-9999.0
51861,-9999.0
51862,-9999.0
51863,-9999.0
51864,-9999.0
51865,-9999.0
51866,-9999.0
51867,-9999.0
51868,-9999.0
51869,-9999.0
51870,-9999.0
51871,-9999.0
51872,-9999.0
51873,-9999.0
51874,-9999.0
51875,-9999.0
51876,-9999.0
51877,-9999.0
51878,-9999.0
51879,-9999.0
51880,-9999.0
51881,-9999.0
51882,-9999.0
51883,-9999.0
51884,-9999.0
51885,-9999.0
51886,-9999.0
51887,-9999.0
51888,-9999.0
51889,-9999.0
51890,-9999.0
51891,-9999.0
51892,-9999.0
51893,-9999.0
51894,-9999.0
51895,-9999.0
51896,-9999.0
51897,-9999.0
51898,-9999.0
51899,-9999.0
51900,-9999.0
51901,-9999.0
51902,-9999.0
51903,-9999.0
51904,-9999.0
51905,-9999.0
51906,-9999.0
51907,-9999.0
51908,-9999.0
51909,-9999.0
51910,-9999.0
51911,-9999.0
51912,-9999.0
51913,-9999.0
51914,-9999.0
51915,-9999.0
51916,-9999.0
51917,-9999.0
51918,-9999.0
51919,-9999.0
51920,-9999.0
51921,-9999.0
51922,-9999.0
51923,-9999.0
51924,-9999.0
51925,-9999.0
51926,-9999.0
51927,-9999.0
51928,-9999.0
51929,-9999.0
51930,-9999.0
51931,-9999.0
51932,-9999.0
51933,-9999.0
51934,-9999.0
51935,-9999.0
51936,-9999.0
51937,-9999.0
51938,-9999.0
51939,-9999.0
51940,-9999.0
51941,-9999.0
51942,-9999.0
51943,-9999.0
51944,-9999.0
51945,-9999.0
51946,-9999.0
51947,-9999.0
51948,-9999.0
51949,-9999.0
51950,-9999.0
51951,-9999.0
51952,-9999.0
51953,-9999.0
51954,-9999.0
51955,-9999.0
51956,-9999.0
51957,-9999.0
51958,-9999.0
51959,-9999.0
51960,-9999.0
51961,-9999.0
51962,-9999.0
51963,-9999.0
51964,-9999.0
51965,-9999.0
51966,-9999.0
51967,-9999.0
51968,-9999.0
51969,-9999.0
51970,-9999.0
51971,-9999.0
51972,-9999.0
51973,-9999.0
51974,-9999.0
51975,-9999.0
51976,-9999.0
51977,-9999.0
51978,-9999.0
51979,-9999.0
51980,-9999.0
51981,-9999.0
51982,-9999.0
51983,-9999.0
51984,-9999.0
51985,-9999.0
51986,-9999.0
51987,-9999.0
51988,-9999.0
51989,-9999.0
51990,-9999.0
51991,-9999.0
51992,-9999.0
51993,-9999.0
51994,-9999.0
51995,-9999.0
51996,-9999.0
51997,-9999.0
51998,-9999.0
51999,-9999.0
52000,-9999.0
52001,-9999.0
52002,-9999.0
52003,-9999.0
52004,-9999.0
52005,-9999.0
52006,-9999.0
52007,-9999.0
52008,-9999.0
52009,-9999.0
52010,-9999.0
52011,-9999.0
52012,-9999.0
52013,-9999.0
52014,-9999.0
52015,-9999.0
52016,-9999.0
52017,-9999.0
52018,-9999.0
52019,-9999.0
52020,-9999.0
52021,-9999.0
52022,-9999.0
52023,-9999.0
52024,-9999.0
52025,-9999.0
52026,-9999.0
52027,-9999.0
52028,-9999.0
52029,-9999.0
52030,-9999.0
52031,-9999.0
52032,-9999.0
52033,-9999.0
52034,-9999.0
52035,-9999.0
52036,-9999.0
52037,-9999.0
52038,-9999.0
52039,-9999.0
52040,-9999.0
52041,-9999.0
52042,-9999.0
52043,-9999.0
52044,-9999.0
52045,-9999.0
52046,-9999.0
52047,-9999.0
52048,-9999.0
52049,-9999.0
52050,-9999.0
52051,-9999.0
52052,-9999.0
52053,-9999.0
52054,-9999.0
52055,-9999.0
52056,-9999.0
52057,-9999.0
52058,-9999.0
52059,-9999.0
52060,-9999.0
52061,-9999.0
52062,-9999.0
52063,-9999.0
52064,-9999.0
52065,-9999.0
52066,-9999.0
52067,-9999.0
52068,-9999.0
52069,-9999.0
52070,-9999.0
52071,-9999.0
52072,-9999.0
52073,-9999.0
52074,-9999.0
52075,-9999.0
52076,-9999.0
52077,-9999.0
52078,-9999.0
52079,-9999.0
52080,-9999.0
52081,-9999.0
52082,-9999.0
52083,-9999.0
52084,-9999.0
52085,-9999.0
52086,-9999.0
52087,-9999.0
52088,-9999.0
52089,-9999.0
52090,-9999.0
52091,-9999.0
52092,-9999.0
52093,-9999.0
52094,-9999.0
52095,-9999.0
52096,-9999.0
52097,-9999.0
52098,-9999.0
52099,-9999.0
52100,-9999.0
52101,-9999.0
52102,-9999.0
52103,-9999.0
52104,-9999.0
52105,-9999.0
52106,-9999.0
52107,-9999.0
52108,-9999.0
52109,-9999.0
52110,-9999.0
52111,-9999.0
52112,-9999.0
52113,-9999.0
52114,-9999.0
52115,-9999.0
52116,-9999.0
52117,-9999.0
52118,-9999.0
52119,-9999.0
52120,-9999.0
52121,-9999.0
52122,-9999.0
52123,-9999.0
52124,-9999.0
52125,-9999.0
52126,-9999.0
52127,-9999.0
52128,-9999.0
52129,-9999.0
52130,-9999.0
52131,-9999.0
52132,-9999.0
52133,-9999.0
52134,-9999.0
52135,-9999.0
52136,-9999.0
52137,-9999.0
52138,-9999.0
52139,-9999.0
52140,-9999.0
52141,-9999.0
52142,-9999.0
52143,-9999.0
52144,-9999.0
52145,-9999.0
52146,-9999.0
52147,-9999.0
52148,-9999.0
52149,-9999.0
52150,-9999.0
52151,-9999.0
52152,-9999.0
52153,-9999.0
52154,-9999.0
52155,-9999.0
52156,-9999.0
52157,-9999.0
52158,-9999.0
52159,-9999.0
52160,-9999.0
52161,-9999.0
52162,-9999.0
52163,-9999.0
52164,-9999.0
52165,-9999.0
52166,-9999.0
52167,-9999.0
52168,-9999.0
52169,-9999.0
52170,-9999.0
52171,-9999.0
52172,-9999.0
52173,-9999.0
52174,-9999.0
52175,-9999.0
52176,-9999.0
52177,-9999.0
52178,-9999.0
52179,-9999.0
52180,-9999.0
52181,-9999.0
52182,-9999.0
52183,-9999.0
52184,-9999.0
52185,-9999.0
52186,-9999.0
52187,-9999.0
52188,-9999.0
52189,-9999.0
52190,-9999.0
52191,-9999.0
52192,-9999.0
52193,-9999.0
52194,-9999.0
52195,-9999.0
52196,-9999.0
52197,-9999.0
52198,-9999.0
52199,-9999.0
52200,-9999.0
52201,-9999.0
52202,-9999.0
52203,-9999.0
52204,-9999.0
52205,-9999.0
52206,-9999.0
52207,-9999.0
52208,-9999.0
52209,-9999.0
52210,-9999.0
52211,-9999.0
52212,-9999.0
52213,-9999.0
52214,-9999.0
52215,-9999.0
52216,-9999.0
52217,-9999.0
52218,-9999.0
52219,-9999.0
52220,-9999.0
52221,-9999.0
52222,-9999.0
52223,-9999.0
52224,-9999.0
52225,-9999.0
52226,-9999.0
52227,-9999.0
52228,-9999.0
52229,-9999.0
52230,-9999.0
52231,-9999.0
52232,-9999.0
52233,-9999.0
52234,-9999.0
52235,-9999.0
52236,-9999.0
52237,-9999.0
52238,-9999.0
52239,-9999.0
52240,-9999.0
52241,-9999.0
52242,-9999.0
52243,-9999.0
52244,-9999.0
52245,-9999.0
52246,-9999.0
52247,-9999.0
52248,-9999.0
52249,-9999.0
52250,-9999.0
52251,-9999.0
52252,-9999.0
52253,-9999.0
52254,-9999.0
52255,-9999.0
52256,-9999.0
52257,-9999.0
52258,-9999.0
52259,-9999.0
52260,-9999.0
52261,-9999.0
52262,-9999.0
52263,-9999.0
52264,-9999.0
52265,-9999.0
52266,-9999.0
52267,-9999.0
52268,-9999.0
52269,-9999.0
52270,-9999.0
52271,-9999.0
52272,-9999.0
52273,-9999.0
52274,-9999.0
52275,-9999.0
52276,-9999.0
52277,-9999.0
52278,-9999.0
52279,-9999.0
52280,-9999.0
52281,-9999.0
52282,-9999.0
52283,-9999.0
52284,-9999.0
52285,-9999.0
52286,-9999.0
52287,-9999.0
52288,-9999.0
52289,-9999.0
52290,-9999.0
52291,-9999.0
52292,-9999.0
52293,-9999.0
52294,-9999.0
52295,-9999.0
52296,-9999.0
52297,-9999.0
52298,-9999.0
52299,-9999.0
52300,-9999.0
52301,-9999.0
52302,-9999.0
52303,-9999.0
52304,-9999.0
52305,-9999.0
52306,-9999.0
52307,-9999.0
52308,-9999.0
52309,-9999.0
52310,-9999.0
52311,-9999.0
52312,-9999.0
52313,-9999.0
52314,-9999.0
52315,-9999.0
52316,-9999.0
52317,-9999.0
52318,-9999.0
52319,-9999.0
52320,-9999.0
52321,-9999.0
52322,-9999.0
52323,-9999.0
52324,-9999.0
52325,-9999.0
52326,-9999.0
52327,-9999.0
52328,-9999.0
52329,-9999.0
52330,-9999.0
52331,-9999.0
52332,-9999.0
52333,-9999.0
52334,-9999.0
52335,-9999.0
52336,-9999.0
52337,-9999.0
52338,-9999.0
52339,-9999.0
52340,-9999.0
52341,-9999.0
52342,-9999.0
52343,-9999.0
52344,-9999.0
52345,-9999.0
52346,-9999.0
52347,-9999.0
52348,-9999.0
52349,-9999.0
52350,-9999.0
52351,-9999.0
52352,-9999.0
52353,-9999.0
52354,-9999.0
52355,-9999.0
52356,-9999.0
52357,-9999.0
52358,-9999.0
52359,-9999.0
52360,-9999.0
52361,-9999.0
52362,-9999.0
52363,-9999.0
52364,-9999.0
52365,-9999.0
52366,-9999.0
52367,-9999.0
52368,-9999.0
52369,-9999.0
52370,-9999.0
52371,-9999.0
52372,-9999.0
52373,-9999.0
52374,-9999.0
52375,-9999.0
52376,-9999.0
52377,-9999.0
52378,-9999.0
52379,-9999.0
52380,-9999.0
52381,-9999.0
52382,-9999.0
52383,-9999.0
52384,-9999.0
52385,-9999.0
52386,-9999.0
52387,-9999.0
52388,-9999.0
52389,-9999.0
52390,-9999.0
52391,-9999.0
52392,-9999.0
52393,-9999.0
52394,-9999.0
52395,-9999.0
52396,-9999.0
52397,-9999.0
52398,-9999.0
52399,-9999.0
52400,-9999.0
52401,-9999.0
52402,-9999.0
52403,-9999.0
52404,-9999.0
52405,-9999.0
52406,-9999.0
52407,-9999.0
52408,-9999.0
52409,-9999.0
52410,-9999.0
52411,-9999.0
52412,-9999.0
52413,-9999.0
52414,-9999.0
52415,-9999.0
52416,-9999.0
52417,-9999.0
52418,-9999.0
52419,-9999.0
52420,-9999.0
52421,-9999.0
52422,-9999.0
52423,-9999.0
52424,-9999.0
52425,-9999.0
52426,-9999.0
52427,-9999.0
52428,-9999.0
52429,-9999.0
52430,-9999.0
52431,-9999.0
52432,-9999.0
52433,-9999.0
52434,-9999.0
52435,-9999.0
52436,-9999.0
52437,-9999.0
52438,-9999.0
52439,-9999.0
52440,-9999.0
52441,-9999.0
52442,-9999.0
52443,-9999.0
52444,-9999.0
52445,-9999.0
52446,-9999.0
52447,-9999.0
52448,-9999.0
52449,-9999.0
52450,-9999.0
52451,-9999.0
52452,-9999.0
52453,-9999.0
52454,-9999.0
52455,-9999.0
52456,-9999.0
52457,-9999.0
52458,-9999.0
52459,-9999.0
52460,-9999.0
52461,-9999.0
52462,-9999.0
52463,-9999.0
52464,-9999.0
52465,-9999.0
52466,-9999.0
52467,-9999.0
52468,-9999.0
52469,-9999.0
52470,-9999.0
52471,-9999.0
52472,-9999.0
52473,-9999.0
52474,-9999.0
52475,-9999.0
52476,-9999.0
52477,-9999.0
52478,-9999.0
52479,-9999.0
52480,-9999.0
52481,-9999.0
52482,-9999.0
52483,-9999.0
52484,-9999.0
52485,-9999.0
52486,-9999.0
52487,-9999.0
52488,-9999.0
52489,-9999.0
52490,-9999.0
52491,-9999.0
52492,-9999.0
52493,-9999.0
52494,-9999.0
52495,-9999.0
52496,-9999.0
52497,-9999.0
52498,-9999.0
52499,-9999.0
52500,-9999.0
52501,-9999.0
52502,-9999.0
52503,-9999.0
52504,-9999.0
52505,-9999.0
52506,-9999.0
52507,-9999.0
52508,-9999.0
52509,-9999.0
52510,-9999.0
52511,-9999.0
52512,-9999.0
52513,-9999.0
52514,-9999.0
52515,-9999.0
52516,-9999.0
52517,-9999.0
52518,-9999.0
52519,-9999.0
52520,-9999.0
52521,-9999.0
52522,-9999.0
52523,-9999.0
52524,-9999.0
52525,-9999.0
52526,-9999.0
52527,-9999.0
52528,-9999.0
52529,-9999.0
52530,-9999.0
52531,-9999.0
52532,-9999.0
52533,-9999.0
52534,-9999.0
52535,-9999.0
52536,-9999.0
52537,-9999.0
52538,-9999.0
52539,-9999.0
52540,-9999.0
52541,-9999.0
52542,-9999.0
52543,-9999.0
52544,-9999.0
52545,-9999.0
52546,-9999.0
52547,-9999.0
52548,-9999.0
52549,-9999.0
52550,-9999.0
52551,-9999.0
52552,-9999.0
52553,-9999.0
52554,-9999.0
52555,-9999.0
52556,-9999.0
52557,-9999.0
52558,-9999.0
52559,-9999.0
52560,-9999.0
52561,-9999.0
52562,-9999.0
52563,-9999.0
52564,-9999.0
52565,-9999.0
52566,-9999.0
52567,-9999.0
52568,-9999.0
52569,-9999.0
52570,-9999.0
52571,-9999.0
52572,-9999.0
52573,-9999.0
52574,-9999.0
52575,-9999.0
52576,-9999.0
52577,-9999.0
52578,-9999.0
52579,-9999.0
52580,-9999.0
52581,-9999.0
52582,-9999.0
52583,-9999.0
52584,-9999.0
52585,-9999.0
52586,-9999.0
52587,-9999.0
52588,-9999.0
52589,-9999.0
52590,-9999.0
52591,-9999.0
52592,-9999.0
52593,-9999.0
52594,-9999.0
52595,-9999.0
52596,-9999.0
52597,-9999.0
52598,-9999.0
52599,-9999.0
52600,-9999.0
52601,-9999.0
52602,-9999.0
52603,-9999.0
52604,-9999.0
52605,-9999.0
52606,-9999.0
52607,-9999.0
52608,-9999.0
52609,-9999.0
52610,-9999.0
52611,-9999.0
52612,-9999.0
52613,-9999.0
52614,-9999.0
52615,-9999.0
52616,-9999.0
52617,-9999.0
52618,-9999.0
52619,-9999.0
52620,-9999.0
52621,-9999.0
52622,-9999.0
52623,-9999.0
52624,-9999.0
52625,-9999.0
52626,-9999.0
52627,-9999.0
52628,-9999.0
52629,-9999.0
52630,-9999.0
52631,-9999.0
52632,-9999.0
52633,-9999.0
52634,-9999.0
52635,-9999.0
52636,-9999.0
52637,-9999.0
52638,-9999.0
52639,-9999.0
52640,-9999.0
52641,-9999.0
52642,-9999.0
52643,-9999.0
52644,-9999.0
52645,-9999.0
52646,-9999.0
52647,-9999.0
52648,-9999.0
52649,-9999.0
52650,-9999.0
52651,-9999.0
52652,-9999.0
52653,-9999.0
52654,-9999.0
52655,-9999.0
52656,-9999.0
52657,-9999.0
52658,-9999.0
52659,-9999.0
52660,-9999.0
52661,-9999.0
52662,-9999.0
52663,-9999.0
52664,-9999.0
52665,-9999.0
52666,-9999.0
52667,-9999.0
52668,-9999.0
52669,-9999.0
52670,-9999.0
52671,-9999.0
52672,-9999.0
52673,-9999.0
52674,-9999.0
52675,-9999.0
52676,-9999.0
52677,-9999.0
52678,-9999.0
52679,-9999.0
52680,-9999.0
52681,-9999.0
52682,-9999.0
52683,-9999.0
52684,-9999.0
52685,-9999.0
52686,-9999.0
52687,-9999.0
52688,-9999.0
52689,-9999.0
52690,-9999.0
52691,-9999.0
52692,-9999.0
52693,-9999.0
52694,-9999.0
52695,-9999.0
52696,-9999.0
52697,-9999.0
52698,-9999.0
52699,-9999.0
52700,-9999.0
52701,-9999.0
52702,-9999.0
52703,-9999.0
52704,-9999.0
52705,-9999.0
52706,-9999.0
52707,-9999.0
52708,-9999.0
52709,-9999.0
52710,-9999.0
52711,-9999.0
52712,-9999.0
52713,-9999.0
52714,-9999.0
52715,-9999.0
52716,-9999.0
52717,-9999.0
52718,-9999.0
52719,-9999.0
52720,-9999.0
52721,-9999.0
52722,-9999.0
52723,-9999.0
52724,-9999.0
52725,-9999.0
52726,-9999.0
52727,-9999.0
52728,-9999.0
52729,-9999.0
52730,-9999.0
52731,-9999.0
52732,-9999.0
52733,-9999.0
52734,-9999.0
52735,-9999.0
52736,-9999.0
52737,-9999.0
52738,-9999.0
52739,-9999.0
52740,-9999.0
52741,-9999.0
52742,-9999.0
52743,-9999.0
52744,-9999.0
52745,-9999.0
52746,-9999.0
52747,-9999.0
52748,-9999.0
52749,-9999.0
52750,-9999.0
52751,-9999.0
52752,-9999.0
52753,-9999.0
52754,-9999.0
52755,-9999.0
52756,-9999.0
52757,-9999.0
52758,-9999.0
52759,-9999.0
52760,-9999.0
52761,-9999.0
52762,-9999.0
52763,-9999.0
52764,-9999.0
52765,-9999.0
52766,-9999.0
52767,-9999.0
52768,-9999.0
52769,-9999.0
52770,-9999.0
52771,-9999.0
52772,-9999.0
52773,-9999.0
52774,-9999.0
52775,-9999.0
52776,-9999.0
52777,-9999.0
52778,-9999.0
52779,-9999.0
52780,-9999.0
52781,-9999.0
52782,-9999.0
52783,-9999.0
52784,-9999.0
52785,-9999.0
52786,-9999.0
52787,-9999.0
52788,-9999.0
52789,-9999.0
52790,-9999.0
52791,-9999.0
52792,-9999.0
52793,-9999.0
52794,-9999.0
52795,-9999.0
52796,-9999.0
52797,-9999.0
52798,-9999.0
52799,-9999.0
52800,-9999.0
52801,-9999.0
52802,-9999.0
52803,-9999.0
52804,-9999.0
52805,-9999.0
52806,-9999.0
52807,-9999.0
52808,-9999.0
52809,-9999.0
52810,-9999.0
52811,-9999.0
52812,-9999.0
52813,-9999.0
52814,-9999.0
52815,-9999.0
52816,-9999.0
52817,-9999.0
52818,-9999.0
52819,-9999.0
52820,-9999.0
52821,-9999.0
52822,-9999.0
52823,-9999.0
52824,-9999.0
52825,-9999.0
52826,-9999.0
52827,-9999.0
52828,-9999.0
52829,-9999.0
52830,-9999.0
52831,-9999.0
52832,-9999.0
52833,-9999.0
52834,-9999.0
52835,-9999.0
52836,-9999.0
52837,-9999.0
52838,-9999.0
52839,-9999.0
52840,-9999.0
52841,-9999.0
52842,-9999.0
52843,-9999.0
52844,-9999.0
52845,-9999.0
52846,-9999.0
52847,-9999.0
52848,-9999.0
52849,-9999.0
52850,-9999.0
52851,-9999.0
52852,-9999.0
52853,-9999.0
52854,-9999.0
52855,-9999.0
52856,-9999.0
52857,-9999.0
52858,-9999.0
52859,-9999.0
52860,-9999.0
52861,-9999.0
52862,-9999.0
52863,-9999.0
52864,-9999.0
52865,-9999.0
52866,-9999.0
52867,-9999.0
52868,-9999.0
52869,-9999.0
52870,-9999.0
52871,-9999.0
52872,-9999.0
52873,-9999.0
52874,-9999.0
52875,-9999.0
52876,-9999.0
52877,-9999.0
52878,-9999.0
52879,-9999.0
52880,-9999.0
52881,-9999.0
52882,-9999.0
52883,-9999.0
52884,-9999.0
52885,-9999.0
52886,-9999.0
52887,-9999.0
52888,-9999.0
52889,-9999.0
52890,-9999.0
52891,-9999.0
52892,-9999.0
52893,-9999.0
52894,-9999.0
52895,-9999.0
52896,-9999.0
52897,-9999.0
52898,-9999.0
52899,-9999.0
52900,-9999.0
52901,-9999.0
52902,-9999.0
52903,-9999.0
52904,-9999.0
52905,-9999.0
52906,-9999.0
52907,-9999.0
52908,-9999.0
52909,-9999.0
52910,-9999.0
52911,-9999.0
52912,-9999.0
52913,-9999.0
52914,-9999.0
52915,-9999.0
52916,-9999.0
52917,-9999.0
52918,-9999.0
52919,-9999.0
52920,-9999.0
52921,-9999.0
52922,-9999.0
52923,-9999.0
52924,-9999.0
52925,-9999.0
52926,-9999.0
52927,-9999.0
52928,-9999.0
52929,-9999.0
52930,-9999.0
52931,-9999.0
52932,-9999.0
52933,-9999.0
52934,-9999.0
52935,-9999.0
52936,-9999.0
52937,-9999.0
52938,-9999.0
52939,-9999.0
52940,-9999.0
52941,-9999.0
52942,-9999.0
52943,-9999.0
52944,-9999.0
52945,-9999.0
52946,-9999.0
52947,-9999.0
52948,-9999.0
52949,-9999.0
52950,-9999.0
52951,-9999.0
52952,-9999.0
52953,-9999.0
52954,-9999.0
52955,-9999.0
52956,-9999.0
52957,-9999.0
52958,-9999.0
52959,-9999.0
52960,-9999.0
52961,-9999.0
52962,-9999.0
52963,-9999.0
52964,-9999.0
52965,-9999.0
52966,-9999.0
52967,-9999.0
52968,-9999.0
52969,-9999.0
52970,-9999.0
52971,-9999.0
52972,-9999.0
52973,-9999.0
52974,-9999.0
52975,-9999.0
52976,-9999.0
52977,-9999.0
52978,-9999.0
52979,-9999.0
52980,-9999.0
52981,-9999.0
52982,-9999.0
52983,-9999.0
52984,-9999.0
52985,-9999.0
52986,-9999.0
52987,-9999.0
52988,-9999.0
52989,-9999.0
52990,-9999.0
52991,-9999.0
52992,-9999.0
52993,-9999.0
52994,-9999.0
52995,-9999.0
52996,-9999.0
52997,-9999.0
52998,-9999.0
52999,-9999.0
53000,-9999.0
53001,-9999.0
53002,-9999.0
53003,-9999.0
53004,-9999.0
53005,-9999.0
53006,-9999.0
53007,-9999.0
53008,-9999.0
53009,-9999.0
53010,-9999.0
53011,-9999.0
53012,-9999.0
53013,-9999.0
53014,-9999.0
53015,-9999.0
53016,-9999.0
53017,-9999.0
53018,-9999.0
53019,-9999.0
53020,-9999.0
53021,-9999.0
53022,-9999.0
53023,-9999.0
53024,-9999.0
53025,-9999.0
53026,-9999.0
53027,-9999.0
53028,-9999.0
53029,-9999.0
53030,-9999.0
53031,-9999.0
53032,-9999.0
53033,-9999.0
53034,-9999.0
53035,-9999.0
53036,-9999.0
53037,-9999.0
53038,-9999.0
53039,-9999.0
53040,-9999.0
53041,-9999.0
53042,-9999.0
53043,-9999.0
53044,-9999.0
53045,-9999.0
53046,-9999.0
53047,-9999.0
53048,-9999.0
53049,-9999.0
53050,-9999.0
53051,-9999.0
53052,-9999.0
53053,-9999.0
53054,-9999.0
53055,-9999.0
53056,-9999.0
53057,-9999.0
53058,-9999.0
53059,-9999.0
53060,-9999.0
53061,-9999.0
53062,-9999.0
53063,-9999.0
53064,-9999.0
53065,-9999.0
53066,-9999.0
53067,-9999.0
53068,-9999.0
53069,-9999.0
53070,-9999.0
53071,-9999.0
53072,-9999.0
53073,-9999.0
53074,-9999.0
53075,-9999.0
53076,-9999.0
53077,-9999.0
53078,-9999.0
53079,-9999.0
53080,-9999.0
53081,-9999.0
53082,-9999.0
53083,-9999.0
53084,-9999.0
53085,-9999.0
53086,-9999.0
53087,-9999.0
53088,-9999.0
53089,-9999.0
53090,-9999.0
53091,-9999.0
53092,-9999.0
53093,-9999.0
53094,-9999.0
53095,-9999.0
53096,-9999.0
53097,-9999.0
53098,-9999.0
53099,-9999.0
53100,-9999.0
53101,-9999.0
53102,-9999.0
53103,-9999.0
53104,-9999.0
53105,-9999.0
53106,-9999.0
53107,-9999.0
53108,-9999.0
53109,-9999.0
53110,-9999.0
53111,-9999.0
53112,-9999.0
53113,-9999.0
53114,-9999.0
53115,-9999.0
53116,-9999.0
53117,-9999.0
53118,-9999.0
53119,-9999.0
53120,-9999.0
53121,-9999.0
53122,-9999.0
53123,-9999.0
53124,-9999.0
53125,-9999.0
53126,-9999.0
53127,-9999.0
53128,-9999.0
53129,-9999.0
53130,-9999.0
53131,-9999.0
53132,-9999.0
53133,-9999.0
53134,-9999.0
53135,-9999.0
53136,-9999.0
53137,-9999.0
53138,-9999.0
53139,-9999.0
53140,-9999.0
53141,-9999.0
53142,-9999.0
53143,-9999.0
53144,-9999.0
53145,-9999.0
53146,-9999.0
53147,-9999.0
53148,-9999.0
53149,-9999.0
53150,-9999.0
53151,-9999.0
53152,-9999.0
53153,-9999.0
53154,-9999.0
53155,-9999.0
53156,-9999.0
53157,-9999.0
53158,-9999.0
53159,-9999.0
53160,-9999.0
53161,-9999.0
53162,-9999.0
53163,-9999.0
53164,-9999.0
53165,-9999.0
53166,-9999.0
53167,-9999.0
53168,-9999.0
53169,-9999.0
53170,-9999.0
53171,-9999.0
53172,-9999.0
53173,-9999.0
53174,-9999.0
53175,-9999.0
53176,-9999.0
53177,-9999.0
53178,-9999.0
53179,-9999.0
53180,-9999.0
53181,-9999.0
53182,-9999.0
53183,-9999.0
53184,-9999.0
53185,-9999.0
53186,-9999.0
53187,-9999.0
53188,-9999.0
53189,-9999.0
53190,-9999.0
53191,-9999.0
53192,-9999.0
53193,-9999.0
53194,-9999.0
53195,-9999.0
53196,-9999.0
53197,-9999.0
53198,-9999.0
53199,-9999.0
53200,-9999.0
53201,-9999.0
53202,-9999.0
53203,-9999.0
53204,-9999.0
53205,-9999.0
53206,-9999.0
53207,-9999.0
53208,-9999.0
53209,-9999.0
53210,-9999.0
53211,-9999.0
53212,-9999.0
53213,-9999.0
53214,-9999.0
53215,-9999.0
53216,-9999.0
53217,-9999.0
53218,-9999.0
53219,-9999.0
53220,-9999.0
53221,-9999.0
53222,-9999.0
53223,-9999.0
53224,-9999.0
53225,-9999.0
53226,-9999.0
53227,-9999.0
53228,-9999.0
53229,-9999.0
53230,-9999.0
53231,-9999.0
53232,-9999.0
53233,-9999.0
53234,-9999.0
53235,-9999.0
53236,-9999.0
53237,-9999.0
53238,-9999.0
53239,-9999.0
53240,-9999.0
53241,-9999.0
53242,-9999.0
53243,-9999.0
53244,-9999.0
53245,-9999.0
53246,-9999.0
53247,-9999.0
53248,-9999.0
53249,-9999.0
53250,-9999.0
53251,-9999.0
53252,-9999.0
53253,-9999.0
53254,-9999.0
53255,-9999.0
53256,-9999.0
53257,-9999.0
53258,-9999.0
53259,-9999.0
53260,-9999.0
53261,-9999.0
53262,-9999.0
53263,-9999.0
53264,-9999.0
53265,-9999.0
53266,-9999.0
53267,-9999.0
53268,-9999.0
53269,-9999.0
53270,-9999.0
53271,-9999.0
53272,-9999.0
53273,-9999.0
53274,-9999.0
53275,-9999.0
53276,-9999.0
53277,-9999.0
53278,-9999.0
53279,-9999.0
53280,-9999.0
53281,-9999.0
53282,-9999.0
53283,-9999.0
53284,-9999.0
53285,-9999.0
53286,-9999.0
53287,-9999.0
53288,-9999.0
53289,-9999.0
53290,-9999.0
53291,-9999.0
53292,-9999.0
53293,-9999.0
53294,-9999.0
53295,-9999.0
53296,-9999.0
53297,-9999.0
53298,-9999.0
53299,-9999.0
53300,-9999.0
53301,-9999.0
53302,-9999.0
53303,-9999.0
53304,-9999.0
53305,-9999.0
53306,-9999.0
53307,-9999.0
53308,-9999.0
53309,-9999.0
53310,-9999.0
53311,-9999.0
53312,-9999.0
53313,-9999.0
53314,-9999.0
53315,-9999.0
53316,-9999.0
53317,-9999.0
53318,-9999.0
53319,-9999.0
53320,-9999.0
53321,-9999.0
53322,-9999.0
53323,-9999.0
53324,-9999.0
53325,-9999.0
53326,-9999.0
53327,-9999.0
53328,-9999.0
53329,-9999.0
53330,-9999.0
53331,-9999.0
53332,-9999.0
53333,-9999.0
53334,-9999.0
53335,-9999.0
53336,-9999.0
53337,-9999.0
53338,-9999.0
53339,-9999.0
53340,-9999.0
53341,-9999.0
53342,-9999.0
53343,-9999.0
53344,-9999.0
53345,-9999.0
53346,-9999.0
53347,-9999.0
53348,-9999.0
53349,-9999.0
53350,-9999.0
53351,-9999.0
53352,-9999.0
53353,-9999.0
53354,-9999.0
53355,-9999.0
53356,-9999.0
53357,-9999.0
53358,-9999.0
53359,-9999.0
53360,-9999.0
53361,-9999.0
53362,-9999.0
53363,-9999.0
53364,-9999.0
53365,-9999.0
53366,-9999.0
53367,-9999.0
53368,-9999.0
53369,-9999.0
53370,-9999.0
53371,-9999.0
53372,-9999.0
53373,-9999.0
53374,-9999.0
53375,-9999.0
53376,-9999.0
53377,-9999.0
53378,-9999.0
53379,-9999.0
53380,-9999.0
53381,-9999.0
53382,-9999.0
53383,-9999.0
53384,-9999.0
53385,-9999.0
53386,-9999.0
53387,-9999.0
53388,-9999.0
53389,-9999.0
53390,-9999.0
53391,-9999.0
53392,-9999.0
53393,-9999.0
53394,-9999.0
53395,-9999.0
53396,-9999.0
53397,-9999.0
53398,-9999.0
53399,-9999.0
53400,-9999.0
53401,-9999.0
53402,-9999.0
53403,-9999.0
53404,-9999.0
53405,-9999.0
53406,-9999.0
53407,-9999.0
53408,-9999.0
53409,-9999.0
53410,-9999.0
53411,-9999.0
53412,-9999.0
53413,-9999.0
53414,-9999.0
53415,-9999.0
53416,-9999.0
53417,-9999.0
53418,-9999.0
53419,-9999.0
53420,-9999.0
53421,-9999.0
53422,-9999.0
53423,-9999.0
53424,-9999.0
53425,-9999.0
53426,-9999.0
53427,-9999.0
53428,-9999.0
53429,-9999.0
53430,-9999.0
53431,-9999.0
53432,-9999.0
53433,-9999.0
53434,-9999.0
53435,-9999.0
53436,-9999.0
53437,-9999.0
53438,-9999.0
53439,-9999.0
53440,-9999.0
53441,-9999.0
53442,-9999.0
53443,-9999.0
53444,-9999.0
53445,-9999.0
53446,-9999.0
53447,-9999.0
53448,-9999.0
53449,-9999.0
53450,-9999.0
53451,-9999.0
53452,-9999.0
53453,-9999.0
53454,-9999.0
53455,-9999.0
53456,-9999.0
53457,-9999.0
53458,-9999.0
53459,-9999.0
53460,-9999.0
53461,-9999.0
53462,-9999.0
53463,-9999.0
53464,-9999.0
53465,-9999.0
53466,-9999.0
53467,-9999.0
53468,-9999.0
53469,-9999.0
53470,-9999.0
53471,-9999.0
53472,-9999.0
53473,-9999.0
53474,-9999.0
53475,-9999.0
53476,-9999.0
53477,-9999.0
53478,-9999.0
53479,-9999.0
53480,-9999.0
53481,-9999.0
53482,-9999.0
53483,-9999.0
53484,-9999.0
53485,-9999.0
53486,-9999.0
53487,-9999.0
53488,-9999.0
53489,-9999.0
53490,-9999.0
53491,-9999.0
53492,-9999.0
53493,-9999.0
53494,-9999.0
53495,-9999.0
53496,-9999.0
53497,-9999.0
53498,-9999.0
53499,-9999.0
53500,-9999.0
53501,-9999.0
53502,-9999.0
53503,-9999.0
53504,-9999.0
53505,-9999.0
53506,-9999.0
53507,-9999.0
53508,-9999.0
53509,-9999.0
53510,-9999.0
53511,-9999.0
53512,-9999.0
53513,-9999.0
53514,-9999.0
53515,-9999.0
53516,-9999.0
53517,-9999.0
53518,-9999.0
53519,-9999.0
53520,-9999.0
53521,-9999.0
53522,-9999.0
53523,-9999.0
53524,-9999.0
53525,-9999.0
53526,-9999.0
53527,-9999.0
53528,-9999.0
53529,-9999.0
53530,-9999.0
53531,-9999.0
53532,-9999.0
53533,-9999.0
53534,-9999.0
53535,-9999.0
53536,-9999.0
53537,-9999.0
53538,-9999.0
53539,-9999.0
53540,-9999.0
53541,-9999.0
53542,-9999.0
53543,-9999.0
53544,-9999.0
53545,-9999.0
53546,-9999.0
53547,-9999.0
53548,-9999.0
53549,-9999.0
53550,-9999.0
53551,-9999.0
53552,-9999.0
53553,-9999.0
53554,-9999.0
53555,-9999.0
53556,-9999.0
53557,-9999.0
53558,-9999.0
53559,-9999.0
53560,-9999.0
53561,-9999.0
53562,-9999.0
53563,-9999.0
53564,-9999.0
53565,-9999.0
53566,-9999.0
53567,-9999.0
53568,-9999.0
53569,-9999.0
53570,-9999.0
53571,-9999.0
53572,-9999.0
53573,-9999.0
53574,-9999.0
53575,-9999.0
53576,-9999.0
53577,-9999.0
53578,-9999.0
53579,-9999.0
53580,-9999.0
53581,-9999.0
53582,-9999.0
53583,-9999.0
53584,-9999.0
53585,-9999.0
53586,-9999.0
53587,-9999.0
53588,-9999.0
53589,-9999.0
53590,-9999.0
53591,-9999.0
53592,-9999.0
53593,-9999.0
53594,-9999.0
53595,-9999.0
53596,-9999.0
53597,-9999.0
53598,-9999.0
53599,-9999.0
53600,-9999.0
53601,-9999.0
53602,-9999.0
53603,-9999.0
53604,-9999.0
53605,-9999.0
53606,-9999.0
53607,-9999.0
53608,-9999.0
53609,-9999.0
53610,-9999.0
53611,-9999.0
53612,-9999.0
53613,-9999.0
53614,-9999.0
53615,-9999.0
53616,-9999.0
53617,-9999.0
53618,-9999.0
53619,-9999.0
53620,-9999.0
53621,-9999.0
53622,-9999.0
53623,-9999.0
53624,-9999.0
53625,-9999.0
53626,-9999.0
53627,-9999.0
53628,-9999.0
53629,-9999.0
53630,-9999.0
53631,-9999.0
53632,-9999.0
53633,-9999.0
53634,-9999.0
53635,-9999.0
53636,-9999.0
53637,-9999.0
53638,-9999.0
53639,-9999.0
53640,-9999.0
53641,-9999.0
53642,-9999.0
53643,-9999.0
53644,-9999.0
53645,-9999.0
53646,-9999.0
53647,-9999.0
53648,-9999.0
53649,-9999.0
53650,-9999.0
53651,-9999.0
53652,-9999.0
53653,-9999.0
53654,-9999.0
53655,-9999.0
53656,-9999.0
53657,-9999.0
53658,-9999.0
53659,-9999.0
53660,-9999.0
53661,-9999.0
53662,-9999.0
53663,-9999.0
53664,-9999.0
53665,-9999.0
53666,-9999.0
53667,-9999.0
53668,-9999.0
53669,-9999.0
53670,-9999.0
53671,-9999.0
53672,-9999.0
53673,-9999.0
53674,-9999.0
53675,-9999.0
53676,-9999.0
53677,-9999.0
53678,-9999.0
53679,-9999.0
53680,-9999.0
53681,-9999.0
53682,-9999.0
53683,-9999.0
53684,-9999.0
53685,-9999.0
53686,-9999.0
53687,-9999.0
53688,-9999.0
53689,-9999.0
53690,-9999.0
53691,-9999.0
53692,-9999.0
53693,-9999.0
53694,-9999.0
53695,-9999.0
53696,-9999.0
53697,-9999.0
53698,-9999.0
53699,-9999.0
53700,-9999.0
53701,-9999.0
53702,-9999.0
53703,-9999.0
53704,-9999.0
53705,-9999.0
53706,-9999.0
53707,-9999.0
53708,-9999.0
53709,-9999.0
53710,-9999.0
53711,-9999.0
53712,-9999.0
53713,-9999.0
53714,-9999.0
53715,-9999.0
53716,-9999.0
53717,-9999.0
53718,-9999.0
53719,-9999.0
53720,-9999.0
53721,-9999.0
53722,-9999.0
53723,-9999.0
53724,-9999.0
53725,-9999.0
53726,-9999.0
53727,-9999.0
53728,-9999.0
53729,-9999.0
53730,-9999.0
53731,-9999.0
53732,-9999.0
53733,-9999.0
53734,-9999.0
53735,-9999.0
53736,-9999.0
53737,-9999.0
53738,-9999.0
53739,-9999.0
53740,-9999.0
53741,-9999.0
53742,-9999.0
53743,-9999.0
53744,-9999.0
53745,-9999.0
53746,-9999.0
53747,-9999.0
53748,-9999.0
53749,-9999.0
53750,-9999.0
53751,-9999.0
53752,-9999.0
53753,-9999.0
53754,-9999.0
53755,-9999.0
53756,-9999.0
53757,-9999.0
53758,-9999.0
53759,-9999.0
53760,-9999.0
53761,-9999.0
53762,-9999.0
53763,-9999.0
53764,-9999.0
53765,-9999.0
53766,-9999.0
53767,-9999.0
53768,-9999.0
53769,-9999.0
53770,-9999.0
53771,-9999.0
53772,-9999.0
53773,-9999.0
53774,-9999.0
53775,-9999.0
53776,-9999.0
53777,-9999.0
53778,-9999.0
53779,-9999.0
53780,-9999.0
53781,-9999.0
53782,-9999.0
53783,-9999.0
53784,-9999.0
53785,-9999.0
53786,-9999.0
53787,-9999.0
53788,-9999.0
53789,-9999.0
53790,-9999.0
53791,-9999.0
53792,-9999.0
53793,-9999.0
53794,-9999.0
53795,-9999.0
53796,-9999.0
53797,-9999.0
53798,-9999.0
53799,-9999.0
53800,-9999.0
53801,-9999.0
53802,-9999.0
53803,-9999.0
53804,-9999.0
53805,-9999.0
53806,-9999.0
53807,-9999.0
53808,-9999.0
53809,-9999.0
53810,-9999.0
53811,-9999.0
53812,-9999.0
53813,-9999.0
53814,-9999.0
53815,-9999.0
53816,-9999.0
53817,-9999.0
53818,-9999.0
53819,-9999.0
53820,-9999.0
53821,-9999.0
53822,-9999.0
53823,-9999.0
53824,-9999.0
53825,-9999.0
53826,-9999.0
53827,-9999.0
53828,-9999.0
53829,-9999.0
53830,-9999.0
53831,-9999.0
53832,-9999.0
53833,-9999.0
53834,-9999.0
53835,-9999.0
53836,-9999.0
53837,-9999.0
53838,-9999.0
53839,-9999.0
53840,-9999.0
53841,-9999.0
53842,-9999.0
53843,-9999.0
53844,-9999.0
53845,-9999.0
53846,-9999.0
53847,-9999.0
53848,-9999.0
53849,-9999.0
53850,-9999.0
53851,-9999.0
53852,-9999.0
53853,-9999.0
53854,-9999.0
53855,-9999.0
53856,-9999.0
53857,-9999.0
53858,-9999.0
53859,-9999.0
53860,-9999.0
53861,-9999.0
53862,-9999.0
53863,-9999.0
53864,-9999.0
53865,-9999.0
53866,-9999.0
53867,-9999.0
53868,-9999.0
53869,-9999.0
53870,-9999.0
53871,-9999.0
53872,-9999.0
53873,-9999.0
53874,-9999.0
53875,-9999.0
53876,-9999.0
53877,-9999.0
53878,-9999.0
53879,-9999.0
53880,-9999.0
53881,-9999.0
53882,-9999.0
53883,-9999.0
53884,-9999.0
53885,-9999.0
53886,-9999.0
53887,-9999.0
53888,-9999.0
53889,-9999.0
53890,-9999.0
53891,-9999.0
53892,-9999.0
53893,-9999.0
53894,-9999.0
53895,-9999.0
53896,-9999.0
53897,-9999.0
53898,-9999.0
53899,-9999.0
53900,-9999.0
53901,-9999.0
53902,-9999.0
53903,-9999.0
53904,-9999.0
53905,-9999.0
53906,-9999.0
53907,-9999.0
53908,-9999.0
53909,-9999.0
53910,-9999.0
53911,-9999.0
53912,-9999.0
53913,-9999.0
53914,-9999.0
53915,-9999.0
53916,-9999.0
53917,-9999.0
53918,-9999.0
53919,-9999.0
53920,-9999.0
53921,-9999.0
53922,-9999.0
53923,-9999.0
53924,-9999.0
53925,-9999.0
53926,-9999.0
53927,-9999.0
53928,-9999.0
53929,-9999.0
53930,-9999.0
53931,-9999.0
53932,-9999.0
53933,-9999.0
53934,-9999.0
53935,-9999.0
53936,-9999.0
53937,-9999.0
53938,-9999.0
53939,-9999.0
53940,-9999.0
53941,-9999.0
53942,-9999.0
53943,-9999.0
53944,-9999.0
53945,-9999.0
53946,-9999.0
53947,-9999.0
53948,-9999.0
53949,-9999.0
53950,-9999.0
53951,-9999.0
53952,-9999.0
53953,-9999.0
53954,-9999.0
53955,-9999.0
53956,-9999.0
53957,-9999.0
53958,-9999.0
53959,-9999.0
53960,-9999.0
53961,-9999.0
53962,-9999.0
53963,-9999.0
53964,-9999.0
53965,-9999.0
53966,-9999.0
53967,-9999.0
53968,-9999.0
53969,-9999.0
53970,-9999.0
53971,-9999.0
53972,-9999.0
53973,-9999.0
53974,-9999.0
53975,-9999.0
53976,-9999.0
53977,-9999.0
53978,-9999.0
53979,-9999.0
53980,-9999.0
53981,-9999.0
53982,-9999.0
53983,-9999.0
53984,-9999.0
53985,-9999.0
53986,-9999.0
53987,-9999.0
53988,-9999.0
53989,-9999.0
53990,-9999.0
53991,-9999.0
53992,-9999.0
53993,-9999.0
53994,-9999.0
53995,-9999.0
53996,-9999.0
53997,-9999.0
53998,-9999.0
53999,-9999.0
54000,-9999.0
54001,-9999.0
54002,-9999.0
54003,-9999.0
54004,-9999.0
54005,-9999.0
54006,-9999.0
54007,-9999.0
54008,-9999.0
54009,-9999.0
54010,-9999.0
54011,-9999.0
54012,-9999.0
54013,-9999.0
54014,-9999.0
54015,-9999.0
54016,-9999.0
54017,-9999.0
54018,-9999.0
54019,-9999.0
54020,-9999.0
54021,-9999.0
54022,-9999.0
54023,-9999.0
54024,-9999.0
54025,-9999.0
54026,-9999.0
54027,-9999.0
54028,-9999.0
54029,-9999.0
54030,-9999.0
54031,-9999.0
54032,-9999.0
54033,-9999.0
54034,-9999.0
54035,-9999.0
54036,-9999.0
54037,-9999.0
54038,-9999.0
54039,-9999.0
54040,-9999.0
54041,-9999.0
54042,-9999.0
54043,-9999.0
54044,-9999.0
54045,-9999.0
54046,-9999.0
54047,-9999.0
54048,-9999.0
54049,-9999.0
54050,-9999.0
54051,-9999.0
54052,-9999.0
54053,-9999.0
54054,-9999.0
54055,-9999.0
54056,-9999.0
54057,-9999.0
54058,-9999.0
54059,-9999.0
54060,-9999.0
54061,-9999.0
54062,-9999.0
54063,-9999.0
54064,-9999.0
54065,-9999.0
54066,-9999.0
54067,-9999.0
54068,-9999.0
54069,-9999.0
54070,-9999.0
54071,-9999.0
54072,-9999.0
54073,-9999.0
54074,-9999.0
54075,-9999.0
54076,-9999.0
54077,-9999.0
54078,-9999.0
54079,-9999.0
54080,-9999.0
54081,-9999.0
54082,-9999.0
54083,-9999.0
54084,-9999.0
54085,-9999.0
54086,-9999.0
54087,-9999.0
54088,-9999.0
54089,-9999.0
54090,-9999.0
54091,-9999.0
54092,-9999.0
54093,-9999.0
54094,-9999.0
54095,-9999.0
54096,-9999.0
54097,-9999.0
54098,-9999.0
54099,-9999.0
54100,-9999.0
54101,-9999.0
54102,-9999.0
54103,-9999.0
54104,-9999.0
54105,-9999.0
54106,-9999.0
54107,-9999.0
54108,-9999.0
54109,-9999.0
54110,-9999.0
54111,-9999.0
54112,-9999.0
54113,-9999.0
54114,-9999.0
54115,-9999.0
54116,-9999.0
54117,-9999.0
54118,-9999.0
54119,-9999.0
54120,-9999.0
54121,-9999.0
54122,-9999.0
54123,-9999.0
54124,-9999.0
54125,-9999.0
54126,-9999.0
54127,-9999.0
54128,-9999.0
54129,-9999.0
54130,-9999.0
54131,-9999.0
54132,-9999.0
54133,-9999.0
54134,-9999.0
54135,-9999.0
54136,-9999.0
54137,-9999.0
54138,-9999.0
54139,-9999.0
54140,-9999.0
54141,-9999.0
54142,-9999.0
54143,-9999.0
54144,-9999.0
54145,-9999.0
54146,-9999.0
54147,-9999.0
54148,-9999.0
54149,-9999.0
54150,-9999.0
54151,-9999.0
54152,-9999.0
54153,-9999.0
54154,-9999.0
54155,-9999.0
54156,-9999.0
54157,-9999.0
54158,-9999.0
54159,-9999.0
54160,-9999.0
54161,-9999.0
54162,-9999.0
54163,-9999.0
54164,-9999.0
54165,-9999.0
54166,-9999.0
54167,-9999.0
54168,-9999.0
54169,-9999.0
54170,-9999.0
54171,-9999.0
54172,-9999.0
54173,-9999.0
54174,-9999.0
54175,-9999.0
54176,-9999.0
54177,-9999.0
54178,-9999.0
54179,-9999.0
54180,-9999.0
54181,-9999.0
54182,-9999.0
54183,-9999.0
54184,-9999.0
54185,-9999.0
54186,-9999.0
54187,-9999.0
54188,-9999.0
54189,-9999.0
54190,-9999.0
54191,-9999.0
54192,-9999.0
54193,-9999.0
54194,-9999.0
54195,-9999.0
54196,-9999.0
54197,-9999.0
54198,-9999.0
54199,-9999.0
54200,-9999.0
54201,-9999.0
54202,-9999.0
54203,-9999.0
54204,-9999.0
54205,-9999.0
54206,-9999.0
54207,-9999.0
54208,-9999.0
54209,-9999.0
54210,-9999.0
54211,-9999.0
54212,-9999.0
54213,-9999.0
54214,-9999.0
54215,-9999.0
54216,-9999.0
54217,-9999.0
54218,-9999.0
54219,-9999.0
54220,-9999.0
54221,-9999.0
54222,-9999.0
54223,-9999.0
54224,-9999.0
54225,-9999.0
54226,-9999.0
54227,-9999.0
54228,-9999.0
54229,-9999.0
54230,-9999.0
54231,-9999.0
54232,-9999.0
54233,-9999.0
54234,-9999.0
54235,-9999.0
54236,-9999.0
54237,-9999.0
54238,-9999.0
54239,-9999.0
54240,-9999.0
54241,-9999.0
54242,-9999.0
54243,-9999.0
54244,-9999.0
54245,-9999.0
54246,-9999.0
54247,-9999.0
54248,-9999.0
54249,-9999.0
54250,-9999.0
54251,-9999.0
54252,-9999.0
54253,-9999.0
54254,-9999.0
54255,-9999.0
54256,-9999.0
54257,-9999.0
54258,-9999.0
54259,-9999.0
54260,-9999.0
54261,-9999.0
54262,-9999.0
54263,-9999.0
54264,-9999.0
54265,-9999.0
54266,-9999.0
54267,-9999.0
54268,-9999.0
54269,-9999.0
54270,-9999.0
54271,-9999.0
54272,-9999.0
54273,-9999.0
54274,-9999.0
54275,-9999.0
54276,-9999.0
54277,-9999.0
54278,-9999.0
54279,-9999.0
54280,-9999.0
54281,-9999.0
54282,-9999.0
54283,-9999.0
54284,-9999.0
54285,-9999.0
54286,-9999.0
54287,-9999.0
54288,-9999.0
54289,-9999.0
54290,-9999.0
54291,-9999.0
54292,-9999.0
54293,-9999.0
54294,-9999.0
54295,-9999.0
54296,-9999.0
54297,-9999.0
54298,-9999.0
54299,-9999.0
54300,-9999.0
54301,-9999.0
54302,-9999.0
54303,-9999.0
54304,-9999.0
54305,-9999.0
54306,-9999.0
54307,-9999.0
54308,-9999.0
54309,-9999.0
54310,-9999.0
54311,-9999.0
54312,-9999.0
54313,-9999.0
54314,-9999.0
54315,-9999.0
54316,-9999.0
54317,-9999.0
54318,-9999.0
54319,-9999.0
54320,-9999.0
54321,-9999.0
54322,-9999.0
54323,-9999.0
54324,-9999.0
54325,-9999.0
54326,-9999.0
54327,-9999.0
54328,-9999.0
54329,-9999.0
54330,-9999.0
54331,-9999.0
54332,-9999.0
54333,-9999.0
54334,-9999.0
54335,-9999.0
54336,-9999.0
54337,-9999.0
54338,-9999.0
54339,-9999.0
54340,-9999.0
54341,-9999.0
54342,-9999.0
54343,-9999.0
54344,-9999.0
54345,-9999.0
54346,-9999.0
54347,-9999.0
54348,-9999.0
54349,-9999.0
54350,-9999.0
54351,-9999.0
54352,-9999.0
54353,-9999.0
54354,-9999.0
54355,-9999.0
54356,-9999.0
54357,-9999.0
54358,-9999.0
54359,-9999.0
54360,-9999.0
54361,-9999.0
54362,-9999.0
54363,-9999.0
54364,-9999.0
54365,-9999.0
54366,-9999.0
54367,-9999.0
54368,-9999.0
54369,-9999.0
54370,-9999.0
54371,-9999.0
54372,-9999.0
54373,-9999.0
54374,-9999.0
54375,-9999.0
54376,-9999.0
54377,-9999.0
54378,-9999.0
54379,-9999.0
54380,-9999.0
54381,-9999.0
54382,-9999.0
54383,-9999.0
54384,-9999.0
54385,-9999.0
54386,-9999.0
54387,-9999.0
54388,-9999.0
54389,-9999.0
54390,-9999.0
54391,-9999.0
54392,-9999.0
54393,-9999.0
54394,-9999.0
54395,-9999.0
54396,-9999.0
54397,-9999.0
54398,-9999.0
54399,-9999.0
54400,-9999.0
54401,-9999.0
54402,-9999.0
54403,-9999.0
54404,-9999.0
54405,-9999.0
54406,-9999.0
54407,-9999.0
54408,-9999.0
54409,-9999.0
54410,-9999.0
54411,-9999.0
54412,-9999.0
54413,-9999.0
54414,-9999.0
54415,-9999.0
54416,-9999.0
54417,-9999.0
54418,-9999.0
54419,-9999.0
54420,-9999.0
54421,-9999.0
54422,-9999.0
54423,-9999.0
54424,-9999.0
54425,34.2
54426,34.2
54427,33.1
54428,33.1
54429,33.1
54430,33.1
54431,32.3
54432,32.3
54433,32.3
54434,32.3
54435,34.6
54436,34.6
54437,34.6
54438,34.6
54439,35.3
54440,35.3
54441,35.3
54442,35.3
54443,35.3
54444,33.6
54445,33.6
54446,33.6
54447,33.6
54448,33.6
54449,33.6
54450,33.6
54451,-9999.0
54452,33.7
54453,33.7
54454,33.7
54455,32.7
54456,32.7
54457,32.7
54458,32.7
54459,33.7
54460,33.7
54461,33.7
54462,33.7
54463,34.1
54464,34.1
54465,34.1
54466,34.1
54467,32.6
54468,32.6
54469,32.6
54470,32.6
54471,34.0
54472,34.0
54473,34.0
54474,34.0
54475,34.1
54476,34.1
54477,34.1
54478,34.1
54479,34.0
54480,34.0
54481,34.0
54482,34.0
54483,35.0
54484,35.0
54485,35.0
54486,35.0
54487,35.5
54488,35.5
54489,35.5
54490,35.5
54491,35.0
54492,35.0
54493,35.0
54494,35.0
54495,34.6
54496,34.6
54497,34.6
54498,34.6
54499,34.1
54500,34.1
54501,34.1
54502,-9999.0
54503,35.5
54504,35.5
54505,35.5
54506,35.5
54507,35.4
54508,35.4
54509,35.4
54510,35.4
54511,-9999.0
54512,34.5
54513,34.5
54514,34.5
54515,-9999.0
54516,36.4
54517,36.4
54518,36.4
54519,35.1
54520,35.1
54521,35.1
54522,34.5
54523,34.5
54524,34.5
54525,-9999.0
54526,34.5
54527,36.1
54528,36.1
54529,36.1
54530,36.1
54531,35.4
54532,35.4
54533,35.4
54534,35.4
54535,36.1
54536,36.1
54537,36.1
54538,36.1
54539,36.5
54540,36.5
54541,36.5
54542,36.5
54543,-9999.0
54544,36.0
54545,36.0
54546,36.0
54547,36.1
54548,36.1
54549,36.1
54550,36.1
54551,36.5
54552,36.5
54553,36.5
54554,36.5
54555,36.5
54556,36.5
54557,36.5
54558,36.5
54559,37.0
54560,37.0
54561,37.0
54562,37.0
54563,36.4
54564,36.4
54565,36.4
54566,36.4
54567,36.1
54568,36.1
54569,36.1
54570,36.1
54571,35.9
54572,35.9
54573,35.9
54574,35.9
54575,36.4
54576,36.4
54577,36.4
54578,36.4
54579,36.9
54580,36.9
54581,36.9
54582,36.9
54583,37.0
54584,37.0
54585,37.0
54586,37.0
54587,36.5
54588,36.5
54589,36.5
54590,36.5
54591,37.4
54592,37.4
54593,37.4
54594,37.4
54595,37.0
54596,37.0
54597,37.0
54598,37.0
54599,37.0
54600,36.0
54601,36.0
54602,36.0
54603,36.4
54604,36.4
54605,36.4
54606,36.4
54607,36.4
54608,36.4
54609,36.4
54610,36.4
54611,36.4
54612,35.4
54613,35.4
54614,35.4
54615,36.5
54616,36.5
54617,36.5
54618,36.5
54619,37.5
54620,37.5
54621,37.5
54622,37.5
54623,37.4
54624,37.4
54625,37.4
54626,37.4
54627,38.0
54628,38.0
54629,38.0
54630,38.0
54631,38.0
54632,38.0
54633,38.0
54634,38.0
54635,37.0
54636,37.0
54637,37.0
54638,37.0
54639,37.4
54640,37.4
54641,37.4
54642,37.4
54643,37.5
54644,37.5
54645,37.5
54646,37.5
54647,38.0
54648,38.0
54649,38.0
54650,38.0
54651,38.3
54652,38.3
54653,38.3
54654,38.3
54655,37.5
54656,37.5
54657,37.5
54658,37.5
54659,38.3
54660,38.3
54661,38.3
54662,38.3
54663,38.9
54664,38.9
54665,38.9
54666,38.9
54667,38.9
54668,38.9
54669,38.9
54670,38.9
54671,39.3
54672,39.3
54673,39.3
54674,39.3
54675,38.8
54676,38.8
54677,38.8
54678,38.8
54679,38.4
54680,38.4
54681,38.4
54682,38.4
54683,37.9
54684,37.9
54685,37.9
54686,37.9
54687,38.0
54688,38.0
54689,38.0
54690,38.0
54691,38.4
54692,38.4
54693,38.4
54694,38.4
54695,38.5
54696,38.5
54697,38.5
54698,38.5
54699,37.9
54700,37.9
54701,37.9
54702,37.9
54703,39.0
54704,39.0
54705,39.0
54706,39.0
54707,39.3
54708,39.3
54709,39.3
54710,39.3
54711,38.4
54712,38.4
54713,38.4
54714,38.4
54715,38.4
54716,37.9
54717,37.9
54718,37.9
54719,37.8
54720,37.8
54721,37.8
54722,37.8
54723,38.9
54724,38.9
54725,38.9
54726,38.9
54727,38.8
54728,38.8
54729,38.8
54730,38.8
54731,38.7
54732,38.7
54733,38.7
54734,38.7
54735,39.5
54736,39.5
54737,39.5
54738,39.5
54739,39.9
54740,39.9
54741,39.9
54742,39.9
54743,39.9
54744,39.0
54745,39.0
54746,39.0
54747,39.2
54748,39.2
54749,39.2
54750,39.2
54751,-9999.0
54752,38.9
54753,38.9
54754,38.9
54755,38.6
54756,38.6
54757,38.6
54758,38.6
54759,38.9
54760,38.9
54761,-9999.0
54762,38.9
54763,38.9
54764,38.9
54765,38.9
54766,38.9
54767,39.0
54768,39.0
54769,39.0
54770,39.0
54771,39.0
54772,39.1
54773,39.1
54774,39.1
54775,37.5
54776,37.5
54777,37.5
54778,37.5
54779,38.0
54780,38.0
54781,38.0
54782,38.0
54783,-9999.0
54784,40.0
54785,40.0
54786,40.0
54787,40.4
54788,40.4
54789,40.4
54790,40.4
54791,39.0
54792,39.0
54793,39.0
54794,38.9
54795,37.8
54796,37.8
54797,37.8
54798,39.4
54799,-9999.0
54800,39.4
54801,39.4
54802,39.4
54803,40.4
54804,40.4
54805,40.4
54806,40.4
54807,40.2
54808,-9999.0
54809,40.2
54810,-9999.0
54811,40.2
54812,39.8
54813,39.8
54814,39.8
54815,-9999.0
54816,38.8
54817,38.8
54818,38.8
54819,39.5
54820,39.5
54821,39.5
54822,39.5
54823,38.8
54824,38.8
54825,38.8
54826,38.8
54827,38.9
54828,38.9
54829,38.9
54830,38.9
54831,37.4
54832,37.4
54833,37.4
54834,37.4
54835,36.3
54836,36.3
54837,36.3
54838,37.0
54839,37.0
54840,37.0
54841,37.0
54842,37.0
54843,37.8
54844,37.8
54845,37.8
54846,37.8
54847,37.8
54848,37.8
54849,37.8
54850,37.8
54851,36.4
54852,36.4
54853,36.4
54854,36.4
54855,36.4
54856,37.9
54857,37.9
54858,37.9
54859,37.0
54860,37.0
54861,37.0
54862,37.0
54863,36.0
54864,36.0
54865,36.0
54866,36.0
54867,37.1
54868,37.1
54869,37.1
54870,37.1
54871,36.1
54872,36.1
54873,36.1
54874,36.1
54875,38.6
54876,38.6
54877,38.6
54878,38.6
54879,38.6
54880,38.6
54881,38.6
54882,38.6
54883,38.0
54884,38.0
54885,38.0
54886,38.0
54887,38.2
54888,38.2
54889,38.2
54890,38.2
54891,37.5
54892,37.5
54893,37.5
54894,37.5
54895,38.1
54896,38.1
54897,38.1
54898,38.1
54899,38.4
54900,38.4
54901,38.4
54902,38.4
54903,39.5
54904,39.5
54905,39.5
54906,39.5
54907,39.5
54908,39.5
54909,39.5
54910,39.5
54911,39.5
54912,37.9
54913,37.9
54914,37.9
54915,36.6
54916,36.6
54917,36.6
54918,36.6
54919,37.7
54920,37.7
54921,37.7
54922,37.7
54923,37.7
54924,37.9
54925,37.9
54926,37.9
54927,37.9
54928,35.8
54929,35.8
54930,35.8
54931,37.4
54932,37.4
54933,37.4
54934,37.4
54935,38.2
54936,38.2
54937,38.2
54938,38.2
54939,38.2
54940,39.8
54941,39.8
54942,39.8
54943,40.8
54944,40.8
54945,40.8
54946,40.8
54947,40.1
54948,40.1
54949,40.1
54950,40.1
54951,40.2
54952,40.2
54953,40.2
54954,40.2
54955,39.6
54956,39.6
54957,39.6
54958,39.6
54959,40.1
54960,40.1
54961,40.1
54962,40.1
54963,39.5
54964,39.5
54965,39.5
54966,39.5
54967,39.5
54968,35.6
54969,35.6
54970,35.6
54971,35.6
54972,35.1
54973,35.1
54974,35.1
54975,38.0
54976,38.0
54977,38.0
54978,38.0
54979,38.0
54980,39.4
54981,39.4
54982,39.4
54983,36.4
54984,36.4
54985,36.4
54986,36.4
54987,36.5
54988,36.5
54989,36.5
54990,36.5
54991,37.7
54992,37.7
54993,37.7
54994,38.8
54995,38.8
54996,38.8
54997,38.8
54998,37.9
54999,37.9
55000,37.9
55001,37.9
55002,39.1
55003,39.1
55004,39.1
55005,39.1
55006,38.2
55007,38.2
55008,38.2
55009,38.2
55010,33.2
55011,33.2
55012,33.2
55013,33.2
55014,35.8
55015,35.8
55016,35.8
55017,35.8
55018,38.3
55019,38.3
55020,38.3
55021,38.3
55022,38.3
55023,34.8
55024,34.8
55025,34.8
55026,32.4
55027,32.4
55028,32.4
55029,32.4
55030,33.5
55031,33.5
55032,33.5
55033,33.5
55034,35.3
55035,35.3
55036,35.3
55037,35.3
55038,33.4
55039,33.4
55040,33.4
55041,33.4
55042,33.3
55043,33.3
55044,33.3
55045,33.3
55046,33.3
55047,35.4
55048,35.4
55049,-9999.0
55050,35.4
55051,-9999.0
55052,34.8
55053,34.8
55054,34.8
55055,34.0
55056,34.0
55057,34.0
55058,34.0
55059,35.3
55060,35.3
55061,-9999.0
55062,35.3
55063,34.5
55064,34.5
55065,34.5
55066,34.5
55067,33.5
55068,33.5
55069,33.5
55070,33.5
55071,32.9
55072,32.9
55073,32.9
55074,33.8
55075,33.8
55076,33.8
55077,33.8
55078,-9999.0
55079,31.5
55080,31.5
55081,31.5
55082,31.5
55083,28.2
55084,28.2
55085,28.2
55086,28.2
55087,32.4
55088,32.4
55089,32.4
55090,32.4
55091,-9999.0
55092,34.8
55093,34.8
55094,34.8
55095,34.0
55096,34.0
55097,34.0
55098,34.0
55099,35.3
55100,35.3
55101,35.3
55102,-9999.0
55103,32.9
55104,32.9
55105,32.9
55106,32.9
55107,32.4
55108,32.4
55109,32.4
55110,32.4
55111,34.3
55112,34.3
55113,-9999.0
55114,34.3
55115,34.8
55116,-9999.0
55117,34.8
55118,34.8
55119,32.4
55120,32.4
55121,32.4
55122,32.4
55123,33.4
55124,33.4
55125,-9999.0
55126,33.4
55127,33.8
55128,33.8
55129,33.8
55130,33.8
55131,32.9
55132,32.9
55133,32.9
55134,32.9
55135,30.0
55136,30.0
55137,30.0
55138,30.0
55139,31.9
55140,31.9
55141,31.9
55142,31.9
55143,35.9
55144,35.9
55145,35.9
55146,35.9
55147,36.0
55148,36.0
55149,36.0
55150,36.0
55151,35.9
55152,35.9
55153,35.9
55154,35.9
55155,36.3
55156,36.3
55157,36.3
55158,36.3
55159,32.1
55160,32.1
55161,32.1
55162,32.1
55163,32.1
55164,34.3
55165,34.3
55166,34.3
55167,34.3
55168,34.4
55169,34.4
55170,34.4
55171,-9999.0
55172,30.0
55173,30.0
55174,30.0
55175,32.0
55176,32.0
55177,32.0
55178,32.0
55179,32.0
55180,34.8
55181,34.8
55182,34.8
55183,34.8
55184,34.8
55185,34.8
55186,34.8
55187,34.8
55188,36.3
55189,36.3
55190,36.3
55191,35.7
55192,35.7
55193,35.7
55194,35.7
55195,35.3
55196,35.3
55197,35.3
55198,35.3
55199,35.3
55200,35.3
55201,35.3
55202,35.3
55203,37.8
55204,37.8
55205,37.8
55206,37.8
55207,35.7
55208,35.7
55209,35.7
55210,35.7
55211,33.0
55212,33.0
55213,33.0
55214,33.0
55215,34.0
55216,34.0
55217,34.0
55218,34.0
55219,34.3
55220,34.3
55221,34.3
55222,34.3
55223,33.0
55224,33.0
55225,33.0
55226,33.0
55227,35.9
55228,35.9
55229,35.9
55230,35.9
55231,35.8
55232,35.8
55233,35.8
55234,35.8
55235,33.4
55236,33.4
55237,33.4
55238,33.4
55239,33.8
55240,33.8
55241,33.8
55242,33.8
55243,35.1
55244,35.1
55245,35.1
55246,35.1
55247,35.8
55248,35.8
55249,35.8
55250,35.8
55251,35.8
55252,36.7
55253,36.7
55254,36.7
55255,36.7
55256,36.7
55257,36.7
55258,36.7
55259,38.1
55260,38.1
55261,38.1
55262,38.1
55263,38.1
55264,38.1
55265,38.1
55266,38.1
55267,38.0
55268,38.0
55269,38.0
55270,38.0
55271,38.4
55272,38.4
55273,38.4
55274,38.4
55275,38.4
55276,37.1
55277,37.1
55278,37.1
55279,37.1
55280,35.5
55281,35.5
55282,35.5
55283,35.5
55284,36.7
55285,36.7
55286,36.7
55287,35.6
55288,35.6
55289,35.6
55290,35.6
55291,35.7
55292,35.7
55293,35.7
55294,35.7
55295,35.6
55296,35.6
55297,35.6
55298,35.6
55299,36.1
55300,36.1
55301,36.1
55302,36.1
55303,36.1
55304,37.4
55305,37.4
55306,37.4
55307,37.4
55308,39.4
55309,39.4
55310,39.4
55311,39.5
55312,39.5
55313,39.5
55314,39.5
55315,39.0
55316,39.0
55317,39.0
55318,39.0
55319,39.0
55320,38.6
55321,38.6
55322,38.6
55323,38.1
55324,38.1
55325,38.1
55326,38.1
55327,38.1
55328,38.1
55329,38.1
55330,38.1
55331,36.6
55332,36.6
55333,36.6
55334,36.6
55335,35.6
55336,35.6
55337,35.6
55338,35.6
55339,35.6
55340,35.6
55341,35.6
55342,35.6
55343,36.1
55344,36.1
55345,36.1
55346,36.1
55347,37.5
55348,37.5
55349,37.5
55350,37.5
55351,38.1
55352,38.1
55353,38.1
55354,38.1
55355,38.5
55356,38.5
55357,38.5
55358,38.5
55359,36.7
55360,36.7
55361,36.7
55362,36.7
55363,34.9
55364,34.9
55365,34.9
55366,34.9
55367,36.5
55368,36.5
55369,36.5
55370,36.5
55371,38.1
55372,38.1
55373,38.1
55374,38.1
55375,38.1
55376,38.6
55377,38.6
55378,38.6
55379,39.1
55380,39.1
55381,39.1
55382,39.1
55383,37.1
55384,37.1
55385,37.1
55386,37.1
55387,37.1
55388,35.8
55389,35.8
55390,35.8
55391,36.7
55392,36.7
55393,36.7
55394,36.7
55395,39.5
55396,39.5
55397,39.5
55398,39.5
55399,41.1
55400,41.1
55401,41.1
55402,41.1
55403,41.1
55404,41.4
55405,41.4
55406,41.4
55407,39.9
55408,39.9
55409,39.9
55410,39.9
55411,38.0
55412,38.0
55413,38.0
55414,38.0
55415,39.7
55416,39.7
55417,39.7
55418,39.7
55419,40.9
55420,-9999.0
55421,40.9
55422,40.9
55423,39.6
55424,39.6
55425,39.6
55426,39.6
55427,39.6
55428,39.6
55429,39.6
55430,39.6
55431,39.6
55432,39.6
55433,39.6
55434,39.6
55435,40.6
55436,40.6
55437,40.6
55438,40.6
55439,40.5
55440,40.5
55441,40.5
55442,41.5
55443,41.5
55444,-9999.0
55445,41.5
55446,41.5
55447,41.6
55448,41.6
55449,41.6
55450,41.6
55451,41.0
55452,41.0
55453,41.0
55454,41.0
55455,41.1
55456,41.1
55457,41.1
55458,41.1
55459,38.7
55460,38.7
55461,38.7
55462,38.7
55463,37.1
55464,37.1
55465,37.1
55466,37.1
55467,39.4
55468,39.4
55469,39.4
55470,39.4
55471,41.4
55472,41.4
55473,41.4
55474,41.4
55475,41.4
55476,41.4
55477,41.4
55478,41.4
55479,40.4
55480,40.4
55481,40.4
55482,40.4
55483,43.8
55484,-9999.0
55485,43.8
55486,43.8
55487,44.8
55488,44.8
55489,44.8
55490,44.8
55491,43.6
55492,43.6
55493,43.6
55494,43.6
55495,40.5
55496,40.5
55497,40.5
55498,40.5
55499,37.6
55500,37.6
55501,37.6
55502,37.6
55503,39.0
55504,39.0
55505,39.0
55506,39.0
55507,39.1
55508,39.1
55509,39.1
55510,39.1
55511,38.6
55512,38.6
55513,38.6
55514,38.6
55515,-9999.0
55516,39.6
55517,39.6
55518,39.6
55519,39.0
55520,39.0
55521,39.0
55522,39.0
55523,40.6
55524,40.6
55525,40.6
55526,40.6
55527,42.5
55528,42.5
55529,-9999.0
55530,42.5
55531,43.9
55532,-9999.0
55533,43.9
55534,43.9
55535,42.0
55536,42.0
55537,42.0
55538,42.0
55539,43.0
55540,43.0
55541,43.0
55542,43.0
55543,42.1
55544,42.1
55545,42.1
55546,42.1
55547,40.5
55548,40.5
55549,40.5
55550,40.5
55551,41.1
55552,41.1
55553,41.1
55554,41.1
55555,41.1
55556,41.6
55557,41.6
55558,41.6
55559,41.0
55560,41.0
55561,41.0
55562,41.0
55563,41.6
55564,41.6
55565,41.6
55566,41.6
55567,41.2
55568,-9999.0
55569,41.2
55570,41.2
55571,40.6
55572,40.6
55573,40.6
55574,40.6
55575,39.8
55576,39.8
55577,39.8
55578,39.8
55579,-9999.0
55580,40.6
55581,40.6
55582,40.6
55583,40.2
55584,40.2
55585,40.2
55586,40.2
55587,39.4
55588,39.4
55589,39.4
55590,39.4
55591,40.2
55592,40.2
55593,40.2
55594,40.2
55595,40.5
55596,40.5
55597,40.5
55598,40.5
55599,40.6
55600,40.6
55601,40.6
55602,40.6
55603,39.6
55604,39.6
55605,39.6
55606,39.6
55607,34.8
55608,34.8
55609,34.8
55610,34.8
55611,35.8
55612,35.8
55613,35.8
55614,35.8
55615,38.3
55616,38.3
55617,38.3
55618,38.3
55619,38.8
55620,38.8
55621,38.8
55622,38.8
55623,38.8
55624,38.8
55625,38.8
55626,38.8
55627,40.4
55628,40.4
55629,40.4
55630,40.4
55631,40.4
55632,40.4
55633,40.4
55634,40.4
55635,39.6
55636,39.6
55637,39.6
55638,39.6
55639,38.2
55640,38.2
55641,38.2
55642,38.2
55643,35.8
55644,35.8
55645,35.8
55646,35.8
55647,35.8
55648,35.8
55649,35.8
55650,35.8
55651,40.2
55652,40.2
55653,40.2
55654,40.2
55655,41.3
55656,41.3
55657,41.3
55658,41.3
55659,44.1
55660,44.1
55661,44.1
55662,44.1
55663,43.9
55664,43.9
55665,43.9
55666,43.9
55667,41.0
55668,41.0
55669,41.0
55670,41.0
55671,39.7
55672,39.7
55673,39.7
55674,39.7
55675,39.0
55676,39.0
55677,39.0
55678,39.0
55679,39.0
55680,38.2
55681,38.2
55682,38.2
55683,38.2
55684,38.7
55685,38.7
55686,38.7
55687,38.6
55688,38.6
55689,38.6
55690,38.6
55691,37.1
55692,37.1
55693,37.1
55694,37.1
55695,36.8
55696,36.8
55697,36.8
55698,36.8
55699,37.8
55700,37.8
55701,37.8
55702,37.8
55703,36.8
55704,36.8
55705,36.8
55706,36.8
55707,37.4
55708,37.4
55709,37.4
55710,37.4
55711,37.4
55712,37.4
55713,37.4
55714,37.4
55715,39.9
55716,39.9
55717,39.9
55718,39.9
55719,36.6
55720,36.6
55721,36.6
55722,36.6
55723,33.5
55724,33.5
55725,33.5
55726,33.5
55727,32.1
55728,32.1
55729,32.1
55730,32.1
55731,34.6
55732,34.6
55733,34.6
55734,34.6
55735,34.1
55736,34.1
55737,34.1
55738,34.1
55739,34.0
55740,34.0
55741,34.0
55742,34.0
55743,34.1
55744,34.1
55745,34.1
55746,34.1
55747,34.1
55748,37.2
55749,37.2
55750,37.2
55751,37.1
55752,37.1
55753,37.1
55754,37.1
55755,37.8
55756,37.8
55757,37.8
55758,37.8
55759,37.1
55760,37.1
55761,37.1
55762,37.1
55763,36.1
55764,36.1
55765,36.1
55766,36.1
55767,34.5
55768,34.5
55769,34.5
55770,34.5
55771,37.6
55772,37.6
55773,37.6
55774,37.6
55775,38.0
55776,38.0
55777,38.0
55778,38.0
55779,36.1
55780,36.1
55781,36.1
55782,36.1
55783,37.0
55784,37.0
55785,37.0
55786,37.0
55787,37.0
55788,39.5
55789,39.5
55790,39.5
55791,38.4
55792,38.4
55793,38.4
55794,38.4
55795,37.1
55796,37.1
55797,37.1
55798,37.1
55799,37.0
55800,37.0
55801,37.0
55802,37.0
55803,38.1
55804,38.1
55805,38.1
55806,38.1
55807,37.0
55808,37.0
55809,37.0
55810,37.0
55811,37.1
55812,37.1
55813,37.1
55814,37.1
55815,37.1
55816,38.4
55817,38.4
55818,38.4
55819,38.4
55820,35.4
55821,35.4
55822,35.4
55823,35.9
55824,35.9
55825,35.9
55826,35.9
55827,39.0
55828,39.0
55829,39.0
55830,39.0
55831,38.9
55832,38.9
55833,38.9
55834,38.9
55835,39.5
55836,39.5
55837,39.5
55838,39.5
55839,39.5
55840,38.1
55841,38.1
55842,38.1
55843,37.1
55844,37.1
55845,37.1
55846,37.1
55847,38.0
55848,38.0
55849,38.0
55850,38.0
55851,37.0
55852,37.0
55853,37.0
55854,37.0
55855,37.0
55856,37.6
55857,37.6
55858,37.6
55859,37.6
55860,37.6
55861,37.6
55862,37.6
55863,37.1
55864,37.1
55865,37.1
55866,37.1
55867,36.2
55868,36.2
55869,36.2
55870,36.1
55871,37.1
55872,37.1
55873,37.1
55874,37.1
55875,38.0
55876,38.0
55877,38.0
55878,38.0
55879,38.6
55880,38.6
55881,38.6
55882,38.6
55883,38.6
55884,38.6
55885,38.6
55886,38.6
55887,38.6
55888,37.6
55889,37.6
55890,37.6
55891,38.1
55892,38.1
55893,38.1
55894,38.1
55895,38.2
55896,38.2
55897,38.2
55898,38.2
55899,38.2
55900,37.6
55901,37.6
55902,37.6
55903,36.6
55904,36.6
55905,36.6
55906,36.6
55907,37.1
55908,37.1
55909,37.1
55910,37.1
55911,38.0
55912,38.0
55913,38.0
55914,38.0
55915,36.8
55916,36.8
55917,36.8
55918,36.8
55919,37.0
55920,36.9
55921,36.9
55922,36.9
55923,37.0
55924,37.0
55925,37.0
55926,37.0
55927,37.5
55928,37.5
55929,37.5
55930,37.5
55931,37.5
55932,37.5
55933,37.5
55934,37.5
55935,37.4
55936,37.4
55937,37.4
55938,37.4
55939,37.6
55940,37.6
55941,37.6
55942,37.6
55943,38.0
55944,38.0
55945,38.0
55946,38.0
55947,38.1
55948,38.1
55949,38.1
55950,38.1
55951,-9999.0
55952,37.1
55953,37.1
55954,37.1
55955,36.7
55956,36.7
55957,36.7
55958,-9999.0
55959,36.6
55960,36.6
55961,36.6
55962,36.6
55963,37.2
55964,37.2
55965,37.2
55966,37.2
55967,37.6
55968,37.6
55969,37.6
55970,37.6
55971,37.2
55972,37.2
55973,37.2
55974,37.2
55975,38.1
55976,38.1
55977,38.1
55978,38.1
55979,38.0
55980,38.0
55981,38.0
55982,38.0
55983,38.7
55984,38.7
55985,38.7
55986,38.7
55987,38.5
55988,38.5
55989,38.5
55990,38.5
55991,38.6
55992,38.6
55993,38.6
55994,38.6
55995,38.6
55996,38.6
55997,-9999.0
55998,38.6
55999,38.1
56000,38.1
56001,38.1
56002,38.1
56003,39.1
56004,39.1
56005,39.1
56006,39.0
56007,-9999.0
56008,39.0
56009,39.0
56010,39.0
56011,-9999.0
56012,38.3
56013,38.3
56014,38.3
56015,37.0
56016,37.0
56017,37.0
56018,36.4
56019,36.4
56020,-9999.0
56021,36.4
56022,36.4
56023,38.0
56024,38.0
56025,38.0
56026,38.0
56027,37.9
56028,37.9
56029,37.9
56030,37.9
56031,37.6
56032,-9999.0
56033,37.6
56034,37.6
56035,37.6
56036,37.6
56037,37.6
56038,37.6
56039,36.6
56040,-9999.0
56041,36.6
56042,36.6
56043,37.6
56044,37.6
56045,37.6
56046,37.6
56047,39.3
56048,39.3
56049,39.3
56050,39.3
56051,38.1
56052,38.1
56053,38.1
56054,38.1
56055,36.3
56056,36.3
56057,36.3
56058,36.3
56059,36.3
56060,37.7
56061,37.7
56062,37.7
56063,39.7
56064,39.7
56065,39.7
56066,39.7
56067,38.6
56068,38.6
56069,38.6
56070,38.6
56071,37.7
56072,37.7
56073,37.7
56074,37.7
56075,38.7
56076,38.7
56077,38.7
56078,38.7
56079,38.6
56080,38.6
56081,38.6
56082,38.6
56083,39.2
56084,39.2
56085,39.2
56086,39.2
56087,39.6
56088,39.6
56089,39.6
56090,39.6
56091,39.1
56092,39.1
56093,39.1
56094,39.1
56095,38.6
56096,38.6
56097,38.6
56098,38.6
56099,37.6
56100,37.6
56101,37.6
56102,37.6
56103,38.0
56104,38.0
56105,38.0
56106,38.0
56107,39.4
56108,39.4
56109,39.4
56110,39.4
56111,38.0
56112,38.0
56113,38.0
56114,38.0
56115,37.0
56116,37.0
56117,37.0
56118,37.0
56119,37.6
56120,37.6
56121,37.6
56122,37.6
56123,38.5
56124,38.5
56125,38.5
56126,38.5
56127,38.5
56128,37.4
56129,37.4
56130,37.4
56131,37.1
56132,-9999.0
56133,37.1
56134,37.1
56135,36.5
56136,36.5
56137,36.5
56138,36.5
56139,37.1
56140,37.1
56141,37.1
56142,37.1
56143,-9999.0
56144,36.9
56145,36.9
56146,36.9
56147,36.4
56148,36.4
56149,36.4
56150,36.4
56151,36.6
56152,36.6
56153,36.6
56154,36.6
56155,38.6
56156,38.6
56157,38.6
56158,38.6
56159,37.5
56160,37.5
56161,37.5
56162,37.5
56163,37.0
56164,37.0
56165,37.0
56166,37.0
56167,37.5
56168,37.5
56169,37.5
56170,37.5
56171,-9999.0
56172,37.0
56173,37.0
56174,37.0
56175,37.6
56176,37.6
56177,37.6
56178,37.6
56179,38.1
56180,38.1
56181,38.1
56182,38.1
56183,37.0
56184,37.0
56185,37.0
56186,37.0
56187,36.5
56188,36.5
56189,36.5
56190,37.5
56191,37.5
56192,37.5
56193,-9999.0
56194,37.5
56195,38.6
56196,38.6
56197,38.6
56198,38.6
56199,37.5
56200,-9999.0
56201,37.5
56202,37.5
56203,37.4
56204,37.4
56205,37.4
56206,37.4
56207,36.4
56208,36.4
56209,36.4
56210,36.4
56211,36.8
56212,36.8
56213,36.8
56214,36.8
56215,38.0
56216,38.0
56217,38.0
56218,38.0
56219,37.4
56220,37.4
56221,37.4
56222,37.4
56223,36.5
56224,36.5
56225,36.5
56226,36.5
56227,37.5
56228,37.5
56229,37.5
56230,37.5
56231,37.7
56232,37.7
56233,37.7
56234,37.7
56235,37.7
56236,37.5
56237,37.5
56238,37.5
56239,36.6
56240,36.6
56241,36.6
56242,36.6
56243,36.5
56244,36.5
56245,36.5
56246,36.5
56247,36.5
56248,36.5
56249,36.5
56250,36.5
56251,38.0
56252,38.0
56253,-9999.0
56254,38.0
56255,38.1
56256,38.1
56257,38.1
56258,38.1
56259,37.0
56260,37.0
56261,37.0
56262,37.0
56263,36.0
56264,36.0
56265,36.0
56266,36.0
56267,36.6
56268,36.6
56269,36.6
56270,36.6
56271,36.6
56272,37.3
56273,37.3
56274,37.3
56275,37.9
56276,37.9
56277,37.9
56278,37.9
56279,37.9
56280,37.0
56281,37.0
56282,37.0
56283,36.9
56284,36.9
56285,36.9
56286,36.9
56287,37.0
56288,37.0
56289,37.0
56290,37.0
56291,37.5
56292,37.5
56293,37.5
56294,37.5
56295,36.4
56296,36.4
56297,36.4
56298,36.4
56299,36.0
56300,36.0
56301,36.0
56302,36.0
56303,36.5
56304,36.5
56305,36.5
56306,36.5
56307,36.5
56308,36.4
56309,36.4
56310,36.4
56311,36.3
56312,36.3
56313,36.3
56314,36.3
56315,35.5
56316,35.4
56317,35.4
56318,35.4
56319,35.4
56320,36.4
56321,36.4
56322,36.4
56323,36.4
56324,37.2
56325,37.2
56326,37.2
56327,36.4
56328,36.4
56329,36.4
56330,36.4
56331,37.0
56332,37.0
56333,37.0
56334,37.0
56335,36.4
56336,36.4
56337,36.4
56338,36.4
56339,35.5
56340,35.5
56341,35.5
56342,35.5
56343,35.9
56344,35.9
56345,35.9
56346,35.9
56347,35.4
56348,35.4
56349,35.4
56350,35.4
56351,35.4
56352,35.4
56353,35.4
56354,35.4
56355,35.4
56356,34.9
56357,34.9
56358,34.9
56359,34.4
56360,34.4
56361,34.4
56362,34.4
56363,34.4
56364,35.0
56365,35.0
56366,35.0
56367,36.4
56368,36.4
56369,36.4
56370,36.4
56371,32.9
56372,32.9
56373,32.9
56374,32.9
56375,32.9
56376,33.5
56377,33.5
56378,33.5
56379,35.4
56380,35.4
56381,35.4
56382,35.4
56383,34.3
56384,34.3
56385,34.3
56386,34.3
56387,35.6
56388,35.6
56389,35.6
56390,35.6
56391,34.8
56392,34.8
56393,34.8
56394,34.8
56395,34.8
56396,34.0
56397,34.0
56398,34.0
56399,34.5
56400,34.5
56401,34.5
56402,34.5
56403,34.4
56404,34.4
56405,34.4
56406,34.4
56407,34.4
56408,34.8
56409,34.8
56410,34.8
56411,36.4
56412,36.4
56413,36.4
56414,36.4
56415,36.4
56416,38.6
56417,38.6
56418,38.6
56419,39.3
56420,39.3
56421,39.3
56422,39.3
56423,37.9
56424,37.9
56425,37.9
56426,37.9
56427,36.4
56428,36.4
56429,36.4
56430,36.4
56431,39.0
56432,39.0
56433,39.0
56434,39.0
56435,40.8
56436,-9999.0
56437,40.8
56438,40.8
56439,40.5
56440,40.5
56441,40.5
56442,40.5
56443,40.7
56444,40.7
56445,40.7
56446,40.7
56447,41.9
56448,41.9
56449,41.9
56450,41.9
56451,42.2
56452,42.2
56453,42.2
56454,42.2
56455,44.3
56456,44.3
56457,44.3
56458,44.3
56459,43.3
56460,43.3
56461,43.3
56462,43.3
56463,43.9
56464,43.9
56465,43.9
56466,43.9
56467,43.9
56468,43.9
56469,43.9
56470,43.9
56471,42.4
56472,42.4
56473,42.4
56474,-9999.0
56475,42.5
56476,42.5
56477,42.5
56478,42.5
56479,40.0
56480,40.0
56481,40.0
56482,-9999.0
56483,41.6
56484,41.6
56485,41.6
56486,41.6
56487,39.9
56488,39.9
56489,39.9
56490,39.9
56491,-9999.0
56492,37.0
56493,37.0
56494,-9999.0
56495,36.0
56496,36.0
56497,36.0
56498,36.0
56499,37.7
56500,37.7
56501,37.7
56502,37.7
56503,37.3
56504,37.3
56505,37.3
56506,37.3
56507,-9999.0
56508,37.9
56509,37.9
56510,37.9
56511,38.6
56512,38.6
56513,38.6
56514,38.6
56515,38.0
56516,38.0
56517,38.0
56518,38.0
56519,37.0
56520,37.0
56521,37.0
56522,37.0
56523,36.5
56524,36.5
56525,36.5
56526,36.5
56527,37.7
56528,37.7
56529,37.7
56530,37.7
56531,37.5
56532,37.5
56533,37.5
56534,37.5
56535,39.4
56536,39.4
56537,39.4
56538,39.4
56539,39.4
56540,37.4
56541,37.4
56542,37.4
56543,37.4
56544,35.4
56545,35.4
56546,35.4
56547,38.2
56548,38.2
56549,38.2
56550,38.2
56551,38.3
56552,38.3
56553,38.3
56554,36.1
56555,36.1
56556,36.1
56557,36.1
56558,36.1
56559,37.0
56560,37.0
56561,37.0
56562,37.6
56563,37.6
56564,37.6
56565,37.6
56566,38.3
56567,38.3
56568,38.3
56569,38.3
56570,38.3
56571,39.6
56572,39.6
56573,39.6
56574,39.0
56575,39.0
56576,39.0
56577,39.0
56578,39.8
56579,39.8
56580,39.8
56581,39.8
56582,41.4
56583,41.4
56584,41.4
56585,41.4
56586,40.6
56587,40.6
56588,40.6
56589,40.6
56590,40.6
56591,39.5
56592,39.5
56593,39.5
56594,39.1
56595,39.1
56596,39.1
56597,39.1
56598,39.1
56599,40.7
56600,40.7
56601,40.7
56602,41.8
56603,41.8
56604,41.8
56605,41.8
56606,43.9
56607,43.9
56608,-9999.0
56609,43.9
56610,43.9
56611,40.7
56612,40.7
56613,40.7
56614,40.7
56615,42.0
56616,42.0
56617,42.0
56618,42.0
56619,43.7
56620,43.6
56621,43.6
56622,43.6
56623,43.6
56624,37.7
56625,37.7
56626,37.7
56627,37.7
56628,40.3
56629,40.3
56630,40.3
56631,42.2
56632,42.2
56633,42.2
56634,42.2
56635,42.2
56636,38.8
56637,38.8
56638,38.8
56639,38.8
56640,41.5
56641,41.5
56642,41.5
56643,41.5
56644,41.5
56645,41.5
56646,41.5
56647,38.2
56648,38.2
56649,38.2
56650,38.2
56651,40.6
56652,40.6
56653,40.6
56654,40.6
56655,40.6
56656,43.4
56657,43.4
56658,43.4
56659,41.9
56660,41.9
56661,41.9
56662,41.9
56663,41.8
56664,41.8
56665,41.8
56666,41.8
56667,46.2
56668,46.2
56669,46.2
56670,46.2
56671,-9999.0
56672,44.1
56673,44.1
56674,44.1
56675,38.4
56676,38.4
56677,38.4
56678,38.4
56679,42.2
56680,-9999.0
56681,42.2
56682,42.2
56683,44.1
56684,44.1
56685,44.1
56686,44.1
56687,41.7
56688,41.7
56689,41.7
56690,41.7
56691,42.9
56692,-9999.0
56693,42.9
56694,42.9
56695,48.9
56696,48.9
56697,48.9
56698,48.9
56699,43.3
56700,43.3
56701,43.3
56702,43.3
56703,42.3
56704,42.3
56705,42.3
56706,42.3
56707,44.0
56708,44.0
56709,44.0
56710,44.0
56711,-9999.0
56712,43.9
56713,43.9
56714,43.9
56715,42.8
56716,42.8
56717,42.8
56718,42.8
56719,46.7
56720,46.7
56721,46.7
56722,46.7
56723,43.2
56724,43.2
56725,43.2
56726,43.2
56727,40.6
56728,40.6
56729,40.6
56730,40.6
56731,43.4
56732,43.4
56733,43.4
56734,43.4
56735,45.1
56736,-9999.0
56737,45.1
56738,45.1
56739,41.7
56740,41.7
56741,41.7
56742,41.7
56743,44.6
56744,44.6
56745,44.6
56746,44.6
56747,43.9
56748,43.9
56749,43.9
56750,43.9
56751,42.7
56752,42.7
56753,42.7
56754,42.7
56755,40.1
56756,40.1
56757,40.1
56758,40.1
56759,41.6
56760,41.6
56761,41.6
56762,41.6
56763,42.3
56764,42.3
56765,42.3
56766,42.3
56767,42.3
56768,42.8
56769,42.8
56770,42.8
56771,39.4
56772,39.4
56773,39.4
56774,39.4
56775,40.6
56776,40.6
56777,40.6
56778,40.6
56779,40.5
56780,40.5
56781,40.5
56782,40.5
56783,41.8
56784,41.8
56785,41.8
56786,41.8
56787,42.1
56788,42.1
56789,42.1
56790,42.1
56791,42.6
56792,42.6
56793,42.6
56794,42.6
56795,40.7
56796,40.7
56797,40.7
56798,40.7
56799,41.6
56800,41.6
56801,41.6
56802,41.6
56803,41.6
56804,41.1
56805,41.1
56806,41.1
56807,41.1
56808,40.3
56809,40.3
56810,40.3
56811,38.6
56812,38.6
56813,38.6
56814,38.6
56815,44.5
56816,44.5
56817,44.5
56818,44.5
56819,44.5
56820,47.0
56821,47.0
56822,47.0
56823,46.0
56824,46.0
56825,46.0
56826,46.0
56827,46.0
56828,45.4
56829,45.4
56830,45.4
56831,45.4
56832,46.0
56833,46.0
56834,46.0
56835,45.9
56836,45.9
56837,45.9
56838,45.9
56839,47.0
56840,47.0
56841,47.0
56842,47.0
56843,44.6
56844,44.6
56845,44.6
56846,44.6
56847,45.8
56848,45.8
56849,45.8
56850,-9999.0
56851,44.0
56852,44.0
56853,44.0
56854,44.0
56855,43.6
56856,43.6
56857,43.6
56858,43.6
56859,45.0
56860,45.0
56861,45.0
56862,45.0
56863,46.1
56864,46.1
56865,46.1
56866,46.1
56867,42.4
56868,42.4
56869,42.4
56870,42.4
56871,41.6
56872,41.6
56873,41.6
56874,41.6
56875,41.0
56876,41.0
56877,41.0
56878,41.0
56879,41.0
56880,41.6
56881,41.6
56882,41.6
56883,41.4
56884,41.4
56885,41.4
56886,41.4
56887,43.6
56888,43.6
56889,43.6
56890,43.6
56891,42.5
56892,42.5
56893,42.5
56894,42.5
56895,42.5
56896,40.8
56897,40.8
56898,40.8
56899,39.1
56900,39.1
56901,39.1
56902,39.1
56903,39.1
56904,42.3
56905,42.3
56906,42.3
56907,43.9
56908,43.9
56909,43.9
56910,43.9
56911,43.7
56912,43.7
56913,43.7
56914,43.7
56915,40.9
56916,40.9
56917,40.9
56918,40.9
56919,41.0
56920,41.0
56921,41.0
56922,41.0
56923,40.9
56924,40.9
56925,40.9
56926,40.9
56927,40.9
56928,39.7
56929,39.7
56930,39.7
56931,39.7
56932,39.7
56933,39.7
56934,39.7
56935,41.8
56936,41.8
56937,41.8
56938,41.8
56939,42.0
56940,42.0
56941,42.0
56942,42.0
56943,43.2
56944,43.2
56945,43.2
56946,43.2
56947,39.7
56948,39.7
56949,39.7
56950,39.7
56951,39.7
56952,41.1
56953,41.1
56954,41.1
56955,40.5
56956,40.5
56957,40.5
56958,40.5
56959,40.5
56960,40.9
56961,40.9
56962,40.9
56963,39.8
56964,39.8
56965,39.8
56966,39.8
56967,40.4
56968,40.4
56969,40.4
56970,40.4
56971,39.2
56972,39.2
56973,39.2
56974,40.0
56975,40.0
56976,40.0
56977,40.0
56978,40.0
56979,40.0
56980,40.0
56981,40.0
56982,40.5
56983,40.5
56984,40.5
56985,40.5
56986,38.2
56987,38.2
56988,38.2
56989,38.2
56990,39.8
56991,39.8
56992,39.8
56993,39.8
56994,41.7
56995,41.7
56996,41.7
56997,41.7
56998,42.7
56999,42.7
57000,42.7
57001,42.7
57002,41.9
57003,41.9
57004,41.9
57005,41.9
57006,43.6
57007,43.6
57008,43.6
57009,43.6
57010,44.5
57011,44.5
57012,44.5
57013,44.5
57014,42.9
57015,42.9
57016,42.9
57017,42.9
57018,42.9
57019,43.0
57020,43.0
57021,43.0
57022,43.0
57023,42.4
57024,42.4
57025,42.4
57026,42.3
57027,42.3
57028,-9999.0
57029,42.3
57030,42.3
57031,43.4
57032,43.4
57033,43.4
57034,43.4
57035,42.7
57036,42.7
57037,42.7
57038,42.7
57039,42.7
57040,42.9
57041,42.9
57042,42.9
57043,42.3
57044,42.3
57045,42.3
57046,42.3
57047,41.0
57048,41.0
57049,41.0
57050,41.0
57051,40.9
57052,40.9
57053,40.9
57054,40.9
57055,42.3
57056,42.3
57057,42.3
57058,42.3
57059,41.7
57060,41.7
57061,41.7
57062,41.7
57063,41.7
57064,42.8
57065,42.8
57066,42.8
57067,41.1
57068,41.1
57069,41.1
57070,41.1
57071,39.7
57072,39.7
57073,39.7
57074,39.7
57075,39.2
57076,39.2
57077,39.2
57078,39.2
57079,38.4
57080,38.4
57081,38.4
57082,38.4
57083,39.0
57084,39.0
57085,39.0
57086,39.0
57087,39.0
57088,40.4
57089,40.4
57090,40.4
57091,-9999.0
57092,36.8
57093,36.8
57094,36.8
57095,38.2
57096,38.2
57097,38.2
57098,38.2
57099,40.0
57100,40.0
57101,40.0
57102,40.0
57103,40.0
57104,39.5
57105,39.5
57106,39.5
57107,39.5
57108,37.9
57109,37.9
57110,37.9
57111,37.9
57112,39.4
57113,39.4
57114,39.4
57115,39.2
57116,39.2
57117,39.2
57118,39.2
57119,39.2
57120,39.3
57121,39.3
57122,39.3
57123,39.3
57124,41.1
57125,41.1
57126,41.1
57127,41.4
57128,41.4
57129,41.4
57130,41.4
57131,36.9
57132,36.9
57133,36.9
57134,36.9
57135,37.0
57136,37.0
57137,37.0
57138,37.0
57139,39.3
57140,39.3
57141,39.3
57142,39.3
57143,36.8
57144,36.8
57145,36.8
57146,36.8
57147,36.8
57148,36.3
57149,36.3
57150,36.3
57151,36.7
57152,36.7
57153,36.7
57154,36.7
57155,37.2
57156,37.2
57157,-9999.0
57158,37.2
57159,38.7
57160,38.7
57161,38.7
57162,38.7
57163,38.5
57164,38.5
57165,38.5
57166,38.5
57167,-9999.0
57168,41.2
57169,41.2
57170,41.2
57171,41.9
57172,41.9
57173,41.9
57174,41.9
57175,40.6
57176,40.6
57177,40.6
57178,40.6
57179,40.6
57180,40.6
57181,40.6
57182,40.6
57183,37.1
57184,37.1
57185,37.1
57186,37.1
57187,36.2
57188,36.2
57189,36.2
57190,36.2
57191,41.7
57192,41.7
57193,41.7
57194,41.7
57195,41.5
57196,41.5
57197,41.5
57198,41.5
57199,39.3
57200,39.3
57201,39.3
57202,39.3
57203,40.8
57204,40.8
57205,40.8
57206,40.8
57207,40.8
57208,40.3
57209,40.3
57210,40.3
57211,39.2
57212,39.2
57213,-9999.0
57214,39.2
57215,39.3
57216,-9999.0
57217,39.3
57218,39.3
57219,40.9
57220,40.9
57221,40.9
57222,40.9
57223,39.7
57224,39.7
57225,39.7
57226,39.7
57227,37.7
57228,37.7
57229,37.7
57230,37.7
57231,38.1
57232,38.1
57233,38.1
57234,38.1
57235,38.1
57236,37.5
57237,37.5
57238,37.5
57239,37.7
57240,37.7
57241,37.7
57242,37.7
57243,37.7
57244,41.3
57245,41.3
57246,41.3
57247,38.0
57248,38.0
57249,38.0
57250,38.0
57251,32.7
57252,32.7
57253,32.7
57254,32.7
57255,32.7
57256,34.6
57257,34.6
57258,34.6
57259,39.8
57260,39.8
57261,39.8
57262,39.8
57263,40.1
57264,40.1
57265,40.1
57266,40.1
57267,37.8
57268,37.8
57269,37.8
57270,37.8
57271,39.1
57272,39.1
57273,39.1
57274,39.8
57275,39.8
57276,39.8
57277,39.8
57278,37.0
57279,37.0
57280,37.0
57281,37.0
57282,37.0
57283,38.0
57284,38.0
57285,38.0
57286,38.8
57287,38.8
57288,38.8
57289,38.8
57290,36.9
57291,36.9
57292,36.9
57293,36.9
57294,36.3
57295,36.3
57296,36.3
57297,36.3
57298,37.8
57299,37.8
57300,37.8
57301,37.8
57302,37.4
57303,37.4
57304,37.4
57305,37.4
57306,38.7
57307,38.7
57308,38.7
57309,38.7
57310,38.7
57311,38.4
57312,38.4
57313,38.4
57314,38.4
57315,36.0
57316,36.0
57317,36.0
57318,34.6
57319,34.6
57320,34.6
57321,34.6
57322,34.5
57323,34.5
57324,34.5
57325,34.5
57326,34.5
57327,34.8
57328,-9999.0
57329,34.8
57330,34.8
57331,38.9
57332,38.9
57333,38.9
57334,38.9
57335,40.8
57336,40.8
57337,40.8
57338,40.8
57339,40.8
57340,37.8
57341,37.8
57342,37.8
57343,37.3
57344,37.3
57345,37.3
57346,37.3
57347,38.7
57348,38.7
57349,38.7
57350,38.7
57351,35.9
57352,35.9
57353,35.9
57354,35.9
57355,36.8
57356,36.8
57357,36.8
57358,36.8
57359,36.5
57360,36.5
57361,36.5
57362,36.5
57363,36.8
57364,36.8
57365,36.8
57366,36.8
57367,34.5
57368,34.5
57369,34.5
57370,34.5
57371,34.6
57372,34.6
57373,34.6
57374,34.6
57375,34.1
57376,34.1
57377,34.1
57378,34.1
57379,34.1
57380,34.1
57381,34.1
57382,34.1
57383,35.4
57384,35.4
57385,35.4
57386,35.4
57387,38.8
57388,38.8
57389,38.8
57390,38.8
57391,38.9
57392,38.9
57393,38.9
57394,38.3
57395,38.3
57396,38.3
57397,38.3
57398,37.0
57399,37.0
57400,37.0
57401,37.0
57402,41.3
57403,41.3
57404,41.3
57405,41.3
57406,41.3
57407,39.7
57408,39.7
57409,39.7
57410,39.2
57411,39.2
57412,39.2
57413,39.2
57414,39.7
57415,39.7
57416,39.7
57417,39.7
57418,38.7
57419,38.7
57420,38.7
57421,38.7
57422,40.3
57423,40.3
57424,40.3
57425,40.3
57426,42.0
57427,42.0
57428,42.0
57429,42.0
57430,40.3
57431,40.3
57432,40.3
57433,40.3
57434,38.7
57435,38.7
57436,38.7
57437,38.7
57438,37.9
57439,37.9
57440,37.9
57441,37.9
57442,37.9
57443,40.7
57444,40.7
57445,40.7
57446,40.8
57447,40.8
57448,-9999.0
57449,40.8
57450,40.8
57451,40.3
57452,40.3
57453,40.3
57454,40.3
57455,38.4
57456,38.4
57457,38.4
57458,38.4
57459,38.9
57460,38.8
57461,38.8
57462,38.8
57463,37.4
57464,37.4
57465,37.4
57466,37.4
57467,38.3
57468,38.3
57469,38.3
57470,38.3
57471,38.6
57472,38.6
57473,38.6
57474,38.6
57475,38.6
57476,37.8
57477,37.8
57478,37.8
57479,38.2
57480,38.2
57481,38.2
57482,38.2
57483,40.0
57484,40.0
57485,40.0
57486,40.0
57487,40.0
57488,40.1
57489,40.1
57490,40.1
57491,40.6
57492,40.6
57493,40.6
57494,40.6
57495,40.6
57496,39.1
57497,39.1
57498,39.1
57499,39.5
57500,39.5
57501,39.5
57502,39.5
57503,41.9
57504,41.9
57505,41.9
57506,41.9
57507,43.4
57508,43.4
57509,43.4
57510,43.4
57511,41.4
57512,41.4
57513,41.4
57514,41.4
57515,43.0
57516,43.0
57517,43.0
57518,43.0
57519,41.0
57520,41.0
57521,41.0
57522,41.0
57523,41.4
57524,41.4
57525,41.4
57526,41.4
57527,41.4
57528,42.4
57529,42.4
57530,42.4
57531,43.9
57532,43.9
57533,43.9
57534,43.9
57535,43.2
57536,43.2
57537,43.2
57538,43.2
57539,41.7
57540,41.7
57541,41.7
57542,41.7
57543,41.2
57544,41.2
57545,41.2
57546,41.2
57547,40.6
57548,40.6
57549,40.6
57550,40.6
57551,40.1
57552,40.1
57553,40.1
57554,40.1
57555,42.9
57556,42.9
57557,42.9
57558,42.9
57559,42.9
57560,40.2
57561,40.2
57562,40.2
57563,37.3
57564,37.3
57565,37.3
57566,37.3
57567,38.6
57568,38.6
57569,38.6
57570,38.6
57571,40.6
57572,40.6
57573,40.6
57574,40.6
57575,38.7
57576,38.7
57577,38.7
57578,38.7
57579,-9999.0
57580,41.0
57581,41.0
57582,41.0
57583,41.5
57584,41.5
57585,41.5
57586,41.5
57587,41.9
57588,41.9
57589,41.9
57590,41.9
57591,39.7
57592,39.7
57593,-9999.0
57594,-9999.0
57595,-9999.0
57596,-9999.0
57597,-9999.0
57598,-9999.0
57599,-9999.0
57600,-9999.0
57601,-9999.0
57602,-9999.0
57603,-9999.0
57604,-9999.0
57605,-9999.0
57606,-9999.0
57607,-9999.0
57608,-9999.0
57609,-9999.0
57610,-9999.0
57611,-9999.0
57612,-9999.0
57613,-9999.0
57614,-9999.0
57615,-9999.0
57616,-9999.0
57617,-9999.0
57618,-9999.0
57619,-9999.0
57620,-9999.0
57621,-9999.0
57622,-9999.0
57623,-9999.0
57624,-9999.0
57625,-9999.0
57626,-9999.0
57627,-9999.0
57628,-9999.0
57629,-9999.0
57630,-9999.0
57631,-9999.0
57632,-9999.0
57633,-9999.0
57634,-9999.0
57635,-9999.0
57636,-9999.0
57637,-9999.0
57638,-9999.0
57639,-9999.0
57640,-9999.0
57641,-9999.0
57642,-9999.0
57643,-9999.0
57644,-9999.0
57645,-9999.0
57646,-9999.0
57647,-9999.0
57648,-9999.0
57649,-9999.0
57650,-9999.0
57651,-9999.0
57652,-9999.0
57653,-9999.0
57654,-9999.0
57655,-9999.0
57656,-9999.0
57657,-9999.0
57658,-9999.0
57659,-9999.0
57660,-9999.0
57661,-9999.0
57662,-9999.0
57663,-9999.0
57664,-9999.0
57665,-9999.0
57666,-9999.0
57667,-9999.0
57668,-9999.0
57669,-9999.0
57670,-9999.0
57671,-9999.0
57672,-9999.0
57673,-9999.0
57674,-9999.0
57675,-9999.0
57676,-9999.0
57677,-9999.0
57678,-9999.0
57679,-9999.0
57680,-9999.0
57681,-9999.0
57682,-9999.0
57683,-9999.0
57684,-9999.0
57685,-9999.0
57686,-9999.0
57687,-9999.0
57688,-9999.0
57689,-9999.0
57690,-9999.0
57691,-9999.0
57692,-9999.0
57693,-9999.0
57694,-9999.0
57695,-9999.0
57696,-9999.0
57697,-9999.0
57698,-9999.0
57699,-9999.0
57700,-9999.0
57701,-9999.0
57702,-9999.0
57703,-9999.0
57704,-9999.0
57705,-9999.0
57706,-9999.0
57707,-9999.0
57708,-9999.0
57709,-9999.0
57710,-9999.0
57711,-9999.0
57712,-9999.0
57713,-9999.0
57714,-9999.0
57715,-9999.0
57716,-9999.0
57717,-9999.0
57718,-9999.0
57719,-9999.0
57720,-9999.0
57721,-9999.0
57722,-9999.0
57723,-9999.0
57724,-9999.0
57725,-9999.0
57726,-9999.0
57727,-9999.0
57728,-9999.0
57729,-9999.0
57730,-9999.0
57731,-9999.0
57732,-9999.0
57733,-9999.0
57734,-9999.0
57735,-9999.0
57736,-9999.0
57737,-9999.0
57738,-9999.0
57739,-9999.0
57740,-9999.0
57741,-9999.0
57742,-9999.0
57743,-9999.0
57744,-9999.0
57745,-9999.0
57746,-9999.0
57747,-9999.0
57748,-9999.0
57749,-9999.0
57750,-9999.0
57751,-9999.0
57752,-9999.0
57753,-9999.0
57754,-9999.0
57755,-9999.0
57756,-9999.0
57757,-9999.0
57758,-9999.0
57759,-9999.0
57760,-9999.0
57761,-9999.0
57762,-9999.0
57763,-9999.0
57764,-9999.0
57765,-9999.0
57766,-9999.0
57767,-9999.0
57768,-9999.0
57769,-9999.0
57770,-9999.0
57771,-9999.0
57772,-9999.0
57773,-9999.0
57774,-9999.0
57775,-9999.0
57776,-9999.0
57777,-9999.0
57778,-9999.0
57779,-9999.0
57780,-9999.0
57781,-9999.0
57782,-9999.0
57783,-9999.0
57784,-9999.0
57785,-9999.0
57786,-9999.0
57787,-9999.0
57788,-9999.0
57789,-9999.0
57790,-9999.0
57791,-9999.0
57792,-9999.0
57793,-9999.0
57794,-9999.0
57795,-9999.0
57796,-9999.0
57797,-9999.0
57798,-9999.0
57799,-9999.0
57800,-9999.0
57801,-9999.0
57802,-9999.0
57803,-9999.0
57804,-9999.0
57805,-9999.0
57806,-9999.0
57807,-9999.0
57808,-9999.0
57809,-9999.0
57810,-9999.0
57811,-9999.0
57812,-9999.0
57813,-9999.0
57814,-9999.0
57815,-9999.0
57816,-9999.0
57817,-9999.0
57818,-9999.0
57819,-9999.0
57820,-9999.0
57821,-9999.0
57822,-9999.0
57823,-9999.0
57824,-9999.0
57825,-9999.0
57826,-9999.0
57827,-9999.0
57828,-9999.0
57829,-9999.0
57830,-9999.0
57831,-9999.0
57832,-9999.0
57833,-9999.0
57834,-9999.0
57835,-9999.0
57836,-9999.0
57837,-9999.0
57838,-9999.0
57839,-9999.0
57840,-9999.0
57841,-9999.0
57842,-9999.0
57843,-9999.0
57844,-9999.0
57845,-9999.0
57846,-9999.0
57847,-9999.0
57848,-9999.0
57849,-9999.0
57850,-9999.0
57851,-9999.0
57852,-9999.0
57853,-9999.0
57854,-9999.0
57855,-9999.0
57856,-9999.0
57857,-9999.0
57858,-9999.0
57859,-9999.0
57860,-9999.0
57861,-9999.0
57862,-9999.0
57863,-9999.0
57864,-9999.0
57865,-9999.0
57866,-9999.0
57867,-9999.0
57868,-9999.0
57869,-9999.0
57870,-9999.0
57871,-9999.0
57872,-9999.0
57873,-9999.0
57874,-9999.0
57875,-9999.0
57876,-9999.0
57877,-9999.0
57878,-9999.0
57879,-9999.0
57880,-9999.0
57881,-9999.0
57882,-9999.0
57883,-9999.0
57884,-9999.0
57885,-9999.0
57886,-9999.0
57887,-9999.0
57888,-9999.0
57889,-9999.0
57890,-9999.0
57891,-9999.0
57892,-9999.0
57893,-9999.0
57894,-9999.0
57895,-9999.0
57896,-9999.0
57897,-9999.0
57898,-9999.0
57899,-9999.0
57900,-9999.0
57901,-9999.0
57902,-9999.0
57903,-9999.0
57904,-9999.0
57905,-9999.0
57906,-9999.0
57907,-9999.0
57908,-9999.0
57909,-9999.0
57910,-9999.0
57911,-9999.0
57912,-9999.0
57913,-9999.0
57914,-9999.0
57915,-9999.0
57916,-9999.0
57917,-9999.0
57918,-9999.0
57919,-9999.0
57920,-9999.0
57921,-9999.0
57922,-9999.0
57923,-9999.0
57924,-9999.0
57925,-9999.0
57926,-9999.0
57927,-9999.0
57928,-9999.0
57929,-9999.0
57930,-9999.0
57931,-9999.0
57932,-9999.0
57933,-9999.0
57934,-9999.0
57935,-9999.0
57936,-9999.0
57937,-9999.0
57938,-9999.0
57939,-9999.0
57940,-9999.0
57941,-9999.0
57942,-9999.0
57943,-9999.0
57944,-9999.0
57945,-9999.0
57946,-9999.0
57947,-9999.0
57948,-9999.0
57949,-9999.0
57950,-9999.0
57951,-9999.0
57952,-9999.0
57953,-9999.0
57954,-9999.0
57955,-9999.0
57956,-9999.0
57957,-9999.0
57958,-9999.0
57959,-9999.0
57960,-9999.0
57961,-9999.0
57962,-9999.0
57963,-9999.0
57964,-9999.0
57965,-9999.0
57966,-9999.0
57967,-9999.0
57968,-9999.0
57969,-9999.0
57970,-9999.0
57971,-9999.0
57972,-9999.0
57973,-9999.0
57974,-9999.0
57975,-9999.0
57976,-9999.0
57977,-9999.0
57978,-9999.0
57979,-9999.0
57980,-9999.0
57981,-9999.0
57982,-9999.0
57983,-9999.0
57984,-9999.0
57985,-9999.0
57986,-9999.0
57987,-9999.0
57988,-9999.0
57989,-9999.0
57990,-9999.0
57991,-9999.0
57992,-9999.0
57993,-9999.0
57994,-9999.0
57995,-9999.0
57996,-9999.0
57997,-9999.0
57998,-9999.0
57999,-9999.0
58000,-9999.0
58001,-9999.0
58002,-9999.0
58003,-9999.0
58004,-9999.0
58005,-9999.0
58006,-9999.0
58007,-9999.0
58008,-9999.0
58009,-9999.0
58010,-9999.0
58011,-9999.0
58012,-9999.0
58013,-9999.0
58014,-9999.0
58015,-9999.0
58016,-9999.0
58017,-9999.0
58018,-9999.0
58019,-9999.0
58020,-9999.0
58021,-9999.0
58022,-9999.0
58023,-9999.0
58024,-9999.0
58025,36.7
58026,36.7
58027,36.7
58028,38.2
58029,38.2
58030,38.2
58031,38.2
58032,37.9
58033,37.9
58034,37.9
58035,37.7
58036,37.7
58037,37.7
58038,37.7
58039,37.7
58040,38.9
58041,38.9
58042,38.9
58043,38.9
58044,40.7
58045,40.7
58046,40.7
58047,39.2
58048,39.2
58049,39.2
58050,39.2
58051,-9999.0
58052,41.0
58053,41.0
58054,41.0
58055,42.6
58056,42.6
58057,42.6
58058,42.6
58059,43.3
58060,43.3
58061,43.3
58062,43.3
58063,42.0
58064,42.0
58065,42.0
58066,39.5
58067,39.5
58068,39.5
58069,-9999.0
58070,39.5
58071,37.7
58072,37.7
58073,37.7
58074,37.7
58075,36.6
58076,36.6
58077,36.6
58078,36.6
58079,-9999.0
58080,37.0
58081,37.0
58082,37.0
58083,39.2
58084,39.2
58085,39.2
58086,39.2
58087,41.1
58088,41.1
58089,41.1
58090,41.1
58091,40.6
58092,40.6
58093,40.6
58094,40.6
58095,40.0
58096,40.0
58097,40.0
58098,42.6
58099,42.6
58100,42.6
58101,42.6
58102,41.3
58103,41.3
58104,41.3
58105,41.3
58106,36.6
58107,36.6
58108,-9999.0
58109,36.6
58110,-9999.0
58111,36.6
58112,34.1
58113,34.1
58114,34.1
58115,34.1
58116,34.1
58117,34.1
58118,34.1
58119,34.1
58120,36.1
58121,36.1
58122,36.1
58123,36.1
58124,37.2
58125,37.2
58126,37.2
58127,36.6
58128,36.6
58129,36.6
58130,36.6
58131,36.6
58132,36.6
58133,36.6
58134,36.6
58135,34.6
58136,34.6
58137,34.6
58138,34.6
58139,34.6
58140,39.7
58141,39.7
58142,39.7
58143,44.0
58144,44.0
58145,44.0
58146,44.0
58147,41.5
58148,41.5
58149,41.5
58150,41.5
58151,41.5
58152,39.1
58153,39.1
58154,39.1
58155,37.7
58156,37.7
58157,37.7
58158,37.7
58159,37.6
58160,37.6
58161,37.6
58162,37.6
58163,36.7
58164,36.7
58165,36.7
58166,36.7
58167,37.5
58168,37.5
58169,37.5
58170,37.5
58171,38.6
58172,38.6
58173,38.6
58174,38.6
58175,37.2
58176,37.2
58177,37.2
58178,37.2
58179,36.6
58180,36.6
58181,36.6
58182,36.6
58183,37.2
58184,37.2
58185,37.2
58186,37.2
58187,38.3
58188,38.3
58189,38.3
58190,38.3
58191,38.3
58192,36.3
58193,36.3
58194,36.3
58195,36.2
58196,36.2
58197,36.2
58198,36.2
58199,37.2
58200,37.2
58201,37.2
58202,37.2
58203,37.5
58204,37.5
58205,37.5
58206,37.5
58207,39.6
58208,39.6
58209,39.6
58210,39.6
58211,40.0
58212,40.0
58213,40.0
58214,40.0
58215,40.0
58216,40.0
58217,40.0
58218,40.0
58219,38.5
58220,38.5
58221,38.5
58222,38.5
58223,38.5
58224,38.5
58225,38.5
58226,38.5
58227,39.1
58228,39.1
58229,39.1
58230,39.1
58231,37.6
58232,-9999.0
58233,37.6
58234,37.6
58235,-9999.0
58236,38.7
58237,38.7
58238,38.7
58239,40.1
58240,40.1
58241,40.1
58242,40.1
58243,40.1
58244,40.1
58245,40.1
58246,40.1
58247,40.1
58248,39.9
58249,39.9
58250,39.9
58251,39.7
58252,39.7
58253,39.7
58254,39.7
58255,39.9
58256,39.9
58257,39.9
58258,39.9
58259,39.1
58260,39.1
58261,39.1
58262,39.1
58263,39.2
58264,39.2
58265,39.2
58266,39.2
58267,38.6
58268,38.6
58269,38.6
58270,38.6
58271,37.1
58272,37.1
58273,37.1
58274,37.1
58275,37.1
58276,37.6
58277,37.6
58278,37.6
58279,37.7
58280,37.7
58281,37.7
58282,37.7
58283,37.1
58284,37.1
58285,37.1
58286,37.1
58287,37.1
58288,37.1
58289,37.1
58290,37.1
58291,-9999.0
58292,37.1
58293,37.1
58294,37.1
58295,-9999.0
58296,37.7
58297,37.7
58298,37.7
58299,37.6
58300,37.6
58301,37.6
58302,37.6
58303,37.1
58304,37.1
58305,37.1
58306,37.1
58307,37.1
58308,37.1
58309,37.1
58310,37.1
58311,37.1
58312,37.1
58313,37.1
58314,37.1
58315,37.0
58316,37.0
58317,37.0
58318,37.0
58319,36.1
58320,36.1
58321,36.1
58322,36.1
58323,36.2
58324,36.2
58325,36.2
58326,36.2
58327,36.7
58328,36.7
58329,36.7
58330,36.7
58331,36.7
58332,36.7
58333,36.7
58334,36.7
58335,36.7
58336,37.1
58337,37.1
58338,37.1
58339,37.1
58340,36.6
58341,36.6
58342,36.6
58343,36.6
58344,38.1
58345,38.1
58346,38.1
58347,38.1
58348,38.6
58349,38.6
58350,38.6
58351,-9999.0
58352,36.7
58353,36.7
58354,36.7
58355,36.7
58356,36.7
58357,36.7
58358,36.7
58359,37.7
58360,37.7
58361,37.7
58362,37.7
58363,37.6
58364,37.6
58365,37.6
58366,37.6
58367,37.7
58368,37.7
58369,37.7
58370,37.7
58371,37.1
58372,37.1
58373,37.1
58374,37.1
58375,35.6
58376,35.6
58377,35.6
58378,35.6
58379,35.6
58380,35.6
58381,35.6
58382,35.6
58383,36.1
58384,36.1
58385,36.1
58386,36.1
58387,36.1
58388,36.1
58389,36.1
58390,36.1
58391,36.1
58392,36.1
58393,36.1
58394,36.1
58395,36.1
58396,37.1
58397,37.1
58398,37.1
58399,36.7
58400,36.7
58401,36.7
58402,36.7
58403,36.6
58404,36.6
58405,36.6
58406,36.6
58407,36.5
58408,36.5
58409,36.5
58410,36.5
58411,36.2
58412,36.2
58413,36.2
58414,36.2
58415,36.2
58416,36.7
58417,36.7
58418,36.7
58419,35.6
58420,35.6
58421,35.6
58422,35.6
58423,35.6
58424,34.6
58425,34.6
58426,34.6
58427,35.6
58428,35.6
58429,35.6
58430,35.6
58431,35.7
58432,35.7
58433,35.7
58434,35.7
58435,35.7
58436,34.7
58437,34.7
58438,34.7
58439,34.7
58440,34.7
58441,34.7
58442,34.7
58443,35.0
58444,35.0
58445,35.0
58446,35.0
58447,35.0
58448,35.8
58449,35.8
58450,35.8
58451,35.8
58452,35.7
58453,35.7
58454,35.7
58455,34.6
58456,34.6
58457,34.6
58458,34.6
58459,34.6
58460,35.8
58461,35.8
58462,35.8
58463,36.2
58464,36.2
58465,36.2
58466,36.2
58467,36.2
58468,35.7
58469,35.7
58470,35.7
58471,36.6
58472,36.6
58473,36.6
58474,36.6
58475,37.2
58476,37.2
58477,37.2
58478,37.2
58479,37.2
58480,37.3
58481,37.3
58482,37.3
58483,37.3
58484,34.1
58485,34.1
58486,34.1
58487,34.2
58488,34.2
58489,34.2
58490,34.2
58491,35.7
58492,35.7
58493,35.7
58494,35.7
58495,36.6
58496,36.6
58497,36.6
58498,36.6
58499,38.2
58500,38.2
58501,38.2
58502,38.2
58503,37.6
58504,37.6
58505,37.6
58506,37.6
58507,37.6
58508,37.7
58509,37.7
58510,37.7
58511,37.7
58512,36.8
58513,36.8
58514,36.8
58515,36.8
58516,38.1
58517,38.1
58518,38.1
58519,39.6
58520,39.6
58521,39.6
58522,39.6
58523,34.7
58524,34.7
58525,34.7
58526,34.7
58527,33.2
58528,33.2
58529,33.2
58530,33.2
58531,34.7
58532,34.7
58533,34.7
58534,33.2
58535,33.2
58536,33.2
58537,33.2
58538,-9999.0
58539,33.7
58540,33.7
58541,33.7
58542,33.7
58543,35.1
58544,35.1
58545,35.1
58546,35.1
58547,34.6
58548,-9999.0
58549,34.6
58550,34.6
58551,35.4
58552,35.4
58553,35.4
58554,35.4
58555,35.2
58556,35.2
58557,35.2
58558,35.2
58559,34.6
58560,34.6
58561,34.6
58562,34.6
58563,34.3
58564,34.3
58565,34.3
58566,34.3
58567,34.3
58568,33.1
58569,33.1
58570,33.1
58571,34.7
58572,34.7
58573,34.7
58574,36.8
58575,36.8
58576,-9999.0
58577,36.8
58578,36.8
58579,36.2
58580,36.2
58581,36.2
58582,36.2
58583,36.9
58584,36.9
58585,36.9
58586,36.9
58587,37.4
58588,-9999.0
58589,37.4
58590,37.4
58591,36.5
58592,36.5
58593,36.5
58594,36.5
58595,38.6
58596,-9999.0
58597,38.6
58598,38.6
58599,38.5
58600,38.5
58601,38.5
58602,38.5
58603,39.9
58604,39.9
58605,39.9
58606,39.9
58607,39.9
58608,43.6
58609,43.6
58610,43.6
58611,43.2
58612,43.2
58613,43.2
58614,43.2
58615,41.2
58616,41.2
58617,41.2
58618,41.2
58619,39.2
58620,39.2
58621,39.2
58622,39.2
58623,39.2
58624,41.3
58625,41.3
58626,41.3
58627,43.5
58628,43.5
58629,43.5
58630,43.5
58631,41.8
58632,41.8
58633,41.8
58634,41.8
58635,41.5
58636,41.5
58637,41.5
58638,41.5
58639,41.5
58640,39.6
58641,39.6
58642,39.6
58643,40.1
58644,40.1
58645,40.1
58646,40.1
58647,40.8
58648,40.8
58649,40.8
58650,40.8
58651,-9999.0
58652,41.7
58653,41.7
58654,41.7
58655,41.7
58656,41.7
58657,41.7
58658,41.7
58659,41.7
58660,43.9
58661,43.9
58662,43.9
58663,44.4
58664,44.4
58665,44.4
58666,44.4
58667,42.4
58668,42.4
58669,42.4
58670,42.4
58671,40.2
58672,40.2
58673,40.2
58674,40.2
58675,38.8
58676,38.8
58677,38.8
58678,38.8
58679,41.3
58680,41.3
58681,41.3
58682,41.3
58683,42.9
58684,42.9
58685,42.9
58686,42.9
58687,42.9
58688,40.8
58689,40.8
58690,40.8
58691,40.2
58692,40.2
58693,40.2
58694,40.2
58695,39.7
58696,39.7
58697,39.7
58698,39.7
58699,39.8
58700,39.8
58701,39.8
58702,39.8
58703,38.7
58704,38.7
58705,38.7
58706,38.7
58707,40.3
58708,40.3
58709,40.3
58710,40.3
58711,39.2
58712,39.2
58713,39.2
58714,39.7
58715,39.7
58716,39.7
58717,39.7
58718,39.7
58719,41.7
58720,41.7
58721,41.7
58722,40.1
58723,40.1
58724,40.1
58725,40.1
58726,40.1
58727,41.2
58728,41.2
58729,41.2
58730,41.2
58731,41.6
58732,41.6
58733,41.6
58734,40.2
58735,40.2
58736,40.2
58737,40.2
58738,40.2
58739,43.8
58740,43.8
58741,43.8
58742,43.9
58743,43.9
58744,43.9
58745,43.9
58746,40.3
58747,40.3
58748,40.3
58749,40.3
58750,41.3
58751,41.3
58752,41.3
58753,41.3
58754,43.0
58755,43.0
58756,43.0
58757,43.0
58758,42.4
58759,42.4
58760,42.4
58761,42.4
58762,42.5
58763,42.5
58764,42.5
58765,42.5
58766,42.3
58767,-9999.0
58768,42.3
58769,42.3
58770,42.3
58771,41.9
58772,41.9
58773,41.9
58774,41.7
58775,41.7
58776,41.7
58777,41.7
58778,40.6
58779,40.6
58780,40.6
58781,40.6
58782,41.8
58783,41.8
58784,41.8
58785,41.8
58786,40.5
58787,40.5
58788,40.5
58789,40.5
58790,39.1
58791,39.1
58792,39.1
58793,39.1
58794,40.1
58795,40.1
58796,40.1
58797,40.1
58798,40.4
58799,40.4
58800,40.4
58801,40.4
58802,41.2
58803,41.2
58804,41.2
58805,41.2
58806,42.4
58807,42.4
58808,42.4
58809,42.4
58810,42.9
58811,42.9
58812,42.9
58813,42.9
58814,42.9
58815,42.5
58816,42.5
58817,42.5
58818,42.7
58819,42.7
58820,42.7
58821,42.7
58822,42.7
58823,43.4
58824,43.4
58825,43.4
58826,42.8
58827,-9999.0
58828,42.8
58829,42.8
58830,42.8
58831,42.7
58832,42.7
58833,42.7
58834,42.7
58835,43.4
58836,43.4
58837,43.4
58838,43.4
58839,43.4
58840,42.2
58841,42.2
58842,42.2
58843,42.8
58844,42.8
58845,42.8
58846,42.8
58847,43.4
58848,43.4
58849,43.4
58850,43.4
58851,43.3
58852,43.3
58853,43.3
58854,43.3
58855,43.5
58856,43.5
58857,43.5
58858,43.5
58859,43.8
58860,43.8
58861,43.8
58862,43.8
58863,43.9
58864,43.9
58865,43.9
58866,43.9
58867,44.2
58868,44.2
58869,44.2
58870,44.2
58871,44.2
58872,44.2
58873,44.2
58874,44.2
58875,43.8
58876,43.8
58877,43.8
58878,43.8
58879,42.2
58880,42.2
58881,42.2
58882,42.2
58883,41.8
58884,41.8
58885,41.8
58886,41.8
58887,41.8
58888,43.1
58889,43.1
58890,43.1
58891,-9999.0
58892,44.2
58893,44.2
58894,44.2
58895,44.2
58896,44.2
58897,44.2
58898,44.2
58899,44.2
58900,45.2
58901,45.2
58902,45.2
58903,44.8
58904,44.8
58905,44.8
58906,44.8
58907,44.7
58908,44.7
58909,44.7
58910,44.7
58911,44.1
58912,44.1
58913,44.1
58914,44.1
58915,43.2
58916,43.2
58917,43.2
58918,43.2
58919,44.1
58920,44.1
58921,44.1
58922,44.1
58923,43.6
58924,43.6
58925,43.6
58926,43.6
58927,43.2
58928,43.2
58929,43.2
58930,43.2
58931,44.2
58932,44.2
58933,44.2
58934,44.2
58935,44.2
58936,43.8
58937,43.8
58938,43.8
58939,42.7
58940,42.7
58941,42.7
58942,42.7
58943,42.8
58944,42.8
58945,42.8
58946,42.8
58947,43.3
58948,43.3
58949,43.3
58950,43.3
58951,42.8
58952,-9999.0
58953,42.8
58954,42.8
58955,42.3
58956,42.3
58957,42.3
58958,42.3
58959,42.2
58960,42.2
58961,42.2
58962,42.2
58963,42.1
58964,42.1
58965,42.1
58966,43.3
58967,-9999.0
58968,43.3
58969,43.3
58970,43.3
58971,43.8
58972,43.8
58973,43.8
58974,43.8
58975,43.0
58976,43.0
58977,43.0
58978,43.0
58979,43.4
58980,43.4
58981,43.4
58982,-9999.0
58983,42.4
58984,42.4
58985,42.4
58986,42.4
58987,42.1
58988,42.1
58989,42.1
58990,43.3
58991,43.3
58992,43.3
58993,43.2
58994,43.2
58995,-9999.0
58996,44.0
58997,44.0
58998,44.0
58999,44.2
59000,44.2
59001,44.2
59002,44.2
59003,43.8
59004,43.8
59005,43.8
59006,43.8
59007,42.7
59008,42.7
59009,-9999.0
59010,42.7
59011,40.1
59012,-9999.0
59013,40.1
59014,40.1
59015,-9999.0
59016,41.1
59017,41.1
59018,41.1
59019,39.7
59020,39.7
59021,39.7
59022,39.7
59023,42.3
59024,42.3
59025,42.3
59026,42.8
59027,42.8
59028,42.8
59029,42.8
59030,39.8
59031,39.8
59032,39.8
59033,-9999.0
59034,39.8
59035,38.7
59036,38.7
59037,38.7
59038,38.7
59039,40.3
59040,40.3
59041,40.3
59042,40.3
59043,41.8
59044,41.8
59045,41.8
59046,41.8
59047,41.8
59048,42.8
59049,42.8
59050,42.8
59051,44.2
59052,44.2
59053,44.2
59054,44.2
59055,43.7
59056,43.7
59057,43.7
59058,43.7
59059,44.3
59060,44.3
59061,44.3
59062,44.3
59063,42.6
59064,42.6
59065,42.6
59066,42.6
59067,41.7
59068,41.7
59069,41.7
59070,41.7
59071,42.2
59072,42.2
59073,-9999.0
59074,42.2
59075,42.6
59076,42.6
59077,42.6
59078,42.6
59079,43.3
59080,43.3
59081,43.3
59082,43.3
59083,43.3
59084,42.6
59085,42.6
59086,42.6
59087,42.6
59088,42.3
59089,42.3
59090,42.3
59091,43.3
59092,43.3
59093,43.3
59094,43.3
59095,43.3
59096,42.5
59097,42.5
59098,42.5
59099,43.9
59100,43.9
59101,43.9
59102,43.9
59103,43.9
59104,44.9
59105,44.9
59106,44.9
59107,44.5
59108,44.5
59109,44.5
59110,44.5
59111,45.8
59112,45.8
59113,45.8
59114,45.8
59115,45.8
59116,45.3
59117,45.3
59118,45.3
59119,45.9
59120,45.9
59121,45.9
59122,45.9
59123,44.3
59124,44.3
59125,44.3
59126,44.3
59127,43.8
59128,43.8
59129,43.8
59130,43.8
59131,44.8
59132,44.8
59133,44.8
59134,44.4
59135,44.4
59136,44.4
59137,44.4
59138,41.2
59139,41.2
59140,41.2
59141,41.2
59142,41.2
59143,42.3
59144,42.3
59145,42.3
59146,44.6
59147,44.6
59148,44.6
59149,44.6
59150,44.6
59151,43.8
59152,43.8
59153,43.8
59154,42.1
59155,42.1
59156,42.1
59157,42.1
59158,40.7
59159,40.7
59160,40.7
59161,40.7
59162,40.7
59163,43.4
59164,43.4
59165,43.4
59166,43.4
59167,43.4
59168,43.4
59169,43.4
59170,44.0
59171,44.0
59172,44.0
59173,44.0
59174,44.0
59175,40.5
59176,40.5
59177,40.5
59178,39.8
59179,39.8
59180,39.8
59181,39.8
59182,41.4
59183,41.4
59184,41.4
59185,41.4
59186,41.3
59187,41.3
59188,-9999.0
59189,41.3
59190,41.3
59191,43.7
59192,43.7
59193,43.7
59194,-9999.0
59195,42.3
59196,42.3
59197,42.3
59198,42.3
59199,41.1
59200,41.1
59201,41.1
59202,41.1
59203,41.2
59204,41.2
59205,41.2
59206,41.2
59207,40.0
59208,40.0
59209,40.0
59210,40.0
59211,40.0
59212,39.4
59213,39.4
59214,39.4
59215,39.0
59216,39.0
59217,39.0
59218,39.0
59219,38.4
59220,38.4
59221,38.4
59222,38.4
59223,39.0
59224,39.0
59225,39.0
59226,39.0
59227,40.6
59228,40.6
59229,40.6
59230,40.6
59231,40.0
59232,40.0
59233,40.0
59234,40.0
59235,38.6
59236,-9999.0
59237,38.6
59238,38.6
59239,39.4
59240,39.4
59241,39.4
59242,39.4
59243,39.5
59244,39.5
59245,39.5
59246,39.5
59247,39.9
59248,39.9
59249,39.9
59250,39.9
59251,42.1
59252,42.1
59253,42.1
59254,42.1
59255,-9999.0
59256,42.1
59257,42.1
59258,42.1
59259,41.2
59260,41.2
59261,41.2
59262,40.6
59263,40.6
59264,40.6
59265,40.6
59266,40.5
59267,40.5
59268,40.5
59269,-9999.0
59270,40.5
59271,41.2
59272,41.2
59273,41.2
59274,41.2
59275,42.1
59276,42.1
59277,42.1
59278,42.1
59279,42.1
59280,42.1
59281,42.1
59282,-9999.0
59283,42.1
59284,40.5
59285,40.5
59286,40.5
59287,41.4
59288,41.4
59289,41.4
59290,41.4
59291,41.4
59292,41.6
59293,41.6
59294,41.6
59295,40.5
59296,40.5
59297,40.5
59298,40.5
59299,41.0
59300,41.0
59301,41.0
59302,41.0
59303,40.5
59304,40.5
59305,40.5
59306,40.5
59307,39.9
59308,39.9
59309,39.9
59310,39.9
59311,40.9
59312,40.9
59313,40.9
59314,40.9
59315,41.3
59316,41.3
59317,41.3
59318,41.3
59319,40.5
59320,40.5
59321,40.5
59322,40.5
59323,40.5
59324,39.3
59325,39.3
59326,39.3
59327,39.7
59328,39.7
59329,39.7
59330,39.7
59331,39.7
59332,40.9
59333,40.9
59334,40.9
59335,39.2
59336,39.2
59337,39.2
59338,39.2
59339,37.7
59340,37.7
59341,37.7
59342,37.7
59343,37.7
59344,37.7
59345,37.7
59346,37.7
59347,41.7
59348,41.7
59349,41.7
59350,41.7
59351,43.3
59352,43.3
59353,43.3
59354,43.3
59355,39.4
59356,39.4
59357,39.4
59358,39.4
59359,38.9
59360,38.9
59361,38.9
59362,38.9
59363,37.5
59364,37.5
59365,37.5
59366,37.5
59367,36.4
59368,36.4
59369,36.4
59370,36.4
59371,37.0
59372,37.0
59373,37.0
59374,37.0
59375,37.0
59376,37.9
59377,37.9
59378,37.9
59379,37.5
59380,37.5
59381,37.5
59382,37.5
59383,37.0
59384,37.0
59385,37.0
59386,37.0
59387,36.5
59388,36.5
59389,36.5
59390,36.5
59391,34.5
59392,34.5
59393,34.5
59394,34.5
59395,33.9
59396,33.9
59397,33.9
59398,33.9
59399,33.9
59400,36.5
59401,36.5
59402,36.5
59403,36.9
59404,36.9
59405,36.9
59406,36.9
59407,36.4
59408,36.4
59409,36.4
59410,36.4
59411,27.9
59412,27.9
59413,27.9
59414,27.9
59415,26.2
59416,26.2
59417,26.2
59418,26.2
59419,28.3
59420,28.3
59421,28.3
59422,28.3
59423,32.1
59424,32.1
59425,32.1
59426,32.1
59427,35.7
59428,35.7
59429,35.7
59430,35.7
59431,-9999.0
59432,34.6
59433,34.6
59434,-9999.0
59435,35.5
59436,35.5
59437,35.5
59438,35.5
59439,33.6
59440,33.6
59441,33.6
59442,33.6
59443,34.3
59444,34.3
59445,34.3
59446,34.3
59447,35.2
59448,-9999.0
59449,35.2
59450,35.2
59451,33.9
59452,33.9
59453,33.9
59454,33.9
59455,33.4
59456,33.4
59457,33.4
59458,33.4
59459,33.3
59460,33.3
59461,33.3
59462,35.0
59463,35.0
59464,35.0
59465,35.0
59466,35.1
59467,35.1
59468,35.1
59469,35.1
59470,35.1
59471,35.1
59472,-9999.0
59473,35.1
59474,35.1
59475,36.1
59476,36.1
59477,36.1
59478,36.1
59479,35.7
59480,35.7
59481,35.7
59482,35.7
59483,34.4
59484,34.4
59485,34.4
59486,34.4
59487,35.6
59488,35.6
59489,35.6
59490,35.6
59491,-9999.0
59492,34.6
59493,34.6
59494,34.6
59495,34.6
59496,35.0
59497,35.0
59498,35.0
59499,33.3
59500,33.3
59501,33.3
59502,33.3
59503,30.1
59504,30.1
59505,30.1
59506,30.1
59507,27.3
59508,27.3
59509,27.3
59510,27.3
59511,27.3
59512,24.9
59513,24.9
59514,24.9
59515,24.9
59516,26.1
59517,26.1
59518,26.1
59519,30.8
59520,30.8
59521,30.8
59522,30.8
59523,30.7
59524,30.7
59525,30.7
59526,30.7
59527,28.8
59528,28.8
59529,28.8
59530,28.8
59531,30.7
59532,30.7
59533,30.7
59534,30.7
59535,32.4
59536,32.4
59537,32.4
59538,32.4
59539,32.4
59540,21.7
59541,21.7
59542,21.7
59543,20.2
59544,20.2
59545,20.2
59546,20.2
59547,29.5
59548,29.5
59549,29.5
59550,29.5
59551,33.1
59552,-9999.0
59553,33.1
59554,33.1
59555,47.6
59556,47.6
59557,47.6
59558,47.6
59559,44.9
59560,44.9
59561,44.9
59562,44.9
59563,44.9
59564,33.3
59565,33.3
59566,33.3
59567,33.3
59568,30.2
59569,30.2
59570,30.2
59571,24.0
59572,24.0
59573,24.0
59574,24.0
59575,22.3
59576,22.3
59577,22.3
59578,22.3
59579,23.4
59580,23.4
59581,23.4
59582,23.4
59583,23.6
59584,23.6
59585,23.6
59586,23.6
59587,21.8
59588,21.8
59589,21.8
59590,21.8
59591,21.8
59592,25.6
59593,25.6
59594,25.6
59595,29.2
59596,29.2
59597,29.2
59598,29.2
59599,28.4
59600,28.4
59601,28.4
59602,28.4
59603,31.5
59604,31.5
59605,31.5
59606,31.5
59607,29.4
59608,29.4
59609,29.4
59610,29.4
59611,24.7
59612,24.7
59613,24.7
59614,24.7
59615,26.3
59616,26.3
59617,26.3
59618,26.3
59619,26.3
59620,26.5
59621,26.5
59622,26.5
59623,26.5
59624,27.3
59625,27.3
59626,27.3
59627,29.0
59628,29.0
59629,29.0
59630,29.0
59631,25.4
59632,25.4
59633,25.4
59634,25.4
59635,28.6
59636,28.6
59637,28.6
59638,28.6
59639,28.1
59640,28.1
59641,28.1
59642,28.1
59643,25.8
59644,25.8
59645,25.8
59646,25.8
59647,26.4
59648,26.4
59649,26.4
59650,26.4
59651,26.4
59652,26.4
59653,26.4
59654,26.4
59655,26.5
59656,26.5
59657,26.5
59658,26.5
59659,25.4
59660,25.4
59661,25.4
59662,25.4
59663,26.1
59664,26.1
59665,26.1
59666,26.1
59667,26.5
59668,26.5
59669,26.5
59670,26.5
59671,24.4
59672,24.4
59673,24.4
59674,24.4
59675,24.6
59676,24.6
59677,24.6
59678,24.6
59679,24.6
59680,24.6
59681,24.6
59682,24.6
59683,27.1
59684,27.1
59685,27.1
59686,27.1
59687,27.2
59688,27.2
59689,27.2
59690,27.2
59691,27.1
59692,27.1
59693,27.1
59694,27.1
59695,25.7
59696,25.7
59697,25.7
59698,25.7
59699,26.0
59700,26.0
59701,26.0
59702,26.0
59703,26.0
59704,26.7
59705,26.7
59706,26.7
59707,24.4
59708,24.4
59709,24.4
59710,24.4
59711,23.3
59712,23.3
59713,23.3
59714,23.3
59715,22.9
59716,22.9
59717,22.9
59718,22.9
59719,22.7
59720,22.7
59721,22.7
59722,22.7
59723,22.8
59724,22.8
59725,22.8
59726,22.8
59727,24.2
59728,24.2
59729,24.2
59730,24.2
59731,26.0
59732,26.0
59733,26.0
59734,24.1
59735,24.1
59736,24.1
59737,24.1
59738,24.5
59739,24.5
59740,24.5
59741,24.5
59742,23.4
59743,23.4
59744,23.4
59745,23.4
59746,23.5
59747,23.5
59748,23.5
59749,23.5
59750,28.1
59751,28.1
59752,28.1
59753,28.1
59754,26.5
59755,26.5
59756,26.5
59757,26.5
59758,26.5
59759,26.0
59760,26.0
59761,26.0
59762,25.0
59763,25.0
59764,25.0
59765,25.0
59766,26.9
59767,26.9
59768,26.9
59769,26.9
59770,29.6
59771,29.6
59772,29.6
59773,29.6
59774,27.5
59775,27.5
59776,27.5
59777,27.5
59778,28.6
59779,28.6
59780,28.6
59781,28.6
59782,29.8
59783,29.8
59784,29.8
59785,29.8
59786,28.4
59787,28.4
59788,-9999.0
59789,28.4
59790,28.4
59791,30.0
59792,30.0
59793,30.0
59794,30.0
59795,32.7
59796,32.7
59797,32.7
59798,32.7
59799,28.4
59800,28.4
59801,28.4
59802,28.4
59803,26.8
59804,26.8
59805,26.8
59806,26.8
59807,27.8
59808,27.8
59809,27.8
59810,27.8
59811,29.5
59812,29.5
59813,29.5
59814,29.5
59815,30.4
59816,30.4
59817,30.4
59818,30.4
59819,30.4
59820,25.8
59821,25.8
59822,25.8
59823,21.5
59824,21.5
59825,21.5
59826,21.5
59827,21.5
59828,26.7
59829,26.7
59830,26.7
59831,32.2
59832,32.2
59833,32.2
59834,32.2
59835,28.1
59836,28.1
59837,28.1
59838,28.1
59839,30.4
59840,30.4
59841,30.4
59842,30.4
59843,26.9
59844,26.9
59845,26.9
59846,26.9
59847,26.7
59848,26.7
59849,26.7
59850,26.7
59851,29.3
59852,29.3
59853,29.3
59854,29.3
59855,27.2
59856,27.2
59857,27.2
59858,27.2
59859,27.7
59860,27.7
59861,27.7
59862,27.7
59863,27.7
59864,27.2
59865,27.2
59866,27.2
59867,28.7
59868,28.7
59869,28.6
59870,28.6
59871,27.2
59872,27.2
59873,27.2
59874,27.2
59875,28.2
59876,28.2
59877,28.2
59878,28.2
59879,32.4
59880,32.4
59881,32.4
59882,32.4
59883,34.4
59884,34.4
59885,34.4
59886,34.4
59887,31.3
59888,31.3
59889,31.3
59890,31.3
59891,27.7
59892,27.7
59893,27.7
59894,27.7
59895,28.7
59896,28.7
59897,28.7
59898,28.7
59899,26.4
59900,26.4
59901,26.4
59902,26.4
59903,26.4
59904,25.9
59905,25.9
59906,25.9
59907,25.9
59908,27.9
59909,27.9
59910,27.9
59911,27.0
59912,27.0
59913,27.0
59914,27.0
59915,22.8
59916,22.8
59917,22.8
59918,22.8
59919,22.8
59920,22.8
59921,22.8
59922,22.8
59923,20.1
59924,20.1
59925,20.1
59926,20.1
59927,15.7
59928,15.7
59929,15.7
59930,15.7
59931,20.9
59932,20.9
59933,20.9
59934,20.9
59935,29.1
59936,29.1
59937,29.1
59938,-9999.0
59939,30.2
59940,30.2
59941,30.2
59942,30.2
59943,30.8
59944,30.8
59945,30.8
59946,30.8
59947,30.9
59948,30.9
59949,30.9
59950,29.9
59951,29.9
59952,29.9
59953,29.9
59954,30.4
59955,30.4
59956,30.4
59957,30.4
59958,-9999.0
59959,34.0
59960,34.0
59961,34.0
59962,34.0
59963,34.1
59964,34.1
59965,34.1
59966,-9999.0
59967,31.0
59968,31.0
59969,31.0
59970,31.0
59971,-9999.0
59972,29.4
59973,29.4
59974,-9999.0
59975,31.1
59976,31.1
59977,31.1
59978,31.1
59979,33.6
59980,33.6
59981,33.6
59982,33.6
59983,34.3
59984,34.3
59985,34.3
59986,34.3
59987,33.7
59988,33.7
59989,33.7
59990,34.0
59991,34.0
59992,34.0
59993,34.0
59994,33.4
59995,33.4
59996,33.4
59997,33.4
59998,32.9
59999,32.9
60000,32.9
60001,32.9
60002,32.9
60003,32.0
60004,32.0
60005,32.0
60006,32.0
60007,-9999.0
60008,30.8
60009,30.8
60010,30.8
60011,31.4
60012,31.4
60013,31.4
60014,31.4
60015,35.6
60016,35.6
60017,35.6
60018,35.6
60019,33.5
60020,33.5
60021,33.5
60022,33.5
60023,33.9
60024,33.9
60025,33.9
60026,33.9
60027,34.4
60028,34.4
60029,34.4
60030,34.4
60031,-9999.0
60032,32.3
60033,32.3
60034,32.3
60035,32.3
60036,35.1
60037,35.1
60038,35.1
60039,35.1
60040,36.7
60041,36.7
60042,36.7
60043,34.1
60044,34.1
60045,34.1
60046,34.1
60047,34.1
60048,34.5
60049,34.5
60050,34.5
60051,33.5
60052,33.5
60053,33.5
60054,33.5
60055,32.4
60056,32.4
60057,32.4
60058,32.4
60059,31.8
60060,31.8
60061,31.8
60062,31.8
60063,31.8
60064,33.3
60065,33.3
60066,33.3
60067,33.3
60068,33.1
60069,33.1
60070,33.1
60071,33.1
60072,32.6
60073,32.6
60074,32.6
60075,32.6
60076,33.1
60077,33.1
60078,33.1
60079,33.3
60080,33.3
60081,33.3
60082,33.3
60083,33.3
60084,34.2
60085,34.2
60086,34.2
60087,34.3
60088,34.3
60089,34.3
60090,34.3
60091,33.3
60092,33.3
60093,33.3
60094,33.3
60095,33.3
60096,33.3
60097,33.3
60098,33.3
60099,33.7
60100,33.7
60101,33.7
60102,33.7
60103,35.4
60104,35.4
60105,35.4
60106,35.4
60107,35.4
60108,33.8
60109,33.8
60110,33.8
60111,33.3
60112,33.3
60113,33.3
60114,33.3
60115,33.8
60116,33.8
60117,33.8
60118,33.8
60119,31.1
60120,31.1
60121,31.1
60122,31.1
60123,28.2
60124,28.2
60125,28.2
60126,28.2
60127,28.2
60128,31.4
60129,31.4
60130,31.4
60131,32.3
60132,32.3
60133,32.3
60134,32.3
60135,31.2
60136,31.2
60137,31.2
60138,31.2
60139,32.7
60140,32.7
60141,32.7
60142,32.7
60143,33.7
60144,33.7
60145,33.7
60146,33.7
60147,31.6
60148,31.6
60149,31.6
60150,31.6
60151,33.7
60152,33.7
60153,33.7
60154,33.7
60155,35.1
60156,35.1
60157,35.1
60158,-9999.0
60159,34.3
60160,34.3
60161,34.3
60162,34.3
60163,34.2
60164,34.2
60165,34.2
60166,34.2
60167,33.2
60168,33.2
60169,33.2
60170,35.3
60171,35.3
60172,-9999.0
60173,35.3
60174,35.3
60175,35.4
60176,35.4
60177,35.4
60178,35.4
60179,32.6
60180,32.6
60181,32.6
60182,32.6
60183,33.8
60184,33.8
60185,33.8
60186,34.6
60187,34.6
60188,34.6
60189,34.6
60190,34.6
60191,34.6
60192,34.6
60193,34.6
60194,34.1
60195,34.1
60196,34.1
60197,34.1
60198,35.1
60199,35.1
60200,-9999.0
60201,35.1
60202,35.1
60203,35.1
60204,35.1
60205,35.1
60206,35.1
60207,34.0
60208,34.0
60209,-9999.0
60210,34.0
60211,35.6
60212,35.6
60213,35.6
60214,31.9
60215,31.9
60216,31.9
60217,31.9
60218,28.3
60219,28.3
60220,28.3
60221,-9999.0
60222,28.3
60223,33.4
60224,33.4
60225,33.4
60226,33.4
60227,33.4
60228,34.9
60229,34.9
60230,34.9
60231,33.9
60232,33.9
60233,33.9
60234,33.9
60235,34.4
60236,34.4
60237,34.4
60238,34.4
60239,36.1
60240,36.1
60241,36.1
60242,36.1
60243,35.2
60244,35.2
60245,35.2
60246,35.2
60247,35.2
60248,35.1
60249,35.1
60250,35.1
60251,34.1
60252,34.1
60253,34.1
60254,34.1
60255,33.3
60256,33.3
60257,33.3
60258,33.3
60259,33.6
60260,33.6
60261,33.6
60262,33.6
60263,33.7
60264,33.7
60265,33.7
60266,33.7
60267,33.1
60268,33.1
60269,33.1
60270,33.1
60271,34.2
60272,34.2
60273,34.2
60274,34.2
60275,33.8
60276,33.8
60277,33.8
60278,33.8
60279,33.7
60280,33.7
60281,33.7
60282,33.7
60283,32.1
60284,32.1
60285,32.1
60286,32.1
60287,32.1
60288,32.1
60289,32.1
60290,32.1
60291,32.5
60292,32.5
60293,32.5
60294,32.5
60295,32.7
60296,32.7
60297,32.7
60298,32.7
60299,31.6
60300,31.6
60301,31.6
60302,31.6
60303,31.6
60304,31.6
60305,31.6
60306,31.6
60307,39.2
60308,39.2
60309,39.2
60310,39.2
60311,39.9
60312,39.9
60313,39.9
60314,39.9
60315,33.5
60316,33.5
60317,33.5
60318,33.5
60319,33.1
60320,33.1
60321,33.1
60322,33.1
60323,32.0
60324,32.0
60325,32.0
60326,32.0
60327,32.4
60328,32.4
60329,32.4
60330,33.0
60331,33.0
60332,33.0
60333,33.0
60334,33.0
60335,32.5
60336,32.5
60337,32.5
60338,32.5
60339,32.6
60340,32.6
60341,32.6
60342,32.6
60343,32.5
60344,32.5
60345,32.5
60346,32.5
60347,32.5
60348,32.5
60349,32.5
60350,32.5
60351,31.0
60352,31.0
60353,31.0
60354,31.0
60355,31.0
60356,30.6
60357,30.6
60358,30.6
60359,30.1
60360,30.1
60361,30.1
60362,30.1
60363,32.6
60364,32.6
60365,32.6
60366,32.6
60367,33.7
60368,33.7
60369,33.7
60370,33.7
60371,32.6
60372,32.6
60373,32.6
60374,32.6
60375,33.6
60376,33.6
60377,33.6
60378,33.6
60379,30.5
60380,30.5
60381,30.5
60382,30.5
60383,30.5
60384,31.0
60385,31.0
60386,31.0
60387,33.0
60388,33.0
60389,33.0
60390,33.0
60391,32.6
60392,32.6
60393,32.6
60394,32.6
60395,33.1
60396,33.1
60397,33.1
60398,33.1
60399,33.1
60400,32.6
60401,32.6
60402,32.6
60403,34.8
60404,34.8
60405,34.8
60406,34.8
60407,35.4
60408,35.4
60409,35.4
60410,35.4
60411,33.2
60412,33.2
60413,33.2
60414,33.2
60415,35.3
60416,35.3
60417,35.3
60418,35.3
60419,35.3
60420,32.7
60421,32.7
60422,32.7
60423,32.7
60424,32.7
60425,32.7
60426,32.7
60427,34.7
60428,34.7
60429,34.7
60430,34.7
60431,34.7
60432,34.7
60433,34.7
60434,34.7
60435,34.3
60436,34.3
60437,34.3
60438,34.3
60439,34.3
60440,32.7
60441,32.7
60442,32.7
60443,31.6
60444,31.6
60445,31.6
60446,31.6
60447,28.1
60448,28.1
60449,28.1
60450,28.1
60451,30.6
60452,30.6
60453,30.6
60454,30.6
60455,33.2
60456,33.2
60457,33.2
60458,33.2
60459,30.0
60460,30.0
60461,30.0
60462,30.0
60463,29.4
60464,29.4
60465,29.4
60466,29.4
60467,31.1
60468,31.1
60469,31.1
60470,31.1
60471,30.6
60472,30.6
60473,30.6
60474,30.6
60475,31.6
60476,31.6
60477,31.6
60478,31.6
60479,33.2
60480,33.2
60481,33.2
60482,33.2
60483,31.0
60484,31.0
60485,31.0
60486,31.0
60487,30.1
60488,30.1
60489,30.1
60490,30.1
60491,32.6
60492,32.6
60493,32.6
60494,32.6
60495,32.8
60496,32.8
60497,32.8
60498,32.8
60499,33.2
60500,33.2
60501,33.2
60502,33.2
60503,30.0
60504,30.0
60505,30.0
60506,30.0
60507,30.0
60508,30.6
60509,30.6
60510,30.6
60511,34.6
60512,34.6
60513,34.6
60514,32.0
60515,32.0
60516,32.0
60517,32.0
60518,31.3
60519,31.3
60520,31.3
60521,31.3
60522,32.4
60523,32.4
60524,32.4
60525,32.4
60526,32.4
60527,32.0
60528,32.0
60529,32.0
60530,29.7
60531,29.7
60532,29.7
60533,29.7
60534,29.8
60535,29.8
60536,29.8
60537,29.8
60538,29.8
60539,31.5
60540,31.5
60541,31.5
60542,32.6
60543,32.6
60544,32.6
60545,32.6
60546,31.6
60547,31.6
60548,31.6
60549,31.6
60550,31.6
60551,31.1
60552,31.1
60553,31.1
60554,31.5
60555,31.5
60556,31.5
60557,31.5
60558,31.0
60559,31.0
60560,31.0
60561,31.0
60562,31.1
60563,31.1
60564,31.1
60565,31.1
60566,31.0
60567,-9999.0
60568,31.0
60569,31.0
60570,31.0
60571,29.4
60572,29.4
60573,29.4
60574,29.4
60575,27.8
60576,27.8
60577,27.8
60578,27.8
60579,-9999.0
60580,29.9
60581,29.9
60582,29.9
60583,32.2
60584,32.2
60585,32.2
60586,32.2
60587,32.6
60588,32.6
60589,32.6
60590,32.6
60591,32.7
60592,32.7
60593,-9999.0
60594,32.7
60595,31.6
60596,31.6
60597,31.6
60598,31.6
60599,31.2
60600,31.2
60601,31.2
60602,31.2
60603,33.3
60604,-9999.0
60605,33.3
60606,33.3
60607,32.4
60608,32.4
60609,32.4
60610,32.4
60611,30.2
60612,30.2
60613,30.2
60614,30.2
60615,31.8
60616,31.8
60617,31.8
60618,31.8
60619,33.5
60620,33.5
60621,33.5
60622,33.5
60623,35.2
60624,35.2
60625,35.2
60626,-9999.0
60627,35.2
60628,35.2
60629,35.2
60630,35.2
60631,33.3
60632,33.3
60633,33.3
60634,-9999.0
60635,33.3
60636,33.3
60637,33.3
60638,33.3
60639,36.0
60640,36.0
60641,36.0
60642,36.0
60643,-9999.0
60644,35.6
60645,35.6
60646,35.6
60647,34.9
60648,34.9
60649,34.9
60650,36.1
60651,36.1
60652,36.1
60653,-9999.0
60654,36.1
60655,36.7
60656,36.7
60657,36.7
60658,36.7
60659,36.7
60660,36.7
60661,36.7
60662,36.7
60663,36.2
60664,36.2
60665,36.2
60666,36.2
60667,36.2
60668,37.7
60669,37.7
60670,37.7
60671,39.4
60672,39.4
60673,39.4
60674,39.4
60675,39.4
60676,38.9
60677,38.9
60678,38.9
60679,39.3
60680,39.3
60681,39.3
60682,39.3
60683,39.3
60684,41.0
60685,41.0
60686,41.0
60687,43.6
60688,43.6
60689,43.6
60690,43.6
60691,42.0
60692,42.0
60693,42.0
60694,42.0
60695,41.2
60696,41.2
60697,41.2
60698,41.2
60699,41.3
60700,41.3
60701,41.3
60702,41.3
60703,40.8
60704,40.8
60705,40.8
60706,40.8
60707,40.8
60708,40.8
60709,40.8
60710,40.8
60711,39.6
60712,39.6
60713,39.6
60714,39.6
60715,39.2
60716,39.2
60717,39.2
60718,39.2
60719,40.2
60720,40.2
60721,40.2
60722,40.2
60723,40.7
60724,40.7
60725,40.7
60726,40.7
60727,39.1
60728,39.1
60729,39.1
60730,39.1
60731,39.0
60732,39.0
60733,39.0
60734,39.0
60735,41.8
60736,41.8
60737,41.8
60738,41.8
60739,41.6
60740,41.6
60741,41.6
60742,41.6
60743,41.1
60744,41.1
60745,41.1
60746,41.1
60747,40.6
60748,40.6
60749,40.6
60750,40.5
60751,40.5
60752,40.5
60753,40.5
60754,44.3
60755,44.3
60756,44.3
60757,44.3
60758,44.3
60759,44.5
60760,44.5
60761,44.5
60762,43.9
60763,43.9
60764,43.9
60765,43.9
60766,43.4
60767,43.4
60768,43.4
60769,43.4
60770,41.7
60771,41.7
60772,41.7
60773,41.7
60774,41.7
60775,40.6
60776,40.6
60777,40.6
60778,39.1
60779,39.1
60780,39.1
60781,39.1
60782,42.2
60783,42.2
60784,42.2
60785,42.2
60786,45.4
60787,45.4
60788,45.4
60789,45.4
60790,43.3
60791,43.3
60792,43.3
60793,43.3
60794,42.6
60795,42.6
60796,42.6
60797,42.6
60798,43.9
60799,43.9
60800,43.9
60801,43.9
60802,45.3
60803,45.3
60804,45.3
60805,45.3
60806,44.8
60807,44.8
60808,-9999.0
60809,44.8
60810,44.8
60811,44.8
60812,44.8
60813,44.8
60814,44.8
60815,43.6
60816,43.6
60817,43.6
60818,43.6
60819,44.6
60820,44.6
60821,44.6
60822,44.6
60823,45.6
60824,45.6
60825,45.6
60826,45.6
60827,45.2
60828,45.2
60829,45.2
60830,45.2
60831,45.2
60832,45.2
60833,45.2
60834,45.2
60835,46.2
60836,46.2
60837,46.2
60838,46.2
60839,46.5
60840,46.5
60841,46.5
60842,46.5
60843,44.6
60844,44.6
60845,44.6
60846,44.6
60847,44.0
60848,44.0
60849,44.0
60850,44.0
60851,47.3
60852,47.3
60853,47.3
60854,47.3
60855,47.3
60856,48.4
60857,48.4
60858,48.4
60859,48.4
60860,43.6
60861,43.6
60862,43.6
60863,42.9
60864,42.9
60865,42.9
60866,42.9
60867,42.8
60868,42.8
60869,42.8
60870,42.8
60871,-9999.0
60872,43.3
60873,43.3
60874,43.3
60875,45.9
60876,45.9
60877,45.9
60878,45.9
60879,46.5
60880,46.5
60881,46.5
60882,46.5
60883,-9999.0
60884,46.5
60885,46.5
60886,46.5
60887,47.5
60888,47.5
60889,47.5
60890,47.5
60891,45.5
60892,45.5
60893,45.5
60894,45.5
60895,45.5
60896,45.5
60897,45.5
60898,45.5
60899,47.2
60900,47.2
60901,47.2
60902,47.2
60903,46.7
60904,46.7
60905,46.7
60906,46.7
60907,46.2
60908,46.2
60909,46.2
60910,46.2
60911,47.7
60912,47.7
60913,47.7
60914,47.7
60915,46.7
60916,46.7
60917,46.7
60918,46.7
60919,46.7
60920,46.7
60921,46.7
60922,46.7
60923,47.4
60924,47.4
60925,-9999.0
60926,47.4
60927,47.5
60928,47.5
60929,47.5
60930,47.5
60931,47.5
60932,-9999.0
60933,47.5
60934,47.5
60935,48.0
60936,48.0
60937,48.0
60938,48.0
60939,-9999.0
60940,46.5
60941,46.5
60942,46.5
60943,47.0
60944,47.0
60945,47.0
60946,47.5
60947,47.5
60948,47.5
60949,-9999.0
60950,47.5
60951,47.1
60952,47.1
60953,47.1
60954,47.1
60955,45.9
60956,45.9
60957,45.9
60958,45.9
60959,46.0
60960,46.0
60961,46.0
60962,46.0
60963,43.8
60964,43.8
60965,43.8
60966,43.8
60967,43.8
60968,44.9
60969,44.9
60970,44.9
60971,48.5
60972,48.5
60973,48.5
60974,48.5
60975,48.5
60976,50.7
60977,50.7
60978,50.7
60979,47.7
60980,47.7
60981,47.7
60982,47.7
60983,47.7
60984,46.8
60985,46.8
60986,46.8
60987,45.8
60988,45.8
60989,45.8
60990,45.8
60991,45.5
60992,45.5
60993,45.5
60994,45.5
60995,47.0
60996,47.0
60997,47.0
60998,47.0
60999,47.0
61000,45.3
61001,45.3
61002,45.3
61003,45.3
61004,44.7
61005,44.7
61006,44.7
61007,44.7
61008,46.6
61009,46.6
61010,46.6
61011,48.1
61012,48.1
61013,48.1
61014,48.1
61015,47.3
61016,47.3
61017,47.3
61018,47.3
61019,47.8
61020,47.8
61021,47.8
61022,47.8
61023,46.7
61024,46.7
61025,46.7
61026,46.7
61027,43.1
61028,43.1
61029,43.1
61030,43.1
61031,46.9
61032,46.9
61033,46.9
61034,46.9
61035,47.5
61036,47.5
61037,47.5
61038,47.5
61039,47.0
61040,47.0
61041,47.0
61042,47.0
61043,47.0
61044,47.0
61045,47.0
61046,47.0
61047,46.6
61048,46.6
61049,46.6
61050,46.6
61051,47.2
61052,47.2
61053,47.2
61054,47.2
61055,49.0
61056,49.0
61057,49.0
61058,49.0
61059,46.2
61060,46.2
61061,46.2
61062,46.2
61063,46.2
61064,45.5
61065,45.5
61066,45.5
61067,46.9
61068,46.9
61069,46.9
61070,46.9
61071,43.8
61072,43.8
61073,43.8
61074,43.8
61075,45.0
61076,45.0
61077,45.0
61078,45.0
61079,43.4
61080,43.4
61081,43.4
61082,43.4
61083,43.4
61084,44.2
61085,44.2
61086,44.2
61087,47.0
61088,47.0
61089,47.0
61090,47.0
61091,45.5
61092,45.5
61093,45.5
61094,45.5
61095,47.3
61096,47.3
61097,47.3
61098,47.3
61099,45.1
61100,45.1
61101,45.1
61102,45.1
61103,44.5
61104,44.5
61105,44.5
61106,44.5
61107,46.8
61108,46.8
61109,46.8
61110,46.8
61111,46.5
61112,46.5
61113,46.5
61114,47.8
61115,47.8
61116,47.8
61117,47.8
61118,47.8
61119,47.0
61120,47.0
61121,47.0
61122,46.0
61123,46.0
61124,46.0
61125,46.0
61126,46.5
61127,46.5
61128,46.5
61129,46.5
61130,46.4
61131,46.4
61132,46.4
61133,46.4
61134,48.0
61135,48.0
61136,48.0
61137,48.0
61138,48.0
61139,46.4
61140,46.4
61141,46.4
61142,45.9
61143,45.9
61144,45.9
61145,45.9
61146,47.1
61147,47.1
61148,47.1
61149,47.1
61150,48.9
61151,48.9
61152,48.9
61153,48.9
61154,46.7
61155,46.7
61156,46.7
61157,46.7
61158,46.7
61159,48.6
61160,48.6
61161,48.6
61162,48.5
61163,48.5
61164,48.5
61165,48.5
61166,46.9
61167,46.9
61168,46.9
61169,46.9
61170,-9999.0
61171,47.0
61172,47.0
61173,47.0
61174,47.0
61175,47.3
61176,47.3
61177,47.3
61178,47.3
61179,46.6
61180,46.6
61181,46.6
61182,46.6
61183,46.8
61184,46.8
61185,46.8
61186,46.8
61187,46.9
61188,46.9
61189,46.9
61190,46.9
61191,49.2
61192,-9999.0
61193,-9999.0
61194,-9999.0
61195,-9999.0
61196,-9999.0
61197,-9999.0
61198,-9999.0
61199,-9999.0
61200,-9999.0
61201,-9999.0
61202,-9999.0
61203,-9999.0
61204,-9999.0
61205,-9999.0
61206,-9999.0
61207,-9999.0
61208,-9999.0
61209,-9999.0
61210,-9999.0
61211,-9999.0
61212,-9999.0
61213,-9999.0
61214,-9999.0
61215,-9999.0
61216,-9999.0
61217,-9999.0
61218,-9999.0
61219,-9999.0
61220,-9999.0
61221,-9999.0
61222,-9999.0
61223,-9999.0
61224,-9999.0
61225,-9999.0
61226,-9999.0
61227,-9999.0
61228,-9999.0
61229,-9999.0
61230,-9999.0
61231,-9999.0
61232,-9999.0
61233,-9999.0
61234,-9999.0
61235,-9999.0
61236,-9999.0
61237,-9999.0
61238,-9999.0
61239,-9999.0
61240,-9999.0
61241,-9999.0
61242,-9999.0
61243,-9999.0
61244,-9999.0
61245,-9999.0
61246,-9999.0
61247,-9999.0
61248,-9999.0
61249,-9999.0
61250,-9999.0
61251,-9999.0
61252,-9999.0
61253,-9999.0
61254,-9999.0
61255,-9999.0
61256,-9999.0
61257,-9999.0
61258,-9999.0
61259,-9999.0
61260,-9999.0
61261,-9999.0
61262,-9999.0
61263,-9999.0
61264,-9999.0
61265,-9999.0
61266,-9999.0
61267,-9999.0
61268,-9999.0
61269,-9999.0
61270,-9999.0
61271,-9999.0
61272,-9999.0
61273,-9999.0
61274,-9999.0
61275,-9999.0
61276,-9999.0
61277,-9999.0
61278,-9999.0
61279,-9999.0
61280,-9999.0
61281,-9999.0
61282,-9999.0
61283,-9999.0
61284,-9999.0
61285,-9999.0
61286,-9999.0
61287,-9999.0
61288,-9999.0
61289,-9999.0
61290,-9999.0
61291,-9999.0
61292,-9999.0
61293,-9999.0
61294,-9999.0
61295,-9999.0
61296,-9999.0
61297,-9999.0
61298,-9999.0
61299,-9999.0
61300,-9999.0
61301,-9999.0
61302,-9999.0
61303,-9999.0
61304,-9999.0
61305,-9999.0
61306,-9999.0
61307,-9999.0
61308,-9999.0
61309,-9999.0
61310,-9999.0
61311,-9999.0
61312,-9999.0
61313,-9999.0
61314,-9999.0
61315,-9999.0
61316,-9999.0
61317,-9999.0
61318,-9999.0
61319,-9999.0
61320,-9999.0
61321,-9999.0
61322,-9999.0
61323,-9999.0
61324,-9999.0
61325,-9999.0
61326,-9999.0
61327,-9999.0
61328,-9999.0
61329,-9999.0
61330,-9999.0
61331,-9999.0
61332,-9999.0
61333,-9999.0
61334,-9999.0
61335,-9999.0
61336,-9999.0
61337,-9999.0
61338,-9999.0
61339,-9999.0
61340,-9999.0
61341,-9999.0
61342,-9999.0
61343,-9999.0
61344,-9999.0
61345,-9999.0
61346,-9999.0
61347,-9999.0
61348,-9999.0
61349,-9999.0
61350,-9999.0
61351,-9999.0
61352,-9999.0
61353,-9999.0
61354,-9999.0
61355,-9999.0
61356,-9999.0
61357,-9999.0
61358,-9999.0
61359,-9999.0
61360,-9999.0
61361,-9999.0
61362,-9999.0
61363,-9999.0
61364,-9999.0
61365,-9999.0
61366,-9999.0
61367,-9999.0
61368,-9999.0
61369,-9999.0
61370,-9999.0
61371,-9999.0
61372,-9999.0
61373,-9999.0
61374,-9999.0
61375,-9999.0
61376,-9999.0
61377,-9999.0
61378,-9999.0
61379,-9999.0
61380,-9999.0
61381,-9999.0
61382,-9999.0
61383,-9999.0
61384,-9999.0
61385,-9999.0
61386,-9999.0
61387,-9999.0
61388,-9999.0
61389,-9999.0
61390,-9999.0
61391,-9999.0
61392,-9999.0
61393,-9999.0
61394,-9999.0
61395,-9999.0
61396,-9999.0
61397,-9999.0
61398,-9999.0
61399,-9999.0
61400,-9999.0
61401,-9999.0
61402,-9999.0
61403,-9999.0
61404,-9999.0
61405,-9999.0
61406,-9999.0
61407,-9999.0
61408,-9999.0
61409,-9999.0
61410,-9999.0
61411,-9999.0
61412,-9999.0
61413,-9999.0
61414,-9999.0
61415,-9999.0
61416,-9999.0
61417,-9999.0
61418,-9999.0
61419,-9999.0
61420,-9999.0
61421,-9999.0
61422,-9999.0
61423,-9999.0
61424,-9999.0
61425,-9999.0
61426,-9999.0
61427,-9999.0
61428,-9999.0
61429,-9999.0
61430,-9999.0
61431,-9999.0
61432,-9999.0
61433,-9999.0
61434,-9999.0
61435,-9999.0
61436,-9999.0
61437,-9999.0
61438,-9999.0
61439,-9999.0
61440,-9999.0
61441,-9999.0
61442,-9999.0
61443,-9999.0
61444,-9999.0
61445,-9999.0
61446,-9999.0
61447,-9999.0
61448,-9999.0
61449,-9999.0
61450,-9999.0
61451,-9999.0
61452,-9999.0
61453,-9999.0
61454,-9999.0
61455,-9999.0
61456,-9999.0
61457,-9999.0
61458,-9999.0
61459,-9999.0
61460,-9999.0
61461,-9999.0
61462,-9999.0
61463,-9999.0
61464,-9999.0
61465,-9999.0
61466,-9999.0
61467,-9999.0
61468,-9999.0
61469,-9999.0
61470,-9999.0
61471,-9999.0
61472,-9999.0
61473,-9999.0
61474,-9999.0
61475,-9999.0
61476,-9999.0
61477,-9999.0
61478,-9999.0
61479,-9999.0
61480,-9999.0
61481,-9999.0
61482,-9999.0
61483,-9999.0
61484,-9999.0
61485,-9999.0
61486,-9999.0
61487,-9999.0
61488,-9999.0
61489,-9999.0
61490,-9999.0
61491,-9999.0
61492,-9999.0
61493,-9999.0
61494,-9999.0
61495,-9999.0
61496,-9999.0
61497,-9999.0
61498,-9999.0
61499,-9999.0
61500,-9999.0
61501,-9999.0
61502,-9999.0
61503,-9999.0
61504,-9999.0
61505,-9999.0
61506,-9999.0
61507,-9999.0
61508,-9999.0
61509,-9999.0
61510,-9999.0
61511,-9999.0
61512,-9999.0
61513,-9999.0
61514,-9999.0
61515,-9999.0
61516,-9999.0
61517,-9999.0
61518,-9999.0
61519,-9999.0
61520,-9999.0
61521,-9999.0
61522,-9999.0
61523,-9999.0
61524,-9999.0
61525,-9999.0
61526,-9999.0
61527,-9999.0
61528,-9999.0
61529,-9999.0
61530,-9999.0
61531,-9999.0
61532,-9999.0
61533,-9999.0
61534,-9999.0
61535,-9999.0
61536,-9999.0
61537,-9999.0
61538,-9999.0
61539,-9999.0
61540,-9999.0
61541,-9999.0
61542,-9999.0
61543,-9999.0
61544,-9999.0
61545,-9999.0
61546,-9999.0
61547,-9999.0
61548,-9999.0
61549,-9999.0
61550,-9999.0
61551,-9999.0
61552,-9999.0
61553,-9999.0
61554,-9999.0
61555,-9999.0
61556,-9999.0
61557,-9999.0
61558,-9999.0
61559,-9999.0
61560,-9999.0
61561,-9999.0
61562,-9999.0
61563,-9999.0
61564,-9999.0
61565,-9999.0
61566,-9999.0
61567,-9999.0
61568,-9999.0
61569,-9999.0
61570,-9999.0
61571,-9999.0
61572,-9999.0
61573,-9999.0
61574,-9999.0
61575,-9999.0
61576,-9999.0
61577,-9999.0
61578,-9999.0
61579,-9999.0
61580,-9999.0
61581,-9999.0
61582,-9999.0
61583,-9999.0
61584,-9999.0
61585,-9999.0
61586,-9999.0
61587,-9999.0
61588,-9999.0
61589,-9999.0
61590,-9999.0
61591,-9999.0
61592,-9999.0
61593,-9999.0
61594,-9999.0
61595,-9999.0
61596,-9999.0
61597,-9999.0
61598,-9999.0
61599,-9999.0
61600,-9999.0
61601,-9999.0
61602,-9999.0
61603,-9999.0
61604,-9999.0
61605,-9999.0
61606,-9999.0
61607,-9999.0
61608,-9999.0
61609,-9999.0
61610,-9999.0
61611,-9999.0
61612,-9999.0
61613,-9999.0
61614,-9999.0
61615,-9999.0
61616,-9999.0
61617,-9999.0
61618,-9999.0
61619,-9999.0
61620,-9999.0
61621,-9999.0
61622,-9999.0
61623,-9999.0
61624,45.9
61625,45.9
61626,45.9
61627,45.2
61628,45.2
61629,45.2
61630,45.2
61631,46.8
61632,46.8
61633,46.8
61634,46.8
61635,47.4
61636,47.4
61637,47.4
61638,47.4
61639,48.0
61640,48.0
61641,48.0
61642,48.0
61643,48.0
61644,46.6
61645,46.6
61646,46.6
61647,46.1
61648,46.1
61649,46.1
61650,46.1
61651,44.2
61652,44.2
61653,44.2
61654,44.2
61655,45.7
61656,45.7
61657,45.7
61658,45.7
61659,46.0
61660,46.0
61661,46.0
61662,46.0
61663,45.9
61664,45.9
61665,45.9
61666,45.9
61667,47.7
61668,47.7
61669,47.7
61670,47.7
61671,46.0
61672,46.0
61673,46.0
61674,46.0
61675,46.0
61676,44.2
61677,44.2
61678,44.2
61679,44.2
61680,47.2
61681,47.2
61682,47.2
61683,45.0
61684,45.0
61685,45.0
61686,45.0
61687,45.0
61688,45.4
61689,45.4
61690,45.4
61691,42.4
61692,42.4
61693,42.4
61694,42.4
61695,41.7
61696,41.7
61697,41.7
61698,41.7
61699,41.7
61700,38.2
61701,38.2
61702,38.2
61703,38.5
61704,38.5
61705,38.5
61706,38.5
61707,36.7
61708,36.7
61709,36.7
61710,36.7
61711,-9999.0
61712,38.0
61713,38.0
61714,38.0
61715,-9999.0
61716,35.8
61717,35.8
61718,35.8
61719,36.9
61720,36.9
61721,36.9
61722,36.9
61723,37.3
61724,37.3
61725,37.3
61726,37.3
61727,-9999.0
61728,32.5
61729,32.5
61730,32.5
61731,33.5
61732,33.5
61733,33.5
61734,37.2
61735,37.2
61736,37.2
61737,-9999.0
61738,37.2
61739,34.3
61740,34.3
61741,34.3
61742,34.3
61743,33.3
61744,33.3
61745,33.3
61746,33.3
61747,31.6
61748,31.6
61749,31.6
61750,31.6
61751,31.9
61752,31.9
61753,31.9
61754,31.9
61755,33.4
61756,33.4
61757,33.4
61758,33.4
61759,33.5
61760,33.5
61761,33.5
61762,33.5
61763,-9999.0
61764,32.4
61765,32.4
61766,32.4
61767,32.4
61768,32.4
61769,32.4
61770,32.4
61771,-9999.0
61772,31.5
61773,31.5
61774,-9999.0
61775,32.6
61776,32.6
61777,32.6
61778,32.6
61779,33.0
61780,33.0
61781,33.0
61782,35.2
61783,35.2
61784,35.2
61785,35.2
61786,36.1
61787,36.1
61788,36.1
61789,36.1
61790,37.2
61791,37.2
61792,37.2
61793,37.2
61794,-9999.0
61795,35.5
61796,35.5
61797,35.5
61798,35.5
61799,36.2
61800,36.2
61801,36.2
61802,36.2
61803,38.7
61804,38.7
61805,38.7
61806,38.7
61807,36.2
61808,36.2
61809,36.2
61810,36.2
61811,36.7
61812,36.7
61813,36.7
61814,36.7
61815,38.9
61816,38.9
61817,38.9
61818,38.9
61819,35.7
61820,35.7
61821,35.7
61822,35.7
61823,32.5
61824,32.5
61825,32.5
61826,32.5
61827,29.5
61828,29.5
61829,29.5
61830,29.5
61831,28.9
61832,28.9
61833,28.9
61834,28.9
61835,29.1
61836,29.1
61837,29.1
61838,29.1
61839,30.6
61840,30.6
61841,30.6
61842,30.6
61843,30.6
61844,29.6
61845,29.6
61846,29.6
61847,31.6
61848,31.6
61849,31.6
61850,31.6
61851,33.0
61852,33.0
61853,33.0
61854,33.0
61855,33.6
61856,33.6
61857,33.6
61858,33.6
61859,33.6
61860,27.8
61861,27.8
61862,27.8
61863,28.5
61864,28.5
61865,28.5
61866,28.5
61867,28.5
61868,34.1
61869,34.1
61870,34.1
61871,33.7
61872,33.7
61873,33.7
61874,33.7
61875,33.7
61876,33.7
61877,33.7
61878,33.7
61879,34.9
61880,34.9
61881,34.9
61882,34.9
61883,34.8
61884,34.8
61885,34.8
61886,34.8
61887,33.4
61888,33.4
61889,33.4
61890,33.4
61891,32.4
61892,32.4
61893,32.4
61894,32.4
61895,35.5
61896,35.5
61897,35.5
61898,35.5
61899,38.6
61900,38.6
61901,38.6
61902,38.6
61903,39.9
61904,39.9
61905,39.9
61906,39.9
61907,36.8
61908,36.8
61909,36.8
61910,36.8
61911,35.6
61912,35.6
61913,35.6
61914,35.6
61915,35.6
61916,38.6
61917,38.6
61918,38.6
61919,38.6
61920,37.1
61921,37.1
61922,37.1
61923,34.5
61924,34.5
61925,34.5
61926,34.5
61927,38.9
61928,38.9
61929,38.9
61930,38.9
61931,40.8
61932,40.8
61933,40.8
61934,40.8
61935,38.8
61936,38.8
61937,38.8
61938,38.8
61939,36.6
61940,36.6
61941,36.6
61942,36.6
61943,35.0
61944,35.0
61945,35.0
61946,35.0
61947,36.1
61948,36.1
61949,36.1
61950,36.1
61951,37.5
61952,37.5
61953,37.5
61954,37.6
61955,37.6
61956,37.6
61957,37.6
61958,37.9
61959,37.9
61960,37.9
61961,37.9
61962,38.5
61963,38.5
61964,38.5
61965,38.5
61966,43.3
61967,43.3
61968,43.3
61969,43.3
61970,40.6
61971,40.6
61972,40.6
61973,40.6
61974,34.8
61975,34.8
61976,34.8
61977,34.8
61978,36.9
61979,36.9
61980,36.9
61981,36.9
61982,40.2
61983,40.2
61984,40.2
61985,40.2
61986,41.1
61987,41.1
61988,41.1
61989,41.1
61990,41.1
61991,44.4
61992,44.4
61993,44.4
61994,44.0
61995,44.0
61996,44.0
61997,44.0
61998,41.2
61999,41.2
62000,41.2
62001,41.2
62002,42.3
62003,42.3
62004,42.3
62005,42.3
62006,44.3
62007,44.3
62008,-9999.0
62009,44.3
62010,44.3
62011,43.7
62012,43.7
62013,43.7
62014,43.7
62015,44.3
62016,44.3
62017,44.3
62018,44.3
62019,43.1
62020,43.1
62021,43.1
62022,43.1
62023,43.1
62024,43.1
62025,43.1
62026,43.1
62027,43.1
62028,42.4
62029,42.4
62030,42.4
62031,41.0
62032,41.0
62033,41.0
62034,41.0
62035,42.1
62036,42.1
62037,42.1
62038,42.1
62039,46.8
62040,46.8
62041,46.8
62042,46.8
62043,45.3
62044,45.3
62045,45.3
62046,45.3
62047,40.7
62048,40.7
62049,40.7
62050,40.7
62051,41.7
62052,41.7
62053,41.7
62054,41.7
62055,41.8
62056,41.8
62057,41.8
62058,41.8
62059,41.4
62060,41.4
62061,41.4
62062,41.4
62063,41.4
62064,44.0
62065,44.0
62066,44.0
62067,45.1
62068,45.1
62069,45.1
62070,45.1
62071,46.1
62072,46.1
62073,46.1
62074,46.1
62075,42.5
62076,42.5
62077,42.5
62078,42.5
62079,43.5
62080,43.5
62081,43.5
62082,43.5
62083,-9999.0
62084,48.6
62085,48.6
62086,48.6
62087,48.7
62088,48.7
62089,48.7
62090,48.7
62091,48.5
62092,48.5
62093,48.5
62094,48.5
62095,50.1
62096,50.1
62097,50.1
62098,50.1
62099,47.5
62100,47.5
62101,47.5
62102,-9999.0
62103,42.4
62104,42.4
62105,42.4
62106,42.4
62107,43.3
62108,43.3
62109,43.3
62110,47.0
62111,-9999.0
62112,47.0
62113,47.0
62114,47.0
62115,47.8
62116,47.8
62117,47.8
62118,47.8
62119,46.9
62120,46.9
62121,46.9
62122,46.9
62123,47.4
62124,47.4
62125,47.4
62126,47.4
62127,47.4
62128,47.4
62129,47.4
62130,47.4
62131,44.6
62132,44.6
62133,44.6
62134,44.6
62135,47.7
62136,-9999.0
62137,47.7
62138,47.7
62139,48.5
62140,48.5
62141,48.5
62142,47.0
62143,47.0
62144,47.0
62145,47.0
62146,45.4
62147,45.4
62148,45.4
62149,45.4
62150,-9999.0
62151,44.9
62152,44.9
62153,44.9
62154,44.9
62155,46.6
62156,46.6
62157,46.6
62158,46.6
62159,46.8
62160,46.8
62161,46.8
62162,47.7
62163,47.7
62164,47.7
62165,-9999.0
62166,47.7
62167,47.2
62168,47.2
62169,47.2
62170,47.2
62171,47.3
62172,47.3
62173,47.3
62174,47.3
62175,47.3
62176,48.3
62177,48.3
62178,48.3
62179,46.7
62180,46.7
62181,46.7
62182,46.7
62183,46.7
62184,40.8
62185,40.8
62186,40.8
62187,42.0
62188,42.0
62189,42.0
62190,42.0
62191,47.4
62192,47.4
62193,47.4
62194,47.4
62195,50.9
62196,50.9
62197,50.9
62198,50.9
62199,52.6
62200,52.6
62201,52.6
62202,52.6
62203,47.8
62204,47.8
62205,47.8
62206,47.8
62207,47.3
62208,47.3
62209,47.3
62210,47.3
62211,46.9
62212,46.9
62213,46.9
62214,46.9
62215,47.8
62216,47.8
62217,47.8
62218,47.8
62219,48.6
62220,48.6
62221,48.6
62222,48.6
62223,48.3
62224,48.3
62225,48.3
62226,48.3
62227,48.1
62228,48.1
62229,48.1
62230,48.1
62231,47.9
62232,47.9
62233,47.9
62234,47.9
62235,47.5
62236,47.5
62237,47.5
62238,47.5
62239,47.5
62240,46.5
62241,46.5
62242,46.5
62243,47.5
62244,47.5
62245,47.5
62246,47.5
62247,48.1
62248,48.1
62249,48.1
62250,48.1
62251,-9999.0
62252,47.9
62253,47.9
62254,47.9
62255,48.0
62256,48.0
62257,48.0
62258,48.0
62259,49.8
62260,49.8
62261,49.8
62262,49.8
62263,49.3
62264,49.3
62265,49.3
62266,49.3
62267,46.6
62268,46.6
62269,46.6
62270,46.6
62271,46.6
62272,46.1
62273,46.1
62274,46.1
62275,49.0
62276,49.0
62277,49.0
62278,49.0
62279,49.1
62280,49.1
62281,49.1
62282,49.1
62283,47.4
62284,47.4
62285,47.4
62286,47.4
62287,45.4
62288,45.4
62289,45.4
62290,45.4
62291,45.4
62292,45.3
62293,45.3
62294,45.3
62295,45.3
62296,48.1
62297,48.1
62298,48.1
62299,44.3
62300,44.3
62301,44.3
62302,44.3
62303,42.9
62304,42.9
62305,42.9
62306,42.9
62307,46.8
62308,46.8
62309,46.8
62310,46.8
62311,45.5
62312,45.5
62313,45.5
62314,45.5
62315,47.3
62316,47.3
62317,47.3
62318,47.3
62319,46.7
62320,46.7
62321,46.7
62322,46.7
62323,47.7
62324,47.7
62325,47.7
62326,47.7
62327,48.8
62328,48.8
62329,48.8
62330,48.8
62331,47.5
62332,47.5
62333,47.5
62334,47.5
62335,48.2
62336,48.2
62337,48.2
62338,48.2
62339,48.2
62340,46.6
62341,46.6
62342,46.6
62343,44.3
62344,44.3
62345,44.3
62346,44.3
62347,43.2
62348,43.2
62349,43.2
62350,43.2
62351,43.6
62352,43.6
62353,43.6
62354,43.6
62355,47.4
62356,47.4
62357,47.4
62358,47.4
62359,43.9
62360,43.9
62361,43.9
62362,43.9
62363,42.8
62364,42.8
62365,42.8
62366,42.8
62367,45.2
62368,45.2
62369,45.2
62370,45.2
62371,47.6
62372,-9999.0
62373,47.6
62374,47.6
62375,45.5
62376,45.5
62377,45.5
62378,45.5
62379,43.0
62380,43.0
62381,43.0
62382,43.0
62383,43.4
62384,43.4
62385,43.4
62386,-9999.0
62387,45.8
62388,45.8
62389,45.8
62390,45.8
62391,45.6
62392,45.6
62393,45.6
62394,45.6
62395,45.0
62396,45.0
62397,45.0
62398,44.6
62399,44.6
62400,44.6
62401,44.6
62402,47.4
62403,47.4
62404,47.4
62405,47.4
62406,47.4
62407,46.0
62408,46.0
62409,-9999.0
62410,46.0
62411,44.8
62412,44.8
62413,44.8
62414,44.8
62415,45.0
62416,45.0
62417,45.0
62418,45.0
62419,46.0
62420,46.0
62421,-9999.0
62422,46.0
62423,41.1
62424,41.1
62425,41.1
62426,41.1
62427,38.7
62428,38.7
62429,38.7
62430,38.7
62431,-9999.0
62432,42.3
62433,42.3
62434,42.6
62435,42.6
62436,42.6
62437,42.6
62438,-9999.0
62439,41.7
62440,41.7
62441,41.7
62442,41.7
62443,40.3
62444,40.3
62445,40.3
62446,40.3
62447,38.2
62448,38.2
62449,38.2
62450,41.6
62451,-9999.0
62452,41.6
62453,41.6
62454,41.6
62455,42.2
62456,42.2
62457,42.2
62458,42.2
62459,39.0
62460,39.0
62461,39.0
62462,39.0
62463,38.1
62464,38.1
62465,38.1
62466,38.1
62467,38.1
62468,44.4
62469,44.4
62470,44.4
62471,45.0
62472,45.0
62473,45.0
62474,45.0
62475,45.1
62476,45.1
62477,45.1
62478,45.1
62479,45.1
62480,43.1
62481,43.1
62482,43.1
62483,43.6
62484,43.6
62485,43.6
62486,43.6
62487,43.6
62488,42.1
62489,42.1
62490,42.1
62491,42.1
62492,42.1
62493,42.1
62494,41.5
62495,41.5
62496,41.5
62497,41.5
62498,46.9
62499,46.9
62500,46.9
62501,46.9
62502,45.9
62503,45.9
62504,45.9
62505,45.9
62506,43.6
62507,43.6
62508,43.6
62509,43.6
62510,44.9
62511,44.9
62512,44.9
62513,44.9
62514,44.9
62515,47.6
62516,47.6
62517,47.6
62518,47.8
62519,47.8
62520,47.8
62521,47.8
62522,47.8
62523,47.8
62524,47.8
62525,47.8
62526,47.8
62527,43.1
62528,43.1
62529,43.1
62530,41.2
62531,41.2
62532,41.2
62533,41.2
62534,40.8
62535,40.8
62536,40.8
62537,40.8
62538,44.3
62539,44.3
62540,44.3
62541,44.3
62542,44.3
62543,42.6
62544,42.6
62545,42.6
62546,42.6
62547,-9999.0
62548,43.7
62549,43.7
62550,43.7
62551,43.1
62552,43.1
62553,43.1
62554,43.1
62555,42.2
62556,42.2
62557,42.2
62558,42.2
62559,42.2
62560,43.1
62561,43.1
62562,43.1
62563,44.5
62564,44.5
62565,44.5
62566,44.5
62567,44.6
62568,44.6
62569,44.6
62570,44.6
62571,45.3
62572,45.3
62573,45.3
62574,45.3
62575,45.3
62576,43.8
62577,43.8
62578,43.8
62579,44.6
62580,44.6
62581,44.6
62582,44.6
62583,46.2
62584,46.2
62585,46.2
62586,46.2
62587,44.9
62588,44.9
62589,44.9
62590,44.9
62591,43.7
62592,43.7
62593,43.7
62594,43.7
62595,50.5
62596,50.5
62597,50.5
62598,50.5
62599,44.2
62600,44.2
62601,44.2
62602,44.2
62603,40.3
62604,40.3
62605,40.3
62606,40.3
62607,40.3
62608,45.4
62609,45.4
62610,45.4
62611,-9999.0
62612,50.8
62613,50.8
62614,50.8
62615,47.7
62616,47.7
62617,47.7
62618,47.7
62619,43.9
62620,43.9
62621,43.9
62622,43.9
62623,47.2
62624,47.2
62625,47.2
62626,47.2
62627,50.5
62628,50.5
62629,50.5
62630,50.5
62631,50.5
62632,49.5
62633,49.5
62634,49.5
62635,50.6
62636,50.6
62637,50.6
62638,50.6
62639,48.6
62640,48.6
62641,48.6
62642,48.6
62643,46.0
62644,46.0
62645,46.0
62646,46.0
62647,43.0
62648,43.0
62649,43.0
62650,43.0
62651,45.0
62652,45.0
62653,45.0
62654,45.0
62655,45.1
62656,45.1
62657,45.1
62658,45.1
62659,43.6
62660,43.6
62661,43.6
62662,43.6
62663,43.6
62664,43.6
62665,43.6
62666,43.6
62667,43.6
62668,46.8
62669,46.8
62670,46.8
62671,44.9
62672,44.9
62673,44.9
62674,43.0
62675,43.0
62676,43.0
62677,43.0
62678,43.0
62679,46.3
62680,46.3
62681,46.3
62682,45.6
62683,45.6
62684,45.6
62685,45.6
62686,45.6
62687,45.1
62688,45.1
62689,45.1
62690,47.4
62691,47.4
62692,47.4
62693,47.4
62694,47.4
62695,47.4
62696,47.4
62697,47.4
62698,45.5
62699,45.5
62700,45.5
62701,45.5
62702,42.4
62703,42.4
62704,42.4
62705,42.4
62706,43.3
62707,43.3
62708,43.3
62709,43.3
62710,42.7
62711,42.7
62712,42.7
62713,42.7
62714,43.2
62715,43.2
62716,43.2
62717,43.2
62718,43.2
62719,42.7
62720,42.7
62721,42.7
62722,43.6
62723,43.6
62724,43.6
62725,43.6
62726,44.0
62727,44.0
62728,44.0
62729,44.0
62730,41.1
62731,41.1
62732,41.1
62733,41.1
62734,40.0
62735,40.0
62736,40.0
62737,40.0
62738,45.6
62739,45.6
62740,45.6
62741,45.6
62742,44.0
62743,44.0
62744,44.0
62745,44.0
62746,44.4
62747,44.4
62748,44.4
62749,44.4
62750,46.9
62751,46.9
62752,46.9
62753,46.9
62754,46.5
62755,46.5
62756,46.5
62757,46.5
62758,46.5
62759,43.2
62760,43.2
62761,43.2
62762,44.9
62763,44.9
62764,44.9
62765,44.9
62766,42.4
62767,42.4
62768,42.4
62769,42.4
62770,42.9
62771,42.9
62772,42.9
62773,42.9
62774,44.8
62775,44.8
62776,44.8
62777,44.8
62778,46.7
62779,46.7
62780,46.7
62781,46.7
62782,46.7
62783,46.7
62784,46.7
62785,46.7
62786,44.9
62787,44.9
62788,44.9
62789,-9999.0
62790,44.9
62791,43.9
62792,43.9
62793,43.9
62794,43.4
62795,43.4
62796,43.4
62797,43.4
62798,42.3
62799,42.3
62800,42.3
62801,42.3
62802,45.2
62803,45.2
62804,45.2
62805,45.2
62806,-9999.0
62807,44.8
62808,44.8
62809,44.8
62810,44.8
62811,46.4
62812,46.4
62813,46.4
62814,46.0
62815,46.0
62816,46.0
62817,-9999.0
62818,46.0
62819,45.4
62820,45.4
62821,45.4
62822,45.4
62823,45.1
62824,45.1
62825,45.1
62826,45.1
62827,44.6
62828,44.6
62829,44.6
62830,44.6
62831,-9999.0
62832,44.2
62833,44.2
62834,44.2
62835,44.6
62836,44.6
62837,44.6
62838,44.6
62839,44.7
62840,44.7
62841,44.7
62842,44.7
62843,45.1
62844,45.1
62845,45.1
62846,-9999.0
62847,44.7
62848,44.7
62849,44.7
62850,44.7
62851,-9999.0
62852,44.6
62853,44.6
62854,44.6
62855,41.0
62856,41.0
62857,41.0
62858,41.0
62859,38.9
62860,38.9
62861,38.9
62862,38.9
62863,-9999.0
62864,35.7
62865,35.7
62866,35.7
62867,36.7
62868,36.7
62869,36.7
62870,36.7
62871,38.4
62872,38.4
62873,38.4
62874,38.4
62875,41.4
62876,41.4
62877,41.4
62878,41.4
62879,41.8
62880,41.8
62881,41.8
62882,41.8
62883,40.9
62884,40.9
62885,40.9
62886,40.9
62887,39.4
62888,39.3
62889,39.3
62890,39.3
62891,39.3
62892,38.5
62893,38.5
62894,38.5
62895,35.3
62896,35.3
62897,35.3
62898,35.3
62899,35.3
62900,39.1
62901,39.1
62902,39.1
62903,39.1
62904,41.4
62905,41.4
62906,41.4
62907,43.3
62908,43.3
62909,43.3
62910,43.3
62911,44.1
62912,44.1
62913,44.1
62914,44.1
62915,45.0
62916,45.0
62917,45.0
62918,45.0
62919,41.5
62920,41.5
62921,41.5
62922,41.5
62923,37.4
62924,37.4
62925,37.4
62926,37.4
62927,35.9
62928,35.9
62929,35.9
62930,35.9
62931,35.9
62932,38.9
62933,38.9
62934,38.9
62935,36.7
62936,36.7
62937,36.7
62938,36.7
62939,36.7
62940,38.6
62941,38.6
62942,38.6
62943,38.6
62944,39.5
62945,39.5
62946,39.5
62947,39.5
62948,38.5
62949,38.5
62950,38.5
62951,36.8
62952,36.8
62953,36.8
62954,36.8
62955,39.0
62956,39.0
62957,39.0
62958,39.0
62959,39.0
62960,40.3
62961,40.3
62962,40.3
62963,41.9
62964,41.9
62965,41.9
62966,41.9
62967,41.3
62968,41.3
62969,41.3
62970,41.3
62971,41.3
62972,41.3
62973,41.3
62974,41.3
62975,38.4
62976,38.4
62977,38.4
62978,38.4
62979,40.4
62980,40.4
62981,40.4
62982,40.4
62983,40.4
62984,41.8
62985,41.8
62986,41.8
62987,41.3
62988,41.3
62989,41.3
62990,41.3
62991,38.5
62992,38.5
62993,38.5
62994,38.5
62995,41.3
62996,41.3
62997,41.3
62998,41.3
62999,41.3
63000,41.3
63001,41.3
63002,41.3
63003,41.3
63004,41.3
63005,41.3
63006,41.3
63007,39.5
63008,39.5
63009,39.5
63010,39.5
63011,39.5
63012,39.5
63013,39.5
63014,39.5
63015,39.0
63016,39.0
63017,39.0
63018,39.0
63019,40.3
63020,40.3
63021,40.3
63022,40.3
63023,41.3
63024,41.3
63025,41.3
63026,41.3
63027,41.8
63028,41.8
63029,41.8
63030,41.8
63031,38.1
63032,38.1
63033,38.1
63034,39.0
63035,39.0
63036,39.0
63037,39.0
63038,36.7
63039,36.7
63040,36.7
63041,36.7
63042,37.6
63043,37.6
63044,37.6
63045,37.6
63046,38.0
63047,38.0
63048,38.0
63049,38.0
63050,39.0
63051,39.0
63052,39.0
63053,39.0
63054,39.0
63055,39.4
63056,39.4
63057,39.4
63058,39.4
63059,42.7
63060,42.7
63061,42.7
63062,41.8
63063,41.8
63064,41.8
63065,41.8
63066,40.9
63067,40.9
63068,40.9
63069,40.9
63070,41.8
63071,41.8
63072,41.8
63073,41.8
63074,42.6
63075,42.6
63076,42.6
63077,42.6
63078,42.6
63079,42.2
63080,42.2
63081,42.2
63082,46.6
63083,46.6
63084,46.6
63085,46.6
63086,46.6
63087,42.8
63088,-9999.0
63089,42.8
63090,42.8
63091,37.5
63092,37.5
63093,37.5
63094,37.5
63095,33.4
63096,33.4
63097,33.4
63098,33.4
63099,33.4
63100,37.1
63101,37.1
63102,37.1
63103,37.1
63104,38.5
63105,38.5
63106,38.5
63107,40.0
63108,40.0
63109,40.0
63110,40.0
63111,40.0
63112,40.8
63113,40.8
63114,40.8
63115,43.6
63116,43.6
63117,43.6
63118,43.6
63119,40.9
63120,40.9
63121,40.9
63122,40.9
63123,38.4
63124,38.4
63125,38.4
63126,38.4
63127,37.1
63128,37.1
63129,37.1
63130,37.1
63131,39.0
63132,39.0
63133,39.0
63134,39.0
63135,40.2
63136,40.2
63137,40.2
63138,40.2
63139,40.8
63140,40.8
63141,40.8
63142,40.8
63143,40.8
63144,37.1
63145,37.1
63146,37.1
63147,38.0
63148,38.0
63149,38.0
63150,38.0
63151,37.6
63152,37.6
63153,37.6
63154,37.6
63155,39.0
63156,39.0
63157,39.0
63158,39.0
63159,38.0
63160,38.0
63161,38.0
63162,-9999.0
63163,38.9
63164,38.9
63165,38.9
63166,38.9
63167,37.6
63168,37.6
63169,37.6
63170,37.6
63171,38.0
63172,38.0
63173,38.0
63174,38.0
63175,38.0
63176,38.0
63177,38.0
63178,38.0
63179,-9999.0
63180,39.4
63181,39.4
63182,39.4
63183,38.1
63184,38.1
63185,38.1
63186,38.1
63187,38.1
63188,38.1
63189,38.1
63190,38.1
63191,36.7
63192,36.7
63193,36.7
63194,36.7
63195,37.6
63196,37.6
63197,37.6
63198,37.6
63199,37.5
63200,37.5
63201,37.5
63202,37.5
63203,39.0
63204,39.0
63205,39.0
63206,39.0
63207,37.2
63208,37.2
63209,37.2
63210,37.2
63211,37.2
63212,38.5
63213,38.5
63214,38.5
63215,38.0
63216,38.0
63217,-9999.0
63218,38.0
63219,38.4
63220,38.4
63221,38.4
63222,38.4
63223,36.6
63224,36.6
63225,36.6
63226,36.6
63227,38.1
63228,38.1
63229,38.1
63230,38.1
63231,37.6
63232,37.6
63233,37.6
63234,37.6
63235,37.6
63236,38.4
63237,38.4
63238,38.4
63239,38.0
63240,38.0
63241,38.0
63242,38.0
63243,38.0
63244,39.4
63245,39.4
63246,39.4
63247,37.6
63248,37.6
63249,37.6
63250,37.6
63251,38.9
63252,38.9
63253,38.9
63254,38.9
63255,38.5
63256,38.5
63257,38.5
63258,38.5
63259,40.3
63260,40.3
63261,40.3
63262,40.3
63263,37.7
63264,37.7
63265,37.7
63266,37.7
63267,38.5
63268,38.5
63269,38.5
63270,38.5
63271,38.1
63272,-9999.0
63273,-9999.0
63274,-9999.0
63275,-9999.0
63276,-9999.0
63277,-9999.0
63278,-9999.0
63279,-9999.0
63280,-9999.0
63281,-9999.0
63282,-9999.0
63283,-9999.0
63284,-9999.0
63285,-9999.0
63286,-9999.0
63287,-9999.0
63288,-9999.0
63289,-9999.0
63290,-9999.0
63291,-9999.0
63292,-9999.0
63293,-9999.0
63294,-9999.0
63295,-9999.0
63296,-9999.0
63297,-9999.0
63298,-9999.0
63299,-9999.0
63300,-9999.0
63301,-9999.0
63302,-9999.0
63303,-9999.0
63304,-9999.0
63305,-9999.0
63306,-9999.0
63307,-9999.0
63308,-9999.0
63309,-9999.0
63310,-9999.0
63311,-9999.0
63312,-9999.0
63313,-9999.0
63314,-9999.0
63315,-9999.0
63316,-9999.0
63317,-9999.0
63318,-9999.0
63319,-9999.0
63320,-9999.0
63321,-9999.0
63322,-9999.0
63323,-9999.0
63324,-9999.0
63325,-9999.0
63326,-9999.0
63327,-9999.0
63328,-9999.0
63329,-9999.0
63330,-9999.0
63331,-9999.0
63332,-9999.0
63333,-9999.0
63334,-9999.0
63335,-9999.0
63336,-9999.0
63337,-9999.0
63338,-9999.0
63339,-9999.0
63340,-9999.0
63341,-9999.0
63342,-9999.0
63343,-9999.0
63344,-9999.0
63345,-9999.0
63346,-9999.0
63347,-9999.0
63348,-9999.0
63349,-9999.0
63350,-9999.0
63351,-9999.0
63352,-9999.0
63353,-9999.0
63354,-9999.0
63355,-9999.0
63356,-9999.0
63357,-9999.0
63358,-9999.0
63359,-9999.0
63360,-9999.0
63361,-9999.0
63362,-9999.0
63363,-9999.0
63364,-9999.0
63365,-9999.0
63366,-9999.0
63367,-9999.0
63368,-9999.0
63369,-9999.0
63370,-9999.0
63371,-9999.0
63372,-9999.0
63373,-9999.0
63374,-9999.0
63375,-9999.0
63376,-9999.0
63377,-9999.0
63378,-9999.0
63379,-9999.0
63380,-9999.0
63381,-9999.0
63382,-9999.0
63383,-9999.0
63384,-9999.0
63385,-9999.0
63386,-9999.0
63387,-9999.0
63388,-9999.0
63389,-9999.0
63390,-9999.0
63391,-9999.0
63392,-9999.0
63393,-9999.0
63394,-9999.0
63395,-9999.0
63396,-9999.0
63397,-9999.0
63398,-9999.0
63399,-9999.0
63400,-9999.0
63401,-9999.0
63402,-9999.0
63403,-9999.0
63404,-9999.0
63405,-9999.0
63406,-9999.0
63407,-9999.0
63408,-9999.0
63409,-9999.0
63410,-9999.0
63411,-9999.0
63412,-9999.0
63413,-9999.0
63414,-9999.0
63415,-9999.0
63416,-9999.0
63417,-9999.0
63418,-9999.0
63419,-9999.0
63420,-9999.0
63421,-9999.0
63422,-9999.0
63423,-9999.0
63424,-9999.0
63425,-9999.0
63426,-9999.0
63427,-9999.0
63428,-9999.0
63429,-9999.0
63430,-9999.0
63431,-9999.0
63432,-9999.0
63433,-9999.0
63434,-9999.0
63435,-9999.0
63436,-9999.0
63437,-9999.0
63438,-9999.0
63439,-9999.0
63440,-9999.0
63441,-9999.0
63442,-9999.0
63443,-9999.0
63444,-9999.0
63445,-9999.0
63446,-9999.0
63447,-9999.0
63448,-9999.0
63449,-9999.0
63450,-9999.0
63451,-9999.0
63452,-9999.0
63453,-9999.0
63454,-9999.0
63455,-9999.0
63456,-9999.0
63457,-9999.0
63458,-9999.0
63459,-9999.0
63460,-9999.0
63461,-9999.0
63462,-9999.0
63463,-9999.0
63464,-9999.0
63465,-9999.0
63466,-9999.0
63467,-9999.0
63468,-9999.0
63469,-9999.0
63470,-9999.0
63471,-9999.0
63472,-9999.0
63473,-9999.0
63474,-9999.0
63475,-9999.0
63476,-9999.0
63477,-9999.0
63478,-9999.0
63479,-9999.0
63480,-9999.0
63481,-9999.0
63482,-9999.0
63483,-9999.0
63484,-9999.0
63485,-9999.0
63486,-9999.0
63487,-9999.0
63488,-9999.0
63489,-9999.0
63490,-9999.0
63491,-9999.0
63492,-9999.0
63493,-9999.0
63494,-9999.0
63495,-9999.0
63496,-9999.0
63497,-9999.0
63498,-9999.0
63499,-9999.0
63500,-9999.0
63501,-9999.0
63502,-9999.0
63503,-9999.0
63504,-9999.0
63505,-9999.0
63506,-9999.0
63507,-9999.0
63508,-9999.0
63509,-9999.0
63510,-9999.0
63511,-9999.0
63512,-9999.0
63513,-9999.0
63514,-9999.0
63515,-9999.0
63516,-9999.0
63517,-9999.0
63518,-9999.0
63519,-9999.0
63520,-9999.0
63521,-9999.0
63522,-9999.0
63523,-9999.0
63524,-9999.0
63525,-9999.0
63526,-9999.0
63527,-9999.0
63528,-9999.0
63529,-9999.0
63530,-9999.0
63531,-9999.0
63532,-9999.0
63533,-9999.0
63534,-9999.0
63535,-9999.0
63536,-9999.0
63537,-9999.0
63538,-9999.0
63539,-9999.0
63540,-9999.0
63541,-9999.0
63542,-9999.0
63543,-9999.0
63544,-9999.0
63545,-9999.0
63546,-9999.0
63547,-9999.0
63548,-9999.0
63549,-9999.0
63550,-9999.0
63551,-9999.0
63552,-9999.0
63553,-9999.0
63554,-9999.0
63555,-9999.0
63556,-9999.0
63557,-9999.0
63558,-9999.0
63559,-9999.0
63560,-9999.0
63561,-9999.0
63562,-9999.0
63563,-9999.0
63564,-9999.0
63565,-9999.0
63566,-9999.0
63567,-9999.0
63568,-9999.0
63569,-9999.0
63570,-9999.0
63571,-9999.0
63572,-9999.0
63573,-9999.0
63574,-9999.0
63575,-9999.0
63576,-9999.0
63577,-9999.0
63578,-9999.0
63579,-9999.0
63580,-9999.0
63581,-9999.0
63582,-9999.0
63583,-9999.0
63584,-9999.0
63585,-9999.0
63586,-9999.0
63587,-9999.0
63588,-9999.0
63589,-9999.0
63590,-9999.0
63591,-9999.0
63592,-9999.0
63593,-9999.0
63594,-9999.0
63595,-9999.0
63596,-9999.0
63597,-9999.0
63598,-9999.0
63599,-9999.0
63600,-9999.0
63601,-9999.0
63602,-9999.0
63603,-9999.0
63604,-9999.0
63605,-9999.0
63606,-9999.0
63607,-9999.0
63608,-9999.0
63609,-9999.0
63610,-9999.0
63611,-9999.0
63612,-9999.0
63613,-9999.0
63614,-9999.0
63615,-9999.0
63616,-9999.0
63617,-9999.0
63618,-9999.0
63619,-9999.0
63620,-9999.0
63621,-9999.0
63622,-9999.0
63623,-9999.0
63624,-9999.0
63625,-9999.0
63626,-9999.0
63627,-9999.0
63628,-9999.0
63629,-9999.0
63630,-9999.0
63631,-9999.0
63632,-9999.0
63633,-9999.0
63634,-9999.0
63635,-9999.0
63636,-9999.0
63637,-9999.0
63638,-9999.0
63639,-9999.0
63640,-9999.0
63641,-9999.0
63642,-9999.0
63643,-9999.0
63644,-9999.0
63645,-9999.0
63646,-9999.0
63647,-9999.0
63648,-9999.0
63649,-9999.0
63650,-9999.0
63651,-9999.0
63652,-9999.0
63653,-9999.0
63654,-9999.0
63655,-9999.0
63656,-9999.0
63657,-9999.0
63658,-9999.0
63659,-9999.0
63660,-9999.0
63661,-9999.0
63662,-9999.0
63663,-9999.0
63664,-9999.0
63665,-9999.0
63666,-9999.0
63667,-9999.0
63668,-9999.0
63669,-9999.0
63670,-9999.0
63671,-9999.0
63672,-9999.0
63673,-9999.0
63674,-9999.0
63675,-9999.0
63676,-9999.0
63677,-9999.0
63678,-9999.0
63679,-9999.0
63680,-9999.0
63681,-9999.0
63682,-9999.0
63683,-9999.0
63684,-9999.0
63685,-9999.0
63686,-9999.0
63687,-9999.0
63688,-9999.0
63689,-9999.0
63690,-9999.0
63691,-9999.0
63692,-9999.0
63693,-9999.0
63694,-9999.0
63695,-9999.0
63696,-9999.0
63697,-9999.0
63698,-9999.0
63699,-9999.0
63700,-9999.0
63701,-9999.0
63702,-9999.0
63703,-9999.0
63704,-9999.0
63705,-9999.0
63706,-9999.0
63707,-9999.0
63708,-9999.0
63709,-9999.0
63710,-9999.0
63711,-9999.0
63712,-9999.0
63713,-9999.0
63714,-9999.0
63715,-9999.0
63716,-9999.0
63717,-9999.0
63718,-9999.0
63719,-9999.0
63720,-9999.0
63721,-9999.0
63722,-9999.0
63723,-9999.0
63724,-9999.0
63725,-9999.0
63726,-9999.0
63727,-9999.0
63728,-9999.0
63729,-9999.0
63730,-9999.0
63731,-9999.0
63732,-9999.0
63733,-9999.0
63734,-9999.0
63735,-9999.0
63736,-9999.0
63737,-9999.0
63738,-9999.0
63739,-9999.0
63740,-9999.0
63741,-9999.0
63742,-9999.0
63743,-9999.0
63744,-9999.0
63745,-9999.0
63746,-9999.0
63747,-9999.0
63748,-9999.0
63749,-9999.0
63750,-9999.0
63751,-9999.0
63752,-9999.0
63753,-9999.0
63754,-9999.0
63755,-9999.0
63756,-9999.0
63757,-9999.0
63758,-9999.0
63759,-9999.0
63760,-9999.0
63761,-9999.0
63762,-9999.0
63763,-9999.0
63764,-9999.0
63765,-9999.0
63766,-9999.0
63767,-9999.0
63768,-9999.0
63769,-9999.0
63770,-9999.0
63771,-9999.0
63772,-9999.0
63773,-9999.0
63774,-9999.0
63775,-9999.0
63776,-9999.0
63777,-9999.0
63778,-9999.0
63779,-9999.0
63780,-9999.0
63781,-9999.0
63782,-9999.0
63783,-9999.0
63784,-9999.0
63785,-9999.0
63786,-9999.0
63787,-9999.0
63788,-9999.0
63789,-9999.0
63790,-9999.0
63791,-9999.0
63792,-9999.0
63793,-9999.0
63794,-9999.0
63795,-9999.0
63796,-9999.0
63797,-9999.0
63798,-9999.0
63799,-9999.0
63800,-9999.0
63801,-9999.0
63802,-9999.0
63803,-9999.0
63804,-9999.0
63805,-9999.0
63806,-9999.0
63807,-9999.0
63808,-9999.0
63809,-9999.0
63810,-9999.0
63811,-9999.0
63812,-9999.0
63813,-9999.0
63814,-9999.0
63815,-9999.0
63816,-9999.0
63817,-9999.0
63818,-9999.0
63819,-9999.0
63820,-9999.0
63821,-9999.0
63822,-9999.0
63823,-9999.0
63824,-9999.0
63825,-9999.0
63826,-9999.0
63827,-9999.0
63828,-9999.0
63829,-9999.0
63830,-9999.0
63831,-9999.0
63832,-9999.0
63833,-9999.0
63834,-9999.0
63835,-9999.0
63836,-9999.0
63837,-9999.0
63838,-9999.0
63839,-9999.0
63840,-9999.0
63841,-9999.0
63842,-9999.0
63843,-9999.0
63844,-9999.0
63845,-9999.0
63846,-9999.0
63847,-9999.0
63848,-9999.0
63849,-9999.0
63850,-9999.0
63851,-9999.0
63852,-9999.0
63853,-9999.0
63854,-9999.0
63855,-9999.0
63856,-9999.0
63857,-9999.0
63858,-9999.0
63859,-9999.0
63860,-9999.0
63861,-9999.0
63862,-9999.0
63863,-9999.0
63864,-9999.0
63865,-9999.0
63866,-9999.0
63867,-9999.0
63868,-9999.0
63869,-9999.0
63870,-9999.0
63871,-9999.0
63872,-9999.0
63873,-9999.0
63874,-9999.0
63875,-9999.0
63876,-9999.0
63877,-9999.0
63878,-9999.0
63879,-9999.0
63880,-9999.0
63881,-9999.0
63882,-9999.0
63883,-9999.0
63884,-9999.0
63885,-9999.0
63886,-9999.0
63887,-9999.0
63888,-9999.0
63889,-9999.0
63890,-9999.0
63891,-9999.0
63892,-9999.0
63893,-9999.0
63894,-9999.0
63895,-9999.0
63896,-9999.0
63897,-9999.0
63898,-9999.0
63899,-9999.0
63900,-9999.0
63901,-9999.0
63902,-9999.0
63903,-9999.0
63904,-9999.0
63905,-9999.0
63906,-9999.0
63907,-9999.0
63908,-9999.0
63909,-9999.0
63910,-9999.0
63911,-9999.0
63912,-9999.0
63913,-9999.0
63914,-9999.0
63915,-9999.0
63916,-9999.0
63917,-9999.0
63918,-9999.0
63919,-9999.0
63920,-9999.0
63921,-9999.0
63922,-9999.0
63923,-9999.0
63924,-9999.0
63925,-9999.0
63926,-9999.0
63927,-9999.0
63928,-9999.0
63929,-9999.0
63930,-9999.0
63931,-9999.0
63932,-9999.0
63933,-9999.0
63934,-9999.0
63935,-9999.0
63936,-9999.0
63937,-9999.0
63938,-9999.0
63939,-9999.0
63940,-9999.0
63941,-9999.0
63942,-9999.0
63943,-9999.0
63944,-9999.0
63945,-9999.0
63946,-9999.0
63947,-9999.0
63948,-9999.0
63949,-9999.0
63950,-9999.0
63951,-9999.0
63952,-9999.0
63953,-9999.0
63954,-9999.0
63955,-9999.0
63956,-9999.0
63957,-9999.0
63958,-9999.0
63959,-9999.0
63960,-9999.0
63961,-9999.0
63962,-9999.0
63963,-9999.0
63964,-9999.0
63965,-9999.0
63966,-9999.0
63967,-9999.0
63968,-9999.0
63969,-9999.0
63970,-9999.0
63971,-9999.0
63972,-9999.0
63973,-9999.0
63974,-9999.0
63975,-9999.0
63976,-9999.0
63977,-9999.0
63978,-9999.0
63979,-9999.0
63980,-9999.0
63981,-9999.0
63982,-9999.0
63983,-9999.0
63984,-9999.0
63985,-9999.0
63986,-9999.0
63987,-9999.0
63988,-9999.0
63989,-9999.0
63990,-9999.0
63991,-9999.0
63992,-9999.0
63993,-9999.0
63994,-9999.0
63995,-9999.0
63996,-9999.0
63997,-9999.0
63998,-9999.0
63999,-9999.0
64000,-9999.0
64001,-9999.0
64002,-9999.0
64003,-9999.0
64004,-9999.0
64005,-9999.0
64006,-9999.0
64007,-9999.0
64008,-9999.0
64009,-9999.0
64010,-9999.0
64011,-9999.0
64012,-9999.0
64013,-9999.0
64014,-9999.0
64015,-9999.0
64016,-9999.0
64017,-9999.0
64018,-9999.0
64019,-9999.0
64020,-9999.0
64021,-9999.0
64022,-9999.0
64023,-9999.0
64024,-9999.0
64025,-9999.0
64026,-9999.0
64027,-9999.0
64028,-9999.0
64029,-9999.0
64030,-9999.0
64031,-9999.0
64032,-9999.0
64033,-9999.0
64034,-9999.0
64035,-9999.0
64036,-9999.0
64037,-9999.0
64038,-9999.0
64039,-9999.0
64040,-9999.0
64041,-9999.0
64042,-9999.0
64043,-9999.0
64044,-9999.0
64045,-9999.0
64046,-9999.0
64047,-9999.0
64048,-9999.0
64049,-9999.0
64050,-9999.0
64051,-9999.0
64052,-9999.0
64053,-9999.0
64054,-9999.0
64055,-9999.0
64056,-9999.0
64057,-9999.0
64058,-9999.0
64059,-9999.0
64060,-9999.0
64061,-9999.0
64062,-9999.0
64063,-9999.0
64064,-9999.0
64065,-9999.0
64066,-9999.0
64067,-9999.0
64068,-9999.0
64069,-9999.0
64070,-9999.0
64071,-9999.0
64072,-9999.0
64073,-9999.0
64074,-9999.0
64075,-9999.0
64076,-9999.0
64077,-9999.0
64078,-9999.0
64079,-9999.0
64080,-9999.0
64081,-9999.0
64082,-9999.0
64083,-9999.0
64084,-9999.0
64085,-9999.0
64086,-9999.0
64087,-9999.0
64088,-9999.0
64089,-9999.0
64090,-9999.0
64091,-9999.0
64092,-9999.0
64093,-9999.0
64094,-9999.0
64095,-9999.0
64096,-9999.0
64097,-9999.0
64098,-9999.0
64099,-9999.0
64100,-9999.0
64101,-9999.0
64102,-9999.0
64103,-9999.0
64104,-9999.0
64105,-9999.0
64106,-9999.0
64107,-9999.0
64108,-9999.0
64109,-9999.0
64110,-9999.0
64111,-9999.0
64112,-9999.0
64113,-9999.0
64114,-9999.0
64115,-9999.0
64116,-9999.0
64117,-9999.0
64118,-9999.0
64119,-9999.0
64120,-9999.0
64121,-9999.0
64122,-9999.0
64123,-9999.0
64124,-9999.0
64125,-9999.0
64126,-9999.0
64127,-9999.0
64128,-9999.0
64129,-9999.0
64130,-9999.0
64131,-9999.0
64132,-9999.0
64133,-9999.0
64134,-9999.0
64135,-9999.0
64136,-9999.0
64137,-9999.0
64138,-9999.0
64139,-9999.0
64140,-9999.0
64141,-9999.0
64142,-9999.0
64143,-9999.0
64144,-9999.0
64145,-9999.0
64146,-9999.0
64147,-9999.0
64148,-9999.0
64149,-9999.0
64150,-9999.0
64151,-9999.0
64152,-9999.0
64153,-9999.0
64154,-9999.0
64155,-9999.0
64156,-9999.0
64157,-9999.0
64158,-9999.0
64159,-9999.0
64160,-9999.0
64161,-9999.0
64162,-9999.0
64163,-9999.0
64164,-9999.0
64165,-9999.0
64166,-9999.0
64167,-9999.0
64168,-9999.0
64169,-9999.0
64170,-9999.0
64171,-9999.0
64172,-9999.0
64173,-9999.0
64174,-9999.0
64175,-9999.0
64176,-9999.0
64177,-9999.0
64178,-9999.0
64179,-9999.0
64180,-9999.0
64181,-9999.0
64182,-9999.0
64183,-9999.0
64184,-9999.0
64185,-9999.0
64186,-9999.0
64187,-9999.0
64188,-9999.0
64189,-9999.0
64190,-9999.0
64191,-9999.0
64192,-9999.0
64193,-9999.0
64194,-9999.0
64195,-9999.0
64196,-9999.0
64197,-9999.0
64198,-9999.0
64199,-9999.0
64200,-9999.0
64201,-9999.0
64202,-9999.0
64203,-9999.0
64204,-9999.0
64205,-9999.0
64206,-9999.0
64207,-9999.0
64208,-9999.0
64209,-9999.0
64210,-9999.0
64211,-9999.0
64212,-9999.0
64213,-9999.0
64214,-9999.0
64215,-9999.0
64216,-9999.0
64217,-9999.0
64218,-9999.0
64219,-9999.0
64220,-9999.0
64221,-9999.0
64222,-9999.0
64223,-9999.0
64224,-9999.0
64225,-9999.0
64226,-9999.0
64227,-9999.0
64228,-9999.0
64229,-9999.0
64230,-9999.0
64231,-9999.0
64232,-9999.0
64233,-9999.0
64234,-9999.0
64235,-9999.0
64236,-9999.0
64237,-9999.0
64238,-9999.0
64239,-9999.0
64240,-9999.0
64241,-9999.0
64242,-9999.0
64243,-9999.0
64244,-9999.0
64245,-9999.0
64246,-9999.0
64247,-9999.0
64248,-9999.0
64249,-9999.0
64250,-9999.0
64251,-9999.0
64252,-9999.0
64253,-9999.0
64254,-9999.0
64255,-9999.0
64256,-9999.0
64257,-9999.0
64258,-9999.0
64259,-9999.0
64260,-9999.0
64261,-9999.0
64262,-9999.0
64263,-9999.0
64264,-9999.0
64265,-9999.0
64266,-9999.0
64267,-9999.0
64268,-9999.0
64269,-9999.0
64270,-9999.0
64271,-9999.0
64272,-9999.0
64273,-9999.0
64274,-9999.0
64275,-9999.0
64276,-9999.0
64277,-9999.0
64278,-9999.0
64279,-9999.0
64280,-9999.0
64281,-9999.0
64282,-9999.0
64283,-9999.0
64284,-9999.0
64285,-9999.0
64286,-9999.0
64287,-9999.0
64288,-9999.0
64289,-9999.0
64290,-9999.0
64291,-9999.0
64292,-9999.0
64293,-9999.0
64294,-9999.0
64295,-9999.0
64296,-9999.0
64297,-9999.0
64298,-9999.0
64299,-9999.0
64300,-9999.0
64301,-9999.0
64302,-9999.0
64303,-9999.0
64304,-9999.0
64305,-9999.0
64306,-9999.0
64307,-9999.0
64308,-9999.0
64309,-9999.0
64310,-9999.0
64311,-9999.0
64312,-9999.0
64313,-9999.0
64314,-9999.0
64315,-9999.0
64316,-9999.0
64317,-9999.0
64318,-9999.0
64319,-9999.0
64320,-9999.0
64321,-9999.0
64322,-9999.0
64323,-9999.0
64324,-9999.0
64325,-9999.0
64326,-9999.0
64327,-9999.0
64328,-9999.0
64329,-9999.0
64330,-9999.0
64331,-9999.0
64332,-9999.0
64333,-9999.0
64334,-9999.0
64335,-9999.0
64336,-9999.0
64337,-9999.0
64338,-9999.0
64339,-9999.0
64340,-9999.0
64341,-9999.0
64342,-9999.0
64343,-9999.0
64344,-9999.0
64345,-9999.0
64346,-9999.0
64347,-9999.0
64348,-9999.0
64349,-9999.0
64350,-9999.0
64351,-9999.0
64352,-9999.0
64353,-9999.0
64354,-9999.0
64355,-9999.0
64356,-9999.0
64357,-9999.0
64358,-9999.0
64359,-9999.0
64360,-9999.0
64361,-9999.0
64362,-9999.0
64363,-9999.0
64364,-9999.0
64365,-9999.0
64366,-9999.0
64367,-9999.0
64368,-9999.0
64369,-9999.0
64370,-9999.0
64371,-9999.0
64372,-9999.0
64373,-9999.0
64374,-9999.0
64375,-9999.0
64376,-9999.0
64377,-9999.0
64378,-9999.0
64379,-9999.0
64380,-9999.0
64381,-9999.0
64382,-9999.0
64383,-9999.0
64384,-9999.0
64385,-9999.0
64386,-9999.0
64387,-9999.0
64388,-9999.0
64389,-9999.0
64390,-9999.0
64391,-9999.0
64392,-9999.0
64393,-9999.0
64394,-9999.0
64395,-9999.0
64396,-9999.0
64397,-9999.0
64398,-9999.0
64399,-9999.0
64400,-9999.0
64401,-9999.0
64402,-9999.0
64403,-9999.0
64404,-9999.0
64405,-9999.0
64406,-9999.0
64407,-9999.0
64408,-9999.0
64409,-9999.0
64410,-9999.0
64411,-9999.0
64412,-9999.0
64413,-9999.0
64414,-9999.0
64415,-9999.0
64416,-9999.0
64417,-9999.0
64418,-9999.0
64419,-9999.0
64420,-9999.0
64421,-9999.0
64422,-9999.0
64423,-9999.0
64424,-9999.0
64425,-9999.0
64426,-9999.0
64427,-9999.0
64428,-9999.0
64429,-9999.0
64430,-9999.0
64431,-9999.0
64432,-9999.0
64433,-9999.0
64434,-9999.0
64435,-9999.0
64436,-9999.0
64437,-9999.0
64438,-9999.0
64439,-9999.0
64440,-9999.0
64441,-9999.0
64442,-9999.0
64443,-9999.0
64444,-9999.0
64445,-9999.0
64446,-9999.0
64447,-9999.0
64448,-9999.0
64449,-9999.0
64450,-9999.0
64451,-9999.0
64452,-9999.0
64453,-9999.0
64454,-9999.0
64455,-9999.0
64456,-9999.0
64457,-9999.0
64458,-9999.0
64459,-9999.0
64460,-9999.0
64461,-9999.0
64462,-9999.0
64463,-9999.0
64464,-9999.0
64465,-9999.0
64466,-9999.0
64467,-9999.0
64468,-9999.0
64469,-9999.0
64470,-9999.0
64471,-9999.0
64472,-9999.0
64473,-9999.0
64474,-9999.0
64475,-9999.0
64476,-9999.0
64477,-9999.0
64478,-9999.0
64479,-9999.0
64480,-9999.0
64481,-9999.0
64482,-9999.0
64483,-9999.0
64484,-9999.0
64485,-9999.0
64486,-9999.0
64487,-9999.0
64488,-9999.0
64489,-9999.0
64490,-9999.0
64491,-9999.0
64492,-9999.0
64493,-9999.0
64494,-9999.0
64495,-9999.0
64496,-9999.0
64497,-9999.0
64498,-9999.0
64499,-9999.0
64500,-9999.0
64501,-9999.0
64502,-9999.0
64503,-9999.0
64504,-9999.0
64505,-9999.0
64506,-9999.0
64507,-9999.0
64508,-9999.0
64509,-9999.0
64510,-9999.0
64511,-9999.0
64512,-9999.0
64513,-9999.0
64514,-9999.0
64515,-9999.0
64516,-9999.0
64517,-9999.0
64518,-9999.0
64519,-9999.0
64520,-9999.0
64521,-9999.0
64522,-9999.0
64523,-9999.0
64524,-9999.0
64525,-9999.0
64526,-9999.0
64527,-9999.0
64528,-9999.0
64529,-9999.0
64530,-9999.0
64531,-9999.0
64532,-9999.0
64533,-9999.0
64534,-9999.0
64535,-9999.0
64536,-9999.0
64537,-9999.0
64538,-9999.0
64539,-9999.0
64540,-9999.0
64541,-9999.0
64542,-9999.0
64543,-9999.0
64544,-9999.0
64545,-9999.0
64546,-9999.0
64547,-9999.0
64548,-9999.0
64549,-9999.0
64550,-9999.0
64551,-9999.0
64552,-9999.0
64553,-9999.0
64554,-9999.0
64555,-9999.0
64556,-9999.0
64557,-9999.0
64558,-9999.0
64559,-9999.0
64560,-9999.0
64561,-9999.0
64562,-9999.0
64563,-9999.0
64564,-9999.0
64565,-9999.0
64566,-9999.0
64567,-9999.0
64568,-9999.0
64569,-9999.0
64570,-9999.0
64571,-9999.0
64572,-9999.0
64573,-9999.0
64574,-9999.0
64575,-9999.0
64576,-9999.0
64577,-9999.0
64578,-9999.0
64579,-9999.0
64580,-9999.0
64581,-9999.0
64582,-9999.0
64583,-9999.0
64584,-9999.0
64585,-9999.0
64586,-9999.0
64587,-9999.0
64588,-9999.0
64589,-9999.0
64590,-9999.0
64591,-9999.0
64592,-9999.0
64593,-9999.0
64594,-9999.0
64595,-9999.0
64596,-9999.0
64597,-9999.0
64598,-9999.0
64599,-9999.0
64600,-9999.0
64601,-9999.0
64602,-9999.0
64603,-9999.0
64604,-9999.0
64605,-9999.0
64606,-9999.0
64607,-9999.0
64608,-9999.0
64609,-9999.0
64610,-9999.0
64611,-9999.0
64612,-9999.0
64613,-9999.0
64614,-9999.0
64615,-9999.0
64616,-9999.0
64617,-9999.0
64618,-9999.0
64619,-9999.0
64620,-9999.0
64621,-9999.0
64622,-9999.0
64623,-9999.0
64624,-9999.0
64625,-9999.0
64626,-9999.0
64627,-9999.0
64628,-9999.0
64629,-9999.0
64630,-9999.0
64631,-9999.0
64632,-9999.0
64633,-9999.0
64634,-9999.0
64635,-9999.0
64636,-9999.0
64637,-9999.0
64638,-9999.0
64639,-9999.0
64640,-9999.0
64641,-9999.0
64642,-9999.0
64643,-9999.0
64644,-9999.0
64645,-9999.0
64646,-9999.0
64647,-9999.0
64648,-9999.0
64649,-9999.0
64650,-9999.0
64651,-9999.0
64652,-9999.0
64653,-9999.0
64654,-9999.0
64655,-9999.0
64656,-9999.0
64657,-9999.0
64658,-9999.0
64659,-9999.0
64660,-9999.0
64661,-9999.0
64662,-9999.0
64663,-9999.0
64664,-9999.0
64665,-9999.0
64666,-9999.0
64667,-9999.0
64668,-9999.0
64669,-9999.0
64670,-9999.0
64671,-9999.0
64672,-9999.0
64673,-9999.0
64674,-9999.0
64675,-9999.0
64676,-9999.0
64677,-9999.0
64678,-9999.0
64679,-9999.0
64680,-9999.0
64681,-9999.0
64682,-9999.0
64683,-9999.0
64684,-9999.0
64685,-9999.0
64686,-9999.0
64687,-9999.0
64688,-9999.0
64689,-9999.0
64690,-9999.0
64691,-9999.0
64692,-9999.0
64693,-9999.0
64694,-9999.0
64695,-9999.0
64696,-9999.0
64697,-9999.0
64698,-9999.0
64699,-9999.0
64700,-9999.0
64701,-9999.0
64702,-9999.0
64703,-9999.0
64704,-9999.0
64705,-9999.0
64706,-9999.0
64707,-9999.0
64708,-9999.0
64709,-9999.0
64710,-9999.0
64711,-9999.0
64712,-9999.0
64713,-9999.0
64714,-9999.0
64715,-9999.0
64716,-9999.0
64717,-9999.0
64718,-9999.0
64719,-9999.0
64720,-9999.0
64721,-9999.0
64722,-9999.0
64723,-9999.0
64724,-9999.0
64725,-9999.0
64726,-9999.0
64727,-9999.0
64728,-9999.0
64729,-9999.0
64730,-9999.0
64731,-9999.0
64732,-9999.0
64733,-9999.0
64734,-9999.0
64735,-9999.0
64736,-9999.0
64737,-9999.0
64738,-9999.0
64739,-9999.0
64740,-9999.0
64741,-9999.0
64742,-9999.0
64743,-9999.0
64744,-9999.0
64745,-9999.0
64746,-9999.0
64747,-9999.0
64748,-9999.0
64749,-9999.0
64750,-9999.0
64751,-9999.0
64752,-9999.0
64753,-9999.0
64754,-9999.0
64755,-9999.0
64756,-9999.0
64757,-9999.0
64758,-9999.0
64759,-9999.0
64760,-9999.0
64761,-9999.0
64762,-9999.0
64763,-9999.0
64764,-9999.0
64765,-9999.0
64766,-9999.0
64767,-9999.0
64768,-9999.0
64769,-9999.0
64770,-9999.0
64771,-9999.0
64772,-9999.0
64773,-9999.0
64774,-9999.0
64775,-9999.0
64776,-9999.0
64777,-9999.0
64778,-9999.0
64779,-9999.0
64780,-9999.0
64781,-9999.0
64782,-9999.0
64783,-9999.0
64784,-9999.0
64785,-9999.0
64786,-9999.0
64787,-9999.0
64788,-9999.0
64789,-9999.0
64790,-9999.0
64791,-9999.0
64792,-9999.0
64793,-9999.0
64794,-9999.0
64795,-9999.0
64796,-9999.0
64797,-9999.0
64798,-9999.0
64799,-9999.0
64800,-9999.0
64801,-9999.0
64802,-9999.0
64803,-9999.0
64804,-9999.0
64805,-9999.0
64806,-9999.0
64807,-9999.0
64808,-9999.0
64809,-9999.0
64810,-9999.0
64811,-9999.0
64812,-9999.0
64813,-9999.0
64814,-9999.0
64815,-9999.0
64816,-9999.0
64817,-9999.0
64818,-9999.0
64819,-9999.0
64820,-9999.0
64821,-9999.0
64822,-9999.0
64823,-9999.0
64824,-9999.0
64825,-9999.0
64826,-9999.0
64827,-9999.0
64828,-9999.0
64829,-9999.0
64830,-9999.0
64831,-9999.0
64832,-9999.0
64833,-9999.0
64834,-9999.0
64835,-9999.0
64836,-9999.0
64837,-9999.0
64838,-9999.0
64839,-9999.0
64840,-9999.0
64841,-9999.0
64842,-9999.0
64843,-9999.0
64844,-9999.0
64845,-9999.0
64846,-9999.0
64847,-9999.0
64848,-9999.0
64849,-9999.0
64850,-9999.0
64851,-9999.0
64852,-9999.0
64853,-9999.0
64854,-9999.0
64855,-9999.0
64856,-9999.0
64857,-9999.0
64858,-9999.0
64859,-9999.0
64860,-9999.0
64861,-9999.0
64862,-9999.0
64863,-9999.0
64864,-9999.0
64865,-9999.0
64866,-9999.0
64867,-9999.0
64868,-9999.0
64869,-9999.0
64870,-9999.0
64871,-9999.0
64872,-9999.0
64873,-9999.0
64874,-9999.0
64875,-9999.0
64876,-9999.0
64877,-9999.0
64878,-9999.0
64879,-9999.0
64880,-9999.0
64881,-9999.0
64882,-9999.0
64883,-9999.0
64884,-9999.0
64885,-9999.0
64886,-9999.0
64887,-9999.0
64888,-9999.0
64889,-9999.0
64890,-9999.0
64891,-9999.0
64892,-9999.0
64893,-9999.0
64894,-9999.0
64895,-9999.0
64896,-9999.0
64897,-9999.0
64898,-9999.0
64899,-9999.0
64900,-9999.0
64901,-9999.0
64902,-9999.0
64903,-9999.0
64904,-9999.0
64905,-9999.0
64906,-9999.0
64907,-9999.0
64908,-9999.0
64909,-9999.0
64910,-9999.0
64911,-9999.0
64912,-9999.0
64913,-9999.0
64914,-9999.0
64915,-9999.0
64916,-9999.0
64917,-9999.0
64918,-9999.0
64919,-9999.0
64920,-9999.0
64921,-9999.0
64922,-9999.0
64923,-9999.0
64924,-9999.0
64925,-9999.0
64926,-9999.0
64927,-9999.0
64928,-9999.0
64929,-9999.0
64930,-9999.0
64931,-9999.0
64932,-9999.0
64933,-9999.0
64934,-9999.0
64935,-9999.0
64936,-9999.0
64937,-9999.0
64938,-9999.0
64939,-9999.0
64940,-9999.0
64941,-9999.0
64942,-9999.0
64943,-9999.0
64944,-9999.0
64945,-9999.0
64946,-9999.0
64947,-9999.0
64948,-9999.0
64949,-9999.0
64950,-9999.0
64951,-9999.0
64952,-9999.0
64953,-9999.0
64954,-9999.0
64955,-9999.0
64956,-9999.0
64957,-9999.0
64958,-9999.0
64959,-9999.0
64960,-9999.0
64961,-9999.0
64962,-9999.0
64963,-9999.0
64964,-9999.0
64965,-9999.0
64966,-9999.0
64967,-9999.0
64968,-9999.0
64969,-9999.0
64970,-9999.0
64971,-9999.0
64972,-9999.0
64973,-9999.0
64974,-9999.0
64975,-9999.0
64976,-9999.0
64977,-9999.0
64978,-9999.0
64979,-9999.0
64980,-9999.0
64981,-9999.0
64982,-9999.0
64983,-9999.0
64984,-9999.0
64985,-9999.0
64986,-9999.0
64987,-9999.0
64988,-9999.0
64989,-9999.0
64990,-9999.0
64991,-9999.0
64992,-9999.0
64993,-9999.0
64994,-9999.0
64995,-9999.0
64996,-9999.0
64997,-9999.0
64998,-9999.0
64999,-9999.0
65000,-9999.0
65001,-9999.0
65002,-9999.0
65003,-9999.0
65004,-9999.0
65005,-9999.0
65006,-9999.0
65007,-9999.0
65008,-9999.0
65009,-9999.0
65010,-9999.0
65011,-9999.0
65012,-9999.0
65013,-9999.0
65014,-9999.0
65015,-9999.0
65016,-9999.0
65017,-9999.0
65018,-9999.0
65019,-9999.0
65020,-9999.0
65021,-9999.0
65022,-9999.0
65023,-9999.0
65024,-9999.0
65025,-9999.0
65026,-9999.0
65027,-9999.0
65028,-9999.0
65029,-9999.0
65030,-9999.0
65031,-9999.0
65032,-9999.0
65033,-9999.0
65034,-9999.0
65035,-9999.0
65036,-9999.0
65037,-9999.0
65038,-9999.0
65039,-9999.0
65040,-9999.0
65041,-9999.0
65042,-9999.0
65043,-9999.0
65044,-9999.0
65045,-9999.0
65046,-9999.0
65047,-9999.0
65048,-9999.0
65049,-9999.0
65050,-9999.0
65051,-9999.0
65052,-9999.0
65053,-9999.0
65054,-9999.0
65055,-9999.0
65056,-9999.0
65057,-9999.0
65058,-9999.0
65059,-9999.0
65060,-9999.0
65061,-9999.0
65062,-9999.0
65063,-9999.0
65064,-9999.0
65065,-9999.0
65066,-9999.0
65067,-9999.0
65068,-9999.0
65069,-9999.0
65070,-9999.0
65071,-9999.0
65072,-9999.0
65073,-9999.0
65074,-9999.0
65075,-9999.0
65076,-9999.0
65077,-9999.0
65078,-9999.0
65079,-9999.0
65080,-9999.0
65081,-9999.0
65082,-9999.0
65083,-9999.0
65084,-9999.0
65085,-9999.0
65086,-9999.0
65087,-9999.0
65088,-9999.0
65089,-9999.0
65090,-9999.0
65091,-9999.0
65092,-9999.0
65093,-9999.0
65094,-9999.0
65095,-9999.0
65096,-9999.0
65097,-9999.0
65098,-9999.0
65099,-9999.0
65100,-9999.0
65101,-9999.0
65102,-9999.0
65103,-9999.0
65104,-9999.0
65105,-9999.0
65106,-9999.0
65107,-9999.0
65108,-9999.0
65109,-9999.0
65110,-9999.0
65111,-9999.0
65112,-9999.0
65113,-9999.0
65114,-9999.0
65115,-9999.0
65116,-9999.0
65117,-9999.0
65118,-9999.0
65119,-9999.0
65120,-9999.0
65121,-9999.0
65122,-9999.0
65123,-9999.0
65124,-9999.0
65125,-9999.0
65126,-9999.0
65127,-9999.0
65128,-9999.0
65129,-9999.0
65130,-9999.0
65131,-9999.0
65132,-9999.0
65133,-9999.0
65134,-9999.0
65135,-9999.0
65136,-9999.0
65137,-9999.0
65138,-9999.0
65139,-9999.0
65140,-9999.0
65141,-9999.0
65142,-9999.0
65143,-9999.0
65144,-9999.0
65145,-9999.0
65146,-9999.0
65147,-9999.0
65148,-9999.0
65149,-9999.0
65150,-9999.0
65151,-9999.0
65152,-9999.0
65153,-9999.0
65154,-9999.0
65155,-9999.0
65156,-9999.0
65157,-9999.0
65158,-9999.0
65159,-9999.0
65160,-9999.0
65161,-9999.0
65162,-9999.0
65163,-9999.0
65164,-9999.0
65165,-9999.0
65166,-9999.0
65167,-9999.0
65168,-9999.0
65169,-9999.0
65170,-9999.0
65171,-9999.0
65172,-9999.0
65173,-9999.0
65174,-9999.0
65175,-9999.0
65176,-9999.0
65177,-9999.0
65178,-9999.0
65179,-9999.0
65180,-9999.0
65181,-9999.0
65182,-9999.0
65183,-9999.0
65184,-9999.0
65185,-9999.0
65186,-9999.0
65187,-9999.0
65188,-9999.0
65189,-9999.0
65190,-9999.0
65191,-9999.0
65192,-9999.0
65193,-9999.0
65194,-9999.0
65195,-9999.0
65196,-9999.0
65197,-9999.0
65198,-9999.0
65199,-9999.0
65200,-9999.0
65201,-9999.0
65202,-9999.0
65203,-9999.0
65204,-9999.0
65205,-9999.0
65206,-9999.0
65207,-9999.0
65208,-9999.0
65209,-9999.0
65210,-9999.0
65211,-9999.0
65212,-9999.0
65213,-9999.0
65214,-9999.0
65215,-9999.0
65216,-9999.0
65217,-9999.0
65218,-9999.0
65219,-9999.0
65220,-9999.0
65221,-9999.0
65222,-9999.0
65223,-9999.0
65224,-9999.0
65225,-9999.0
65226,-9999.0
65227,-9999.0
65228,-9999.0
65229,-9999.0
65230,-9999.0
65231,-9999.0
65232,-9999.0
65233,-9999.0
65234,-9999.0
65235,-9999.0
65236,-9999.0
65237,-9999.0
65238,-9999.0
65239,-9999.0
65240,-9999.0
65241,-9999.0
65242,-9999.0
65243,-9999.0
65244,-9999.0
65245,-9999.0
65246,-9999.0
65247,-9999.0
65248,-9999.0
65249,-9999.0
65250,-9999.0
65251,-9999.0
65252,-9999.0
65253,-9999.0
65254,-9999.0
65255,-9999.0
65256,-9999.0
65257,-9999.0
65258,-9999.0
65259,-9999.0
65260,-9999.0
65261,-9999.0
65262,-9999.0
65263,-9999.0
65264,-9999.0
65265,-9999.0
65266,-9999.0
65267,-9999.0
65268,-9999.0
65269,-9999.0
65270,-9999.0
65271,-9999.0
65272,-9999.0
65273,-9999.0
65274,-9999.0
65275,-9999.0
65276,-9999.0
65277,-9999.0
65278,-9999.0
65279,-9999.0
65280,-9999.0
65281,-9999.0
65282,-9999.0
65283,-9999.0
65284,-9999.0
65285,-9999.0
65286,-9999.0
65287,-9999.0
65288,-9999.0
65289,-9999.0
65290,-9999.0
65291,-9999.0
65292,-9999.0
65293,-9999.0
65294,-9999.0
65295,-9999.0
65296,-9999.0
65297,-9999.0
65298,-9999.0
65299,-9999.0
65300,-9999.0
65301,-9999.0
65302,-9999.0
65303,-9999.0
65304,-9999.0
65305,-9999.0
65306,-9999.0
65307,-9999.0
65308,-9999.0
65309,-9999.0
65310,-9999.0
65311,-9999.0
65312,-9999.0
65313,-9999.0
65314,-9999.0
65315,-9999.0
65316,-9999.0
65317,-9999.0
65318,-9999.0
65319,-9999.0
65320,-9999.0
65321,-9999.0
65322,-9999.0
65323,-9999.0
65324,-9999.0
65325,-9999.0
65326,-9999.0
65327,-9999.0
65328,-9999.0
65329,-9999.0
65330,-9999.0
65331,-9999.0
65332,-9999.0
65333,-9999.0
65334,-9999.0
65335,-9999.0
65336,-9999.0
65337,-9999.0
65338,-9999.0
65339,-9999.0
65340,-9999.0
65341,-9999.0
65342,-9999.0
65343,-9999.0
65344,-9999.0
65345,-9999.0
65346,-9999.0
65347,-9999.0
65348,-9999.0
65349,-9999.0
65350,-9999.0
65351,-9999.0
65352,-9999.0
65353,-9999.0
65354,-9999.0
65355,-9999.0
65356,-9999.0
65357,-9999.0
65358,-9999.0
65359,-9999.0
65360,-9999.0
65361,-9999.0
65362,-9999.0
65363,-9999.0
65364,-9999.0
65365,-9999.0
65366,-9999.0
65367,-9999.0
65368,-9999.0
65369,-9999.0
65370,-9999.0
65371,-9999.0
65372,-9999.0
65373,-9999.0
65374,-9999.0
65375,-9999.0
65376,-9999.0
65377,-9999.0
65378,-9999.0
65379,-9999.0
65380,-9999.0
65381,-9999.0
65382,-9999.0
65383,-9999.0
65384,-9999.0
65385,-9999.0
65386,-9999.0
65387,-9999.0
65388,-9999.0
65389,-9999.0
65390,-9999.0
65391,-9999.0
65392,-9999.0
65393,-9999.0
65394,-9999.0
65395,-9999.0
65396,-9999.0
65397,-9999.0
65398,-9999.0
65399,-9999.0
65400,-9999.0
65401,-9999.0
65402,-9999.0
65403,-9999.0
65404,-9999.0
65405,-9999.0
65406,-9999.0
65407,-9999.0
65408,-9999.0
65409,-9999.0
65410,-9999.0
65411,-9999.0
65412,-9999.0
65413,-9999.0
65414,-9999.0
65415,-9999.0
65416,-9999.0
65417,-9999.0
65418,-9999.0
65419,-9999.0
65420,-9999.0
65421,-9999.0
65422,-9999.0
65423,-9999.0
65424,-9999.0
65425,-9999.0
65426,-9999.0
65427,-9999.0
65428,-9999.0
65429,-9999.0
65430,-9999.0
65431,-9999.0
65432,-9999.0
65433,-9999.0
65434,-9999.0
65435,-9999.0
65436,-9999.0
65437,-9999.0
65438,-9999.0
65439,-9999.0
65440,-9999.0
65441,-9999.0
65442,-9999.0
65443,-9999.0
65444,-9999.0
65445,-9999.0
65446,-9999.0
65447,-9999.0
65448,-9999.0
65449,-9999.0
65450,-9999.0
65451,-9999.0
65452,-9999.0
65453,-9999.0
65454,-9999.0
65455,-9999.0
65456,-9999.0
65457,-9999.0
65458,-9999.0
65459,-9999.0
65460,-9999.0
65461,-9999.0
65462,-9999.0
65463,-9999.0
65464,-9999.0
65465,-9999.0
65466,-9999.0
65467,-9999.0
65468,-9999.0
65469,-9999.0
65470,-9999.0
65471,-9999.0
65472,-9999.0
65473,-9999.0
65474,-9999.0
65475,-9999.0
65476,-9999.0
65477,-9999.0
65478,-9999.0
65479,-9999.0
65480,-9999.0
65481,-9999.0
65482,-9999.0
65483,-9999.0
65484,-9999.0
65485,-9999.0
65486,-9999.0
65487,-9999.0
65488,-9999.0
65489,-9999.0
65490,-9999.0
65491,-9999.0
65492,-9999.0
65493,-9999.0
65494,-9999.0
65495,-9999.0
65496,-9999.0
65497,-9999.0
65498,-9999.0
65499,-9999.0
65500,-9999.0
65501,-9999.0
65502,-9999.0
65503,-9999.0
65504,-9999.0
65505,-9999.0
65506,-9999.0
65507,-9999.0
65508,-9999.0
65509,-9999.0
65510,-9999.0
65511,-9999.0
65512,-9999.0
65513,-9999.0
65514,-9999.0
65515,-9999.0
65516,-9999.0
65517,-9999.0
65518,-9999.0
65519,-9999.0
65520,-9999.0
65521,-9999.0
65522,-9999.0
65523,-9999.0
65524,-9999.0
65525,-9999.0
65526,-9999.0
65527,-9999.0
65528,-9999.0
65529,-9999.0
65530,-9999.0
65531,-9999.0
65532,-9999.0
65533,-9999.0
65534,-9999.0
65535,-9999.0
65536,-9999.0
65537,-9999.0
65538,-9999.0
65539,-9999.0
65540,-9999.0
65541,-9999.0
65542,-9999.0
65543,-9999.0
65544,-9999.0
65545,-9999.0
65546,-9999.0
65547,-9999.0
65548,-9999.0
65549,-9999.0
65550,-9999.0
65551,-9999.0
65552,-9999.0
65553,-9999.0
65554,-9999.0
65555,-9999.0
65556,-9999.0
65557,-9999.0
65558,-9999.0
65559,-9999.0
65560,-9999.0
65561,-9999.0
65562,-9999.0
65563,-9999.0
65564,-9999.0
65565,-9999.0
65566,-9999.0
65567,-9999.0
65568,-9999.0
65569,-9999.0
65570,-9999.0
65571,-9999.0
65572,-9999.0
65573,-9999.0
65574,-9999.0
65575,-9999.0
65576,-9999.0
65577,-9999.0
65578,-9999.0
65579,-9999.0
65580,-9999.0
65581,-9999.0
65582,-9999.0
65583,-9999.0
65584,-9999.0
65585,-9999.0
65586,-9999.0
65587,-9999.0
65588,-9999.0
65589,-9999.0
65590,-9999.0
65591,-9999.0
65592,-9999.0
65593,-9999.0
65594,-9999.0
65595,-9999.0
65596,-9999.0
65597,-9999.0
65598,-9999.0
65599,-9999.0
65600,-9999.0
65601,-9999.0
65602,-9999.0
65603,-9999.0
65604,-9999.0
65605,-9999.0
65606,-9999.0
65607,-9999.0
65608,-9999.0
65609,-9999.0
65610,-9999.0
65611,-9999.0
65612,-9999.0
65613,-9999.0
65614,-9999.0
65615,-9999.0
65616,-9999.0
65617,-9999.0
65618,-9999.0
65619,-9999.0
65620,-9999.0
65621,-9999.0
65622,-9999.0
65623,-9999.0
65624,-9999.0
65625,-9999.0
65626,-9999.0
65627,-9999.0
65628,-9999.0
65629,-9999.0
65630,-9999.0
65631,-9999.0
65632,-9999.0
65633,-9999.0
65634,-9999.0
65635,-9999.0
65636,-9999.0
65637,-9999.0
65638,-9999.0
65639,-9999.0
65640,-9999.0
65641,-9999.0
65642,-9999.0
65643,-9999.0
65644,-9999.0
65645,-9999.0
65646,-9999.0
65647,-9999.0
65648,-9999.0
65649,-9999.0
65650,-9999.0
65651,-9999.0
65652,-9999.0
65653,-9999.0
65654,-9999.0
65655,-9999.0
65656,-9999.0
65657,-9999.0
65658,-9999.0
65659,-9999.0
65660,-9999.0
65661,-9999.0
65662,-9999.0
65663,-9999.0
65664,-9999.0
65665,-9999.0
65666,-9999.0
65667,-9999.0
65668,-9999.0
65669,-9999.0
65670,-9999.0
65671,-9999.0
65672,-9999.0
65673,-9999.0
65674,-9999.0
65675,-9999.0
65676,-9999.0
65677,-9999.0
65678,-9999.0
65679,-9999.0
65680,-9999.0
65681,-9999.0
65682,-9999.0
65683,-9999.0
65684,-9999.0
65685,-9999.0
65686,-9999.0
65687,-9999.0
65688,-9999.0
65689,-9999.0
65690,-9999.0
65691,-9999.0
65692,-9999.0
65693,-9999.0
65694,-9999.0
65695,-9999.0
65696,-9999.0
65697,-9999.0
65698,-9999.0
65699,-9999.0
65700,-9999.0
65701,-9999.0
65702,-9999.0
65703,-9999.0
65704,-9999.0
65705,-9999.0
65706,-9999.0
65707,-9999.0
65708,-9999.0
65709,-9999.0
65710,-9999.0
65711,-9999.0
65712,-9999.0
65713,-9999.0
65714,-9999.0
65715,-9999.0
65716,-9999.0
65717,-9999.0
65718,-9999.0
65719,-9999.0
65720,-9999.0
65721,-9999.0
65722,-9999.0
65723,-9999.0
65724,-9999.0
65725,-9999.0
65726,-9999.0
65727,-9999.0
65728,-9999.0
65729,-9999.0
65730,-9999.0
65731,-9999.0
65732,-9999.0
65733,-9999.0
65734,-9999.0
65735,-9999.0
65736,-9999.0
65737,-9999.0
65738,-9999.0
65739,-9999.0
65740,-9999.0
65741,-9999.0
65742,-9999.0
65743,-9999.0
65744,-9999.0
65745,-9999.0
65746,-9999.0
65747,-9999.0
65748,-9999.0
65749,-9999.0
65750,-9999.0
65751,-9999.0
65752,-9999.0
65753,-9999.0
65754,-9999.0
65755,-9999.0
65756,-9999.0
65757,-9999.0
65758,-9999.0
65759,-9999.0
65760,-9999.0
65761,-9999.0
65762,-9999.0
65763,-9999.0
65764,-9999.0
65765,-9999.0
65766,-9999.0
65767,-9999.0
65768,-9999.0
65769,-9999.0
65770,-9999.0
65771,-9999.0
65772,-9999.0
65773,-9999.0
65774,-9999.0
65775,-9999.0
65776,-9999.0
65777,-9999.0
65778,-9999.0
65779,-9999.0
65780,-9999.0
65781,-9999.0
65782,-9999.0
65783,-9999.0
65784,-9999.0
65785,-9999.0
65786,-9999.0
65787,-9999.0
65788,-9999.0
65789,-9999.0
65790,-9999.0
65791,-9999.0
65792,-9999.0
65793,-9999.0
65794,-9999.0
65795,-9999.0
65796,-9999.0
65797,-9999.0
65798,-9999.0
65799,-9999.0
65800,-9999.0
65801,-9999.0
65802,-9999.0
65803,-9999.0
65804,-9999.0
65805,-9999.0
65806,-9999.0
65807,-9999.0
65808,-9999.0
65809,-9999.0
65810,-9999.0
65811,-9999.0
65812,-9999.0
65813,-9999.0
65814,-9999.0
65815,-9999.0
65816,-9999.0
65817,-9999.0
65818,-9999.0
65819,-9999.0
65820,-9999.0
65821,-9999.0
65822,-9999.0
65823,-9999.0
65824,-9999.0
65825,-9999.0
65826,-9999.0
65827,-9999.0
65828,-9999.0
65829,-9999.0
65830,-9999.0
65831,-9999.0
65832,-9999.0
65833,-9999.0
65834,-9999.0
65835,-9999.0
65836,-9999.0
65837,-9999.0
65838,-9999.0
65839,-9999.0
65840,-9999.0
65841,-9999.0
65842,-9999.0
65843,-9999.0
65844,-9999.0
65845,-9999.0
65846,-9999.0
65847,-9999.0
65848,-9999.0
65849,-9999.0
65850,-9999.0
65851,-9999.0
65852,-9999.0
65853,-9999.0
65854,-9999.0
65855,-9999.0
65856,-9999.0
65857,-9999.0
65858,-9999.0
65859,-9999.0
65860,-9999.0
65861,-9999.0
65862,-9999.0
65863,-9999.0
65864,-9999.0
65865,-9999.0
65866,-9999.0
65867,-9999.0
65868,-9999.0
65869,-9999.0
65870,-9999.0
65871,-9999.0
65872,-9999.0
65873,-9999.0
65874,-9999.0
65875,-9999.0
65876,-9999.0
65877,-9999.0
65878,-9999.0
65879,-9999.0
65880,-9999.0
65881,-9999.0
65882,-9999.0
65883,-9999.0
65884,-9999.0
65885,-9999.0
65886,-9999.0
65887,-9999.0
65888,-9999.0
65889,-9999.0
65890,-9999.0
65891,-9999.0
65892,-9999.0
65893,-9999.0
65894,-9999.0
65895,-9999.0
65896,-9999.0
65897,-9999.0
65898,-9999.0
65899,-9999.0
65900,-9999.0
65901,-9999.0
65902,-9999.0
65903,-9999.0
65904,-9999.0
65905,-9999.0
65906,-9999.0
65907,-9999.0
65908,-9999.0
65909,-9999.0
65910,-9999.0
65911,-9999.0
65912,-9999.0
65913,-9999.0
65914,-9999.0
65915,-9999.0
65916,-9999.0
65917,-9999.0
65918,-9999.0
65919,-9999.0
65920,-9999.0
65921,-9999.0
65922,-9999.0
65923,-9999.0
65924,-9999.0
65925,-9999.0
65926,-9999.0
65927,-9999.0
65928,-9999.0
65929,-9999.0
65930,-9999.0
65931,-9999.0
65932,-9999.0
65933,-9999.0
65934,-9999.0
65935,-9999.0
65936,-9999.0
65937,-9999.0
65938,-9999.0
65939,-9999.0
65940,-9999.0
65941,-9999.0
65942,-9999.0
65943,-9999.0
65944,-9999.0
65945,-9999.0
65946,-9999.0
65947,-9999.0
65948,-9999.0
65949,-9999.0
65950,-9999.0
65951,-9999.0
65952,-9999.0
65953,-9999.0
65954,-9999.0
65955,-9999.0
65956,-9999.0
65957,-9999.0
65958,-9999.0
65959,-9999.0
65960,-9999.0
65961,-9999.0
65962,-9999.0
65963,-9999.0
65964,-9999.0
65965,-9999.0
65966,-9999.0
65967,-9999.0
65968,-9999.0
65969,-9999.0
65970,-9999.0
65971,-9999.0
65972,-9999.0
65973,-9999.0
65974,-9999.0
65975,-9999.0
65976,-9999.0
65977,-9999.0
65978,-9999.0
65979,-9999.0
65980,-9999.0
65981,-9999.0
65982,-9999.0
65983,-9999.0
65984,-9999.0
65985,-9999.0
65986,-9999.0
65987,-9999.0
65988,-9999.0
65989,-9999.0
65990,-9999.0
65991,-9999.0
65992,-9999.0
65993,-9999.0
65994,-9999.0
65995,-9999.0
65996,-9999.0
65997,-9999.0
65998,-9999.0
65999,-9999.0
66000,-9999.0
66001,-9999.0
66002,-9999.0
66003,-9999.0
66004,-9999.0
66005,-9999.0
66006,-9999.0
66007,-9999.0
66008,-9999.0
66009,-9999.0
66010,-9999.0
66011,-9999.0
66012,-9999.0
66013,-9999.0
66014,-9999.0
66015,-9999.0
66016,-9999.0
66017,-9999.0
66018,-9999.0
66019,-9999.0
66020,-9999.0
66021,-9999.0
66022,-9999.0
66023,-9999.0
66024,-9999.0
66025,-9999.0
66026,-9999.0
66027,-9999.0
66028,-9999.0
66029,-9999.0
66030,-9999.0
66031,-9999.0
66032,-9999.0
66033,-9999.0
66034,-9999.0
66035,-9999.0
66036,-9999.0
66037,-9999.0
66038,-9999.0
66039,-9999.0
66040,-9999.0
66041,-9999.0
66042,-9999.0
66043,-9999.0
66044,-9999.0
66045,-9999.0
66046,-9999.0
66047,-9999.0
66048,-9999.0
66049,-9999.0
66050,-9999.0
66051,-9999.0
66052,-9999.0
66053,-9999.0
66054,-9999.0
66055,-9999.0
66056,-9999.0
66057,-9999.0
66058,-9999.0
66059,-9999.0
66060,-9999.0
66061,-9999.0
66062,-9999.0
66063,-9999.0
66064,-9999.0
66065,-9999.0
66066,-9999.0
66067,-9999.0
66068,-9999.0
66069,-9999.0
66070,-9999.0
66071,-9999.0
66072,-9999.0
66073,-9999.0
66074,-9999.0
66075,-9999.0
66076,-9999.0
66077,-9999.0
66078,-9999.0
66079,-9999.0
66080,-9999.0
66081,-9999.0
66082,-9999.0
66083,-9999.0
66084,-9999.0
66085,-9999.0
66086,-9999.0
66087,-9999.0
66088,-9999.0
66089,-9999.0
66090,-9999.0
66091,-9999.0
66092,-9999.0
66093,-9999.0
66094,-9999.0
66095,-9999.0
66096,-9999.0
66097,-9999.0
66098,-9999.0
66099,-9999.0
66100,-9999.0
66101,-9999.0
66102,-9999.0
66103,-9999.0
66104,-9999.0
66105,-9999.0
66106,-9999.0
66107,-9999.0
66108,-9999.0
66109,-9999.0
66110,-9999.0
66111,-9999.0
66112,-9999.0
66113,-9999.0
66114,-9999.0
66115,-9999.0
66116,-9999.0
66117,-9999.0
66118,-9999.0
66119,-9999.0
66120,-9999.0
66121,-9999.0
66122,-9999.0
66123,-9999.0
66124,-9999.0
66125,-9999.0
66126,-9999.0
66127,-9999.0
66128,-9999.0
66129,-9999.0
66130,-9999.0
66131,-9999.0
66132,-9999.0
66133,-9999.0
66134,-9999.0
66135,-9999.0
66136,-9999.0
66137,-9999.0
66138,-9999.0
66139,-9999.0
66140,-9999.0
66141,-9999.0
66142,-9999.0
66143,-9999.0
66144,-9999.0
66145,-9999.0
66146,-9999.0
66147,-9999.0
66148,-9999.0
66149,-9999.0
66150,-9999.0
66151,-9999.0
66152,-9999.0
66153,-9999.0
66154,-9999.0
66155,-9999.0
66156,-9999.0
66157,-9999.0
66158,-9999.0
66159,-9999.0
66160,-9999.0
66161,-9999.0
66162,-9999.0
66163,-9999.0
66164,-9999.0
66165,-9999.0
66166,-9999.0
66167,-9999.0
66168,-9999.0
66169,-9999.0
66170,-9999.0
66171,-9999.0
66172,-9999.0
66173,-9999.0
66174,-9999.0
66175,-9999.0
66176,-9999.0
66177,-9999.0
66178,-9999.0
66179,-9999.0
66180,-9999.0
66181,-9999.0
66182,-9999.0
66183,-9999.0
66184,-9999.0
66185,-9999.0
66186,-9999.0
66187,-9999.0
66188,-9999.0
66189,-9999.0
66190,-9999.0
66191,-9999.0
66192,-9999.0
66193,-9999.0
66194,-9999.0
66195,-9999.0
66196,-9999.0
66197,-9999.0
66198,-9999.0
66199,-9999.0
66200,-9999.0
66201,-9999.0
66202,-9999.0
66203,-9999.0
66204,-9999.0
66205,-9999.0
66206,-9999.0
66207,-9999.0
66208,-9999.0
66209,-9999.0
66210,-9999.0
66211,-9999.0
66212,-9999.0
66213,-9999.0
66214,-9999.0
66215,-9999.0
66216,-9999.0
66217,-9999.0
66218,-9999.0
66219,-9999.0
66220,-9999.0
66221,-9999.0
66222,-9999.0
66223,-9999.0
66224,-9999.0
66225,-9999.0
66226,-9999.0
66227,-9999.0
66228,-9999.0
66229,-9999.0
66230,-9999.0
66231,-9999.0
66232,-9999.0
66233,-9999.0
66234,-9999.0
66235,-9999.0
66236,-9999.0
66237,-9999.0
66238,-9999.0
66239,-9999.0
66240,-9999.0
66241,-9999.0
66242,-9999.0
66243,-9999.0
66244,-9999.0
66245,-9999.0
66246,-9999.0
66247,-9999.0
66248,-9999.0
66249,-9999.0
66250,-9999.0
66251,-9999.0
66252,-9999.0
66253,-9999.0
66254,-9999.0
66255,-9999.0
66256,-9999.0
66257,-9999.0
66258,-9999.0
66259,-9999.0
66260,-9999.0
66261,-9999.0
66262,-9999.0
66263,-9999.0
66264,-9999.0
66265,-9999.0
66266,-9999.0
66267,-9999.0
66268,-9999.0
66269,-9999.0
66270,-9999.0
66271,-9999.0
66272,-9999.0
66273,-9999.0
66274,-9999.0
66275,-9999.0
66276,-9999.0
66277,-9999.0
66278,-9999.0
66279,-9999.0
66280,-9999.0
66281,-9999.0
66282,-9999.0
66283,-9999.0
66284,-9999.0
66285,-9999.0
66286,-9999.0
66287,-9999.0
66288,-9999.0
66289,-9999.0
66290,-9999.0
66291,-9999.0
66292,-9999.0
66293,-9999.0
66294,-9999.0
66295,-9999.0
66296,-9999.0
66297,-9999.0
66298,-9999.0
66299,-9999.0
66300,-9999.0
66301,-9999.0
66302,-9999.0
66303,-9999.0
66304,-9999.0
66305,-9999.0
66306,-9999.0
66307,-9999.0
66308,-9999.0
66309,-9999.0
66310,-9999.0
66311,-9999.0
66312,-9999.0
66313,-9999.0
66314,-9999.0
66315,-9999.0
66316,-9999.0
66317,-9999.0
66318,-9999.0
66319,-9999.0
66320,-9999.0
66321,-9999.0
66322,-9999.0
66323,-9999.0
66324,-9999.0
66325,-9999.0
66326,-9999.0
66327,-9999.0
66328,-9999.0
66329,-9999.0
66330,-9999.0
66331,-9999.0
66332,-9999.0
66333,-9999.0
66334,-9999.0
66335,-9999.0
66336,-9999.0
66337,-9999.0
66338,-9999.0
66339,-9999.0
66340,-9999.0
66341,-9999.0
66342,-9999.0
66343,-9999.0
66344,-9999.0
66345,-9999.0
66346,-9999.0
66347,-9999.0
66348,-9999.0
66349,-9999.0
66350,-9999.0
66351,-9999.0
66352,-9999.0
66353,-9999.0
66354,-9999.0
66355,-9999.0
66356,-9999.0
66357,-9999.0
66358,-9999.0
66359,-9999.0
66360,-9999.0
66361,-9999.0
66362,-9999.0
66363,-9999.0
66364,-9999.0
66365,-9999.0
66366,-9999.0
66367,-9999.0
66368,-9999.0
66369,-9999.0
66370,-9999.0
66371,-9999.0
66372,-9999.0
66373,-9999.0
66374,-9999.0
66375,-9999.0
66376,-9999.0
66377,-9999.0
66378,-9999.0
66379,-9999.0
66380,-9999.0
66381,-9999.0
66382,-9999.0
66383,-9999.0
66384,-9999.0
66385,-9999.0
66386,-9999.0
66387,-9999.0
66388,-9999.0
66389,-9999.0
66390,-9999.0
66391,-9999.0
66392,-9999.0
66393,-9999.0
66394,-9999.0
66395,-9999.0
66396,-9999.0
66397,-9999.0
66398,-9999.0
66399,-9999.0
66400,-9999.0
66401,-9999.0
66402,-9999.0
66403,-9999.0
66404,-9999.0
66405,-9999.0
66406,-9999.0
66407,-9999.0
66408,-9999.0
66409,-9999.0
66410,-9999.0
66411,-9999.0
66412,-9999.0
66413,-9999.0
66414,-9999.0
66415,-9999.0
66416,-9999.0
66417,-9999.0
66418,-9999.0
66419,-9999.0
66420,-9999.0
66421,-9999.0
66422,-9999.0
66423,-9999.0
66424,-9999.0
66425,-9999.0
66426,-9999.0
66427,-9999.0
66428,-9999.0
66429,-9999.0
66430,-9999.0
66431,-9999.0
66432,-9999.0
66433,-9999.0
66434,-9999.0
66435,-9999.0
66436,-9999.0
66437,-9999.0
66438,-9999.0
66439,-9999.0
66440,-9999.0
66441,-9999.0
66442,-9999.0
66443,-9999.0
66444,-9999.0
66445,-9999.0
66446,-9999.0
66447,-9999.0
66448,-9999.0
66449,-9999.0
66450,-9999.0
66451,-9999.0
66452,-9999.0
66453,-9999.0
66454,-9999.0
66455,-9999.0
66456,-9999.0
66457,-9999.0
66458,-9999.0
66459,-9999.0
66460,-9999.0
66461,-9999.0
66462,-9999.0
66463,-9999.0
66464,-9999.0
66465,-9999.0
66466,-9999.0
66467,-9999.0
66468,-9999.0
66469,-9999.0
66470,-9999.0
66471,-9999.0
66472,-9999.0
66473,-9999.0
66474,-9999.0
66475,-9999.0
66476,-9999.0
66477,-9999.0
66478,-9999.0
66479,-9999.0
66480,-9999.0
66481,-9999.0
66482,-9999.0
66483,-9999.0
66484,-9999.0
66485,-9999.0
66486,-9999.0
66487,-9999.0
66488,-9999.0
66489,-9999.0
66490,-9999.0
66491,-9999.0
66492,-9999.0
66493,-9999.0
66494,-9999.0
66495,-9999.0
66496,-9999.0
66497,-9999.0
66498,-9999.0
66499,-9999.0
66500,-9999.0
66501,-9999.0
66502,-9999.0
66503,-9999.0
66504,-9999.0
66505,-9999.0
66506,-9999.0
66507,-9999.0
66508,-9999.0
66509,-9999.0
66510,-9999.0
66511,-9999.0
66512,-9999.0
66513,-9999.0
66514,-9999.0
66515,-9999.0
66516,-9999.0
66517,-9999.0
66518,-9999.0
66519,-9999.0
66520,-9999.0
66521,-9999.0
66522,-9999.0
66523,-9999.0
66524,-9999.0
66525,-9999.0
66526,-9999.0
66527,-9999.0
66528,-9999.0
66529,-9999.0
66530,-9999.0
66531,-9999.0
66532,-9999.0
66533,-9999.0
66534,-9999.0
66535,-9999.0
66536,-9999.0
66537,-9999.0
66538,-9999.0
66539,-9999.0
66540,-9999.0
66541,-9999.0
66542,-9999.0
66543,-9999.0
66544,-9999.0
66545,-9999.0
66546,-9999.0
66547,-9999.0
66548,-9999.0
66549,-9999.0
66550,-9999.0
66551,-9999.0
66552,-9999.0
66553,-9999.0
66554,-9999.0
66555,-9999.0
66556,-9999.0
66557,-9999.0
66558,-9999.0
66559,-9999.0
66560,-9999.0
66561,-9999.0
66562,-9999.0
66563,-9999.0
66564,-9999.0
66565,-9999.0
66566,-9999.0
66567,-9999.0
66568,-9999.0
66569,-9999.0
66570,-9999.0
66571,-9999.0
66572,-9999.0
66573,-9999.0
66574,-9999.0
66575,-9999.0
66576,-9999.0
66577,-9999.0
66578,-9999.0
66579,-9999.0
66580,-9999.0
66581,-9999.0
66582,-9999.0
66583,-9999.0
66584,-9999.0
66585,-9999.0
66586,-9999.0
66587,-9999.0
66588,-9999.0
66589,-9999.0
66590,-9999.0
66591,-9999.0
66592,-9999.0
66593,-9999.0
66594,-9999.0
66595,-9999.0
66596,-9999.0
66597,-9999.0
66598,-9999.0
66599,-9999.0
66600,-9999.0
66601,-9999.0
66602,-9999.0
66603,-9999.0
66604,-9999.0
66605,-9999.0
66606,-9999.0
66607,-9999.0
66608,-9999.0
66609,-9999.0
66610,-9999.0
66611,-9999.0
66612,-9999.0
66613,-9999.0
66614,-9999.0
66615,-9999.0
66616,-9999.0
66617,-9999.0
66618,-9999.0
66619,-9999.0
66620,-9999.0
66621,-9999.0
66622,-9999.0
66623,-9999.0
66624,-9999.0
66625,-9999.0
66626,-9999.0
66627,-9999.0
66628,-9999.0
66629,-9999.0
66630,-9999.0
66631,-9999.0
66632,-9999.0
66633,-9999.0
66634,-9999.0
66635,-9999.0
66636,-9999.0
66637,-9999.0
66638,-9999.0
66639,-9999.0
66640,-9999.0
66641,-9999.0
66642,-9999.0
66643,-9999.0
66644,-9999.0
66645,-9999.0
66646,-9999.0
66647,-9999.0
66648,-9999.0
66649,-9999.0
66650,-9999.0
66651,-9999.0
66652,-9999.0
66653,-9999.0
66654,-9999.0
66655,-9999.0
66656,-9999.0
66657,-9999.0
66658,-9999.0
66659,-9999.0
66660,-9999.0
66661,-9999.0
66662,-9999.0
66663,-9999.0
66664,-9999.0
66665,-9999.0
66666,-9999.0
66667,-9999.0
66668,-9999.0
66669,-9999.0
66670,-9999.0
66671,-9999.0
66672,-9999.0
66673,-9999.0
66674,-9999.0
66675,-9999.0
66676,-9999.0
66677,-9999.0
66678,-9999.0
66679,-9999.0
66680,-9999.0
66681,-9999.0
66682,-9999.0
66683,-9999.0
66684,-9999.0
66685,-9999.0
66686,-9999.0
66687,-9999.0
66688,-9999.0
66689,-9999.0
66690,-9999.0
66691,-9999.0
66692,-9999.0
66693,-9999.0
66694,-9999.0
66695,-9999.0
66696,-9999.0
66697,-9999.0
66698,-9999.0
66699,-9999.0
66700,-9999.0
66701,-9999.0
66702,-9999.0
66703,-9999.0
66704,-9999.0
66705,-9999.0
66706,-9999.0
66707,-9999.0
66708,-9999.0
66709,-9999.0
66710,-9999.0
66711,-9999.0
66712,-9999.0
66713,-9999.0
66714,-9999.0
66715,-9999.0
66716,-9999.0
66717,-9999.0
66718,-9999.0
66719,-9999.0
66720,-9999.0
66721,-9999.0
66722,-9999.0
66723,-9999.0
66724,-9999.0
66725,-9999.0
66726,-9999.0
66727,-9999.0
66728,-9999.0
66729,-9999.0
66730,-9999.0
66731,-9999.0
66732,-9999.0
66733,-9999.0
66734,-9999.0
66735,-9999.0
66736,-9999.0
66737,-9999.0
66738,-9999.0
66739,-9999.0
66740,-9999.0
66741,-9999.0
66742,-9999.0
66743,-9999.0
66744,-9999.0
66745,-9999.0
66746,-9999.0
66747,-9999.0
66748,-9999.0
66749,-9999.0
66750,-9999.0
66751,-9999.0
66752,-9999.0
66753,-9999.0
66754,-9999.0
66755,-9999.0
66756,-9999.0
66757,-9999.0
66758,-9999.0
66759,-9999.0
66760,-9999.0
66761,-9999.0
66762,-9999.0
66763,-9999.0
66764,-9999.0
66765,-9999.0
66766,-9999.0
66767,-9999.0
66768,-9999.0
66769,-9999.0
66770,-9999.0
66771,-9999.0
66772,-9999.0
66773,-9999.0
66774,-9999.0
66775,-9999.0
66776,-9999.0
66777,-9999.0
66778,-9999.0
66779,-9999.0
66780,-9999.0
66781,-9999.0
66782,-9999.0
66783,-9999.0
66784,-9999.0
66785,-9999.0
66786,-9999.0
66787,-9999.0
66788,-9999.0
66789,-9999.0
66790,-9999.0
66791,-9999.0
66792,-9999.0
66793,-9999.0
66794,-9999.0
66795,-9999.0
66796,-9999.0
66797,-9999.0
66798,-9999.0
66799,-9999.0
66800,-9999.0
66801,-9999.0
66802,-9999.0
66803,-9999.0
66804,-9999.0
66805,-9999.0
66806,-9999.0
66807,-9999.0
66808,-9999.0
66809,-9999.0
66810,-9999.0
66811,-9999.0
66812,-9999.0
66813,-9999.0
66814,-9999.0
66815,-9999.0
66816,-9999.0
66817,-9999.0
66818,-9999.0
66819,-9999.0
66820,-9999.0
66821,-9999.0
66822,-9999.0
66823,-9999.0
66824,-9999.0
66825,-9999.0
66826,-9999.0
66827,-9999.0
66828,-9999.0
66829,-9999.0
66830,-9999.0
66831,-9999.0
66832,-9999.0
66833,-9999.0
66834,-9999.0
66835,-9999.0
66836,-9999.0
66837,-9999.0
66838,-9999.0
66839,-9999.0
66840,-9999.0
66841,-9999.0
66842,-9999.0
66843,-9999.0
66844,-9999.0
66845,-9999.0
66846,-9999.0
66847,-9999.0
66848,-9999.0
66849,-9999.0
66850,-9999.0
66851,-9999.0
66852,-9999.0
66853,-9999.0
66854,-9999.0
66855,-9999.0
66856,-9999.0
66857,-9999.0
66858,-9999.0
66859,-9999.0
66860,-9999.0
66861,-9999.0
66862,-9999.0
66863,-9999.0
66864,-9999.0
66865,-9999.0
66866,-9999.0
66867,-9999.0
66868,-9999.0
66869,-9999.0
66870,-9999.0
66871,-9999.0
66872,-9999.0
66873,-9999.0
66874,-9999.0
66875,-9999.0
66876,-9999.0
66877,-9999.0
66878,-9999.0
66879,-9999.0
66880,-9999.0
66881,-9999.0
66882,-9999.0
66883,-9999.0
66884,-9999.0
66885,-9999.0
66886,-9999.0
66887,-9999.0
66888,-9999.0
66889,-9999.0
66890,-9999.0
66891,-9999.0
66892,-9999.0
66893,-9999.0
66894,-9999.0
66895,-9999.0
66896,-9999.0
66897,-9999.0
66898,-9999.0
66899,-9999.0
66900,-9999.0
66901,-9999.0
66902,-9999.0
66903,-9999.0
66904,-9999.0
66905,-9999.0
66906,-9999.0
66907,-9999.0
66908,-9999.0
66909,-9999.0
66910,-9999.0
66911,-9999.0
66912,-9999.0
66913,-9999.0
66914,-9999.0
66915,-9999.0
66916,-9999.0
66917,-9999.0
66918,-9999.0
66919,-9999.0
66920,-9999.0
66921,-9999.0
66922,-9999.0
66923,-9999.0
66924,-9999.0
66925,-9999.0
66926,-9999.0
66927,-9999.0
66928,-9999.0
66929,-9999.0
66930,-9999.0
66931,-9999.0
66932,-9999.0
66933,-9999.0
66934,-9999.0
66935,-9999.0
66936,-9999.0
66937,-9999.0
66938,-9999.0
66939,-9999.0
66940,-9999.0
66941,-9999.0
66942,-9999.0
66943,-9999.0
66944,-9999.0
66945,-9999.0
66946,-9999.0
66947,-9999.0
66948,-9999.0
66949,-9999.0
66950,-9999.0
66951,-9999.0
66952,-9999.0
66953,-9999.0
66954,-9999.0
66955,-9999.0
66956,-9999.0
66957,-9999.0
66958,-9999.0
66959,-9999.0
66960,-9999.0
66961,-9999.0
66962,-9999.0
66963,-9999.0
66964,-9999.0
66965,-9999.0
66966,-9999.0
66967,-9999.0
66968,-9999.0
66969,-9999.0
66970,-9999.0
66971,-9999.0
66972,-9999.0
66973,-9999.0
66974,-9999.0
66975,-9999.0
66976,-9999.0
66977,-9999.0
66978,-9999.0
66979,-9999.0
66980,-9999.0
66981,-9999.0
66982,-9999.0
66983,-9999.0
66984,-9999.0
66985,-9999.0
66986,-9999.0
66987,-9999.0
66988,-9999.0
66989,-9999.0
66990,-9999.0
66991,-9999.0
66992,-9999.0
66993,-9999.0
66994,-9999.0
66995,-9999.0
66996,-9999.0
66997,-9999.0
66998,-9999.0
66999,-9999.0
67000,-9999.0
67001,-9999.0
67002,-9999.0
67003,-9999.0
67004,-9999.0
67005,-9999.0
67006,-9999.0
67007,-9999.0
67008,-9999.0
67009,-9999.0
67010,-9999.0
67011,-9999.0
67012,-9999.0
67013,-9999.0
67014,-9999.0
67015,-9999.0
67016,-9999.0
67017,-9999.0
67018,-9999.0
67019,-9999.0
67020,-9999.0
67021,-9999.0
67022,-9999.0
67023,-9999.0
67024,-9999.0
67025,-9999.0
67026,-9999.0
67027,-9999.0
67028,-9999.0
67029,-9999.0
67030,-9999.0
67031,-9999.0
67032,-9999.0
67033,-9999.0
67034,-9999.0
67035,-9999.0
67036,-9999.0
67037,-9999.0
67038,-9999.0
67039,-9999.0
67040,-9999.0
67041,-9999.0
67042,-9999.0
67043,-9999.0
67044,-9999.0
67045,-9999.0
67046,-9999.0
67047,-9999.0
67048,-9999.0
67049,-9999.0
67050,-9999.0
67051,-9999.0
67052,-9999.0
67053,-9999.0
67054,-9999.0
67055,-9999.0
67056,-9999.0
67057,-9999.0
67058,-9999.0
67059,-9999.0
67060,-9999.0
67061,-9999.0
67062,-9999.0
67063,-9999.0
67064,-9999.0
67065,-9999.0
67066,-9999.0
67067,-9999.0
67068,-9999.0
67069,-9999.0
67070,-9999.0
67071,-9999.0
67072,-9999.0
67073,-9999.0
67074,-9999.0
67075,-9999.0
67076,-9999.0
67077,-9999.0
67078,-9999.0
67079,-9999.0
67080,-9999.0
67081,-9999.0
67082,-9999.0
67083,-9999.0
67084,-9999.0
67085,-9999.0
67086,-9999.0
67087,-9999.0
67088,-9999.0
67089,-9999.0
67090,-9999.0
67091,-9999.0
67092,-9999.0
67093,-9999.0
67094,-9999.0
67095,-9999.0
67096,-9999.0
67097,-9999.0
67098,-9999.0
67099,-9999.0
67100,-9999.0
67101,-9999.0
67102,-9999.0
67103,-9999.0
67104,-9999.0
67105,-9999.0
67106,-9999.0
67107,-9999.0
67108,-9999.0
67109,-9999.0
67110,-9999.0
67111,-9999.0
67112,-9999.0
67113,-9999.0
67114,-9999.0
67115,-9999.0
67116,-9999.0
67117,-9999.0
67118,-9999.0
67119,-9999.0
67120,-9999.0
67121,-9999.0
67122,-9999.0
67123,-9999.0
67124,-9999.0
67125,-9999.0
67126,-9999.0
67127,-9999.0
67128,-9999.0
67129,-9999.0
67130,-9999.0
67131,-9999.0
67132,-9999.0
67133,-9999.0
67134,-9999.0
67135,-9999.0
67136,-9999.0
67137,-9999.0
67138,-9999.0
67139,-9999.0
67140,-9999.0
67141,-9999.0
67142,-9999.0
67143,-9999.0
67144,-9999.0
67145,-9999.0
67146,-9999.0
67147,-9999.0
67148,-9999.0
67149,-9999.0
67150,-9999.0
67151,-9999.0
67152,-9999.0
67153,-9999.0
67154,-9999.0
67155,-9999.0
67156,-9999.0
67157,-9999.0
67158,-9999.0
67159,-9999.0
67160,-9999.0
67161,-9999.0
67162,-9999.0
67163,-9999.0
67164,-9999.0
67165,-9999.0
67166,-9999.0
67167,-9999.0
67168,-9999.0
67169,-9999.0
67170,-9999.0
67171,-9999.0
67172,-9999.0
67173,-9999.0
67174,-9999.0
67175,-9999.0
67176,-9999.0
67177,-9999.0
67178,-9999.0
67179,-9999.0
67180,-9999.0
67181,-9999.0
67182,-9999.0
67183,-9999.0
67184,-9999.0
67185,-9999.0
67186,-9999.0
67187,-9999.0
67188,-9999.0
67189,-9999.0
67190,-9999.0
67191,-9999.0
67192,-9999.0
67193,-9999.0
67194,-9999.0
67195,-9999.0
67196,-9999.0
67197,-9999.0
67198,-9999.0
67199,-9999.0
67200,-9999.0
67201,-9999.0
67202,-9999.0
67203,-9999.0
67204,-9999.0
67205,-9999.0
67206,-9999.0
67207,-9999.0
67208,-9999.0
67209,-9999.0
67210,-9999.0
67211,-9999.0
67212,-9999.0
67213,-9999.0
67214,-9999.0
67215,-9999.0
67216,-9999.0
67217,-9999.0
67218,-9999.0
67219,-9999.0
67220,-9999.0
67221,-9999.0
67222,-9999.0
67223,-9999.0
67224,-9999.0
67225,-9999.0
67226,-9999.0
67227,-9999.0
67228,-9999.0
67229,-9999.0
67230,-9999.0
67231,-9999.0
67232,-9999.0
67233,-9999.0
67234,-9999.0
67235,-9999.0
67236,-9999.0
67237,-9999.0
67238,-9999.0
67239,-9999.0
67240,-9999.0
67241,-9999.0
67242,-9999.0
67243,-9999.0
67244,-9999.0
67245,-9999.0
67246,-9999.0
67247,-9999.0
67248,-9999.0
67249,-9999.0
67250,-9999.0
67251,-9999.0
67252,-9999.0
67253,-9999.0
67254,-9999.0
67255,-9999.0
67256,-9999.0
67257,-9999.0
67258,-9999.0
67259,-9999.0
67260,-9999.0
67261,-9999.0
67262,-9999.0
67263,-9999.0
67264,-9999.0
67265,-9999.0
67266,-9999.0
67267,-9999.0
67268,-9999.0
67269,-9999.0
67270,-9999.0
67271,-9999.0
67272,-9999.0
67273,-9999.0
67274,-9999.0
67275,-9999.0
67276,-9999.0
67277,-9999.0
67278,-9999.0
67279,-9999.0
67280,-9999.0
67281,-9999.0
67282,-9999.0
67283,-9999.0
67284,-9999.0
67285,-9999.0
67286,-9999.0
67287,-9999.0
67288,-9999.0
67289,-9999.0
67290,-9999.0
67291,-9999.0
67292,-9999.0
67293,-9999.0
67294,-9999.0
67295,-9999.0
67296,-9999.0
67297,-9999.0
67298,-9999.0
67299,-9999.0
67300,-9999.0
67301,-9999.0
67302,-9999.0
67303,-9999.0
67304,-9999.0
67305,-9999.0
67306,-9999.0
67307,-9999.0
67308,-9999.0
67309,-9999.0
67310,-9999.0
67311,-9999.0
67312,-9999.0
67313,-9999.0
67314,-9999.0
67315,-9999.0
67316,-9999.0
67317,-9999.0
67318,-9999.0
67319,-9999.0
67320,-9999.0
67321,-9999.0
67322,-9999.0
67323,-9999.0
67324,-9999.0
67325,-9999.0
67326,-9999.0
67327,-9999.0
67328,-9999.0
67329,-9999.0
67330,-9999.0
67331,-9999.0
67332,-9999.0
67333,-9999.0
67334,-9999.0
67335,-9999.0
67336,-9999.0
67337,-9999.0
67338,-9999.0
67339,-9999.0
67340,-9999.0
67341,-9999.0
67342,-9999.0
67343,-9999.0
67344,-9999.0
67345,-9999.0
67346,-9999.0
67347,-9999.0
67348,-9999.0
67349,-9999.0
67350,-9999.0
67351,-9999.0
67352,-9999.0
67353,-9999.0
67354,-9999.0
67355,-9999.0
67356,-9999.0
67357,-9999.0
67358,-9999.0
67359,-9999.0
67360,-9999.0
67361,-9999.0
67362,-9999.0
67363,-9999.0
67364,-9999.0
67365,-9999.0
67366,-9999.0
67367,-9999.0
67368,-9999.0
67369,-9999.0
67370,-9999.0
67371,-9999.0
67372,-9999.0
67373,-9999.0
67374,-9999.0
67375,-9999.0
67376,-9999.0
67377,-9999.0
67378,-9999.0
67379,-9999.0
67380,-9999.0
67381,-9999.0
67382,-9999.0
67383,-9999.0
67384,-9999.0
67385,-9999.0
67386,-9999.0
67387,-9999.0
67388,-9999.0
67389,-9999.0
67390,-9999.0
67391,-9999.0
67392,-9999.0
67393,-9999.0
67394,-9999.0
67395,-9999.0
67396,-9999.0
67397,-9999.0
67398,-9999.0
67399,-9999.0
67400,-9999.0
67401,-9999.0
67402,-9999.0
67403,-9999.0
67404,-9999.0
67405,-9999.0
67406,-9999.0
67407,-9999.0
67408,-9999.0
67409,-9999.0
67410,-9999.0
67411,-9999.0
67412,-9999.0
67413,-9999.0
67414,-9999.0
67415,-9999.0
67416,-9999.0
67417,-9999.0
67418,-9999.0
67419,-9999.0
67420,-9999.0
67421,-9999.0
67422,-9999.0
67423,-9999.0
67424,-9999.0
67425,-9999.0
67426,-9999.0
67427,-9999.0
67428,-9999.0
67429,-9999.0
67430,-9999.0
67431,-9999.0
67432,-9999.0
67433,-9999.0
67434,-9999.0
67435,-9999.0
67436,-9999.0
67437,-9999.0
67438,-9999.0
67439,-9999.0
67440,-9999.0
67441,-9999.0
67442,-9999.0
67443,-9999.0
67444,-9999.0
67445,-9999.0
67446,-9999.0
67447,-9999.0
67448,-9999.0
67449,-9999.0
67450,-9999.0
67451,-9999.0
67452,-9999.0
67453,-9999.0
67454,-9999.0
67455,-9999.0
67456,-9999.0
67457,-9999.0
67458,-9999.0
67459,-9999.0
67460,-9999.0
67461,-9999.0
67462,-9999.0
67463,-9999.0
67464,-9999.0
67465,-9999.0
67466,-9999.0
67467,-9999.0
67468,-9999.0
67469,-9999.0
67470,-9999.0
67471,-9999.0
67472,-9999.0
67473,-9999.0
67474,-9999.0
67475,-9999.0
67476,-9999.0
67477,-9999.0
67478,-9999.0
67479,-9999.0
67480,-9999.0
67481,-9999.0
67482,-9999.0
67483,-9999.0
67484,-9999.0
67485,-9999.0
67486,-9999.0
67487,-9999.0
67488,-9999.0
67489,-9999.0
67490,-9999.0
67491,-9999.0
67492,-9999.0
67493,-9999.0
67494,-9999.0
67495,-9999.0
67496,-9999.0
67497,-9999.0
67498,-9999.0
67499,-9999.0
67500,-9999.0
67501,-9999.0
67502,-9999.0
67503,-9999.0
67504,-9999.0
67505,-9999.0
67506,-9999.0
67507,-9999.0
67508,-9999.0
67509,-9999.0
67510,-9999.0
67511,-9999.0
67512,-9999.0
67513,-9999.0
67514,-9999.0
67515,-9999.0
67516,-9999.0
67517,-9999.0
67518,-9999.0
67519,-9999.0
67520,-9999.0
67521,-9999.0
67522,-9999.0
67523,-9999.0
67524,-9999.0
67525,-9999.0
67526,-9999.0
67527,-9999.0
67528,-9999.0
67529,-9999.0
67530,-9999.0
67531,-9999.0
67532,-9999.0
67533,-9999.0
67534,-9999.0
67535,-9999.0
67536,-9999.0
67537,-9999.0
67538,-9999.0
67539,-9999.0
67540,-9999.0
67541,-9999.0
67542,-9999.0
67543,-9999.0
67544,-9999.0
67545,-9999.0
67546,-9999.0
67547,-9999.0
67548,-9999.0
67549,-9999.0
67550,-9999.0
67551,-9999.0
67552,-9999.0
67553,-9999.0
67554,-9999.0
67555,-9999.0
67556,-9999.0
67557,-9999.0
67558,-9999.0
67559,-9999.0
67560,-9999.0
67561,-9999.0
67562,-9999.0
67563,-9999.0
67564,-9999.0
67565,-9999.0
67566,-9999.0
67567,-9999.0
67568,-9999.0
67569,-9999.0
67570,-9999.0
67571,-9999.0
67572,-9999.0
67573,-9999.0
67574,-9999.0
67575,-9999.0
67576,-9999.0
67577,-9999.0
67578,-9999.0
67579,-9999.0
67580,-9999.0
67581,-9999.0
67582,-9999.0
67583,-9999.0
67584,-9999.0
67585,-9999.0
67586,-9999.0
67587,-9999.0
67588,-9999.0
67589,-9999.0
67590,-9999.0
67591,-9999.0
67592,-9999.0
67593,-9999.0
67594,-9999.0
67595,-9999.0
67596,-9999.0
67597,-9999.0
67598,-9999.0
67599,-9999.0
67600,-9999.0
67601,-9999.0
67602,-9999.0
67603,-9999.0
67604,-9999.0
67605,-9999.0
67606,-9999.0
67607,-9999.0
67608,-9999.0
67609,-9999.0
67610,-9999.0
67611,-9999.0
67612,-9999.0
67613,-9999.0
67614,-9999.0
67615,-9999.0
67616,-9999.0
67617,-9999.0
67618,-9999.0
67619,-9999.0
67620,-9999.0
67621,-9999.0
67622,-9999.0
67623,-9999.0
67624,-9999.0
67625,-9999.0
67626,-9999.0
67627,-9999.0
67628,-9999.0
67629,-9999.0
67630,-9999.0
67631,-9999.0
67632,-9999.0
67633,-9999.0
67634,-9999.0
67635,-9999.0
67636,-9999.0
67637,-9999.0
67638,-9999.0
67639,-9999.0
67640,-9999.0
67641,-9999.0
67642,-9999.0
67643,-9999.0
67644,-9999.0
67645,-9999.0
67646,-9999.0
67647,-9999.0
67648,-9999.0
67649,-9999.0
67650,-9999.0
67651,-9999.0
67652,-9999.0
67653,-9999.0
67654,-9999.0
67655,-9999.0
67656,-9999.0
67657,-9999.0
67658,-9999.0
67659,-9999.0
67660,-9999.0
67661,-9999.0
67662,-9999.0
67663,-9999.0
67664,-9999.0
67665,-9999.0
67666,-9999.0
67667,-9999.0
67668,-9999.0
67669,-9999.0
67670,-9999.0
67671,-9999.0
67672,-9999.0
67673,-9999.0
67674,-9999.0
67675,-9999.0
67676,-9999.0
67677,-9999.0
67678,-9999.0
67679,-9999.0
67680,-9999.0
67681,-9999.0
67682,-9999.0
67683,-9999.0
67684,-9999.0
67685,-9999.0
67686,-9999.0
67687,-9999.0
67688,-9999.0
67689,-9999.0
67690,-9999.0
67691,-9999.0
67692,-9999.0
67693,-9999.0
67694,-9999.0
67695,-9999.0
67696,-9999.0
67697,-9999.0
67698,-9999.0
67699,-9999.0
67700,-9999.0
67701,-9999.0
67702,-9999.0
67703,-9999.0
67704,-9999.0
67705,-9999.0
67706,-9999.0
67707,-9999.0
67708,-9999.0
67709,-9999.0
67710,-9999.0
67711,-9999.0
67712,-9999.0
67713,-9999.0
67714,-9999.0
67715,-9999.0
67716,-9999.0
67717,-9999.0
67718,-9999.0
67719,-9999.0
67720,-9999.0
67721,-9999.0
67722,-9999.0
67723,-9999.0
67724,-9999.0
67725,-9999.0
67726,-9999.0
67727,-9999.0
67728,-9999.0
67729,-9999.0
67730,-9999.0
67731,-9999.0
67732,-9999.0
67733,-9999.0
67734,-9999.0
67735,-9999.0
67736,-9999.0
67737,-9999.0
67738,-9999.0
67739,-9999.0
67740,-9999.0
67741,-9999.0
67742,-9999.0
67743,-9999.0
67744,-9999.0
67745,-9999.0
67746,-9999.0
67747,-9999.0
67748,-9999.0
67749,-9999.0
67750,-9999.0
67751,-9999.0
67752,-9999.0
67753,-9999.0
67754,-9999.0
67755,-9999.0
67756,-9999.0
67757,-9999.0
67758,-9999.0
67759,-9999.0
67760,-9999.0
67761,-9999.0
67762,-9999.0
67763,-9999.0
67764,-9999.0
67765,-9999.0
67766,-9999.0
67767,-9999.0
67768,-9999.0
67769,-9999.0
67770,-9999.0
67771,-9999.0
67772,-9999.0
67773,-9999.0
67774,-9999.0
67775,-9999.0
67776,-9999.0
67777,-9999.0
67778,-9999.0
67779,-9999.0
67780,-9999.0
67781,-9999.0
67782,-9999.0
67783,-9999.0
67784,-9999.0
67785,-9999.0
67786,-9999.0
67787,-9999.0
67788,-9999.0
67789,-9999.0
67790,-9999.0
67791,-9999.0
67792,-9999.0
67793,-9999.0
67794,-9999.0
67795,-9999.0
67796,-9999.0
67797,-9999.0
67798,-9999.0
67799,-9999.0
67800,-9999.0
67801,-9999.0
67802,-9999.0
67803,-9999.0
67804,-9999.0
67805,-9999.0
67806,-9999.0
67807,-9999.0
67808,-9999.0
67809,-9999.0
67810,-9999.0
67811,-9999.0
67812,-9999.0
67813,-9999.0
67814,-9999.0
67815,-9999.0
67816,-9999.0
67817,-9999.0
67818,-9999.0
67819,-9999.0
67820,-9999.0
67821,-9999.0
67822,-9999.0
67823,-9999.0
67824,-9999.0
67825,-9999.0
67826,-9999.0
67827,-9999.0
67828,-9999.0
67829,-9999.0
67830,-9999.0
67831,-9999.0
67832,-9999.0
67833,-9999.0
67834,-9999.0
67835,-9999.0
67836,-9999.0
67837,-9999.0
67838,-9999.0
67839,-9999.0
67840,-9999.0
67841,-9999.0
67842,-9999.0
67843,-9999.0
67844,-9999.0
67845,-9999.0
67846,-9999.0
67847,-9999.0
67848,-9999.0
67849,-9999.0
67850,-9999.0
67851,-9999.0
67852,-9999.0
67853,-9999.0
67854,-9999.0
67855,-9999.0
67856,-9999.0
67857,-9999.0
67858,-9999.0
67859,-9999.0
67860,-9999.0
67861,-9999.0
67862,-9999.0
67863,-9999.0
67864,-9999.0
67865,-9999.0
67866,-9999.0
67867,-9999.0
67868,-9999.0
67869,-9999.0
67870,-9999.0
67871,-9999.0
67872,-9999.0
67873,-9999.0
67874,-9999.0
67875,-9999.0
67876,-9999.0
67877,-9999.0
67878,-9999.0
67879,-9999.0
67880,-9999.0
67881,-9999.0
67882,-9999.0
67883,-9999.0
67884,-9999.0
67885,-9999.0
67886,-9999.0
67887,-9999.0
67888,-9999.0
67889,-9999.0
67890,-9999.0
67891,-9999.0
67892,-9999.0
67893,-9999.0
67894,-9999.0
67895,-9999.0
67896,-9999.0
67897,-9999.0
67898,-9999.0
67899,-9999.0
67900,-9999.0
67901,-9999.0
67902,-9999.0
67903,-9999.0
67904,-9999.0
67905,-9999.0
67906,-9999.0
67907,-9999.0
67908,-9999.0
67909,-9999.0
67910,-9999.0
67911,-9999.0
67912,-9999.0
67913,-9999.0
67914,-9999.0
67915,-9999.0
67916,-9999.0
67917,-9999.0
67918,-9999.0
67919,-9999.0
67920,-9999.0
67921,-9999.0
67922,-9999.0
67923,-9999.0
67924,-9999.0
67925,-9999.0
67926,-9999.0
67927,-9999.0
67928,-9999.0
67929,-9999.0
67930,-9999.0
67931,-9999.0
67932,-9999.0
67933,-9999.0
67934,-9999.0
67935,-9999.0
67936,-9999.0
67937,-9999.0
67938,-9999.0
67939,-9999.0
67940,-9999.0
67941,-9999.0
67942,-9999.0
67943,-9999.0
67944,-9999.0
67945,-9999.0
67946,-9999.0
67947,-9999.0
67948,-9999.0
67949,-9999.0
67950,-9999.0
67951,-9999.0
67952,-9999.0
67953,-9999.0
67954,-9999.0
67955,-9999.0
67956,-9999.0
67957,-9999.0
67958,-9999.0
67959,-9999.0
67960,-9999.0
67961,-9999.0
67962,-9999.0
67963,-9999.0
67964,-9999.0
67965,-9999.0
67966,-9999.0
67967,-9999.0
67968,-9999.0
67969,-9999.0
67970,-9999.0
67971,-9999.0
67972,-9999.0
67973,-9999.0
67974,-9999.0
67975,-9999.0
67976,-9999.0
67977,-9999.0
67978,-9999.0
67979,-9999.0
67980,-9999.0
67981,-9999.0
67982,-9999.0
67983,-9999.0
67984,-9999.0
67985,-9999.0
67986,-9999.0
67987,-9999.0
67988,-9999.0
67989,-9999.0
67990,-9999.0
67991,-9999.0
67992,-9999.0
67993,-9999.0
67994,-9999.0
67995,-9999.0
67996,-9999.0
67997,-9999.0
67998,-9999.0
67999,-9999.0
68000,-9999.0
68001,-9999.0
68002,-9999.0
68003,-9999.0
68004,-9999.0
68005,-9999.0
68006,-9999.0
68007,-9999.0
68008,-9999.0
68009,-9999.0
68010,-9999.0
68011,-9999.0
68012,-9999.0
68013,-9999.0
68014,-9999.0
68015,-9999.0
68016,-9999.0
68017,-9999.0
68018,-9999.0
68019,-9999.0
68020,-9999.0
68021,-9999.0
68022,-9999.0
68023,-9999.0
68024,-9999.0
68025,-9999.0
68026,-9999.0
68027,-9999.0
68028,-9999.0
68029,-9999.0
68030,-9999.0
68031,-9999.0
68032,-9999.0
68033,-9999.0
68034,-9999.0
68035,-9999.0
68036,-9999.0
68037,-9999.0
68038,-9999.0
68039,-9999.0
68040,-9999.0
68041,-9999.0
68042,-9999.0
68043,-9999.0
68044,-9999.0
68045,-9999.0
68046,-9999.0
68047,-9999.0
68048,-9999.0
68049,-9999.0
68050,-9999.0
68051,-9999.0
68052,-9999.0
68053,-9999.0
68054,-9999.0
68055,-9999.0
68056,-9999.0
68057,-9999.0
68058,-9999.0
68059,-9999.0
68060,-9999.0
68061,-9999.0
68062,-9999.0
68063,-9999.0
68064,-9999.0
68065,-9999.0
68066,-9999.0
68067,-9999.0
68068,-9999.0
68069,-9999.0
68070,-9999.0
68071,-9999.0
68072,-9999.0
68073,-9999.0
68074,-9999.0
68075,-9999.0
68076,-9999.0
68077,-9999.0
68078,-9999.0
68079,-9999.0
68080,-9999.0
68081,-9999.0
68082,-9999.0
68083,-9999.0
68084,-9999.0
68085,-9999.0
68086,-9999.0
68087,-9999.0
68088,-9999.0
68089,-9999.0
68090,-9999.0
68091,-9999.0
68092,-9999.0
68093,-9999.0
68094,-9999.0
68095,-9999.0
68096,-9999.0
68097,-9999.0
68098,-9999.0
68099,-9999.0
68100,-9999.0
68101,-9999.0
68102,-9999.0
68103,-9999.0
68104,-9999.0
68105,-9999.0
68106,-9999.0
68107,-9999.0
68108,-9999.0
68109,-9999.0
68110,-9999.0
68111,-9999.0
68112,-9999.0
68113,-9999.0
68114,-9999.0
68115,-9999.0
68116,-9999.0
68117,-9999.0
68118,-9999.0
68119,-9999.0
68120,-9999.0
68121,-9999.0
68122,-9999.0
68123,-9999.0
68124,-9999.0
68125,-9999.0
68126,-9999.0
68127,-9999.0
68128,-9999.0
68129,-9999.0
68130,-9999.0
68131,-9999.0
68132,-9999.0
68133,-9999.0
68134,-9999.0
68135,-9999.0
68136,-9999.0
68137,-9999.0
68138,-9999.0
68139,-9999.0
68140,-9999.0
68141,-9999.0
68142,-9999.0
68143,-9999.0
68144,-9999.0
68145,-9999.0
68146,-9999.0
68147,-9999.0
68148,-9999.0
68149,-9999.0
68150,-9999.0
68151,-9999.0
68152,-9999.0
68153,-9999.0
68154,-9999.0
68155,-9999.0
68156,-9999.0
68157,-9999.0
68158,-9999.0
68159,-9999.0
68160,-9999.0
68161,-9999.0
68162,-9999.0
68163,-9999.0
68164,-9999.0
68165,-9999.0
68166,-9999.0
68167,-9999.0
68168,-9999.0
68169,-9999.0
68170,-9999.0
68171,-9999.0
68172,-9999.0
68173,-9999.0
68174,-9999.0
68175,-9999.0
68176,-9999.0
68177,-9999.0
68178,-9999.0
68179,-9999.0
68180,-9999.0
68181,-9999.0
68182,-9999.0
68183,-9999.0
68184,-9999.0
68185,-9999.0
68186,-9999.0
68187,-9999.0
68188,-9999.0
68189,-9999.0
68190,-9999.0
68191,-9999.0
68192,-9999.0
68193,-9999.0
68194,-9999.0
68195,-9999.0
68196,-9999.0
68197,-9999.0
68198,-9999.0
68199,-9999.0
68200,-9999.0
68201,-9999.0
68202,-9999.0
68203,-9999.0
68204,-9999.0
68205,-9999.0
68206,-9999.0
68207,-9999.0
68208,-9999.0
68209,-9999.0
68210,-9999.0
68211,-9999.0
68212,-9999.0
68213,-9999.0
68214,-9999.0
68215,-9999.0
68216,-9999.0
68217,-9999.0
68218,-9999.0
68219,-9999.0
68220,-9999.0
68221,-9999.0
68222,-9999.0
68223,-9999.0
68224,-9999.0
68225,-9999.0
68226,-9999.0
68227,-9999.0
68228,-9999.0
68229,-9999.0
68230,-9999.0
68231,-9999.0
68232,-9999.0
68233,-9999.0
68234,-9999.0
68235,-9999.0
68236,-9999.0
68237,-9999.0
68238,-9999.0
68239,-9999.0
68240,-9999.0
68241,-9999.0
68242,-9999.0
68243,-9999.0
68244,-9999.0
68245,-9999.0
68246,-9999.0
68247,-9999.0
68248,-9999.0
68249,-9999.0
68250,-9999.0
68251,-9999.0
68252,-9999.0
68253,-9999.0
68254,-9999.0
68255,-9999.0
68256,-9999.0
68257,-9999.0
68258,-9999.0
68259,-9999.0
68260,-9999.0
68261,-9999.0
68262,-9999.0
68263,-9999.0
68264,-9999.0
68265,-9999.0
68266,-9999.0
68267,-9999.0
68268,-9999.0
68269,-9999.0
68270,-9999.0
68271,-9999.0
68272,-9999.0
68273,-9999.0
68274,-9999.0
68275,-9999.0
68276,-9999.0
68277,-9999.0
68278,-9999.0
68279,-9999.0
68280,-9999.0
68281,-9999.0
68282,-9999.0
68283,-9999.0
68284,-9999.0
68285,-9999.0
68286,-9999.0
68287,-9999.0
68288,-9999.0
68289,-9999.0
68290,-9999.0
68291,-9999.0
68292,-9999.0
68293,-9999.0
68294,-9999.0
68295,-9999.0
68296,-9999.0
68297,-9999.0
68298,-9999.0
68299,-9999.0
68300,-9999.0
68301,-9999.0
68302,-9999.0
68303,-9999.0
68304,-9999.0
68305,-9999.0
68306,-9999.0
68307,-9999.0
68308,-9999.0
68309,-9999.0
68310,-9999.0
68311,-9999.0
68312,-9999.0
68313,-9999.0
68314,-9999.0
68315,-9999.0
68316,-9999.0
68317,-9999.0
68318,-9999.0
68319,-9999.0
68320,-9999.0
68321,-9999.0
68322,-9999.0
68323,-9999.0
68324,-9999.0
68325,-9999.0
68326,-9999.0
68327,-9999.0
68328,-9999.0
68329,-9999.0
68330,-9999.0
68331,-9999.0
68332,-9999.0
68333,-9999.0
68334,-9999.0
68335,-9999.0
68336,-9999.0
68337,-9999.0
68338,-9999.0
68339,-9999.0
68340,-9999.0
68341,-9999.0
68342,-9999.0
68343,-9999.0
68344,-9999.0
68345,-9999.0
68346,-9999.0
68347,-9999.0
68348,-9999.0
68349,-9999.0
68350,-9999.0
68351,-9999.0
68352,-9999.0
68353,-9999.0
68354,-9999.0
68355,-9999.0
68356,-9999.0
68357,-9999.0
68358,-9999.0
68359,-9999.0
68360,-9999.0
68361,-9999.0
68362,-9999.0
68363,-9999.0
68364,-9999.0
68365,-9999.0
68366,-9999.0
68367,-9999.0
68368,-9999.0
68369,-9999.0
68370,-9999.0
68371,-9999.0
68372,-9999.0
68373,-9999.0
68374,-9999.0
68375,-9999.0
68376,-9999.0
68377,-9999.0
68378,-9999.0
68379,-9999.0
68380,-9999.0
68381,-9999.0
68382,-9999.0
68383,-9999.0
68384,-9999.0
68385,-9999.0
68386,-9999.0
68387,-9999.0
68388,-9999.0
68389,-9999.0
68390,-9999.0
68391,-9999.0
68392,-9999.0
68393,-9999.0
68394,-9999.0
68395,-9999.0
68396,-9999.0
68397,-9999.0
68398,-9999.0
68399,-9999.0
68400,-9999.0
68401,-9999.0
68402,-9999.0
68403,-9999.0
68404,-9999.0
68405,-9999.0
68406,-9999.0
68407,-9999.0
68408,-9999.0
68409,-9999.0
68410,-9999.0
68411,-9999.0
68412,-9999.0
68413,-9999.0
68414,-9999.0
68415,-9999.0
68416,-9999.0
68417,-9999.0
68418,-9999.0
68419,-9999.0
68420,-9999.0
68421,-9999.0
68422,-9999.0
68423,-9999.0
68424,-9999.0
68425,-9999.0
68426,-9999.0
68427,-9999.0
68428,-9999.0
68429,-9999.0
68430,-9999.0
68431,-9999.0
68432,-9999.0
68433,-9999.0
68434,-9999.0
68435,-9999.0
68436,-9999.0
68437,-9999.0
68438,-9999.0
68439,-9999.0
68440,-9999.0
68441,-9999.0
68442,-9999.0
68443,-9999.0
68444,-9999.0
68445,-9999.0
68446,-9999.0
68447,-9999.0
68448,-9999.0
68449,-9999.0
68450,-9999.0
68451,-9999.0
68452,-9999.0
68453,-9999.0
68454,-9999.0
68455,-9999.0
68456,-9999.0
68457,-9999.0
68458,-9999.0
68459,-9999.0
68460,-9999.0
68461,-9999.0
68462,-9999.0
68463,-9999.0
68464,-9999.0
68465,-9999.0
68466,-9999.0
68467,-9999.0
68468,-9999.0
68469,-9999.0
68470,-9999.0
68471,-9999.0
68472,-9999.0
68473,-9999.0
68474,-9999.0
68475,-9999.0
68476,-9999.0
68477,-9999.0
68478,-9999.0
68479,-9999.0
68480,-9999.0
68481,-9999.0
68482,-9999.0
68483,-9999.0
68484,-9999.0
68485,-9999.0
68486,-9999.0
68487,-9999.0
68488,-9999.0
68489,-9999.0
68490,-9999.0
68491,-9999.0
68492,-9999.0
68493,-9999.0
68494,-9999.0
68495,-9999.0
68496,-9999.0
68497,-9999.0
68498,-9999.0
68499,-9999.0
68500,-9999.0
68501,-9999.0
68502,-9999.0
68503,-9999.0
68504,-9999.0
68505,-9999.0
68506,-9999.0
68507,-9999.0
68508,-9999.0
68509,-9999.0
68510,-9999.0
68511,-9999.0
68512,-9999.0
68513,-9999.0
68514,-9999.0
68515,-9999.0
68516,-9999.0
68517,-9999.0
68518,-9999.0
68519,-9999.0
68520,-9999.0
68521,-9999.0
68522,-9999.0
68523,-9999.0
68524,-9999.0
68525,-9999.0
68526,-9999.0
68527,-9999.0
68528,-9999.0
68529,-9999.0
68530,-9999.0
68531,-9999.0
68532,-9999.0
68533,-9999.0
68534,-9999.0
68535,-9999.0
68536,-9999.0
68537,-9999.0
68538,-9999.0
68539,-9999.0
68540,-9999.0
68541,-9999.0
68542,-9999.0
68543,-9999.0
68544,-9999.0
68545,-9999.0
68546,-9999.0
68547,-9999.0
68548,-9999.0
68549,-9999.0
68550,-9999.0
68551,-9999.0
68552,-9999.0
68553,-9999.0
68554,-9999.0
68555,-9999.0
68556,-9999.0
68557,-9999.0
68558,-9999.0
68559,-9999.0
68560,-9999.0
68561,-9999.0
68562,-9999.0
68563,-9999.0
68564,-9999.0
68565,-9999.0
68566,-9999.0
68567,-9999.0
68568,-9999.0
68569,-9999.0
68570,-9999.0
68571,-9999.0
68572,-9999.0
68573,-9999.0
68574,-9999.0
68575,-9999.0
68576,-9999.0
68577,-9999.0
68578,-9999.0
68579,-9999.0
68580,-9999.0
68581,-9999.0
68582,-9999.0
68583,-9999.0
68584,-9999.0
68585,-9999.0
68586,-9999.0
68587,-9999.0
68588,-9999.0
68589,-9999.0
68590,-9999.0
68591,-9999.0
68592,-9999.0
68593,-9999.0
68594,-9999.0
68595,-9999.0
68596,-9999.0
68597,-9999.0
68598,-9999.0
68599,-9999.0
68600,-9999.0
68601,-9999.0
68602,-9999.0
68603,-9999.0
68604,-9999.0
68605,-9999.0
68606,-9999.0
68607,-9999.0
68608,-9999.0
68609,-9999.0
68610,-9999.0
68611,-9999.0
68612,-9999.0
68613,-9999.0
68614,-9999.0
68615,-9999.0
68616,-9999.0
68617,-9999.0
68618,-9999.0
68619,-9999.0
68620,-9999.0
68621,-9999.0
68622,-9999.0
68623,-9999.0
68624,-9999.0
68625,-9999.0
68626,-9999.0
68627,-9999.0
68628,-9999.0
68629,-9999.0
68630,-9999.0
68631,-9999.0
68632,-9999.0
68633,-9999.0
68634,-9999.0
68635,-9999.0
68636,-9999.0
68637,-9999.0
68638,-9999.0
68639,-9999.0
68640,-9999.0
68641,-9999.0
68642,-9999.0
68643,-9999.0
68644,-9999.0
68645,-9999.0
68646,-9999.0
68647,-9999.0
68648,-9999.0
68649,-9999.0
68650,-9999.0
68651,-9999.0
68652,-9999.0
68653,-9999.0
68654,-9999.0
68655,-9999.0
68656,-9999.0
68657,-9999.0
68658,-9999.0
68659,-9999.0
68660,-9999.0
68661,-9999.0
68662,-9999.0
68663,-9999.0
68664,-9999.0
68665,-9999.0
68666,-9999.0
68667,-9999.0
68668,-9999.0
68669,-9999.0
68670,-9999.0
68671,-9999.0
68672,-9999.0
68673,-9999.0
68674,-9999.0
68675,-9999.0
68676,-9999.0
68677,-9999.0
68678,-9999.0
68679,-9999.0
68680,-9999.0
68681,-9999.0
68682,-9999.0
68683,-9999.0
68684,-9999.0
68685,-9999.0
68686,-9999.0
68687,-9999.0
68688,-9999.0
68689,-9999.0
68690,-9999.0
68691,-9999.0
68692,-9999.0
68693,-9999.0
68694,-9999.0
68695,-9999.0
68696,-9999.0
68697,-9999.0
68698,-9999.0
68699,-9999.0
68700,-9999.0
68701,-9999.0
68702,-9999.0
68703,-9999.0
68704,-9999.0
68705,-9999.0
68706,-9999.0
68707,-9999.0
68708,-9999.0
68709,-9999.0
68710,-9999.0
68711,-9999.0
68712,-9999.0
68713,-9999.0
68714,-9999.0
68715,-9999.0
68716,-9999.0
68717,-9999.0
68718,-9999.0
68719,-9999.0
68720,-9999.0
68721,-9999.0
68722,-9999.0
68723,-9999.0
68724,-9999.0
68725,-9999.0
68726,-9999.0
68727,-9999.0
68728,-9999.0
68729,-9999.0
68730,-9999.0
68731,-9999.0
68732,-9999.0
68733,-9999.0
68734,-9999.0
68735,-9999.0
68736,-9999.0
68737,-9999.0
68738,-9999.0
68739,-9999.0
68740,-9999.0
68741,-9999.0
68742,-9999.0
68743,-9999.0
68744,-9999.0
68745,-9999.0
68746,-9999.0
68747,-9999.0
68748,-9999.0
68749,-9999.0
68750,-9999.0
68751,-9999.0
68752,-9999.0
68753,-9999.0
68754,-9999.0
68755,-9999.0
68756,-9999.0
68757,-9999.0
68758,-9999.0
68759,-9999.0
68760,-9999.0
68761,-9999.0
68762,-9999.0
68763,-9999.0
68764,-9999.0
68765,-9999.0
68766,-9999.0
68767,-9999.0
68768,-9999.0
68769,-9999.0
68770,-9999.0
68771,-9999.0
68772,-9999.0
68773,-9999.0
68774,-9999.0
68775,-9999.0
68776,-9999.0
68777,-9999.0
68778,-9999.0
68779,-9999.0
68780,-9999.0
68781,-9999.0
68782,-9999.0
68783,-9999.0
68784,-9999.0
68785,-9999.0
68786,-9999.0
68787,-9999.0
68788,-9999.0
68789,-9999.0
68790,-9999.0
68791,-9999.0
68792,-9999.0
68793,-9999.0
68794,-9999.0
68795,-9999.0
68796,-9999.0
68797,-9999.0
68798,-9999.0
68799,-9999.0
68800,-9999.0
68801,-9999.0
68802,-9999.0
68803,-9999.0
68804,-9999.0
68805,-9999.0
68806,-9999.0
68807,-9999.0
68808,-9999.0
68809,-9999.0
68810,-9999.0
68811,-9999.0
68812,-9999.0
68813,-9999.0
68814,-9999.0
68815,-9999.0
68816,-9999.0
68817,-9999.0
68818,-9999.0
68819,-9999.0
68820,-9999.0
68821,-9999.0
68822,-9999.0
68823,-9999.0
68824,-9999.0
68825,-9999.0
68826,-9999.0
68827,-9999.0
68828,-9999.0
68829,-9999.0
68830,-9999.0
68831,-9999.0
68832,-9999.0
68833,-9999.0
68834,-9999.0
68835,-9999.0
68836,-9999.0
68837,-9999.0
68838,-9999.0
68839,-9999.0
68840,-9999.0
68841,-9999.0
68842,-9999.0
68843,-9999.0
68844,-9999.0
68845,-9999.0
68846,-9999.0
68847,-9999.0
68848,-9999.0
68849,-9999.0
68850,-9999.0
68851,-9999.0
68852,-9999.0
68853,-9999.0
68854,-9999.0
68855,-9999.0
68856,-9999.0
68857,-9999.0
68858,-9999.0
68859,-9999.0
68860,-9999.0
68861,-9999.0
68862,-9999.0
68863,-9999.0
68864,-9999.0
68865,-9999.0
68866,-9999.0
68867,-9999.0
68868,-9999.0
68869,-9999.0
68870,-9999.0
68871,-9999.0
68872,-9999.0
68873,-9999.0
68874,-9999.0
68875,-9999.0
68876,-9999.0
68877,-9999.0
68878,-9999.0
68879,-9999.0
68880,-9999.0
68881,-9999.0
68882,-9999.0
68883,-9999.0
68884,-9999.0
68885,-9999.0
68886,-9999.0
68887,-9999.0
68888,-9999.0
68889,-9999.0
68890,-9999.0
68891,-9999.0
68892,-9999.0
68893,-9999.0
68894,-9999.0
68895,-9999.0
68896,-9999.0
68897,-9999.0
68898,-9999.0
68899,-9999.0
68900,-9999.0
68901,-9999.0
68902,-9999.0
68903,-9999.0
68904,-9999.0
68905,-9999.0
68906,-9999.0
68907,-9999.0
68908,-9999.0
68909,-9999.0
68910,-9999.0
68911,-9999.0
68912,-9999.0
68913,-9999.0
68914,-9999.0
68915,-9999.0
68916,-9999.0
68917,-9999.0
68918,-9999.0
68919,-9999.0
68920,-9999.0
68921,-9999.0
68922,-9999.0
68923,-9999.0
68924,-9999.0
68925,-9999.0
68926,-9999.0
68927,-9999.0
68928,-9999.0
68929,-9999.0
68930,-9999.0
68931,-9999.0
68932,-9999.0
68933,-9999.0
68934,-9999.0
68935,-9999.0
68936,-9999.0
68937,-9999.0
68938,-9999.0
68939,-9999.0
68940,-9999.0
68941,-9999.0
68942,-9999.0
68943,-9999.0
68944,-9999.0
68945,-9999.0
68946,-9999.0
68947,-9999.0
68948,-9999.0
68949,-9999.0
68950,-9999.0
68951,-9999.0
68952,-9999.0
68953,-9999.0
68954,-9999.0
68955,-9999.0
68956,-9999.0
68957,-9999.0
68958,-9999.0
68959,-9999.0
68960,-9999.0
68961,-9999.0
68962,-9999.0
68963,-9999.0
68964,-9999.0
68965,-9999.0
68966,-9999.0
68967,-9999.0
68968,-9999.0
68969,-9999.0
68970,-9999.0
68971,-9999.0
68972,-9999.0
68973,-9999.0
68974,-9999.0
68975,-9999.0
68976,-9999.0
68977,-9999.0
68978,-9999.0
68979,-9999.0
68980,-9999.0
68981,-9999.0
68982,-9999.0
68983,-9999.0
68984,-9999.0
68985,-9999.0
68986,-9999.0
68987,-9999.0
68988,-9999.0
68989,-9999.0
68990,-9999.0
68991,-9999.0
68992,-9999.0
68993,-9999.0
68994,-9999.0
68995,-9999.0
68996,-9999.0
68997,-9999.0
68998,-9999.0
68999,-9999.0
69000,-9999.0
69001,-9999.0
69002,-9999.0
69003,-9999.0
69004,-9999.0
69005,-9999.0
69006,-9999.0
69007,-9999.0
69008,-9999.0
69009,-9999.0
69010,-9999.0
69011,-9999.0
69012,-9999.0
69013,-9999.0
69014,-9999.0
69015,-9999.0
69016,-9999.0
69017,-9999.0
69018,-9999.0
69019,-9999.0
69020,-9999.0
69021,-9999.0
69022,-9999.0
69023,-9999.0
69024,-9999.0
69025,-9999.0
69026,-9999.0
69027,-9999.0
69028,-9999.0
69029,-9999.0
69030,-9999.0
69031,-9999.0
69032,-9999.0
69033,-9999.0
69034,-9999.0
69035,-9999.0
69036,-9999.0
69037,-9999.0
69038,-9999.0
69039,-9999.0
69040,-9999.0
69041,-9999.0
69042,-9999.0
69043,-9999.0
69044,-9999.0
69045,-9999.0
69046,-9999.0
69047,-9999.0
69048,-9999.0
69049,-9999.0
69050,-9999.0
69051,-9999.0
69052,-9999.0
69053,-9999.0
69054,-9999.0
69055,-9999.0
69056,-9999.0
69057,-9999.0
69058,-9999.0
69059,-9999.0
69060,-9999.0
69061,-9999.0
69062,-9999.0
69063,-9999.0
69064,-9999.0
69065,-9999.0
69066,-9999.0
69067,-9999.0
69068,-9999.0
69069,-9999.0
69070,-9999.0
69071,-9999.0
69072,-9999.0
69073,-9999.0
69074,-9999.0
69075,-9999.0
69076,-9999.0
69077,-9999.0
69078,-9999.0
69079,-9999.0
69080,-9999.0
69081,-9999.0
69082,-9999.0
69083,-9999.0
69084,-9999.0
69085,-9999.0
69086,-9999.0
69087,-9999.0
69088,-9999.0
69089,-9999.0
69090,-9999.0
69091,-9999.0
69092,-9999.0
69093,-9999.0
69094,-9999.0
69095,-9999.0
69096,-9999.0
69097,-9999.0
69098,-9999.0
69099,-9999.0
69100,-9999.0
69101,-9999.0
69102,-9999.0
69103,-9999.0
69104,-9999.0
69105,-9999.0
69106,-9999.0
69107,-9999.0
69108,-9999.0
69109,-9999.0
69110,-9999.0
69111,-9999.0
69112,-9999.0
69113,-9999.0
69114,-9999.0
69115,-9999.0
69116,-9999.0
69117,-9999.0
69118,-9999.0
69119,-9999.0
69120,-9999.0
69121,-9999.0
69122,-9999.0
69123,-9999.0
69124,-9999.0
69125,-9999.0
69126,-9999.0
69127,-9999.0
69128,-9999.0
69129,-9999.0
69130,-9999.0
69131,-9999.0
69132,-9999.0
69133,-9999.0
69134,-9999.0
69135,-9999.0
69136,-9999.0
69137,-9999.0
69138,-9999.0
69139,-9999.0
69140,-9999.0
69141,-9999.0
69142,-9999.0
69143,-9999.0
69144,-9999.0
69145,-9999.0
69146,-9999.0
69147,-9999.0
69148,-9999.0
69149,-9999.0
69150,-9999.0
69151,-9999.0
69152,-9999.0
69153,-9999.0
69154,-9999.0
69155,-9999.0
69156,-9999.0
69157,-9999.0
69158,-9999.0
69159,-9999.0
69160,-9999.0
69161,-9999.0
69162,-9999.0
69163,-9999.0
69164,-9999.0
69165,-9999.0
69166,-9999.0
69167,-9999.0
69168,-9999.0
69169,-9999.0
69170,-9999.0
69171,-9999.0
69172,-9999.0
69173,-9999.0
69174,-9999.0
69175,-9999.0
69176,-9999.0
69177,-9999.0
69178,-9999.0
69179,-9999.0
69180,-9999.0
69181,-9999.0
69182,-9999.0
69183,-9999.0
69184,-9999.0
69185,-9999.0
69186,-9999.0
69187,-9999.0
69188,-9999.0
69189,-9999.0
69190,-9999.0
69191,-9999.0
69192,-9999.0
69193,-9999.0
69194,-9999.0
69195,-9999.0
69196,-9999.0
69197,-9999.0
69198,-9999.0
69199,-9999.0
69200,-9999.0
69201,-9999.0
69202,-9999.0
69203,-9999.0
69204,-9999.0
69205,-9999.0
69206,-9999.0
69207,-9999.0
69208,-9999.0
69209,-9999.0
69210,-9999.0
69211,-9999.0
69212,-9999.0
69213,-9999.0
69214,-9999.0
69215,-9999.0
69216,-9999.0
69217,-9999.0
69218,-9999.0
69219,-9999.0
69220,-9999.0
69221,-9999.0
69222,-9999.0
69223,-9999.0
69224,-9999.0
69225,-9999.0
69226,-9999.0
69227,-9999.0
69228,-9999.0
69229,-9999.0
69230,-9999.0
69231,-9999.0
69232,-9999.0
69233,-9999.0
69234,-9999.0
69235,-9999.0
69236,-9999.0
69237,-9999.0
69238,-9999.0
69239,-9999.0
69240,-9999.0
69241,-9999.0
69242,-9999.0
69243,-9999.0
69244,-9999.0
69245,-9999.0
69246,-9999.0
69247,-9999.0
69248,-9999.0
69249,-9999.0
69250,-9999.0
69251,-9999.0
69252,-9999.0
69253,-9999.0
69254,-9999.0
69255,-9999.0
69256,-9999.0
69257,-9999.0
69258,-9999.0
69259,-9999.0
69260,-9999.0
69261,-9999.0
69262,-9999.0
69263,-9999.0
69264,-9999.0
69265,-9999.0
69266,-9999.0
69267,-9999.0
69268,-9999.0
69269,-9999.0
69270,-9999.0
69271,-9999.0
69272,-9999.0
69273,-9999.0
69274,-9999.0
69275,-9999.0
69276,-9999.0
69277,-9999.0
69278,-9999.0
69279,-9999.0
69280,-9999.0
69281,-9999.0
69282,-9999.0
69283,-9999.0
69284,-9999.0
69285,-9999.0
69286,-9999.0
69287,-9999.0
69288,-9999.0
69289,-9999.0
69290,-9999.0
69291,-9999.0
69292,-9999.0
69293,-9999.0
69294,-9999.0
69295,-9999.0
69296,-9999.0
69297,-9999.0
69298,-9999.0
69299,-9999.0
69300,-9999.0
69301,-9999.0
69302,-9999.0
69303,-9999.0
69304,-9999.0
69305,-9999.0
69306,-9999.0
69307,-9999.0
69308,-9999.0
69309,-9999.0
69310,-9999.0
69311,-9999.0
69312,-9999.0
69313,-9999.0
69314,-9999.0
69315,-9999.0
69316,-9999.0
69317,-9999.0
69318,-9999.0
69319,-9999.0
69320,-9999.0
69321,-9999.0
69322,-9999.0
69323,-9999.0
69324,-9999.0
69325,-9999.0
69326,-9999.0
69327,-9999.0
69328,-9999.0
69329,-9999.0
69330,-9999.0
69331,-9999.0
69332,-9999.0
69333,-9999.0
69334,-9999.0
69335,-9999.0
69336,-9999.0
69337,-9999.0
69338,-9999.0
69339,-9999.0
69340,-9999.0
69341,-9999.0
69342,-9999.0
69343,-9999.0
69344,-9999.0
69345,-9999.0
69346,-9999.0
69347,-9999.0
69348,-9999.0
69349,-9999.0
69350,-9999.0
69351,-9999.0
69352,-9999.0
69353,-9999.0
69354,-9999.0
69355,-9999.0
69356,-9999.0
69357,-9999.0
69358,-9999.0
69359,-9999.0
69360,-9999.0
69361,-9999.0
69362,-9999.0
69363,-9999.0
69364,-9999.0
69365,-9999.0
69366,-9999.0
69367,-9999.0
69368,-9999.0
69369,-9999.0
69370,-9999.0
69371,-9999.0
69372,-9999.0
69373,-9999.0
69374,-9999.0
69375,-9999.0
69376,-9999.0
69377,-9999.0
69378,-9999.0
69379,-9999.0
69380,-9999.0
69381,-9999.0
69382,-9999.0
69383,-9999.0
69384,-9999.0
69385,-9999.0
69386,-9999.0
69387,-9999.0
69388,-9999.0
69389,-9999.0
69390,-9999.0
69391,-9999.0
69392,-9999.0
69393,-9999.0
69394,-9999.0
69395,-9999.0
69396,-9999.0
69397,-9999.0
69398,-9999.0
69399,-9999.0
69400,-9999.0
69401,-9999.0
69402,-9999.0
69403,-9999.0
69404,-9999.0
69405,-9999.0
69406,-9999.0
69407,-9999.0
69408,-9999.0
69409,-9999.0
69410,-9999.0
69411,-9999.0
69412,-9999.0
69413,-9999.0
69414,-9999.0
69415,-9999.0
69416,-9999.0
69417,-9999.0
69418,-9999.0
69419,-9999.0
69420,-9999.0
69421,-9999.0
69422,-9999.0
69423,-9999.0
69424,-9999.0
69425,-9999.0
69426,-9999.0
69427,-9999.0
69428,-9999.0
69429,-9999.0
69430,-9999.0
69431,-9999.0
69432,-9999.0
69433,-9999.0
69434,-9999.0
69435,-9999.0
69436,-9999.0
69437,-9999.0
69438,-9999.0
69439,-9999.0
69440,-9999.0
69441,-9999.0
69442,-9999.0
69443,-9999.0
69444,-9999.0
69445,-9999.0
69446,-9999.0
69447,-9999.0
69448,-9999.0
69449,-9999.0
69450,-9999.0
69451,-9999.0
69452,-9999.0
69453,-9999.0
69454,-9999.0
69455,-9999.0
69456,-9999.0
69457,-9999.0
69458,-9999.0
69459,-9999.0
69460,-9999.0
69461,-9999.0
69462,-9999.0
69463,-9999.0
69464,-9999.0
69465,-9999.0
69466,-9999.0
69467,-9999.0
69468,-9999.0
69469,-9999.0
69470,-9999.0
69471,-9999.0
69472,-9999.0
69473,-9999.0
69474,-9999.0
69475,-9999.0
69476,-9999.0
69477,-9999.0
69478,-9999.0
69479,-9999.0
69480,-9999.0
69481,-9999.0
69482,-9999.0
69483,-9999.0
69484,-9999.0
69485,-9999.0
69486,-9999.0
69487,-9999.0
69488,-9999.0
69489,-9999.0
69490,-9999.0
69491,-9999.0
69492,-9999.0
69493,-9999.0
69494,-9999.0
69495,-9999.0
69496,-9999.0
69497,-9999.0
69498,-9999.0
69499,-9999.0
69500,-9999.0
69501,-9999.0
69502,-9999.0
69503,-9999.0
69504,-9999.0
69505,-9999.0
69506,-9999.0
69507,-9999.0
69508,-9999.0
69509,-9999.0
69510,-9999.0
69511,-9999.0
69512,-9999.0
69513,-9999.0
69514,-9999.0
69515,-9999.0
69516,-9999.0
69517,-9999.0
69518,-9999.0
69519,-9999.0
69520,-9999.0
69521,-9999.0
69522,-9999.0
69523,-9999.0
69524,-9999.0
69525,-9999.0
69526,-9999.0
69527,-9999.0
69528,-9999.0
69529,-9999.0
69530,-9999.0
69531,-9999.0
69532,-9999.0
69533,-9999.0
69534,-9999.0
69535,-9999.0
69536,-9999.0
69537,-9999.0
69538,-9999.0
69539,-9999.0
69540,-9999.0
69541,-9999.0
69542,-9999.0
69543,-9999.0
69544,-9999.0
69545,-9999.0
69546,-9999.0
69547,-9999.0
69548,-9999.0
69549,-9999.0
69550,-9999.0
69551,-9999.0
69552,-9999.0
69553,-9999.0
69554,-9999.0
69555,-9999.0
69556,-9999.0
69557,-9999.0
69558,-9999.0
69559,-9999.0
69560,-9999.0
69561,-9999.0
69562,-9999.0
69563,-9999.0
69564,-9999.0
69565,-9999.0
69566,-9999.0
69567,-9999.0
69568,-9999.0
69569,-9999.0
69570,-9999.0
69571,-9999.0
69572,-9999.0
69573,-9999.0
69574,-9999.0
69575,-9999.0
69576,-9999.0
69577,-9999.0
69578,-9999.0
69579,-9999.0
69580,-9999.0
69581,-9999.0
69582,-9999.0
69583,-9999.0
69584,-9999.0
69585,-9999.0
69586,-9999.0
69587,-9999.0
69588,-9999.0
69589,-9999.0
69590,-9999.0
69591,-9999.0
69592,-9999.0
69593,-9999.0
69594,-9999.0
69595,-9999.0
69596,-9999.0
69597,-9999.0
69598,-9999.0
69599,-9999.0
69600,-9999.0
69601,-9999.0
69602,-9999.0
69603,-9999.0
69604,-9999.0
69605,-9999.0
69606,-9999.0
69607,-9999.0
69608,-9999.0
69609,-9999.0
69610,-9999.0
69611,-9999.0
69612,-9999.0
69613,-9999.0
69614,-9999.0
69615,-9999.0
69616,-9999.0
69617,-9999.0
69618,-9999.0
69619,-9999.0
69620,-9999.0
69621,-9999.0
69622,-9999.0
69623,-9999.0
69624,-9999.0
69625,-9999.0
69626,-9999.0
69627,-9999.0
69628,-9999.0
69629,-9999.0
69630,-9999.0
69631,-9999.0
69632,-9999.0
69633,-9999.0
69634,-9999.0
69635,-9999.0
69636,-9999.0
69637,-9999.0
69638,-9999.0
69639,-9999.0
69640,-9999.0
69641,-9999.0
69642,-9999.0
69643,-9999.0
69644,-9999.0
69645,-9999.0
69646,-9999.0
69647,-9999.0
69648,-9999.0
69649,-9999.0
69650,-9999.0
69651,-9999.0
69652,-9999.0
69653,-9999.0
69654,-9999.0
69655,-9999.0
69656,-9999.0
69657,-9999.0
69658,-9999.0
69659,-9999.0
69660,-9999.0
69661,-9999.0
69662,-9999.0
69663,-9999.0
69664,-9999.0
69665,-9999.0
69666,-9999.0
69667,-9999.0
69668,-9999.0
69669,-9999.0
69670,-9999.0
69671,-9999.0
69672,-9999.0
69673,-9999.0
69674,-9999.0
69675,-9999.0
69676,-9999.0
69677,-9999.0
69678,-9999.0
69679,-9999.0
69680,-9999.0
69681,-9999.0
69682,-9999.0
69683,-9999.0
69684,-9999.0
69685,-9999.0
69686,-9999.0
69687,-9999.0
69688,-9999.0
69689,-9999.0
69690,-9999.0
69691,-9999.0
69692,-9999.0
69693,-9999.0
69694,-9999.0
69695,-9999.0
69696,-9999.0
69697,-9999.0
69698,-9999.0
69699,-9999.0
69700,-9999.0
69701,-9999.0
69702,-9999.0
69703,-9999.0
69704,-9999.0
69705,-9999.0
69706,-9999.0
69707,-9999.0
69708,-9999.0
69709,-9999.0
69710,-9999.0
69711,-9999.0
69712,-9999.0
69713,-9999.0
69714,-9999.0
69715,-9999.0
69716,-9999.0
69717,-9999.0
69718,-9999.0
69719,-9999.0
69720,-9999.0
69721,-9999.0
69722,-9999.0
69723,-9999.0
69724,-9999.0
69725,-9999.0
69726,-9999.0
69727,-9999.0
69728,-9999.0
69729,-9999.0
69730,-9999.0
69731,-9999.0
69732,-9999.0
69733,-9999.0
69734,-9999.0
69735,-9999.0
69736,-9999.0
69737,-9999.0
69738,-9999.0
69739,-9999.0
69740,-9999.0
69741,-9999.0
69742,-9999.0
69743,-9999.0
69744,-9999.0
69745,-9999.0
69746,-9999.0
69747,-9999.0
69748,-9999.0
69749,-9999.0
69750,-9999.0
69751,-9999.0
69752,-9999.0
69753,-9999.0
69754,-9999.0
69755,-9999.0
69756,-9999.0
69757,-9999.0
69758,-9999.0
69759,-9999.0
69760,-9999.0
69761,-9999.0
69762,-9999.0
69763,-9999.0
69764,-9999.0
69765,-9999.0
69766,-9999.0
69767,-9999.0
69768,-9999.0
69769,-9999.0
69770,-9999.0
69771,-9999.0
69772,-9999.0
69773,-9999.0
69774,-9999.0
69775,-9999.0
69776,-9999.0
69777,-9999.0
69778,-9999.0
69779,-9999.0
69780,-9999.0
69781,-9999.0
69782,-9999.0
69783,-9999.0
69784,-9999.0
69785,-9999.0
69786,-9999.0
69787,-9999.0
69788,-9999.0
69789,-9999.0
69790,-9999.0
69791,-9999.0
69792,-9999.0
69793,-9999.0
69794,-9999.0
69795,-9999.0
69796,-9999.0
69797,-9999.0
69798,-9999.0
69799,-9999.0
69800,-9999.0
69801,-9999.0
69802,-9999.0
69803,-9999.0
69804,-9999.0
69805,-9999.0
69806,-9999.0
69807,-9999.0
69808,-9999.0
69809,-9999.0
69810,-9999.0
69811,-9999.0
69812,-9999.0
69813,-9999.0
69814,-9999.0
69815,-9999.0
69816,-9999.0
69817,-9999.0
69818,-9999.0
69819,-9999.0
69820,-9999.0
69821,-9999.0
69822,-9999.0
69823,-9999.0
69824,-9999.0
69825,-9999.0
69826,-9999.0
69827,-9999.0
69828,-9999.0
69829,-9999.0
69830,-9999.0
69831,-9999.0
69832,-9999.0
69833,-9999.0
69834,-9999.0
69835,-9999.0
69836,-9999.0
69837,-9999.0
69838,-9999.0
69839,-9999.0
69840,-9999.0
69841,-9999.0
69842,-9999.0
69843,-9999.0
69844,-9999.0
69845,-9999.0
69846,-9999.0
69847,-9999.0
69848,-9999.0
69849,-9999.0
69850,-9999.0
69851,-9999.0
69852,-9999.0
69853,-9999.0
69854,-9999.0
69855,-9999.0
69856,-9999.0
69857,-9999.0
69858,-9999.0
69859,-9999.0
69860,-9999.0
69861,-9999.0
69862,-9999.0
69863,-9999.0
69864,-9999.0
69865,-9999.0
69866,-9999.0
69867,-9999.0
69868,-9999.0
69869,-9999.0
69870,-9999.0
69871,-9999.0
69872,-9999.0
69873,-9999.0
69874,-9999.0
69875,-9999.0
69876,-9999.0
69877,-9999.0
69878,-9999.0
69879,-9999.0
69880,-9999.0
69881,-9999.0
69882,-9999.0
69883,-9999.0
69884,-9999.0
69885,-9999.0
69886,-9999.0
69887,-9999.0
69888,-9999.0
69889,-9999.0
69890,-9999.0
69891,-9999.0
69892,-9999.0
69893,-9999.0
69894,-9999.0
69895,-9999.0
69896,-9999.0
69897,-9999.0
69898,-9999.0
69899,-9999.0
69900,-9999.0
69901,-9999.0
69902,-9999.0
69903,-9999.0
69904,-9999.0
69905,-9999.0
69906,-9999.0
69907,-9999.0
69908,-9999.0
69909,-9999.0
69910,-9999.0
69911,-9999.0
69912,-9999.0
69913,-9999.0
69914,-9999.0
69915,-9999.0
69916,-9999.0
69917,-9999.0
69918,-9999.0
69919,-9999.0
69920,-9999.0
69921,-9999.0
69922,-9999.0
69923,-9999.0
69924,-9999.0
69925,-9999.0
69926,-9999.0
69927,-9999.0
69928,-9999.0
69929,-9999.0
69930,-9999.0
69931,-9999.0
69932,-9999.0
69933,-9999.0
69934,-9999.0
69935,-9999.0
69936,-9999.0
69937,-9999.0
69938,-9999.0
69939,-9999.0
69940,-9999.0
69941,-9999.0
69942,-9999.0
69943,-9999.0
69944,-9999.0
69945,-9999.0
69946,-9999.0
69947,-9999.0
69948,-9999.0
69949,-9999.0
69950,-9999.0
69951,-9999.0
69952,-9999.0
69953,-9999.0
69954,-9999.0
69955,-9999.0
69956,-9999.0
69957,-9999.0
69958,-9999.0
69959,-9999.0
69960,-9999.0
69961,-9999.0
69962,-9999.0
69963,-9999.0
69964,-9999.0
69965,-9999.0
69966,-9999.0
69967,-9999.0
69968,-9999.0
69969,-9999.0
69970,-9999.0
69971,-9999.0
69972,-9999.0
69973,-9999.0
69974,-9999.0
69975,-9999.0
69976,-9999.0
69977,-9999.0
69978,-9999.0
69979,-9999.0
69980,-9999.0
69981,-9999.0
69982,-9999.0
69983,-9999.0
69984,-9999.0
69985,-9999.0
69986,-9999.0
69987,-9999.0
69988,-9999.0
69989,-9999.0
69990,-9999.0
69991,-9999.0
69992,-9999.0
69993,-9999.0
69994,-9999.0
69995,-9999.0
69996,-9999.0
69997,-9999.0
69998,-9999.0
69999,-9999.0
70000,-9999.0
70001,-9999.0
70002,-9999.0
70003,-9999.0
70004,-9999.0
70005,-9999.0
70006,-9999.0
70007,-9999.0
70008,-9999.0
70009,-9999.0
70010,-9999.0
70011,-9999.0
70012,-9999.0
70013,-9999.0
70014,-9999.0
70015,-9999.0
70016,-9999.0
70017,-9999.0
70018,-9999.0
70019,-9999.0
70020,-9999.0
70021,-9999.0
70022,-9999.0
70023,-9999.0
70024,-9999.0
70025,-9999.0
70026,-9999.0
70027,-9999.0
70028,-9999.0
70029,-9999.0
70030,-9999.0
70031,-9999.0
70032,-9999.0
70033,-9999.0
70034,-9999.0
70035,-9999.0
70036,-9999.0
70037,-9999.0
70038,-9999.0
70039,-9999.0
70040,-9999.0
70041,-9999.0
70042,-9999.0
70043,-9999.0
70044,-9999.0
70045,-9999.0
70046,-9999.0
70047,-9999.0
70048,-9999.0
70049,-9999.0
70050,-9999.0
70051,-9999.0
70052,-9999.0
70053,-9999.0
70054,-9999.0
70055,-9999.0
70056,-9999.0
70057,-9999.0
70058,-9999.0
70059,-9999.0
70060,-9999.0
70061,-9999.0
70062,-9999.0
70063,-9999.0
70064,-9999.0
70065,-9999.0
70066,-9999.0
70067,-9999.0
70068,-9999.0
70069,-9999.0
70070,-9999.0
70071,-9999.0
70072,-9999.0
70073,-9999.0
70074,-9999.0
70075,-9999.0
70076,-9999.0
70077,-9999.0
70078,-9999.0
70079,-9999.0
70080,-9999.0
70081,-9999.0
70082,-9999.0
70083,-9999.0
70084,-9999.0
70085,-9999.0
70086,-9999.0
70087,-9999.0
70088,-9999.0
70089,-9999.0
70090,-9999.0
70091,-9999.0
70092,-9999.0
70093,-9999.0
70094,-9999.0
70095,-9999.0
70096,-9999.0
70097,-9999.0
70098,-9999.0
70099,-9999.0
70100,-9999.0
70101,-9999.0
70102,-9999.0
70103,-9999.0
70104,-9999.0
70105,-9999.0
70106,-9999.0
70107,-9999.0
70108,-9999.0
70109,-9999.0
70110,-9999.0
70111,-9999.0
70112,-9999.0
70113,-9999.0
70114,-9999.0
70115,-9999.0
70116,-9999.0
70117,-9999.0
70118,-9999.0
70119,-9999.0
70120,-9999.0
70121,-9999.0
70122,-9999.0
70123,-9999.0
70124,-9999.0
70125,-9999.0
70126,-9999.0
70127,-9999.0
70128,-9999.0
70129,-9999.0
70130,-9999.0
70131,-9999.0
70132,-9999.0
70133,-9999.0
70134,-9999.0
70135,-9999.0
70136,-9999.0
70137,-9999.0
70138,-9999.0
70139,-9999.0
70140,-9999.0
70141,-9999.0
70142,-9999.0
70143,-9999.0
70144,-9999.0
70145,-9999.0
70146,-9999.0
70147,-9999.0
70148,-9999.0
70149,-9999.0
70150,-9999.0
70151,-9999.0
70152,-9999.0
70153,-9999.0
70154,-9999.0
70155,-9999.0
70156,-9999.0
70157,-9999.0
70158,-9999.0
70159,-9999.0
70160,-9999.0
70161,-9999.0
70162,-9999.0
70163,-9999.0
70164,-9999.0
70165,-9999.0
70166,-9999.0
70167,-9999.0
70168,-9999.0
70169,-9999.0
70170,-9999.0
70171,-9999.0
70172,-9999.0
70173,-9999.0
70174,-9999.0
70175,-9999.0
70176,-9999.0
70177,-9999.0
70178,-9999.0
70179,-9999.0
70180,-9999.0
70181,-9999.0
70182,-9999.0
70183,-9999.0
70184,-9999.0
70185,-9999.0
70186,-9999.0
70187,-9999.0
70188,-9999.0
70189,-9999.0
70190,-9999.0
70191,-9999.0
70192,-9999.0
70193,-9999.0
70194,-9999.0
70195,-9999.0
70196,-9999.0
70197,-9999.0
70198,-9999.0
70199,-9999.0
70200,-9999.0
70201,-9999.0
70202,-9999.0
70203,-9999.0
70204,-9999.0
70205,-9999.0
70206,-9999.0
70207,-9999.0
70208,-9999.0
70209,-9999.0
70210,-9999.0
70211,-9999.0
70212,-9999.0
70213,-9999.0
70214,-9999.0
70215,-9999.0
70216,-9999.0
70217,-9999.0
70218,-9999.0
70219,-9999.0
70220,-9999.0
70221,-9999.0
70222,-9999.0
70223,-9999.0
70224,-9999.0
70225,-9999.0
70226,-9999.0
70227,-9999.0
70228,-9999.0
70229,-9999.0
70230,-9999.0
70231,-9999.0
70232,-9999.0
70233,-9999.0
70234,-9999.0
70235,-9999.0
70236,-9999.0
70237,-9999.0
70238,-9999.0
70239,-9999.0
70240,-9999.0
70241,-9999.0
70242,-9999.0
70243,-9999.0
70244,-9999.0
70245,-9999.0
70246,-9999.0
70247,-9999.0
70248,-9999.0
70249,-9999.0
70250,-9999.0
70251,-9999.0
70252,-9999.0
70253,-9999.0
70254,-9999.0
70255,-9999.0
70256,-9999.0
70257,-9999.0
70258,-9999.0
70259,-9999.0
70260,-9999.0
70261,-9999.0
70262,-9999.0
70263,-9999.0
70264,-9999.0
70265,-9999.0
70266,-9999.0
70267,-9999.0
70268,-9999.0
70269,-9999.0
70270,-9999.0
70271,-9999.0
70272,-9999.0
70273,-9999.0
70274,-9999.0
70275,-9999.0
70276,-9999.0
70277,-9999.0
70278,-9999.0
70279,-9999.0
70280,-9999.0
70281,-9999.0
70282,-9999.0
70283,-9999.0
70284,-9999.0
70285,-9999.0
70286,-9999.0
70287,-9999.0
70288,-9999.0
70289,-9999.0
70290,-9999.0
70291,-9999.0
70292,-9999.0
70293,-9999.0
70294,-9999.0
70295,-9999.0
70296,-9999.0
70297,-9999.0
70298,-9999.0
70299,-9999.0
70300,-9999.0
70301,-9999.0
70302,-9999.0
70303,-9999.0
70304,-9999.0
70305,-9999.0
70306,-9999.0
70307,-9999.0
70308,-9999.0
70309,-9999.0
70310,-9999.0
70311,-9999.0
70312,-9999.0
70313,-9999.0
70314,-9999.0
70315,-9999.0
70316,-9999.0
70317,-9999.0
70318,-9999.0
70319,-9999.0
70320,-9999.0
70321,-9999.0
70322,-9999.0
70323,-9999.0
70324,-9999.0
70325,-9999.0
70326,-9999.0
70327,-9999.0
70328,-9999.0
70329,-9999.0
70330,-9999.0
70331,-9999.0
70332,-9999.0
70333,-9999.0
70334,-9999.0
70335,-9999.0
70336,-9999.0
70337,-9999.0
70338,-9999.0
70339,-9999.0
70340,-9999.0
70341,-9999.0
70342,-9999.0
70343,-9999.0
70344,-9999.0
70345,-9999.0
70346,-9999.0
70347,-9999.0
70348,-9999.0
70349,-9999.0
70350,-9999.0
70351,-9999.0
70352,-9999.0
70353,-9999.0
70354,-9999.0
70355,-9999.0
70356,-9999.0
70357,-9999.0
70358,-9999.0
70359,-9999.0
70360,-9999.0
70361,-9999.0
70362,-9999.0
70363,-9999.0
70364,-9999.0
70365,-9999.0
70366,-9999.0
70367,-9999.0
70368,-9999.0
70369,-9999.0
70370,-9999.0
70371,-9999.0
70372,-9999.0
70373,-9999.0
70374,-9999.0
70375,-9999.0
70376,-9999.0
70377,-9999.0
70378,-9999.0
70379,-9999.0
70380,-9999.0
70381,-9999.0
70382,-9999.0
70383,-9999.0
70384,-9999.0
70385,-9999.0
70386,-9999.0
70387,-9999.0
70388,-9999.0
70389,-9999.0
70390,-9999.0
70391,-9999.0
70392,-9999.0
70393,-9999.0
70394,-9999.0
70395,-9999.0
70396,-9999.0
70397,-9999.0
70398,-9999.0
70399,-9999.0
70400,-9999.0
70401,-9999.0
70402,-9999.0
70403,-9999.0
70404,-9999.0
70405,-9999.0
70406,-9999.0
70407,-9999.0
70408,-9999.0
70409,-9999.0
70410,-9999.0
70411,-9999.0
70412,-9999.0
70413,-9999.0
70414,-9999.0
70415,-9999.0
70416,-9999.0
70417,-9999.0
70418,-9999.0
70419,-9999.0
70420,-9999.0
70421,-9999.0
70422,-9999.0
70423,-9999.0
70424,-9999.0
70425,-9999.0
70426,-9999.0
70427,-9999.0
70428,-9999.0
70429,-9999.0
70430,-9999.0
70431,-9999.0
70432,-9999.0
70433,-9999.0
70434,-9999.0
70435,-9999.0
70436,-9999.0
70437,-9999.0
70438,-9999.0
70439,-9999.0
70440,-9999.0
70441,-9999.0
70442,-9999.0
70443,-9999.0
70444,-9999.0
70445,-9999.0
70446,-9999.0
70447,-9999.0
70448,-9999.0
70449,-9999.0
70450,-9999.0
70451,-9999.0
70452,-9999.0
70453,-9999.0
70454,-9999.0
70455,-9999.0
70456,-9999.0
70457,-9999.0
70458,-9999.0
70459,-9999.0
70460,-9999.0
70461,-9999.0
70462,-9999.0
70463,-9999.0
70464,-9999.0
70465,-9999.0
70466,-9999.0
70467,-9999.0
70468,-9999.0
70469,-9999.0
70470,-9999.0
70471,-9999.0
70472,-9999.0
70473,-9999.0
70474,-9999.0
70475,-9999.0
70476,-9999.0
70477,-9999.0
70478,-9999.0
70479,-9999.0
70480,-9999.0
70481,-9999.0
70482,-9999.0
70483,-9999.0
70484,-9999.0
70485,-9999.0
70486,-9999.0
70487,-9999.0
70488,-9999.0
70489,-9999.0
70490,-9999.0
70491,-9999.0
70492,-9999.0
70493,-9999.0
70494,-9999.0
70495,-9999.0
70496,-9999.0
70497,-9999.0
70498,-9999.0
70499,-9999.0
70500,-9999.0
70501,-9999.0
70502,-9999.0
70503,-9999.0
70504,-9999.0
70505,-9999.0
70506,-9999.0
70507,-9999.0
70508,-9999.0
70509,-9999.0
70510,-9999.0
70511,-9999.0
70512,-9999.0
70513,-9999.0
70514,-9999.0
70515,-9999.0
70516,-9999.0
70517,-9999.0
70518,-9999.0
70519,-9999.0
70520,-9999.0
70521,-9999.0
70522,-9999.0
70523,-9999.0
70524,-9999.0
70525,-9999.0
70526,-9999.0
70527,-9999.0
70528,-9999.0
70529,-9999.0
70530,-9999.0
70531,-9999.0
70532,-9999.0
70533,-9999.0
70534,-9999.0
70535,-9999.0
70536,-9999.0
70537,-9999.0
70538,-9999.0
70539,-9999.0
70540,-9999.0
70541,-9999.0
70542,-9999.0
70543,-9999.0
70544,-9999.0
70545,-9999.0
70546,-9999.0
70547,-9999.0
70548,-9999.0
70549,-9999.0
70550,-9999.0
70551,-9999.0
70552,-9999.0
70553,-9999.0
70554,-9999.0
70555,-9999.0
70556,-9999.0
70557,-9999.0
70558,-9999.0
70559,-9999.0
70560,-9999.0
70561,-9999.0
70562,-9999.0
70563,-9999.0
70564,-9999.0
70565,-9999.0
70566,-9999.0
70567,-9999.0
70568,-9999.0
70569,-9999.0
70570,-9999.0
70571,-9999.0
70572,-9999.0
70573,-9999.0
70574,-9999.0
70575,-9999.0
70576,-9999.0
70577,-9999.0
70578,-9999.0
70579,-9999.0
70580,-9999.0
70581,-9999.0
70582,-9999.0
70583,-9999.0
70584,-9999.0
70585,-9999.0
70586,-9999.0
70587,-9999.0
70588,-9999.0
70589,-9999.0
70590,-9999.0
70591,-9999.0
70592,-9999.0
70593,-9999.0
70594,-9999.0
70595,-9999.0
70596,-9999.0
70597,-9999.0
70598,-9999.0
70599,-9999.0
70600,-9999.0
70601,-9999.0
70602,-9999.0
70603,-9999.0
70604,-9999.0
70605,-9999.0
70606,-9999.0
70607,-9999.0
70608,-9999.0
70609,-9999.0
70610,-9999.0
70611,-9999.0
70612,-9999.0
70613,-9999.0
70614,-9999.0
70615,-9999.0
70616,-9999.0
70617,-9999.0
70618,-9999.0
70619,-9999.0
70620,-9999.0
70621,-9999.0
70622,-9999.0
70623,-9999.0
70624,-9999.0
70625,-9999.0
70626,-9999.0
70627,-9999.0
70628,-9999.0
70629,-9999.0
70630,-9999.0
70631,-9999.0
70632,-9999.0
70633,-9999.0
70634,-9999.0
70635,-9999.0
70636,-9999.0
70637,-9999.0
70638,-9999.0
70639,-9999.0
70640,-9999.0
70641,-9999.0
70642,-9999.0
70643,-9999.0
70644,-9999.0
70645,-9999.0
70646,-9999.0
70647,-9999.0
70648,-9999.0
70649,-9999.0
70650,-9999.0
70651,-9999.0
70652,-9999.0
70653,-9999.0
70654,-9999.0
70655,-9999.0
70656,-9999.0
70657,-9999.0
70658,-9999.0
70659,-9999.0
70660,-9999.0
70661,-9999.0
70662,-9999.0
70663,-9999.0
70664,-9999.0
70665,-9999.0
70666,-9999.0
70667,-9999.0
70668,-9999.0
70669,-9999.0
70670,-9999.0
70671,-9999.0
70672,-9999.0
70673,-9999.0
70674,-9999.0
70675,-9999.0
70676,-9999.0
70677,-9999.0
70678,-9999.0
70679,-9999.0
70680,-9999.0
70681,-9999.0
70682,-9999.0
70683,-9999.0
70684,-9999.0
70685,-9999.0
70686,-9999.0
70687,-9999.0
70688,-9999.0
70689,-9999.0
70690,-9999.0
70691,-9999.0
70692,-9999.0
70693,-9999.0
70694,-9999.0
70695,-9999.0
70696,-9999.0
70697,-9999.0
70698,-9999.0
70699,-9999.0
70700,-9999.0
70701,-9999.0
70702,-9999.0
70703,-9999.0
70704,-9999.0
70705,-9999.0
70706,-9999.0
70707,-9999.0
70708,-9999.0
70709,-9999.0
70710,-9999.0
70711,-9999.0
70712,-9999.0
70713,-9999.0
70714,-9999.0
70715,-9999.0
70716,-9999.0
70717,-9999.0
70718,-9999.0
70719,-9999.0
70720,-9999.0
70721,-9999.0
70722,-9999.0
70723,-9999.0
70724,-9999.0
70725,-9999.0
70726,-9999.0
70727,-9999.0
70728,-9999.0
70729,-9999.0
70730,-9999.0
70731,-9999.0
70732,-9999.0
70733,-9999.0
70734,-9999.0
70735,-9999.0
70736,-9999.0
70737,-9999.0
70738,-9999.0
70739,-9999.0
70740,-9999.0
70741,-9999.0
70742,-9999.0
70743,-9999.0
70744,-9999.0
70745,-9999.0
70746,-9999.0
70747,-9999.0
70748,-9999.0
70749,-9999.0
70750,-9999.0
70751,-9999.0
70752,-9999.0
70753,-9999.0
70754,-9999.0
70755,-9999.0
70756,-9999.0
70757,-9999.0
70758,-9999.0
70759,-9999.0
70760,-9999.0
70761,-9999.0
70762,-9999.0
70763,-9999.0
70764,-9999.0
70765,-9999.0
70766,-9999.0
70767,-9999.0
70768,-9999.0
70769,-9999.0
70770,-9999.0
70771,-9999.0
70772,-9999.0
70773,-9999.0
70774,-9999.0
70775,-9999.0
70776,-9999.0
70777,-9999.0
70778,-9999.0
70779,-9999.0
70780,-9999.0
70781,-9999.0
70782,-9999.0
70783,-9999.0
70784,-9999.0
70785,-9999.0
70786,-9999.0
70787,-9999.0
70788,-9999.0
70789,-9999.0
70790,-9999.0
70791,-9999.0
70792,-9999.0
70793,-9999.0
70794,-9999.0
70795,-9999.0
70796,-9999.0
70797,-9999.0
70798,-9999.0
70799,-9999.0
70800,-9999.0
70801,-9999.0
70802,-9999.0
70803,-9999.0
70804,-9999.0
70805,-9999.0
70806,-9999.0
70807,-9999.0
70808,-9999.0
70809,-9999.0
70810,-9999.0
70811,-9999.0
70812,-9999.0
70813,-9999.0
70814,-9999.0
70815,-9999.0
70816,-9999.0
70817,-9999.0
70818,-9999.0
70819,-9999.0
70820,-9999.0
70821,-9999.0
70822,-9999.0
70823,-9999.0
70824,-9999.0
70825,-9999.0
70826,-9999.0
70827,-9999.0
70828,-9999.0
70829,-9999.0
70830,-9999.0
70831,-9999.0
70832,-9999.0
70833,-9999.0
70834,-9999.0
70835,-9999.0
70836,-9999.0
70837,-9999.0
70838,-9999.0
70839,-9999.0
70840,-9999.0
70841,-9999.0
70842,-9999.0
70843,-9999.0
70844,-9999.0
70845,-9999.0
70846,-9999.0
70847,-9999.0
70848,-9999.0
70849,-9999.0
70850,-9999.0
70851,-9999.0
70852,-9999.0
70853,-9999.0
70854,-9999.0
70855,-9999.0
70856,-9999.0
70857,-9999.0
70858,-9999.0
70859,-9999.0
70860,-9999.0
70861,-9999.0
70862,-9999.0
70863,-9999.0
70864,-9999.0
70865,-9999.0
70866,-9999.0
70867,-9999.0
70868,-9999.0
70869,-9999.0
70870,-9999.0
70871,-9999.0
70872,-9999.0
70873,-9999.0
70874,-9999.0
70875,-9999.0
70876,-9999.0
70877,-9999.0
70878,-9999.0
70879,-9999.0
70880,-9999.0
70881,-9999.0
70882,-9999.0
70883,-9999.0
70884,-9999.0
70885,-9999.0
70886,-9999.0
70887,-9999.0
70888,-9999.0
70889,-9999.0
70890,-9999.0
70891,-9999.0
70892,-9999.0
70893,-9999.0
70894,-9999.0
70895,-9999.0
70896,-9999.0
70897,-9999.0
70898,-9999.0
70899,-9999.0
70900,-9999.0
70901,-9999.0
70902,-9999.0
70903,-9999.0
70904,-9999.0
70905,-9999.0
70906,-9999.0
70907,-9999.0
70908,-9999.0
70909,-9999.0
70910,-9999.0
70911,-9999.0
70912,-9999.0
70913,-9999.0
70914,-9999.0
70915,-9999.0
70916,-9999.0
70917,-9999.0
70918,-9999.0
70919,-9999.0
70920,-9999.0
70921,-9999.0
70922,-9999.0
70923,-9999.0
70924,-9999.0
70925,-9999.0
70926,-9999.0
70927,-9999.0
70928,-9999.0
70929,-9999.0
70930,-9999.0
70931,-9999.0
70932,-9999.0
70933,-9999.0
70934,-9999.0
70935,-9999.0
70936,-9999.0
70937,-9999.0
70938,-9999.0
70939,-9999.0
70940,-9999.0
70941,-9999.0
70942,-9999.0
70943,-9999.0
70944,-9999.0
70945,-9999.0
70946,-9999.0
70947,-9999.0
70948,-9999.0
70949,-9999.0
70950,-9999.0
70951,-9999.0
70952,-9999.0
70953,-9999.0
70954,-9999.0
70955,-9999.0
70956,-9999.0
70957,-9999.0
70958,-9999.0
70959,-9999.0
70960,-9999.0
70961,-9999.0
70962,-9999.0
70963,-9999.0
70964,-9999.0
70965,-9999.0
70966,-9999.0
70967,-9999.0
70968,-9999.0
70969,-9999.0
70970,-9999.0
70971,-9999.0
70972,-9999.0
70973,-9999.0
70974,-9999.0
70975,-9999.0
70976,-9999.0
70977,-9999.0
70978,-9999.0
70979,-9999.0
70980,-9999.0
70981,-9999.0
70982,-9999.0
70983,-9999.0
70984,-9999.0
70985,-9999.0
70986,-9999.0
70987,-9999.0
70988,-9999.0
70989,-9999.0
70990,-9999.0
70991,-9999.0
70992,-9999.0
70993,-9999.0
70994,-9999.0
70995,-9999.0
70996,-9999.0
70997,-9999.0
70998,-9999.0
70999,-9999.0
71000,-9999.0
71001,-9999.0
71002,-9999.0
71003,-9999.0
71004,-9999.0
71005,-9999.0
71006,-9999.0
71007,-9999.0
71008,-9999.0
71009,-9999.0
71010,-9999.0
71011,-9999.0
71012,-9999.0
71013,-9999.0
71014,-9999.0
71015,-9999.0
71016,-9999.0
71017,-9999.0
71018,-9999.0
71019,-9999.0
71020,-9999.0
71021,-9999.0
71022,-9999.0
71023,-9999.0
71024,-9999.0
71025,-9999.0
71026,-9999.0
71027,-9999.0
71028,-9999.0
71029,-9999.0
71030,-9999.0
71031,-9999.0
71032,-9999.0
71033,-9999.0
71034,-9999.0
71035,-9999.0
71036,-9999.0
71037,-9999.0
71038,-9999.0
71039,-9999.0
71040,-9999.0
71041,-9999.0
71042,-9999.0
71043,-9999.0
71044,-9999.0
71045,-9999.0
71046,-9999.0
71047,-9999.0
71048,-9999.0
71049,-9999.0
71050,-9999.0
71051,-9999.0
71052,-9999.0
71053,-9999.0
71054,-9999.0
71055,-9999.0
71056,-9999.0
71057,-9999.0
71058,-9999.0
71059,-9999.0
71060,-9999.0
71061,-9999.0
71062,-9999.0
71063,-9999.0
71064,-9999.0
71065,-9999.0
71066,-9999.0
71067,-9999.0
71068,-9999.0
71069,-9999.0
71070,-9999.0
71071,-9999.0
71072,-9999.0
71073,-9999.0
71074,-9999.0
71075,-9999.0
71076,-9999.0
71077,-9999.0
71078,-9999.0
71079,-9999.0
71080,-9999.0
71081,-9999.0
71082,-9999.0
71083,-9999.0
71084,-9999.0
71085,-9999.0
71086,-9999.0
71087,-9999.0
71088,-9999.0
71089,-9999.0
71090,-9999.0
71091,-9999.0
71092,-9999.0
71093,-9999.0
71094,-9999.0
71095,-9999.0
71096,-9999.0
71097,-9999.0
71098,-9999.0
71099,-9999.0