41, 1001
John Shilling
PNNL
Thermo Scientific 42i NOx analyzer
HiScale
1, 1
2016, 08, 30, 2017, 03, 08
1
dat_NOx_utc, seconds_past_midnight,  date and time UTC
8
1, 1, 1, 1, 1, 1, 1, 1
-9999, -9999, -9999, -9999, -9999, -9999, -9999, -9999
NO_ppbv, ppbv, NOconcentration
NOx_ppbv, ppbv, NOxconcentration
ChamberT_C, C, reactionchambertemperature
ConvT_C, C, convertertemperature
Flow_lpm, lpm, instrumentflow
PMTT_C, C, PMTtemperature
P_mmHg, mmHg, cellpressure
Flag, NA, 0=gooddata1=baddata2=non-flightdata
1
N/A
18
PI_CONTACT_INFO: Address: 902 Battelle Blvd, Richland, WA
PLATFORM: Platform: DOE G-1 Aircraft
LOCATION: Location: Bartlesville, OK
ASSOCIATED_DATA: N/A
INSTRUMENT_INFO: N/A
DATA_INFO: Units:
UNCERTAINTY: N/A
ULOD_FLAG: -7777
ULOD_VALUE: N/A
LLOD_FLAG: -8888
LLOD_VALUE: N/A
DM_CONTACT_INFO: Data Manager:
PROJECT_INFO: Project Info: 
STIPULATIONS_ON_USE: Use of these data require prior ok from PI.
OTHER_COMMENTS: e-mail: john.shilling@pnnl.gov
REVISION: R0
R0 Initial Release
dat_NOx_utc, NO_ppbv, NOx_ppbv, ChamberT_C, ConvT_C, Flow_lpm, PMTT_C, P_mmHg, Flag
66734,2.732,7.956,50.791,99.900,0.605,323.156,247.518,2.000
66735,2.732,7.956,50.791,99.900,0.595,322.894,247.518,2.000
66736,2.732,7.956,50.758,99.900,0.606,323.156,247.213,2.000
66737,2.732,7.956,50.791,99.900,0.603,323.419,247.213,2.000
66738,2.732,7.956,50.791,99.900,0.599,323.419,247.213,2.000
66739,2.732,7.956,50.758,99.900,0.606,323.419,247.213,2.000
66740,2.732,7.956,50.758,99.900,0.599,323.419,247.213,2.000
66741,2.732,7.956,50.758,99.900,0.605,323.419,247.213,2.000
66742,2.737,8.044,50.758,99.900,0.597,323.681,247.518,2.000
66743,2.737,8.044,50.725,99.900,0.606,323.681,247.213,2.000
66744,2.737,8.044,50.725,99.900,0.602,323.944,247.213,2.000
66745,2.737,8.044,50.693,99.900,0.598,323.944,247.213,2.000
66746,2.737,8.044,50.693,99.900,0.601,323.944,247.518,2.000
66747,2.737,8.044,50.693,99.900,0.591,324.206,247.822,2.000
66748,2.737,8.044,50.693,99.900,0.601,324.206,248.127,2.000
66749,2.737,8.044,50.660,99.900,0.598,324.469,248.431,2.000
66750,2.737,8.044,50.660,99.900,0.592,324.469,248.431,2.000
66751,2.737,8.044,50.660,99.900,0.599,324.469,248.127,2.000
66752,2.740,7.705,50.660,99.900,0.591,324.469,248.127,2.000
66753,2.740,7.705,50.660,99.900,0.594,324.731,247.213,2.000
66754,2.740,7.705,50.660,99.900,0.596,324.731,246.604,2.000
66755,2.740,7.705,50.660,99.900,0.588,324.994,246.300,2.000
66756,2.740,7.705,50.628,99.900,0.598,324.994,245.995,2.000
66757,2.740,7.705,50.628,99.900,0.588,325.256,245.995,2.000
66758,2.740,7.705,50.628,99.900,0.596,325.256,245.995,2.000
66759,2.740,7.705,50.628,99.900,0.594,325.256,245.995,2.000
66760,2.740,7.705,50.660,99.900,0.588,325.256,245.995,2.000
66761,2.740,7.705,50.660,99.900,0.595,325.256,245.691,2.000
66762,2.950,7.364,50.660,99.900,0.582,325.519,245.082,2.000
66763,2.950,7.364,50.660,99.900,0.592,325.781,245.082,2.000
66764,2.950,7.364,50.660,99.900,0.590,325.781,245.082,2.000
66765,2.950,7.364,50.693,99.900,0.584,325.781,245.082,2.000
66766,2.950,7.364,50.693,99.900,0.592,325.781,245.082,2.000
66767,2.950,7.364,50.693,99.900,0.582,326.044,244.778,2.000
66768,2.950,7.364,50.725,99.900,0.589,326.044,244.473,2.000
66769,2.950,7.364,50.725,99.900,0.588,326.044,244.169,2.000
66770,2.950,7.364,50.725,99.900,0.586,326.306,244.473,2.000
66771,2.950,7.364,50.758,99.900,0.592,326.306,244.778,2.000
66772,3.159,6.987,50.758,99.900,0.582,326.306,244.473,2.000
66773,3.159,6.987,50.758,99.900,0.588,326.569,244.473,2.000
66774,3.159,6.987,50.758,99.900,0.579,326.832,244.169,2.000
66775,3.159,6.987,50.758,99.900,0.586,326.832,243.864,2.000
66776,3.159,6.987,50.758,99.900,0.583,326.832,243.864,2.000
66777,3.159,6.987,50.758,99.900,0.588,327.094,243.560,2.000
66778,3.159,6.987,50.758,99.900,0.585,327.094,243.560,2.000
66779,3.159,6.987,50.758,99.900,0.582,327.094,243.255,2.000
66780,3.159,6.987,50.758,99.900,0.586,327.094,242.951,2.000
66781,3.159,6.987,50.758,99.900,0.578,327.094,243.255,2.000
66782,3.195,6.612,50.758,99.900,0.584,327.094,243.255,2.000
66783,3.195,6.612,50.758,99.900,0.576,327.094,242.951,2.000
66784,3.195,6.612,50.725,99.900,0.584,327.094,242.951,2.000
66785,3.195,6.612,50.725,99.900,0.577,327.094,242.646,2.000
66786,3.195,6.612,50.725,99.900,0.586,327.094,242.951,2.000
66787,3.195,6.612,50.725,99.900,0.579,327.094,242.646,2.000
66788,3.195,6.612,50.693,99.900,0.581,327.094,242.646,2.000
66789,3.195,6.612,50.693,99.900,0.586,327.094,242.951,2.000
66790,3.195,6.612,50.693,99.900,0.575,327.094,242.646,2.000
66791,3.195,6.612,50.693,99.900,0.587,327.094,242.342,2.000
66792,3.231,6.866,50.693,99.900,0.576,327.094,242.038,2.000
66793,3.231,6.866,50.660,99.900,0.585,326.832,242.342,2.000
66794,3.231,6.866,50.660,99.900,0.575,326.832,242.038,2.000
66795,3.231,6.866,50.660,99.900,0.583,326.832,241.733,2.000
66796,3.231,6.866,50.660,99.900,0.576,326.832,241.733,2.000
66797,3.231,6.866,50.628,99.900,0.580,326.832,241.429,2.000
66798,3.231,6.866,50.628,99.900,0.576,326.832,241.429,2.000
66799,3.231,6.866,50.628,99.900,0.577,326.832,241.429,2.000
66800,3.231,6.866,50.628,99.900,0.576,326.569,241.124,2.000
66801,3.231,6.866,50.628,99.900,0.572,326.569,240.820,2.000
66802,3.212,7.121,50.660,99.900,0.580,326.569,240.820,2.000
66803,3.212,7.121,50.660,99.900,0.570,326.569,240.515,2.000
66804,3.212,7.121,50.660,99.900,0.578,326.569,240.515,2.000
66805,3.212,7.121,50.660,99.900,0.569,326.569,240.515,2.000
66806,3.212,7.121,50.693,99.900,0.576,326.306,240.211,2.000
66807,3.212,7.121,50.693,99.900,0.566,326.306,239.906,2.000
66808,3.212,7.121,50.693,99.900,0.575,326.306,239.906,2.000
66809,3.212,7.121,50.725,99.900,0.568,326.306,239.906,2.000
66810,3.212,7.121,50.725,99.900,0.575,326.306,239.602,2.000
66811,3.212,7.121,50.758,99.900,0.569,326.044,239.602,2.000
66812,3.192,7.170,50.758,99.900,0.571,326.044,239.602,2.000
66813,3.192,7.170,50.758,99.900,0.567,325.781,239.297,2.000
66814,3.192,7.170,50.758,99.900,0.567,325.781,239.297,2.000
66815,3.192,7.170,50.758,99.900,0.570,325.519,238.993,2.000
66816,3.192,7.170,50.791,99.900,0.564,325.519,238.993,2.000
66817,3.192,7.170,50.791,99.900,0.569,325.781,238.689,2.000
66818,3.192,7.170,50.791,99.900,0.562,325.519,238.384,2.000
66819,3.192,7.170,50.791,99.900,0.568,325.519,238.384,2.000
66820,3.192,7.170,50.791,99.900,0.559,325.256,238.384,2.000
66821,3.192,7.170,50.758,99.900,0.568,324.994,238.080,2.000
66822,3.096,7.219,50.758,99.900,0.558,324.994,237.775,2.000
66823,3.096,7.219,50.758,99.900,0.568,324.994,237.775,2.000
66824,3.096,7.219,50.758,99.900,0.560,324.994,237.775,2.000
66825,3.096,7.219,50.758,99.900,0.566,324.731,237.775,2.000
66826,3.096,7.219,50.758,99.900,0.557,324.469,237.471,2.000
66827,3.096,7.219,50.758,99.900,0.564,324.469,237.166,2.000
66828,3.096,7.219,50.725,99.900,0.555,324.469,237.166,2.000
66829,3.096,7.219,50.725,99.900,0.564,324.469,237.166,2.000
66830,3.096,7.219,50.725,99.900,0.554,324.206,236.862,2.000
66831,3.096,7.219,50.725,99.900,0.559,324.206,236.557,2.000
66832,3.000,7.073,50.693,99.900,0.555,323.944,236.253,2.000
66833,3.000,7.073,50.693,99.900,0.560,323.944,236.253,2.000
66834,3.000,7.073,50.693,99.900,0.554,323.681,235.949,2.000
66835,3.000,7.073,50.660,99.900,0.555,323.419,235.035,2.000
66836,3.000,7.073,50.660,99.900,0.553,323.419,235.035,2.000
66837,3.000,7.073,50.660,99.900,0.553,323.419,235.035,2.000
66838,3.000,7.073,50.660,99.900,0.553,323.419,234.731,2.000
66839,3.000,7.073,50.660,99.900,0.550,323.156,234.426,2.000
66840,3.000,7.073,50.628,99.900,0.554,322.894,234.426,2.000
66841,3.000,7.073,50.660,99.900,0.546,322.631,234.426,2.000
66842,3.073,6.923,50.628,99.900,0.554,322.894,234.122,2.000
66843,3.073,6.923,50.628,99.900,0.546,322.631,234.122,2.000
66844,3.073,6.923,50.660,99.900,0.554,322.631,234.122,2.000
66845,3.073,6.923,50.660,99.900,0.543,322.369,233.817,2.000
66846,3.073,6.923,50.660,99.900,0.551,322.106,233.513,2.000
66847,3.073,6.923,50.693,99.900,0.543,322.106,233.513,2.000
66848,3.073,6.923,50.660,99.900,0.553,322.106,233.513,2.000
66849,3.073,6.923,50.693,99.900,0.541,322.106,233.208,2.000
66850,3.073,6.923,50.693,99.900,0.549,321.844,233.513,2.000
66851,3.073,6.923,50.725,99.900,0.541,321.844,233.208,2.000
66852,3.146,7.050,50.725,99.900,0.548,321.844,232.904,2.000
66853,3.146,7.050,50.758,99.900,0.542,321.581,233.208,2.000
66854,3.146,7.050,50.758,99.900,0.551,321.581,232.904,2.000
66855,3.146,7.050,50.758,99.900,0.543,321.581,232.904,2.000
66856,3.146,7.050,50.758,99.900,0.548,321.581,232.904,2.000
66857,3.146,7.050,50.758,99.900,0.541,321.581,232.600,2.000
66858,3.146,7.050,50.758,99.900,0.547,321.844,232.600,2.000
66859,3.146,7.050,50.758,99.900,0.543,321.844,232.295,2.000
66860,3.146,7.050,50.791,99.900,0.545,321.581,231.991,2.000
66861,3.146,7.050,50.791,99.900,0.541,321.581,232.295,2.000
66862,3.300,7.177,50.758,99.900,0.546,321.844,232.295,2.000
66863,3.300,7.177,50.758,99.900,0.543,321.844,232.295,2.000
66864,3.300,7.177,50.758,99.900,0.542,321.844,231.991,2.000
66865,3.300,7.177,50.758,99.900,0.543,321.844,231.991,2.000
66866,3.300,7.177,50.758,99.900,0.543,321.844,231.991,2.000
66867,3.300,7.177,50.725,99.900,0.546,321.844,232.295,2.000
66868,3.300,7.177,50.725,99.900,0.541,322.106,231.991,2.000
66869,3.300,7.177,50.725,99.900,0.546,321.844,231.991,2.000
66870,3.300,7.177,50.725,99.900,0.540,322.106,231.991,2.000
66871,3.300,7.177,50.725,99.900,0.541,322.106,231.991,2.000
66872,3.455,7.312,50.725,99.900,0.547,322.106,231.991,2.000
66873,3.455,7.312,50.693,99.900,0.540,322.106,231.686,2.000
66874,3.455,7.312,50.693,99.900,0.543,322.106,231.686,2.000
66875,3.455,7.312,50.693,99.900,0.547,322.106,231.686,2.000
66876,3.455,7.312,50.660,99.900,0.537,322.106,231.382,2.000
66877,3.455,7.312,50.660,99.900,0.546,322.369,231.382,2.000
66878,3.455,7.312,50.660,99.900,0.537,322.369,231.382,2.000
66879,3.455,7.312,50.660,99.900,0.546,322.631,231.382,2.000
66880,3.455,7.312,50.628,99.900,0.542,322.369,231.077,2.000
66881,3.455,7.312,50.660,99.900,0.541,322.631,231.077,2.000
66882,3.382,7.450,50.628,99.900,0.542,322.631,231.077,2.000
66883,3.382,7.450,50.628,99.900,0.541,322.631,230.773,2.000
66884,3.382,7.450,50.628,99.900,0.540,322.894,230.773,2.000
66885,3.382,7.450,50.628,99.900,0.539,322.894,230.773,2.000
66886,3.382,7.450,50.660,99.900,0.538,322.894,230.468,2.000
66887,3.382,7.450,50.660,99.900,0.539,322.894,230.468,2.000
66888,3.382,7.450,50.660,99.900,0.541,323.156,230.468,2.000
66889,3.382,7.450,50.660,99.900,0.539,323.156,230.468,2.000
66890,3.382,7.450,50.693,99.900,0.539,323.419,230.468,2.000
66891,3.382,7.450,50.693,99.900,0.538,323.419,230.164,2.000
66892,3.308,7.063,50.693,99.900,0.539,323.419,230.164,2.000
66893,3.308,7.063,50.693,99.900,0.535,323.156,230.164,2.000
66894,3.308,7.063,50.725,99.900,0.538,323.419,229.860,2.000
66895,3.308,7.063,50.725,99.900,0.534,323.419,229.860,2.000
66896,3.308,7.063,50.758,99.900,0.539,323.681,229.860,2.000
66897,3.308,7.063,50.758,99.900,0.531,323.681,229.555,2.000
66898,3.308,7.063,50.758,99.900,0.540,323.681,229.555,2.000
66899,3.308,7.063,50.758,99.900,0.530,323.944,229.555,2.000
66900,3.308,7.063,50.758,99.900,0.539,323.944,229.555,2.000
66901,3.308,7.063,50.791,99.900,0.531,323.681,229.555,2.000
66902,3.305,6.674,50.791,99.900,0.538,323.944,229.251,2.000
66903,3.305,6.674,50.791,99.900,0.530,323.944,229.251,2.000
66904,3.305,6.674,50.758,99.900,0.538,324.206,228.946,2.000
66905,3.305,6.674,50.791,99.900,0.527,324.206,228.946,2.000
66906,3.305,6.674,50.758,99.900,0.538,324.206,228.642,2.000
66907,3.305,6.674,50.758,99.900,0.528,324.206,228.642,2.000
66908,3.305,6.674,50.758,99.900,0.537,324.469,228.642,2.000
66909,3.305,6.674,50.758,99.900,0.527,324.469,228.337,2.000
66910,3.305,6.674,50.725,99.900,0.535,324.469,228.033,2.000
66911,3.305,6.674,50.725,99.900,0.527,324.731,228.033,2.000
66912,3.303,6.724,50.725,99.900,0.535,324.469,228.033,2.000
66913,3.303,6.724,50.725,99.900,0.525,324.731,227.728,2.000
66914,3.303,6.724,50.725,99.900,0.530,324.731,227.728,2.000
66915,3.303,6.724,50.693,99.900,0.525,324.994,227.424,2.000
66916,3.303,6.724,50.693,99.900,0.529,324.994,227.424,2.000
66917,3.303,6.724,50.660,99.900,0.527,324.994,227.119,2.000
66918,3.303,6.724,50.660,99.900,0.524,325.256,227.119,2.000
66919,3.303,6.724,50.660,99.900,0.527,325.519,226.815,2.000
66920,3.303,6.724,50.660,99.900,0.522,325.519,226.815,2.000
66921,3.303,6.724,50.628,99.900,0.529,325.519,226.815,2.000
66922,3.514,6.771,50.628,99.900,0.520,325.519,226.511,2.000
66923,3.514,6.771,50.628,99.900,0.528,325.781,226.511,2.000
66924,3.514,6.771,50.628,99.900,0.520,326.044,226.815,2.000
66925,3.514,6.771,50.628,99.900,0.527,326.044,226.511,2.000
66926,3.514,6.771,50.628,99.900,0.519,326.044,226.511,2.000
66927,3.514,6.771,50.628,99.900,0.526,326.306,226.511,2.000
66928,3.514,6.771,50.628,99.900,0.518,326.306,226.815,2.000
66929,3.514,6.771,50.628,99.900,0.525,326.569,226.815,2.000
66930,3.514,6.771,50.660,99.900,0.521,326.569,226.511,2.000
66931,3.514,6.771,50.660,99.900,0.523,326.569,226.815,2.000
66932,3.724,6.987,50.693,99.900,0.525,326.569,226.206,2.000
66933,3.724,6.987,50.693,99.900,0.518,326.569,226.206,2.000
66934,3.724,6.987,50.693,99.900,0.525,326.832,225.902,2.000
66935,3.724,6.987,50.725,99.900,0.515,326.832,225.902,2.000
66936,3.724,6.987,50.725,99.900,0.525,326.832,225.597,2.000
66937,3.724,6.987,50.725,99.900,0.516,327.094,225.597,2.000
66938,3.724,6.987,50.758,99.900,0.520,327.094,225.597,2.000
66939,3.724,6.987,50.758,99.900,0.517,327.357,224.988,2.000
66940,3.724,6.987,50.758,99.900,0.513,327.357,224.988,2.000
66941,3.724,6.987,50.758,99.900,0.522,327.357,225.293,2.000
66942,3.477,7.208,50.758,99.900,0.513,327.357,224.988,2.000
66943,3.477,7.208,50.791,99.900,0.521,327.357,224.988,2.000
66944,3.477,7.208,50.791,99.900,0.512,327.619,224.684,2.000
66945,3.477,7.208,50.791,99.900,0.516,327.619,224.988,2.000
66946,3.477,7.208,50.758,99.900,0.513,327.357,224.684,2.000
66947,3.477,7.208,50.791,99.900,0.512,327.357,224.684,2.000
66948,3.477,7.208,50.758,99.900,0.517,327.357,224.379,2.000
66949,3.477,7.208,50.758,99.900,0.510,327.619,224.379,2.000
66950,3.477,7.208,50.758,99.900,0.516,327.357,224.075,2.000
66951,3.477,7.208,50.758,99.900,0.507,327.357,223.771,2.000
66952,3.231,6.692,50.758,99.900,0.514,327.357,223.771,2.000
66953,3.231,6.692,50.725,99.900,0.509,327.094,223.771,2.000
66954,3.231,6.692,50.725,99.900,0.506,327.094,223.162,2.000
66955,3.231,6.692,50.725,99.900,0.513,327.094,223.162,2.000
66956,3.231,6.692,50.693,99.900,0.505,326.832,222.857,2.000
66957,3.231,6.692,50.693,99.900,0.512,327.094,222.857,2.000
66958,3.231,6.692,50.693,99.900,0.505,326.832,222.857,2.000
66959,3.231,6.692,50.660,99.900,0.506,326.832,222.553,2.000
66960,3.231,6.692,50.660,99.900,0.509,326.832,222.248,2.000
66961,3.231,6.692,50.660,99.900,0.502,326.569,222.248,2.000
66962,3.238,6.175,50.660,99.900,0.511,326.569,222.553,2.000
66963,3.238,6.175,50.660,99.900,0.501,326.569,222.553,2.000
66964,3.238,6.175,50.628,99.900,0.509,326.569,222.553,2.000
66965,3.238,6.175,50.628,99.900,0.501,326.306,222.248,2.000
66966,3.238,6.175,50.628,99.900,0.503,326.306,222.248,2.000
66967,3.238,6.175,50.628,99.900,0.509,326.044,222.248,2.000
66968,3.238,6.175,50.628,99.900,0.503,326.044,222.248,2.000
66969,3.238,6.175,50.628,99.900,0.510,326.044,222.248,2.000
66970,3.238,6.175,50.660,99.900,0.500,326.044,221.944,2.000
66971,3.238,6.175,50.660,99.900,0.505,325.781,222.248,2.000
66972,3.245,6.104,50.660,99.900,0.505,325.781,221.944,2.000
66973,3.245,6.104,50.660,99.900,0.503,325.519,221.944,2.000
66974,3.245,6.104,50.693,99.900,0.510,325.519,221.639,2.000
66975,3.245,6.104,50.693,99.900,0.501,325.519,221.639,2.000
66976,3.245,6.104,50.725,99.900,0.510,325.256,221.639,2.000
66977,3.245,6.104,50.725,99.900,0.502,325.256,221.639,2.000
66978,3.245,6.104,50.725,99.900,0.505,325.256,221.639,2.000
66979,3.245,6.104,50.758,99.900,0.509,325.256,221.639,2.000
66980,3.245,6.104,50.758,99.900,0.502,325.256,221.639,2.000
66981,3.245,6.104,50.758,99.900,0.510,324.994,221.639,2.000
66982,3.389,6.032,50.758,99.900,0.502,324.994,221.335,2.000
66983,3.389,6.032,50.791,99.900,0.505,324.994,221.639,2.000
66984,3.389,6.032,50.791,99.900,0.504,324.731,221.944,2.000
66985,3.389,6.032,50.791,99.900,0.502,324.731,221.944,2.000
66986,3.389,6.032,50.758,99.900,0.508,324.469,221.639,2.000
66987,3.389,6.032,50.791,99.900,0.501,324.469,221.639,2.000
66988,3.389,6.032,50.791,99.900,0.510,324.206,221.944,2.000
66989,3.389,6.032,50.758,99.900,0.504,324.206,221.944,2.000
66990,3.389,6.032,50.758,99.900,0.504,323.944,221.944,2.000
66991,3.389,6.032,50.758,99.900,0.509,323.944,222.248,2.000
66992,3.534,5.921,50.758,99.900,0.505,323.681,222.248,2.000
66993,3.534,5.921,50.758,99.900,0.512,323.681,221.335,2.000
66994,3.534,5.921,50.725,99.900,0.505,323.681,221.335,2.000
66995,3.534,5.921,50.725,99.900,0.511,323.419,221.639,2.000
66996,3.534,5.921,50.725,99.900,0.509,323.156,221.639,2.000
66997,3.534,5.921,50.725,99.900,0.508,323.156,221.639,2.000
66998,3.534,5.921,50.693,99.900,0.514,323.156,221.639,2.000
66999,3.534,5.921,50.693,99.900,0.507,323.156,221.639,2.000
67000,3.534,5.921,50.660,99.900,0.514,323.156,221.335,2.000
67001,3.534,5.921,50.660,99.900,0.506,322.894,221.335,2.000
67002,3.322,5.815,50.660,99.900,0.513,322.631,221.639,2.000
67003,3.322,5.815,50.660,99.900,0.508,322.894,221.944,2.000
67004,3.322,5.815,50.660,99.900,0.512,322.894,222.248,2.000
67005,3.322,5.815,50.628,99.900,0.512,322.631,222.553,2.000
67006,3.322,5.815,50.628,99.900,0.510,322.631,222.553,2.000
67007,3.322,5.815,50.628,99.900,0.516,322.369,222.857,2.000
67008,3.322,5.815,50.628,99.900,0.509,322.369,222.857,2.000
67009,3.322,5.815,50.628,99.900,0.512,322.369,222.553,2.000
67010,3.322,5.815,50.628,99.900,0.513,322.369,222.553,2.000
67011,3.322,5.815,50.628,99.900,0.510,322.369,222.553,2.000
67012,3.110,5.785,50.628,99.900,0.516,322.106,222.553,2.000
67013,3.110,5.785,50.660,99.900,0.508,321.844,222.553,2.000
67014,3.110,5.785,50.660,99.900,0.517,321.844,222.248,2.000
67015,3.110,5.785,50.660,99.900,0.510,321.844,222.248,2.000
67016,3.110,5.785,50.660,99.900,0.516,321.844,222.248,2.000
67017,3.110,5.785,50.693,99.900,0.509,321.844,221.944,2.000
67018,3.110,5.785,50.725,99.900,0.516,321.844,221.944,2.000
67019,3.110,5.785,50.725,99.900,0.508,321.844,222.248,2.000
67020,3.110,5.785,50.725,99.900,0.516,321.844,222.248,2.000
67021,3.110,5.785,50.758,99.900,0.517,321.844,221.944,2.000
67022,3.197,5.752,50.725,99.900,0.508,321.581,222.248,2.000
67023,3.197,5.752,50.758,99.900,0.517,321.844,222.553,2.000
67024,3.197,5.752,50.758,99.900,0.509,321.844,222.553,2.000
67025,3.197,5.752,50.791,99.900,0.513,322.106,222.248,2.000
67026,3.197,5.752,50.791,99.900,0.508,321.844,222.248,2.000
67027,3.197,5.752,50.791,99.900,0.511,321.844,222.553,2.000
67028,3.197,5.752,50.791,99.900,0.513,321.844,222.248,2.000
67029,3.197,5.752,50.791,99.900,0.506,322.106,222.248,2.000
67030,3.197,5.752,50.791,99.900,0.516,322.106,222.248,2.000
67031,3.197,5.752,50.758,99.900,0.508,322.106,221.944,2.000
67032,3.283,6.104,50.791,99.900,0.517,322.106,222.553,2.000
67033,3.283,6.104,50.758,99.900,0.508,322.106,222.248,2.000
67034,3.283,6.104,50.758,99.900,0.514,322.106,221.944,2.000
67035,3.283,6.104,50.758,99.900,0.508,322.369,221.944,2.000
67036,3.283,6.104,50.758,99.900,0.509,322.369,221.944,2.000
67037,3.283,6.104,50.725,99.900,0.513,322.369,221.944,2.000
67038,3.283,6.104,50.725,99.900,0.507,322.631,221.639,2.000
67039,3.283,6.104,50.693,99.900,0.513,322.631,221.639,2.000
67040,3.283,6.104,50.725,99.900,0.506,322.894,221.944,2.000
67041,3.283,6.104,50.693,99.900,0.515,322.894,221.944,2.000
67042,3.173,6.457,50.693,99.900,0.506,322.894,221.944,2.000
67043,3.173,6.457,50.693,99.900,0.514,322.894,221.944,2.000
67044,3.173,6.457,50.660,99.900,0.508,323.156,221.944,2.000
67045,3.173,6.457,50.660,99.900,0.509,323.156,221.944,2.000
67046,3.173,6.457,50.628,99.900,0.508,323.156,221.944,2.000
67047,3.173,6.457,50.628,99.900,0.506,323.156,221.944,2.000
67048,3.173,6.457,50.628,99.900,0.510,323.156,221.944,2.000
67049,3.173,6.457,50.628,99.900,0.506,323.419,221.944,2.000
67050,3.173,6.457,50.628,99.900,0.513,323.419,221.944,2.000
67051,3.173,6.457,50.628,99.900,0.505,323.681,221.944,2.000
67052,3.062,6.733,50.628,99.900,0.512,323.681,222.248,2.000
67053,3.062,6.733,50.628,99.900,0.506,323.681,221.944,2.000
67054,3.062,6.733,50.628,99.900,0.509,323.681,221.639,2.000
67055,3.062,6.733,50.628,99.900,0.512,323.944,221.944,2.000
67056,3.062,6.733,50.660,99.900,0.508,323.944,221.639,2.000
67057,3.062,6.733,50.660,99.900,0.515,323.944,221.639,2.000
67058,3.062,6.733,50.660,99.900,0.506,324.206,221.639,2.000
67059,3.062,6.733,50.693,99.900,0.514,324.469,221.639,2.000
67060,3.062,6.733,50.693,99.900,0.507,324.469,221.335,2.000
67061,3.062,6.733,50.693,99.900,0.512,324.469,221.944,2.000
67062,3.331,7.006,50.725,99.900,0.510,324.469,221.639,2.000
67063,3.331,7.006,50.725,99.900,0.509,324.469,221.944,2.000
67064,3.331,7.006,50.725,99.900,0.513,324.731,221.944,2.000
67065,3.331,7.006,50.758,99.900,0.506,324.731,221.944,2.000
67066,3.331,7.006,50.758,99.900,0.514,324.731,221.944,2.000
67067,3.331,7.006,50.758,99.900,0.506,324.731,221.944,2.000
67068,3.331,7.006,50.791,99.900,0.512,324.731,221.944,2.000
67069,3.331,7.006,50.791,99.900,0.507,324.994,221.944,2.000
67070,3.331,7.006,50.791,99.900,0.506,325.256,221.944,2.000
67071,3.331,7.006,50.791,99.900,0.510,325.256,221.944,2.000
67072,3.599,6.820,50.791,99.900,0.505,325.256,221.944,2.000
67073,3.599,6.820,50.791,99.900,0.514,324.994,221.639,2.000
67074,3.599,6.820,50.791,99.900,0.504,325.256,221.639,2.000
67075,3.599,6.820,50.791,99.900,0.512,325.256,221.335,2.000
67076,3.599,6.820,50.758,99.900,0.506,325.256,221.335,2.000
67077,3.599,6.820,50.758,99.900,0.508,325.519,221.639,2.000
67078,3.599,6.820,50.758,99.900,0.512,325.519,221.639,2.000
67079,3.599,6.820,50.758,99.900,0.507,325.781,221.639,2.000
67080,3.599,6.820,50.725,99.900,0.514,325.781,221.639,2.000
67081,3.599,6.820,50.725,99.900,0.505,325.781,221.639,2.000
67082,3.630,6.636,50.725,99.900,0.513,325.781,221.335,2.000
67083,3.630,6.636,50.725,99.900,0.508,326.044,221.639,2.000
67084,3.630,6.636,50.693,99.900,0.510,326.306,221.639,2.000
67085,3.630,6.636,50.693,99.900,0.512,326.044,222.553,2.000
67086,3.630,6.636,50.660,99.900,0.506,326.306,222.248,2.000
67087,3.630,6.636,50.660,99.900,0.516,326.306,222.248,2.000
67088,3.630,6.636,50.660,99.900,0.508,326.569,222.553,2.000
67089,3.630,6.636,50.628,99.900,0.514,326.569,222.553,2.000
67090,3.630,6.636,50.628,99.900,0.509,326.832,222.857,2.000
67091,3.630,6.636,50.628,99.900,0.509,326.832,222.553,2.000
67092,3.663,6.562,50.628,99.900,0.513,326.832,222.553,2.000
67093,3.663,6.562,50.628,99.900,0.507,326.832,221.944,2.000
67094,3.663,6.562,50.628,99.900,0.515,327.094,221.944,2.000
67095,3.663,6.562,50.628,99.900,0.508,327.094,221.944,2.000
67096,3.663,6.562,50.628,99.900,0.509,327.094,221.944,2.000
67097,3.663,6.562,50.628,99.900,0.513,327.357,221.944,2.000
67098,3.663,6.562,50.660,99.900,0.509,327.357,222.248,2.000
67099,3.663,6.562,50.660,99.900,0.516,327.357,222.248,2.000
67100,3.663,6.562,50.660,99.900,0.508,327.619,222.248,2.000
67101,3.663,6.562,50.660,99.900,0.514,327.357,222.248,2.000
67102,3.443,6.491,50.693,99.900,0.510,327.357,222.248,2.000
67103,3.443,6.491,50.693,99.900,0.509,327.357,222.553,2.000
67104,3.443,6.491,50.693,99.900,0.515,327.619,222.857,2.000
67105,3.443,6.491,50.725,99.900,0.507,327.619,222.553,2.000
67106,3.443,6.491,50.725,99.900,0.515,327.357,222.553,2.000
67107,3.443,6.491,50.758,99.900,0.509,327.357,222.553,2.000
67108,3.443,6.491,50.758,99.900,0.512,327.357,222.857,2.000
67109,3.443,6.491,50.758,99.900,0.512,327.357,222.553,2.000
67110,3.443,6.491,50.791,99.900,0.508,327.357,222.553,2.000
67111,3.443,6.491,50.791,99.900,0.516,327.357,222.553,2.000
67112,3.223,6.503,50.791,99.900,0.509,327.357,222.553,2.000
67113,3.223,6.503,50.791,99.900,0.514,327.094,222.553,2.000
67114,3.223,6.503,50.791,99.900,0.509,327.094,222.248,2.000
67115,3.223,6.503,50.791,99.900,0.509,327.094,222.553,2.000
67116,3.223,6.503,50.758,99.900,0.515,327.094,222.553,2.000
67117,3.223,6.503,50.758,99.900,0.509,327.094,222.553,2.000
67118,3.223,6.503,50.758,99.900,0.517,327.094,222.248,2.000
67119,3.223,6.503,50.758,99.900,0.508,327.094,222.248,2.000
67120,3.223,6.503,50.758,99.900,0.510,327.094,222.248,2.000
67121,3.223,6.503,50.758,99.900,0.516,326.832,222.248,2.000
67122,3.416,6.511,50.725,99.900,0.508,326.569,222.248,2.000
67123,3.416,6.511,50.725,99.900,0.518,326.569,222.553,2.000
67124,3.416,6.511,50.725,99.900,0.508,326.569,222.553,2.000
67125,3.416,6.511,50.725,99.900,0.513,326.569,222.553,2.000
67126,3.416,6.511,50.693,99.900,0.510,326.306,222.553,2.000
67127,3.416,6.511,50.693,99.900,0.510,326.306,222.553,2.000
67128,3.416,6.511,50.693,99.900,0.515,326.044,222.553,2.000
67129,3.416,6.511,50.660,99.900,0.505,326.044,222.553,2.000
67130,3.416,6.511,50.660,99.900,0.517,326.044,222.248,2.000
67131,3.416,6.511,50.660,99.900,0.508,325.781,222.248,2.000
67132,3.610,6.445,50.660,99.900,0.510,325.781,222.553,2.000
67133,3.610,6.445,50.628,99.900,0.513,325.519,222.248,2.000
67134,3.610,6.445,50.628,99.900,0.508,325.256,222.248,2.000
67135,3.610,6.445,50.628,99.900,0.516,325.256,221.944,2.000
67136,3.610,6.445,50.628,99.900,0.507,324.994,222.248,2.000
67137,3.610,6.445,50.628,99.900,0.514,324.994,221.944,2.000
67138,3.610,6.445,50.628,99.900,0.509,324.994,221.944,2.000
67139,3.610,6.445,50.628,99.900,0.509,324.994,221.944,2.000
67140,3.610,6.445,50.660,99.900,0.516,324.731,221.944,2.000
67141,3.610,6.445,50.660,99.900,0.508,324.731,222.248,2.000
67142,3.385,6.385,50.660,99.900,0.516,324.469,222.248,2.000
67143,3.385,6.385,50.693,99.900,0.507,324.469,222.248,2.000
67144,3.385,6.385,50.693,99.900,0.513,324.206,222.553,2.000
67145,3.385,6.385,50.693,99.900,0.512,324.206,222.553,2.000
67146,3.385,6.385,50.725,99.900,0.509,324.206,222.553,2.000
67147,3.385,6.385,50.725,99.900,0.513,323.944,222.553,2.000
67148,3.385,6.385,50.725,99.900,0.511,323.944,222.857,2.000
67149,3.385,6.385,50.758,99.900,0.508,323.944,222.248,2.000
67150,3.385,6.385,50.758,99.900,0.515,323.681,222.248,2.000
67151,3.385,6.385,50.758,99.900,0.508,323.681,222.248,2.000
67152,3.161,6.517,50.758,99.900,0.516,323.681,221.944,2.000
67153,3.161,6.517,50.791,99.900,0.508,323.419,221.944,2.000
67154,3.161,6.517,50.758,99.900,0.514,323.156,221.639,2.000
67155,3.161,6.517,50.791,99.900,0.510,323.156,221.639,2.000
67156,3.161,6.517,50.791,99.900,0.515,323.156,221.639,2.000
67157,3.161,6.517,50.791,99.900,0.506,322.894,221.944,2.000
67158,3.161,6.517,50.758,99.900,0.514,322.894,222.248,2.000
67159,3.161,6.517,50.758,99.900,0.516,322.894,221.944,2.000
67160,3.161,6.517,50.758,99.900,0.506,322.894,221.944,2.000
67161,3.161,6.517,50.758,99.900,0.515,322.631,221.944,2.000
67162,3.249,6.648,50.758,99.900,0.506,322.631,221.944,2.000
67163,3.249,6.648,50.725,99.900,0.509,322.369,221.944,2.000
67164,3.249,6.648,50.725,99.900,0.508,322.631,221.944,2.000
67165,3.249,6.648,50.725,99.900,0.508,322.631,221.944,2.000
67166,3.249,6.648,50.693,99.900,0.514,322.369,221.944,2.000
67167,3.249,6.648,50.693,99.900,0.507,322.369,221.944,2.000
67168,3.249,6.648,50.693,99.900,0.516,322.369,222.248,2.000
67169,3.249,6.648,50.660,99.900,0.508,322.369,222.248,2.000
67170,3.249,6.648,50.660,99.900,0.514,322.369,221.944,2.000
67171,3.249,6.648,50.660,99.900,0.508,322.369,221.944,2.000
67172,3.336,6.801,50.628,99.900,0.512,322.369,221.639,2.000
67173,3.336,6.801,50.628,99.900,0.514,322.369,221.944,2.000
67174,3.336,6.801,50.628,99.900,0.507,322.106,221.639,2.000
67175,3.336,6.801,50.628,99.900,0.514,322.369,221.335,2.000
67176,3.336,6.801,50.628,99.900,0.506,322.369,221.335,2.000
67177,3.336,6.801,50.628,99.900,0.516,322.369,221.639,2.000
67178,3.336,6.801,50.628,99.900,0.508,322.369,221.639,2.000
67179,3.336,6.801,50.628,99.900,0.513,322.369,221.335,2.000
67180,3.336,6.801,50.628,99.900,0.509,322.369,221.639,2.000
67181,3.336,6.801,50.628,99.900,0.508,322.369,221.639,2.000
67182,3.543,6.953,50.660,99.900,0.512,322.369,221.639,2.000
67183,3.543,6.953,50.660,99.900,0.509,322.369,222.248,2.000
67184,3.543,6.953,50.693,99.900,0.514,322.369,222.248,2.000
67185,3.543,6.953,50.693,99.900,0.508,322.369,222.248,2.000
67186,3.543,6.953,50.693,99.900,0.514,322.369,221.944,2.000
67187,3.543,6.953,50.725,99.900,0.507,322.369,221.639,2.000
67188,3.543,6.953,50.725,99.900,0.513,322.369,221.639,2.000
67189,3.543,6.953,50.725,99.900,0.510,322.369,221.639,2.000
67190,3.543,6.953,50.758,99.900,0.512,322.369,221.944,2.000
67191,3.543,6.953,50.758,99.900,0.516,322.369,222.248,2.000
67192,3.752,6.639,50.758,99.900,0.510,322.631,221.944,2.000
67193,3.752,6.639,50.791,99.900,0.517,322.631,221.944,2.000
67194,3.752,6.639,50.758,99.900,0.509,322.369,222.248,2.000
67195,3.752,6.639,50.791,99.900,0.518,322.631,222.553,2.000
67196,3.752,6.639,50.791,99.900,0.509,322.631,222.248,2.000
67197,3.752,6.639,50.791,99.900,0.515,322.631,222.248,2.000
67198,3.752,6.639,50.791,99.900,0.512,322.631,221.944,2.000
67199,3.752,6.639,50.791,99.900,0.512,322.894,221.944,2.000
67200,3.752,6.639,50.791,99.900,0.517,323.156,221.944,2.000
67201,3.752,6.639,50.791,99.900,0.512,323.156,221.944,2.000
67202,3.642,6.326,50.758,99.900,0.517,323.156,221.639,2.000
67203,3.642,6.326,50.758,99.900,0.508,323.156,221.944,2.000
67204,3.642,6.326,50.758,99.900,0.517,323.419,221.944,2.000
67205,3.642,6.326,50.758,99.900,0.508,323.419,222.248,2.000
67206,3.642,6.326,50.725,99.900,0.515,323.419,222.248,2.000
67207,3.642,6.326,50.725,99.900,0.509,323.419,222.553,2.000
67208,3.642,6.326,50.693,99.900,0.509,323.681,222.248,2.000
67209,3.642,6.326,50.693,99.900,0.512,323.681,221.944,2.000
67210,3.642,6.326,50.693,99.900,0.510,323.944,222.248,2.000
67211,3.642,6.326,50.660,99.900,0.515,323.944,221.944,2.000
67212,3.534,6.462,50.660,99.900,0.509,324.206,221.944,2.000
67213,3.534,6.462,50.660,99.900,0.516,324.206,221.944,2.000
67214,3.534,6.462,50.628,99.900,0.508,323.944,221.639,2.000
67215,3.534,6.462,50.628,99.900,0.516,324.206,221.335,2.000
67216,3.534,6.462,50.628,99.900,0.509,324.206,221.335,2.000
67217,3.534,6.462,50.628,99.900,0.510,324.206,221.639,2.000
67218,3.534,6.462,50.628,99.900,0.513,324.469,221.639,2.000
67219,3.534,6.462,50.628,99.900,0.508,324.469,221.639,2.000
67220,3.534,6.462,50.628,99.900,0.515,324.731,221.335,2.000
67221,3.534,6.462,50.628,99.900,0.508,324.731,221.639,2.000
67222,3.415,6.596,50.628,99.900,0.516,324.994,221.639,2.000
67223,3.415,6.596,50.628,99.900,0.507,324.994,221.639,2.000
67224,3.415,6.596,50.628,99.900,0.513,324.994,221.944,2.000
67225,3.415,6.596,50.660,99.900,0.512,325.256,221.944,2.000
67226,3.415,6.596,50.660,99.900,0.508,325.256,221.944,2.000
67227,3.415,6.596,50.660,99.900,0.516,325.256,221.944,2.000
67228,3.415,6.596,50.693,99.900,0.508,325.256,221.944,2.000
67229,3.415,6.596,50.693,99.900,0.516,325.519,221.944,2.000
67230,3.415,6.596,50.725,99.900,0.509,325.781,221.944,2.000
67231,3.415,6.596,50.725,99.900,0.514,325.781,221.944,2.000
67232,3.297,6.442,50.758,99.900,0.511,326.044,221.944,2.000
67233,3.297,6.442,50.758,99.900,0.510,326.044,221.944,2.000
67234,3.297,6.442,50.758,99.900,0.514,325.781,221.639,2.000
67235,3.297,6.442,50.791,99.900,0.508,326.044,221.335,2.000
67236,3.297,6.442,50.791,99.900,0.517,326.044,221.335,2.000
67237,3.297,6.442,50.791,99.900,0.508,326.044,221.639,2.000
67238,3.297,6.442,50.791,99.900,0.513,326.044,222.248,2.000
67239,3.297,6.442,50.791,99.900,0.512,326.306,222.553,2.000
67240,3.297,6.442,50.791,99.900,0.509,326.569,222.857,2.000
67241,3.297,6.442,50.791,99.900,0.515,326.569,222.248,2.000
67242,3.291,6.287,50.791,99.900,0.508,326.569,222.248,2.000
67243,3.291,6.287,50.791,99.900,0.517,326.569,222.248,2.000
67244,3.291,6.287,50.758,99.900,0.508,326.569,222.553,2.000
67245,3.291,6.287,50.758,99.900,0.511,326.832,222.553,2.000
67246,3.291,6.287,50.758,99.900,0.515,326.832,222.248,2.000
67247,3.291,6.287,50.758,99.900,0.508,326.832,222.248,2.000
67248,3.291,6.287,50.725,99.900,0.516,326.832,222.248,2.000
67249,3.291,6.287,50.725,99.900,0.508,326.832,222.248,2.000
67250,3.291,6.287,50.725,99.900,0.514,327.094,222.553,2.000
67251,3.291,6.287,50.725,99.900,0.512,327.094,222.553,2.000
67252,3.286,6.521,50.693,99.900,0.510,327.094,222.553,2.000
67253,3.286,6.521,50.693,99.900,0.517,327.094,222.248,2.000
67254,3.286,6.521,50.660,99.900,0.509,326.832,221.944,2.000
67255,3.286,6.521,50.660,99.900,0.517,326.832,221.944,2.000
67256,3.286,6.521,50.660,99.900,0.509,326.832,221.944,2.000
67257,3.286,6.521,50.660,99.900,0.510,326.832,221.944,2.000
67258,3.286,6.521,50.628,99.900,0.514,326.832,222.248,2.000
67259,3.286,6.521,50.628,99.900,0.509,327.094,221.944,2.000
67260,3.286,6.521,50.628,99.900,0.518,327.094,222.248,2.000
67261,3.286,6.521,50.628,99.900,0.509,327.094,222.248,2.000
67262,3.385,6.752,50.628,99.900,0.513,327.094,222.248,2.000
67263,3.385,6.752,50.628,99.900,0.513,327.094,222.553,2.000
67264,3.385,6.752,50.628,99.900,0.510,327.094,222.248,2.000
67265,3.385,6.752,50.628,99.900,0.517,327.094,222.248,2.000
67266,3.385,6.752,50.628,99.900,0.508,327.094,222.248,2.000
67267,3.385,6.752,50.660,99.900,0.518,326.832,222.553,2.000
67268,3.385,6.752,50.660,99.900,0.511,326.832,222.553,2.000
67269,3.385,6.752,50.693,99.900,0.512,326.832,221.944,2.000
67270,3.385,6.752,50.693,99.900,0.514,326.832,222.553,2.000
67271,3.385,6.752,50.693,99.900,0.511,326.832,222.553,2.000
67272,3.486,6.719,50.725,99.900,0.518,326.569,222.857,2.000
67273,3.486,6.719,50.725,99.900,0.510,326.569,222.553,2.000
67274,3.486,6.719,50.725,99.900,0.514,326.306,222.248,2.000
67275,3.486,6.719,50.758,99.900,0.513,326.306,222.248,2.000
67276,3.486,6.719,50.758,99.900,0.510,326.306,222.248,2.000
67277,3.486,6.719,50.758,99.900,0.517,326.306,221.944,2.000
67278,3.486,6.719,50.758,99.900,0.509,326.044,221.944,2.000
67279,3.486,6.719,50.758,99.900,0.516,326.044,221.944,2.000
67280,3.486,6.719,50.791,99.900,0.509,326.044,222.248,2.000
67281,3.486,6.719,50.791,99.900,0.511,326.044,222.248,2.000
67282,3.300,6.689,50.791,99.900,0.516,325.781,222.248,2.000
67283,3.300,6.689,50.791,99.900,0.510,325.781,222.553,2.000
67284,3.300,6.689,50.791,99.900,0.518,325.781,222.553,2.000
67285,3.300,6.689,50.758,99.900,0.509,325.781,222.553,2.000
67286,3.300,6.689,50.758,99.900,0.513,325.519,222.248,2.000
67287,3.300,6.689,50.758,99.900,0.514,325.519,222.553,2.000
67288,3.300,6.689,50.758,99.900,0.509,325.256,222.553,2.000
67289,3.300,6.689,50.725,99.900,0.517,325.256,222.553,2.000
67290,3.300,6.689,50.725,99.900,0.512,325.256,222.553,2.000
67291,3.300,6.689,50.725,99.900,0.512,324.994,222.553,2.000
67292,3.115,6.580,50.725,99.900,0.517,324.994,222.553,2.000
67293,3.115,6.580,50.693,99.900,0.510,324.731,222.248,2.000
67294,3.115,6.580,50.693,99.900,0.516,324.731,221.944,2.000
67295,3.115,6.580,50.660,99.900,0.510,324.469,221.944,2.000
67296,3.115,6.580,50.660,99.900,0.512,324.206,222.248,2.000
67297,3.115,6.580,50.660,99.900,0.514,324.206,222.248,2.000
67298,3.115,6.580,50.628,99.900,0.509,324.206,221.944,2.000
67299,3.115,6.580,50.628,99.900,0.517,323.944,221.944,2.000
67300,3.115,6.580,50.628,99.900,0.509,323.944,221.944,2.000
67301,3.115,6.580,50.628,99.900,0.516,323.944,221.944,2.000
67302,3.435,6.467,50.628,99.900,0.511,323.681,221.639,2.000
67303,3.435,6.467,50.628,99.900,0.509,323.419,221.639,2.000
67304,3.435,6.467,50.628,99.900,0.513,323.419,221.639,2.000
67305,3.435,6.467,50.628,99.900,0.508,323.156,221.639,2.000
67306,3.435,6.467,50.628,99.900,0.517,323.156,221.639,2.000
67307,3.435,6.467,50.660,99.900,0.507,322.894,221.944,2.000
67308,3.435,6.467,50.660,99.900,0.515,322.894,221.944,2.000
67309,3.435,6.467,50.660,99.900,0.509,322.631,221.944,2.000
67310,3.435,6.467,50.693,99.900,0.512,322.631,221.639,2.000
67311,3.435,6.467,50.660,99.900,0.513,322.631,221.944,2.000
67312,3.757,6.655,50.693,99.900,0.510,322.369,221.944,2.000
67313,3.757,6.655,50.725,99.900,0.517,322.369,221.639,2.000
67314,3.757,6.655,50.725,99.900,0.509,322.106,221.639,2.000
67315,3.757,6.655,50.725,99.900,0.517,322.106,221.639,2.000
67316,3.757,6.655,50.758,99.900,0.509,322.106,221.639,2.000
67317,3.757,6.655,50.758,99.900,0.517,322.106,221.639,2.000
67318,3.757,6.655,50.758,99.900,0.511,322.106,221.639,2.000
67319,3.757,6.655,50.758,99.900,0.511,322.106,221.944,2.000
67320,3.757,6.655,50.758,99.900,0.515,322.106,221.639,2.000
67321,3.757,6.655,50.791,99.900,0.509,322.106,221.639,2.000
67322,3.827,6.845,50.758,99.900,0.516,322.106,221.639,2.000
67323,3.827,6.845,50.791,99.900,0.509,321.844,221.944,2.000
67324,3.827,6.845,50.758,99.900,0.517,321.844,221.944,2.000
67325,3.827,6.845,50.758,99.900,0.509,321.844,221.944,2.000
67326,3.827,6.845,50.758,99.900,0.513,322.106,221.944,2.000
67327,3.827,6.845,50.758,99.900,0.512,321.844,221.944,2.000
67328,3.827,6.845,50.758,99.900,0.512,321.844,221.639,2.000
67329,3.827,6.845,50.758,99.900,0.518,321.844,221.944,2.000
67330,3.827,6.845,50.725,99.900,0.510,322.106,222.248,2.000
67331,3.827,6.845,50.725,99.900,0.517,321.844,221.944,2.000
67332,3.895,6.568,50.725,99.900,0.509,322.106,221.944,2.000
67333,3.895,6.568,50.725,99.900,0.516,322.106,221.944,2.000
67334,3.895,6.568,50.693,99.900,0.511,321.844,221.944,2.000
67335,3.895,6.568,50.693,99.900,0.511,321.844,221.944,2.000
67336,3.895,6.568,50.693,99.900,0.516,321.844,221.639,2.000
67337,3.895,6.568,50.660,99.900,0.508,322.106,221.639,2.000
67338,3.895,6.568,50.660,99.900,0.517,322.106,221.639,2.000
67339,3.895,6.568,50.660,99.900,0.509,322.106,221.335,2.000
67340,3.895,6.568,50.660,99.900,0.516,322.369,221.335,2.000
67341,3.895,6.568,50.628,99.900,0.508,322.369,221.639,2.000
67342,3.707,6.293,50.628,99.900,0.513,322.369,221.639,2.000
67343,3.707,6.293,50.628,99.900,0.511,322.369,221.639,2.000
67344,3.707,6.293,50.628,99.900,0.509,322.631,221.944,2.000
67345,3.707,6.293,50.628,99.900,0.516,322.631,221.944,2.000
67346,3.707,6.293,50.628,99.900,0.507,322.631,222.248,2.000
67347,3.707,6.293,50.628,99.900,0.516,322.894,221.944,2.000
67348,3.707,6.293,50.628,99.900,0.508,322.631,221.944,2.000
67349,3.707,6.293,50.628,99.900,0.516,322.631,221.944,2.000
67350,3.707,6.293,50.660,99.900,0.510,322.894,221.944,2.000
67351,3.707,6.293,50.660,99.900,0.512,322.894,221.639,2.000
67352,3.520,6.593,50.660,99.900,0.512,322.894,221.944,2.000
67353,3.520,6.593,50.693,99.900,0.510,323.156,221.944,2.000
67354,3.520,6.593,50.693,99.900,0.516,322.894,221.639,2.000
67355,3.520,6.593,50.725,99.900,0.507,322.894,221.639,2.000
67356,3.520,6.593,50.725,99.900,0.517,322.894,221.639,2.000
67357,3.520,6.593,50.758,99.900,0.509,322.894,221.944,2.000
67358,3.520,6.593,50.758,99.900,0.516,323.156,221.944,2.000
67359,3.520,6.593,50.758,99.900,0.509,323.156,221.639,2.000
67360,3.520,6.593,50.758,99.900,0.511,323.156,221.335,2.000
67361,3.520,6.593,50.758,99.900,0.513,323.419,221.335,2.000
67362,3.608,6.890,50.791,99.900,0.509,323.419,221.639,2.000
67363,3.608,6.890,50.758,99.900,0.517,323.419,221.944,2.000
67364,3.608,6.890,50.791,99.900,0.509,323.419,222.248,2.000
67365,3.608,6.890,50.791,99.900,0.516,323.681,221.944,2.000
67366,3.608,6.890,50.791,99.900,0.507,323.681,221.944,2.000
67367,3.608,6.890,50.791,99.900,0.516,323.944,221.944,2.000
67368,3.608,6.890,50.758,99.900,0.508,323.681,221.944,2.000
67369,3.608,6.890,50.758,99.900,0.514,323.944,221.944,2.000
67370,3.608,6.890,50.758,99.900,0.511,323.944,221.944,2.000
67371,3.608,6.890,50.758,99.900,0.511,324.206,221.944,2.000
67372,3.697,6.438,50.725,99.900,0.514,324.206,221.944,2.000
67373,3.697,6.438,50.725,99.900,0.510,324.206,221.944,2.000
67374,3.697,6.438,50.725,99.900,0.517,324.206,221.639,2.000
67375,3.697,6.438,50.725,99.900,0.509,324.469,221.639,2.000
67376,3.697,6.438,50.693,99.900,0.517,324.469,221.639,2.000
67377,3.697,6.438,50.693,99.900,0.509,324.731,221.639,2.000
67378,3.697,6.438,50.660,99.900,0.514,324.731,221.335,2.000
67379,3.697,6.438,50.660,99.900,0.510,324.994,221.335,2.000
67380,3.697,6.438,50.660,99.900,0.511,325.256,221.639,2.000
67381,3.697,6.438,50.628,99.900,0.514,325.256,221.639,2.000
67382,3.550,5.991,50.628,99.900,0.508,325.256,221.639,2.000
67383,3.550,5.991,50.628,99.900,0.516,325.256,221.944,2.000
67384,3.550,5.991,50.628,99.900,0.508,325.256,221.944,2.000
67385,3.550,5.991,50.628,99.900,0.516,325.519,221.944,2.000
67386,3.550,5.991,50.628,99.900,0.508,325.781,221.944,2.000
67387,3.550,5.991,50.628,99.900,0.512,325.781,221.944,2.000
67388,3.550,5.991,50.628,99.900,0.512,325.781,221.944,2.000
67389,3.550,5.991,50.628,99.900,0.510,325.781,221.944,2.000
67390,3.550,5.991,50.628,99.900,0.516,326.044,222.248,2.000
67391,3.550,5.991,50.660,99.900,0.509,326.044,221.944,2.000
67392,3.402,6.114,50.660,99.900,0.517,326.306,222.248,2.000
67393,3.402,6.114,50.660,99.900,0.509,326.306,221.944,2.000
67394,3.402,6.114,50.693,99.900,0.512,326.306,222.248,2.000
67395,3.402,6.114,50.693,99.900,0.513,326.306,222.248,2.000
67396,3.402,6.114,50.693,99.900,0.510,326.306,222.553,2.000
67397,3.402,6.114,50.725,99.900,0.518,326.569,222.553,2.000
67398,3.402,6.114,50.725,99.900,0.510,326.569,222.553,2.000
67399,3.402,6.114,50.758,99.900,0.517,326.832,222.553,2.000
67400,3.402,6.114,50.758,99.900,0.510,326.832,222.248,2.000
67401,3.402,6.114,50.758,99.900,0.512,327.094,222.248,2.000
67402,3.235,6.235,50.758,99.900,0.517,327.357,222.248,2.000
67403,3.235,6.235,50.791,99.900,0.508,327.094,222.553,2.000
67404,3.235,6.235,50.791,99.900,0.517,327.094,222.553,2.000
67405,3.235,6.235,50.791,99.900,0.510,327.357,222.553,2.000
67406,3.235,6.235,50.791,99.900,0.514,327.357,222.553,2.000
67407,3.235,6.235,50.791,99.900,0.514,327.357,222.553,2.000
67408,3.235,6.235,50.791,99.900,0.510,327.357,222.248,2.000
67409,3.235,6.235,50.758,99.900,0.517,327.094,222.553,2.000
67410,3.235,6.235,50.758,99.900,0.510,327.094,222.553,2.000
67411,3.235,6.235,50.758,99.900,0.516,327.357,222.553,2.000
67412,3.067,6.098,50.725,99.900,0.512,327.094,222.553,2.000
67413,3.067,6.098,50.725,99.900,0.510,327.094,222.248,2.000
67414,3.067,6.098,50.725,99.900,0.517,327.094,222.248,2.000
67415,3.067,6.098,50.725,99.900,0.508,326.832,222.248,2.000
67416,3.067,6.098,50.725,99.900,0.516,326.832,222.248,2.000
67417,3.067,6.098,50.693,99.900,0.509,326.832,222.248,2.000
67418,3.067,6.098,50.693,99.900,0.512,326.832,221.944,2.000
67419,3.067,6.098,50.660,99.900,0.515,326.832,221.944,2.000
67420,3.067,6.098,50.660,99.900,0.509,326.832,222.248,2.000
67421,3.067,6.098,50.660,99.900,0.510,326.832,221.639,2.000
67422,3.220,5.957,50.660,99.900,0.507,326.569,221.944,2.000
67423,3.220,5.957,50.628,99.900,0.514,326.569,222.248,2.000
67424,3.220,5.957,50.628,99.900,0.510,326.569,222.248,2.000
67425,3.220,5.957,50.628,99.900,0.510,326.569,222.248,2.000
67426,3.220,5.957,50.628,99.900,0.514,326.569,221.944,2.000
67427,3.220,5.957,50.628,99.900,0.509,326.569,222.248,2.000
67428,3.220,5.957,50.628,99.900,0.518,326.306,222.248,2.000
67429,3.220,5.957,50.628,99.900,0.516,326.306,222.248,2.000
67430,3.220,5.957,50.628,99.900,0.508,326.044,222.248,2.000
67431,3.220,5.957,50.628,99.900,0.518,326.044,222.248,2.000
67432,3.373,6.284,50.660,99.900,0.508,326.044,222.553,2.000
67433,3.373,6.284,50.660,99.900,0.512,326.044,222.248,2.000
67434,3.373,6.284,50.660,99.900,0.513,326.044,222.248,2.000
67435,3.373,6.284,50.693,99.900,0.509,325.781,222.553,2.000
67436,3.373,6.284,50.693,99.900,0.517,325.781,222.248,2.000
67437,3.373,6.284,50.725,99.900,0.509,325.781,221.944,2.000
67438,3.373,6.284,50.725,99.900,0.516,325.519,222.248,2.000
67439,3.373,6.284,50.725,99.900,0.510,325.519,222.248,2.000
67440,3.373,6.284,50.725,99.900,0.511,325.519,221.944,2.000
67441,3.373,6.284,50.758,99.900,0.518,325.519,221.944,2.000
67442,3.472,6.614,50.758,99.900,0.510,325.256,221.944,2.000
67443,3.472,6.614,50.758,99.900,0.517,324.994,222.248,2.000
67444,3.472,6.614,50.758,99.900,0.509,324.994,222.553,2.000
67445,3.472,6.614,50.791,99.900,0.513,324.994,222.553,2.000
67446,3.472,6.614,50.791,99.900,0.515,324.994,222.553,2.000
67447,3.472,6.614,50.791,99.900,0.511,324.994,222.553,2.000
67448,3.472,6.614,50.758,99.900,0.517,324.731,222.553,2.000
67449,3.472,6.614,50.791,99.900,0.509,324.469,222.553,2.000
67450,3.472,6.614,50.758,99.900,0.516,324.469,222.553,2.000
67451,3.472,6.614,50.758,99.900,0.509,324.469,222.553,2.000
67452,3.571,6.331,50.758,99.900,0.511,324.206,222.248,2.000
67453,3.571,6.331,50.758,99.900,0.517,323.944,222.248,2.000
67454,3.571,6.331,50.725,99.900,0.509,323.944,222.248,2.000
67455,3.571,6.331,50.725,99.900,0.518,323.681,222.248,2.000
67456,3.571,6.331,50.725,99.900,0.509,323.681,221.335,2.000
67457,3.571,6.331,50.725,99.900,0.514,323.681,221.639,2.000
67458,3.571,6.331,50.693,99.900,0.512,323.419,221.944,2.000
67459,3.571,6.331,50.693,99.900,0.511,323.419,221.639,2.000
67460,3.571,6.331,50.660,99.900,0.516,323.419,221.335,2.000
67461,3.571,6.331,50.660,99.900,0.509,323.419,221.944,2.000
67462,3.381,6.054,50.660,99.900,0.517,323.156,221.639,2.000
67463,3.381,6.054,50.660,99.900,0.508,322.894,221.944,2.000
67464,3.381,6.054,50.628,99.900,0.517,322.894,221.944,2.000
67465,3.381,6.054,50.628,99.900,0.509,322.631,221.944,2.000
67466,3.381,6.054,50.628,99.900,0.516,322.631,221.944,2.000
67467,3.381,6.054,50.628,99.900,0.514,322.631,221.944,2.000
67468,3.381,6.054,50.628,99.900,0.511,322.631,222.248,2.000
67469,3.381,6.054,50.628,99.900,0.517,322.369,222.248,2.000
67470,3.381,6.054,50.628,99.900,0.510,322.369,221.944,2.000
67471,3.381,6.054,50.628,99.900,0.516,322.106,221.944,2.000
67472,3.189,5.987,50.628,99.900,0.510,322.106,221.639,2.000
67473,3.189,5.987,50.660,99.900,0.516,322.106,221.639,2.000
67474,3.189,5.987,50.660,99.900,0.508,322.106,221.639,2.000
67475,3.189,5.987,50.693,99.900,0.514,321.844,221.639,2.000
67476,3.189,5.987,50.693,99.900,0.509,321.844,221.639,2.000
67477,3.189,5.987,50.693,99.900,0.512,321.844,221.639,2.000
67478,3.189,5.987,50.693,99.900,0.512,321.844,221.639,2.000
67479,3.189,5.987,50.725,99.900,0.510,321.844,221.639,2.000
67480,3.189,5.987,50.725,99.900,0.516,321.844,221.639,2.000
67481,3.189,5.987,50.758,99.900,0.509,321.844,221.639,2.000
67482,3.105,5.920,50.758,99.900,0.516,321.844,221.335,2.000
67483,3.105,5.920,50.758,99.900,0.507,321.844,221.639,2.000
67484,3.105,5.920,50.758,99.900,0.514,321.581,221.639,2.000
67485,3.105,5.920,50.791,99.900,0.509,321.844,221.944,2.000
67486,3.105,5.920,50.791,99.900,0.512,321.844,221.944,2.000
67487,3.105,5.920,50.791,99.900,0.510,321.844,221.639,2.000
67488,3.105,5.920,50.791,99.900,0.508,321.844,221.335,2.000
67489,3.105,5.920,50.791,99.900,0.515,321.844,221.639,2.000
67490,3.105,5.920,50.791,99.900,0.508,321.844,221.639,2.000
67491,3.105,5.920,50.758,99.900,0.516,322.106,221.639,2.000
67492,3.022,6.057,50.758,99.900,0.509,322.106,221.944,2.000
67493,3.022,6.057,50.758,99.900,0.513,322.106,221.639,2.000
67494,3.022,6.057,50.725,99.900,0.510,322.369,221.639,2.000
67495,3.022,6.057,50.758,99.900,0.508,322.106,221.639,2.000
67496,3.022,6.057,50.725,99.900,0.516,322.369,221.639,2.000
67497,3.022,6.057,50.725,99.900,0.509,322.369,221.335,2.000
67498,3.022,6.057,50.693,99.900,0.516,322.369,221.335,2.000
67499,3.022,6.057,50.693,99.900,0.506,322.369,221.335,2.000
67500,3.022,6.057,50.693,99.900,0.515,322.631,221.335,2.000
67501,3.022,6.057,50.660,99.900,0.509,322.631,221.335,2.000
67502,3.118,6.191,50.660,99.900,0.511,322.894,221.335,2.000
67503,3.118,6.191,50.660,99.900,0.514,322.894,221.639,2.000
67504,3.118,6.191,50.628,99.900,0.509,322.631,221.639,2.000
67505,3.118,6.191,50.628,99.900,0.516,322.894,221.639,2.000
67506,3.118,6.191,50.628,99.900,0.506,322.894,221.335,2.000
67507,3.118,6.191,50.628,99.900,0.517,323.156,221.639,2.000
67508,3.118,6.191,50.628,99.900,0.506,323.156,221.639,2.000
67509,3.118,6.191,50.628,99.900,0.512,323.156,221.639,2.000
67510,3.118,6.191,50.628,99.900,0.509,323.156,221.639,2.000
67511,3.118,6.191,50.628,99.900,0.510,323.419,221.639,2.000
67512,3.212,6.043,50.628,99.900,0.513,323.419,221.639,2.000
67513,3.212,6.043,50.628,99.900,0.509,323.681,221.335,2.000
67514,3.212,6.043,50.660,99.900,0.517,323.681,221.335,2.000
67515,3.212,6.043,50.660,99.900,0.508,323.681,221.335,2.000
67516,3.212,6.043,50.660,99.900,0.516,323.681,221.335,2.000
67517,3.212,6.043,50.693,99.900,0.508,323.681,221.335,2.000
67518,3.212,6.043,50.693,99.900,0.510,323.944,221.335,2.000
67519,3.212,6.043,50.693,99.900,0.513,323.944,221.639,2.000
67520,3.212,6.043,50.725,99.900,0.509,323.944,221.335,2.000
67521,3.212,6.043,50.758,99.900,0.516,324.206,221.335,2.000
67522,3.224,5.897,50.725,99.900,0.506,324.206,221.335,2.000
67523,3.224,5.897,50.758,99.900,0.517,324.206,221.639,2.000
67524,3.224,5.897,50.758,99.900,0.507,324.206,221.639,2.000
67525,3.224,5.897,50.758,99.900,0.511,324.206,221.639,2.000
67526,3.224,5.897,50.791,99.900,0.510,324.469,221.639,2.000
67527,3.224,5.897,50.791,99.900,0.508,324.469,221.639,2.000
67528,3.224,5.897,50.791,99.900,0.513,324.731,221.639,2.000
67529,3.224,5.897,50.791,99.900,0.507,324.731,221.639,2.000
67530,3.224,5.897,50.791,99.900,0.514,324.469,221.639,2.000
67531,3.224,5.897,50.791,99.900,0.508,324.731,221.639,2.000
67532,3.237,5.588,50.791,99.900,0.511,324.994,221.639,2.000
67533,3.237,5.588,50.758,99.900,0.509,324.994,221.335,2.000
67534,3.237,5.588,50.758,99.900,0.508,324.994,221.335,2.000
67535,3.237,5.588,50.758,99.900,0.514,324.994,221.031,2.000
67536,3.237,5.588,50.725,99.900,0.508,324.994,221.031,2.000
67537,3.237,5.588,50.725,99.900,0.515,325.256,221.031,2.000
67538,3.237,5.588,50.725,99.900,0.506,325.256,221.335,2.000
67539,3.237,5.588,50.693,99.900,0.514,325.256,221.335,2.000
67540,3.237,5.588,50.693,99.900,0.508,325.519,221.335,2.000
67541,3.237,5.588,50.693,99.900,0.510,325.781,221.031,2.000
67542,3.288,5.279,50.693,99.900,0.514,325.781,221.335,2.000
67543,3.288,5.279,50.660,99.900,0.505,325.781,221.335,2.000
67544,3.288,5.279,50.660,99.900,0.514,325.781,221.639,2.000
67545,3.288,5.279,50.628,99.900,0.507,326.044,221.639,2.000
67546,3.288,5.279,50.628,99.900,0.514,326.044,221.639,2.000
67547,3.288,5.279,50.628,99.900,0.509,326.306,221.639,2.000
67548,3.288,5.279,50.628,99.900,0.512,326.569,221.944,2.000
67549,3.288,5.279,50.628,99.900,0.512,326.569,221.944,2.000
67550,3.288,5.279,50.595,99.900,0.508,326.569,221.944,2.000
67551,3.288,5.279,50.595,99.900,0.516,326.569,221.944,2.000
67552,3.339,5.584,50.628,99.900,0.509,326.832,221.944,2.000
67553,3.339,5.584,50.628,99.900,0.516,326.832,221.944,2.000
67554,3.339,5.584,50.628,99.900,0.510,327.094,221.639,2.000
67555,3.339,5.584,50.628,99.900,0.510,327.094,221.639,2.000
67556,3.339,5.584,50.660,99.900,0.517,327.094,221.639,2.000
67557,3.339,5.584,50.660,99.900,0.509,327.094,221.639,2.000
67558,3.339,5.584,50.660,99.900,0.509,327.094,221.639,2.000
67559,3.339,5.584,50.693,99.900,0.516,327.094,221.944,2.000
67560,3.339,5.584,50.693,99.900,0.509,327.357,221.944,2.000
67561,3.339,5.584,50.693,99.900,0.517,327.357,221.944,2.000
67562,3.254,5.888,50.725,99.900,0.507,327.357,221.944,2.000
67563,3.254,5.888,50.725,99.900,0.516,327.619,221.944,2.000
67564,3.254,5.888,50.758,99.900,0.508,327.357,221.639,2.000
67565,3.254,5.888,50.758,99.900,0.514,327.357,221.639,2.000
67566,3.254,5.888,50.758,99.900,0.510,327.357,221.944,2.000
67567,3.254,5.888,50.791,99.900,0.512,327.357,222.248,2.000
67568,3.254,5.888,50.791,99.900,0.516,327.619,222.248,2.000
67569,3.254,5.888,50.791,99.900,0.508,327.357,222.248,2.000
67570,3.254,5.888,50.791,99.900,0.511,327.619,222.248,2.000
67571,3.254,5.888,50.791,99.900,0.517,327.619,222.248,2.000
67572,3.169,5.820,50.791,99.900,0.509,327.619,222.248,2.000
67573,3.169,5.820,50.791,99.900,0.516,327.357,221.944,2.000
67574,3.169,5.820,50.791,99.900,0.510,327.357,221.639,2.000
67575,3.169,5.820,50.758,99.900,0.511,327.357,221.639,2.000
67576,3.169,5.820,50.758,99.900,0.514,327.094,221.944,2.000
67577,3.169,5.820,50.758,99.900,0.508,327.094,221.639,2.000
67578,3.169,5.820,50.758,99.900,0.516,327.094,221.944,2.000
67579,3.169,5.820,50.725,99.900,0.508,327.094,221.639,2.000
67580,3.169,5.820,50.725,99.900,0.516,326.832,221.639,2.000
67581,3.169,5.820,50.725,99.900,0.509,327.094,221.639,2.000
67582,3.249,5.751,50.693,99.900,0.511,326.832,221.944,2.000
67583,3.249,5.751,50.693,99.900,0.514,326.832,221.944,2.000
67584,3.249,5.751,50.660,99.900,0.509,326.569,221.944,2.000
67585,3.249,5.751,50.660,99.900,0.517,326.569,221.944,2.000
67586,3.249,5.751,50.660,99.900,0.508,326.306,221.944,2.000
67587,3.249,5.751,50.628,99.900,0.513,326.569,221.944,2.000
67588,3.249,5.751,50.628,99.900,0.509,326.306,221.944,2.000
67589,3.249,5.751,50.628,99.900,0.510,326.044,221.639,2.000
67590,3.249,5.751,50.628,99.900,0.512,326.044,221.639,2.000
67591,3.249,5.751,50.628,99.900,0.508,326.044,221.944,2.000
67592,3.331,5.615,50.628,99.900,0.518,326.044,222.248,2.000
67593,3.331,5.615,50.628,99.900,0.507,325.781,221.944,2.000
67594,3.331,5.615,50.628,99.900,0.516,325.781,221.944,2.000
67595,3.331,5.615,50.628,99.900,0.509,325.519,221.944,2.000
67596,3.331,5.615,50.628,99.900,0.511,325.256,221.639,2.000
67597,3.331,5.615,50.628,99.900,0.512,325.256,221.335,2.000
67598,3.331,5.615,50.660,99.900,0.508,325.256,221.639,2.000
67599,3.331,5.615,50.660,99.900,0.518,324.994,221.639,2.000
67600,3.331,5.615,50.693,99.900,0.508,324.994,221.639,2.000
67601,3.331,5.615,50.693,99.900,0.516,324.994,221.639,2.000
67602,3.441,5.478,50.693,99.900,0.510,324.994,221.944,2.000
67603,3.441,5.478,50.725,99.900,0.509,324.994,221.944,2.000
67604,3.441,5.478,50.725,99.900,0.515,324.731,221.944,2.000
67605,3.441,5.478,50.758,99.900,0.509,324.731,221.944,2.000
67606,3.441,5.478,50.758,99.900,0.516,324.469,221.944,2.000
67607,3.441,5.478,50.758,99.900,0.509,324.469,222.248,2.000
67608,3.441,5.478,50.791,99.900,0.513,324.469,222.248,2.000
67609,3.441,5.478,50.791,99.900,0.514,324.206,221.944,2.000
67610,3.441,5.478,50.791,99.900,0.510,324.206,222.248,2.000
67611,3.441,5.478,50.791,99.900,0.517,324.206,222.248,2.000
67612,3.551,5.762,50.791,99.900,0.509,323.944,222.248,2.000
67613,3.551,5.762,50.791,99.900,0.514,323.944,221.944,2.000
67614,3.551,5.762,50.791,99.900,0.511,323.681,221.944,2.000
67615,3.551,5.762,50.791,99.900,0.508,323.681,221.031,2.000
67616,3.551,5.762,50.791,99.900,0.513,323.419,221.335,2.000
67617,3.551,5.762,50.758,99.900,0.506,323.156,221.031,2.000
67618,3.551,5.762,50.758,99.900,0.516,323.156,221.335,2.000
67619,3.551,5.762,50.758,99.900,0.506,323.156,221.335,2.000
67620,3.551,5.762,50.758,99.900,0.512,322.894,221.335,2.000
67621,3.551,5.762,50.725,99.900,0.509,322.894,221.335,2.000
67622,3.562,6.046,50.725,99.900,0.509,322.894,221.335,2.000
67623,3.562,6.046,50.725,99.900,0.512,322.894,221.335,2.000
67624,3.562,6.046,50.693,99.900,0.508,322.631,221.639,2.000
67625,3.562,6.046,50.693,99.900,0.513,322.369,221.335,2.000
67626,3.562,6.046,50.660,99.900,0.505,322.369,221.031,2.000
67627,3.562,6.046,50.660,99.900,0.515,322.369,221.335,2.000
67628,3.562,6.046,50.660,99.900,0.508,322.369,221.639,2.000
67629,3.562,6.046,50.660,99.900,0.508,322.369,221.639,2.000
67630,3.562,6.046,50.628,99.900,0.510,322.106,221.335,2.000
67631,3.562,6.046,50.628,99.900,0.506,322.106,221.335,2.000
67632,3.571,5.921,50.628,99.900,0.513,322.369,221.335,2.000
67633,3.571,5.921,50.628,99.900,0.506,322.106,221.031,2.000
67634,3.571,5.921,50.628,99.900,0.516,322.106,221.031,2.000
67635,3.571,5.921,50.628,99.900,0.506,322.106,221.031,2.000
67636,3.571,5.921,50.628,99.900,0.512,321.844,220.726,2.000
67637,3.571,5.921,50.628,99.900,0.508,321.844,220.726,2.000
67638,3.571,5.921,50.628,99.900,0.507,321.844,221.031,2.000
67639,3.571,5.921,50.660,99.900,0.513,321.844,221.031,2.000
67640,3.571,5.921,50.660,99.900,0.505,321.844,221.031,2.000
67641,3.571,5.921,50.660,99.900,0.514,321.844,221.031,2.000
67642,3.251,5.801,50.693,99.900,0.505,321.844,221.031,2.000
67643,3.251,5.801,50.693,99.900,0.511,321.844,221.031,2.000
67644,3.251,5.801,50.693,99.900,0.504,321.844,221.031,2.000
67645,3.251,5.801,50.725,99.900,0.506,321.844,221.031,2.000
67646,3.251,5.801,50.725,99.900,0.509,321.581,221.335,2.000
67647,3.251,5.801,50.725,99.900,0.505,321.844,221.335,2.000
67648,3.251,5.801,50.758,99.900,0.513,321.844,221.335,2.000
67649,3.251,5.801,50.758,99.900,0.504,321.844,221.031,2.000
67650,3.251,5.801,50.758,99.900,0.512,321.844,221.335,2.000
67651,3.251,5.801,50.791,99.900,0.502,321.844,221.335,2.000
67652,2.930,5.866,50.791,99.900,0.510,321.844,221.335,2.000
67653,2.930,5.866,50.791,99.900,0.510,321.844,221.031,2.000
67654,2.930,5.866,50.791,99.900,0.504,321.844,220.726,2.000
67655,2.930,5.866,50.791,99.900,0.514,321.844,221.031,2.000
67656,2.930,5.866,50.791,99.900,0.505,321.844,221.031,2.000
67657,2.930,5.866,50.758,99.900,0.515,322.106,221.031,2.000
67658,2.930,5.866,50.791,99.900,0.507,322.106,221.031,2.000
67659,2.930,5.866,50.758,99.900,0.511,322.106,221.031,2.000
67660,2.930,5.866,50.758,99.900,0.510,322.369,221.031,2.000
67661,2.930,5.866,50.758,99.900,0.508,322.369,221.031,2.000
67662,3.146,5.926,50.725,99.900,0.515,322.631,221.031,2.000
67663,3.146,5.926,50.725,99.900,0.507,322.631,221.335,2.000
67664,3.146,5.926,50.693,99.900,0.515,322.631,221.335,2.000
67665,3.146,5.926,50.693,99.900,0.506,322.631,221.335,2.000
67666,3.146,5.926,50.693,99.900,0.513,322.894,221.335,2.000
67667,3.146,5.926,50.693,99.900,0.509,323.156,221.335,2.000
67668,3.146,5.926,50.660,99.900,0.509,323.156,221.335,2.000
67669,3.146,5.926,50.660,99.900,0.514,323.156,221.335,2.000
67670,3.146,5.926,50.628,99.900,0.509,323.156,221.639,2.000
67671,3.146,5.926,50.628,99.900,0.516,323.156,221.335,2.000
67672,3.359,5.749,50.628,99.900,0.507,323.419,221.335,2.000
67673,3.359,5.749,50.628,99.900,0.515,323.419,221.335,2.000
67674,3.359,5.749,50.595,99.900,0.508,323.419,221.031,2.000
67675,3.359,5.749,50.628,99.900,0.510,323.419,221.031,2.000
67676,3.359,5.749,50.628,99.900,0.511,323.419,221.335,2.000
67677,3.359,5.749,50.628,99.900,0.508,323.681,221.335,2.000
67678,3.359,5.749,50.628,99.900,0.516,323.681,221.335,2.000
67679,3.359,5.749,50.628,99.900,0.509,323.681,221.031,2.000
67680,3.359,5.749,50.628,99.900,0.517,323.944,221.335,2.000
67681,3.359,5.749,50.660,99.900,0.509,323.944,221.335,2.000
67682,3.279,5.574,50.660,99.900,0.513,324.206,221.031,2.000
67683,3.279,5.574,50.660,99.900,0.511,324.206,221.335,2.000
67684,3.279,5.574,50.693,99.900,0.512,324.206,221.639,2.000
67685,3.279,5.574,50.693,99.900,0.516,324.469,221.944,2.000
67686,3.279,5.574,50.725,99.900,0.509,324.469,221.944,2.000
67687,3.279,5.574,50.725,99.900,0.518,324.731,221.639,2.000
67688,3.279,5.574,50.758,99.900,0.509,324.731,221.639,2.000
67689,3.279,5.574,50.758,99.900,0.517,324.994,221.944,2.000
67690,3.279,5.574,50.758,99.900,0.511,324.994,221.944,2.000
67691,3.279,5.574,50.758,99.900,0.512,324.994,221.944,2.000
67692,3.198,5.618,50.791,99.900,0.516,324.994,221.944,2.000
67693,3.198,5.618,50.791,99.900,0.509,324.994,221.639,2.000
67694,3.198,5.618,50.791,99.900,0.517,324.994,221.639,2.000
67695,3.198,5.618,50.791,99.900,0.510,325.256,221.639,2.000
67696,3.198,5.618,50.791,99.900,0.510,325.256,221.639,2.000
67697,3.198,5.618,50.791,99.900,0.518,325.256,221.639,2.000
67698,3.198,5.618,50.791,99.900,0.509,325.256,221.639,2.000
67699,3.198,5.618,50.791,99.900,0.519,325.256,221.944,2.000
67700,3.198,5.618,50.758,99.900,0.512,325.519,221.639,2.000
67701,3.198,5.618,50.758,99.900,0.517,325.519,221.944,2.000
67702,3.534,5.656,50.758,99.900,0.514,325.781,221.639,2.000
67703,3.534,5.656,50.758,99.900,0.511,325.781,221.944,2.000
67704,3.534,5.656,50.725,99.900,0.512,325.781,222.248,2.000
67705,3.534,5.656,50.725,99.900,0.518,325.781,222.248,2.000
67706,3.534,5.656,50.693,99.900,0.515,325.781,222.248,2.000
67707,3.534,5.656,50.693,99.900,0.514,326.044,222.248,2.000
67708,3.534,5.656,50.693,99.900,0.519,326.306,222.857,2.000
67709,3.534,5.656,50.660,99.900,0.515,326.306,223.162,2.000
67710,3.534,5.656,50.660,99.900,0.518,326.306,222.857,2.000
67711,3.534,5.656,50.660,99.900,0.521,326.306,223.162,2.000
67712,3.872,5.603,50.628,99.900,0.517,326.569,223.162,2.000
67713,3.872,5.603,50.628,99.900,0.523,326.569,223.162,2.000
67714,3.872,5.603,50.628,99.900,0.515,326.569,222.857,2.000
67715,3.872,5.603,50.628,99.900,0.522,326.832,222.857,2.000
67716,3.872,5.603,50.628,99.900,0.517,326.832,223.162,2.000
67717,3.872,5.603,50.628,99.900,0.516,326.832,223.162,2.000
67718,3.872,5.603,50.628,99.900,0.522,326.832,223.162,2.000
67719,3.872,5.603,50.628,99.900,0.514,327.094,223.162,2.000
67720,3.872,5.603,50.595,99.900,0.525,327.094,223.162,2.000
67721,3.872,5.603,50.628,99.900,0.516,327.357,223.162,2.000
67722,3.458,5.555,50.628,99.900,0.521,327.357,223.162,2.000
67723,3.458,5.555,50.660,99.900,0.520,327.357,223.771,2.000
67724,3.458,5.555,50.660,99.900,0.519,327.357,223.771,2.000
67725,3.458,5.555,50.660,99.900,0.526,327.357,224.075,2.000
67726,3.458,5.555,50.693,99.900,0.518,327.357,224.075,2.000
67727,3.458,5.555,50.693,99.900,0.527,327.357,224.075,2.000
67728,3.458,5.555,50.725,99.900,0.519,327.619,224.075,2.000
67729,3.458,5.555,50.725,99.900,0.524,327.619,224.379,2.000
67730,3.458,5.555,50.725,99.900,0.523,327.357,224.379,2.000
67731,3.458,5.555,50.758,99.900,0.521,327.357,224.379,2.000
67732,3.046,6.006,50.758,99.900,0.526,327.357,224.379,2.000
67733,3.046,6.006,50.758,99.900,0.521,327.357,224.379,2.000
67734,3.046,6.006,50.791,99.900,0.529,327.357,224.379,2.000
67735,3.046,6.006,50.791,99.900,0.520,327.357,224.379,2.000
67736,3.046,6.006,50.791,99.900,0.524,327.094,224.379,2.000
67737,3.046,6.006,50.791,99.900,0.526,327.094,224.379,2.000
67738,3.046,6.006,50.791,99.900,0.521,327.094,224.684,2.000
67739,3.046,6.006,50.791,99.900,0.530,327.094,224.684,2.000
67740,3.046,6.006,50.791,99.900,0.522,327.094,224.684,2.000
67741,3.046,6.006,50.791,99.900,0.530,327.094,224.684,2.000
67742,3.121,6.451,50.758,99.900,0.521,327.094,224.684,2.000
67743,3.121,6.451,50.758,99.900,0.527,327.094,224.684,2.000
67744,3.121,6.451,50.758,99.900,0.526,327.094,224.988,2.000
67745,3.121,6.451,50.725,99.900,0.523,326.832,225.293,2.000
67746,3.121,6.451,50.725,99.900,0.529,326.832,225.293,2.000
67747,3.121,6.451,50.725,99.900,0.524,326.832,225.293,2.000
67748,3.121,6.451,50.725,99.900,0.530,326.569,224.988,2.000
67749,3.121,6.451,50.693,99.900,0.523,326.569,224.988,2.000
67750,3.121,6.451,50.693,99.900,0.531,326.569,225.293,2.000
67751,3.121,6.451,50.660,99.900,0.522,326.306,224.988,2.000
67752,3.193,6.289,50.660,99.900,0.526,326.044,224.988,2.000
67753,3.193,6.289,50.660,99.900,0.525,326.044,225.293,2.000
67754,3.193,6.289,50.628,99.900,0.525,326.044,224.988,2.000
67755,3.193,6.289,50.628,99.900,0.529,325.781,224.988,2.000
67756,3.193,6.289,50.628,99.900,0.522,325.781,224.988,2.000
67757,3.193,6.289,50.628,99.900,0.530,325.519,224.684,2.000
67758,3.193,6.289,50.628,99.900,0.521,325.256,224.684,2.000
67759,3.193,6.289,50.628,99.900,0.530,325.256,224.684,2.000
67760,3.193,6.289,50.628,99.900,0.522,325.256,224.684,2.000
67761,3.193,6.289,50.628,99.900,0.528,324.994,224.684,2.000
67762,3.091,6.128,50.628,99.900,0.525,324.994,224.684,2.000
67763,3.091,6.128,50.628,99.900,0.525,324.994,224.988,2.000
67764,3.091,6.128,50.628,99.900,0.528,324.994,224.988,2.000
67765,3.091,6.128,50.660,99.900,0.524,324.731,225.293,2.000
67766,3.091,6.128,50.660,99.900,0.530,324.469,225.293,2.000
67767,3.091,6.128,50.660,99.900,0.524,324.469,225.293,2.000
67768,3.091,6.128,50.693,99.900,0.529,324.469,225.293,2.000
67769,3.091,6.128,50.693,99.900,0.524,324.206,225.293,2.000
67770,3.091,6.128,50.725,99.900,0.527,323.944,225.293,2.000
67771,3.091,6.128,50.725,99.900,0.526,323.944,225.293,2.000
67772,2.989,5.967,50.758,99.900,0.523,323.944,224.988,2.000
67773,2.989,5.967,50.725,99.900,0.529,323.681,224.684,2.000
67774,2.989,5.967,50.758,99.900,0.520,323.681,224.379,2.000
67775,2.989,5.967,50.758,99.900,0.530,323.681,224.379,2.000
67776,2.989,5.967,50.758,99.900,0.521,323.419,224.379,2.000
67777,2.989,5.967,50.791,99.900,0.529,323.156,224.379,2.000
67778,2.989,5.967,50.791,99.900,0.520,323.156,224.379,2.000
67779,2.989,5.967,50.791,99.900,0.525,323.156,224.379,2.000
67780,2.989,5.967,50.791,99.900,0.522,323.156,224.379,2.000
67781,2.989,5.967,50.758,99.900,0.522,322.894,224.379,2.000
67782,3.310,5.801,50.791,99.900,0.528,323.156,224.379,2.000
67783,3.310,5.801,50.758,99.900,0.521,322.894,224.684,2.000
67784,3.310,5.801,50.758,99.900,0.528,322.894,224.684,2.000
67785,3.310,5.801,50.758,99.900,0.520,322.631,224.684,2.000
67786,3.310,5.801,50.725,99.900,0.529,322.631,224.379,2.000
67787,3.310,5.801,50.725,99.900,0.520,322.631,224.684,2.000
67788,3.310,5.801,50.725,99.900,0.529,322.631,224.988,2.000
67789,3.310,5.801,50.693,99.900,0.519,322.631,224.684,2.000
67790,3.310,5.801,50.693,99.900,0.526,322.631,224.684,2.000
67791,3.310,5.801,50.693,99.900,0.522,322.369,224.684,2.000
67792,3.630,5.987,50.660,99.900,0.521,322.369,224.379,2.000
67793,3.630,5.987,50.660,99.900,0.526,322.369,224.379,2.000
67794,3.630,5.987,50.660,99.900,0.521,322.369,224.379,2.000
67795,3.630,5.987,50.660,99.900,0.527,322.369,224.379,2.000
67796,3.630,5.987,50.628,99.900,0.520,322.369,224.379,2.000
67797,3.630,5.987,50.628,99.900,0.528,322.369,224.379,2.000
67798,3.630,5.987,50.628,99.900,0.518,322.106,224.075,2.000
67799,3.630,5.987,50.628,99.900,0.528,322.369,224.379,2.000
67800,3.630,5.987,50.628,99.900,0.521,322.369,224.379,2.000
67801,3.630,5.987,50.628,99.900,0.525,322.369,224.075,2.000
67802,3.224,6.183,50.628,99.900,0.521,322.631,224.075,2.000
67803,3.224,6.183,50.628,99.900,0.523,322.631,224.379,2.000
67804,3.224,6.183,50.628,99.900,0.525,322.631,224.379,2.000
67805,3.224,6.183,50.628,99.900,0.521,322.631,224.684,2.000
67806,3.224,6.183,50.660,99.900,0.529,322.369,224.379,2.000
67807,3.224,6.183,50.660,99.900,0.521,322.631,224.684,2.000
67808,3.224,6.183,50.660,99.900,0.530,322.631,224.684,2.000
67809,3.224,6.183,50.693,99.900,0.522,322.631,224.684,2.000
67810,3.224,6.183,50.693,99.900,0.527,322.631,224.684,2.000
67811,3.224,6.183,50.725,99.900,0.522,322.631,224.684,2.000
67812,2.819,6.331,50.725,99.900,0.527,322.631,224.684,2.000
67813,2.819,6.331,50.725,99.900,0.522,322.631,224.684,2.000
67814,2.819,6.331,50.758,99.900,0.523,322.631,224.684,2.000
67815,2.819,6.331,50.758,99.900,0.526,322.631,224.379,2.000
67816,2.819,6.331,50.791,99.900,0.521,322.631,224.379,2.000
67817,2.819,6.331,50.791,99.900,0.529,322.631,224.379,2.000
67818,2.819,6.331,50.791,99.900,0.520,322.631,224.379,2.000
67819,2.819,6.331,50.791,99.900,0.529,322.631,224.684,2.000
67820,2.819,6.331,50.791,99.900,0.521,322.894,224.684,2.000
67821,2.819,6.331,50.791,99.900,0.529,322.894,224.379,2.000
67822,4.557,6.456,50.791,99.900,0.521,322.894,224.379,2.000
67823,4.557,6.456,50.791,99.900,0.526,323.156,224.988,2.000
67824,4.557,6.456,50.791,99.900,0.526,323.156,224.988,2.000
67825,4.557,6.456,50.758,99.900,0.525,323.156,224.988,2.000
67826,4.557,6.456,50.758,99.900,0.530,323.156,224.988,2.000
67827,4.557,6.456,50.758,99.900,0.523,323.419,224.988,2.000
67828,4.557,6.456,50.758,99.900,0.530,323.419,224.988,2.000
67829,4.557,6.456,50.725,99.900,0.521,323.681,224.684,2.000
67830,4.557,6.456,50.725,99.900,0.530,323.681,224.684,2.000
67831,4.557,6.456,50.725,99.900,0.521,323.681,224.988,2.000
67832,6.297,8.144,50.693,99.900,0.530,323.681,224.988,2.000
67833,6.297,8.144,50.693,99.900,0.523,323.944,224.684,2.000
67834,6.297,8.144,50.660,99.900,0.524,323.944,224.684,2.000
67835,6.297,8.144,50.660,99.900,0.526,324.206,224.684,2.000
67836,6.297,8.144,50.660,99.900,0.522,324.206,224.684,2.000
67837,6.297,8.144,50.628,99.900,0.529,324.206,224.684,2.000
67838,6.297,8.144,50.628,99.900,0.520,324.206,224.379,2.000
67839,6.297,8.144,50.628,99.900,0.526,324.469,224.379,2.000
67840,6.297,8.144,50.628,99.900,0.524,324.469,224.379,2.000
67841,6.297,8.144,50.595,99.900,0.522,324.469,224.379,2.000
67842,4.850,9.869,50.595,99.900,0.527,324.731,224.379,2.000
67843,4.850,9.869,50.595,99.900,0.519,324.731,224.379,2.000
67844,4.850,9.869,50.595,99.900,0.521,324.994,224.684,2.000
67845,4.850,9.869,50.628,99.900,0.520,324.994,224.684,2.000
67846,4.850,9.869,50.628,99.900,0.527,324.994,224.684,2.000
67847,4.850,9.869,50.628,99.900,0.519,325.256,224.988,2.000
67848,4.850,9.869,50.660,99.900,0.528,325.256,224.988,2.000
67849,4.850,9.869,50.660,99.900,0.522,325.519,224.684,2.000
67850,4.850,9.869,50.660,99.900,0.523,325.519,224.379,2.000
67851,4.850,9.869,50.693,99.900,0.521,325.519,224.379,2.000
67852,3.402,8.778,50.693,99.900,0.523,325.519,224.684,2.000
67853,3.402,8.778,50.725,99.900,0.526,325.781,224.684,2.000
67854,3.402,8.778,50.725,99.900,0.521,325.781,224.379,2.000
67855,3.402,8.778,50.758,99.900,0.528,326.044,224.379,2.000
67856,3.402,8.778,50.758,99.900,0.519,326.044,224.684,2.000
67857,3.402,8.778,50.791,99.900,0.529,326.044,224.988,2.000
67858,3.402,8.778,50.791,99.900,0.522,326.044,225.293,2.000
67859,3.402,8.778,50.791,99.900,0.528,326.306,225.293,2.000
67860,3.402,8.778,50.791,99.900,0.525,326.569,225.293,2.000
67861,3.402,8.778,50.791,99.900,0.524,326.569,225.293,2.000
67862,3.241,7.672,50.791,99.900,0.529,326.569,225.293,2.000
67863,3.241,7.672,50.791,99.900,0.523,326.832,225.293,2.000
67864,3.241,7.672,50.791,99.900,0.532,326.832,225.597,2.000
67865,3.241,7.672,50.791,99.900,0.523,326.832,225.293,2.000
67866,3.241,7.672,50.791,99.900,0.530,326.832,225.597,2.000
67867,3.241,7.672,50.791,99.900,0.523,326.832,225.597,2.000
67868,3.241,7.672,50.758,99.900,0.527,326.832,225.597,2.000
67869,3.241,7.672,50.758,99.900,0.529,327.094,225.597,2.000
67870,3.241,7.672,50.758,99.900,0.525,327.094,225.597,2.000
67871,3.241,7.672,50.725,99.900,0.530,326.832,225.597,2.000
67872,3.080,7.144,50.725,99.900,0.523,326.832,225.597,2.000
67873,3.080,7.144,50.725,99.900,0.530,326.832,225.293,2.000
67874,3.080,7.144,50.693,99.900,0.522,326.832,224.988,2.000
67875,3.080,7.144,50.693,99.900,0.526,326.832,225.293,2.000
67876,3.080,7.144,50.660,99.900,0.526,327.094,225.293,2.000
67877,3.080,7.144,50.660,99.900,0.522,326.832,225.597,2.000
67878,3.080,7.144,50.660,99.900,0.530,326.569,225.293,2.000
67879,3.080,7.144,50.628,99.900,0.522,326.832,225.293,2.000
67880,3.080,7.144,50.628,99.900,0.530,326.832,224.988,2.000
67881,3.080,7.144,50.628,99.900,0.521,326.832,224.988,2.000
67882,3.231,6.610,50.595,99.900,0.527,326.832,224.988,2.000
67883,3.231,6.610,50.595,99.900,0.524,326.832,225.293,2.000
67884,3.231,6.610,50.595,99.900,0.523,326.832,225.293,2.000
67885,3.231,6.610,50.595,99.900,0.530,326.569,224.988,2.000
67886,3.231,6.610,50.595,99.900,0.523,326.569,224.988,2.000
67887,3.231,6.610,50.595,99.900,0.529,326.569,224.988,2.000
67888,3.231,6.610,50.595,99.900,0.523,326.569,224.988,2.000
67889,3.231,6.610,50.628,99.900,0.529,326.569,225.293,2.000
67890,3.231,6.610,50.628,99.900,0.522,326.569,225.293,2.000
67891,3.231,6.610,50.628,99.900,0.526,326.569,225.293,2.000
67892,3.379,6.421,50.660,99.900,0.526,326.306,225.293,2.000
67893,3.379,6.421,50.660,99.900,0.523,326.569,225.293,2.000
67894,3.379,6.421,50.693,99.900,0.530,326.306,225.293,2.000
67895,3.379,6.421,50.693,99.900,0.521,326.306,224.988,2.000
67896,3.379,6.421,50.725,99.900,0.529,326.306,224.988,2.000
67897,3.379,6.421,50.758,99.900,0.522,326.044,224.988,2.000
67898,3.379,6.421,50.758,99.900,0.525,325.781,224.988,2.000
67899,3.379,6.421,50.758,99.900,0.522,325.781,224.684,2.000
67900,3.379,6.421,50.791,99.900,0.522,325.781,224.684,2.000
67901,3.379,6.421,50.791,99.900,0.527,325.781,224.684,2.000
67902,3.144,6.238,50.791,99.900,0.520,325.781,224.684,2.000
67903,3.144,6.238,50.791,99.900,0.530,325.519,224.988,2.000
67904,3.144,6.238,50.791,99.900,0.521,325.519,225.293,2.000
67905,3.144,6.238,50.791,99.900,0.527,325.519,224.988,2.000
67906,3.144,6.238,50.791,99.900,0.521,325.256,224.988,2.000
67907,3.144,6.238,50.791,99.900,0.522,325.256,225.293,2.000
67908,3.144,6.238,50.791,99.900,0.523,324.994,225.293,2.000
67909,3.144,6.238,50.791,99.900,0.521,324.994,224.988,2.000
67910,3.144,6.238,50.758,99.900,0.527,324.994,224.684,2.000
67911,3.144,6.238,50.758,99.900,0.521,324.731,224.988,2.000
67912,2.907,6.495,50.758,99.900,0.530,324.731,224.988,2.000
67913,2.907,6.495,50.758,99.900,0.520,324.731,224.684,2.000
67914,2.907,6.495,50.725,99.900,0.526,324.731,224.684,2.000
67915,2.907,6.495,50.725,99.900,0.521,324.469,224.684,2.000
67916,2.907,6.495,50.725,99.900,0.523,324.469,224.684,2.000
67917,2.907,6.495,50.693,99.900,0.526,324.206,224.684,2.000
67918,2.907,6.495,50.693,99.900,0.519,323.944,224.684,2.000
67919,2.907,6.495,50.693,99.900,0.527,323.944,224.684,2.000
67920,2.907,6.495,50.693,99.900,0.519,323.944,224.684,2.000
67921,2.907,6.495,50.660,99.900,0.527,323.681,224.075,2.000
67922,2.915,6.751,50.660,99.900,0.519,323.419,224.075,2.000
67923,2.915,6.751,50.628,99.900,0.526,323.419,224.684,2.000
67924,2.915,6.751,50.628,99.900,0.519,323.419,224.684,2.000
67925,2.915,6.751,50.628,99.900,0.527,323.156,224.379,2.000
67926,2.915,6.751,50.628,99.900,0.519,323.156,224.379,2.000
67927,2.915,6.751,50.628,99.900,0.526,322.894,224.379,2.000
67928,2.915,6.751,50.628,99.900,0.522,322.894,224.379,2.000
67929,2.915,6.751,50.595,99.900,0.524,322.631,224.684,2.000
67930,2.915,6.751,50.595,99.900,0.523,322.631,224.379,2.000
67931,2.915,6.751,50.628,99.900,0.521,322.369,224.684,2.000
67932,2.921,6.196,50.628,99.900,0.526,322.106,224.379,2.000
67933,2.921,6.196,50.628,99.900,0.520,322.106,224.379,2.000
67934,2.921,6.196,50.660,99.900,0.529,322.106,224.379,2.000
67935,2.921,6.196,50.660,99.900,0.520,322.106,224.379,2.000
67936,2.921,6.196,50.660,99.900,0.529,322.106,224.379,2.000
67937,2.921,6.196,50.693,99.900,0.521,321.844,224.684,2.000
67938,2.921,6.196,50.725,99.900,0.527,321.844,224.379,2.000
67939,2.921,6.196,50.725,99.900,0.522,321.581,224.379,2.000
67940,2.921,6.196,50.725,99.900,0.525,321.844,224.379,2.000
67941,2.921,6.196,50.758,99.900,0.526,321.844,224.075,2.000
67942,2.841,5.642,50.758,99.900,0.522,321.844,224.684,2.000
67943,2.841,5.642,50.758,99.900,0.529,321.844,224.684,2.000
67944,2.841,5.642,50.791,99.900,0.520,321.844,224.684,2.000
67945,2.841,5.642,50.791,99.900,0.527,321.844,224.988,2.000
67946,2.841,5.642,50.791,99.900,0.522,321.844,224.988,2.000
67947,2.841,5.642,50.791,99.900,0.530,321.844,224.684,2.000
67948,2.841,5.642,50.791,-0.157,0.522,321.844,224.684,2.000
67949,2.841,5.642,50.791,99.900,0.527,321.844,224.684,2.000
67950,2.841,5.642,50.791,-0.157,0.522,322.106,224.684,2.000
67951,2.841,5.642,50.791,99.900,0.525,322.106,224.684,2.000
67952,2.760,6.073,50.758,99.900,0.528,321.844,224.379,2.000
67953,2.760,6.073,50.758,99.900,0.522,321.844,224.684,2.000
67954,2.760,6.073,50.758,-0.157,0.531,322.106,224.988,2.000
67955,2.760,6.073,50.758,-0.157,0.521,322.106,224.684,2.000
67956,2.760,6.073,50.725,99.900,0.529,322.106,224.379,2.000
67957,2.760,6.073,50.725,99.900,0.519,322.106,224.379,2.000
67958,2.760,6.073,50.693,99.900,0.529,322.106,224.379,2.000
67959,2.760,6.073,50.725,99.900,0.522,322.106,224.684,2.000
67960,2.760,6.073,50.693,99.900,0.525,322.106,224.379,2.000
67961,2.760,6.073,50.660,99.900,0.525,322.106,224.379,2.000
67962,2.720,6.503,50.660,99.900,0.521,322.369,224.075,2.000
67963,2.720,6.503,50.660,-0.157,0.526,322.369,224.379,2.000
67964,2.720,6.503,50.628,99.900,0.519,322.631,224.684,2.000
67965,2.720,6.503,50.628,99.900,0.529,322.631,224.988,2.000
67966,2.720,6.503,50.628,99.900,0.523,322.369,224.684,2.000
67967,2.720,6.503,50.628,99.900,0.530,322.631,224.684,2.000
67968,2.720,6.503,50.595,99.900,0.527,322.631,224.684,2.000
67969,2.720,6.503,50.628,99.900,0.529,322.894,224.379,2.000
67970,2.720,6.503,50.628,99.900,0.529,322.894,224.684,2.000
67971,2.720,6.503,50.628,99.900,0.523,323.156,224.684,2.000
67972,2.681,6.363,50.595,99.900,0.525,322.894,224.684,2.000
67973,2.681,6.363,50.628,99.900,0.523,323.156,224.684,2.000
67974,2.681,6.363,50.628,99.900,0.527,323.156,224.379,2.000
67975,2.681,6.363,50.628,99.900,0.521,323.156,224.379,2.000
67976,2.681,6.363,50.660,99.900,0.529,323.419,224.379,2.000
67977,2.681,6.363,50.660,99.900,0.520,323.419,224.379,2.000
67978,2.681,6.363,50.660,99.900,0.523,323.156,224.379,2.000
67979,2.681,6.363,50.693,99.900,0.527,323.419,224.684,2.000
67980,2.681,6.363,50.693,99.900,0.521,323.419,224.379,2.000
67981,2.681,6.363,50.725,99.900,0.528,323.419,224.379,2.000
67982,2.854,6.219,50.725,99.900,0.521,323.419,224.684,2.000
67983,2.854,6.219,50.758,99.900,0.529,323.681,224.379,2.000
67984,2.854,6.219,50.758,99.900,0.519,323.681,224.684,2.000
67985,2.854,6.219,50.758,99.900,0.528,323.944,224.684,2.000
67986,2.854,6.219,50.791,99.900,0.521,323.944,224.684,2.000
67987,2.854,6.219,50.791,-0.161,0.523,323.681,224.684,2.000
67988,2.854,6.219,50.791,-0.157,0.526,323.944,224.684,2.000
67989,2.854,6.219,50.791,-0.161,0.522,324.206,224.684,2.000
67990,2.854,6.219,50.791,-0.161,0.527,324.206,224.684,2.000
67991,2.854,6.219,50.791,-0.169,0.521,324.206,224.684,2.000
67992,3.026,6.062,50.791,-0.169,0.529,324.206,224.684,2.000
67993,3.026,6.062,50.791,-0.169,0.520,324.206,224.379,2.000
67994,3.026,6.062,50.758,-0.173,0.527,324.469,224.075,2.000
67995,3.026,6.062,50.758,-0.173,0.520,324.469,224.075,2.000
67996,3.026,6.062,50.758,-0.177,0.525,324.469,224.075,2.000
67997,3.026,6.062,50.758,-0.180,0.521,324.731,224.075,2.000
67998,3.026,6.062,50.725,-0.184,0.521,324.469,224.075,2.000
67999,3.026,6.062,50.725,-0.188,0.525,324.731,224.379,2.000
68000,3.026,6.062,50.725,-0.188,0.519,324.731,224.379,2.000
68001,3.026,6.062,50.725,-0.188,0.527,324.994,224.379,2.000
68002,2.876,5.909,50.693,-0.196,0.518,324.994,224.075,2.000
68003,2.876,5.909,50.693,-0.200,0.526,325.256,224.075,2.000
68004,2.876,5.909,50.660,-0.200,0.520,325.519,224.379,2.000
68005,2.876,5.909,50.660,-0.200,0.526,325.519,224.379,2.000
68006,2.876,5.909,50.628,-0.203,0.519,325.781,224.379,2.000
68007,2.876,5.909,50.628,-0.203,0.526,325.781,224.379,2.000
68008,2.876,5.909,50.628,-0.211,0.522,325.781,224.379,2.000
68009,2.876,5.909,50.628,-0.207,0.522,326.044,224.379,2.000
68010,2.876,5.909,50.595,-0.207,0.526,326.044,224.684,2.000
68011,2.876,5.909,50.595,-0.207,0.524,326.044,224.988,2.000
68012,2.728,6.035,50.595,-0.211,0.529,326.044,224.988,2.000
68013,2.728,6.035,50.595,-0.203,0.522,326.306,224.988,2.000
68014,2.728,6.035,50.595,-0.207,0.529,326.569,224.684,2.000
68015,2.728,6.035,50.628,-0.207,0.520,326.569,224.684,2.000
68016,2.728,6.035,50.628,-0.200,0.526,326.569,224.684,2.000
68017,2.728,6.035,50.628,-0.196,0.524,326.569,224.684,2.000
68018,2.728,6.035,50.660,-0.207,0.523,326.569,224.684,2.000
68019,2.728,6.035,50.660,-0.200,0.528,326.569,224.684,2.000
68020,2.728,6.035,50.693,-0.196,0.521,326.832,224.684,2.000
68021,2.728,6.035,50.693,-0.203,0.529,326.832,224.684,2.000
68022,2.881,6.158,50.725,-0.196,0.521,326.832,224.684,2.000
68023,2.881,6.158,50.725,-0.196,0.527,327.094,224.684,2.000
68024,2.881,6.158,50.725,-0.200,0.523,327.357,225.293,2.000
68025,2.881,6.158,50.758,-0.200,0.522,327.094,224.988,2.000
68026,2.881,6.158,50.758,-0.192,0.526,327.094,224.988,2.000
68027,2.881,6.158,50.791,-0.196,0.521,327.094,224.988,2.000
68028,2.881,6.158,50.791,-0.196,0.529,327.094,224.988,2.000
68029,2.881,6.158,50.791,-0.188,0.520,327.357,224.684,2.000
68030,2.881,6.158,50.791,-0.192,0.525,327.357,224.684,2.000
68031,2.881,6.158,50.791,-0.192,0.521,327.357,224.684,2.000
68032,3.034,6.060,50.791,-0.188,0.522,327.357,224.684,2.000
68033,3.034,6.060,50.791,-0.184,0.527,327.094,224.684,2.000
68034,3.034,6.060,50.791,-0.188,0.518,327.357,224.379,2.000
68035,3.034,6.060,50.791,-0.188,0.529,327.094,224.684,2.000
68036,3.034,6.060,50.758,-0.188,0.519,327.094,224.379,2.000
68037,3.034,6.060,50.758,-0.188,0.526,327.094,224.684,2.000
68038,3.034,6.060,50.758,-0.196,0.520,326.832,224.379,2.000
68039,3.034,6.060,50.725,-0.188,0.521,326.832,224.379,2.000
68040,3.034,6.060,50.725,-0.196,0.526,326.832,224.379,2.000
68041,3.034,6.060,50.725,-0.203,0.519,326.832,224.684,2.000
68042,2.842,5.967,50.725,-0.200,0.529,326.569,224.684,2.000
68043,2.842,5.967,50.693,-0.203,0.520,326.569,224.684,2.000
68044,2.842,5.967,50.693,-0.203,0.525,326.569,224.684,2.000
68045,2.842,5.967,50.660,-0.207,0.519,326.569,224.988,2.000
68046,2.842,5.967,50.660,-0.211,0.522,326.569,224.988,2.000
68047,2.842,5.967,50.660,-0.211,0.524,326.306,224.988,2.000
68048,2.842,5.967,50.660,-0.211,0.520,326.306,224.684,2.000
68049,2.842,5.967,50.628,-0.207,0.526,326.044,224.684,2.000
68050,2.842,5.967,50.628,-0.219,0.520,326.044,224.988,2.000
68051,2.842,5.967,50.628,-0.223,0.528,326.044,224.988,2.000
68052,2.650,6.101,50.628,-0.223,0.521,325.781,224.684,2.000
68053,2.650,6.101,50.628,-0.219,0.524,325.781,224.684,2.000
68054,2.650,6.101,50.595,-0.223,0.524,325.781,224.684,2.000
68055,2.650,6.101,50.628,-0.230,0.522,325.781,224.684,2.000
68056,2.650,6.101,50.628,-0.234,0.529,325.519,224.684,2.000
68057,2.650,6.101,50.628,-0.234,0.521,325.519,224.684,2.000
68058,2.650,6.101,50.628,-0.246,0.530,325.256,224.684,2.000
68059,2.650,6.101,50.628,-0.234,0.520,325.256,224.684,2.000
68060,2.650,6.101,50.628,-0.246,0.526,325.256,224.684,2.000
68061,2.650,6.101,50.660,-0.246,0.523,324.994,224.684,2.000
68062,2.735,6.232,50.693,-0.250,0.523,324.994,224.988,2.000
68063,2.735,6.232,50.693,-0.250,0.529,324.994,225.293,2.000
68064,2.735,6.232,50.693,-0.250,0.521,324.994,225.293,2.000
68065,2.735,6.232,50.725,-0.253,0.529,324.994,224.988,2.000
68066,2.735,6.232,50.725,-0.246,0.521,324.994,224.988,2.000
68067,2.735,6.232,50.758,-0.250,0.529,324.469,224.988,2.000
68068,2.735,6.232,50.758,-0.253,0.524,324.469,224.988,2.000
68069,2.735,6.232,50.758,-0.253,0.525,324.469,224.988,2.000
68070,2.735,6.232,50.758,-0.246,0.528,324.469,225.293,2.000
68071,2.735,6.232,50.791,-0.253,0.524,324.206,225.293,2.000
68072,2.819,6.087,50.791,-0.257,0.528,323.944,225.293,2.000
68073,2.819,6.087,50.791,-0.250,0.523,323.681,224.988,2.000
68074,2.819,6.087,50.791,-0.242,0.529,323.681,224.379,2.000
68075,2.819,6.087,50.791,-0.246,0.519,323.681,224.379,2.000
68076,2.819,6.087,50.791,-0.250,0.526,323.681,224.075,2.000
68077,2.819,6.087,50.791,-0.246,0.521,323.419,223.771,2.000
68078,2.819,6.087,50.758,-0.246,0.522,323.156,224.075,2.000
68079,2.819,6.087,50.758,-0.246,0.525,323.156,224.379,2.000
68080,2.819,6.087,50.758,-0.238,0.521,323.156,224.075,2.000
68081,2.819,6.087,50.725,-0.246,0.526,322.894,224.075,2.000
68082,2.816,5.942,50.725,-0.242,0.520,322.894,224.075,2.000
68083,2.816,5.942,50.725,-0.238,0.528,322.894,224.379,2.000
68084,2.816,5.942,50.725,-0.238,0.519,322.894,224.075,2.000
68085,2.816,5.942,50.693,-0.242,0.529,322.894,224.379,2.000
68086,2.816,5.942,50.693,-0.238,0.519,322.894,224.379,2.000
68087,2.816,5.942,50.660,-0.234,0.528,322.631,224.684,2.000
68088,2.816,5.942,50.660,-0.234,0.519,322.631,224.379,2.000
68089,2.816,5.942,50.660,-0.230,0.526,322.631,224.075,2.000
68090,2.816,5.942,50.660,-0.242,0.521,322.631,224.684,2.000
68091,2.816,5.942,50.628,-0.230,0.524,322.369,224.379,2.000
68092,2.813,6.123,50.628,-0.234,0.522,322.369,224.379,2.000
68093,2.813,6.123,50.628,-0.234,0.522,322.106,224.075,2.000
68094,2.813,6.123,50.628,-0.230,0.526,322.106,224.075,2.000
68095,2.813,6.123,50.628,-0.234,0.520,322.106,223.771,2.000
68096,2.813,6.123,50.628,-0.230,0.528,322.106,224.075,2.000
68097,2.813,6.123,50.628,-0.238,0.520,322.106,224.379,2.000
68098,2.813,6.123,50.628,-0.238,0.529,322.106,224.075,2.000
68099,2.813,6.123,50.628,-0.242,0.521,321.844,224.075,2.000
68100,2.813,6.123,50.628,-0.242,0.528,321.844,224.075,2.000
68101,2.813,6.123,50.628,-0.246,0.521,321.844,224.075,2.000
68102,2.721,6.306,50.660,-0.250,0.526,321.844,224.075,2.000
68103,2.721,6.306,50.660,-0.253,0.523,321.844,224.379,2.000
68104,2.721,6.306,50.660,-0.253,0.522,322.106,224.379,2.000
68105,2.721,6.306,50.693,-0.253,0.525,322.106,224.379,2.000
68106,2.721,6.306,50.693,-0.257,0.521,322.106,224.379,2.000
68107,2.721,6.306,50.725,-0.261,0.525,322.106,224.379,2.000
68108,2.721,6.306,50.725,-0.261,0.521,321.844,224.684,2.000
68109,2.721,6.306,50.725,-0.265,0.523,322.106,224.684,2.000
68110,2.721,6.306,50.758,-0.265,0.527,322.106,224.684,2.000
68111,2.721,6.306,50.758,-0.273,0.520,322.106,224.379,2.000
68112,2.630,6.366,50.758,-0.273,0.527,322.106,224.379,2.000
68113,2.630,6.366,50.791,-0.273,0.523,322.106,224.379,2.000
68114,2.630,6.366,50.791,-0.273,0.525,322.369,224.075,2.000
68115,2.630,6.366,50.791,-0.276,0.521,322.369,224.075,2.000
68116,2.630,6.366,50.791,-0.284,0.528,322.369,224.075,2.000
68117,2.630,6.366,50.791,-0.284,0.519,322.631,224.075,2.000
68118,2.630,6.366,50.791,-0.292,0.527,322.631,224.075,2.000
68119,2.630,6.366,50.791,-0.292,0.519,322.369,223.771,2.000
68120,2.630,6.366,50.758,-0.284,0.519,322.631,223.771,2.000
68121,2.630,6.366,50.758,-0.292,0.527,322.631,224.075,2.000
68122,2.656,6.426,50.758,-0.292,0.518,322.894,223.771,2.000
68123,2.656,6.426,50.758,-0.292,0.527,322.894,223.771,2.000
68124,2.656,6.426,50.725,-0.296,0.518,322.894,224.379,2.000
68125,2.656,6.426,50.725,-0.292,0.525,323.156,224.075,2.000
68126,2.656,6.426,50.725,-0.288,0.520,323.156,224.075,2.000
68127,2.656,6.426,50.693,-0.292,0.521,323.156,224.075,2.000
68128,2.656,6.426,50.693,-0.292,0.522,323.156,224.075,2.000
68129,2.656,6.426,50.693,-0.292,0.519,323.419,224.075,2.000
68130,2.656,6.426,50.660,-0.288,0.525,323.419,223.771,2.000
68131,2.656,6.426,50.628,-0.288,0.518,323.681,223.771,2.000
68132,2.683,6.344,50.628,-0.284,0.527,323.681,224.075,2.000
68133,2.683,6.344,50.628,-0.284,0.518,323.419,224.075,2.000
68134,2.683,6.344,50.628,-0.280,0.526,323.681,223.771,2.000
68135,2.683,6.344,50.628,-0.288,0.519,323.944,223.771,2.000
68136,2.683,6.344,50.628,-0.276,0.523,323.944,223.771,2.000
68137,2.683,6.344,50.595,-0.280,0.522,323.944,223.771,2.000
68138,2.683,6.344,50.628,-0.280,0.519,324.206,223.466,2.000
68139,2.683,6.344,50.628,-0.280,0.526,324.206,223.771,2.000
68140,2.683,6.344,50.628,-0.284,0.519,324.206,224.075,2.000
68141,2.683,6.344,50.628,-0.273,0.529,324.469,224.075,2.000
68142,2.718,6.263,50.628,-0.273,0.519,324.469,224.075,2.000
68143,2.718,6.263,50.628,-0.269,0.529,324.469,224.379,2.000
68144,2.718,6.263,50.660,-0.269,0.522,324.731,224.379,2.000
68145,2.718,6.263,50.660,-0.265,0.527,324.994,224.379,2.000
68146,2.718,6.263,50.660,-0.261,0.521,324.994,224.379,2.000
68147,2.718,6.263,50.693,-0.265,0.526,324.994,224.379,2.000
68148,2.718,6.263,50.693,-0.265,0.523,324.994,224.684,2.000
68149,2.718,6.263,50.725,-0.269,0.522,324.994,224.684,2.000
68150,2.718,6.263,50.725,-0.269,0.527,325.256,224.379,2.000
68151,2.718,6.263,50.758,-0.273,0.522,325.256,224.684,2.000
68152,2.754,6.172,50.758,-0.269,0.531,325.256,224.988,2.000
68153,2.754,6.172,50.758,-0.265,0.521,325.256,224.379,2.000
68154,2.754,6.172,50.791,-0.280,0.530,325.256,224.379,2.000
68155,2.754,6.172,50.791,-0.273,0.522,325.519,224.684,2.000
68156,2.754,6.172,50.791,-0.280,0.527,325.519,224.379,2.000
68157,2.754,6.172,50.791,-0.276,0.523,325.519,224.075,2.000
68158,2.754,6.172,50.791,-0.296,0.522,325.519,224.379,2.000
68159,2.754,6.172,50.791,-0.280,0.527,325.519,224.379,2.000
68160,2.754,6.172,50.791,-0.288,0.520,325.519,224.379,2.000
68161,2.754,6.172,50.791,-0.284,0.529,325.781,224.075,2.000
68162,2.718,6.082,50.758,-0.280,0.520,325.781,224.379,2.000
68163,2.718,6.082,50.758,-0.300,0.528,326.044,224.379,2.000
68164,2.718,6.082,50.758,-0.288,0.519,326.044,224.379,2.000
68165,2.718,6.082,50.758,-0.300,0.529,326.306,224.684,2.000
68166,2.718,6.082,50.725,-0.303,0.523,326.306,224.988,2.000
68167,2.718,6.082,50.725,-0.303,0.523,326.306,224.988,2.000
68168,2.718,6.082,50.693,-0.296,0.527,326.306,224.684,2.000
68169,2.718,6.082,50.693,-0.319,0.521,326.569,224.684,2.000
68170,2.718,6.082,50.693,-0.307,0.529,326.569,224.684,2.000
68171,2.718,6.082,50.660,-0.311,0.519,326.832,224.684,2.000
68172,2.683,6.226,50.660,-0.315,0.525,326.832,224.684,2.000
68173,2.683,6.226,50.660,-0.323,0.522,326.832,224.379,2.000
68174,2.683,6.226,50.628,-0.327,0.521,326.832,224.379,2.000
68175,2.683,6.226,50.628,-0.323,0.526,327.094,224.075,2.000
68176,2.683,6.226,50.628,-0.327,0.519,327.094,223.771,2.000
68177,2.683,6.226,50.628,-0.330,0.527,327.357,223.771,2.000
68178,2.683,6.226,50.628,-0.327,0.517,327.357,223.771,2.000
68179,2.683,6.226,50.595,-0.327,0.524,327.357,223.466,2.000
68180,2.683,6.226,50.595,-0.327,0.520,327.357,223.771,2.000
68181,2.683,6.226,50.628,-0.323,0.518,327.357,223.466,2.000
68182,2.511,6.371,50.628,-0.327,0.524,327.357,224.075,2.000
68183,2.511,6.371,50.628,-0.330,0.518,327.357,224.075,2.000
68184,2.511,6.371,50.628,-0.327,0.525,327.619,224.075,2.000
68185,2.511,6.371,50.628,-0.323,0.517,327.357,224.075,2.000
68186,2.511,6.371,50.660,-0.327,0.524,327.619,224.075,2.000
68187,2.511,6.371,50.660,-0.327,0.518,327.357,224.075,2.000
68188,2.511,6.371,50.693,-0.319,0.521,327.357,223.771,2.000
68189,2.511,6.371,50.693,-0.327,0.523,327.357,224.075,2.000
68190,2.511,6.371,50.693,-0.330,0.517,327.357,223.771,2.000
68191,2.511,6.371,50.725,-0.327,0.525,327.357,223.771,2.000
68192,2.339,6.265,50.758,-0.327,0.517,327.357,223.771,2.000
68193,2.339,6.265,50.758,-0.319,0.522,327.094,223.466,2.000
68194,2.339,6.265,50.758,-0.323,0.521,327.094,223.466,2.000
68195,2.339,6.265,50.791,-0.327,0.518,327.357,223.466,2.000
68196,2.339,6.265,50.791,-0.315,0.524,327.094,223.466,2.000
68197,2.339,6.265,50.791,-0.315,0.514,327.094,223.162,2.000
68198,2.339,6.265,50.791,-0.319,0.523,327.094,223.162,2.000
68199,2.339,6.265,50.791,-0.311,0.516,326.832,223.162,2.000
68200,2.339,6.265,50.791,-0.315,0.517,326.832,223.466,2.000
68201,2.339,6.265,50.791,-0.311,0.521,326.832,223.466,2.000
68202,2.396,6.156,50.758,-0.315,0.515,326.832,223.162,2.000
68203,2.396,6.156,50.758,-0.307,0.522,326.569,223.162,2.000
68204,2.396,6.156,50.758,-0.307,0.513,326.569,223.162,2.000
68205,2.396,6.156,50.758,-0.311,0.520,326.569,223.162,2.000
68206,2.396,6.156,50.725,-0.315,0.515,326.569,223.162,2.000
68207,2.396,6.156,50.725,-0.307,0.515,326.306,223.162,2.000
68208,2.396,6.156,50.725,-0.315,0.519,326.306,222.857,2.000
68209,2.396,6.156,50.693,-0.311,0.512,326.044,222.857,2.000
68210,2.396,6.156,50.693,-0.315,0.519,326.044,222.857,2.000
68211,2.396,6.156,50.693,-0.315,0.510,326.044,222.248,2.000
68212,2.455,5.834,50.660,-0.319,0.513,325.781,221.944,2.000
68213,2.455,5.834,50.660,-0.327,0.514,325.519,221.944,2.000
68214,2.455,5.834,50.660,-0.319,0.510,325.519,221.944,2.000
68215,2.455,5.834,50.660,-0.330,0.517,325.256,221.639,2.000
68216,2.455,5.834,50.628,-0.319,0.508,325.256,221.639,2.000
68217,2.455,5.834,50.628,-0.315,0.514,324.994,221.335,2.000
68218,2.455,5.834,50.628,-0.311,0.509,324.994,221.335,2.000
68219,2.455,5.834,50.628,-0.319,0.508,324.994,221.335,2.000
68220,2.455,5.834,50.628,-0.330,0.515,324.731,221.031,2.000
68221,2.455,5.834,50.628,-0.330,0.506,324.731,221.031,2.000
68222,2.738,5.509,50.628,-0.338,0.513,324.469,220.726,2.000
68223,2.738,5.509,50.628,-0.342,0.505,324.469,220.726,2.000
68224,2.738,5.509,50.628,-0.342,0.507,324.206,220.726,2.000
68225,2.738,5.509,50.628,-0.346,0.508,324.206,220.726,2.000
68226,2.738,5.509,50.660,-0.350,0.506,324.206,220.726,2.000
68227,2.738,5.509,50.660,-0.350,0.512,323.944,220.726,2.000
68228,2.738,5.509,50.660,-0.354,0.502,323.944,220.726,2.000
68229,2.738,5.509,50.693,-0.354,0.505,323.681,220.117,2.000
68230,2.738,5.509,50.693,-0.365,0.505,323.681,219.813,2.000
68231,2.738,5.509,50.693,-0.365,0.502,323.681,219.813,2.000
68232,3.022,5.468,50.725,-0.365,0.508,323.681,219.813,2.000
68233,3.022,5.468,50.725,-0.365,0.502,323.419,219.508,2.000
68234,3.022,5.468,50.725,-0.369,0.509,323.156,219.204,2.000
68235,3.022,5.468,50.758,-0.365,0.501,323.156,219.508,2.000
68236,3.022,5.468,50.758,-0.365,0.504,323.156,219.204,2.000
68237,3.022,5.468,50.758,-0.373,0.505,323.156,219.204,2.000
68238,3.022,5.468,50.758,-0.373,0.501,323.156,219.204,2.000
68239,3.022,5.468,50.758,-0.369,0.507,322.894,219.204,2.000
68240,3.022,5.468,50.791,-0.365,0.500,322.631,218.899,2.000
68241,3.022,5.468,50.758,-0.365,0.508,322.631,218.899,2.000
68242,2.856,5.434,50.791,-0.369,0.500,322.631,218.899,2.000
68243,2.856,5.434,50.758,-0.369,0.502,322.369,218.899,2.000
68244,2.856,5.434,50.758,-0.373,0.501,322.369,219.204,2.000
68245,2.856,5.434,50.758,-0.365,0.497,322.631,219.204,2.000
68246,2.856,5.434,50.758,-0.365,0.503,322.631,218.899,2.000
68247,2.856,5.434,50.725,-0.365,0.498,322.369,218.899,2.000
68248,2.856,5.434,50.725,-0.365,0.499,322.106,218.899,2.000
68249,2.856,5.434,50.693,-0.361,0.501,322.369,218.595,2.000
68250,2.856,5.434,50.693,-0.361,0.496,322.369,218.595,2.000
68251,2.856,5.434,50.693,-0.361,0.505,322.369,218.595,2.000
68252,2.690,5.191,50.693,-0.361,0.496,322.369,218.595,2.000
68253,2.690,5.191,50.660,-0.361,0.504,322.106,218.290,2.000
68254,2.690,5.191,50.660,-0.361,0.498,322.106,218.290,2.000
68255,2.690,5.191,50.628,-0.358,0.505,322.369,218.290,2.000
68256,2.690,5.191,50.628,-0.358,0.497,322.369,218.290,2.000
68257,2.690,5.191,50.628,-0.358,0.496,322.369,217.986,2.000
68258,2.690,5.191,50.628,-0.354,0.505,322.369,217.986,2.000
68259,2.690,5.191,50.628,-0.350,0.496,322.369,217.986,2.000
68260,2.690,5.191,50.628,-0.350,0.502,322.106,217.986,2.000
68261,2.690,5.191,50.628,-0.358,0.498,322.369,217.986,2.000
68262,2.683,4.946,50.628,-0.354,0.497,322.369,217.986,2.000
68263,2.683,4.946,50.628,-0.350,0.502,322.369,217.986,2.000
68264,2.683,4.946,50.628,-0.354,0.493,322.369,217.986,2.000
68265,2.683,4.946,50.628,-0.354,0.502,322.369,217.986,2.000
68266,2.683,4.946,50.660,-0.358,0.494,322.369,217.986,2.000
68267,2.683,4.946,50.660,-0.358,0.497,322.631,218.290,2.000
68268,2.683,4.946,50.660,-0.358,0.501,322.369,218.290,2.000
68269,2.683,4.946,50.693,-0.361,0.496,322.369,218.290,2.000
68270,2.683,4.946,50.693,-0.361,0.503,322.631,218.290,2.000
68271,2.683,4.946,50.725,-0.365,0.494,322.369,218.290,2.000
68272,2.675,4.987,50.725,-0.369,0.499,322.631,217.986,2.000
68273,2.675,4.987,50.725,-0.369,0.500,322.631,217.986,2.000
68274,2.675,4.987,50.758,-0.373,0.497,322.631,217.682,2.000
68275,2.675,4.987,50.758,-0.369,0.502,322.631,217.682,2.000
68276,2.675,4.987,50.758,-0.377,0.496,322.631,217.682,2.000
68277,2.675,4.987,50.758,-0.377,0.500,322.894,217.986,2.000
68278,2.675,4.987,50.758,-0.385,0.497,322.894,217.986,2.000
68279,2.675,4.987,50.791,-0.381,0.496,322.894,217.682,2.000
68280,2.675,4.987,50.758,-0.385,0.501,322.894,217.682,2.000
68281,2.675,4.987,50.758,-0.388,0.496,322.894,217.682,2.000
68282,2.669,5.028,50.758,-0.388,0.504,323.156,217.682,2.000
68283,2.669,5.028,50.758,-0.396,0.495,323.156,217.682,2.000
68284,2.669,5.028,50.758,-0.400,0.493,323.156,217.682,2.000
68285,2.669,5.028,50.758,-0.400,0.499,323.419,217.986,2.000
68286,2.669,5.028,50.758,-0.408,0.493,323.419,217.986,2.000
68287,2.669,5.028,50.758,-0.400,0.501,323.681,217.986,2.000
68288,2.669,5.028,50.725,-0.412,0.490,323.419,217.682,2.000
68289,2.669,5.028,50.725,-0.416,0.495,323.681,217.682,2.000
68290,2.669,5.028,50.693,-0.412,0.498,323.944,217.682,2.000
68291,2.669,5.028,50.693,-0.419,0.495,323.944,217.682,2.000
68292,2.663,4.912,50.660,-0.416,0.501,323.944,217.986,2.000
68293,2.663,4.912,50.693,-0.416,0.496,324.206,217.986,2.000
68294,2.663,4.912,50.660,-0.419,0.500,323.944,217.682,2.000
68295,2.663,4.912,50.660,-0.416,0.500,324.206,217.682,2.000
68296,2.663,4.912,50.628,-0.419,0.496,324.469,217.682,2.000
68297,2.663,4.912,50.628,-0.416,0.503,324.469,217.682,2.000
68298,2.663,4.912,50.628,-0.412,0.496,324.469,217.377,2.000
68299,2.663,4.912,50.628,-0.419,0.501,324.731,217.377,2.000
68300,2.663,4.912,50.628,-0.416,0.496,324.469,217.377,2.000
68301,2.663,4.912,50.595,-0.416,0.497,324.469,217.377,2.000
68302,2.642,4.795,50.628,-0.419,0.502,324.731,217.377,2.000
68303,2.642,4.795,50.628,-0.416,0.494,324.994,217.682,2.000
68304,2.642,4.795,50.595,-0.416,0.501,324.994,217.682,2.000
68305,2.642,4.795,50.628,-0.416,0.493,325.256,217.682,2.000
68306,2.642,4.795,50.628,-0.412,0.498,325.256,217.682,2.000
68307,2.642,4.795,50.660,-0.412,0.498,325.256,217.682,2.000
68308,2.642,4.795,50.660,-0.408,0.493,325.519,217.682,2.000
68309,2.642,4.795,50.660,-0.416,0.502,325.519,217.682,2.000
68310,2.642,4.795,50.693,-0.412,0.493,325.519,217.682,2.000
68311,2.642,4.795,50.693,-0.412,0.497,325.781,217.682,2.000
68312,2.622,4.591,50.725,-0.404,0.496,326.044,217.682,2.000
68313,2.622,4.591,50.725,-0.404,0.496,326.044,217.682,2.000
68314,2.622,4.591,50.758,-0.400,0.504,326.044,217.682,2.000
68315,2.622,4.591,50.758,-0.392,0.494,326.044,217.682,2.000
68316,2.622,4.591,50.758,-0.404,0.502,326.306,217.986,2.000
68317,2.622,4.591,50.758,-0.400,0.497,326.306,217.986,2.000
68318,2.622,4.591,50.791,-0.408,0.496,326.569,217.986,2.000
68319,2.622,4.591,50.791,-0.404,0.505,326.569,217.986,2.000
68320,2.622,4.591,50.791,-0.408,0.497,326.306,217.986,2.000
68321,2.622,4.591,50.758,-0.400,0.499,326.569,218.290,2.000
68322,2.684,4.386,50.791,-0.404,0.501,326.569,218.290,2.000
68323,2.684,4.386,50.791,-0.408,0.494,326.569,218.290,2.000
68324,2.684,4.386,50.758,-0.400,0.501,326.832,218.595,2.000
68325,2.684,4.386,50.758,-0.412,0.493,326.832,218.290,2.000
68326,2.684,4.386,50.758,-0.412,0.496,327.094,218.290,2.000
68327,2.684,4.386,50.758,-0.408,0.500,327.094,218.290,2.000
68328,2.684,4.386,50.758,-0.412,0.493,326.832,218.290,2.000
68329,2.684,4.386,50.725,-0.419,0.500,326.832,218.290,2.000
68330,2.684,4.386,50.725,-0.416,0.494,327.094,217.986,2.000
68331,2.684,4.386,50.725,-0.427,0.494,327.094,218.290,2.000
68332,2.746,4.562,50.693,-0.439,0.498,327.094,217.986,2.000
68333,2.746,4.562,50.660,-0.427,0.494,327.094,217.986,2.000
68334,2.746,4.562,50.660,-0.423,0.500,326.832,217.986,2.000
68335,2.746,4.562,50.660,-0.431,0.497,326.832,217.682,2.000
68336,2.746,4.562,50.628,-0.439,0.495,327.094,217.682,2.000
68337,2.746,4.562,50.628,-0.431,0.502,326.832,217.682,2.000
68338,2.746,4.562,50.628,-0.435,0.493,327.094,217.682,2.000
68339,2.746,4.562,50.628,-0.443,0.498,326.832,217.682,2.000
68340,2.746,4.562,50.595,-0.447,0.498,326.569,217.377,2.000
68341,2.746,4.562,50.595,-0.435,0.494,326.832,217.682,2.000
68342,2.659,4.738,50.595,-0.454,0.504,326.832,217.682,2.000
68343,2.659,4.738,50.595,-0.454,0.492,326.832,217.986,2.000
68344,2.659,4.738,50.595,-0.454,0.493,326.832,217.986,2.000
68345,2.659,4.738,50.628,-0.454,0.496,326.832,217.682,2.000
68346,2.659,4.738,50.628,-0.462,0.490,326.832,217.682,2.000
68347,2.659,4.738,50.628,-0.458,0.501,326.832,217.986,2.000
68348,2.659,4.738,50.628,-0.462,0.492,326.832,217.986,2.000
68349,2.659,4.738,50.660,-0.462,0.493,326.569,217.682,2.000
68350,2.659,4.738,50.660,-0.466,0.498,326.569,217.682,2.000
68351,2.659,4.738,50.693,-0.462,0.493,326.569,217.682,2.000
68352,2.571,4.713,50.693,-0.462,0.500,326.569,217.986,2.000
68353,2.571,4.713,50.725,-0.466,0.496,326.569,217.986,2.000
68354,2.571,4.713,50.725,-0.462,0.495,326.306,217.682,2.000
68355,2.571,4.713,50.758,-0.458,0.503,326.306,217.986,2.000
68356,2.571,4.713,50.758,-0.462,0.493,326.306,217.682,2.000
68357,2.571,4.713,50.758,-0.462,0.498,326.306,217.682,2.000
68358,2.571,4.713,50.791,-0.458,0.498,326.044,217.682,2.000
68359,2.571,4.713,50.791,-0.458,0.495,326.044,217.682,2.000
68360,2.571,4.713,50.791,-0.462,0.503,325.781,217.377,2.000
68361,2.571,4.713,50.791,-0.462,0.495,325.519,217.377,2.000
68362,2.503,4.688,50.791,-0.454,0.494,325.519,217.377,2.000
68363,2.503,4.688,50.791,-0.454,0.496,325.519,217.682,2.000
68364,2.503,4.688,50.758,-0.458,0.490,325.256,217.682,2.000
68365,2.503,4.688,50.791,-0.454,0.498,325.519,217.682,2.000
68366,2.503,4.688,50.758,-0.447,0.492,325.519,217.682,2.000
68367,2.503,4.688,50.758,-0.454,0.492,325.256,217.682,2.000
68368,2.503,4.688,50.758,-0.454,0.498,324.994,217.377,2.000
68369,2.503,4.688,50.758,-0.447,0.490,324.994,217.377,2.000
68370,2.503,4.688,50.725,-0.454,0.493,324.994,217.377,2.000
68371,2.503,4.688,50.725,-0.447,0.494,324.994,217.377,2.000
68372,2.433,4.722,50.693,-0.443,0.490,324.994,217.073,2.000
68373,2.433,4.722,50.693,-0.443,0.499,324.731,217.073,2.000
68374,2.433,4.722,50.693,-0.443,0.492,324.469,216.768,2.000
68375,2.433,4.722,50.660,-0.450,0.493,324.206,216.768,2.000
68376,2.433,4.722,50.660,-0.443,0.498,324.206,216.768,2.000
68377,2.433,4.722,50.660,-0.435,0.491,324.206,216.768,2.000
68378,2.433,4.722,50.628,-0.450,0.498,323.944,216.464,2.000
68379,2.433,4.722,50.628,-0.439,0.492,323.944,216.464,2.000
68380,2.433,4.722,50.628,-0.447,0.490,323.681,216.159,2.000
68381,2.433,4.722,50.628,-0.443,0.495,323.419,215.855,2.000
68382,2.423,4.756,50.595,-0.443,0.488,323.419,215.855,2.000
68383,2.423,4.756,50.628,-0.454,0.493,323.156,215.855,2.000
68384,2.423,4.756,50.595,-0.447,0.485,323.156,215.855,2.000
68385,2.423,4.756,50.595,-0.450,0.488,323.156,215.855,2.000
68386,2.423,4.756,50.628,-0.454,0.491,322.894,215.855,2.000
68387,2.423,4.756,50.628,-0.454,0.485,322.894,215.855,2.000
68388,2.423,4.756,50.628,-0.462,0.486,322.631,215.855,2.000
68389,2.423,4.756,50.660,-0.470,0.489,322.631,215.855,2.000
68390,2.423,4.756,50.660,-0.478,0.485,322.369,215.855,2.000
68391,2.423,4.756,50.660,-0.466,0.493,322.369,215.855,2.000
68392,2.410,4.978,50.693,-0.466,0.484,322.369,215.855,2.000
68393,2.410,4.978,50.693,-0.482,0.489,322.106,215.550,2.000
68394,2.410,4.978,50.693,-0.466,0.492,322.106,215.246,2.000
68395,2.410,4.978,50.725,-0.482,0.487,321.844,215.550,2.000
68396,2.410,4.978,50.725,-0.482,0.493,321.844,215.550,2.000
68397,2.410,4.978,50.758,-0.482,0.487,322.106,215.246,2.000
68398,2.410,4.978,50.758,-0.478,0.489,321.844,215.550,2.000
68399,2.410,4.978,50.791,-0.482,0.493,321.844,215.550,2.000
68400,2.410,4.978,50.791,-0.485,0.487,321.844,215.550,2.000
68401,2.410,4.978,50.791,-0.485,0.494,321.844,215.246,2.000
68402,2.491,5.199,50.791,-0.493,0.488,321.844,215.550,2.000
68403,2.491,5.199,50.791,-0.517,0.489,321.844,215.855,2.000
68404,2.491,5.199,50.791,-0.501,0.490,321.844,215.855,2.000
68405,2.491,5.199,50.758,-0.505,0.484,321.844,215.855,2.000
68406,2.491,5.199,50.791,-0.509,0.493,321.844,215.855,2.000
68407,2.491,5.199,50.758,-0.509,0.482,321.844,215.855,2.000
68408,2.491,5.199,50.758,-0.513,0.489,321.844,215.855,2.000
68409,2.491,5.199,50.758,-0.509,0.488,321.844,215.855,2.000
68410,2.491,5.199,50.758,-0.505,0.486,321.844,215.855,2.000
68411,2.491,5.199,50.725,-0.509,0.493,322.106,215.855,2.000
68412,2.571,4.950,50.725,-0.513,0.485,322.106,215.855,2.000
68413,2.571,4.950,50.725,-0.513,0.494,322.106,215.550,2.000
68414,2.571,4.950,50.693,-0.509,0.491,322.106,215.550,2.000
68415,2.571,4.950,50.693,-0.497,0.489,322.106,215.550,2.000
68416,2.571,4.950,50.693,-0.505,0.494,322.106,215.550,2.000
68417,2.571,4.950,50.660,-0.501,0.489,322.106,215.550,2.000
68418,2.571,4.950,50.660,-0.501,0.496,322.106,215.550,2.000
68419,2.571,4.950,50.628,-0.513,0.488,322.369,215.550,2.000
68420,2.571,4.950,50.628,-0.501,0.490,322.369,215.550,2.000
68421,2.571,4.950,50.628,-0.505,0.493,322.106,215.246,2.000
68422,2.486,4.703,50.628,-0.493,0.487,322.369,215.550,2.000
68423,2.486,4.703,50.628,-0.497,0.495,322.369,215.550,2.000
68424,2.486,4.703,50.628,-0.509,0.484,322.369,215.550,2.000
68425,2.486,4.703,50.628,-0.505,0.490,322.631,215.855,2.000
68426,2.486,4.703,50.628,-0.497,0.486,322.894,215.550,2.000
68427,2.486,4.703,50.628,-0.497,0.485,322.894,215.550,2.000
68428,2.486,4.703,50.628,-0.501,0.492,322.894,215.550,2.000
68429,2.486,4.703,50.628,-0.489,0.483,322.894,215.550,2.000
68430,2.486,4.703,50.628,-0.497,0.490,322.894,215.550,2.000
68431,2.486,4.703,50.660,-0.493,0.486,323.156,215.550,2.000
68432,2.401,4.667,50.660,-0.489,0.486,323.156,215.550,2.000
68433,2.401,4.667,50.693,-0.493,0.494,323.156,215.550,2.000
68434,2.401,4.667,50.693,-0.482,0.488,323.156,215.550,2.000
68435,2.401,4.667,50.693,-0.493,0.490,323.156,215.246,2.000
68436,2.401,4.667,50.725,-0.497,0.490,323.156,215.246,2.000
68437,2.401,4.667,50.725,-0.497,0.488,323.419,215.246,2.000
68438,2.401,4.667,50.758,-0.497,0.495,323.419,215.246,2.000
68439,2.401,4.667,50.758,-0.497,0.487,323.419,215.550,2.000
68440,2.401,4.667,50.758,-0.497,0.490,323.419,215.246,2.000
68441,2.401,4.667,50.758,-0.501,0.490,323.419,215.246,2.000
68442,2.509,4.628,50.791,-0.505,0.487,323.419,215.246,2.000
68443,2.509,4.628,50.791,-0.513,0.492,323.681,215.246,2.000
68444,2.509,4.628,50.791,-0.517,0.484,323.681,215.246,2.000
68445,2.509,4.628,50.791,-0.513,0.488,323.681,215.550,2.000
68446,2.509,4.628,50.791,-0.513,0.490,323.944,215.550,2.000
68447,2.509,4.628,50.791,-0.520,0.485,323.944,215.550,2.000
68448,2.509,4.628,50.758,-0.517,0.491,323.944,215.550,2.000
68449,2.509,4.628,50.758,-0.524,0.483,323.944,215.246,2.000
68450,2.509,4.628,50.758,-0.524,0.488,324.206,215.246,2.000
68451,2.509,4.628,50.758,-0.524,0.488,324.206,215.246,2.000
68452,2.616,4.735,50.725,-0.528,0.485,324.469,215.246,2.000
68453,2.616,4.735,50.725,-0.532,0.493,324.469,215.246,2.000
68454,2.616,4.735,50.725,-0.536,0.488,324.469,214.942,2.000
68455,2.616,4.735,50.693,-0.540,0.488,324.469,215.246,2.000
68456,2.616,4.735,50.693,-0.544,0.493,324.469,214.942,2.000
68457,2.616,4.735,50.660,-0.544,0.485,324.731,214.942,2.000
68458,2.616,4.735,50.660,-0.544,0.493,324.731,214.942,2.000
68459,2.616,4.735,50.660,-0.548,0.488,324.994,214.942,2.000
68460,2.616,4.735,50.628,-0.555,0.487,324.994,214.942,2.000
68461,2.616,4.735,50.628,-0.552,0.492,324.994,214.637,2.000
68462,2.621,4.842,50.628,-0.555,0.485,325.256,214.637,2.000
68463,2.621,4.842,50.628,-0.555,0.490,325.256,214.637,2.000
68464,2.621,4.842,50.595,-0.552,0.482,325.519,214.942,2.000
68465,2.621,4.842,50.595,-0.552,0.482,325.519,214.942,2.000
68466,2.621,4.842,50.595,-0.555,0.489,325.781,215.246,2.000
68467,2.621,4.842,50.595,-0.567,0.481,326.044,214.942,2.000
68468,2.621,4.842,50.595,-0.555,0.487,326.044,214.942,2.000
68469,2.621,4.842,50.595,-0.552,0.485,326.044,214.942,2.000
68470,2.621,4.842,50.628,-0.559,0.484,326.044,214.942,2.000
68471,2.621,4.842,50.628,-0.555,0.488,326.044,214.637,2.000
68472,2.624,4.768,50.660,-0.552,0.482,326.306,215.246,2.000
68473,2.624,4.768,50.660,-0.563,0.490,326.569,215.246,2.000
68474,2.624,4.768,50.660,-0.563,0.490,326.569,215.550,2.000
68475,2.624,4.768,50.693,-0.552,0.486,326.569,215.246,2.000
68476,2.624,4.768,50.693,-0.552,0.493,326.569,214.942,2.000
68477,2.624,4.768,50.725,-0.559,0.486,326.832,215.246,2.000
68478,2.624,4.768,50.725,-0.548,0.486,326.832,215.246,2.000
68479,2.624,4.768,50.725,-0.544,0.492,327.094,215.246,2.000
68480,2.624,4.768,50.758,-0.559,0.485,327.094,214.942,2.000
68481,2.624,4.768,50.758,-0.552,0.489,326.832,214.942,2.000
68482,2.598,4.692,50.791,-0.555,0.491,327.094,215.246,2.000
68483,2.598,4.692,50.758,-0.548,0.483,327.094,215.246,2.000
68484,2.598,4.692,50.791,-0.552,0.489,327.094,214.942,2.000
68485,2.598,4.692,50.791,-0.548,0.481,327.094,214.942,2.000
68486,2.598,4.692,50.791,-0.544,0.481,327.619,214.942,2.000
68487,2.598,4.692,50.791,-0.548,0.489,327.619,215.246,2.000
68488,2.598,4.692,50.791,-0.544,0.480,327.357,215.246,2.000
68489,2.598,4.692,50.791,-0.548,0.482,327.357,215.246,2.000
68490,2.598,4.692,50.758,-0.544,0.487,327.357,215.246,2.000
68491,2.598,4.692,50.758,-0.552,0.480,327.357,215.246,2.000
68492,2.570,4.737,50.758,-0.555,0.486,327.357,214.942,2.000
68493,2.570,4.737,50.725,-0.540,0.486,327.357,214.637,2.000
68494,2.570,4.737,50.725,-0.548,0.485,327.357,214.637,2.000
68495,2.570,4.737,50.725,-0.552,0.492,327.357,214.637,2.000
68496,2.570,4.737,50.693,-0.548,0.485,327.357,214.637,2.000
68497,2.570,4.737,50.693,-0.548,0.486,327.357,214.637,2.000
68498,2.570,4.737,50.660,-0.563,0.490,327.094,214.637,2.000
68499,2.570,4.737,50.693,-0.555,0.484,327.094,214.637,2.000
68500,2.570,4.737,50.660,-0.563,0.489,327.094,214.637,2.000
68501,2.570,4.737,50.660,-0.559,0.485,326.832,214.637,2.000
68502,2.404,4.782,50.628,-0.575,0.484,326.832,214.637,2.000
68503,2.404,4.782,50.628,-0.567,0.489,326.832,214.637,2.000
68504,2.404,4.782,50.628,-0.571,0.481,326.832,214.637,2.000
68505,2.404,4.782,50.595,-0.571,0.480,326.569,214.942,2.000
68506,2.404,4.782,50.595,-0.575,0.488,326.569,214.942,2.000
68507,2.404,4.782,50.595,-0.583,0.482,326.569,214.942,2.000
68508,2.404,4.782,50.595,-0.583,0.485,326.569,214.942,2.000
68509,2.404,4.782,50.628,-0.587,0.484,326.569,214.942,2.000
68510,2.404,4.782,50.595,-0.591,0.481,326.306,214.942,2.000
68511,2.404,4.782,50.595,-0.591,0.490,326.306,214.942,2.000
68512,2.237,4.883,50.628,-0.594,0.480,326.044,214.942,2.000
68513,2.237,4.883,50.628,-0.602,0.486,326.044,214.942,2.000
68514,2.237,4.883,50.660,-0.602,0.492,326.044,214.637,2.000
68515,2.237,4.883,50.660,-0.606,0.485,325.781,214.942,2.000
68516,2.237,4.883,50.693,-0.610,0.488,325.781,214.333,2.000
68517,2.237,4.883,50.693,-0.618,0.487,325.781,214.637,2.000
68518,2.237,4.883,50.725,-0.614,0.485,325.781,214.942,2.000
68519,2.237,4.883,50.725,-0.610,0.493,325.519,214.942,2.000
68520,2.237,4.883,50.725,-0.618,0.491,325.519,214.637,2.000
68521,2.237,4.883,50.758,-0.622,0.484,325.256,214.637,2.000
68522,2.299,4.981,50.758,-0.618,0.490,325.256,214.637,2.000
68523,2.299,4.981,50.758,-0.614,0.481,325.256,214.942,2.000
68524,2.299,4.981,50.791,-0.622,0.485,325.256,214.637,2.000
68525,2.299,4.981,50.791,-0.622,0.485,324.994,215.246,2.000
68526,2.299,4.981,50.791,-0.622,0.482,324.994,215.246,2.000
68527,2.299,4.981,50.791,-0.614,0.484,324.994,214.942,2.000
68528,2.299,4.981,50.791,-0.618,0.490,324.994,215.550,2.000
68529,2.299,4.981,50.791,-0.626,0.481,324.731,215.246,2.000
68530,2.299,4.981,50.791,-0.614,0.487,324.469,215.246,2.000
68531,2.299,4.981,50.791,-0.614,0.485,324.469,215.246,2.000
68532,2.359,4.899,50.758,-0.618,0.481,324.469,215.246,2.000
68533,2.359,4.899,50.758,-0.618,0.493,324.206,215.246,2.000
68534,2.359,4.899,50.758,-0.618,0.487,324.206,214.942,2.000
68535,2.359,4.899,50.725,-0.614,0.487,323.944,214.942,2.000
68536,2.359,4.899,50.725,-0.610,0.494,323.681,214.942,2.000
68537,2.359,4.899,50.693,-0.614,0.486,323.681,214.333,2.000
68538,2.359,4.899,50.693,-0.606,0.492,323.681,214.333,2.000
68539,2.359,4.899,50.660,-0.610,0.488,323.681,214.333,2.000
68540,2.359,4.899,50.660,-0.606,0.485,323.681,214.333,2.000
68541,2.359,4.899,50.660,-0.614,0.494,323.156,214.333,2.000
68542,2.350,4.819,50.660,-0.606,0.485,323.156,214.333,2.000
68543,2.350,4.819,50.628,-0.606,0.486,323.156,214.333,2.000
68544,2.350,4.819,50.628,-0.606,0.484,323.156,214.637,2.000
68545,2.350,4.819,50.628,-0.598,0.481,322.894,214.637,2.000
68546,2.350,4.819,50.628,-0.606,0.489,322.894,214.637,2.000
68547,2.350,4.819,50.628,-0.606,0.480,322.894,214.637,2.000
68548,2.350,4.819,50.595,-0.610,0.486,322.631,214.333,2.000
68549,2.350,4.819,50.595,-0.606,0.483,322.631,214.637,2.000
68550,2.350,4.819,50.595,-0.606,0.481,322.369,214.637,2.000
68551,2.350,4.819,50.628,-0.614,0.490,322.369,214.333,2.000
68552,2.339,4.798,50.628,-0.618,0.481,322.369,214.637,2.000
68553,2.339,4.798,50.628,-0.614,0.489,322.369,214.333,2.000
68554,2.339,4.798,50.628,-0.614,0.488,322.106,214.333,2.000
68555,2.339,4.798,50.660,-0.618,0.485,322.106,214.333,2.000
68556,2.339,4.798,50.660,-0.622,0.494,322.106,214.333,2.000
68557,2.339,4.798,50.693,-0.614,0.485,322.106,214.333,2.000
68558,2.339,4.798,50.693,-0.626,0.488,322.106,214.333,2.000
68559,2.339,4.798,50.693,-0.626,0.487,321.844,214.333,2.000
68560,2.339,4.798,50.725,-0.626,0.486,321.844,214.333,2.000
68561,2.339,4.798,50.725,-0.626,0.493,321.844,214.333,2.000
68562,2.433,4.778,50.758,-0.634,0.484,321.581,214.333,2.000
68563,2.433,4.778,50.758,-0.637,0.486,321.844,214.333,2.000
68564,2.433,4.778,50.758,-0.630,0.487,321.844,214.333,2.000
68565,2.433,4.778,50.791,-0.641,0.482,321.844,214.637,2.000
68566,2.433,4.778,50.791,-0.645,0.490,321.844,214.637,2.000
68567,2.433,4.778,50.791,-0.649,0.481,321.844,214.637,2.000
68568,2.433,4.778,50.791,-0.653,0.485,322.106,214.637,2.000
68569,2.433,4.778,50.791,-0.657,0.486,321.844,214.637,2.000
68570,2.433,4.778,50.791,-0.661,0.481,321.844,214.333,2.000
68571,2.433,4.778,50.791,-0.661,0.489,321.844,214.333,2.000
68572,2.526,4.992,50.791,-0.665,0.480,322.106,214.637,2.000
68573,2.526,4.992,50.758,-0.661,0.488,322.106,214.637,2.000
68574,2.526,4.992,50.758,-0.673,0.489,322.369,214.333,2.000
68575,2.526,4.992,50.758,-0.673,0.485,322.106,214.333,2.000
68576,2.526,4.992,50.725,-0.677,0.493,322.106,214.333,2.000
68577,2.526,4.992,50.725,-0.673,0.484,322.369,214.637,2.000
68578,2.526,4.992,50.725,-0.677,0.488,322.369,214.333,2.000
68579,2.526,4.992,50.693,-0.677,0.488,322.369,214.333,2.000
68580,2.526,4.992,50.693,-0.681,0.485,322.631,214.333,2.000
68581,2.526,4.992,50.660,-0.681,0.491,322.631,214.028,2.000
68582,2.356,5.210,50.660,-0.677,0.485,322.631,214.028,2.000
68583,2.356,5.210,50.628,-0.681,0.485,322.631,214.333,2.000
68584,2.356,5.210,50.628,-0.677,0.485,322.631,214.028,2.000
68585,2.356,5.210,50.628,-0.681,0.481,322.894,214.637,2.000
68586,2.356,5.210,50.628,-0.677,0.490,322.894,214.637,2.000
68587,2.356,5.210,50.595,-0.677,0.480,322.894,214.637,2.000
68588,2.356,5.210,50.595,-0.677,0.485,323.156,214.333,2.000
68589,2.356,5.210,50.595,-0.673,0.484,323.156,214.637,2.000
68590,2.356,5.210,50.595,-0.677,0.482,323.156,214.637,2.000
68591,2.356,5.210,50.595,-0.677,0.489,323.156,214.333,2.000
68592,2.184,5.175,50.595,-0.677,0.482,323.419,214.637,2.000
68593,2.184,5.175,50.595,-0.673,0.490,323.419,214.637,2.000
68594,2.184,5.175,50.628,-0.669,0.490,323.419,214.333,2.000
68595,2.184,5.175,50.628,-0.669,0.486,323.419,214.333,2.000
68596,2.184,5.175,50.628,-0.673,0.493,323.681,214.333,2.000
68597,2.184,5.175,50.660,-0.673,0.486,323.681,214.333,2.000
68598,2.184,5.175,50.660,-0.665,0.488,323.944,214.333,2.000
68599,2.184,5.175,50.693,-0.665,0.490,323.944,214.637,2.000
68600,2.184,5.175,50.693,-0.673,0.486,324.206,214.637,2.000
68601,2.184,5.175,50.725,-0.665,0.494,324.206,214.333,2.000
68602,2.046,5.139,50.725,-0.669,0.486,324.206,214.333,2.000
68603,2.046,5.139,50.758,-0.665,0.486,324.206,214.637,2.000
68604,2.046,5.139,50.758,-0.673,0.489,324.206,214.637,2.000
68605,2.046,5.139,50.758,-0.665,0.482,324.206,214.637,2.000
68606,2.046,5.139,50.758,-0.673,0.489,324.469,214.637,2.000
68607,2.046,5.139,50.791,-0.673,0.484,324.469,214.637,2.000
68608,2.046,5.139,50.791,-0.665,0.484,324.731,214.637,2.000
68609,2.046,5.139,50.791,-0.673,0.489,324.731,214.942,2.000
68610,2.046,5.139,50.791,-0.673,0.482,324.731,214.637,2.000
68611,2.046,5.139,50.791,-0.673,0.489,324.731,214.637,2.000
68612,1.910,5.058,50.791,-0.677,0.485,324.731,214.637,2.000
68613,1.910,5.058,50.791,-0.677,0.485,324.994,214.333,2.000
68614,1.910,5.058,50.758,-0.688,0.494,324.994,214.333,2.000
68615,1.910,5.058,50.758,-0.681,0.485,324.994,214.637,2.000
68616,1.910,5.058,50.758,-0.688,0.486,324.994,214.333,2.000
68617,1.910,5.058,50.758,-0.681,0.491,325.256,214.333,2.000
68618,1.910,5.058,50.725,-0.692,0.485,325.256,214.333,2.000
68619,1.910,5.058,50.725,-0.692,0.492,325.256,214.637,2.000
68620,1.910,5.058,50.725,-0.692,0.485,325.519,214.637,2.000
68621,1.910,5.058,50.693,-0.700,0.484,325.519,214.333,2.000
68622,2.115,4.975,50.693,-0.700,0.493,325.519,214.333,2.000
68623,2.115,4.975,50.693,-0.708,0.483,325.519,214.333,2.000
68624,2.115,4.975,50.660,-0.704,0.487,325.781,214.028,2.000
68625,2.115,4.975,50.660,-0.704,0.484,325.781,214.333,2.000
68626,2.115,4.975,50.628,-0.712,0.481,325.781,214.333,2.000
68627,2.115,4.975,50.628,-0.724,0.490,326.044,214.333,2.000
68628,2.115,4.975,50.628,-0.720,0.481,326.306,214.637,2.000
68629,2.115,4.975,50.628,-0.724,0.484,326.306,214.942,2.000
68630,2.115,4.975,50.595,-0.731,0.485,326.306,214.942,2.000
68631,2.115,4.975,50.595,-0.731,0.483,326.569,214.942,2.000
68632,2.320,5.132,50.595,-0.728,0.490,326.569,215.246,2.000
68633,2.320,5.132,50.595,-0.731,0.485,326.832,215.246,2.000
68634,2.320,5.132,50.595,-0.735,0.488,327.094,214.942,2.000
68635,2.320,5.132,50.595,-0.731,0.494,326.832,214.942,2.000
68636,2.320,5.132,50.628,-0.735,0.489,327.094,214.942,2.000
68637,2.320,5.132,50.628,-0.735,0.490,327.094,214.942,2.000
68638,2.320,5.132,50.628,-0.735,0.492,327.094,214.942,2.000
68639,2.320,5.132,50.660,-0.735,0.489,327.357,214.942,2.000
68640,2.320,5.132,50.660,-0.735,0.495,327.357,215.246,2.000
68641,2.320,5.132,50.693,-0.739,0.489,327.357,214.942,2.000
68642,2.469,5.290,50.693,-0.731,0.488,327.357,214.942,2.000
68643,2.469,5.290,50.725,-0.731,0.493,327.357,215.246,2.000
68644,2.469,5.290,50.725,-0.735,0.485,327.357,215.246,2.000
68645,2.469,5.290,50.725,-0.735,0.490,327.357,215.246,2.000
68646,2.469,5.290,50.758,-0.735,0.489,327.357,215.246,2.000
68647,2.469,5.290,50.758,-0.731,0.486,327.357,215.246,2.000
68648,2.469,5.290,50.791,-0.728,0.492,327.619,215.550,2.000
68649,2.469,5.290,50.758,-0.728,0.485,327.619,215.246,2.000
68650,2.469,5.290,50.791,-0.731,0.486,327.357,215.246,2.000
68651,2.469,5.290,50.791,-0.728,0.493,327.357,215.246,2.000
68652,2.618,4.839,50.791,-0.731,0.484,327.357,215.550,2.000
68653,2.618,4.839,50.791,-0.720,0.490,327.357,215.246,2.000
68654,2.618,4.839,50.791,-0.728,0.493,327.357,214.942,2.000
68655,2.618,4.839,50.791,-0.720,0.488,327.357,215.246,2.000
68656,2.618,4.839,50.758,-0.724,0.488,327.357,215.246,2.000
68657,2.618,4.839,50.758,-0.724,0.496,327.357,214.942,2.000
68658,2.618,4.839,50.758,-0.716,0.488,327.357,214.942,2.000
68659,2.618,4.839,50.725,-0.720,0.487,327.357,214.942,2.000
68660,2.618,4.839,50.758,-0.720,0.492,327.094,214.637,2.000
68661,2.618,4.839,50.725,-0.716,0.486,327.094,214.637,2.000
68662,2.477,4.391,50.725,-0.724,0.493,326.832,214.942,2.000
68663,2.477,4.391,50.693,-0.724,0.483,326.832,215.246,2.000
68664,2.477,4.391,50.693,-0.720,0.487,326.832,214.942,2.000
68665,2.477,4.391,50.660,-0.724,0.486,326.832,215.246,2.000
68666,2.477,4.391,50.660,-0.724,0.485,326.569,215.246,2.000
68667,2.477,4.391,50.660,-0.724,0.492,326.569,215.246,2.000
68668,2.477,4.391,50.628,-0.728,0.481,326.569,214.942,2.000
68669,2.477,4.391,50.628,-0.728,0.483,326.569,215.246,2.000
68670,2.477,4.391,50.595,-0.724,0.488,326.306,215.246,2.000
68671,2.477,4.391,50.628,-0.739,0.485,326.044,214.942,2.000
68672,2.334,4.819,50.595,-0.735,0.484,326.044,214.637,2.000
68673,2.334,4.819,50.595,-0.735,0.493,326.044,214.637,2.000
68674,2.334,4.819,50.595,-0.739,0.486,325.781,214.637,2.000
68675,2.334,4.819,50.628,-0.743,0.489,325.781,215.246,2.000
68676,2.334,4.819,50.628,-0.739,0.492,325.519,214.942,2.000
68677,2.334,4.819,50.628,-0.739,0.488,325.519,214.942,2.000
68678,2.334,4.819,50.628,-0.751,0.492,325.519,214.942,2.000
68679,2.334,4.819,50.628,-0.755,0.490,325.256,214.942,2.000
68680,2.334,4.819,50.628,-0.755,0.488,325.256,214.942,2.000
68681,2.334,4.819,50.660,-0.755,0.496,324.994,214.942,2.000
68682,2.415,5.244,50.660,-0.755,0.488,324.731,214.942,2.000
68683,2.415,5.244,50.693,-0.775,0.485,324.731,214.942,2.000
68684,2.415,5.244,50.693,-0.767,0.490,324.731,215.246,2.000
68685,2.415,5.244,50.725,-0.767,0.484,324.731,215.246,2.000
68686,2.415,5.244,50.725,-0.779,0.489,324.469,215.246,2.000
68687,2.415,5.244,50.758,-0.779,0.487,324.469,215.246,2.000
68688,2.415,5.244,50.758,-0.783,0.485,324.469,215.246,2.000
68689,2.415,5.244,50.791,-0.779,0.492,324.206,215.246,2.000
68690,2.415,5.244,50.791,-0.787,0.485,324.206,215.246,2.000
68691,2.415,5.244,50.791,-0.779,0.484,323.944,215.246,2.000
68692,2.495,4.819,50.791,-0.779,0.492,323.944,215.246,2.000
68693,2.495,4.819,50.791,-0.783,0.488,323.944,215.246,2.000
68694,2.495,4.819,50.791,-0.787,0.490,323.944,214.942,2.000
68695,2.495,4.819,50.791,-0.783,0.490,323.681,215.246,2.000
68696,2.495,4.819,50.791,-0.787,0.485,323.419,214.028,2.000
68697,2.495,4.819,50.791,-0.783,0.493,323.419,214.333,2.000
68698,2.495,4.819,50.791,-0.787,0.485,323.419,214.333,2.000
68699,2.495,4.819,50.758,-0.783,0.488,323.156,214.333,2.000
68700,2.495,4.819,50.758,-0.779,0.492,323.156,214.333,2.000
68701,2.495,4.819,50.758,-0.779,0.485,322.894,214.333,2.000
68702,2.536,4.394,50.758,-0.783,0.492,322.894,214.637,2.000
68703,2.536,4.394,50.725,-0.779,0.482,322.631,214.333,2.000
68704,2.536,4.394,50.725,-0.779,0.484,322.631,214.942,2.000
68705,2.536,4.394,50.693,-0.783,0.489,322.631,214.942,2.000
68706,2.536,4.394,50.693,-0.779,0.484,322.369,214.942,2.000
68707,2.536,4.394,50.693,-0.779,0.489,322.369,214.637,2.000
68708,2.536,4.394,50.660,-0.775,0.484,322.369,214.637,2.000
68709,2.536,4.394,50.660,-0.779,0.485,322.369,214.637,2.000
68710,2.536,4.394,50.628,-0.775,0.489,322.369,214.637,2.000
68711,2.536,4.394,50.628,-0.771,0.485,322.106,214.637,2.000
68712,2.574,5.338,50.628,-0.775,0.490,322.106,214.942,2.000
68713,2.574,5.338,50.628,-0.775,0.486,322.106,214.637,2.000
68714,2.574,5.338,50.595,-0.767,0.489,322.106,214.637,2.000
68715,2.574,5.338,50.595,-0.771,0.493,322.106,214.637,2.000
68716,2.574,5.338,50.628,-0.767,0.487,322.106,214.637,2.000
68717,2.574,5.338,50.628,-0.767,0.492,322.106,214.333,2.000
68718,2.574,5.338,50.628,-0.775,0.488,321.844,214.637,2.000
68719,2.574,5.338,50.628,-0.771,0.488,322.106,214.637,2.000
68720,2.574,5.338,50.628,-0.771,0.493,321.844,214.637,2.000
68721,2.574,5.338,50.660,-0.771,0.486,322.106,214.637,2.000
68722,2.395,6.282,50.660,-0.771,0.492,321.844,214.637,2.000
68723,2.395,6.282,50.660,-0.775,0.488,321.844,214.637,2.000
68724,2.395,6.282,50.660,-0.775,0.484,321.844,214.637,2.000
68725,2.395,6.282,50.693,-0.775,0.493,321.844,214.942,2.000
68726,2.395,6.282,50.693,-0.779,0.485,321.844,214.637,2.000
68727,2.395,6.282,50.725,-0.783,0.488,321.844,214.637,2.000
68728,2.395,6.282,50.725,-0.783,0.486,321.844,214.637,2.000
68729,2.395,6.282,50.758,-0.790,0.484,321.844,214.637,2.000
68730,2.395,6.282,50.758,-0.790,0.492,321.844,214.942,2.000
68731,2.395,6.282,50.758,-0.790,0.483,321.844,214.942,2.000
68732,2.215,6.000,50.758,-0.794,0.488,321.844,214.637,2.000
68733,2.215,6.000,50.791,-0.798,0.490,321.844,214.942,2.000
68734,2.215,6.000,50.758,-0.798,0.488,321.844,214.637,2.000
68735,2.215,6.000,50.791,-0.802,0.495,322.106,214.637,2.000
68736,2.215,6.000,50.791,-0.802,0.484,322.106,214.333,2.000
68737,2.215,6.000,50.791,-0.798,0.489,321.844,214.637,2.000
68738,2.215,6.000,50.758,-0.806,0.490,322.106,214.637,2.000
68739,2.215,6.000,50.791,-0.810,0.488,322.106,214.637,2.000
68740,2.215,6.000,50.758,-0.814,0.496,322.106,214.942,2.000
68741,2.215,6.000,50.758,-0.822,0.488,322.369,214.942,2.000
68742,2.231,5.713,50.758,-0.818,0.491,322.106,214.637,2.000
68743,2.231,5.713,50.725,-0.822,0.490,322.369,214.637,2.000
68744,2.231,5.713,50.725,-0.826,0.485,322.369,214.942,2.000
68745,2.231,5.713,50.725,-0.830,0.493,322.631,214.942,2.000
68746,2.231,5.713,50.693,-0.834,0.483,322.631,214.942,2.000
68747,2.231,5.713,50.693,-0.834,0.489,322.631,214.942,2.000
68748,2.231,5.713,50.693,-0.838,0.488,322.894,214.942,2.000
68749,2.231,5.713,50.660,-0.838,0.486,322.894,214.942,2.000
68750,2.231,5.713,50.660,-0.842,0.493,323.156,215.246,2.000
68751,2.231,5.713,50.628,-0.838,0.484,323.156,214.942,2.000
68752,2.246,5.226,50.628,-0.846,0.490,323.156,214.942,2.000
68753,2.246,5.226,50.628,-0.838,0.490,323.419,214.942,2.000
68754,2.246,5.226,50.595,-0.838,0.489,323.419,214.942,2.000
68755,2.246,5.226,50.628,-0.838,0.494,323.681,214.637,2.000
68756,2.246,5.226,50.628,-0.838,0.488,323.419,214.333,2.000
68757,2.246,5.226,50.595,-0.838,0.494,323.419,214.637,2.000
68758,2.246,5.226,50.628,-0.838,0.490,323.681,214.942,2.000
68759,2.246,5.226,50.595,-0.834,0.489,323.681,214.637,2.000
68760,2.246,5.226,50.595,-0.834,0.495,323.681,214.637,2.000
68761,2.246,5.226,50.628,-0.838,0.486,323.944,214.637,2.000
68762,2.272,4.738,50.628,-0.834,0.490,323.944,214.637,2.000
68763,2.272,4.738,50.660,-0.834,0.488,323.944,214.942,2.000
68764,2.272,4.738,50.660,-0.838,0.484,323.944,214.942,2.000
68765,2.272,4.738,50.660,-0.834,0.492,324.206,214.637,2.000
68766,2.272,4.738,50.693,-0.834,0.483,324.206,214.637,2.000
68767,2.272,4.738,50.693,-0.838,0.486,324.469,214.942,2.000
68768,2.272,4.738,50.693,-0.826,0.486,324.469,214.942,2.000
68769,2.272,4.738,50.725,-0.830,0.483,324.731,214.942,2.000
68770,2.272,4.738,50.725,-0.830,0.490,324.731,214.637,2.000
68771,2.272,4.738,50.725,-0.830,0.483,324.731,214.942,2.000
68772,2.297,4.749,50.758,-0.822,0.485,324.994,214.942,2.000
68773,2.297,4.749,50.758,-0.822,0.492,324.994,214.637,2.000
68774,2.297,4.749,50.758,-0.822,0.488,325.256,214.942,2.000
68775,2.297,4.749,50.791,-0.822,0.493,325.256,214.637,2.000
68776,2.297,4.749,50.791,-0.826,0.489,325.256,214.637,2.000
68777,2.297,4.749,50.791,-0.822,0.489,325.256,214.942,2.000
68778,2.297,4.749,50.791,-0.826,0.495,325.256,214.942,2.000
68779,2.297,4.749,50.791,-0.830,0.485,325.519,214.637,2.000
68780,2.297,4.749,50.791,-0.826,0.492,325.519,214.637,2.000
68781,2.297,4.749,50.758,-0.830,0.490,325.519,214.637,2.000
68782,2.175,4.762,50.758,-0.838,0.486,325.519,214.637,2.000
68783,2.175,4.762,50.758,-0.838,0.493,325.781,214.637,2.000
68784,2.175,4.762,50.758,-0.834,0.484,325.781,214.637,2.000
68785,2.175,4.762,50.725,-0.838,0.487,325.781,214.637,2.000
68786,2.175,4.762,50.725,-0.850,0.488,325.781,214.637,2.000
68787,2.175,4.762,50.693,-0.846,0.485,326.044,214.637,2.000
68788,2.175,4.762,50.693,-0.846,0.490,326.044,214.637,2.000
68789,2.175,4.762,50.693,-0.850,0.484,326.306,215.246,2.000
68790,2.175,4.762,50.660,-0.853,0.484,326.306,215.550,2.000
68791,2.175,4.762,50.660,-0.861,0.494,326.306,215.550,2.000
68792,2.053,4.535,50.660,-0.857,0.485,326.306,215.246,2.000
68793,2.053,4.535,50.628,-0.857,0.492,326.569,215.246,2.000
68794,2.053,4.535,50.628,-0.861,0.492,326.569,214.942,2.000
68795,2.053,4.535,50.628,-0.865,0.489,326.832,214.942,2.000
68796,2.053,4.535,50.628,-0.873,0.489,326.832,214.942,2.000
68797,2.053,4.535,50.628,-0.873,0.495,326.832,214.942,2.000
68798,2.053,4.535,50.595,-0.877,0.487,326.832,214.942,2.000
68799,2.053,4.535,50.595,-0.881,0.492,327.094,214.942,2.000
68800,2.053,4.535,50.595,-0.877,0.492,327.094,214.942,2.000
68801,2.053,4.535,50.628,-0.885,0.487,327.094,214.942,2.000
68802,2.063,4.306,50.628,-0.885,0.492,327.094,214.942,2.000
68803,2.063,4.306,50.628,-0.889,0.485,327.094,214.942,2.000
68804,2.063,4.306,50.628,-0.889,0.490,327.094,214.942,2.000
68805,2.063,4.306,50.628,-0.897,0.484,327.357,215.246,2.000
68806,2.063,4.306,50.660,-0.897,0.486,327.357,215.246,2.000
68807,2.063,4.306,50.660,-0.901,0.490,327.357,214.942,2.000
68808,2.063,4.306,50.693,-0.897,0.488,327.357,215.246,2.000
68809,2.063,4.306,50.693,-0.905,0.486,327.357,215.246,2.000
68810,2.063,4.306,50.693,-0.897,0.492,327.619,215.550,2.000
68811,2.063,4.306,50.725,-0.901,0.487,327.357,215.550,2.000
68812,2.076,4.287,50.725,-0.897,0.485,327.357,215.855,2.000
68813,2.076,4.287,50.758,-0.897,0.496,327.357,215.550,2.000
68814,2.076,4.287,50.758,-0.905,0.490,327.357,215.246,2.000
68815,2.076,4.287,50.791,-0.897,0.492,327.357,215.246,2.000
68816,2.076,4.287,50.758,-0.897,0.494,327.357,215.550,2.000
68817,2.076,4.287,50.791,-0.897,0.489,327.094,215.550,2.000
68818,2.076,4.287,50.791,-0.897,0.495,327.094,215.855,2.000
68819,2.076,4.287,50.791,-0.893,0.492,327.094,215.550,2.000
68820,2.076,4.287,50.791,-0.889,0.490,327.094,215.246,2.000
68821,2.076,4.287,50.791,-0.893,0.497,327.094,215.246,2.000
68822,1.998,4.268,50.791,-0.893,0.489,327.094,215.246,2.000
68823,1.998,4.268,50.758,-0.893,0.489,326.569,215.246,2.000
68824,1.998,4.268,50.758,-0.889,0.492,326.569,215.550,2.000
68825,1.998,4.268,50.758,-0.889,0.485,326.832,215.550,2.000
68826,1.998,4.268,50.758,-0.889,0.490,326.832,215.550,2.000
68827,1.998,4.268,50.725,-0.893,0.485,326.569,215.550,2.000
68828,1.998,4.268,50.725,-0.889,0.484,326.569,215.550,2.000
68829,1.998,4.268,50.693,-0.885,0.492,326.569,215.855,2.000
68830,1.998,4.268,50.693,-0.881,0.482,326.569,215.550,2.000
68831,1.998,4.268,50.693,-0.885,0.487,326.306,215.550,2.000
68832,1.923,4.368,50.660,-0.881,0.489,326.306,215.246,2.000
68833,1.923,4.368,50.660,-0.889,0.488,326.044,214.942,2.000
68834,1.923,4.368,50.660,-0.885,0.493,326.044,214.942,2.000
68835,1.923,4.368,50.628,-0.893,0.489,326.044,214.942,2.000
68836,1.923,4.368,50.628,-0.881,0.489,325.781,214.942,2.000
68837,1.923,4.368,50.628,-0.893,0.494,325.781,214.942,2.000
68838,1.923,4.368,50.628,-0.889,0.488,325.519,214.637,2.000
68839,1.923,4.368,50.595,-0.889,0.489,325.519,214.637,2.000
68840,1.923,4.368,50.628,-0.897,0.494,325.256,214.637,2.000
68841,1.923,4.368,50.595,-0.897,0.488,325.256,214.637,2.000
68842,2.141,4.464,50.595,-0.897,0.495,325.256,214.942,2.000
68843,2.141,4.464,50.628,-0.901,0.487,324.731,215.246,2.000
68844,2.141,4.464,50.628,-0.901,0.486,324.731,215.246,2.000
68845,2.141,4.464,50.628,-0.909,0.492,324.469,215.246,2.000
68846,2.141,4.464,50.628,-0.913,0.484,324.469,214.942,2.000
68847,2.141,4.464,50.660,-0.913,0.489,324.469,215.246,2.000
68848,2.141,4.464,50.660,-0.921,0.489,324.469,215.246,2.000
68849,2.141,4.464,50.693,-0.925,0.485,324.206,215.550,2.000
68850,2.141,4.464,50.693,-0.921,0.492,323.944,215.550,2.000
68851,2.141,4.464,50.693,-0.929,0.484,323.944,215.550,2.000
68852,2.359,4.368,50.725,-0.929,0.486,323.681,215.550,2.000
68853,2.359,4.368,50.725,-0.932,0.493,323.681,214.942,2.000
68854,2.359,4.368,50.758,-0.932,0.485,323.681,214.942,2.000
68855,2.359,4.368,50.758,-0.940,0.491,323.681,214.637,2.000
68856,2.359,4.368,50.758,-0.940,0.489,323.419,214.637,2.000
68857,2.359,4.368,50.791,-0.944,0.486,323.156,214.333,2.000
68858,2.359,4.368,50.791,-0.948,0.493,323.156,214.333,2.000
68859,2.359,4.368,50.791,-0.952,0.485,323.156,214.637,2.000
68860,2.359,4.368,50.791,-0.952,0.491,323.156,214.637,2.000
68861,2.359,4.368,50.791,-0.956,0.490,322.894,214.637,2.000
68862,2.186,4.276,50.791,-0.956,0.486,323.156,214.637,2.000
68863,2.186,4.276,50.791,-0.952,0.490,322.631,214.637,2.000
68864,2.186,4.276,50.758,-0.956,0.481,322.631,214.637,2.000
68865,2.186,4.276,50.758,-0.956,0.488,322.631,214.637,2.000
68866,2.186,4.276,50.758,-0.960,0.488,322.631,214.637,2.000
68867,2.186,4.276,50.758,-0.956,0.483,322.631,214.637,2.000
68868,2.186,4.276,50.725,-0.960,0.492,322.631,214.637,2.000
68869,2.186,4.276,50.725,-0.960,0.482,322.631,214.942,2.000
68870,2.186,4.276,50.693,-0.960,0.485,322.369,214.942,2.000
68871,2.186,4.276,50.693,-0.960,0.488,322.369,214.942,2.000
68872,2.014,4.339,50.693,-0.960,0.482,322.369,214.637,2.000
68873,2.014,4.339,50.660,-0.956,0.493,322.369,214.637,2.000
68874,2.014,4.339,50.660,-0.948,0.485,322.369,214.333,2.000
68875,2.014,4.339,50.660,-0.956,0.487,322.369,214.333,2.000
68876,2.014,4.339,50.628,-0.956,0.490,322.369,214.333,2.000
68877,2.014,4.339,50.628,-0.956,0.488,322.106,214.333,2.000
68878,2.014,4.339,50.628,-0.956,0.493,322.106,214.333,2.000
68879,2.014,4.339,50.595,-0.952,0.486,322.369,214.333,2.000
68880,2.014,4.339,50.628,-0.956,0.487,322.369,214.333,2.000
68881,2.014,4.339,50.595,-0.952,0.491,322.369,214.028,2.000
68882,2.128,4.397,50.595,-0.952,0.485,322.369,214.028,2.000
68883,2.128,4.397,50.595,-0.948,0.490,322.369,214.637,2.000
68884,2.128,4.397,50.628,-0.948,0.481,322.369,214.637,2.000
68885,2.128,4.397,50.628,-0.948,0.482,322.369,214.637,2.000
68886,2.128,4.397,50.628,-0.948,0.489,322.631,214.637,2.000
68887,2.128,4.397,50.628,-0.944,0.482,322.369,214.637,2.000
68888,2.128,4.397,50.660,-0.948,0.488,322.631,214.637,2.000
68889,2.128,4.397,50.660,-0.940,0.484,322.631,214.637,2.000
68890,2.128,4.397,50.693,-0.948,0.483,322.631,214.637,2.000
68891,2.128,4.397,50.693,-0.948,0.490,322.631,214.637,2.000
68892,2.243,4.364,50.693,-0.948,0.483,322.631,214.942,2.000
68893,2.243,4.364,50.725,-0.948,0.490,322.631,214.942,2.000
68894,2.243,4.364,50.725,-0.952,0.488,322.631,214.637,2.000
68895,2.243,4.364,50.758,-0.948,0.489,322.894,214.637,2.000
68896,2.243,4.364,50.758,-0.952,0.494,322.631,214.637,2.000
68897,2.243,4.364,50.758,-0.952,0.488,322.631,214.637,2.000
68898,2.243,4.364,50.791,-0.956,0.491,322.894,214.637,2.000
68899,2.243,4.364,50.791,-0.960,0.486,322.894,214.942,2.000
68900,2.243,4.364,50.791,-0.964,0.489,322.894,214.942,2.000
68901,2.243,4.364,50.791,-0.968,0.496,322.894,214.942,2.000
68902,2.238,4.331,50.791,-0.968,0.488,322.894,214.942,2.000
68903,2.238,4.331,50.791,-0.972,0.491,322.894,214.942,2.000
68904,2.238,4.331,50.791,-0.972,0.485,322.894,214.942,2.000
68905,2.238,4.331,50.791,-0.976,0.486,323.156,214.942,2.000
68906,2.238,4.331,50.758,-0.980,0.490,323.156,214.637,2.000
68907,2.238,4.331,50.758,-0.980,0.483,323.156,214.637,2.000
68908,2.238,4.331,50.758,-0.988,0.490,323.156,214.942,2.000
68909,2.238,4.331,50.758,-0.988,0.483,323.419,214.942,2.000
68910,2.238,4.331,50.725,-0.992,0.485,323.419,214.637,2.000
68911,2.238,4.331,50.725,-1.000,0.488,323.681,214.637,2.000
68912,2.232,4.353,50.693,-0.996,0.483,323.681,214.637,2.000
68913,2.232,4.353,50.693,-1.000,0.493,323.681,214.637,2.000
68914,2.232,4.353,50.660,-1.000,0.486,323.944,214.333,2.000
68915,2.232,4.353,50.660,-1.011,0.486,323.944,214.333,2.000
68916,2.232,4.353,50.660,-1.007,0.492,324.206,214.333,2.000
68917,2.232,4.353,50.628,-1.011,0.485,323.944,214.028,2.000
68918,2.232,4.353,50.628,-1.015,0.492,324.206,214.028,2.000
68919,2.232,4.353,50.595,-1.011,0.484,324.206,214.333,2.000
68920,2.232,4.353,50.595,-1.011,0.486,324.469,214.028,2.000
68921,2.232,4.353,50.595,-1.022,0.492,324.469,214.028,2.000
68922,2.094,4.377,50.595,-1.019,0.485,324.731,214.028,2.000
68923,2.094,4.377,50.595,-1.015,0.490,324.731,214.333,2.000
68924,2.094,4.377,50.595,-1.022,0.483,324.731,214.333,2.000
68925,2.094,4.377,50.595,-1.022,0.484,324.731,214.333,2.000
68926,2.094,4.377,50.595,-1.019,0.489,324.994,214.637,2.000
68927,2.094,4.377,50.595,-1.019,0.485,324.994,214.637,2.000
68928,2.094,4.377,50.628,-1.015,0.490,324.994,214.333,2.000
68929,2.094,4.377,50.628,-1.019,0.485,325.256,214.637,2.000
68930,2.094,4.377,50.628,-1.015,0.485,325.256,214.333,2.000
68931,2.094,4.377,50.660,-1.015,0.491,325.519,214.333,2.000
68932,1.957,4.314,50.660,-1.019,0.482,325.519,214.333,2.000
68933,1.957,4.314,50.693,-1.019,0.490,325.519,214.333,2.000
68934,1.957,4.314,50.725,-1.019,0.488,325.519,214.333,2.000
68935,1.957,4.314,50.725,-1.011,0.486,325.781,214.333,2.000
68936,1.957,4.314,50.758,-1.015,0.487,326.044,214.333,2.000
68937,1.957,4.314,50.758,-1.015,0.492,326.044,214.333,2.000
68938,1.957,4.314,50.758,-1.015,0.485,326.044,214.333,2.000
68939,1.957,4.314,50.758,-1.007,0.492,326.044,214.333,2.000
68940,1.957,4.314,50.791,-1.011,0.488,326.306,214.637,2.000
68941,1.957,4.314,50.791,-1.011,0.486,326.306,214.942,2.000
68942,1.796,4.252,50.791,-1.007,0.493,326.569,214.637,2.000
68943,1.796,4.252,50.791,-1.004,0.484,326.569,214.942,2.000
68944,1.796,4.252,50.791,-1.004,0.483,326.569,214.637,2.000
68945,1.796,4.252,50.791,-1.004,0.488,326.569,214.637,2.000
68946,1.796,4.252,50.791,-1.004,0.483,326.832,214.637,2.000
68947,1.796,4.252,50.791,-1.004,0.489,326.832,214.942,2.000
68948,1.796,4.252,50.791,-1.007,0.486,326.832,215.246,2.000
68949,1.796,4.252,50.758,-1.011,0.482,326.832,215.246,2.000
68950,1.796,4.252,50.758,-1.007,0.492,327.094,214.942,2.000
68951,1.796,4.252,50.758,-1.011,0.485,327.094,214.942,2.000
68952,1.635,4.330,50.725,-1.015,0.484,327.094,214.942,2.000
68953,1.635,4.330,50.725,-1.015,0.493,327.094,214.942,2.000
68954,1.635,4.330,50.725,-1.015,0.488,327.094,214.637,2.000
68955,1.635,4.330,50.693,-1.015,0.489,327.094,214.333,2.000
68956,1.635,4.330,50.693,-1.022,0.492,327.094,214.637,2.000
68957,1.635,4.330,50.660,-1.022,0.487,327.094,214.637,2.000
68958,1.635,4.330,50.660,-1.022,0.492,327.094,214.333,2.000
68959,1.635,4.330,50.660,-1.022,0.487,327.094,214.333,2.000
68960,1.635,4.330,50.628,-1.030,0.485,327.094,214.333,2.000
68961,1.635,4.330,50.628,-1.034,0.493,327.094,214.333,2.000
68962,1.906,4.404,50.628,-1.034,0.486,327.094,214.333,2.000
68963,1.906,4.404,50.628,-1.038,0.482,327.094,214.333,2.000
68964,1.906,4.404,50.595,-1.045,0.488,326.832,214.333,2.000
68965,1.906,4.404,50.595,-1.045,0.480,326.832,214.637,2.000
68966,1.906,4.404,50.595,-1.049,0.486,326.832,214.637,2.000
68967,1.906,4.404,50.595,-1.045,0.485,326.832,214.637,2.000
68968,1.906,4.404,50.595,-1.056,0.481,326.569,214.637,2.000
68969,1.906,4.404,50.595,-1.053,0.490,326.832,214.637,2.000
68970,1.906,4.404,50.628,-1.060,0.481,326.832,214.637,2.000
68971,1.906,4.404,50.628,-1.064,0.485,326.832,214.637,2.000
68972,2.176,4.243,50.628,-1.072,0.489,326.569,214.637,2.000
68973,2.176,4.243,50.660,-1.068,0.488,326.569,214.637,2.000
68974,2.176,4.243,50.693,-1.068,0.492,326.569,214.637,2.000
68975,2.176,4.243,50.693,-1.072,0.491,326.569,214.637,2.000
68976,2.176,4.243,50.693,-1.068,0.489,326.306,214.637,2.000
68977,2.176,4.243,50.725,-1.072,0.496,326.306,214.637,2.000
68978,2.176,4.243,50.725,-1.075,0.488,326.306,214.637,2.000
68979,2.176,4.243,50.758,-1.072,0.489,326.306,214.637,2.000
68980,2.176,4.243,50.758,-1.079,0.495,326.306,214.942,2.000
68981,2.176,4.243,50.758,-1.079,0.488,326.044,214.637,2.000
68982,1.904,4.087,50.791,-1.079,0.489,326.044,214.942,2.000
68983,1.904,4.087,50.791,-1.079,0.491,326.044,214.942,2.000
68984,1.904,4.087,50.791,-1.075,0.484,325.781,214.942,2.000
68985,1.904,4.087,50.791,-1.079,0.491,325.519,215.246,2.000
68986,1.904,4.087,50.791,-1.079,0.484,325.519,215.246,2.000
68987,1.904,4.087,50.791,-1.072,0.484,325.519,214.942,2.000
68988,1.904,4.087,50.791,-1.079,0.493,325.519,215.246,2.000
68989,1.904,4.087,50.791,-1.072,0.483,325.519,214.942,2.000
68990,1.904,4.087,50.758,-1.072,0.487,325.519,214.942,2.000
68991,1.904,4.087,50.758,-1.072,0.491,325.256,214.942,2.000
68992,1.630,4.068,50.758,-1.068,0.485,324.994,214.942,2.000
68993,1.630,4.068,50.758,-1.072,0.493,324.994,214.637,2.000
68994,1.630,4.068,50.758,-1.068,0.490,324.994,214.637,2.000
68995,1.630,4.068,50.725,-1.068,0.487,324.994,214.942,2.000
68996,1.630,4.068,50.693,-1.068,0.494,324.731,214.637,2.000
68997,1.630,4.068,50.693,-1.064,0.488,324.731,214.333,2.000
68998,1.630,4.068,50.693,-1.068,0.488,324.469,214.333,2.000
68999,1.630,4.068,50.660,-1.060,0.494,324.469,214.942,2.000
69000,1.630,4.068,50.660,-1.064,0.488,324.469,214.637,2.000
69001,1.630,4.068,50.660,-1.064,0.490,324.206,214.637,2.000
69002,1.791,4.044,50.628,-1.064,0.490,324.206,214.942,2.000
69003,1.791,4.044,50.628,-1.064,0.484,324.206,214.942,2.000
69004,1.791,4.044,50.628,-1.068,0.490,323.681,214.637,2.000
69005,1.791,4.044,50.595,-1.068,0.481,323.681,214.028,2.000
69006,1.791,4.044,50.595,-1.064,0.485,323.419,214.333,2.000
69007,1.791,4.044,50.595,-1.068,0.485,323.419,214.028,2.000
69008,1.791,4.044,50.595,-1.068,0.483,323.156,214.028,2.000
69009,1.791,4.044,50.595,-1.072,0.489,323.156,214.028,2.000
69010,1.791,4.044,50.595,-1.072,0.481,323.156,214.333,2.000
69011,1.791,4.044,50.628,-1.072,0.483,323.156,214.333,2.000
69012,1.952,4.101,50.628,-1.075,0.488,322.894,214.028,2.000
69013,1.952,4.101,50.628,-1.075,0.484,322.631,214.028,2.000
69014,1.952,4.101,50.660,-1.079,0.490,322.369,213.724,2.000
69015,1.952,4.101,50.660,-1.083,0.485,322.369,213.724,2.000
69016,1.952,4.101,50.693,-1.087,0.486,322.369,213.724,2.000
69017,1.952,4.101,50.693,-1.090,0.491,322.106,213.724,2.000
69018,1.952,4.101,50.693,-1.083,0.483,322.106,213.724,2.000
69019,1.952,4.101,50.725,-1.090,0.489,322.106,213.724,2.000
69020,1.952,4.101,50.725,-1.094,0.485,322.106,213.724,2.000
69021,1.952,4.101,50.758,-1.102,0.483,322.106,214.028,2.000
69022,1.901,4.161,50.758,-1.102,0.490,321.844,214.333,2.000
69023,1.901,4.161,50.758,-1.106,0.481,321.844,214.637,2.000
69024,1.901,4.161,50.758,-1.106,0.484,321.844,214.637,2.000
69025,1.901,4.161,50.791,-1.106,0.485,321.581,214.637,2.000
69026,1.901,4.161,50.791,-1.113,0.482,321.844,214.333,2.000
69027,1.901,4.161,50.791,-1.117,0.490,321.581,214.333,2.000
69028,1.901,4.161,50.791,-1.117,0.482,321.844,214.333,2.000
69029,1.901,4.161,50.791,-1.124,0.486,321.844,214.333,2.000
69030,1.901,4.161,50.791,-1.124,0.488,321.844,214.333,2.000
69031,1.901,4.161,50.758,-1.124,0.482,321.844,214.333,2.000
69032,1.850,3.950,50.758,-1.132,0.492,321.844,214.333,2.000
69033,1.850,3.950,50.758,-1.132,0.486,321.844,214.333,2.000
69034,1.850,3.950,50.758,-1.128,0.489,321.844,214.333,2.000
69035,1.850,3.950,50.758,-1.132,0.495,322.106,214.333,2.000
69036,1.850,3.950,50.725,-1.128,0.487,322.106,214.637,2.000
69037,1.850,3.950,50.725,-1.128,0.492,322.106,214.637,2.000
69038,1.850,3.950,50.693,-1.132,0.488,322.106,214.637,2.000
69039,1.850,3.950,50.693,-1.132,0.485,322.106,214.333,2.000
69040,1.850,3.950,50.693,-1.128,0.493,322.106,214.637,2.000
69041,1.850,3.950,50.660,-1.132,0.486,322.106,214.637,2.000
69042,1.872,3.738,50.628,-1.136,0.491,322.106,214.333,2.000
69043,1.872,3.738,50.628,-1.132,0.487,322.369,214.333,2.000
69044,1.872,3.738,50.628,-1.128,0.482,322.106,214.333,2.000
69045,1.872,3.738,50.595,-1.132,0.491,322.369,214.637,2.000
69046,1.872,3.738,50.595,-1.132,0.481,322.369,214.637,2.000
69047,1.872,3.738,50.595,-1.128,0.488,322.369,214.637,2.000
69048,1.872,3.738,50.595,-1.132,0.487,322.369,214.637,2.000
69049,1.872,3.738,50.595,-1.124,0.484,322.631,214.637,2.000
69050,1.872,3.738,50.595,-1.124,0.493,322.631,214.637,2.000
69051,1.872,3.738,50.595,-1.128,0.484,322.631,214.333,2.000
69052,1.893,3.580,50.595,-1.124,0.487,322.894,214.333,2.000
69053,1.893,3.580,50.628,-1.124,0.490,322.631,214.637,2.000
69054,1.893,3.580,50.628,-1.124,0.489,322.894,214.333,2.000
69055,1.893,3.580,50.628,-1.121,0.497,323.156,214.637,2.000
69056,1.893,3.580,50.660,-1.121,0.487,323.156,214.637,2.000
69057,1.893,3.580,50.660,-1.117,0.490,323.156,214.637,2.000
69058,1.893,3.580,50.693,-1.121,0.493,323.156,214.333,2.000
69059,1.893,3.580,50.693,-1.121,0.488,323.156,214.333,2.000
69060,1.893,3.580,50.725,-1.117,0.495,323.419,214.637,2.000
69061,1.893,3.580,50.725,-1.117,0.487,323.419,214.637,2.000
69062,1.930,3.423,50.725,-1.121,0.490,323.419,214.637,2.000
69063,1.930,3.423,50.758,-1.121,0.490,323.681,214.637,2.000
69064,1.930,3.423,50.758,-1.121,0.485,323.419,214.637,2.000
69065,1.930,3.423,50.758,-1.124,0.492,323.419,214.333,2.000
69066,1.930,3.423,50.791,-1.124,0.481,323.681,214.637,2.000
69067,1.930,3.423,50.791,-1.128,0.483,323.681,214.333,2.000
69068,1.930,3.423,50.791,-1.128,0.490,323.681,214.637,2.000
69069,1.930,3.423,50.791,-1.132,0.482,323.681,214.637,2.000
69070,1.930,3.423,50.791,-1.136,0.490,323.944,214.942,2.000
69071,1.930,3.423,50.791,-1.136,0.482,323.944,214.637,2.000
69072,1.969,3.584,50.791,-1.140,0.486,323.944,214.637,2.000
69073,1.969,3.584,50.758,-1.140,0.489,323.944,214.333,2.000
69074,1.969,3.584,50.758,-1.140,0.486,323.944,214.333,2.000
69075,1.969,3.584,50.758,-1.143,0.493,324.206,214.637,2.000
69076,1.969,3.584,50.725,-1.143,0.488,324.206,214.637,2.000
69077,1.969,3.584,50.725,-1.151,0.489,324.469,214.637,2.000
69078,1.969,3.584,50.725,-1.151,0.496,324.469,214.637,2.000
69079,1.969,3.584,50.725,-1.159,0.489,324.469,214.637,2.000
69080,1.969,3.584,50.693,-1.162,0.490,324.469,214.637,2.000
69081,1.969,3.584,50.693,-1.162,0.495,324.731,214.637,2.000
69082,1.893,3.744,50.660,-1.162,0.488,324.731,214.637,2.000
69083,1.893,3.744,50.660,-1.166,0.494,324.994,214.637,2.000
69084,1.893,3.744,50.628,-1.174,0.486,324.994,214.942,2.000
69085,1.893,3.744,50.628,-1.178,0.489,324.994,215.246,2.000
69086,1.893,3.744,50.628,-1.174,0.493,324.994,215.246,2.000
69087,1.893,3.744,50.595,-1.185,0.488,325.256,215.246,2.000
69088,1.893,3.744,50.595,-1.185,0.494,325.256,215.550,2.000
69089,1.893,3.744,50.595,-1.185,0.486,325.519,215.246,2.000
69090,1.893,3.744,50.595,-1.189,0.489,325.781,215.246,2.000
69091,1.893,3.744,50.595,-1.189,0.493,325.781,215.246,2.000
69092,1.819,3.746,50.595,-1.189,0.486,325.781,215.246,2.000
69093,1.819,3.746,50.595,-1.189,0.496,326.044,215.246,2.000
69094,1.819,3.746,50.595,-1.189,0.490,326.044,214.942,2.000
69095,1.819,3.746,50.628,-1.189,0.492,326.044,214.942,2.000
69096,1.819,3.746,50.628,-1.193,0.497,326.306,215.246,2.000
69097,1.819,3.746,50.660,-1.185,0.490,326.306,215.855,2.000
69098,1.819,3.746,50.660,-1.189,0.496,326.306,215.855,2.000
69099,1.819,3.746,50.660,-1.193,0.494,326.306,215.550,2.000
69100,1.819,3.746,50.693,-1.185,0.491,326.569,215.550,2.000
69101,1.819,3.746,50.693,-1.181,0.499,326.569,215.550,2.000
69102,1.862,3.744,50.693,-1.185,0.492,326.832,215.550,2.000
69103,1.862,3.744,50.725,-1.189,0.489,326.832,215.855,2.000
69104,1.862,3.744,50.725,-1.185,0.494,326.832,215.855,2.000
69105,1.862,3.744,50.758,-1.189,0.487,326.832,215.855,2.000
69106,1.862,3.744,50.758,-1.181,0.492,326.832,215.855,2.000
69107,1.862,3.744,50.758,-1.185,0.491,327.094,215.855,2.000
69108,1.862,3.744,50.791,-1.181,0.486,327.094,215.855,2.000
69109,1.862,3.744,50.791,-1.181,0.495,327.094,215.855,2.000
69110,1.862,3.744,50.791,-1.181,0.487,327.357,215.855,2.000
69111,1.862,3.744,50.791,-1.181,0.489,327.357,215.855,2.000
69112,1.906,3.866,50.791,-1.178,0.492,327.357,215.855,2.000
69113,1.906,3.866,50.791,-1.170,0.489,327.357,215.550,2.000
69114,1.906,3.866,50.758,-1.174,0.493,327.357,215.550,2.000
69115,1.906,3.866,50.758,-1.174,0.493,327.357,215.246,2.000
69116,1.906,3.866,50.758,-1.170,0.489,327.357,215.246,2.000
69117,1.906,3.866,50.725,-1.178,0.497,327.357,215.246,2.000
69118,1.906,3.866,50.725,-1.174,0.491,327.357,215.550,2.000
69119,1.906,3.866,50.725,-1.178,0.489,327.094,215.246,2.000
69120,1.906,3.866,50.693,-1.178,0.498,327.357,215.246,2.000
69121,1.906,3.866,50.693,-1.170,0.488,327.357,215.246,2.000
69122,1.824,3.989,50.693,-1.181,0.491,327.357,215.246,2.000
69123,1.824,3.989,50.660,-1.185,0.492,327.094,215.246,2.000
69124,1.824,3.989,50.660,-1.178,0.486,327.094,215.550,2.000
69125,1.824,3.989,50.660,-1.185,0.494,326.832,215.550,2.000
69126,1.824,3.989,50.628,-1.193,0.485,326.832,215.550,2.000
69127,1.824,3.989,50.628,-1.189,0.486,326.832,215.550,2.000
69128,1.824,3.989,50.628,-1.193,0.493,326.569,215.246,2.000
69129,1.824,3.989,50.595,-1.193,0.485,326.569,215.246,2.000
69130,1.824,3.989,50.595,-1.200,0.488,326.569,215.246,2.000
69131,1.824,3.989,50.595,-1.197,0.489,326.569,215.246,2.000
69132,1.743,4.063,50.595,-1.197,0.485,326.569,215.246,2.000
69133,1.743,4.063,50.595,-1.204,0.495,326.306,214.942,2.000
69134,1.743,4.063,50.595,-1.204,0.488,326.306,215.246,2.000
69135,1.743,4.063,50.595,-1.208,0.489,326.044,215.246,2.000
69136,1.743,4.063,50.628,-1.216,0.494,326.044,214.942,2.000
69137,1.743,4.063,50.628,-1.208,0.488,326.044,215.550,2.000
69138,1.743,4.063,50.628,-1.208,0.492,326.044,215.246,2.000
69139,1.743,4.063,50.660,-1.219,0.492,325.781,214.942,2.000
69140,1.743,4.063,50.660,-1.219,0.488,325.781,215.246,2.000
69141,1.743,4.063,50.693,-1.223,0.495,325.781,215.246,2.000
69142,1.796,4.134,50.693,-1.223,0.488,325.519,214.942,2.000
69143,1.796,4.134,50.725,-1.231,0.486,325.519,215.246,2.000
69144,1.796,4.134,50.725,-1.242,0.492,325.519,215.246,2.000
69145,1.796,4.134,50.758,-1.242,0.485,325.256,215.246,2.000
69146,1.796,4.134,50.758,-1.238,0.491,325.256,215.550,2.000
69147,1.796,4.134,50.791,-1.242,0.490,325.256,215.550,2.000
69148,1.796,4.134,50.791,-1.242,0.486,324.994,215.550,2.000
69149,1.796,4.134,50.791,-1.250,0.494,324.994,215.550,2.000
69150,1.796,4.134,50.791,-1.246,0.485,324.994,215.550,2.000
69151,1.796,4.134,50.791,-1.242,0.488,324.994,215.550,2.000
69152,1.848,4.129,50.791,-1.246,0.493,324.731,215.550,2.000
69153,1.848,4.129,50.791,-1.238,0.486,324.731,215.246,2.000
69154,1.848,4.129,50.791,-1.242,0.492,324.469,215.246,2.000
69155,1.848,4.129,50.791,-1.238,0.493,324.469,215.246,2.000
69156,1.848,4.129,50.758,-1.246,0.488,324.206,215.246,2.000
69157,1.848,4.129,50.758,-1.242,0.493,324.206,214.942,2.000
69158,1.848,4.129,50.758,-1.235,0.489,324.206,214.942,2.000
69159,1.848,4.129,50.725,-1.246,0.489,323.944,215.246,2.000
69160,1.848,4.129,50.725,-1.242,0.494,323.681,214.942,2.000
69161,1.848,4.129,50.725,-1.242,0.485,323.681,214.637,2.000
69162,1.882,4.123,50.693,-1.238,0.490,323.681,214.637,2.000
69163,1.882,4.123,50.693,-1.238,0.488,323.419,214.942,2.000
69164,1.882,4.123,50.693,-1.235,0.485,323.419,214.942,2.000
69165,1.882,4.123,50.660,-1.235,0.492,323.156,214.942,2.000
69166,1.882,4.123,50.660,-1.238,0.484,323.156,214.637,2.000
69167,1.882,4.123,50.660,-1.235,0.489,322.894,214.942,2.000
69168,1.882,4.123,50.628,-1.235,0.489,322.894,214.942,2.000
69169,1.882,4.123,50.628,-1.231,0.487,322.894,214.942,2.000
69170,1.882,4.123,50.628,-1.231,0.493,322.894,214.942,2.000
69171,1.882,4.123,50.595,-1.227,0.484,322.894,214.637,2.000
69172,1.916,4.268,50.595,-1.223,0.490,322.894,214.333,2.000
69173,1.916,4.268,50.628,-1.219,0.490,322.631,214.637,2.000
69174,1.916,4.268,50.595,-1.231,0.488,322.369,214.637,2.000
69175,1.916,4.268,50.628,-1.227,0.494,322.369,214.637,2.000
69176,1.916,4.268,50.628,-1.223,0.488,322.369,214.637,2.000
69177,1.916,4.268,50.628,-1.227,0.489,322.369,214.637,2.000
69178,1.916,4.268,50.628,-1.231,0.492,322.369,214.333,2.000
69179,1.916,4.268,50.660,-1.227,0.486,322.106,214.333,2.000
69180,1.916,4.268,50.660,-1.235,0.493,322.106,214.637,2.000
69181,1.916,4.268,50.660,-1.238,0.485,322.106,214.637,2.000
69182,1.703,4.416,50.693,-1.231,0.488,322.106,214.333,2.000
69183,1.703,4.416,50.693,-1.235,0.487,322.106,214.333,2.000
69184,1.703,4.416,50.693,-1.242,0.481,322.106,214.333,2.000
69185,1.703,4.416,50.725,-1.246,0.489,321.844,214.942,2.000
69186,1.703,4.416,50.725,-1.246,0.482,321.844,214.942,2.000
69187,1.703,4.416,50.758,-1.238,0.485,321.844,215.246,2.000
69188,1.703,4.416,50.758,-1.250,0.490,321.844,214.942,2.000
69189,1.703,4.416,50.758,-1.250,0.484,321.844,214.637,2.000
69190,1.703,4.416,50.758,-1.246,0.491,321.844,214.333,2.000
69191,1.703,4.416,50.758,-1.250,0.486,322.106,214.637,2.000
69192,1.491,4.423,50.791,-1.269,0.485,322.106,214.637,2.000
69193,1.491,4.423,50.791,-1.250,0.495,321.844,214.637,2.000
69194,1.491,4.423,50.791,-1.269,0.487,322.106,214.637,2.000
69195,1.491,4.423,50.758,-1.265,0.492,321.844,214.942,2.000
69196,1.491,4.423,50.758,-1.269,0.489,322.106,214.637,2.000
69197,1.491,4.423,50.758,-1.269,0.489,322.106,214.637,2.000
69198,1.491,4.423,50.758,-1.269,0.496,322.106,214.637,2.000
69199,1.491,4.423,50.758,-1.273,0.488,322.106,214.637,2.000
69200,1.491,4.423,50.725,-1.292,0.490,322.106,214.637,2.000
69201,1.491,4.423,50.725,-1.280,0.491,322.369,214.637,2.000
69202,1.717,4.424,50.725,-1.288,0.488,322.369,214.637,2.000
69203,1.717,4.424,50.693,-1.288,0.491,322.369,214.637,2.000
69204,1.717,4.424,50.693,-1.284,0.483,322.631,214.637,2.000
69205,1.717,4.424,50.693,-1.288,0.483,322.631,214.942,2.000
69206,1.717,4.424,50.660,-1.288,0.492,322.631,214.637,2.000
69207,1.717,4.424,50.660,-1.288,0.482,322.631,214.637,2.000
69208,1.717,4.424,50.628,-1.299,0.484,322.894,214.942,2.000
69209,1.717,4.424,50.628,-1.292,0.489,322.894,214.637,2.000
69210,1.717,4.424,50.628,-1.296,0.484,322.894,214.333,2.000
69211,1.717,4.424,50.595,-1.292,0.489,323.156,214.637,2.000
69212,1.941,4.314,50.595,-1.288,0.481,323.156,214.637,2.000
69213,1.941,4.314,50.595,-1.299,0.493,323.156,214.637,2.000
69214,1.941,4.314,50.595,-1.288,0.486,323.156,214.637,2.000
69215,1.941,4.314,50.595,-1.288,0.487,323.156,214.637,2.000
69216,1.941,4.314,50.595,-1.292,0.493,323.419,214.637,2.000
69217,1.941,4.314,50.595,-1.288,0.486,323.419,214.637,2.000
69218,1.941,4.314,50.628,-1.284,0.488,323.681,214.637,2.000
69219,1.941,4.314,50.628,-1.292,0.494,323.681,214.333,2.000
69220,1.941,4.314,50.628,-1.280,0.486,323.681,214.028,2.000
69221,1.941,4.314,50.660,-1.284,0.490,323.944,214.333,2.000
69222,1.724,4.210,50.660,-1.284,0.489,323.944,214.333,2.000
69223,1.724,4.210,50.693,-1.284,0.485,323.944,214.637,2.000
69224,1.724,4.210,50.693,-1.280,0.492,324.206,214.637,2.000
69225,1.724,4.210,50.725,-1.280,0.482,324.206,214.637,2.000
69226,1.724,4.210,50.725,-1.284,0.488,324.206,214.637,2.000
69227,1.724,4.210,50.725,-1.280,0.486,324.206,214.942,2.000
69228,1.724,4.210,50.758,-1.273,0.485,324.469,214.942,2.000
69229,1.724,4.210,50.758,-1.280,0.490,324.469,214.637,2.000
69230,1.724,4.210,50.791,-1.276,0.482,324.469,214.637,2.000
69231,1.724,4.210,50.791,-1.276,0.489,324.731,214.637,2.000
69232,1.506,4.270,50.791,-1.276,0.486,324.994,214.942,2.000
69233,1.506,4.270,50.791,-1.284,0.488,324.994,214.942,2.000
69234,1.506,4.270,50.791,-1.276,0.493,324.994,214.333,2.000
69235,1.506,4.270,50.791,-1.280,0.485,324.994,214.333,2.000
69236,1.506,4.270,50.791,-1.273,0.492,324.994,214.333,2.000
69237,1.506,4.270,50.791,-1.284,0.489,325.256,214.333,2.000
69238,1.506,4.270,50.791,-1.280,0.487,325.256,214.333,2.000
69239,1.506,4.270,50.758,-1.288,0.494,325.256,214.333,2.000
69240,1.506,4.270,50.758,-1.288,0.486,325.256,214.333,2.000
69241,1.506,4.270,50.758,-1.284,0.490,325.256,214.333,2.000
69242,1.683,4.326,50.758,-1.292,0.490,325.256,214.028,2.000
69243,1.683,4.326,50.725,-1.292,0.484,325.519,214.333,2.000
69244,1.683,4.326,50.693,-1.299,0.491,325.781,214.637,2.000
69245,1.683,4.326,50.693,-1.299,0.482,325.519,214.637,2.000
69246,1.683,4.326,50.693,-1.299,0.489,325.519,214.637,2.000
69247,1.683,4.326,50.660,-1.303,0.485,325.781,214.333,2.000
69248,1.683,4.326,50.660,-1.307,0.482,326.044,214.637,2.000
69249,1.683,4.326,50.628,-1.307,0.492,326.044,214.637,2.000
69250,1.683,4.326,50.628,-1.315,0.482,326.044,214.333,2.000
69251,1.683,4.326,50.628,-1.307,0.488,326.306,214.637,2.000
69252,1.858,4.276,50.595,-1.322,0.487,326.306,214.942,2.000
69253,1.858,4.276,50.595,-1.322,0.486,326.306,214.942,2.000
69254,1.858,4.276,50.595,-1.318,0.494,326.306,214.637,2.000
69255,1.858,4.276,50.595,-1.322,0.486,326.569,214.637,2.000
69256,1.858,4.276,50.595,-1.330,0.486,326.569,214.637,2.000
69257,1.858,4.276,50.595,-1.330,0.494,326.832,214.637,2.000
69258,1.858,4.276,50.595,-1.337,0.487,326.832,214.637,2.000
69259,1.858,4.276,50.595,-1.330,0.489,327.094,214.637,2.000
69260,1.858,4.276,50.628,-1.337,0.490,326.832,214.637,2.000
69261,1.858,4.276,50.628,-1.341,0.486,327.094,214.637,2.000
69262,1.717,4.229,50.660,-1.337,0.493,327.357,214.637,2.000
69263,1.717,4.229,50.628,-1.345,0.485,327.357,214.942,2.000
69264,1.717,4.229,50.660,-1.341,0.485,327.357,214.942,2.000
69265,1.717,4.229,50.693,-1.341,0.492,327.357,214.942,2.000
69266,1.717,4.229,50.693,-1.341,0.483,327.357,214.942,2.000
69267,1.717,4.229,50.725,-1.341,0.485,327.357,214.942,2.000
69268,1.717,4.229,50.725,-1.337,0.486,327.357,215.246,2.000
69269,1.717,4.229,50.758,-1.341,0.484,327.357,215.246,2.000
69270,1.717,4.229,50.758,-1.345,0.489,327.357,215.246,2.000
69271,1.717,4.229,50.758,-1.337,0.485,327.357,215.246,2.000
69272,1.574,4.246,50.791,-1.337,0.485,327.357,215.246,2.000
69273,1.574,4.246,50.823,-1.345,0.494,327.357,214.942,2.000
69274,1.574,4.246,50.791,-1.341,0.487,327.357,214.942,2.000
69275,1.574,4.246,50.791,-1.337,0.488,327.357,214.942,2.000
69276,1.574,4.246,50.791,-1.334,0.494,327.357,214.942,2.000
69277,1.574,4.246,50.823,-1.337,0.486,327.357,214.942,2.000
69278,1.574,4.246,50.791,-1.337,0.490,327.357,214.942,2.000
69279,1.574,4.246,50.791,-1.330,0.492,327.357,214.942,2.000
69280,1.574,4.246,50.791,-1.326,0.486,327.094,214.942,2.000
69281,1.574,4.246,50.791,-1.337,0.494,327.094,214.942,2.000
69282,1.545,4.260,50.758,-1.330,0.488,327.094,214.942,2.000
69283,1.545,4.260,50.758,-1.330,0.485,327.094,214.942,2.000
69284,1.545,4.260,50.758,-1.326,0.492,327.094,215.246,2.000
69285,1.545,4.260,50.725,-1.326,0.484,327.094,215.246,2.000
69286,1.545,4.260,50.725,-1.322,0.488,326.832,215.246,2.000
69287,1.545,4.260,50.693,-1.326,0.489,326.832,215.246,2.000
69288,1.545,4.260,50.693,-1.330,0.487,326.832,215.550,2.000
69289,1.545,4.260,50.693,-1.318,0.493,326.569,215.246,2.000
69290,1.545,4.260,50.660,-1.330,0.485,326.569,214.942,2.000
69291,1.545,4.260,50.660,-1.326,0.485,326.569,214.942,2.000
69292,1.517,4.178,50.628,-1.330,0.493,326.569,214.942,2.000
69293,1.517,4.178,50.628,-1.326,0.485,326.306,214.942,2.000
69294,1.517,4.178,50.595,-1.334,0.490,326.306,214.942,2.000
69295,1.517,4.178,50.628,-1.334,0.493,326.044,215.246,2.000
69296,1.517,4.178,50.595,-1.334,0.487,326.044,215.246,2.000
69297,1.517,4.178,50.595,-1.334,0.494,325.781,215.246,2.000
69298,1.517,4.178,50.595,-1.334,0.489,325.781,214.942,2.000
69299,1.517,4.178,50.595,-1.341,0.489,325.519,214.942,2.000
69300,1.517,4.178,50.595,-1.341,0.496,325.519,214.942,2.000
69301,1.517,4.178,50.628,-1.349,0.486,325.256,214.637,2.000
69302,1.608,4.093,50.628,-1.337,0.489,325.256,214.942,2.000
69303,1.608,4.093,50.628,-1.357,0.490,325.256,215.246,2.000
69304,1.608,4.093,50.660,-1.353,0.484,324.994,215.246,2.000
69305,1.608,4.093,50.660,-1.357,0.493,324.994,215.246,2.000
69306,1.608,4.093,50.660,-1.360,0.486,324.731,215.246,2.000
69307,1.608,4.093,50.693,-1.357,0.486,324.469,215.550,2.000
69308,1.608,4.093,50.693,-1.368,0.493,324.469,215.550,2.000
69309,1.608,4.093,50.725,-1.368,0.485,324.469,215.550,2.000
69310,1.608,4.093,50.725,-1.372,0.488,324.206,215.246,2.000
69311,1.608,4.093,50.758,-1.372,0.492,324.206,215.246,2.000
69312,1.701,4.322,50.758,-1.376,0.488,324.206,215.246,2.000
69313,1.701,4.322,50.758,-1.380,0.494,324.206,215.246,2.000
69314,1.701,4.322,50.791,-1.380,0.490,323.944,215.550,2.000
69315,1.701,4.322,50.791,-1.380,0.487,323.681,215.246,2.000
69316,1.701,4.322,50.791,-1.387,0.493,323.681,214.637,2.000
69317,1.701,4.322,50.791,-1.391,0.486,323.681,214.637,2.000
69318,1.701,4.322,50.791,-1.391,0.493,323.681,214.942,2.000
69319,1.701,4.322,50.791,-1.391,0.491,323.419,214.942,2.000
69320,1.701,4.322,50.791,-1.399,0.488,323.156,214.637,2.000
69321,1.701,4.322,50.791,-1.403,0.494,323.156,214.637,2.000
69322,1.506,4.554,50.758,-1.395,0.488,323.156,214.637,2.000
69323,1.506,4.554,50.758,-1.391,0.486,323.156,214.637,2.000
69324,1.506,4.554,50.758,-1.391,0.489,322.894,214.942,2.000
69325,1.506,4.554,50.758,-1.391,0.485,322.894,214.942,2.000
69326,1.506,4.554,50.725,-1.387,0.494,322.631,214.942,2.000
69327,1.506,4.554,50.725,-1.399,0.485,322.631,214.942,2.000
69328,1.506,4.554,50.693,-1.387,0.486,322.369,214.942,2.000
69329,1.506,4.554,50.693,-1.383,0.487,322.369,214.942,2.000
69330,1.506,4.554,50.693,-1.380,0.482,322.369,214.942,2.000
69331,1.506,4.554,50.660,-1.383,0.490,322.369,214.637,2.000
69332,1.310,4.386,50.660,-1.380,0.482,322.369,214.637,2.000
69333,1.310,4.386,50.628,-1.399,0.486,322.369,214.333,2.000
69334,1.310,4.386,50.628,-1.395,0.492,322.369,214.333,2.000
69335,1.310,4.386,50.628,-1.391,0.486,322.106,214.333,2.000
69336,1.310,4.386,50.595,-1.383,0.494,322.369,214.333,2.000
69337,1.310,4.386,50.595,-1.387,0.487,322.369,214.333,2.000
69338,1.310,4.386,50.595,-1.391,0.486,322.369,214.333,2.000
69339,1.310,4.386,50.595,-1.380,0.493,322.369,214.333,2.000
69340,1.310,4.386,50.595,-1.383,0.486,322.369,214.333,2.000
69341,1.310,4.386,50.595,-1.376,0.493,322.369,214.333,2.000
69342,1.393,4.215,50.595,-1.380,0.485,322.369,214.333,2.000
69343,1.393,4.215,50.595,-1.380,0.482,322.369,214.333,2.000
69344,1.393,4.215,50.628,-1.372,0.490,322.369,214.333,2.000
69345,1.393,4.215,50.628,-1.372,0.482,322.369,214.333,2.000
69346,1.393,4.215,50.628,-1.376,0.485,322.369,214.637,2.000
69347,1.393,4.215,50.660,-1.380,0.489,322.369,214.942,2.000
69348,1.393,4.215,50.660,-1.383,0.485,322.369,214.942,2.000
69349,1.393,4.215,50.693,-1.383,0.490,322.369,214.942,2.000
69350,1.393,4.215,50.693,-1.391,0.484,322.106,214.942,2.000
69351,1.393,4.215,50.725,-1.387,0.490,322.369,214.942,2.000
69352,1.475,4.519,50.725,-1.387,0.483,322.369,214.942,2.000
69353,1.475,4.519,50.758,-1.383,0.489,322.369,214.637,2.000
69354,1.475,4.519,50.758,-1.391,0.490,322.369,214.333,2.000
69355,1.475,4.519,50.758,-1.387,0.487,322.369,214.333,2.000
69356,1.475,4.519,50.791,-1.395,0.489,322.369,214.637,2.000
69357,1.475,4.519,50.791,-1.399,0.494,322.369,214.333,2.000
69358,1.475,4.519,50.791,-1.399,0.486,322.369,214.333,2.000
69359,1.475,4.519,50.791,-1.399,0.492,322.631,214.637,2.000
69360,1.475,4.519,50.791,-1.399,0.488,322.631,214.637,2.000
69361,1.475,4.519,50.791,-1.406,0.488,322.369,214.333,2.000
69362,1.579,4.823,50.791,-1.410,0.496,322.631,214.637,2.000
69363,1.579,4.823,50.791,-1.410,0.484,322.894,214.942,2.000
69364,1.579,4.823,50.758,-1.414,0.488,322.894,214.637,2.000
69365,1.579,4.823,50.758,-1.418,0.487,322.894,214.637,2.000
69366,1.579,4.823,50.758,-1.418,0.486,322.894,214.637,2.000
69367,1.579,4.823,50.758,-1.422,0.493,322.894,214.942,2.000
69368,1.579,4.823,50.725,-1.426,0.482,322.894,214.637,2.000
69369,1.579,4.823,50.725,-1.433,0.486,322.894,214.637,2.000
69370,1.579,4.823,50.725,-1.433,0.489,323.156,214.637,2.000
69371,1.579,4.823,50.693,-1.433,0.484,323.156,214.637,2.000
69372,1.683,4.715,50.693,-1.437,0.491,323.419,214.637,2.000
69373,1.683,4.715,50.693,-1.441,0.486,323.681,214.637,2.000
69374,1.683,4.715,50.660,-1.441,0.489,323.681,214.637,2.000
69375,1.683,4.715,50.628,-1.441,0.492,323.681,214.637,2.000
69376,1.683,4.715,50.628,-1.441,0.486,323.681,214.333,2.000
69377,1.683,4.715,50.628,-1.441,0.494,323.944,214.637,2.000
69378,1.683,4.715,50.628,-1.445,0.488,323.944,214.942,2.000
69379,1.683,4.715,50.595,-1.445,0.489,324.206,214.333,2.000
69380,1.683,4.715,50.628,-1.445,0.495,324.206,214.028,2.000
69381,1.683,4.715,50.595,-1.445,0.488,324.206,214.333,2.000
69382,1.635,4.607,50.595,-1.441,0.496,324.469,214.637,2.000
69383,1.635,4.607,50.595,-1.449,0.488,324.469,214.942,2.000
69384,1.635,4.607,50.595,-1.441,0.489,324.469,214.942,2.000
69385,1.635,4.607,50.595,-1.445,0.494,324.731,215.246,2.000
69386,1.635,4.607,50.595,-1.441,0.485,324.731,215.246,2.000
69387,1.635,4.607,50.628,-1.441,0.492,324.469,214.637,2.000
69388,1.635,4.607,50.628,-1.445,0.490,324.731,214.637,2.000
69389,1.635,4.607,50.628,-1.441,0.488,324.731,214.942,2.000
69390,1.635,4.607,50.660,-1.441,0.495,324.994,214.942,2.000
69391,1.635,4.607,50.660,-1.441,0.486,324.994,215.246,2.000
69392,1.587,4.312,50.693,-1.437,0.493,325.256,215.246,2.000
69393,1.587,4.312,50.693,-1.437,0.492,325.256,215.246,2.000
69394,1.587,4.312,50.725,-1.437,0.489,325.256,214.942,2.000
69395,1.587,4.312,50.725,-1.433,0.498,325.519,214.942,2.000
69396,1.587,4.312,50.758,-1.437,0.489,325.519,214.942,2.000
69397,1.587,4.312,50.758,-1.433,0.493,325.781,215.246,2.000
69398,1.587,4.312,50.791,-1.429,0.495,325.781,215.246,2.000
69399,1.587,4.312,50.791,-1.433,0.490,326.044,215.246,2.000
69400,1.587,4.312,50.791,-1.426,0.498,326.044,215.246,2.000
69401,1.587,4.312,50.791,-1.426,0.490,326.044,215.246,2.000
69402,1.697,4.016,50.791,-1.426,0.492,326.044,214.942,2.000
69403,1.697,4.016,50.791,-1.429,0.495,326.306,215.246,2.000
69404,1.697,4.016,50.791,-1.429,0.489,326.306,215.855,2.000
69405,1.697,4.016,50.791,-1.429,0.494,326.306,215.855,2.000
69406,1.697,4.016,50.758,-1.433,0.489,326.306,215.855,2.000
69407,1.697,4.016,50.758,-1.429,0.489,326.306,215.855,2.000
69408,1.697,4.016,50.758,-1.433,0.496,326.306,215.855,2.000
69409,1.697,4.016,50.758,-1.433,0.487,326.569,215.855,2.000
69410,1.697,4.016,50.725,-1.437,0.489,326.569,215.855,2.000
69411,1.697,4.016,50.725,-1.437,0.496,326.569,215.855,2.000
69412,1.807,4.077,50.693,-1.441,0.489,326.832,215.855,2.000
69413,1.807,4.077,50.693,-1.441,0.493,326.832,215.246,2.000
69414,1.807,4.077,50.693,-1.445,0.492,326.832,214.942,2.000
69415,1.807,4.077,50.660,-1.445,0.490,326.832,215.246,2.000
69416,1.807,4.077,50.660,-1.449,0.497,326.832,215.246,2.000
69417,1.807,4.077,50.628,-1.452,0.489,326.832,215.246,2.000
69418,1.807,4.077,50.628,-1.456,0.491,327.094,215.246,2.000
69419,1.807,4.077,50.628,-1.460,0.496,327.094,214.942,2.000
69420,1.807,4.077,50.595,-1.464,0.488,326.832,214.637,2.000
69421,1.807,4.077,50.595,-1.468,0.492,326.832,214.942,2.000
69422,1.808,4.139,50.595,-1.468,0.492,326.832,214.942,2.000
69423,1.808,4.139,50.595,-1.472,0.486,327.094,215.246,2.000
69424,1.808,4.139,50.595,-1.472,0.492,326.832,215.550,2.000
69425,1.808,4.139,50.595,-1.479,0.484,327.094,215.246,2.000
69426,1.808,4.139,50.595,-1.483,0.486,327.094,215.246,2.000
69427,1.808,4.139,50.595,-1.487,0.492,326.832,215.246,2.000
69428,1.808,4.139,50.628,-1.487,0.485,326.832,215.550,2.000
69429,1.808,4.139,50.628,-1.491,0.489,326.832,215.246,2.000
69430,1.808,4.139,50.628,-1.495,0.488,326.832,215.550,2.000
69431,1.808,4.139,50.628,-1.495,0.486,326.832,215.550,2.000
69432,1.808,4.254,50.660,-1.495,0.493,326.832,215.550,2.000
69433,1.808,4.254,50.693,-1.495,0.488,326.832,215.246,2.000
69434,1.808,4.254,50.693,-1.499,0.490,326.832,215.550,2.000
69435,1.808,4.254,50.725,-1.495,0.497,326.832,215.246,2.000
69436,1.808,4.254,50.725,-1.499,0.489,326.569,215.246,2.000
69437,1.808,4.254,50.758,-1.499,0.493,326.569,215.550,2.000
69438,1.808,4.254,50.758,-1.499,0.493,326.832,215.550,2.000
69439,1.808,4.254,50.758,-1.499,0.490,326.832,215.550,2.000
69440,1.808,4.254,50.791,-1.502,0.497,326.569,215.550,2.000
69441,1.808,4.254,50.791,-1.499,0.491,326.306,215.550,2.000
69442,1.785,4.368,50.791,-1.495,0.491,326.306,215.855,2.000
69443,1.785,4.368,50.791,-1.495,0.497,326.306,215.855,2.000
69444,1.785,4.368,50.823,-1.495,0.487,326.306,215.246,2.000
69445,1.785,4.368,50.823,-1.495,0.490,326.044,215.550,2.000
69446,1.785,4.368,50.791,-1.491,0.491,326.044,215.550,2.000
69447,1.785,4.368,50.791,-1.495,0.485,325.781,215.550,2.000
69448,1.785,4.368,50.791,-1.495,0.493,325.781,215.550,2.000
69449,1.785,4.368,50.791,-1.491,0.485,325.519,215.246,2.000
69450,1.785,4.368,50.758,-1.487,0.486,325.519,215.550,2.000
69451,1.785,4.368,50.758,-1.487,0.492,325.519,215.550,2.000
69452,1.763,4.330,50.725,-1.487,0.484,325.519,215.550,2.000
69453,1.763,4.330,50.725,-1.491,0.492,325.519,215.246,2.000
69454,1.763,4.330,50.725,-1.483,0.488,325.519,215.246,2.000
69455,1.763,4.330,50.693,-1.483,0.486,325.256,215.246,2.000
69456,1.763,4.330,50.660,-1.491,0.495,324.994,214.942,2.000
69457,1.763,4.330,50.660,-1.483,0.486,324.994,214.942,2.000
69458,1.763,4.330,50.660,-1.483,0.489,324.994,214.942,2.000
69459,1.763,4.330,50.628,-1.475,0.492,324.994,215.246,2.000
69460,1.763,4.330,50.628,-1.475,0.487,324.731,215.246,2.000
69461,1.763,4.330,50.595,-1.487,0.494,324.469,214.942,2.000
69462,1.681,4.293,50.595,-1.483,0.486,324.206,215.246,2.000
69463,1.681,4.293,50.595,-1.487,0.488,324.206,215.550,2.000
69464,1.681,4.293,50.595,-1.487,0.492,324.206,215.550,2.000
69465,1.681,4.293,50.595,-1.487,0.486,324.206,214.942,2.000
69466,1.681,4.293,50.595,-1.491,0.492,323.944,215.246,2.000
69467,1.681,4.293,50.595,-1.491,0.485,323.681,214.637,2.000
69468,1.681,4.293,50.595,-1.495,0.486,323.681,214.637,2.000
69469,1.681,4.293,50.628,-1.499,0.492,323.419,215.246,2.000
69470,1.681,4.293,50.628,-1.499,0.484,323.156,214.942,2.000
69471,1.681,4.293,50.628,-1.502,0.490,323.156,215.246,2.000
69472,1.601,4.262,50.628,-1.499,0.486,322.894,215.246,2.000
69473,1.601,4.262,50.660,-1.502,0.488,322.894,215.246,2.000
69474,1.601,4.262,50.660,-1.506,0.494,322.894,214.942,2.000
69475,1.601,4.262,50.693,-1.510,0.486,322.631,214.942,2.000
69476,1.601,4.262,50.693,-1.518,0.492,322.631,214.637,2.000
69477,1.601,4.262,50.725,-1.514,0.488,322.369,214.637,2.000
69478,1.601,4.262,50.725,-1.522,0.487,322.369,214.637,2.000
69479,1.601,4.262,50.725,-1.518,0.494,322.369,214.333,2.000
69480,1.601,4.262,50.758,-1.522,0.487,322.369,214.637,2.000
69481,1.601,4.262,50.758,-1.525,0.491,322.106,214.637,2.000
69482,1.587,4.229,50.791,-1.529,0.490,322.106,214.637,2.000
69483,1.587,4.229,50.791,-1.537,0.484,322.106,214.637,2.000
69484,1.587,4.229,50.791,-1.533,0.486,322.106,214.637,2.000
69485,1.587,4.229,50.791,-1.537,0.489,322.106,214.942,2.000
69486,1.587,4.229,50.823,-1.541,0.484,322.106,214.942,2.000
69487,1.587,4.229,50.791,-1.541,0.490,321.844,214.942,2.000
69488,1.587,4.229,50.791,-1.549,0.481,321.844,214.942,2.000
69489,1.587,4.229,50.791,-1.549,0.485,321.844,214.942,2.000
69490,1.587,4.229,50.791,-1.549,0.489,321.844,214.942,2.000
69491,1.587,4.229,50.758,-1.549,0.483,321.844,214.637,2.000
69492,1.571,4.107,50.758,-1.552,0.489,322.106,214.942,2.000
69493,1.571,4.107,50.758,-1.549,0.486,322.106,214.637,2.000
69494,1.571,4.107,50.725,-1.552,0.486,322.106,214.333,2.000
69495,1.571,4.107,50.725,-1.552,0.492,322.106,214.637,2.000
69496,1.571,4.107,50.725,-1.549,0.485,322.106,214.637,2.000
69497,1.571,4.107,50.693,-1.549,0.490,322.106,214.637,2.000
69498,1.571,4.107,50.693,-1.545,0.489,322.106,214.637,2.000
69499,1.571,4.107,50.660,-1.545,0.486,322.106,214.333,2.000
69500,1.571,4.107,50.660,-1.545,0.494,322.369,214.333,2.000
69501,1.571,4.107,50.660,-1.549,0.485,322.106,214.637,2.000
69502,1.587,3.987,50.628,-1.556,0.489,322.106,214.637,2.000
69503,1.587,3.987,50.628,-1.545,0.488,322.369,214.637,2.000
69504,1.587,3.987,50.595,-1.541,0.482,322.369,214.333,2.000
69505,1.587,3.987,50.595,-1.549,0.491,322.369,214.333,2.000
69506,1.587,3.987,50.595,-1.549,0.482,322.369,214.637,2.000
69507,1.587,3.987,50.595,-1.545,0.488,322.369,214.637,2.000
69508,1.587,3.987,50.595,-1.545,0.488,322.369,214.637,2.000
69509,1.587,3.987,50.595,-1.541,0.483,322.631,214.637,2.000
69510,1.587,3.987,50.595,-1.537,0.490,322.631,214.637,2.000
69511,1.587,3.987,50.628,-1.537,0.484,322.631,214.942,2.000
69512,1.602,3.984,50.595,-1.537,0.484,322.631,214.637,2.000
69513,1.602,3.984,50.628,-1.529,0.488,322.894,214.637,2.000
69514,1.602,3.984,50.628,-1.537,0.484,322.894,214.333,2.000
69515,1.602,3.984,50.660,-1.525,0.494,322.894,214.028,2.000
69516,1.602,3.984,50.660,-1.537,0.486,322.894,214.333,2.000
69517,1.602,3.984,50.660,-1.533,0.486,322.894,214.333,2.000
69518,1.602,3.984,50.693,-1.529,0.493,323.156,214.333,2.000
69519,1.602,3.984,50.725,-1.537,0.484,323.156,214.333,2.000
69520,1.602,3.984,50.725,-1.537,0.492,323.156,214.333,2.000
69521,1.602,3.984,50.725,-1.537,0.486,323.156,214.333,2.000
69522,1.577,3.981,50.758,-1.545,0.484,323.156,214.333,2.000
69523,1.577,3.981,50.758,-1.549,0.490,323.419,214.333,2.000
69524,1.577,3.981,50.758,-1.533,0.482,323.419,214.637,2.000
69525,1.577,3.981,50.791,-1.549,0.485,323.419,214.637,2.000
69526,1.577,3.981,50.791,-1.545,0.486,323.681,214.637,2.000
69527,1.577,3.981,50.791,-1.549,0.482,323.419,214.637,2.000
69528,1.577,3.981,50.791,-1.552,0.490,323.419,214.637,2.000
69529,1.577,3.981,50.791,-1.541,0.482,323.681,214.637,2.000
69530,1.577,3.981,50.791,-1.556,0.484,323.681,214.637,2.000
69531,1.577,3.981,50.791,-1.556,0.488,323.681,214.637,2.000
69532,1.553,3.959,50.758,-1.564,0.481,323.681,214.637,2.000
69533,1.553,3.959,50.758,-1.564,0.493,323.944,214.637,2.000
69534,1.553,3.959,50.758,-1.560,0.488,324.206,214.637,2.000
69535,1.553,3.959,50.758,-1.568,0.486,324.206,214.333,2.000
69536,1.553,3.959,50.725,-1.564,0.492,324.206,214.333,2.000
69537,1.553,3.959,50.725,-1.572,0.485,323.944,214.637,2.000
69538,1.553,3.959,50.693,-1.576,0.490,324.206,214.637,2.000
69539,1.553,3.959,50.693,-1.579,0.486,324.469,214.333,2.000
69540,1.553,3.959,50.693,-1.579,0.486,324.469,214.637,2.000
69541,1.553,3.959,50.660,-1.583,0.493,324.731,214.333,2.000
69542,1.598,3.937,50.628,-1.583,0.486,324.731,214.333,2.000
69543,1.598,3.937,50.628,-1.595,0.487,324.731,214.333,2.000
69544,1.598,3.937,50.628,-1.595,0.484,324.994,214.637,2.000
69545,1.598,3.937,50.595,-1.599,0.482,324.994,214.637,2.000
69546,1.598,3.937,50.595,-1.595,0.488,325.256,214.637,2.000
69547,1.598,3.937,50.595,-1.603,0.481,325.256,214.637,2.000
69548,1.598,3.937,50.595,-1.603,0.485,325.256,214.637,2.000
69549,1.598,3.937,50.595,-1.595,0.486,325.519,214.637,2.000
69550,1.598,3.937,50.595,-1.603,0.484,325.519,214.333,2.000
69551,1.598,3.937,50.595,-1.599,0.489,325.519,214.637,2.000
69552,1.642,3.877,50.595,-1.603,0.482,325.781,214.637,2.000
69553,1.642,3.877,50.595,-1.599,0.488,326.044,214.333,2.000
69554,1.642,3.877,50.595,-1.599,0.490,326.044,214.333,2.000
69555,1.642,3.877,50.628,-1.595,0.487,326.044,214.637,2.000
69556,1.642,3.877,50.628,-1.599,0.493,326.044,214.942,2.000
69557,1.642,3.877,50.660,-1.595,0.486,326.044,214.942,2.000
69558,1.642,3.877,50.660,-1.603,0.488,326.306,214.942,2.000
69559,1.642,3.877,50.693,-1.595,0.493,326.569,214.942,2.000
69560,1.642,3.877,50.693,-1.591,0.485,326.569,215.246,2.000
69561,1.642,3.877,50.693,-1.595,0.491,326.569,214.942,2.000
69562,1.598,3.819,50.725,-1.595,0.492,326.569,215.246,2.000
69563,1.598,3.819,50.725,-1.595,0.484,326.569,215.246,2.000
69564,1.598,3.819,50.758,-1.595,0.490,326.832,215.246,2.000
69565,1.598,3.819,50.758,-1.595,0.482,326.832,215.246,2.000
69566,1.598,3.819,50.758,-1.595,0.485,327.094,215.246,2.000
69567,1.598,3.819,50.791,-1.595,0.490,327.094,215.246,2.000
69568,1.598,3.819,50.791,-1.591,0.484,327.094,215.246,2.000
69569,1.598,3.819,50.791,-1.583,0.491,327.094,215.246,2.000
69570,1.598,3.819,50.791,-1.583,0.486,327.094,215.550,2.000
69571,1.598,3.819,50.791,-1.587,0.484,327.094,215.246,2.000
69572,1.551,3.749,50.791,-1.579,0.490,327.094,215.246,2.000
69573,1.551,3.749,50.791,-1.587,0.486,327.094,214.942,2.000
69574,1.551,3.749,50.758,-1.583,0.488,327.357,215.246,2.000
69575,1.551,3.749,50.758,-1.591,0.493,327.357,215.246,2.000
69576,1.551,3.749,50.758,-1.583,0.486,327.094,215.246,2.000
69577,1.551,3.749,50.725,-1.579,0.492,326.832,215.246,2.000
69578,1.551,3.749,50.725,-1.591,0.490,327.094,214.942,2.000
69579,1.551,3.749,50.725,-1.587,0.485,327.094,214.942,2.000
69580,1.551,3.749,50.693,-1.595,0.494,327.094,214.942,2.000
69581,1.551,3.749,50.693,-1.591,0.486,326.832,214.942,2.000
69582,1.543,3.680,50.693,-1.587,0.488,326.832,214.942,2.000
69583,1.543,3.680,50.660,-1.595,0.490,326.832,214.942,2.000
69584,1.543,3.680,50.660,-1.603,0.482,326.832,214.942,2.000
69585,1.543,3.680,50.628,-1.603,0.488,326.569,214.942,2.000
69586,1.543,3.680,50.628,-1.606,0.485,326.569,214.942,2.000
69587,1.543,3.680,50.628,-1.606,0.482,326.569,214.942,2.000
69588,1.543,3.680,50.595,-1.603,0.490,326.306,215.246,2.000
69589,1.543,3.680,50.595,-1.614,0.482,326.306,215.246,2.000
69590,1.543,3.680,50.595,-1.618,0.485,326.044,215.246,2.000
69591,1.543,3.680,50.595,-1.614,0.489,326.044,215.246,2.000
69592,1.536,3.721,50.595,-1.618,0.484,326.044,215.246,2.000
69593,1.536,3.721,50.595,-1.622,0.492,326.044,214.942,2.000
69594,1.536,3.721,50.595,-1.614,0.491,326.044,214.942,2.000
69595,1.536,3.721,50.595,-1.626,0.487,326.044,214.942,2.000
69596,1.536,3.721,50.628,-1.630,0.495,325.781,214.942,2.000
69597,1.536,3.721,50.628,-1.634,0.487,325.519,214.942,2.000
69598,1.536,3.721,50.660,-1.630,0.489,325.519,214.942,2.000
69599,1.536,3.721,50.660,-1.637,0.494,325.519,214.942,2.000
69600,1.536,3.721,50.660,-1.637,0.488,325.519,214.942,2.000
69601,1.536,3.721,50.693,-1.645,0.492,325.519,214.942,2.000
69602,1.503,3.763,50.693,-1.641,0.489,325.256,214.942,2.000
69603,1.503,3.763,50.725,-1.645,0.484,325.256,214.942,2.000
69604,1.503,3.763,50.725,-1.645,0.490,325.256,214.942,2.000
69605,1.503,3.763,50.758,-1.645,0.481,325.256,214.942,2.000
69606,1.503,3.763,50.758,-1.641,0.483,325.256,215.246,2.000
69607,1.503,3.763,50.758,-1.645,0.490,324.994,214.942,2.000
69608,1.503,3.763,50.758,-1.649,0.482,324.731,214.942,2.000
69609,1.503,3.763,50.791,-1.649,0.486,324.731,214.942,2.000
69610,1.503,3.763,50.791,-1.649,0.485,324.731,214.942,2.000
69611,1.503,3.763,50.791,-1.649,0.482,324.469,214.942,2.000
69612,1.471,3.377,50.791,-1.653,0.489,324.206,215.246,2.000
69613,1.471,3.377,50.791,-1.645,0.484,324.206,214.942,2.000
69614,1.471,3.377,50.791,-1.641,0.486,324.206,214.942,2.000
69615,1.471,3.377,50.791,-1.645,0.492,324.206,214.942,2.000
69616,1.471,3.377,50.758,-1.645,0.490,323.944,214.637,2.000
69617,1.471,3.377,50.758,-1.649,0.486,323.681,214.637,2.000
69618,1.471,3.377,50.758,-1.637,0.491,323.681,214.028,2.000
69619,1.471,3.377,50.758,-1.637,0.485,323.681,214.028,2.000
69620,1.471,3.377,50.725,-1.637,0.494,323.681,214.028,2.000
69621,1.471,3.377,50.725,-1.634,0.485,323.419,214.028,2.000
69622,1.402,2.992,50.693,-1.634,0.485,323.419,214.028,2.000
69623,1.402,2.992,50.693,-1.641,0.488,323.156,214.028,2.000
69624,1.402,2.992,50.693,-1.626,0.482,323.156,214.333,2.000
69625,1.402,2.992,50.660,-1.630,0.482,323.156,214.637,2.000
69626,1.402,2.992,50.660,-1.637,0.489,323.156,214.637,2.000
69627,1.402,2.992,50.660,-1.630,0.480,322.894,214.637,2.000
69628,1.402,2.992,50.628,-1.630,0.485,322.894,214.333,2.000
69629,1.402,2.992,50.628,-1.634,0.484,322.631,214.333,2.000
69630,1.402,2.992,50.595,-1.630,0.481,322.631,214.637,2.000
69631,1.402,2.992,50.628,-1.634,0.490,322.631,214.637,2.000
69632,1.336,3.271,50.595,-1.630,0.481,322.369,214.333,2.000
69633,1.336,3.271,50.595,-1.637,0.486,322.369,214.333,2.000
69634,1.336,3.271,50.595,-1.634,0.488,322.369,214.333,2.000
69635,1.336,3.271,50.595,-1.626,0.485,322.369,214.333,2.000
69636,1.336,3.271,50.595,-1.630,0.492,322.369,214.028,2.000
69637,1.336,3.271,50.628,-1.630,0.485,322.106,214.333,2.000
69638,1.336,3.271,50.628,-1.641,0.489,322.106,214.333,2.000
69639,1.336,3.271,50.628,-1.634,0.490,322.106,214.333,2.000
69640,1.336,3.271,50.628,-1.637,0.485,322.106,214.028,2.000
69641,1.336,3.271,50.660,-1.641,0.493,321.844,214.028,2.000
69642,1.508,3.546,50.660,-1.645,0.484,321.844,214.028,2.000
69643,1.508,3.546,50.693,-1.641,0.485,321.844,214.028,2.000
69644,1.508,3.546,50.693,-1.645,0.485,321.844,214.028,2.000
69645,1.508,3.546,50.725,-1.649,0.481,321.844,214.333,2.000
69646,1.508,3.546,50.725,-1.653,0.488,321.844,214.333,2.000
69647,1.508,3.546,50.758,-1.653,0.481,321.844,214.028,2.000
69648,1.508,3.546,50.758,-1.653,0.482,321.844,214.637,2.000
69649,1.508,3.546,50.758,-1.657,0.486,321.844,214.637,2.000
69650,1.508,3.546,50.791,-1.665,0.478,321.844,214.333,2.000
69651,1.508,3.546,50.791,-1.661,0.484,321.844,214.637,2.000
69652,1.678,3.801,50.791,-1.665,0.482,321.844,214.637,2.000
69653,1.678,3.801,50.791,-1.668,0.485,321.844,214.028,2.000
69654,1.678,3.801,50.791,-1.676,0.491,322.106,214.028,2.000
69655,1.678,3.801,50.791,-1.676,0.483,322.106,214.028,2.000
69656,1.678,3.801,50.791,-1.684,0.486,322.106,213.724,2.000
69657,1.678,3.801,50.758,-1.680,0.489,322.106,213.724,2.000
69658,1.678,3.801,50.791,-1.684,0.485,322.106,214.028,2.000
69659,1.678,3.801,50.758,-1.680,0.491,322.369,214.028,2.000
69660,1.678,3.801,50.758,-1.688,0.486,322.631,214.333,2.000
69661,1.678,3.801,50.725,-1.684,0.488,322.631,214.333,2.000
69662,1.526,4.060,50.725,-1.688,0.491,322.631,214.333,2.000
69663,1.526,4.060,50.725,-1.692,0.482,322.631,214.333,2.000
69664,1.526,4.060,50.693,-1.692,0.488,322.631,214.637,2.000
69665,1.526,4.060,50.693,-1.684,0.481,322.894,214.637,2.000
69666,1.526,4.060,50.660,-1.688,0.483,322.894,214.333,2.000
69667,1.526,4.060,50.660,-1.688,0.488,323.156,214.333,2.000
69668,1.526,4.060,50.628,-1.692,0.481,322.894,214.333,2.000
69669,1.526,4.060,50.628,-1.684,0.489,322.894,214.333,2.000
69670,1.526,4.060,50.628,-1.680,0.480,322.894,214.333,2.000
69671,1.526,4.060,50.595,-1.688,0.484,323.156,214.333,2.000
69672,1.375,3.910,50.595,-1.684,0.488,323.156,214.333,2.000
69673,1.375,3.910,50.595,-1.684,0.482,323.156,214.333,2.000
69674,1.375,3.910,50.595,-1.684,0.492,323.419,214.028,2.000
69675,1.375,3.910,50.595,-1.680,0.484,323.419,214.028,2.000
69676,1.375,3.910,50.595,-1.680,0.486,323.681,214.028,2.000
69677,1.375,3.910,50.595,-1.680,0.488,323.419,214.028,2.000
69678,1.375,3.910,50.628,-1.680,0.485,323.681,214.028,2.000
69679,1.375,3.910,50.628,-1.676,0.492,323.944,214.028,2.000
69680,1.375,3.910,50.628,-1.672,0.484,323.944,214.028,2.000
69681,1.375,3.910,50.628,-1.684,0.488,323.944,214.028,2.000
69682,1.472,3.757,50.660,-1.672,0.488,323.944,214.028,2.000
69683,1.472,3.757,50.660,-1.676,0.481,324.206,214.333,2.000
69684,1.472,3.757,50.693,-1.665,0.488,324.206,214.333,2.000
69685,1.472,3.757,50.693,-1.672,0.480,324.469,214.333,2.000
69686,1.472,3.757,50.725,-1.665,0.485,324.469,214.333,2.000
69687,1.472,3.757,50.725,-1.661,0.486,324.731,214.333,2.000
69688,1.472,3.757,50.725,-1.676,0.482,324.469,214.333,2.000
69689,1.472,3.757,50.758,-1.676,0.488,324.731,214.333,2.000
69690,1.472,3.757,50.758,-1.676,0.480,324.731,214.333,2.000
69691,1.472,3.757,50.758,-1.665,0.481,324.731,214.028,2.000
69692,1.570,3.787,50.791,-1.672,0.485,324.731,214.028,2.000
69693,1.570,3.787,50.791,-1.672,0.483,324.994,214.028,2.000
69694,1.570,3.787,50.791,-1.676,0.486,324.994,214.637,2.000
69695,1.570,3.787,50.791,-1.684,0.483,325.256,214.333,2.000
69696,1.570,3.787,50.791,-1.680,0.482,325.256,214.637,2.000
69697,1.570,3.787,50.791,-1.676,0.489,325.256,214.637,2.000
69698,1.570,3.787,50.758,-1.696,0.481,324.994,214.942,2.000
69699,1.570,3.787,50.758,-1.688,0.484,325.256,214.942,2.000
69700,1.570,3.787,50.758,-1.696,0.485,325.519,214.942,2.000
69701,1.570,3.787,50.758,-1.699,0.481,325.519,214.942,2.000
69702,1.508,3.820,50.725,-1.699,0.489,325.519,214.637,2.000
69703,1.508,3.820,50.725,-1.684,0.478,325.519,214.942,2.000
69704,1.508,3.820,50.725,-1.699,0.484,325.781,214.942,2.000
69705,1.508,3.820,50.693,-1.703,0.485,325.781,214.942,2.000
69706,1.508,3.820,50.693,-1.703,0.481,326.044,215.246,2.000
69707,1.508,3.820,50.660,-1.707,0.489,326.044,215.246,2.000
69708,1.508,3.820,50.660,-1.707,0.481,326.044,215.246,2.000
69709,1.508,3.820,50.660,-1.711,0.486,326.044,215.550,2.000
69710,1.508,3.820,50.628,-1.719,0.488,326.306,215.550,2.000
69711,1.508,3.820,50.595,-1.715,0.482,326.306,216.159,2.000
69712,1.444,3.546,50.595,-1.715,0.492,326.306,216.159,2.000
69713,1.444,3.546,50.595,-1.727,0.488,326.569,216.159,2.000
69714,1.444,3.546,50.595,-1.730,0.489,326.832,216.159,2.000
69715,1.444,3.546,50.595,-1.730,0.496,326.832,216.159,2.000
69716,1.444,3.546,50.595,-1.734,0.490,327.094,216.464,2.000
69717,1.444,3.546,50.595,-1.742,0.496,327.094,216.464,2.000
69718,1.444,3.546,50.595,-1.730,0.492,327.094,216.464,2.000
69719,1.444,3.546,50.595,-1.723,0.490,327.094,216.768,2.000
69720,1.444,3.546,50.595,-1.734,0.498,327.357,217.073,2.000
69721,1.444,3.546,50.595,-1.746,0.491,327.357,217.073,2.000
69722,1.457,3.270,50.628,-1.738,0.496,327.357,217.377,2.000
69723,1.457,3.270,50.628,-1.742,0.494,327.357,217.682,2.000
69724,1.457,3.270,50.660,-1.730,0.493,327.357,217.986,2.000
69725,1.457,3.270,50.693,-1.738,0.501,327.619,218.290,2.000
69726,1.457,3.270,50.693,-1.727,0.493,327.619,218.290,2.000
69727,1.457,3.270,50.693,-1.730,0.499,327.619,218.595,2.000
69728,1.457,3.270,50.725,-1.742,0.499,327.619,218.595,2.000
69729,1.457,3.270,50.758,-1.730,0.496,327.357,218.595,2.000
69730,1.457,3.270,50.758,-1.734,0.505,327.357,218.899,2.000
69731,1.457,3.270,50.758,-1.738,0.497,327.357,219.204,2.000
69732,1.469,3.252,50.791,-1.734,0.502,327.357,219.508,2.000
69733,1.469,3.252,50.791,-1.727,0.506,327.357,219.508,2.000
69734,1.469,3.252,50.791,-1.730,0.500,327.619,219.508,2.000
69735,1.469,3.252,50.791,-1.730,0.509,327.619,219.508,2.000
69736,1.469,3.252,50.791,-1.730,0.501,327.619,219.508,2.000
69737,1.469,3.252,50.791,-1.730,0.506,327.357,219.813,2.000
69738,1.469,3.252,50.791,-1.727,0.509,327.357,220.117,2.000
69739,1.469,3.252,50.791,-1.723,0.504,327.357,220.117,2.000
69740,1.469,3.252,50.791,-1.727,0.512,327.357,220.422,2.000
69741,1.469,3.252,50.758,-1.719,0.504,327.357,220.422,2.000
69742,1.483,3.237,50.758,-1.723,0.506,327.357,220.422,2.000
69743,1.483,3.237,50.758,-1.723,0.510,327.094,220.726,2.000
69744,1.483,3.237,50.725,-1.723,0.507,327.094,221.031,2.000
69745,1.483,3.237,50.758,-1.719,0.514,327.094,221.031,2.000
69746,1.483,3.237,50.725,-1.723,0.507,327.094,221.335,2.000
69747,1.483,3.237,50.693,-1.723,0.514,326.832,221.335,2.000
69748,1.483,3.237,50.693,-1.727,0.514,326.832,221.335,2.000
69749,1.483,3.237,50.693,-1.730,0.510,326.569,221.335,2.000
69750,1.483,3.237,50.660,-1.723,0.521,326.569,221.335,2.000
69751,1.483,3.237,50.660,-1.727,0.513,326.569,221.335,2.000
69752,1.497,3.538,50.628,-1.734,0.518,326.306,221.639,2.000
69753,1.497,3.538,50.628,-1.734,0.517,326.044,221.335,2.000
69754,1.497,3.538,50.595,-1.734,0.514,326.306,221.335,2.000
69755,1.497,3.538,50.595,-1.738,0.521,326.044,221.639,2.000
69756,1.497,3.538,50.595,-1.738,0.517,326.044,221.639,2.000
69757,1.497,3.538,50.595,-1.746,0.516,325.781,221.639,2.000
69758,1.497,3.538,50.595,-1.746,0.522,325.519,221.639,2.000
69759,1.497,3.538,50.595,-1.750,0.514,325.519,221.639,2.000
69760,1.497,3.538,50.595,-1.750,0.520,325.519,221.639,2.000
69761,1.497,3.538,50.595,-1.754,0.513,325.519,221.944,2.000
69762,1.573,3.841,50.595,-1.754,0.522,325.256,221.944,2.000
69763,1.573,3.841,50.595,-1.758,0.514,325.256,222.248,2.000
69764,1.573,3.841,50.628,-1.765,0.517,324.994,222.553,2.000
69765,1.573,3.841,50.628,-1.769,0.516,324.994,222.553,2.000
69766,1.573,3.841,50.660,-1.773,0.513,324.994,222.248,2.000
69767,1.573,3.841,50.660,-1.769,0.518,324.731,222.248,2.000
69768,1.573,3.841,50.693,-1.777,0.513,324.731,222.248,2.000
69769,1.573,3.841,50.693,-1.781,0.514,324.469,222.248,2.000
69770,1.573,3.841,50.725,-1.777,0.519,324.469,222.248,2.000
69771,1.573,3.841,50.725,-1.785,0.513,324.206,222.553,2.000
69772,1.650,3.831,50.758,-1.785,0.519,324.206,222.553,2.000
69773,1.650,3.831,50.758,-1.789,0.514,324.206,222.553,2.000
69774,1.650,3.831,50.758,-1.793,0.517,324.206,222.248,2.000
69775,1.650,3.831,50.791,-1.789,0.522,323.944,222.553,2.000
69776,1.650,3.831,50.791,-1.789,0.515,323.944,222.553,2.000
69777,1.650,3.831,50.791,-1.797,0.525,323.944,222.553,2.000
69778,1.650,3.831,50.791,-1.789,0.514,323.681,222.248,2.000
69779,1.650,3.831,50.791,-1.797,0.523,323.419,222.248,2.000
69780,1.650,3.831,50.823,-1.797,0.518,323.419,222.857,2.000
69781,1.650,3.831,50.791,-1.793,0.521,323.419,222.857,2.000
69782,1.540,3.825,50.791,-1.789,0.522,323.156,222.553,2.000
69783,1.540,3.825,50.758,-1.793,0.519,323.156,223.162,2.000
69784,1.540,3.825,50.758,-1.789,0.525,322.894,223.466,2.000
69785,1.540,3.825,50.758,-1.793,0.520,322.894,223.466,2.000
69786,1.540,3.825,50.758,-1.789,0.527,322.894,223.771,2.000
69787,1.540,3.825,50.725,-1.793,0.522,322.631,224.075,2.000
69788,1.540,3.825,50.725,-1.789,0.528,322.631,224.075,2.000
69789,1.540,3.825,50.693,-1.789,0.521,322.369,224.075,2.000
69790,1.540,3.825,50.693,-1.785,0.529,322.369,224.075,2.000
69791,1.540,3.825,50.660,-1.789,0.524,322.369,224.075,2.000
69792,1.430,4.110,50.660,-1.789,0.529,322.369,224.075,2.000
69793,1.430,4.110,50.628,-1.785,0.526,322.106,224.075,2.000
69794,1.430,4.110,50.628,-1.781,0.526,322.106,224.379,2.000
69795,1.430,4.110,50.628,-1.781,0.529,322.369,224.379,2.000
69796,1.430,4.110,50.595,-1.777,0.525,322.369,224.379,2.000
69797,1.430,4.110,50.595,-1.781,0.533,322.106,224.684,2.000
69798,1.430,4.110,50.595,-1.777,0.526,322.106,224.684,2.000
69799,1.430,4.110,50.595,-1.777,0.534,322.106,224.988,2.000
69800,1.430,4.110,50.595,-1.777,0.525,322.106,224.988,2.000
69801,1.430,4.110,50.595,-1.777,0.535,322.106,224.988,2.000
69802,1.376,4.394,50.595,-1.777,0.526,322.106,224.684,2.000
69803,1.376,4.394,50.595,-1.773,0.534,322.106,225.293,2.000
69804,1.376,4.394,50.595,-1.781,0.529,321.844,225.293,2.000
69805,1.376,4.394,50.628,-1.773,0.532,322.106,225.293,2.000
69806,1.376,4.394,50.628,-1.781,0.533,322.106,225.597,2.000
69807,1.376,4.394,50.660,-1.781,0.530,322.106,225.597,2.000
69808,1.376,4.394,50.660,-1.785,0.535,322.106,225.597,2.000
69809,1.376,4.394,50.693,-1.785,0.529,321.844,225.902,2.000
69810,1.376,4.394,50.693,-1.785,0.539,321.844,225.902,2.000
69811,1.376,4.394,50.693,-1.789,0.529,321.844,225.597,2.000
69812,1.322,4.587,50.725,-1.789,0.538,321.844,225.902,2.000
69813,1.322,4.587,50.758,-1.793,0.529,321.844,225.902,2.000
69814,1.322,4.587,50.758,-1.793,0.538,321.844,225.902,2.000
69815,1.322,4.587,50.758,-1.797,0.530,321.844,225.902,2.000
69816,1.322,4.587,50.791,-1.800,0.535,322.106,225.902,2.000
69817,1.322,4.587,50.791,-1.800,0.533,322.106,226.206,2.000
69818,1.322,4.587,50.791,-1.808,0.533,321.844,226.206,2.000
69819,1.322,4.587,50.791,-1.808,0.535,321.844,226.206,2.000
69820,1.322,4.587,50.791,-1.804,0.531,322.106,226.206,2.000
69821,1.322,4.587,50.791,-1.812,0.538,322.106,226.206,2.000
69822,1.472,4.776,50.791,-1.816,0.530,322.369,225.902,2.000
69823,1.472,4.776,50.791,-1.820,0.538,322.106,226.206,2.000
69824,1.472,4.776,50.758,-1.824,0.529,322.106,226.206,2.000
69825,1.472,4.776,50.758,-1.828,0.539,322.369,226.206,2.000
69826,1.472,4.776,50.758,-1.832,0.531,322.369,226.511,2.000
69827,1.472,4.776,50.758,-1.832,0.539,322.631,226.511,2.000
69828,1.472,4.776,50.725,-1.839,0.532,322.631,226.511,2.000
69829,1.472,4.776,50.725,-1.839,0.536,322.631,226.511,2.000
69830,1.472,4.776,50.693,-1.839,0.535,322.631,226.511,2.000
69831,1.472,4.776,50.693,-1.839,0.533,322.894,226.511,2.000
69832,1.621,4.562,50.660,-1.839,0.539,322.894,226.815,2.000
69833,1.621,4.562,50.660,-1.843,0.533,323.156,226.815,2.000
69834,1.621,4.562,50.628,-1.843,0.541,323.156,226.815,2.000
69835,1.621,4.562,50.628,-1.839,0.532,323.156,226.815,2.000
69836,1.621,4.562,50.628,-1.839,0.541,323.419,226.815,2.000
69837,1.621,4.562,50.628,-1.839,0.531,323.419,226.206,2.000
69838,1.621,4.562,50.595,-1.843,0.539,323.419,226.206,2.000
69839,1.621,4.562,50.595,-1.839,0.531,323.419,226.511,2.000
69840,1.621,4.562,50.595,-1.839,0.540,323.681,226.815,2.000
69841,1.621,4.562,50.595,-1.839,0.531,323.681,226.815,2.000
69842,1.546,4.350,50.595,-1.836,0.536,323.944,226.511,2.000
69843,1.546,4.350,50.595,-1.843,0.531,323.944,226.511,2.000
69844,1.546,4.350,50.595,-1.836,0.533,323.944,226.815,2.000
69845,1.546,4.350,50.595,-1.836,0.532,323.944,226.206,2.000
69846,1.546,4.350,50.628,-1.832,0.533,324.206,226.511,2.000
69847,1.546,4.350,50.628,-1.836,0.535,324.206,226.815,2.000
69848,1.546,4.350,50.628,-1.836,0.530,324.206,226.511,2.000
69849,1.546,4.350,50.660,-1.832,0.535,324.206,226.511,2.000
69850,1.546,4.350,50.660,-1.839,0.527,324.206,226.206,2.000
69851,1.546,4.350,50.693,-1.828,0.537,324.469,225.902,2.000
69852,1.471,4.730,50.693,-1.832,0.527,324.731,226.511,2.000
69853,1.471,4.730,50.725,-1.828,0.538,324.731,226.815,2.000
69854,1.471,4.730,50.725,-1.824,0.527,324.731,226.206,2.000
69855,1.471,4.730,50.758,-1.828,0.537,324.994,226.511,2.000
69856,1.471,4.730,50.758,-1.820,0.527,325.256,226.206,2.000
69857,1.471,4.730,50.758,-1.824,0.534,325.256,226.511,2.000
69858,1.471,4.730,50.791,-1.820,0.529,325.256,226.206,2.000
69859,1.471,4.730,50.791,-1.824,0.531,325.256,226.206,2.000
69860,1.471,4.730,50.791,-1.824,0.533,325.519,226.206,2.000
69861,1.471,4.730,50.791,-1.824,0.528,325.519,226.206,2.000
69862,1.389,5.110,50.791,-1.824,0.535,325.519,226.206,2.000
69863,1.389,5.110,50.791,-1.824,0.529,325.519,226.206,2.000
69864,1.389,5.110,50.791,-1.824,0.536,325.519,226.206,2.000
69865,1.389,5.110,50.758,-1.828,0.527,325.781,226.206,2.000
69866,1.389,5.110,50.758,-1.832,0.537,325.781,226.206,2.000
69867,1.389,5.110,50.758,-1.836,0.527,325.781,226.206,2.000
69868,1.389,5.110,50.758,-1.832,0.535,326.044,226.206,2.000
69869,1.389,5.110,50.725,-1.839,0.528,325.781,226.206,2.000
69870,1.389,5.110,50.725,-1.836,0.533,326.044,226.206,2.000
69871,1.389,5.110,50.693,-1.839,0.530,326.044,226.206,2.000
69872,1.308,4.645,50.693,-1.843,0.531,326.044,226.206,2.000
69873,1.308,4.645,50.693,-1.839,0.531,326.044,226.206,2.000
69874,1.308,4.645,50.660,-1.847,0.528,326.306,226.815,2.000
69875,1.308,4.645,50.660,-1.851,0.536,326.569,226.511,2.000
69876,1.308,4.645,50.628,-1.855,0.527,326.569,226.511,2.000
69877,1.308,4.645,50.628,-1.851,0.536,326.569,226.815,2.000
69878,1.308,4.645,50.628,-1.855,0.527,326.832,226.815,2.000
69879,1.308,4.645,50.595,-1.855,0.535,326.569,226.815,2.000
69880,1.308,4.645,50.595,-1.863,0.527,326.832,226.511,2.000
69881,1.308,4.645,50.595,-1.859,0.531,327.094,226.511,2.000
69882,1.467,4.177,50.595,-1.867,0.531,327.094,226.511,2.000
69883,1.467,4.177,50.595,-1.867,0.529,327.094,226.511,2.000
69884,1.467,4.177,50.595,-1.879,0.534,327.094,226.511,2.000
69885,1.467,4.177,50.595,-1.879,0.525,327.357,226.206,2.000
69886,1.467,4.177,50.595,-1.879,0.535,327.357,226.511,2.000
69887,1.467,4.177,50.628,-1.882,0.527,327.357,226.511,2.000
69888,1.467,4.177,50.628,-1.882,0.535,327.619,226.815,2.000
69889,1.467,4.177,50.628,-1.882,0.529,327.619,226.815,2.000
69890,1.467,4.177,50.660,-1.882,0.533,327.357,226.815,2.000
69891,1.467,4.177,50.660,-1.886,0.529,327.357,226.815,2.000
69892,1.627,4.311,50.693,-1.882,0.530,327.619,226.815,2.000
69893,1.627,4.311,50.693,-1.882,0.531,327.619,226.511,2.000
69894,1.627,4.311,50.725,-1.882,0.523,327.357,226.511,2.000
69895,1.627,4.311,50.725,-1.882,0.533,327.619,226.815,2.000
69896,1.627,4.311,50.758,-1.875,0.527,327.619,226.815,2.000
69897,1.627,4.311,50.758,-1.882,0.530,327.619,226.511,2.000
69898,1.627,4.311,50.758,-1.875,0.530,327.357,226.815,2.000
69899,1.627,4.311,50.791,-1.875,0.526,327.357,226.511,2.000
69900,1.627,4.311,50.791,-1.875,0.532,327.357,226.511,2.000
69901,1.627,4.311,50.791,-1.879,0.530,327.357,226.511,2.000
69902,1.457,4.448,50.791,-1.875,0.526,327.357,226.511,2.000
69903,1.457,4.448,50.791,-1.879,0.527,327.357,226.511,2.000
69904,1.457,4.448,50.791,-1.879,0.532,327.094,226.511,2.000
69905,1.457,4.448,50.791,-1.867,0.525,327.357,226.511,2.000
69906,1.457,4.448,50.758,-1.867,0.529,327.094,226.206,2.000
69907,1.457,4.448,50.758,-1.867,0.526,327.094,226.206,2.000
69908,1.457,4.448,50.758,-1.867,0.526,327.094,226.206,2.000
69909,1.457,4.448,50.758,-1.859,0.532,327.094,226.206,2.000
69910,1.457,4.448,50.758,-1.855,0.524,326.832,226.511,2.000
69911,1.457,4.448,50.725,-1.863,0.530,326.832,226.206,2.000
69912,1.286,4.560,50.725,-1.867,0.523,326.832,226.206,2.000
69913,1.286,4.560,50.693,-1.855,0.533,326.832,226.815,2.000
69914,1.286,4.560,50.693,-1.855,0.524,326.569,226.815,2.000
69915,1.286,4.560,50.693,-1.855,0.527,326.569,226.511,2.000
69916,1.286,4.560,50.660,-1.855,0.526,326.569,226.206,2.000
69917,1.286,4.560,50.660,-1.855,0.523,326.569,225.902,2.000
69918,1.286,4.560,50.628,-1.855,0.530,326.306,226.206,2.000
69919,1.286,4.560,50.628,-1.855,0.523,326.044,225.902,2.000
69920,1.286,4.560,50.628,-1.851,0.532,326.044,226.206,2.000
69921,1.286,4.560,50.595,-1.863,0.523,326.044,226.206,2.000
69922,1.393,4.669,50.595,-1.871,0.533,325.781,226.815,2.000
69923,1.393,4.669,50.595,-1.879,0.524,325.519,226.206,2.000
69924,1.393,4.669,50.595,-1.863,0.527,325.519,226.206,2.000
69925,1.393,4.669,50.595,-1.871,0.529,325.256,226.511,2.000
69926,1.393,4.669,50.595,-1.859,0.527,325.256,226.815,2.000
69927,1.393,4.669,50.595,-1.863,0.532,325.256,226.815,2.000
69928,1.393,4.669,50.595,-1.879,0.524,324.994,226.206,2.000
69929,1.393,4.669,50.595,-1.875,0.532,324.994,226.206,2.000
69930,1.393,4.669,50.628,-1.871,0.524,324.469,226.511,2.000
69931,1.393,4.669,50.628,-1.886,0.533,324.469,226.511,2.000
69932,1.500,4.727,50.628,-1.875,0.523,324.469,226.511,2.000
69933,1.500,4.727,50.660,-1.882,0.530,324.206,226.815,2.000
69934,1.500,4.727,50.693,-1.890,0.528,324.206,227.119,2.000
69935,1.500,4.727,50.693,-1.894,0.527,323.944,227.119,2.000
69936,1.500,4.727,50.725,-1.894,0.530,323.944,226.815,2.000
69937,1.500,4.727,50.758,-1.890,0.524,323.944,226.815,2.000
69938,1.500,4.727,50.725,-1.906,0.533,323.681,226.511,2.000
69939,1.500,4.727,50.758,-1.906,0.524,323.681,226.206,2.000
69940,1.500,4.727,50.791,-1.906,0.533,323.419,225.902,2.000
69941,1.500,4.727,50.791,-1.898,0.522,323.419,225.902,2.000
69942,1.557,4.789,50.791,-1.910,0.532,323.419,226.511,2.000
69943,1.557,4.789,50.791,-1.914,0.524,323.419,226.206,2.000
69944,1.557,4.789,50.791,-1.910,0.530,323.156,226.206,2.000
69945,1.557,4.789,50.791,-1.914,0.525,322.894,226.511,2.000
69946,1.557,4.789,50.791,-1.910,0.529,323.156,226.815,2.000
69947,1.557,4.789,50.791,-1.918,0.527,323.156,226.815,2.000
69948,1.557,4.789,50.791,-1.914,0.526,322.894,226.511,2.000
69949,1.557,4.789,50.791,-1.914,0.531,322.894,226.815,2.000
69950,1.557,4.789,50.758,-1.902,0.526,322.631,226.815,2.000
69951,1.557,4.789,50.758,-1.914,0.531,322.631,226.206,2.000
69952,1.615,4.580,50.758,-1.918,0.525,322.631,226.206,2.000
69953,1.615,4.580,50.725,-1.918,0.531,322.369,226.511,2.000
69954,1.615,4.580,50.725,-1.910,0.523,322.369,226.511,2.000
69955,1.615,4.580,50.725,-1.902,0.532,322.369,226.206,2.000
69956,1.615,4.580,50.693,-1.922,0.522,322.369,226.206,2.000
69957,1.615,4.580,50.660,-1.914,0.531,322.369,226.206,2.000
69958,1.615,4.580,50.660,-1.918,0.522,322.369,226.206,2.000
69959,1.615,4.580,50.660,-1.898,0.531,322.369,226.206,2.000
69960,1.615,4.580,50.628,-1.906,0.522,322.369,226.206,2.000
69961,1.615,4.580,50.628,-1.910,0.529,322.369,226.206,2.000
69962,1.619,4.375,50.628,-1.910,0.526,322.369,226.511,2.000
69963,1.619,4.375,50.595,-1.898,0.529,322.369,226.511,2.000
69964,1.619,4.375,50.595,-1.910,0.530,322.106,226.511,2.000
69965,1.619,4.375,50.595,-1.894,0.526,322.106,226.511,2.000
69966,1.619,4.375,50.595,-1.890,0.531,322.369,226.511,2.000
69967,1.619,4.375,50.595,-1.898,0.526,322.369,226.511,2.000
69968,1.619,4.375,50.595,-1.902,0.533,322.369,226.511,2.000
69969,1.619,4.375,50.595,-1.898,0.522,322.631,225.902,2.000
69970,1.619,4.375,50.595,-1.890,0.531,322.369,225.902,2.000
69971,1.619,4.375,50.628,-1.898,0.522,322.369,225.902,2.000
69972,1.624,4.394,50.628,-1.882,0.530,322.369,225.902,2.000
69973,1.624,4.394,50.628,-1.882,0.521,322.369,225.902,2.000
69974,1.624,4.394,50.660,-1.882,0.530,322.369,225.597,2.000
69975,1.624,4.394,50.660,-1.882,0.522,322.369,225.597,2.000
69976,1.624,4.394,50.693,-1.898,0.530,322.369,225.902,2.000
69977,1.624,4.394,50.725,-1.890,0.523,322.631,225.902,2.000
69978,1.624,4.394,50.725,-1.886,0.526,322.631,225.902,2.000
69979,1.624,4.394,50.725,-1.898,0.527,322.631,225.902,2.000
69980,1.624,4.394,50.758,-1.894,0.523,322.369,225.902,2.000
69981,1.624,4.394,50.758,-1.894,0.526,322.631,225.597,2.000
69982,1.367,4.418,50.758,-1.890,0.519,322.631,225.597,2.000
69983,1.367,4.418,50.791,-1.898,0.529,322.894,225.597,2.000
69984,1.367,4.418,50.791,-1.918,0.522,322.631,225.902,2.000
69985,1.367,4.418,50.791,-1.898,0.530,322.631,225.597,2.000
69986,1.367,4.418,50.791,-1.906,0.519,322.631,225.293,2.000
69987,1.367,4.418,50.791,-1.910,0.529,322.894,225.293,2.000
69988,1.367,4.418,50.791,-1.906,0.521,322.894,225.597,2.000
69989,1.367,4.418,50.791,-1.918,0.526,322.894,225.597,2.000
69990,1.367,4.418,50.791,-1.910,0.524,322.894,225.597,2.000
69991,1.367,4.418,50.791,-1.925,0.522,322.894,224.988,2.000
69992,1.110,4.473,50.758,-1.914,0.526,322.894,225.293,2.000
69993,1.110,4.473,50.758,-1.918,0.521,322.894,225.597,2.000
69994,1.110,4.473,50.758,-1.922,0.527,323.156,225.597,2.000
69995,1.110,4.473,50.725,-1.922,0.517,323.156,225.902,2.000
69996,1.110,4.473,50.725,-1.929,0.527,323.419,225.902,2.000
69997,1.110,4.473,50.693,-1.929,0.518,323.419,225.902,2.000
69998,1.110,4.473,50.693,-1.933,0.526,323.681,225.902,2.000
69999,1.110,4.473,50.693,-1.933,0.517,323.681,225.902,2.000
70000,1.110,4.473,50.660,-1.937,0.526,323.681,225.902,2.000
70001,1.110,4.473,50.660,-1.941,0.517,323.944,225.902,2.000
70002,1.164,4.524,50.628,-1.937,0.527,324.206,226.206,2.000
70003,1.164,4.524,50.628,-1.937,0.519,324.206,226.206,2.000
70004,1.164,4.524,50.595,-1.937,0.526,324.206,226.206,2.000
70005,1.164,4.524,50.595,-1.941,0.520,324.206,225.902,2.000
70006,1.164,4.524,50.595,-1.945,0.525,324.469,225.902,2.000
70007,1.164,4.524,50.595,-1.941,0.522,324.469,225.902,2.000
70008,1.164,4.524,50.595,-1.945,0.523,324.469,226.206,2.000
70009,1.164,4.524,50.595,-1.945,0.524,324.731,226.206,2.000
70010,1.164,4.524,50.595,-1.933,0.522,324.731,226.206,2.000
70011,1.164,4.524,50.595,-1.937,0.526,324.731,226.206,2.000
70012,1.217,4.331,50.595,-1.933,0.522,324.731,226.511,2.000
70013,1.217,4.331,50.628,-1.937,0.525,324.731,226.511,2.000
70014,1.217,4.331,50.628,-1.929,0.521,324.994,226.206,2.000
70015,1.217,4.331,50.628,-1.929,0.526,324.994,226.206,2.000
70016,1.217,4.331,50.660,-1.929,0.520,325.256,226.511,2.000
70017,1.217,4.331,50.693,-1.929,0.530,325.256,226.815,2.000
70018,1.217,4.331,50.693,-1.922,0.519,325.519,226.206,2.000
70019,1.217,4.331,50.693,-1.925,0.530,325.519,226.815,2.000
70020,1.217,4.331,50.725,-1.925,0.522,325.256,226.511,2.000
70021,1.217,4.331,50.725,-1.922,0.530,325.781,226.511,2.000
70022,1.073,4.140,50.758,-1.922,0.521,325.781,226.511,2.000
70023,1.073,4.140,50.758,-1.922,0.529,326.044,226.511,2.000
70024,1.073,4.140,50.758,-1.918,0.522,326.044,226.511,2.000
70025,1.073,4.140,50.791,-1.918,0.526,326.044,226.815,2.000
70026,1.073,4.140,50.791,-1.910,0.526,326.306,226.815,2.000
70027,1.073,4.140,50.791,-1.910,0.524,326.306,227.424,2.000
70028,1.073,4.140,50.791,-1.906,0.531,326.306,227.728,2.000
70029,1.073,4.140,50.791,-1.910,0.524,326.569,227.728,2.000
70030,1.073,4.140,50.791,-1.914,0.531,326.569,227.119,2.000
70031,1.073,4.140,50.791,-1.906,0.523,326.569,227.119,2.000
70032,0.929,4.388,50.791,-1.906,0.534,326.569,227.119,2.000
70033,0.929,4.388,50.758,-1.906,0.527,326.569,227.119,2.000
70034,0.929,4.388,50.758,-1.906,0.532,326.569,227.424,2.000
70035,0.929,4.388,50.758,-1.914,0.533,326.569,227.119,2.000
70036,0.929,4.388,50.725,-1.910,0.524,326.832,226.815,2.000
70037,0.929,4.388,50.725,-1.910,0.532,327.094,227.119,2.000
70038,0.929,4.388,50.693,-1.902,0.526,327.094,227.424,2.000
70039,0.929,4.388,50.693,-1.910,0.529,326.832,226.815,2.000
70040,0.929,4.388,50.693,-1.914,0.529,326.832,226.815,2.000
70041,0.929,4.388,50.660,-1.914,0.526,326.832,226.815,2.000
70042,1.146,4.632,50.660,-1.929,0.525,327.094,226.815,2.000
70043,1.146,4.632,50.628,-1.922,0.527,327.094,227.119,2.000
70044,1.146,4.632,50.628,-1.925,0.533,327.094,227.119,2.000
70045,1.146,4.632,50.628,-1.918,0.525,326.832,226.815,2.000
70046,1.146,4.632,50.595,-1.933,0.533,326.832,226.815,2.000
70047,1.146,4.632,50.628,-1.925,0.525,327.094,226.815,2.000
70048,1.146,4.632,50.595,-1.933,0.531,327.094,226.815,2.000
70049,1.146,4.632,50.595,-1.937,0.529,326.832,226.815,2.000
70050,1.146,4.632,50.595,-1.933,0.527,326.832,226.815,2.000
70051,1.146,4.632,50.595,-1.941,0.534,326.832,227.119,2.000
70052,1.361,4.424,50.595,-1.945,0.526,326.569,226.815,2.000
70053,1.361,4.424,50.595,-1.941,0.534,326.832,226.815,2.000
70054,1.361,4.424,50.595,-1.945,0.526,326.569,227.424,2.000
70055,1.361,4.424,50.628,-1.945,0.535,326.569,227.424,2.000
70056,1.361,4.424,50.628,-1.957,0.526,326.832,227.119,2.000
70057,1.361,4.424,50.660,-1.953,0.532,326.832,226.815,2.000
70058,1.361,4.424,50.660,-1.941,0.526,326.832,227.119,2.000
70059,1.361,4.424,50.693,-1.957,0.529,326.569,227.119,2.000
70060,1.361,4.424,50.693,-1.953,0.531,326.569,226.815,2.000
70061,1.361,4.424,50.693,-1.949,0.528,326.569,227.424,2.000
70062,1.238,4.221,50.725,-1.961,0.535,326.569,227.424,2.000
70063,1.238,4.221,50.725,-1.953,0.526,326.569,227.119,2.000
70064,1.238,4.221,50.758,-1.965,0.536,326.306,227.424,2.000
70065,1.238,4.221,50.758,-1.949,0.526,326.306,227.424,2.000
70066,1.238,4.221,50.758,-1.949,0.536,326.044,227.424,2.000
70067,1.238,4.221,50.758,-1.945,0.526,326.044,227.728,2.000
70068,1.238,4.221,50.791,-1.945,0.531,326.044,227.119,2.000
70069,1.238,4.221,50.791,-1.949,0.529,326.044,227.119,2.000
70070,1.238,4.221,50.791,-1.949,0.527,325.781,227.119,2.000
70071,1.238,4.221,50.791,-1.941,0.534,325.781,227.424,2.000
70072,1.116,4.235,50.758,-1.949,0.526,325.519,227.424,2.000
70073,1.116,4.235,50.758,-1.945,0.535,325.519,227.424,2.000
70074,1.116,4.235,50.758,-1.941,0.525,325.256,227.119,2.000
70075,1.116,4.235,50.758,-1.929,0.534,325.256,227.424,2.000
70076,1.116,4.235,50.758,-1.945,0.525,325.256,227.119,2.000
70077,1.116,4.235,50.758,-1.941,0.531,325.256,227.119,2.000
70078,1.116,4.235,50.725,-1.945,0.528,325.256,227.119,2.000
70079,1.116,4.235,50.725,-1.937,0.528,324.994,227.119,2.000
70080,1.116,4.235,50.693,-1.933,0.532,324.731,227.119,2.000
70081,1.116,4.235,50.693,-1.925,0.525,324.731,227.119,2.000
70082,1.200,4.246,50.660,-1.925,0.533,324.731,227.119,2.000
70083,1.200,4.246,50.660,-1.933,0.526,324.731,227.119,2.000
70084,1.200,4.246,50.628,-1.922,0.535,324.731,227.424,2.000
70085,1.200,4.246,50.628,-1.922,0.526,324.469,227.424,2.000
70086,1.200,4.246,50.628,-1.918,0.533,324.206,227.424,2.000
70087,1.200,4.246,50.595,-1.918,0.525,324.206,227.119,2.000
70088,1.200,4.246,50.595,-1.922,0.531,324.206,227.424,2.000
70089,1.200,4.246,50.595,-1.922,0.528,323.944,227.119,2.000
70090,1.200,4.246,50.595,-1.922,0.527,323.681,227.424,2.000
70091,1.200,4.246,50.595,-1.918,0.532,323.419,226.815,2.000
70092,1.285,4.080,50.595,-1.922,0.527,323.419,226.815,2.000
70093,1.285,4.080,50.595,-1.922,0.530,323.419,226.815,2.000
70094,1.285,4.080,50.595,-1.929,0.524,323.156,226.815,2.000
70095,1.285,4.080,50.595,-1.929,0.535,322.894,227.424,2.000
70096,1.285,4.080,50.628,-1.929,0.525,322.894,227.424,2.000
70097,1.285,4.080,50.628,-1.929,0.533,322.894,227.119,2.000
70098,1.285,4.080,50.660,-1.933,0.526,322.631,227.119,2.000
70099,1.285,4.080,50.660,-1.933,0.534,322.369,227.424,2.000
70100,1.285,4.080,50.693,-1.941,0.526,322.369,227.424,2.000
70101,1.285,4.080,50.693,-1.945,0.535,322.106,227.424,2.000
70102,1.229,3.915,50.725,-1.949,0.528,322.369,227.728,2.000
70103,1.229,3.915,50.725,-1.941,0.538,322.369,228.033,2.000
70104,1.229,3.915,50.758,-1.945,0.529,322.106,228.033,2.000
70105,1.229,3.915,50.758,-1.941,0.537,322.106,228.337,2.000
70106,1.229,3.915,50.758,-1.949,0.530,321.844,228.337,2.000
70107,1.229,3.915,50.791,-1.953,0.536,321.844,228.337,2.000
70108,1.229,3.915,50.791,-1.945,0.530,321.844,228.337,2.000
70109,1.229,3.915,50.791,-1.957,0.537,321.844,228.337,2.000
70110,1.229,3.915,50.791,-1.957,0.531,321.844,228.642,2.000
70111,1.229,3.915,50.791,-1.961,0.535,321.581,228.642,2.000
70112,1.173,4.030,50.791,-1.969,0.531,321.581,228.642,2.000
70113,1.173,4.030,50.791,-1.961,0.535,321.581,228.642,2.000
70114,1.173,4.030,50.791,-1.961,0.533,321.581,228.642,2.000
70115,1.173,4.030,50.791,-1.961,0.535,321.581,228.642,2.000
70116,1.173,4.030,50.758,-1.969,0.533,321.844,228.946,2.000
70117,1.173,4.030,50.758,-1.961,0.534,321.844,228.642,2.000
70118,1.173,4.030,50.758,-1.965,0.535,322.106,228.946,2.000
70119,1.173,4.030,50.758,-1.969,0.535,321.844,229.251,2.000
70120,1.173,4.030,50.725,-1.961,0.537,321.844,229.251,2.000
70121,1.173,4.030,50.725,-1.965,0.535,321.844,228.946,2.000
70122,1.059,4.147,50.693,-1.969,0.537,322.106,228.946,2.000
70123,1.059,4.147,50.693,-1.973,0.537,322.106,229.251,2.000
70124,1.059,4.147,50.660,-1.973,0.539,322.106,229.555,2.000
70125,1.059,4.147,50.660,-1.969,0.535,322.106,229.251,2.000
70126,1.059,4.147,50.628,-1.953,0.538,322.106,228.946,2.000
70127,1.059,4.147,50.628,-1.957,0.535,322.106,228.946,2.000
70128,1.059,4.147,50.595,-1.969,0.538,322.106,229.251,2.000
70129,1.059,4.147,50.595,-1.965,0.537,322.106,229.555,2.000
70130,1.059,4.147,50.595,-1.953,0.541,322.369,229.555,2.000
70131,1.059,4.147,50.595,-1.961,0.535,322.106,229.251,2.000
70132,0.946,4.274,50.595,-1.961,0.541,322.106,229.555,2.000
70133,0.946,4.274,50.595,-1.953,0.534,322.369,229.555,2.000
70134,0.946,4.274,50.595,-1.949,0.540,322.369,229.860,2.000
70135,0.946,4.274,50.595,-1.941,0.535,322.369,229.860,2.000
70136,0.946,4.274,50.595,-1.937,0.542,322.369,229.860,2.000
70137,0.946,4.274,50.628,-1.941,0.535,322.894,229.555,2.000
70138,0.946,4.274,50.628,-1.937,0.543,322.894,229.860,2.000
70139,0.946,4.274,50.628,-1.937,0.535,322.894,229.860,2.000
70140,0.946,4.274,50.660,-1.929,0.543,322.894,229.860,2.000
70141,0.946,4.274,50.660,-1.937,0.535,322.894,230.164,2.000
70142,1.241,4.399,50.693,-1.925,0.545,322.894,230.468,2.000
70143,1.241,4.399,50.693,-1.925,0.534,323.156,230.164,2.000
70144,1.241,4.399,50.725,-1.929,0.543,323.156,229.860,2.000
70145,1.241,4.399,50.725,-1.933,0.537,323.156,230.164,2.000
70146,1.241,4.399,50.758,-1.937,0.547,323.156,230.773,2.000
70147,1.241,4.399,50.758,-1.933,0.535,323.156,230.468,2.000
70148,1.241,4.399,50.758,-1.937,0.546,323.419,230.468,2.000
70149,1.241,4.399,50.791,-1.941,0.538,323.419,230.773,2.000
70150,1.241,4.399,50.791,-1.941,0.548,323.419,230.773,2.000
70151,1.241,4.399,50.791,-1.941,0.538,323.419,230.773,2.000
70152,1.537,4.536,50.791,-1.941,0.550,323.419,231.382,2.000
70153,1.537,4.536,50.791,-1.949,0.538,323.419,231.077,2.000
70154,1.537,4.536,50.791,-1.945,0.549,323.419,231.382,2.000
70155,1.537,4.536,50.791,-1.937,0.540,323.419,231.382,2.000
70156,1.537,4.536,50.791,-1.929,0.547,323.419,231.382,2.000
70157,1.537,4.536,50.758,-1.933,0.539,323.681,231.382,2.000
70158,1.537,4.536,50.791,-1.929,0.550,323.944,231.686,2.000
70159,1.537,4.536,50.758,-1.937,0.542,323.944,231.686,2.000
70160,1.537,4.536,50.758,-1.941,0.550,323.944,231.686,2.000
70161,1.537,4.536,50.725,-1.953,0.542,323.944,231.686,2.000
70162,1.252,4.681,50.725,-1.953,0.553,324.206,231.991,2.000
70163,1.252,4.681,50.693,-1.965,0.546,324.206,232.295,2.000
70164,1.252,4.681,50.693,-1.953,0.554,324.206,232.295,2.000
70165,1.252,4.681,50.693,-1.961,0.543,324.206,232.295,2.000
70166,1.252,4.681,50.660,-1.961,0.547,324.469,232.295,2.000
70167,1.252,4.681,50.660,-1.969,0.553,324.469,232.600,2.000
70168,1.252,4.681,50.628,-1.961,0.549,324.731,232.600,2.000
70169,1.252,4.681,50.628,-1.965,0.551,324.731,232.600,2.000
70170,1.252,4.681,50.595,-1.965,0.556,324.994,232.904,2.000
70171,1.252,4.681,50.595,-1.976,0.548,324.994,232.904,2.000
70172,0.966,4.484,50.595,-1.973,0.555,324.994,232.904,2.000
70173,0.966,4.484,50.595,-1.969,0.547,325.256,232.904,2.000
70174,0.966,4.484,50.595,-1.965,0.554,325.256,232.904,2.000
70175,0.966,4.484,50.595,-1.965,0.547,325.256,233.208,2.000
70176,0.966,4.484,50.595,-1.965,0.554,325.519,233.208,2.000
70177,0.966,4.484,50.595,-1.969,0.551,325.781,233.513,2.000
70178,0.966,4.484,50.595,-1.969,0.557,325.781,233.513,2.000
70179,0.966,4.484,50.595,-1.976,0.550,326.044,233.513,2.000
70180,0.966,4.484,50.628,-1.969,0.558,325.781,233.817,2.000
70181,0.966,4.484,50.628,-1.969,0.550,326.044,233.817,2.000
70182,0.904,4.284,50.628,-1.965,0.559,326.044,233.817,2.000
70183,0.904,4.284,50.660,-1.965,0.554,326.306,234.426,2.000
70184,0.904,4.284,50.693,-1.957,0.562,326.306,235.035,2.000
70185,0.904,4.284,50.693,-1.965,0.554,326.569,235.035,2.000
70186,0.904,4.284,50.725,-1.961,0.565,326.306,235.340,2.000
70187,0.904,4.284,50.725,-1.953,0.556,326.569,235.340,2.000
70188,0.904,4.284,50.725,-1.957,0.564,326.569,235.340,2.000
70189,0.904,4.284,50.758,-1.957,0.558,326.832,235.644,2.000
70190,0.904,4.284,50.758,-1.949,0.566,326.832,235.644,2.000
70191,0.904,4.284,50.791,-1.945,0.558,327.094,235.949,2.000
70192,0.841,4.273,50.791,-1.945,0.567,326.832,235.949,2.000
70193,0.841,4.273,50.791,-1.945,0.558,326.832,236.253,2.000
70194,0.841,4.273,50.791,-1.945,0.567,327.094,236.253,2.000
70195,0.841,4.273,50.791,-1.941,0.559,327.094,236.253,2.000
70196,0.841,4.273,50.791,-1.941,0.568,327.094,236.253,2.000
70197,0.841,4.273,50.791,-1.941,0.559,327.357,236.253,2.000
70198,0.841,4.273,50.791,-1.949,0.570,327.357,236.557,2.000
70199,0.841,4.273,50.758,-1.929,0.561,327.357,236.862,2.000
70200,0.841,4.273,50.758,-1.933,0.570,327.357,236.862,2.000
70201,0.841,4.273,50.758,-1.933,0.559,327.357,236.862,2.000
70202,0.940,4.259,50.758,-1.933,0.568,327.357,236.862,2.000
70203,0.940,4.259,50.725,-1.933,0.563,327.357,237.166,2.000
70204,0.940,4.259,50.725,-1.933,0.571,327.357,237.471,2.000
70205,0.940,4.259,50.693,-1.933,0.563,327.357,237.471,2.000
70206,0.940,4.259,50.693,-1.937,0.571,327.094,237.471,2.000
70207,0.940,4.259,50.693,-1.937,0.564,327.094,237.775,2.000
70208,0.940,4.259,50.660,-1.941,0.575,327.094,237.775,2.000
70209,0.940,4.259,50.660,-1.933,0.565,327.094,237.775,2.000
70210,0.940,4.259,50.628,-1.937,0.572,327.094,237.775,2.000
70211,0.940,4.259,50.628,-1.941,0.566,327.094,238.080,2.000
70212,1.039,4.440,50.628,-1.949,0.574,326.832,238.080,2.000
70213,1.039,4.440,50.595,-1.949,0.567,326.569,238.384,2.000
70214,1.039,4.440,50.595,-1.945,0.574,326.832,238.384,2.000
70215,1.039,4.440,50.595,-1.949,0.566,326.569,238.384,2.000
70216,1.039,4.440,50.595,-1.949,0.575,326.569,238.384,2.000
70217,1.039,4.440,50.595,-1.953,0.570,326.569,238.384,2.000
70218,1.039,4.440,50.595,-1.957,0.574,326.569,238.993,2.000
70219,1.039,4.440,50.595,-1.957,0.571,326.569,238.689,2.000
70220,1.039,4.440,50.595,-1.957,0.574,326.306,238.993,2.000
70221,1.039,4.440,50.628,-1.957,0.576,326.306,238.993,2.000
70222,1.076,4.621,50.628,-1.961,0.571,326.044,239.297,2.000
70223,1.076,4.621,50.628,-1.965,0.578,326.044,239.297,2.000
70224,1.076,4.621,50.660,-1.965,0.570,326.044,239.602,2.000
70225,1.076,4.621,50.660,-1.973,0.581,326.044,239.602,2.000
70226,1.076,4.621,50.693,-1.973,0.571,325.781,239.602,2.000
70227,1.076,4.621,50.693,-1.976,0.580,325.781,239.906,2.000
70228,1.076,4.621,50.725,-1.973,0.572,325.781,240.211,2.000
70229,1.076,4.621,50.725,-1.976,0.580,325.781,240.211,2.000
70230,1.076,4.621,50.758,-1.976,0.575,325.781,240.211,2.000
70231,1.076,4.621,50.758,-1.973,0.580,325.519,240.211,2.000
70232,1.113,4.426,50.791,-1.976,0.578,325.519,240.515,2.000
70233,1.113,4.426,50.791,-1.973,0.578,325.256,240.515,2.000
70234,1.113,4.426,50.791,-1.976,0.580,324.994,240.820,2.000
70235,1.113,4.426,50.791,-1.973,0.579,324.994,240.820,2.000
70236,1.113,4.426,50.791,-1.973,0.584,324.994,241.124,2.000
70237,1.113,4.426,50.791,-1.969,0.575,324.994,241.124,2.000
70238,1.113,4.426,50.791,-1.969,0.584,324.994,241.124,2.000
70239,1.113,4.426,50.791,-1.965,0.575,324.731,241.124,2.000
70240,1.113,4.426,50.791,-1.961,0.588,324.469,241.429,2.000
70241,1.113,4.426,50.758,-1.961,0.578,324.469,241.429,2.000
70242,0.913,4.232,50.758,-1.969,0.586,324.206,241.429,2.000
70243,0.913,4.232,50.725,-1.965,0.577,324.206,241.429,2.000
70244,0.913,4.232,50.758,-1.957,0.585,324.206,241.733,2.000
70245,0.913,4.232,50.725,-1.965,0.580,323.944,241.733,2.000
70246,0.913,4.232,50.725,-1.957,0.587,323.944,241.733,2.000
70247,0.913,4.232,50.693,-1.953,0.582,323.681,241.429,2.000
70248,0.913,4.232,50.693,-1.949,0.583,323.681,241.429,2.000
70249,0.913,4.232,50.693,-1.949,0.587,323.681,241.733,2.000
70250,0.913,4.232,50.660,-1.949,0.580,323.419,241.733,2.000
70251,0.913,4.232,50.660,-1.949,0.589,323.419,241.733,2.000
70252,0.715,4.380,50.628,-1.945,0.579,323.156,241.733,2.000
70253,0.715,4.380,50.628,-1.937,0.587,323.156,241.733,2.000
70254,0.715,4.380,50.595,-1.937,0.583,322.894,242.038,2.000
70255,0.715,4.380,50.595,-1.941,0.587,322.894,242.038,2.000
70256,0.715,4.380,50.595,-1.933,0.588,322.894,242.038,2.000
70257,0.715,4.380,50.595,-1.933,0.584,322.894,242.342,2.000
70258,0.715,4.380,50.595,-1.933,0.590,322.631,242.646,2.000
70259,0.715,4.380,50.595,-1.933,0.580,322.631,242.646,2.000
70260,0.715,4.380,50.595,-1.933,0.590,322.631,242.646,2.000
70261,0.715,4.380,50.628,-1.925,0.583,322.369,242.646,2.000
70262,0.813,4.525,50.628,-1.933,0.587,322.369,242.646,2.000
70263,0.813,4.525,50.628,-1.933,0.590,322.369,242.646,2.000
70264,0.813,4.525,50.628,-1.933,0.583,322.369,242.646,2.000
70265,0.813,4.525,50.660,-1.937,0.590,322.106,242.646,2.000
70266,0.813,4.525,50.660,-1.937,0.579,321.844,242.646,2.000
70267,0.813,4.525,50.693,-1.941,0.588,321.844,242.342,2.000
70268,0.813,4.525,50.693,-1.941,0.583,321.844,242.646,2.000
70269,0.813,4.525,50.693,-1.937,0.586,321.844,242.342,2.000
70270,0.813,4.525,50.725,-1.949,0.585,321.844,242.342,2.000
70271,0.813,4.525,50.758,-1.941,0.579,321.844,242.342,2.000
70272,0.910,4.374,50.758,-1.949,0.587,321.844,242.342,2.000
70273,0.910,4.374,50.758,-1.949,0.576,321.581,242.342,2.000
70274,0.910,4.374,50.758,-1.949,0.587,321.581,242.342,2.000
70275,0.910,4.374,50.791,-1.953,0.579,321.844,242.342,2.000
70276,0.910,4.374,50.791,-1.953,0.583,321.581,242.342,2.000
70277,0.910,4.374,50.791,-1.949,0.583,321.844,242.342,2.000
70278,0.910,4.374,50.791,-1.957,0.578,321.844,242.342,2.000
70279,0.910,4.374,50.791,-1.953,0.586,321.844,242.342,2.000
70280,0.910,4.374,50.791,-1.957,0.574,321.844,242.342,2.000
70281,0.910,4.374,50.791,-1.957,0.584,321.844,242.342,2.000
70282,1.094,4.221,50.791,-1.961,0.577,321.844,242.342,2.000
70283,1.094,4.221,50.791,-1.969,0.584,322.106,242.342,2.000
70284,1.094,4.221,50.758,-1.973,0.582,322.106,242.342,2.000
70285,1.094,4.221,50.758,-1.973,0.579,322.106,242.342,2.000
70286,1.094,4.221,50.758,-1.973,0.585,322.106,242.342,2.000
70287,1.094,4.221,50.725,-1.965,0.577,322.106,242.646,2.000
70288,1.094,4.221,50.725,-1.969,0.586,322.369,242.646,2.000
70289,1.094,4.221,50.693,-1.976,0.576,322.369,242.646,2.000
70290,1.094,4.221,50.693,-1.965,0.583,322.631,242.646,2.000
70291,1.094,4.221,50.660,-1.969,0.581,322.631,242.646,2.000
70292,1.279,4.347,50.660,-1.969,0.579,322.631,242.951,2.000
70293,1.279,4.347,50.628,-1.969,0.582,322.631,242.646,2.000
70294,1.279,4.347,50.628,-1.965,0.575,322.631,242.646,2.000
70295,1.279,4.347,50.628,-1.961,0.583,322.631,242.646,2.000
70296,1.279,4.347,50.595,-1.961,0.576,322.631,242.646,2.000
70297,1.279,4.347,50.595,-1.961,0.582,322.631,242.646,2.000
70298,1.279,4.347,50.595,-1.957,0.581,322.894,242.646,2.000
70299,1.279,4.347,50.595,-1.949,0.576,322.894,242.646,2.000
70300,1.279,4.347,50.595,-1.949,0.584,323.156,242.951,2.000
70301,1.279,4.347,50.595,-1.953,0.574,322.894,242.951,2.000
70302,1.139,4.478,50.595,-1.953,0.583,322.894,242.951,2.000
70303,1.139,4.478,50.628,-1.949,0.575,323.156,242.951,2.000
70304,1.139,4.478,50.628,-1.949,0.583,323.419,242.951,2.000
70305,1.139,4.478,50.628,-1.945,0.576,323.419,243.255,2.000
70306,1.139,4.478,50.628,-1.941,0.583,323.419,243.255,2.000
70307,1.139,4.478,50.660,-1.941,0.582,323.419,243.255,2.000
70308,1.139,4.478,50.660,-1.937,0.576,323.681,243.255,2.000
70309,1.139,4.478,50.693,-1.937,0.583,323.944,243.255,2.000
70310,1.139,4.478,50.693,-1.933,0.582,323.944,243.255,2.000
70311,1.139,4.478,50.725,-1.933,0.576,323.944,242.951,2.000
70312,1.002,4.320,50.725,-1.929,0.586,323.944,243.255,2.000
70313,1.002,4.320,50.725,-1.925,0.576,323.944,243.864,2.000
70314,1.002,4.320,50.725,-1.922,0.585,324.206,243.864,2.000
70315,1.002,4.320,50.758,-1.922,0.580,324.206,243.864,2.000
70316,1.002,4.320,50.758,-1.925,0.587,324.206,244.169,2.000
70317,1.002,4.320,50.758,-1.922,0.579,324.206,244.169,2.000
70318,1.002,4.320,50.791,-1.925,0.584,324.469,244.169,2.000
70319,1.002,4.320,50.791,-1.925,0.584,324.469,244.169,2.000
70320,1.002,4.320,50.758,-1.922,0.584,324.469,244.473,2.000
70321,1.002,4.320,50.791,-1.922,0.588,324.469,244.778,2.000
70322,1.053,4.161,50.791,-1.925,0.582,324.469,245.082,2.000
70323,1.053,4.161,50.758,-1.929,0.588,324.731,245.082,2.000
70324,1.053,4.161,50.758,-1.929,0.586,324.731,245.082,2.000
70325,1.053,4.161,50.758,-1.929,0.588,324.731,245.386,2.000
70326,1.053,4.161,50.758,-1.937,0.590,324.731,245.082,2.000
70327,1.053,4.161,50.758,-1.933,0.581,324.994,245.082,2.000
70328,1.053,4.161,50.725,-1.937,0.590,324.994,245.386,2.000
70329,1.053,4.161,50.725,-1.933,0.585,324.994,245.386,2.000
70330,1.053,4.161,50.693,-1.937,0.586,325.256,245.386,2.000
70331,1.053,4.161,50.693,-1.941,0.588,325.256,245.386,2.000
70332,1.105,4.267,50.693,-1.941,0.583,325.256,245.691,2.000
70333,1.105,4.267,50.660,-1.941,0.590,325.256,245.691,2.000
70334,1.105,4.267,50.660,-1.941,0.587,325.519,245.691,2.000
70335,1.105,4.267,50.628,-1.941,0.588,325.519,245.995,2.000
70336,1.105,4.267,50.628,-1.945,0.591,325.519,245.995,2.000
70337,1.105,4.267,50.628,-1.949,0.583,325.781,246.300,2.000
70338,1.105,4.267,50.595,-1.953,0.593,326.044,246.300,2.000
70339,1.105,4.267,50.595,-1.949,0.591,326.044,245.995,2.000
70340,1.105,4.267,50.595,-1.949,0.587,326.306,246.300,2.000
70341,1.105,4.267,50.595,-1.961,0.596,326.306,247.213,2.000
70342,1.155,4.372,50.595,-1.957,0.585,326.306,247.518,2.000
70343,1.155,4.372,50.595,-1.953,0.595,326.569,247.518,2.000
70344,1.155,4.372,50.595,-1.957,0.593,326.569,247.518,2.000
70345,1.155,4.372,50.595,-1.949,0.590,326.832,247.518,2.000
70346,1.155,4.372,50.628,-1.957,0.597,326.832,247.213,2.000
70347,1.155,4.372,50.628,-1.957,0.588,326.832,247.213,2.000
70348,1.155,4.372,50.660,-1.953,0.606,326.832,248.127,2.000
70349,1.155,4.372,50.660,-1.953,0.604,327.094,248.735,2.000
70350,1.155,4.372,50.693,-1.953,0.605,327.094,248.735,2.000
70351,1.155,4.372,50.693,-1.957,0.611,327.094,249.040,2.000
70352,1.206,4.612,50.725,-1.953,0.600,327.094,249.040,2.000
70353,1.206,4.612,50.725,-1.949,0.607,327.094,249.040,2.000
70354,1.206,4.612,50.758,-1.941,0.600,327.094,249.040,2.000
70355,1.206,4.612,50.758,-1.941,0.606,327.094,249.040,2.000
70356,1.206,4.612,50.758,-1.937,0.607,327.094,249.040,2.000
70357,1.206,4.612,50.758,-1.937,0.601,327.094,249.040,2.000
70358,1.206,4.612,50.758,-1.937,0.608,327.357,249.040,2.000
70359,1.206,4.612,50.791,-1.929,0.597,327.357,249.040,2.000
70360,1.206,4.612,50.791,-1.937,0.605,327.357,249.040,2.000
70361,1.206,4.612,50.791,-1.933,0.601,327.357,248.735,2.000
70362,1.040,4.855,50.791,-1.925,0.602,327.094,248.735,2.000
70363,1.040,4.855,50.791,-1.925,0.609,327.357,249.040,2.000
70364,1.040,4.855,50.758,-1.922,0.597,327.357,249.040,2.000
70365,1.040,4.855,50.758,-1.922,0.607,327.619,249.040,2.000
70366,1.040,4.855,50.758,-1.918,0.600,327.357,249.040,2.000
70367,1.040,4.855,50.758,-1.914,0.605,327.357,249.040,2.000
70368,1.040,4.855,50.725,-1.906,0.605,327.094,249.040,2.000
70369,1.040,4.855,50.725,-1.914,0.598,327.357,248.735,2.000
70370,1.040,4.855,50.725,-1.914,0.606,327.094,248.735,2.000
70371,1.040,4.855,50.693,-1.914,0.598,327.094,248.735,2.000
70372,0.875,4.770,50.693,-1.906,0.605,327.094,249.040,2.000
70373,0.875,4.770,50.693,-1.902,0.602,326.832,248.735,2.000
70374,0.875,4.770,50.660,-1.906,0.600,326.569,249.040,2.000
70375,0.875,4.770,50.660,-1.918,0.606,326.569,248.735,2.000
70376,0.875,4.770,50.628,-1.906,0.597,326.569,248.735,2.000
70377,0.875,4.770,50.628,-1.898,0.608,326.569,248.735,2.000
70378,0.875,4.770,50.628,-1.898,0.601,326.569,248.735,2.000
70379,0.875,4.770,50.628,-1.914,0.603,326.569,248.735,2.000
70380,0.875,4.770,50.595,-1.914,0.607,326.306,248.735,2.000
70381,0.875,4.770,50.595,-1.914,0.598,326.044,248.735,2.000
70382,1.074,4.681,50.595,-1.922,0.605,325.781,248.735,2.000
70383,1.074,4.681,50.595,-1.902,0.599,326.044,248.735,2.000
70384,1.074,4.681,50.628,-1.925,0.603,325.781,248.431,2.000
70385,1.074,4.681,50.628,-1.918,0.605,325.781,248.431,2.000
70386,1.074,4.681,50.628,-1.918,0.598,325.781,248.735,2.000
70387,1.074,4.681,50.628,-1.922,0.606,325.519,248.735,2.000
70388,1.074,4.681,50.628,-1.922,0.598,325.256,249.040,2.000
70389,1.074,4.681,50.628,-1.922,0.605,325.256,248.735,2.000
70390,1.074,4.681,50.660,-1.929,0.605,325.256,248.735,2.000
70391,1.074,4.681,50.693,-1.922,0.600,325.256,248.735,2.000
70392,1.272,4.927,50.693,-1.922,0.608,324.994,248.735,2.000
70393,1.272,4.927,50.693,-1.929,0.597,324.731,248.735,2.000
70394,1.272,4.927,50.725,-1.929,0.607,324.469,248.735,2.000
70395,1.272,4.927,50.725,-1.933,0.604,324.469,248.735,2.000
70396,1.272,4.927,50.758,-1.937,0.600,324.469,248.735,2.000
70397,1.272,4.927,50.758,-1.929,0.607,324.469,249.040,2.000
70398,1.272,4.927,50.758,-1.933,0.596,324.469,249.040,2.000
70399,1.272,4.927,50.758,-1.945,0.605,324.206,248.735,2.000
70400,1.272,4.927,50.791,-1.937,0.601,324.206,248.735,2.000
70401,1.272,4.927,50.791,-1.941,0.604,323.944,248.735,2.000
70402,1.132,5.178,50.791,-1.933,0.607,323.944,248.735,2.000
70403,1.132,5.178,50.791,-1.941,0.596,323.944,248.431,2.000
70404,1.132,5.178,50.791,-1.937,0.605,323.681,248.127,2.000
70405,1.132,5.178,50.758,-1.937,0.598,323.681,248.127,2.000
70406,1.132,5.178,50.758,-1.929,0.604,323.681,248.127,2.000
70407,1.132,5.178,50.758,-1.933,0.606,323.419,248.127,2.000
70408,1.132,5.178,50.758,-1.922,0.595,323.156,248.127,2.000
70409,1.132,5.178,50.725,-1.929,0.605,323.156,248.127,2.000
70410,1.132,5.178,50.725,-1.925,0.600,323.156,248.127,2.000
70411,1.132,5.178,50.725,-1.925,0.599,322.894,248.127,2.000
70412,0.991,5.300,50.725,-1.922,0.605,322.894,248.431,2.000
70413,0.991,5.300,50.693,-1.918,0.593,322.631,248.127,2.000
70414,0.991,5.300,50.693,-1.922,0.604,322.631,248.127,2.000
70415,0.991,5.300,50.693,-1.918,0.602,322.631,247.822,2.000
70416,0.991,5.300,50.660,-1.914,0.596,322.631,248.127,2.000
70417,0.991,5.300,50.660,-1.910,0.605,322.369,248.127,2.000
70418,0.991,5.300,50.660,-1.910,0.595,322.369,248.127,2.000
70419,0.991,5.300,50.628,-1.906,0.604,322.369,247.822,2.000
70420,0.991,5.300,50.628,-1.902,0.605,322.369,247.822,2.000
70421,0.991,5.300,50.628,-1.902,0.595,322.369,247.822,2.000
70422,1.105,5.420,50.595,-1.898,0.604,322.369,247.822,2.000
70423,1.105,5.420,50.595,-1.894,0.596,322.369,247.822,2.000
70424,1.105,5.420,50.595,-1.898,0.603,322.369,247.822,2.000
70425,1.105,5.420,50.628,-1.890,0.603,322.369,247.822,2.000
70426,1.105,5.420,50.595,-1.890,0.596,322.369,247.822,2.000
70427,1.105,5.420,50.628,-1.886,0.604,322.369,247.822,2.000
70428,1.105,5.420,50.628,-1.886,0.597,322.106,247.822,2.000
70429,1.105,5.420,50.628,-1.886,0.604,322.106,248.127,2.000
70430,1.105,5.420,50.660,-1.882,0.603,322.106,247.822,2.000
70431,1.105,5.420,50.660,-1.886,0.598,322.106,247.822,2.000
70432,1.221,5.434,50.660,-1.886,0.605,322.106,247.822,2.000
70433,1.221,5.434,50.693,-1.882,0.595,322.106,247.822,2.000
70434,1.221,5.434,50.693,-1.882,0.605,322.106,247.822,2.000
70435,1.221,5.434,50.725,-1.875,0.601,321.844,247.822,2.000
70436,1.221,5.434,50.725,-1.886,0.598,322.106,247.822,2.000
70437,1.221,5.434,50.758,-1.882,0.605,322.106,248.127,2.000
70438,1.221,5.434,50.758,-1.890,0.594,322.106,247.822,2.000
70439,1.221,5.434,50.758,-1.879,0.604,322.106,247.822,2.000
70440,1.221,5.434,50.758,-1.894,0.603,322.106,247.822,2.000
70441,1.221,5.434,50.791,-1.886,0.599,322.106,247.822,2.000
70442,1.152,5.448,50.791,-1.886,0.603,322.106,247.822,2.000
70443,1.152,5.448,50.791,-1.886,0.600,322.106,248.127,2.000
70444,1.152,5.448,50.791,-1.890,0.605,322.369,248.127,2.000
70445,1.152,5.448,50.791,-1.894,0.595,322.369,248.127,2.000
70446,1.152,5.448,50.791,-1.894,0.606,322.369,248.127,2.000
70447,1.152,5.448,50.791,-1.898,0.604,322.369,247.822,2.000
70448,1.152,5.448,50.758,-1.898,0.599,322.369,248.127,2.000
70449,1.152,5.448,50.758,-1.902,0.605,322.369,248.127,2.000
70450,1.152,5.448,50.758,-1.898,0.599,322.631,248.127,2.000
70451,1.152,5.448,50.758,-1.898,0.595,322.631,247.822,2.000
70452,1.084,5.328,50.725,-1.902,0.605,322.894,248.127,2.000
70453,1.084,5.328,50.693,-1.902,0.598,322.631,248.127,2.000
70454,1.084,5.328,50.693,-1.902,0.601,322.631,247.822,2.000
70455,1.084,5.328,50.693,-1.910,0.596,322.894,248.127,2.000
70456,1.084,5.328,50.660,-1.910,0.606,322.894,247.822,2.000
70457,1.084,5.328,50.660,-1.910,0.604,322.894,247.822,2.000
70458,1.084,5.328,50.628,-1.906,0.596,323.156,247.822,2.000
70459,1.084,5.328,50.628,-1.910,0.605,323.419,247.822,2.000
70460,1.084,5.328,50.628,-1.902,0.594,323.419,247.822,2.000
70461,1.084,5.328,50.595,-1.910,0.605,323.419,247.822,2.000
70462,1.146,5.205,50.595,-1.894,0.602,323.419,247.822,2.000
70463,1.146,5.205,50.595,-1.906,0.599,323.681,247.822,2.000
70464,1.146,5.205,50.595,-1.898,0.606,323.681,247.822,2.000
70465,1.146,5.205,50.595,-1.894,0.596,323.944,247.822,2.000
70466,1.146,5.205,50.595,-1.902,0.603,323.944,248.127,2.000
70467,1.146,5.205,50.628,-1.906,0.605,323.944,247.822,2.000
70468,1.146,5.205,50.595,-1.890,0.596,323.944,247.822,2.000
70469,1.146,5.205,50.628,-1.882,0.605,324.206,247.822,2.000
70470,1.146,5.205,50.628,-1.886,0.598,324.206,247.822,2.000
70471,1.146,5.205,50.660,-1.886,0.605,324.206,247.822,2.000
70472,1.209,5.151,50.660,-1.882,0.604,324.469,247.822,2.000
70473,1.209,5.151,50.660,-1.875,0.597,324.469,247.822,2.000
70474,1.209,5.151,50.693,-1.875,0.603,324.206,248.127,2.000
70475,1.209,5.151,50.693,-1.879,0.596,324.469,248.127,2.000
70476,1.209,5.151,50.693,-1.871,0.605,324.731,248.127,2.000
70477,1.209,5.151,50.725,-1.875,0.604,324.731,247.822,2.000
70478,1.209,5.151,50.758,-1.871,0.598,324.731,248.127,2.000
70479,1.209,5.151,50.758,-1.871,0.604,325.256,248.127,2.000
70480,1.209,5.151,50.758,-1.859,0.596,325.256,248.127,2.000
70481,1.209,5.151,50.758,-1.859,0.604,325.256,248.127,2.000
70482,1.045,5.101,50.791,-1.859,0.603,325.256,247.822,2.000
70483,1.045,5.101,50.791,-1.847,0.599,325.256,247.822,2.000
70484,1.045,5.101,50.791,-1.855,0.604,325.519,248.127,2.000
70485,1.045,5.101,50.791,-1.855,0.595,325.781,248.127,2.000
70486,1.045,5.101,50.791,-1.847,0.605,325.781,248.127,2.000
70487,1.045,5.101,50.791,-1.847,0.604,325.781,247.822,2.000
70488,1.045,5.101,50.758,-1.847,0.596,325.781,248.127,2.000
70489,1.045,5.101,50.758,-1.851,0.605,325.781,248.127,2.000
70490,1.045,5.101,50.758,-1.847,0.596,326.044,248.127,2.000
70491,1.045,5.101,50.725,-1.843,0.607,326.044,248.127,2.000
70492,0.879,4.915,50.725,-1.847,0.604,326.306,248.127,2.000
70493,0.879,4.915,50.693,-1.851,0.598,326.044,248.431,2.000
70494,0.879,4.915,50.725,-1.847,0.608,326.044,248.735,2.000
70495,0.879,4.915,50.693,-1.843,0.596,326.044,248.735,2.000
70496,0.879,4.915,50.693,-1.847,0.605,326.306,248.735,2.000
70497,0.879,4.915,50.660,-1.863,0.602,326.306,248.431,2.000
70498,0.879,4.915,50.660,-1.847,0.603,326.306,248.431,2.000
70499,0.879,4.915,50.660,-1.851,0.604,326.569,248.735,2.000
70500,0.879,4.915,50.628,-1.851,0.597,326.569,248.735,2.000
70501,0.879,4.915,50.628,-1.855,0.606,326.832,248.431,2.000
70502,0.800,4.727,50.628,-1.855,0.598,326.569,248.431,2.000
70503,0.800,4.727,50.595,-1.859,0.606,326.569,248.735,2.000
70504,0.800,4.727,50.595,-1.855,0.602,326.832,248.735,2.000
70505,0.800,4.727,50.595,-1.859,0.600,326.832,248.735,2.000
70506,0.800,4.727,50.595,-1.855,0.607,326.832,248.735,2.000
70507,0.800,4.727,50.595,-1.867,0.597,326.832,248.735,2.000
70508,0.800,4.727,50.595,-1.863,0.605,326.832,248.735,2.000
70509,0.800,4.727,50.595,-1.859,0.599,326.832,248.735,2.000
70510,0.800,4.727,50.595,-1.871,0.604,327.094,248.431,2.000
70511,0.800,4.727,50.628,-1.871,0.604,327.094,248.735,2.000
70512,0.723,5.030,50.628,-1.867,0.598,327.094,248.735,2.000
70513,0.723,5.030,50.660,-1.871,0.605,327.094,248.735,2.000
70514,0.723,5.030,50.660,-1.863,0.596,326.832,248.735,2.000
70515,0.723,5.030,50.693,-1.867,0.607,326.832,248.735,2.000
70516,0.723,5.030,50.693,-1.871,0.601,326.832,248.735,2.000
70517,0.723,5.030,50.725,-1.863,0.599,327.094,248.735,2.000
70518,0.723,5.030,50.725,-1.859,0.605,326.832,248.735,2.000
70519,0.723,5.030,50.758,-1.863,0.596,327.094,248.735,2.000
70520,0.723,5.030,50.758,-1.867,0.605,327.094,248.735,2.000
70521,0.723,5.030,50.758,-1.867,0.598,327.094,248.735,2.000
70522,0.783,5.331,50.758,-1.867,0.607,326.832,248.735,2.000
70523,0.783,5.331,50.758,-1.859,0.604,326.569,248.735,2.000
70524,0.783,5.331,50.791,-1.855,0.599,326.569,248.735,2.000
70525,0.783,5.331,50.791,-1.847,0.606,326.832,248.735,2.000
70526,0.783,5.331,50.791,-1.851,0.596,326.569,248.735,2.000
70527,0.783,5.331,50.791,-1.843,0.607,326.569,248.735,2.000
70528,0.783,5.331,50.791,-1.855,0.599,326.569,248.735,2.000
70529,0.783,5.331,50.758,-1.847,0.605,326.306,248.735,2.000
70530,0.783,5.331,50.791,-1.847,0.605,326.306,249.040,2.000
70531,0.783,5.331,50.758,-1.832,0.599,326.306,249.040,2.000
70532,0.845,5.229,50.758,-1.836,0.609,326.306,248.735,2.000
70533,0.845,5.229,50.725,-1.839,0.596,326.306,248.735,2.000
70534,0.845,5.229,50.725,-1.828,0.604,325.781,248.735,2.000
70535,0.845,5.229,50.725,-1.828,0.601,325.781,248.735,2.000
70536,0.845,5.229,50.693,-1.816,0.603,325.781,248.735,2.000
70537,0.845,5.229,50.693,-1.828,0.605,325.781,248.431,2.000
70538,0.845,5.229,50.693,-1.820,0.596,325.781,248.735,2.000
70539,0.845,5.229,50.660,-1.816,0.606,325.781,248.735,2.000
70540,0.845,5.229,50.660,-1.808,0.598,325.519,248.431,2.000
70541,0.845,5.229,50.628,-1.808,0.605,325.519,248.735,2.000
70542,0.957,5.125,50.628,-1.808,0.603,325.256,248.431,2.000
70543,0.957,5.125,50.628,-1.812,0.600,325.256,248.431,2.000
70544,0.957,5.125,50.628,-1.808,0.606,324.994,248.431,2.000
70545,0.957,5.125,50.595,-1.804,0.596,324.994,248.735,2.000
70546,0.957,5.125,50.595,-1.800,0.606,324.994,248.735,2.000
70547,0.957,5.125,50.595,-1.804,0.603,324.731,248.431,2.000
70548,0.957,5.125,50.595,-1.808,0.597,324.469,248.431,2.000
70549,0.957,5.125,50.595,-1.808,0.607,324.469,248.431,2.000
70550,0.957,5.125,50.595,-1.804,0.598,324.469,248.735,2.000
70551,0.957,5.125,50.628,-1.800,0.605,324.206,248.735,2.000
70552,1.068,5.021,50.628,-1.812,0.605,323.944,248.735,2.000
70553,1.068,5.021,50.628,-1.808,0.596,323.944,248.431,2.000
70554,1.068,5.021,50.628,-1.804,0.604,323.681,248.127,2.000
70555,1.068,5.021,50.660,-1.812,0.597,323.419,247.822,2.000
70556,1.068,5.021,50.693,-1.804,0.603,323.419,247.822,2.000
70557,1.068,5.021,50.693,-1.820,0.605,323.156,248.127,2.000
70558,1.068,5.021,50.693,-1.824,0.592,323.156,247.822,2.000
70559,1.068,5.021,50.725,-1.804,0.604,323.156,247.822,2.000
70560,1.068,5.021,50.725,-1.812,0.602,323.156,247.822,2.000
70561,1.068,5.021,50.758,-1.816,0.596,322.894,247.822,2.000
70562,1.108,4.918,50.758,-1.812,0.604,322.894,247.822,2.000
70563,1.108,4.918,50.791,-1.816,0.598,322.631,248.127,2.000
70564,1.108,4.918,50.791,-1.816,0.603,322.369,247.822,2.000
70565,1.108,4.918,50.791,-1.812,0.604,322.631,247.822,2.000
70566,1.108,4.918,50.791,-1.820,0.595,322.369,247.822,2.000
70567,1.108,4.918,50.791,-1.824,0.605,322.369,248.127,2.000
70568,1.108,4.918,50.791,-1.828,0.599,322.369,248.127,2.000
70569,1.108,4.918,50.791,-1.824,0.601,322.106,248.127,2.000
70570,1.108,4.918,50.791,-1.824,0.607,322.369,247.822,2.000
70571,1.108,4.918,50.758,-1.828,0.596,322.369,248.127,2.000
70572,1.150,4.962,50.758,-1.824,0.604,322.369,247.822,2.000
70573,1.150,4.962,50.758,-1.824,0.599,322.106,247.822,2.000
70574,1.150,4.962,50.758,-1.820,0.600,322.106,248.127,2.000
70575,1.150,4.962,50.758,-1.820,0.605,322.106,247.822,2.000
70576,1.150,4.962,50.725,-1.820,0.595,322.106,248.127,2.000
70577,1.150,4.962,50.725,-1.816,0.606,322.106,248.127,2.000
70578,1.150,4.962,50.725,-1.816,0.601,322.106,247.822,2.000
70579,1.150,4.962,50.693,-1.812,0.599,322.106,247.822,2.000
70580,1.150,4.962,50.660,-1.812,0.605,322.106,247.822,2.000
70581,1.150,4.962,50.660,-1.804,0.595,322.106,247.822,2.000
70582,1.099,5.008,50.660,-1.804,0.605,322.106,247.822,2.000
70583,1.099,5.008,50.628,-1.804,0.603,322.106,247.822,2.000
70584,1.099,5.008,50.628,-1.800,0.605,322.106,247.822,2.000
70585,1.099,5.008,50.628,-1.800,0.600,322.106,248.127,2.000
70586,1.099,5.008,50.595,-1.797,0.599,322.369,248.127,2.000
70587,1.099,5.008,50.595,-1.797,0.606,322.369,248.127,2.000
70588,1.099,5.008,50.628,-1.789,0.595,322.369,248.127,2.000
70589,1.099,5.008,50.595,-1.789,0.604,322.106,247.822,2.000
70590,1.099,5.008,50.595,-1.789,0.603,322.369,248.127,2.000
70591,1.099,5.008,50.595,-1.789,0.598,322.369,248.127,2.000
70592,1.048,4.856,50.628,-1.781,0.605,322.631,248.127,2.000
70593,1.048,4.856,50.595,-1.785,0.595,322.369,247.822,2.000
70594,1.048,4.856,50.628,-1.773,0.604,322.369,247.822,2.000
70595,1.048,4.856,50.628,-1.769,0.604,322.631,247.822,2.000
70596,1.048,4.856,50.660,-1.762,0.596,322.631,248.127,2.000
70597,1.048,4.856,50.660,-1.762,0.603,322.631,248.127,2.000
70598,1.048,4.856,50.660,-1.762,0.599,322.631,248.127,2.000
70599,1.048,4.856,50.693,-1.758,0.602,322.631,248.127,2.000
70600,1.048,4.856,50.725,-1.758,0.605,322.894,247.822,2.000
70601,1.048,4.856,50.725,-1.758,0.595,322.894,248.127,2.000
70602,1.116,4.703,50.725,-1.758,0.605,322.894,248.127,2.000
70603,1.116,4.703,50.725,-1.754,0.600,322.894,248.127,2.000
70604,1.116,4.703,50.758,-1.758,0.601,322.894,248.127,2.000
70605,1.116,4.703,50.758,-1.754,0.605,323.156,248.127,2.000
70606,1.116,4.703,50.758,-1.758,0.595,323.156,248.127,2.000
70607,1.116,4.703,50.791,-1.758,0.603,323.156,248.127,2.000
70608,1.116,4.703,50.791,-1.762,0.601,323.156,248.127,2.000
70609,1.116,4.703,50.791,-1.758,0.600,322.894,248.127,2.000
70610,1.116,4.703,50.758,-1.758,0.606,323.156,247.822,2.000
70611,1.116,4.703,50.791,-1.758,0.596,323.156,248.127,2.000
70612,1.184,4.744,50.791,-1.758,0.603,323.419,247.822,2.000
70613,1.184,4.744,50.758,-1.758,0.601,323.419,248.127,2.000
70614,1.184,4.744,50.758,-1.762,0.599,323.419,248.127,2.000
70615,1.184,4.744,50.758,-1.758,0.604,323.156,248.127,2.000
70616,1.184,4.744,50.758,-1.758,0.596,323.419,247.822,2.000
70617,1.184,4.744,50.725,-1.765,0.604,323.681,247.822,2.000
70618,1.184,4.744,50.725,-1.758,0.601,323.681,247.822,2.000
70619,1.184,4.744,50.725,-1.762,0.599,323.681,247.822,2.000
70620,1.184,4.744,50.693,-1.765,0.604,323.944,247.822,2.000
70621,1.184,4.744,50.693,-1.765,0.597,323.944,247.822,2.000
70622,1.051,4.787,50.660,-1.765,0.603,324.206,247.822,2.000
70623,1.051,4.787,50.660,-1.769,0.603,324.206,247.822,2.000
70624,1.051,4.787,50.628,-1.773,0.598,324.206,247.822,2.000
70625,1.051,4.787,50.628,-1.773,0.605,324.206,247.822,2.000
70626,1.051,4.787,50.628,-1.769,0.597,324.469,247.822,2.000
70627,1.051,4.787,50.595,-1.773,0.602,324.731,247.822,2.000
70628,1.051,4.787,50.595,-1.769,0.605,324.731,247.822,2.000
70629,1.051,4.787,50.595,-1.777,0.595,324.731,247.822,2.000
70630,1.051,4.787,50.595,-1.773,0.605,324.731,247.822,2.000
70631,1.051,4.787,50.595,-1.769,0.598,324.994,247.822,2.000
70632,0.920,4.744,50.595,-1.765,0.601,324.994,247.822,2.000
70633,0.920,4.744,50.595,-1.769,0.604,325.256,248.127,2.000
70634,0.920,4.744,50.628,-1.762,0.594,325.256,247.822,2.000
70635,0.920,4.744,50.628,-1.762,0.605,325.256,247.822,2.000
70636,0.920,4.744,50.628,-1.762,0.600,325.256,247.822,2.000
70637,0.920,4.744,50.660,-1.758,0.598,325.519,248.127,2.000
70638,0.920,4.744,50.660,-1.754,0.604,325.519,248.127,2.000
70639,0.920,4.744,50.660,-1.750,0.595,325.519,248.127,2.000
70640,0.920,4.744,50.693,-1.746,0.604,325.781,248.127,2.000
70641,0.920,4.744,50.693,-1.750,0.603,326.044,248.127,2.000
70642,1.026,4.700,50.725,-1.750,0.596,326.044,248.127,2.000
70643,1.026,4.700,50.725,-1.738,0.605,326.044,248.127,2.000
70644,1.026,4.700,50.725,-1.746,0.597,326.044,248.127,2.000
70645,1.026,4.700,50.758,-1.738,0.604,326.306,248.431,2.000
70646,1.026,4.700,50.758,-1.738,0.604,326.306,248.735,2.000
70647,1.026,4.700,50.758,-1.727,0.599,326.569,248.735,2.000
70648,1.026,4.700,50.791,-1.727,0.608,326.569,248.735,2.000
70649,1.026,4.700,50.791,-1.727,0.598,326.569,248.735,2.000
70650,1.026,4.700,50.791,-1.723,0.607,326.569,248.735,2.000
70651,1.026,4.700,50.791,-1.719,0.600,326.832,248.735,2.000
70652,1.132,4.961,50.758,-1.707,0.604,327.094,248.735,2.000
70653,1.132,4.961,50.758,-1.711,0.604,327.094,248.735,2.000
70654,1.132,4.961,50.758,-1.707,0.599,327.094,248.735,2.000
70655,1.132,4.961,50.758,-1.703,0.605,327.094,248.735,2.000
70656,1.132,4.961,50.758,-1.699,0.596,327.094,248.735,2.000
70657,1.132,4.961,50.758,-1.699,0.605,327.094,248.735,2.000
70658,1.132,4.961,50.725,-1.707,0.602,327.094,248.735,2.000
70659,1.132,4.961,50.725,-1.692,0.601,327.094,248.735,2.000
70660,1.132,4.961,50.725,-1.703,0.605,327.357,248.735,2.000
70661,1.132,4.961,50.693,-1.711,0.595,327.357,248.735,2.000
70662,1.135,5.222,50.693,-1.703,0.606,327.357,248.735,2.000
70663,1.135,5.222,50.660,-1.696,0.600,327.357,248.735,2.000
70664,1.135,5.222,50.660,-1.688,0.605,327.094,248.735,2.000
70665,1.135,5.222,50.628,-1.692,0.604,327.094,248.735,2.000
70666,1.135,5.222,50.628,-1.707,0.598,327.094,248.735,2.000
70667,1.135,5.222,50.628,-1.707,0.605,327.094,248.431,2.000
70668,1.135,5.222,50.628,-1.715,0.598,327.094,248.431,2.000
70669,1.135,5.222,50.595,-1.707,0.605,326.832,248.735,2.000
70670,1.135,5.222,50.595,-1.699,0.603,326.832,248.735,2.000
70671,1.135,5.222,50.595,-1.692,0.599,327.094,248.735,2.000
70672,1.136,5.136,50.595,-1.696,0.607,326.832,248.735,2.000
70673,1.136,5.136,50.595,-1.707,0.596,326.832,248.735,2.000
70674,1.136,5.136,50.595,-1.703,0.606,326.569,248.431,2.000
70675,1.136,5.136,50.628,-1.707,0.600,326.569,248.735,2.000
70676,1.136,5.136,50.628,-1.703,0.601,326.569,248.735,2.000
70677,1.136,5.136,50.628,-1.711,0.605,326.569,248.735,2.000
70678,1.136,5.136,50.660,-1.703,0.596,326.569,248.431,2.000
70679,1.136,5.136,50.660,-1.711,0.605,326.306,248.431,2.000
70680,1.136,5.136,50.693,-1.711,0.597,326.569,248.431,2.000
70681,1.136,5.136,50.693,-1.707,0.604,326.569,248.735,2.000
70682,1.093,5.049,50.725,-1.711,0.605,326.306,248.735,2.000
70683,1.093,5.049,50.725,-1.715,0.597,326.306,248.735,2.000
70684,1.093,5.049,50.758,-1.719,0.607,326.306,248.735,2.000
70685,1.093,5.049,50.758,-1.711,0.597,326.044,248.735,2.000
70686,1.093,5.049,50.758,-1.715,0.606,326.306,248.735,2.000
70687,1.093,5.049,50.791,-1.711,0.602,326.044,248.735,2.000
70688,1.093,5.049,50.791,-1.715,0.601,326.044,248.735,2.000
70689,1.093,5.049,50.791,-1.715,0.607,326.044,248.735,2.000
70690,1.093,5.049,50.791,-1.707,0.596,325.781,248.735,2.000
70691,1.093,5.049,50.791,-1.707,0.606,325.781,248.735,2.000
70692,1.048,4.953,50.791,-1.703,0.599,325.781,248.735,2.000
70693,1.048,4.953,50.791,-1.703,0.602,325.519,248.431,2.000
70694,1.048,4.953,50.791,-1.696,0.604,325.519,248.735,2.000
70695,1.048,4.953,50.791,-1.692,0.597,325.256,248.735,2.000
70696,1.048,4.953,50.758,-1.692,0.607,324.994,248.735,2.000
70697,1.048,4.953,50.758,-1.688,0.596,324.994,248.431,2.000
70698,1.048,4.953,50.758,-1.688,0.606,324.994,248.431,2.000
70699,1.048,4.953,50.725,-1.684,0.601,324.731,248.431,2.000
70700,1.048,4.953,50.725,-1.680,0.601,324.731,248.431,2.000
70701,1.048,4.953,50.693,-1.680,0.608,324.731,248.431,2.000
70702,1.080,4.855,50.693,-1.672,0.595,324.731,248.431,2.000
70703,1.080,4.855,50.693,-1.672,0.605,324.469,248.735,2.000
70704,1.080,4.855,50.693,-1.668,0.598,324.469,248.431,2.000
70705,1.080,4.855,50.660,-1.665,0.604,324.206,248.431,2.000
70706,1.080,4.855,50.660,-1.661,0.607,324.206,248.431,2.000
70707,1.080,4.855,50.628,-1.661,0.598,324.206,248.431,2.000
70708,1.080,4.855,50.628,-1.661,0.604,323.944,248.431,2.000
70709,1.080,4.855,50.628,-1.657,0.599,323.944,248.431,2.000
70710,1.080,4.855,50.595,-1.653,0.603,323.681,248.127,2.000
70711,1.080,4.855,50.628,-1.649,0.604,323.681,247.822,2.000
70712,1.113,5.032,50.595,-1.649,0.594,323.419,248.127,2.000
70713,1.113,5.032,50.595,-1.641,0.603,323.419,247.822,2.000
70714,1.113,5.032,50.595,-1.637,0.604,323.419,247.822,2.000
70715,1.113,5.032,50.595,-1.637,0.603,323.156,247.822,2.000
70716,1.113,5.032,50.628,-1.637,0.604,322.894,247.822,2.000
70717,1.113,5.032,50.628,-1.645,0.596,322.631,247.822,2.000
70718,1.113,5.032,50.628,-1.634,0.603,322.631,247.822,2.000
70719,1.113,5.032,50.628,-1.637,0.599,322.369,247.822,2.000
70720,1.113,5.032,50.660,-1.637,0.596,322.369,247.822,2.000
70721,1.113,5.032,50.660,-1.637,0.603,322.369,248.127,2.000
70722,1.119,5.208,50.660,-1.637,0.604,322.369,248.127,2.000
70723,1.119,5.208,50.693,-1.637,0.594,322.106,247.822,2.000
70724,1.119,5.208,50.693,-1.641,0.604,321.844,248.127,2.000
70725,1.119,5.208,50.725,-1.649,0.596,321.844,248.127,2.000
70726,1.119,5.208,50.725,-1.637,0.605,321.844,248.127,2.000
70727,1.119,5.208,50.758,-1.634,0.601,321.844,248.431,2.000
70728,1.119,5.208,50.725,-1.641,0.598,321.844,248.127,2.000
70729,1.119,5.208,50.758,-1.641,0.605,321.844,248.127,2.000
70730,1.119,5.208,50.758,-1.641,0.595,321.581,248.127,2.000
70731,1.119,5.208,50.791,-1.645,0.606,321.581,248.127,2.000
70732,1.124,5.126,50.791,-1.637,0.605,321.844,248.127,2.000
70733,1.124,5.126,50.791,-1.641,0.596,321.581,248.127,2.000
70734,1.124,5.126,50.791,-1.649,0.604,321.581,248.127,2.000
70735,1.124,5.126,50.758,-1.641,0.597,321.581,248.127,2.000
70736,1.124,5.126,50.791,-1.649,0.604,321.319,247.822,2.000
70737,1.124,5.126,50.791,-1.649,0.603,321.581,247.822,2.000
70738,1.124,5.126,50.758,-1.653,0.597,321.581,248.127,2.000
70739,1.124,5.126,50.758,-1.653,0.604,321.581,248.127,2.000
70740,1.124,5.126,50.758,-1.649,0.598,321.581,248.127,2.000
70741,1.124,5.126,50.758,-1.653,0.601,321.581,248.127,2.000
70742,1.206,5.043,50.725,-1.657,0.604,321.844,248.127,2.000
70743,1.206,5.043,50.725,-1.657,0.597,321.844,247.822,2.000
70744,1.206,5.043,50.693,-1.649,0.604,321.844,248.127,2.000
70745,1.206,5.043,50.693,-1.649,0.598,321.844,247.822,2.000
70746,1.206,5.043,50.660,-1.649,0.604,322.106,247.822,2.000
70747,1.206,5.043,50.660,-1.645,0.604,322.106,247.822,2.000
70748,1.206,5.043,50.660,-1.641,0.595,322.106,247.822,2.000
70749,1.206,5.043,50.628,-1.634,0.603,322.106,248.127,2.000
70750,1.206,5.043,50.628,-1.641,0.600,322.106,248.127,2.000
70751,1.206,5.043,50.628,-1.637,0.600,322.106,247.822,2.000
70752,1.286,7.132,50.628,-1.634,0.606,322.106,247.822,2.000
70753,1.286,7.132,50.628,-1.630,0.594,322.106,247.822,2.000
70754,1.286,7.132,50.628,-1.630,0.603,322.369,247.822,2.000
70755,1.286,7.132,50.595,-1.634,0.599,322.106,247.822,2.000
70756,1.286,7.132,50.595,-1.622,0.599,322.106,247.822,2.000
70757,1.286,7.132,50.595,-1.618,0.604,322.369,247.822,2.000
70758,1.286,7.132,50.595,-1.618,0.595,322.369,247.822,2.000
70759,1.286,7.132,50.628,-1.614,0.603,322.369,247.822,2.000
70760,1.286,7.132,50.628,-1.614,0.604,322.631,247.822,2.000
70761,1.286,7.132,50.628,-1.606,0.596,322.631,247.822,2.000
70762,1.190,9.224,50.660,-1.606,0.602,322.894,248.127,2.000
70763,1.190,9.224,50.660,-1.603,0.598,322.894,248.127,2.000
70764,1.190,9.224,50.660,-1.603,0.604,322.894,248.127,2.000
70765,1.190,9.224,50.693,-1.595,0.604,322.894,248.127,2.000
70766,1.190,9.224,50.725,-1.591,0.596,323.156,248.127,2.000
70767,1.190,9.224,50.725,-1.587,0.603,323.156,248.127,2.000
70768,1.190,9.224,50.725,-1.583,0.599,323.419,248.127,2.000
70769,1.190,9.224,50.758,-1.583,0.601,323.156,248.127,2.000
70770,1.190,9.224,50.758,-1.587,0.605,323.419,248.127,2.000
70771,1.190,9.224,50.758,-1.583,0.596,323.419,248.127,2.000
70772,1.093,8.256,50.791,-1.583,0.605,323.419,248.127,2.000
70773,1.093,8.256,50.791,-1.579,0.598,323.681,248.127,2.000
70774,1.093,8.256,50.791,-1.579,0.600,323.681,248.127,2.000
70775,1.093,8.256,50.791,-1.579,0.605,323.681,248.127,2.000
70776,1.093,8.256,50.791,-1.579,0.595,323.419,248.127,2.000
70777,1.093,8.256,50.791,-1.568,0.603,323.681,248.127,2.000
70778,1.093,8.256,50.791,-1.579,0.600,323.681,247.822,2.000
70779,1.093,8.256,50.791,-1.579,0.601,323.944,248.127,2.000
70780,1.093,8.256,50.758,-1.579,0.605,323.681,248.127,2.000
70781,1.093,8.256,50.758,-1.579,0.595,323.944,247.822,2.000
70782,1.161,7.284,50.758,-1.583,0.607,324.206,247.822,2.000
70783,1.161,7.284,50.725,-1.583,0.601,324.206,247.822,2.000
70784,1.161,7.284,50.725,-1.583,0.600,324.206,248.127,2.000
70785,1.161,7.284,50.725,-1.583,0.604,324.206,247.822,2.000
70786,1.161,7.284,50.693,-1.576,0.595,324.206,247.822,2.000
70787,1.161,7.284,50.693,-1.591,0.605,324.469,248.127,2.000
70788,1.161,7.284,50.693,-1.583,0.603,324.731,247.822,2.000
70789,1.161,7.284,50.660,-1.579,0.600,324.469,247.822,2.000