# Observations are from aircraft data file: 20160425a_r2
# Species is: cims, c5h8
Year,Mn,Day,TimeUTC,Lat,Long,Alt,Value_ppb
2016,4,25,15.96944,36.7608,-96.0110,222.0,-0.99990E+01
2016,4,25,15.96972,36.7602,-96.0110,226.0,-0.99990E+01
2016,4,25,15.97000,36.7597,-96.0110,228.0,-0.99990E+01
2016,4,25,15.97028,36.7592,-96.0110,233.0,-0.99990E+01
2016,4,25,15.97056,36.7587,-96.0110,237.0,-0.99990E+01
2016,4,25,15.97083,36.7580,-96.0108,241.0,-0.99990E+01
2016,4,25,15.97111,36.7573,-96.0108,245.0,-0.99990E+01
2016,4,25,15.97139,36.7568,-96.0108,250.0,-0.99990E+01
2016,4,25,15.97167,36.7562,-96.0108,255.0,-0.99990E+01
2016,4,25,15.97194,36.7555,-96.0108,259.0,-0.99990E+01
2016,4,25,15.97222,36.7550,-96.0108,263.0,-0.99990E+01
2016,4,25,15.97250,36.7543,-96.0108,269.0,-0.99990E+01
2016,4,25,15.97278,36.7538,-96.0108,274.0,-0.99990E+01
2016,4,25,15.97305,36.7532,-96.0108,281.0,-0.99990E+01
2016,4,25,15.97333,36.7525,-96.0108,288.0,-0.99990E+01
2016,4,25,15.97361,36.7518,-96.0107,295.0,-0.99990E+01
2016,4,25,15.97389,36.7513,-96.0107,302.0,-0.99990E+01
2016,4,25,15.97417,36.7507,-96.0107,311.0,-0.99990E+01
2016,4,25,15.97444,36.7500,-96.0107,319.0,-0.99990E+01
2016,4,25,15.97472,36.7495,-96.0107,327.0,-0.99990E+01
2016,4,25,15.97500,36.7488,-96.0107,336.0,-0.99990E+01
2016,4,25,15.97528,36.7482,-96.0105,345.0,-0.99990E+01
2016,4,25,15.97556,36.7477,-96.0105,351.0,-0.99990E+01
2016,4,25,15.97583,36.7468,-96.0105,361.0,-0.99990E+01
2016,4,25,15.97611,36.7463,-96.0105,368.0,-0.99990E+01
2016,4,25,15.97639,36.7457,-96.0105,375.0,-0.99990E+01
2016,4,25,15.97667,36.7452,-96.0103,383.0,-0.99990E+01
2016,4,25,15.97694,36.7443,-96.0103,390.0,-0.99990E+01
2016,4,25,15.97722,36.7438,-96.0103,395.0,-0.99990E+01
2016,4,25,15.97750,36.7432,-96.0103,402.0,-0.99990E+01
2016,4,25,15.97778,36.7425,-96.0102,407.0,-0.99990E+01
2016,4,25,15.97805,36.7418,-96.0102,413.0,-0.99990E+01
2016,4,25,15.97833,36.7413,-96.0102,417.0,-0.99990E+01
2016,4,25,15.97861,36.7407,-96.0102,421.0,-0.99990E+01
2016,4,25,15.97889,36.7400,-96.0100,425.0,-0.99990E+01
2016,4,25,15.97917,36.7393,-96.0100,428.0,-0.99990E+01
2016,4,25,15.97944,36.7387,-96.0100,431.0,-0.99990E+01
2016,4,25,15.97972,36.7380,-96.0098,435.0,-0.99990E+01
2016,4,25,15.98000,36.7373,-96.0098,438.0,-0.99990E+01
2016,4,25,15.98028,36.7367,-96.0098,442.0,-0.99990E+01
2016,4,25,15.98056,36.7360,-96.0098,445.0,-0.99990E+01
2016,4,25,15.98083,36.7353,-96.0100,447.0,-0.99990E+01
2016,4,25,15.98111,36.7347,-96.0100,449.0,-0.99990E+01
2016,4,25,15.98139,36.7340,-96.0102,453.0,-0.99990E+01
2016,4,25,15.98167,36.7333,-96.0105,456.0,-0.99990E+01
2016,4,25,15.98194,36.7327,-96.0107,459.0,-0.99990E+01
2016,4,25,15.98222,36.7320,-96.0110,463.0,-0.99990E+01
2016,4,25,15.98250,36.7313,-96.0112,468.0,-0.99990E+01
2016,4,25,15.98278,36.7307,-96.0117,473.0,-0.99990E+01
2016,4,25,15.98306,36.7300,-96.0120,477.0,-0.99990E+01
2016,4,25,15.98333,36.7293,-96.0123,481.0,-0.99990E+01
2016,4,25,15.98361,36.7287,-96.0128,484.0,-0.99990E+01
2016,4,25,15.98389,36.7280,-96.0132,488.0,-0.99990E+01
2016,4,25,15.98417,36.7273,-96.0137,492.0,-0.99990E+01
2016,4,25,15.98444,36.7267,-96.0143,496.0,-0.99990E+01
2016,4,25,15.98472,36.7262,-96.0147,498.0,-0.99990E+01
2016,4,25,15.98500,36.7257,-96.0152,502.0,-0.99990E+01
2016,4,25,15.98528,36.7250,-96.0158,505.0,-0.99990E+01
2016,4,25,15.98556,36.7245,-96.0163,507.0,-0.99990E+01
2016,4,25,15.98583,36.7238,-96.0170,508.0,-0.99990E+01
2016,4,25,15.98611,36.7233,-96.0175,509.0,-0.99990E+01
2016,4,25,15.98639,36.7227,-96.0182,510.0,-0.99990E+01
2016,4,25,15.98667,36.7222,-96.0187,512.0,-0.99990E+01
2016,4,25,15.98695,36.7215,-96.0193,513.0,-0.99990E+01
2016,4,25,15.98722,36.7210,-96.0198,514.0,-0.99990E+01
2016,4,25,15.98750,36.7205,-96.0205,515.0,-0.99990E+01
2016,4,25,15.98778,36.7198,-96.0212,515.0,-0.99990E+01
2016,4,25,15.98806,36.7193,-96.0217,514.0,-0.99990E+01
2016,4,25,15.98833,36.7187,-96.0223,514.0,-0.99990E+01
2016,4,25,15.98861,36.7182,-96.0230,512.0,-0.99990E+01
2016,4,25,15.98889,36.7175,-96.0237,510.0,-0.99990E+01
2016,4,25,15.98917,36.7170,-96.0243,508.0,-0.99990E+01
2016,4,25,15.98944,36.7165,-96.0248,507.0,-0.99990E+01
2016,4,25,15.98972,36.7158,-96.0255,506.0,-0.99990E+01
2016,4,25,15.99000,36.7152,-96.0262,505.0,-0.99990E+01
2016,4,25,15.99028,36.7147,-96.0268,505.0,-0.99990E+01
2016,4,25,15.99056,36.7140,-96.0275,505.0,-0.99990E+01
2016,4,25,15.99083,36.7135,-96.0282,505.0,-0.99990E+01
2016,4,25,15.99111,36.7128,-96.0288,506.0,-0.99990E+01
2016,4,25,15.99139,36.7123,-96.0297,507.0,-0.99990E+01
2016,4,25,15.99167,36.7118,-96.0303,508.0,-0.99990E+01
2016,4,25,15.99194,36.7112,-96.0313,510.0,-0.99990E+01
2016,4,25,15.99222,36.7108,-96.0318,511.0,-0.99990E+01
2016,4,25,15.99250,36.7102,-96.0327,512.0,-0.99990E+01
2016,4,25,15.99278,36.7098,-96.0333,513.0,-0.99990E+01
2016,4,25,15.99306,36.7093,-96.0342,514.0,-0.99990E+01
2016,4,25,15.99333,36.7088,-96.0350,514.0,-0.99990E+01
2016,4,25,15.99361,36.7082,-96.0360,514.0,-0.99990E+01
2016,4,25,15.99389,36.7078,-96.0367,514.0,-0.99990E+01
2016,4,25,15.99417,36.7073,-96.0375,515.0,-0.99990E+01
2016,4,25,15.99444,36.7068,-96.0382,516.0,-0.99990E+01
2016,4,25,15.99472,36.7063,-96.0392,517.0,-0.99990E+01
2016,4,25,15.99500,36.7060,-96.0398,518.0,-0.99990E+01
2016,4,25,15.99528,36.7053,-96.0408,519.0,-0.99990E+01
2016,4,25,15.99556,36.7050,-96.0415,519.0,-0.99990E+01
2016,4,25,15.99583,36.7045,-96.0423,519.0,-0.99990E+01
2016,4,25,15.99611,36.7042,-96.0432,519.0,-0.99990E+01
2016,4,25,15.99639,36.7037,-96.0440,519.0,-0.99990E+01
2016,4,25,15.99667,36.7032,-96.0448,518.0,-0.99990E+01
2016,4,25,15.99694,36.7027,-96.0458,517.0,-0.99990E+01
2016,4,25,15.99722,36.7023,-96.0465,517.0,-0.99990E+01
2016,4,25,15.99750,36.7018,-96.0473,518.0,-0.99990E+01
2016,4,25,15.99778,36.7013,-96.0482,517.0,-0.99990E+01
2016,4,25,15.99806,36.7008,-96.0492,515.0,-0.99990E+01
2016,4,25,15.99833,36.7005,-96.0500,513.0,-0.99990E+01
2016,4,25,15.99861,36.6998,-96.0510,511.0,-0.99990E+01
2016,4,25,15.99889,36.6995,-96.0517,510.0,-0.99990E+01
2016,4,25,15.99917,36.6990,-96.0525,509.0,-0.99990E+01
2016,4,25,15.99944,36.6987,-96.0533,508.0,-0.99990E+01
2016,4,25,15.99972,36.6982,-96.0543,506.0,-0.99990E+01
2016,4,25,16.00000,36.6977,-96.0552,505.0,-0.99990E+01
2016,4,25,16.00028,36.6970,-96.0563,503.0,-0.99990E+01
2016,4,25,16.00056,36.6965,-96.0572,501.0,-0.99990E+01
2016,4,25,16.00083,36.6962,-96.0578,500.0,-0.99990E+01
2016,4,25,16.00111,36.6957,-96.0588,499.0,-0.99990E+01
2016,4,25,16.00139,36.6953,-96.0595,497.0,-0.99990E+01
2016,4,25,16.00167,36.6948,-96.0603,496.0,-0.99990E+01
2016,4,25,16.00194,36.6943,-96.0612,494.0,-0.99990E+01
2016,4,25,16.00222,36.6938,-96.0622,494.0,-0.99990E+01
2016,4,25,16.00250,36.6935,-96.0628,494.0,-0.99990E+01
2016,4,25,16.00278,36.6930,-96.0638,493.0,-0.99990E+01
2016,4,25,16.00306,36.6923,-96.0648,493.0,-0.99990E+01
2016,4,25,16.00333,36.6920,-96.0657,495.0,-0.99990E+01
2016,4,25,16.00361,36.6915,-96.0665,498.0,-0.99990E+01
2016,4,25,16.00389,36.6910,-96.0673,501.0,-0.99990E+01
2016,4,25,16.00417,36.6905,-96.0683,505.0,-0.99990E+01
2016,4,25,16.00444,36.6902,-96.0692,509.0,-0.99990E+01
2016,4,25,16.00472,36.6897,-96.0700,514.0,-0.99990E+01
2016,4,25,16.00500,36.6892,-96.0708,519.0,-0.99990E+01
2016,4,25,16.00528,36.6885,-96.0718,524.0,-0.99990E+01
2016,4,25,16.00556,36.6882,-96.0725,528.0,-0.99990E+01
2016,4,25,16.00583,36.6877,-96.0733,532.0,-0.99990E+01
2016,4,25,16.00611,36.6873,-96.0742,537.0,-0.99990E+01
2016,4,25,16.00639,36.6868,-96.0750,541.0,-0.99990E+01
2016,4,25,16.00667,36.6863,-96.0758,545.0,-0.99990E+01
2016,4,25,16.00694,36.6858,-96.0767,548.0,-0.99990E+01
2016,4,25,16.00722,36.6855,-96.0775,550.0,-0.99990E+01
2016,4,25,16.00750,36.6850,-96.0783,552.0,-0.99990E+01
2016,4,25,16.00778,36.6845,-96.0792,553.0,-0.99990E+01
2016,4,25,16.00805,36.6842,-96.0800,553.0,-0.99990E+01
2016,4,25,16.00833,36.6837,-96.0808,554.0,-0.99990E+01
2016,4,25,16.00861,36.6832,-96.0817,554.0,-0.99990E+01
2016,4,25,16.00889,36.6827,-96.0825,554.0,-0.99990E+01
2016,4,25,16.00917,36.6823,-96.0833,554.0,-0.99990E+01
2016,4,25,16.00945,36.6818,-96.0842,554.0,-0.99990E+01
2016,4,25,16.00972,36.6813,-96.0850,554.0,-0.99990E+01
2016,4,25,16.01000,36.6808,-96.0858,556.0,-0.99990E+01
2016,4,25,16.01028,36.6803,-96.0867,558.0,-0.99990E+01
2016,4,25,16.01056,36.6800,-96.0873,559.0,-0.99990E+01
2016,4,25,16.01083,36.6795,-96.0883,561.0,-0.99990E+01
2016,4,25,16.01111,36.6790,-96.0890,563.0,-0.99990E+01
2016,4,25,16.01139,36.6785,-96.0898,565.0,-0.99990E+01
2016,4,25,16.01167,36.6780,-96.0908,568.0,-0.99990E+01
2016,4,25,16.01194,36.6777,-96.0915,569.0,-0.99990E+01
2016,4,25,16.01222,36.6772,-96.0923,571.0,-0.99990E+01
2016,4,25,16.01250,36.6767,-96.0933,574.0,-0.99990E+01
2016,4,25,16.01278,36.6763,-96.0940,576.0,-0.99990E+01
2016,4,25,16.01306,36.6758,-96.0948,578.0,-0.99990E+01
2016,4,25,16.01333,36.6753,-96.0958,580.0,-0.99990E+01
2016,4,25,16.01361,36.6750,-96.0965,581.0,-0.99990E+01
2016,4,25,16.01389,36.6745,-96.0973,583.0,-0.99990E+01
2016,4,25,16.01417,36.6740,-96.0983,584.0,-0.99990E+01
2016,4,25,16.01444,36.6737,-96.0990,585.0,-0.99990E+01
2016,4,25,16.01472,36.6732,-96.0998,586.0,-0.99990E+01
2016,4,25,16.01500,36.6727,-96.1008,585.0,-0.99990E+01
2016,4,25,16.01528,36.6723,-96.1015,585.0,-0.99990E+01
2016,4,25,16.01556,36.6718,-96.1023,586.0,-0.99990E+01
2016,4,25,16.01583,36.6713,-96.1033,587.0,-0.99990E+01
2016,4,25,16.01611,36.6710,-96.1040,587.0,-0.99990E+01
2016,4,25,16.01639,36.6705,-96.1048,587.0,-0.99990E+01
2016,4,25,16.01667,36.6700,-96.1058,587.0,-0.99990E+01
2016,4,25,16.01694,36.6697,-96.1065,587.0,-0.99990E+01
2016,4,25,16.01722,36.6692,-96.1073,588.0,-0.99990E+01
2016,4,25,16.01750,36.6687,-96.1083,589.0,-0.99990E+01
2016,4,25,16.01778,36.6682,-96.1092,590.0,-0.99990E+01
2016,4,25,16.01805,36.6677,-96.1100,589.0,-0.99990E+01
2016,4,25,16.01833,36.6672,-96.1108,588.0,-0.99990E+01
2016,4,25,16.01861,36.6668,-96.1117,587.0,-0.99990E+01
2016,4,25,16.01889,36.6663,-96.1125,586.0,-0.99990E+01
2016,4,25,16.01917,36.6658,-96.1135,584.0,-0.99990E+01
2016,4,25,16.01944,36.6653,-96.1142,583.0,-0.99990E+01
2016,4,25,16.01972,36.6648,-96.1152,583.0,-0.99990E+01
2016,4,25,16.02000,36.6645,-96.1160,583.0,-0.99990E+01
2016,4,25,16.02028,36.6640,-96.1167,582.0,-0.99990E+01
2016,4,25,16.02056,36.6635,-96.1178,582.0,-0.99990E+01
2016,4,25,16.02083,36.6630,-96.1185,582.0,-0.99990E+01
2016,4,25,16.02111,36.6627,-96.1193,583.0,-0.99990E+01
2016,4,25,16.02139,36.6620,-96.1203,583.0,-0.99990E+01
2016,4,25,16.02167,36.6617,-96.1210,584.0,-0.99990E+01
2016,4,25,16.02194,36.6612,-96.1218,585.0,-0.99990E+01
2016,4,25,16.02222,36.6607,-96.1230,586.0,-0.99990E+01
2016,4,25,16.02250,36.6602,-96.1237,588.0,-0.99990E+01
2016,4,25,16.02278,36.6597,-96.1245,589.0,-0.99990E+01
2016,4,25,16.02306,36.6592,-96.1255,589.0,-0.99990E+01
2016,4,25,16.02333,36.6588,-96.1262,590.0,-0.99990E+01
2016,4,25,16.02361,36.6583,-96.1270,591.0,-0.99990E+01
2016,4,25,16.02389,36.6577,-96.1280,592.0,-0.99990E+01
2016,4,25,16.02417,36.6573,-96.1288,593.0,-0.99990E+01
2016,4,25,16.02444,36.6568,-96.1297,593.0,-0.99990E+01
2016,4,25,16.02472,36.6563,-96.1307,593.0,-0.99990E+01
2016,4,25,16.02500,36.6558,-96.1313,593.0,-0.99990E+01
2016,4,25,16.02528,36.6553,-96.1322,593.0,-0.99990E+01
2016,4,25,16.02555,36.6548,-96.1332,594.0,-0.99990E+01
2016,4,25,16.02583,36.6543,-96.1340,594.0,-0.99990E+01
2016,4,25,16.02611,36.6538,-96.1350,595.0,-0.99990E+01
2016,4,25,16.02639,36.6533,-96.1358,597.0,-0.99990E+01
2016,4,25,16.02667,36.6528,-96.1367,599.0,-0.99990E+01
2016,4,25,16.02695,36.6523,-96.1375,601.0,-0.99990E+01
2016,4,25,16.02722,36.6518,-96.1382,602.0,-0.99990E+01
2016,4,25,16.02750,36.6513,-96.1392,603.0,-0.99990E+01
2016,4,25,16.02778,36.6508,-96.1400,605.0,-0.99990E+01
2016,4,25,16.02806,36.6503,-96.1408,605.0,-0.99990E+01
2016,4,25,16.02833,36.6498,-96.1417,606.0,-0.99990E+01
2016,4,25,16.02861,36.6493,-96.1425,606.0,-0.99990E+01
2016,4,25,16.02889,36.6488,-96.1432,606.0,-0.99990E+01
2016,4,25,16.02917,36.6483,-96.1440,606.0,-0.99990E+01
2016,4,25,16.02944,36.6478,-96.1450,606.0,-0.99990E+01
2016,4,25,16.02972,36.6473,-96.1457,607.0,-0.99990E+01
2016,4,25,16.03000,36.6468,-96.1465,608.0,-0.99990E+01
2016,4,25,16.03028,36.6463,-96.1475,610.0,-0.99990E+01
2016,4,25,16.03056,36.6458,-96.1482,610.0,-0.99990E+01
2016,4,25,16.03083,36.6453,-96.1490,611.0,-0.99990E+01
2016,4,25,16.03111,36.6448,-96.1498,612.0,-0.99990E+01
2016,4,25,16.03139,36.6443,-96.1507,613.0,-0.99990E+01
2016,4,25,16.03167,36.6438,-96.1515,613.0,-0.99990E+01
2016,4,25,16.03194,36.6433,-96.1523,614.0,-0.99990E+01
2016,4,25,16.03222,36.6428,-96.1530,615.0,-0.99990E+01
2016,4,25,16.03250,36.6422,-96.1540,616.0,-0.99990E+01
2016,4,25,16.03278,36.6417,-96.1547,617.0,-0.99990E+01
2016,4,25,16.03305,36.6413,-96.1555,617.0,-0.99990E+01
2016,4,25,16.03333,36.6407,-96.1563,618.0,-0.99990E+01
2016,4,25,16.03361,36.6403,-96.1570,617.0,-0.99990E+01
2016,4,25,16.03389,36.6397,-96.1578,617.0,-0.99990E+01
2016,4,25,16.03417,36.6392,-96.1588,617.0,-0.99990E+01
2016,4,25,16.03444,36.6387,-96.1595,616.0,-0.99990E+01
2016,4,25,16.03472,36.6382,-96.1603,616.0,-0.99990E+01
2016,4,25,16.03500,36.6377,-96.1612,616.0,-0.99990E+01
2016,4,25,16.03528,36.6372,-96.1620,615.0,-0.99990E+01
2016,4,25,16.03555,36.6367,-96.1627,614.0,-0.99990E+01
2016,4,25,16.03583,36.6362,-96.1637,613.0,-0.99990E+01
2016,4,25,16.03611,36.6357,-96.1643,613.0,-0.99990E+01
2016,4,25,16.03639,36.6352,-96.1652,612.0,-0.99990E+01
2016,4,25,16.03667,36.6345,-96.1660,611.0,-0.99990E+01
2016,4,25,16.03694,36.6342,-96.1667,611.0,-0.99990E+01
2016,4,25,16.03722,36.6337,-96.1675,610.0,-0.99990E+01
2016,4,25,16.03750,36.6332,-96.1683,610.0,-0.99990E+01
2016,4,25,16.03778,36.6327,-96.1692,610.0,-0.99990E+01
2016,4,25,16.03806,36.6322,-96.1698,610.0,-0.99990E+01
2016,4,25,16.03833,36.6317,-96.1707,610.0,-0.99990E+01
2016,4,25,16.03861,36.6312,-96.1715,609.0,-0.99990E+01
2016,4,25,16.03889,36.6307,-96.1723,609.0,-0.99990E+01
2016,4,25,16.03917,36.6302,-96.1732,609.0,-0.99990E+01
2016,4,25,16.03944,36.6295,-96.1740,607.0,-0.99990E+01
2016,4,25,16.03972,36.6290,-96.1748,606.0,-0.99990E+01
2016,4,25,16.04000,36.6285,-96.1757,605.0,-0.99990E+01
2016,4,25,16.04028,36.6280,-96.1763,604.0,-0.99990E+01
2016,4,25,16.04056,36.6275,-96.1773,604.0,-0.99990E+01
2016,4,25,16.04083,36.6270,-96.1780,604.0,-0.99990E+01
2016,4,25,16.04111,36.6265,-96.1788,604.0,-0.99990E+01
2016,4,25,16.04139,36.6258,-96.1798,604.0,-0.99990E+01
2016,4,25,16.04167,36.6255,-96.1805,605.0,-0.99990E+01
2016,4,25,16.04194,36.6250,-96.1813,606.0,-0.99990E+01
2016,4,25,16.04222,36.6243,-96.1822,607.0,-0.99990E+01
2016,4,25,16.04250,36.6240,-96.1828,608.0,-0.99990E+01
2016,4,25,16.04278,36.6233,-96.1837,608.0,-0.99990E+01
2016,4,25,16.04305,36.6228,-96.1847,608.0,-0.99990E+01
2016,4,25,16.04333,36.6223,-96.1853,609.0,-0.99990E+01
2016,4,25,16.04361,36.6218,-96.1862,609.0,-0.99990E+01
2016,4,25,16.04389,36.6213,-96.1870,609.0,-0.99990E+01
2016,4,25,16.04417,36.6208,-96.1877,609.0,-0.99990E+01
2016,4,25,16.04444,36.6203,-96.1883,609.0,-0.99990E+01
2016,4,25,16.04472,36.6198,-96.1895,609.0,-0.99990E+01
2016,4,25,16.04500,36.6193,-96.1902,609.0,-0.99990E+01
2016,4,25,16.04528,36.6188,-96.1910,609.0,-0.99990E+01
2016,4,25,16.04556,36.6183,-96.1918,609.0,-0.99990E+01
2016,4,25,16.04583,36.6178,-96.1927,608.0,-0.99990E+01
2016,4,25,16.04611,36.6175,-96.1935,607.0,-0.99990E+01
2016,4,25,16.04639,36.6170,-96.1943,605.0,-0.99990E+01
2016,4,25,16.04667,36.6165,-96.1952,603.0,-0.99990E+01
2016,4,25,16.04694,36.6160,-96.1960,601.0,-0.99990E+01
2016,4,25,16.04722,36.6157,-96.1968,599.0,-0.99990E+01
2016,4,25,16.04750,36.6152,-96.1978,596.0,-0.99990E+01
2016,4,25,16.04778,36.6147,-96.1987,594.0,-0.99990E+01
2016,4,25,16.04806,36.6142,-96.1995,592.0,-0.99990E+01
2016,4,25,16.04833,36.6137,-96.2003,590.0,-0.99990E+01
2016,4,25,16.04861,36.6132,-96.2012,587.0,-0.99990E+01
2016,4,25,16.04889,36.6127,-96.2022,585.0,-0.99990E+01
2016,4,25,16.04917,36.6123,-96.2030,584.0,-0.99990E+01
2016,4,25,16.04944,36.6118,-96.2038,583.0,-0.99990E+01
2016,4,25,16.04972,36.6113,-96.2047,583.0,-0.99990E+01
2016,4,25,16.05000,36.6108,-96.2055,583.0,-0.99990E+01
2016,4,25,16.05028,36.6103,-96.2065,584.0,-0.99990E+01
2016,4,25,16.05055,36.6098,-96.2073,584.0,-0.99990E+01
2016,4,25,16.05083,36.6095,-96.2082,585.0,-0.99990E+01
2016,4,25,16.05111,36.6088,-96.2092,586.0,-0.99990E+01
2016,4,25,16.05139,36.6085,-96.2100,587.0,-0.99990E+01
2016,4,25,16.05167,36.6080,-96.2108,588.0,-0.99990E+01
2016,4,25,16.05194,36.6075,-96.2117,589.0,-0.99990E+01
2016,4,25,16.05222,36.6072,-96.2125,589.0,-0.99990E+01
2016,4,25,16.05250,36.6065,-96.2135,589.0,-0.99990E+01
2016,4,25,16.05278,36.6060,-96.2143,589.0,-0.99990E+01
2016,4,25,16.05305,36.6057,-96.2152,589.0,-0.99990E+01
2016,4,25,16.05333,36.6052,-96.2160,589.0,-0.99990E+01
2016,4,25,16.05361,36.6047,-96.2168,589.0,-0.99990E+01
2016,4,25,16.05389,36.6042,-96.2177,589.0,-0.99990E+01
2016,4,25,16.05417,36.6038,-96.2185,590.0,-0.99990E+01
2016,4,25,16.05444,36.6033,-96.2193,591.0,-0.99990E+01
2016,4,25,16.05472,36.6028,-96.2202,591.0,-0.99990E+01
2016,4,25,16.05500,36.6023,-96.2210,591.0,-0.99990E+01
2016,4,25,16.05528,36.6018,-96.2220,590.0,-0.99990E+01
2016,4,25,16.05556,36.6013,-96.2227,590.0,-0.99990E+01
2016,4,25,16.05583,36.6008,-96.2237,589.0,-0.99990E+01
2016,4,25,16.05611,36.6003,-96.2245,589.0,-0.99990E+01
2016,4,25,16.05639,36.6000,-96.2253,589.0,-0.99990E+01
2016,4,25,16.05667,36.5995,-96.2262,588.0,-0.99990E+01
2016,4,25,16.05694,36.5990,-96.2270,588.0,-0.99990E+01
2016,4,25,16.05722,36.5985,-96.2278,588.0,-0.99990E+01
2016,4,25,16.05750,36.5980,-96.2287,588.0,-0.99990E+01
2016,4,25,16.05778,36.5975,-96.2295,588.0,-0.99990E+01
2016,4,25,16.05805,36.5970,-96.2303,588.0,-0.99990E+01
2016,4,25,16.05833,36.5965,-96.2312,588.0,-0.99990E+01
2016,4,25,16.05861,36.5960,-96.2320,588.0,-0.99990E+01
2016,4,25,16.05889,36.5955,-96.2328,588.0,-0.99990E+01
2016,4,25,16.05917,36.5952,-96.2337,588.0,-0.99990E+01
2016,4,25,16.05944,36.5947,-96.2345,588.0,-0.99990E+01
2016,4,25,16.05972,36.5940,-96.2357,589.0,-0.99990E+01
2016,4,25,16.06000,36.5937,-96.2363,589.0,-0.99990E+01
2016,4,25,16.06028,36.5932,-96.2372,589.0,-0.99990E+01
2016,4,25,16.06055,36.5927,-96.2380,589.0,-0.99990E+01
2016,4,25,16.06083,36.5922,-96.2388,588.0,-0.99990E+01
2016,4,25,16.06111,36.5918,-96.2397,589.0,-0.99990E+01
2016,4,25,16.06139,36.5912,-96.2405,589.0,-0.99990E+01
2016,4,25,16.06167,36.5908,-96.2415,590.0,-0.99990E+01
2016,4,25,16.06194,36.5903,-96.2422,590.0,-0.99990E+01
2016,4,25,16.06222,36.5898,-96.2430,590.0,-0.99990E+01
2016,4,25,16.06250,36.5893,-96.2438,590.0,-0.99990E+01
2016,4,25,16.06278,36.5890,-96.2447,589.0,-0.99990E+01
2016,4,25,16.06306,36.5885,-96.2457,589.0,-0.99990E+01
2016,4,25,16.06333,36.5880,-96.2465,588.0,-0.99990E+01
2016,4,25,16.06361,36.5875,-96.2473,587.0,-0.99990E+01
2016,4,25,16.06389,36.5870,-96.2482,586.0,-0.99990E+01
2016,4,25,16.06417,36.5867,-96.2490,586.0,-0.99990E+01
2016,4,25,16.06444,36.5862,-96.2498,585.0,-0.99990E+01
2016,4,25,16.06472,36.5857,-96.2507,584.0,-0.99990E+01
2016,4,25,16.06500,36.5852,-96.2515,584.0,-0.99990E+01
2016,4,25,16.06528,36.5848,-96.2523,583.0,-0.99990E+01
2016,4,25,16.06556,36.5843,-96.2532,583.0,-0.99990E+01
2016,4,25,16.06583,36.5838,-96.2542,583.0,-0.99990E+01
2016,4,25,16.06611,36.5833,-96.2550,583.0,-0.99990E+01
2016,4,25,16.06639,36.5828,-96.2558,583.0,-0.99990E+01
2016,4,25,16.06667,36.5825,-96.2567,582.0,-0.99990E+01
2016,4,25,16.06695,36.5820,-96.2575,582.0,-0.99990E+01
2016,4,25,16.06722,36.5815,-96.2583,582.0,-0.99990E+01
2016,4,25,16.06750,36.5810,-96.2593,582.0,-0.99990E+01
2016,4,25,16.06778,36.5807,-96.2602,582.0,-0.99990E+01
2016,4,25,16.06806,36.5802,-96.2610,582.0,-0.99990E+01
2016,4,25,16.06833,36.5797,-96.2620,583.0,-0.99990E+01
2016,4,25,16.06861,36.5792,-96.2628,583.0,-0.99990E+01
2016,4,25,16.06889,36.5788,-96.2635,584.0,-0.99990E+01
2016,4,25,16.06917,36.5782,-96.2647,585.0,-0.99990E+01
2016,4,25,16.06944,36.5778,-96.2653,585.0,-0.99990E+01
2016,4,25,16.06972,36.5775,-96.2662,585.0,-0.99990E+01
2016,4,25,16.07000,36.5770,-96.2672,586.0,-0.99990E+01
2016,4,25,16.07028,36.5765,-96.2678,587.0,-0.99990E+01
2016,4,25,16.07056,36.5760,-96.2687,588.0,-0.99990E+01
2016,4,25,16.07084,36.5757,-96.2697,589.0,-0.99990E+01
2016,4,25,16.07111,36.5752,-96.2705,590.0,-0.99990E+01
2016,4,25,16.07139,36.5747,-96.2712,591.0,-0.99990E+01
2016,4,25,16.07167,36.5742,-96.2722,590.0,-0.99990E+01
2016,4,25,16.07195,36.5738,-96.2730,590.0,-0.99990E+01
2016,4,25,16.07222,36.5733,-96.2738,590.0,-0.99990E+01
2016,4,25,16.07250,36.5728,-96.2747,591.0,-0.99990E+01
2016,4,25,16.07278,36.5723,-96.2757,591.0,-0.99990E+01
2016,4,25,16.07306,36.5720,-96.2763,591.0,-0.99990E+01
2016,4,25,16.07333,36.5715,-96.2773,591.0,-0.99990E+01
2016,4,25,16.07361,36.5710,-96.2782,591.0,-0.99990E+01
2016,4,25,16.07389,36.5705,-96.2790,591.0,-0.99990E+01
2016,4,25,16.07417,36.5700,-96.2798,590.0,-0.99990E+01
2016,4,25,16.07445,36.5695,-96.2807,589.0,-0.99990E+01
2016,4,25,16.07472,36.5692,-96.2815,588.0,-0.99990E+01
2016,4,25,16.07500,36.5687,-96.2825,587.0,-0.99990E+01
2016,4,25,16.07528,36.5682,-96.2832,585.0,-0.99990E+01
2016,4,25,16.07556,36.5677,-96.2842,583.0,-0.99990E+01
2016,4,25,16.07583,36.5673,-96.2850,582.0,-0.99990E+01
2016,4,25,16.07611,36.5668,-96.2858,581.0,-0.99990E+01
2016,4,25,16.07639,36.5663,-96.2868,580.0,-0.99990E+01
2016,4,25,16.07667,36.5658,-96.2877,579.0,-0.99990E+01
2016,4,25,16.07695,36.5655,-96.2885,579.0,-0.99990E+01
2016,4,25,16.07722,36.5650,-96.2893,580.0,-0.99990E+01
2016,4,25,16.07750,36.5645,-96.2903,580.0,-0.99990E+01
2016,4,25,16.07778,36.5640,-96.2912,580.0,-0.99990E+01
2016,4,25,16.07806,36.5635,-96.2922,580.0,-0.99990E+01
2016,4,25,16.07833,36.5630,-96.2928,580.0,-0.99990E+01
2016,4,25,16.07861,36.5627,-96.2937,581.0,-0.99990E+01
2016,4,25,16.07889,36.5622,-96.2947,582.0,-0.99990E+01
2016,4,25,16.07917,36.5617,-96.2955,583.0,-0.99990E+01
2016,4,25,16.07944,36.5612,-96.2963,583.0,-0.99990E+01
2016,4,25,16.07972,36.5608,-96.2972,584.0,-0.99990E+01
2016,4,25,16.08000,36.5603,-96.2982,585.0,-0.99990E+01
2016,4,25,16.08028,36.5598,-96.2992,586.0,-0.99990E+01
2016,4,25,16.08056,36.5593,-96.2998,586.0,-0.99990E+01
2016,4,25,16.08083,36.5590,-96.3007,588.0,-0.99990E+01
2016,4,25,16.08111,36.5585,-96.3017,589.0,-0.99990E+01
2016,4,25,16.08139,36.5580,-96.3025,591.0,-0.99990E+01
2016,4,25,16.08167,36.5575,-96.3033,593.0,-0.99990E+01
2016,4,25,16.08195,36.5572,-96.3042,595.0,-0.99990E+01
2016,4,25,16.08222,36.5567,-96.3050,596.0,-0.99990E+01
2016,4,25,16.08250,36.5562,-96.3058,598.0,-0.99990E+01
2016,4,25,16.08278,36.5557,-96.3067,600.0,-0.99990E+01
2016,4,25,16.08306,36.5552,-96.3075,602.0,-0.99990E+01
2016,4,25,16.08333,36.5548,-96.3083,604.0,-0.99990E+01
2016,4,25,16.08361,36.5543,-96.3092,604.0,-0.99990E+01
2016,4,25,16.08389,36.5538,-96.3100,605.0,-0.99990E+01
2016,4,25,16.08417,36.5533,-96.3108,606.0,-0.99990E+01
2016,4,25,16.08445,36.5528,-96.3118,605.0,-0.99990E+01
2016,4,25,16.08472,36.5523,-96.3125,605.0,-0.99990E+01
2016,4,25,16.08500,36.5518,-96.3133,605.0,-0.99990E+01
2016,4,25,16.08528,36.5513,-96.3143,605.0,-0.99990E+01
2016,4,25,16.08556,36.5510,-96.3150,604.0,-0.99990E+01
2016,4,25,16.08583,36.5503,-96.3158,603.0,-0.99990E+01
2016,4,25,16.08611,36.5498,-96.3168,603.0,-0.99990E+01
2016,4,25,16.08639,36.5495,-96.3173,602.0,-0.99990E+01
2016,4,25,16.08667,36.5490,-96.3183,600.0,-0.99990E+01
2016,4,25,16.08694,36.5485,-96.3190,600.0,-0.99990E+01
2016,4,25,16.08722,36.5480,-96.3198,599.0,-0.99990E+01
2016,4,25,16.08750,36.5475,-96.3207,598.0,-0.99990E+01
2016,4,25,16.08778,36.5470,-96.3215,598.0,-0.99990E+01
2016,4,25,16.08806,36.5465,-96.3223,597.0,-0.99990E+01
2016,4,25,16.08833,36.5460,-96.3232,597.0,-0.99990E+01
2016,4,25,16.08861,36.5453,-96.3242,596.0,-0.99990E+01
2016,4,25,16.08889,36.5450,-96.3247,596.0,-0.99990E+01
2016,4,25,16.08917,36.5443,-96.3257,595.0,-0.99990E+01
2016,4,25,16.08945,36.5440,-96.3263,595.0,-0.99990E+01
2016,4,25,16.08972,36.5435,-96.3272,594.0,-0.99990E+01
2016,4,25,16.09000,36.5430,-96.3280,594.0,-0.99990E+01
2016,4,25,16.09028,36.5425,-96.3288,593.0,-0.99990E+01
2016,4,25,16.09056,36.5420,-96.3297,592.0,-0.99990E+01
2016,4,25,16.09083,36.5415,-96.3305,591.0,-0.99990E+01
2016,4,25,16.09111,36.5412,-96.3313,590.0,-0.99990E+01
2016,4,25,16.09139,36.5407,-96.3323,589.0,-0.99990E+01
2016,4,25,16.09167,36.5402,-96.3332,589.0,-0.99990E+01
2016,4,25,16.09195,36.5397,-96.3340,589.0,-0.99990E+01
2016,4,25,16.09222,36.5392,-96.3348,588.0,-0.99990E+01
2016,4,25,16.09250,36.5387,-96.3357,587.0,-0.99990E+01
2016,4,25,16.09278,36.5382,-96.3367,586.0,-0.99990E+01
2016,4,25,16.09306,36.5377,-96.3375,585.0,-0.99990E+01
2016,4,25,16.09333,36.5372,-96.3383,583.0,-0.99990E+01
2016,4,25,16.09361,36.5368,-96.3392,582.0,-0.99990E+01
2016,4,25,16.09389,36.5363,-96.3400,580.0,-0.99990E+01
2016,4,25,16.09417,36.5358,-96.3410,579.0,-0.99990E+01
2016,4,25,16.09444,36.5353,-96.3417,577.0,-0.99990E+01
2016,4,25,16.09472,36.5348,-96.3427,576.0,-0.99990E+01
2016,4,25,16.09500,36.5343,-96.3435,575.0,-0.99990E+01
2016,4,25,16.09528,36.5340,-96.3442,575.0,-0.99990E+01
2016,4,25,16.09556,36.5333,-96.3453,575.0,-0.99990E+01
2016,4,25,16.09583,36.5330,-96.3460,576.0,-0.99990E+01
2016,4,25,16.09611,36.5325,-96.3468,576.0,-0.99990E+01
2016,4,25,16.09639,36.5318,-96.3478,577.0,-0.99990E+01
2016,4,25,16.09667,36.5315,-96.3485,578.0,-0.99990E+01
2016,4,25,16.09694,36.5310,-96.3493,579.0,-0.99990E+01
2016,4,25,16.09722,36.5303,-96.3503,581.0,-0.99990E+01
2016,4,25,16.09750,36.5300,-96.3510,581.0,-0.99990E+01
2016,4,25,16.09778,36.5295,-96.3518,583.0,-0.99990E+01
2016,4,25,16.09806,36.5288,-96.3530,584.0,-0.99990E+01
2016,4,25,16.09833,36.5285,-96.3537,585.0,-0.99990E+01
2016,4,25,16.09861,36.5280,-96.3545,586.0,-0.99990E+01
2016,4,25,16.09889,36.5275,-96.3553,586.0,-0.99990E+01
2016,4,25,16.09917,36.5270,-96.3562,586.0,-0.99990E+01
2016,4,25,16.09945,36.5265,-96.3572,586.0,-0.99990E+01
2016,4,25,16.09972,36.5260,-96.3578,586.0,-0.99990E+01
2016,4,25,16.10000,36.5257,-96.3587,586.0,-0.99990E+01
2016,4,25,16.10028,36.5250,-96.3597,586.0,-0.99990E+01
2016,4,25,16.10056,36.5247,-96.3603,586.0,-0.99990E+01
2016,4,25,16.10083,36.5242,-96.3613,585.0,-0.99990E+01
2016,4,25,16.10111,36.5237,-96.3623,585.0,-0.99990E+01
2016,4,25,16.10139,36.5232,-96.3630,585.0,-0.99990E+01
2016,4,25,16.10167,36.5227,-96.3640,585.0,-0.99990E+01
2016,4,25,16.10194,36.5222,-96.3648,586.0,-0.99990E+01
2016,4,25,16.10222,36.5217,-96.3655,586.0,-0.99990E+01
2016,4,25,16.10250,36.5212,-96.3665,587.0,-0.99990E+01
2016,4,25,16.10278,36.5207,-96.3673,588.0,-0.99990E+01
2016,4,25,16.10306,36.5202,-96.3682,589.0,-0.99990E+01
2016,4,25,16.10333,36.5197,-96.3690,588.0,-0.99990E+01
2016,4,25,16.10361,36.5192,-96.3697,588.0,-0.99990E+01
2016,4,25,16.10389,36.5187,-96.3705,588.0,-0.99990E+01
2016,4,25,16.10417,36.5182,-96.3713,587.0,-0.99990E+01
2016,4,25,16.10444,36.5177,-96.3722,586.0,-0.99990E+01
2016,4,25,16.10472,36.5172,-96.3730,586.0,-0.99990E+01
2016,4,25,16.10500,36.5167,-96.3738,587.0,-0.99990E+01
2016,4,25,16.10528,36.5162,-96.3748,586.0,-0.99990E+01
2016,4,25,16.10556,36.5158,-96.3757,586.0,-0.99990E+01
2016,4,25,16.10583,36.5152,-96.3767,587.0,-0.99990E+01
2016,4,25,16.10611,36.5148,-96.3773,587.0,-0.99990E+01
2016,4,25,16.10639,36.5142,-96.3782,586.0,-0.99990E+01
2016,4,25,16.10667,36.5137,-96.3792,585.0,-0.99990E+01
2016,4,25,16.10695,36.5132,-96.3798,585.0,-0.99990E+01
2016,4,25,16.10722,36.5127,-96.3807,583.0,-0.99990E+01
2016,4,25,16.10750,36.5122,-96.3815,582.0,-0.99990E+01
2016,4,25,16.10778,36.5117,-96.3822,582.0,-0.99990E+01
2016,4,25,16.10806,36.5112,-96.3830,581.0,-0.99990E+01
2016,4,25,16.10833,36.5105,-96.3840,580.0,-0.99990E+01
2016,4,25,16.10861,36.5102,-96.3847,580.0,-0.99990E+01
2016,4,25,16.10889,36.5097,-96.3855,580.0,-0.99990E+01
2016,4,25,16.10917,36.5092,-96.3863,580.0,-0.99990E+01
2016,4,25,16.10945,36.5085,-96.3873,580.0,-0.99990E+01
2016,4,25,16.10972,36.5080,-96.3882,580.0,-0.99990E+01
2016,4,25,16.11000,36.5075,-96.3890,580.0,-0.99990E+01
2016,4,25,16.11028,36.5070,-96.3898,579.0,-0.99990E+01
2016,4,25,16.11056,36.5067,-96.3907,579.0,-0.99990E+01
2016,4,25,16.11083,36.5060,-96.3917,579.0,-0.99990E+01
2016,4,25,16.11111,36.5055,-96.3923,578.0,-0.99990E+01
2016,4,25,16.11139,36.5050,-96.3933,577.0,-0.99990E+01
2016,4,25,16.11167,36.5045,-96.3942,577.0,-0.99990E+01
2016,4,25,16.11194,36.5042,-96.3948,576.0,-0.99990E+01
2016,4,25,16.11222,36.5035,-96.3958,576.0,-0.99990E+01
2016,4,25,16.11250,36.5032,-96.3965,576.0,-0.99990E+01
2016,4,25,16.11278,36.5027,-96.3973,575.0,-0.99990E+01
2016,4,25,16.11306,36.5020,-96.3985,575.0,-0.99990E+01
2016,4,25,16.11333,36.5017,-96.3992,574.0,-0.99990E+01
2016,4,25,16.11361,36.5012,-96.4000,574.0,-0.99990E+01
2016,4,25,16.11389,36.5005,-96.4010,574.0,-0.99990E+01
2016,4,25,16.11417,36.5002,-96.4017,574.0,-0.99990E+01
2016,4,25,16.11444,36.4997,-96.4025,574.0,-0.99990E+01
2016,4,25,16.11472,36.4990,-96.4035,575.0,-0.99990E+01
2016,4,25,16.11500,36.4987,-96.4043,576.0,-0.99990E+01
2016,4,25,16.11528,36.4982,-96.4052,577.0,-0.99990E+01
2016,4,25,16.11556,36.4975,-96.4060,578.0,-0.99990E+01
2016,4,25,16.11583,36.4972,-96.4068,579.0,-0.99990E+01
2016,4,25,16.11611,36.4967,-96.4077,581.0,-0.99990E+01
2016,4,25,16.11639,36.4962,-96.4085,582.0,-0.99990E+01
2016,4,25,16.11667,36.4957,-96.4093,583.0,-0.99990E+01
2016,4,25,16.11695,36.4952,-96.4102,585.0,-0.99990E+01
2016,4,25,16.11722,36.4945,-96.4112,587.0,-0.99990E+01
2016,4,25,16.11750,36.4942,-96.4118,589.0,-0.99990E+01
2016,4,25,16.11778,36.4937,-96.4127,591.0,-0.99990E+01
2016,4,25,16.11806,36.4930,-96.4137,594.0,-0.99990E+01
2016,4,25,16.11833,36.4925,-96.4145,596.0,-0.99990E+01
2016,4,25,16.11861,36.4920,-96.4153,599.0,-0.99990E+01
2016,4,25,16.11889,36.4917,-96.4160,601.0,-0.99990E+01
2016,4,25,16.11917,36.4910,-96.4170,602.0,-0.99990E+01
2016,4,25,16.11944,36.4905,-96.4178,603.0,-0.99990E+01
2016,4,25,16.11972,36.4900,-96.4187,603.0,-0.99990E+01
2016,4,25,16.12000,36.4895,-96.4195,603.0,-0.99990E+01
2016,4,25,16.12028,36.4892,-96.4202,602.0,-0.99990E+01
2016,4,25,16.12056,36.4887,-96.4210,601.0,-0.99990E+01
2016,4,25,16.12083,36.4882,-96.4218,601.0,-0.99990E+01
2016,4,25,16.12111,36.4877,-96.4227,600.0,-0.99990E+01
2016,4,25,16.12139,36.4872,-96.4235,600.0,-0.99990E+01
2016,4,25,16.12167,36.4865,-96.4245,599.0,-0.99990E+01
2016,4,25,16.12194,36.4860,-96.4252,598.0,-0.99990E+01
2016,4,25,16.12222,36.4855,-96.4260,596.0,-0.99990E+01
2016,4,25,16.12250,36.4850,-96.4268,595.0,-0.99990E+01
2016,4,25,16.12278,36.4845,-96.4275,594.0,-0.99990E+01
2016,4,25,16.12306,36.4840,-96.4283,594.0,-0.99990E+01
2016,4,25,16.12333,36.4833,-96.4293,593.0,-0.99990E+01
2016,4,25,16.12361,36.4830,-96.4300,593.0,-0.99990E+01
2016,4,25,16.12389,36.4823,-96.4308,592.0,-0.99990E+01
2016,4,25,16.12417,36.4818,-96.4317,591.0,-0.99990E+01
2016,4,25,16.12444,36.4813,-96.4325,591.0,-0.99990E+01
2016,4,25,16.12472,36.4808,-96.4332,590.0,-0.99990E+01
2016,4,25,16.12500,36.4803,-96.4340,591.0,-0.99990E+01
2016,4,25,16.12528,36.4798,-96.4348,591.0,-0.99990E+01
2016,4,25,16.12556,36.4792,-96.4357,591.0,-0.99990E+01
2016,4,25,16.12583,36.4787,-96.4365,591.0,-0.99990E+01
2016,4,25,16.12611,36.4782,-96.4373,591.0,-0.99990E+01
2016,4,25,16.12639,36.4777,-96.4382,591.0,-0.99990E+01
2016,4,25,16.12667,36.4770,-96.4392,591.0,-0.99990E+01
2016,4,25,16.12695,36.4765,-96.4398,590.0,-0.99990E+01
2016,4,25,16.12722,36.4760,-96.4405,590.0,-0.99990E+01
2016,4,25,16.12750,36.4755,-96.4415,589.0,-0.99990E+01
2016,4,25,16.12778,36.4750,-96.4423,588.0,-0.99990E+01
2016,4,25,16.12806,36.4745,-96.4430,588.0,-0.99990E+01
2016,4,25,16.12833,36.4740,-96.4438,587.0,-0.99990E+01
2016,4,25,16.12861,36.4735,-96.4447,587.0,-0.99990E+01
2016,4,25,16.12889,36.4730,-96.4455,587.0,-0.99990E+01
2016,4,25,16.12917,36.4725,-96.4463,587.0,-0.99990E+01
2016,4,25,16.12944,36.4720,-96.4472,587.0,-0.99990E+01
2016,4,25,16.12972,36.4715,-96.4480,586.0,-0.99990E+01
2016,4,25,16.13000,36.4710,-96.4488,586.0,-0.99990E+01
2016,4,25,16.13028,36.4703,-96.4498,586.0,-0.99990E+01
2016,4,25,16.13056,36.4700,-96.4505,585.0,-0.99990E+01
2016,4,25,16.13083,36.4695,-96.4513,584.0,-0.99990E+01
2016,4,25,16.13111,36.4688,-96.4522,583.0,-0.99990E+01
2016,4,25,16.13139,36.4685,-96.4530,582.0,-0.99990E+01
2016,4,25,16.13167,36.4678,-96.4542,581.0,-0.99990E+01
2016,4,25,16.13194,36.4675,-96.4548,580.0,-0.99990E+01
2016,4,25,16.13222,36.4670,-96.4555,580.0,-0.99990E+01
2016,4,25,16.13250,36.4665,-96.4565,579.0,-0.99990E+01
2016,4,25,16.13278,36.4660,-96.4573,578.0,-0.99990E+01
2016,4,25,16.13305,36.4655,-96.4583,578.0,-0.99990E+01
2016,4,25,16.13333,36.4648,-96.4593,577.0,-0.99990E+01
2016,4,25,16.13361,36.4645,-96.4600,577.0,-0.99990E+01
2016,4,25,16.13389,36.4640,-96.4608,577.0,-0.99990E+01
2016,4,25,16.13417,36.4635,-96.4617,577.0,-0.99990E+01
2016,4,25,16.13445,36.4630,-96.4627,577.0,-0.99990E+01
2016,4,25,16.13472,36.4625,-96.4635,577.0,-0.99990E+01
2016,4,25,16.13500,36.4620,-96.4645,577.0,-0.99990E+01
2016,4,25,16.13528,36.4615,-96.4653,576.0,-0.99990E+01
2016,4,25,16.13556,36.4612,-96.4662,576.0,-0.99990E+01
2016,4,25,16.13583,36.4607,-96.4670,576.0,-0.99990E+01
2016,4,25,16.13611,36.4600,-96.4680,576.0,-0.99990E+01
2016,4,25,16.13639,36.4597,-96.4688,577.0,-0.99990E+01
2016,4,25,16.13667,36.4592,-96.4697,578.0,-0.99990E+01
2016,4,25,16.13694,36.4587,-96.4705,579.0,-0.99990E+01
2016,4,25,16.13722,36.4582,-96.4713,580.0,-0.99990E+01
2016,4,25,16.13750,36.4577,-96.4722,580.0,-0.99990E+01
2016,4,25,16.13778,36.4573,-96.4730,581.0,-0.99990E+01
2016,4,25,16.13806,36.4568,-96.4738,581.0,-0.99990E+01
2016,4,25,16.13833,36.4562,-96.4748,581.0,-0.99990E+01
2016,4,25,16.13861,36.4557,-96.4757,582.0,-0.99990E+01
2016,4,25,16.13889,36.4553,-96.4765,582.0,-0.99990E+01
2016,4,25,16.13917,36.4547,-96.4775,582.0,-0.99990E+01
2016,4,25,16.13944,36.4543,-96.4782,582.0,-0.99990E+01
2016,4,25,16.13972,36.4538,-96.4790,582.0,-0.99990E+01
2016,4,25,16.14000,36.4532,-96.4800,582.0,-0.99990E+01
2016,4,25,16.14028,36.4528,-96.4807,582.0,-0.99990E+01
2016,4,25,16.14056,36.4523,-96.4815,582.0,-0.99990E+01
2016,4,25,16.14083,36.4518,-96.4825,582.0,-0.99990E+01
2016,4,25,16.14111,36.4515,-96.4833,582.0,-0.99990E+01
2016,4,25,16.14139,36.4510,-96.4842,582.0,-0.99990E+01
2016,4,25,16.14167,36.4503,-96.4852,582.0,-0.99990E+01
2016,4,25,16.14194,36.4500,-96.4858,582.0,-0.99990E+01
2016,4,25,16.14222,36.4495,-96.4868,583.0,-0.99990E+01
2016,4,25,16.14250,36.4490,-96.4877,583.0,-0.99990E+01
2016,4,25,16.14278,36.4485,-96.4885,584.0,-0.99990E+01
2016,4,25,16.14305,36.4480,-96.4895,585.0,-0.99990E+01
2016,4,25,16.14333,36.4475,-96.4903,586.0,-0.99990E+01
2016,4,25,16.14361,36.4472,-96.4912,586.0,-0.99990E+01
2016,4,25,16.14389,36.4467,-96.4918,584.0,-0.99990E+01
2016,4,25,16.14417,36.4462,-96.4930,584.0,-0.99990E+01
2016,4,25,16.14444,36.4457,-96.4937,584.0,-0.99990E+01
2016,4,25,16.14472,36.4452,-96.4947,583.0,-0.99990E+01
2016,4,25,16.14500,36.4447,-96.4953,584.0,-0.99990E+01
2016,4,25,16.14528,36.4443,-96.4962,584.0,-0.99990E+01
2016,4,25,16.14556,36.4437,-96.4972,583.0,-0.99990E+01
2016,4,25,16.14583,36.4433,-96.4978,583.0,-0.99990E+01
2016,4,25,16.14611,36.4428,-96.4988,583.0,-0.99990E+01
2016,4,25,16.14639,36.4423,-96.4998,583.0,-0.99990E+01
2016,4,25,16.14667,36.4418,-96.5005,582.0,-0.99990E+01
2016,4,25,16.14694,36.4415,-96.5013,582.0,-0.99990E+01
2016,4,25,16.14722,36.4408,-96.5023,583.0,-0.99990E+01
2016,4,25,16.14750,36.4405,-96.5030,584.0,-0.99990E+01
2016,4,25,16.14778,36.4400,-96.5040,585.0,-0.99990E+01
2016,4,25,16.14806,36.4395,-96.5048,587.0,-0.99990E+01
2016,4,25,16.14833,36.4390,-96.5057,589.0,-0.99990E+01
2016,4,25,16.14861,36.4387,-96.5065,591.0,-0.99990E+01
2016,4,25,16.14889,36.4380,-96.5075,594.0,-0.99990E+01
2016,4,25,16.14917,36.4377,-96.5082,596.0,-0.99990E+01
2016,4,25,16.14944,36.4372,-96.5090,598.0,-0.99990E+01
2016,4,25,16.14972,36.4367,-96.5098,600.0,-0.99990E+01
2016,4,25,16.15000,36.4363,-96.5107,602.0,-0.99990E+01
2016,4,25,16.15028,36.4358,-96.5115,604.0,-0.99990E+01
2016,4,25,16.15055,36.4353,-96.5123,606.0,-0.99990E+01
2016,4,25,16.15083,36.4348,-96.5132,607.0,-0.99990E+01
2016,4,25,16.15111,36.4343,-96.5140,607.0,-0.99990E+01
2016,4,25,16.15139,36.4338,-96.5150,607.0,-0.99990E+01
2016,4,25,16.15167,36.4333,-96.5158,607.0,-0.99990E+01
2016,4,25,16.15194,36.4328,-96.5167,607.0,-0.99990E+01
2016,4,25,16.15222,36.4325,-96.5173,606.0,-0.99990E+01
2016,4,25,16.15250,36.4320,-96.5182,606.0,-0.99990E+01
2016,4,25,16.15278,36.4315,-96.5190,605.0,-0.99990E+01
2016,4,25,16.15306,36.4310,-96.5198,606.0,-0.99990E+01
2016,4,25,16.15333,36.4307,-96.5207,605.0,-0.99990E+01
2016,4,25,16.15361,36.4300,-96.5217,604.0,-0.99990E+01
2016,4,25,16.15389,36.4297,-96.5223,604.0,-0.99990E+01
2016,4,25,16.15417,36.4292,-96.5232,604.0,-0.99990E+01
2016,4,25,16.15444,36.4287,-96.5242,606.0,-0.99990E+01
2016,4,25,16.15472,36.4283,-96.5248,606.0,-0.99990E+01
2016,4,25,16.15500,36.4278,-96.5257,607.0,-0.99990E+01
2016,4,25,16.15528,36.4272,-96.5267,608.0,-0.99990E+01
2016,4,25,16.15556,36.4268,-96.5273,609.0,-0.99990E+01
2016,4,25,16.15583,36.4263,-96.5282,610.0,-0.99990E+01
2016,4,25,16.15611,36.4258,-96.5290,610.0,-0.99990E+01
2016,4,25,16.15639,36.4255,-96.5298,611.0,-0.99990E+01
2016,4,25,16.15667,36.4250,-96.5305,611.0,-0.99990E+01
2016,4,25,16.15694,36.4245,-96.5313,612.0,-0.99990E+01
2016,4,25,16.15722,36.4240,-96.5322,612.0,-0.99990E+01
2016,4,25,16.15750,36.4235,-96.5330,612.0,-0.99990E+01
2016,4,25,16.15778,36.4230,-96.5338,613.0,-0.99990E+01
2016,4,25,16.15805,36.4225,-96.5347,613.0,-0.99990E+01
2016,4,25,16.15833,36.4220,-96.5355,613.0,-0.99990E+01
2016,4,25,16.15861,36.4215,-96.5363,611.0,-0.99990E+01
2016,4,25,16.15889,36.4212,-96.5372,610.0,-0.99990E+01
2016,4,25,16.15917,36.4207,-96.5378,608.0,-0.99990E+01
2016,4,25,16.15944,36.4200,-96.5388,606.0,-0.99990E+01
2016,4,25,16.15972,36.4195,-96.5397,604.0,-0.99990E+01
2016,4,25,16.16000,36.4190,-96.5405,603.0,-0.99990E+01
2016,4,25,16.16028,36.4185,-96.5413,602.0,-0.99990E+01
2016,4,25,16.16055,36.4182,-96.5420,602.0,-0.99990E+01
2016,4,25,16.16083,36.4175,-96.5428,602.0,-0.99990E+01
2016,4,25,16.16111,36.4170,-96.5437,602.0,-0.99990E+01
2016,4,25,16.16139,36.4167,-96.5445,601.0,-0.99990E+01
2016,4,25,16.16167,36.4160,-96.5455,601.0,-0.99990E+01
2016,4,25,16.16194,36.4157,-96.5462,600.0,-0.99990E+01
2016,4,25,16.16222,36.4152,-96.5470,600.0,-0.99990E+01
2016,4,25,16.16250,36.4147,-96.5478,599.0,-0.99990E+01
2016,4,25,16.16278,36.4142,-96.5487,599.0,-0.99990E+01
2016,4,25,16.16306,36.4137,-96.5495,598.0,-0.99990E+01
2016,4,25,16.16333,36.4132,-96.5503,597.0,-0.99990E+01
2016,4,25,16.16361,36.4127,-96.5512,596.0,-0.99990E+01
2016,4,25,16.16389,36.4122,-96.5520,595.0,-0.99990E+01
2016,4,25,16.16417,36.4117,-96.5528,594.0,-0.99990E+01
2016,4,25,16.16444,36.4112,-96.5537,593.0,-0.99990E+01
2016,4,25,16.16472,36.4107,-96.5545,592.0,-0.99990E+01
2016,4,25,16.16500,36.4102,-96.5553,591.0,-0.99990E+01
2016,4,25,16.16528,36.4097,-96.5562,589.0,-0.99990E+01
2016,4,25,16.16556,36.4092,-96.5568,588.0,-0.99990E+01
2016,4,25,16.16583,36.4087,-96.5578,587.0,-0.99990E+01
2016,4,25,16.16611,36.4082,-96.5587,586.0,-0.99990E+01
2016,4,25,16.16639,36.4077,-96.5595,585.0,-0.99990E+01
2016,4,25,16.16667,36.4072,-96.5603,585.0,-0.99990E+01
2016,4,25,16.16694,36.4067,-96.5612,585.0,-0.99990E+01
2016,4,25,16.16722,36.4062,-96.5620,586.0,-0.99990E+01
2016,4,25,16.16750,36.4057,-96.5628,587.0,-0.99990E+01
2016,4,25,16.16778,36.4050,-96.5637,588.0,-0.99990E+01
2016,4,25,16.16805,36.4045,-96.5645,589.0,-0.99990E+01
2016,4,25,16.16833,36.4040,-96.5655,591.0,-0.99990E+01
2016,4,25,16.16861,36.4035,-96.5662,592.0,-0.99990E+01
2016,4,25,16.16889,36.4030,-96.5668,594.0,-0.99990E+01
2016,4,25,16.16917,36.4023,-96.5678,595.0,-0.99990E+01
2016,4,25,16.16944,36.4020,-96.5687,595.0,-0.99990E+01
2016,4,25,16.16972,36.4013,-96.5695,595.0,-0.99990E+01
2016,4,25,16.17000,36.4008,-96.5703,595.0,-0.99990E+01
2016,4,25,16.17028,36.4005,-96.5710,595.0,-0.99990E+01
2016,4,25,16.17056,36.3998,-96.5718,595.0,-0.99990E+01
2016,4,25,16.17083,36.3993,-96.5728,594.0,-0.99990E+01
2016,4,25,16.17111,36.3988,-96.5735,593.0,-0.99990E+01
2016,4,25,16.17139,36.3983,-96.5742,592.0,-0.99990E+01
2016,4,25,16.17167,36.3977,-96.5752,592.0,-0.99990E+01
2016,4,25,16.17194,36.3973,-96.5758,591.0,-0.99990E+01
2016,4,25,16.17222,36.3967,-96.5767,591.0,-0.99990E+01
2016,4,25,16.17250,36.3962,-96.5775,591.0,-0.99990E+01
2016,4,25,16.17278,36.3957,-96.5783,590.0,-0.99990E+01
2016,4,25,16.17306,36.3952,-96.5792,590.0,-0.99990E+01
2016,4,25,16.17333,36.3947,-96.5800,590.0,-0.99990E+01
2016,4,25,16.17361,36.3940,-96.5807,590.0,-0.99990E+01
2016,4,25,16.17389,36.3933,-96.5817,590.0,-0.99990E+01
2016,4,25,16.17417,36.3930,-96.5823,590.0,-0.99990E+01
2016,4,25,16.17444,36.3925,-96.5832,589.0,-0.99990E+01
2016,4,25,16.17472,36.3918,-96.5840,587.0,-0.99990E+01
2016,4,25,16.17500,36.3913,-96.5847,586.0,-0.99990E+01
2016,4,25,16.17528,36.3908,-96.5855,584.0,-0.99990E+01
2016,4,25,16.17555,36.3902,-96.5865,582.0,-0.99990E+01
2016,4,25,16.17583,36.3897,-96.5872,581.0,-0.99990E+01
2016,4,25,16.17611,36.3892,-96.5880,580.0,-0.99990E+01
2016,4,25,16.17639,36.3885,-96.5887,578.0,-0.99990E+01
2016,4,25,16.17667,36.3880,-96.5897,577.0,-0.99990E+01
2016,4,25,16.17694,36.3873,-96.5905,577.0,-0.99990E+01
2016,4,25,16.17722,36.3868,-96.5912,576.0,-0.99990E+01
2016,4,25,16.17750,36.3862,-96.5920,576.0,-0.99990E+01
2016,4,25,16.17778,36.3857,-96.5928,576.0,-0.99990E+01
2016,4,25,16.17805,36.3850,-96.5937,575.0,-0.99990E+01
2016,4,25,16.17833,36.3845,-96.5943,574.0,-0.99990E+01
2016,4,25,16.17861,36.3840,-96.5952,573.0,-0.99990E+01
2016,4,25,16.17889,36.3835,-96.5958,572.0,-0.99990E+01
2016,4,25,16.17917,36.3828,-96.5967,571.0,-0.99990E+01
2016,4,25,16.17944,36.3823,-96.5975,571.0,-0.99990E+01
2016,4,25,16.17972,36.3817,-96.5982,571.0,-0.99990E+01
2016,4,25,16.18000,36.3812,-96.5990,572.0,-0.99990E+01
2016,4,25,16.18028,36.3805,-96.5998,572.0,-0.99990E+01
2016,4,25,16.18056,36.3800,-96.6005,572.0,-0.99990E+01
2016,4,25,16.18083,36.3793,-96.6013,572.0,-0.99990E+01
2016,4,25,16.18111,36.3788,-96.6022,571.0,-0.99990E+01
2016,4,25,16.18139,36.3783,-96.6030,571.0,-0.99990E+01
2016,4,25,16.18167,36.3777,-96.6038,571.0,-0.99990E+01
2016,4,25,16.18194,36.3772,-96.6045,571.0,-0.99990E+01
2016,4,25,16.18222,36.3765,-96.6055,572.0,-0.99990E+01
2016,4,25,16.18250,36.3760,-96.6062,572.0,-0.99990E+01
2016,4,25,16.18278,36.3755,-96.6070,571.0,-0.99990E+01
2016,4,25,16.18305,36.3750,-96.6078,571.0,-0.99990E+01
2016,4,25,16.18333,36.3745,-96.6087,570.0,-0.99990E+01
2016,4,25,16.18361,36.3740,-96.6095,570.0,-0.99990E+01
2016,4,25,16.18389,36.3733,-96.6103,569.0,-0.99990E+01
2016,4,25,16.18417,36.3728,-96.6112,568.0,-0.99990E+01
2016,4,25,16.18444,36.3722,-96.6122,569.0,-0.99990E+01
2016,4,25,16.18472,36.3717,-96.6130,569.0,-0.99990E+01
2016,4,25,16.18500,36.3713,-96.6137,568.0,-0.99990E+01
2016,4,25,16.18528,36.3707,-96.6147,569.0,-0.99990E+01
2016,4,25,16.18555,36.3702,-96.6153,569.0,-0.99990E+01
2016,4,25,16.18583,36.3697,-96.6162,569.0,-0.99990E+01
2016,4,25,16.18611,36.3690,-96.6172,569.0,-0.99990E+01
2016,4,25,16.18639,36.3685,-96.6180,570.0,-0.99990E+01
2016,4,25,16.18667,36.3680,-96.6188,570.0,-0.99990E+01
2016,4,25,16.18694,36.3675,-96.6195,571.0,-0.99990E+01
2016,4,25,16.18722,36.3670,-96.6203,571.0,-0.99990E+01
2016,4,25,16.18750,36.3665,-96.6212,571.0,-0.99990E+01
2016,4,25,16.18778,36.3660,-96.6220,571.0,-0.99990E+01
2016,4,25,16.18806,36.3655,-96.6230,571.0,-0.99990E+01
2016,4,25,16.18833,36.3648,-96.6238,571.0,-0.99990E+01
2016,4,25,16.18861,36.3643,-96.6247,571.0,-0.99990E+01
2016,4,25,16.18889,36.3638,-96.6255,570.0,-0.99990E+01
2016,4,25,16.18917,36.3633,-96.6263,570.0,-0.99990E+01
2016,4,25,16.18944,36.3628,-96.6272,570.0,-0.99990E+01
2016,4,25,16.18972,36.3622,-96.6280,570.0,-0.99990E+01
2016,4,25,16.19000,36.3617,-96.6287,571.0,-0.99990E+01
2016,4,25,16.19028,36.3612,-96.6295,571.0,-0.99990E+01
2016,4,25,16.19056,36.3605,-96.6305,572.0,-0.99990E+01
2016,4,25,16.19083,36.3602,-96.6312,572.0,-0.99990E+01
2016,4,25,16.19111,36.3595,-96.6320,572.0,-0.99990E+01
2016,4,25,16.19139,36.3590,-96.6328,572.0,-0.99990E+01
2016,4,25,16.19167,36.3585,-96.6337,571.0,-0.99990E+01
2016,4,25,16.19194,36.3580,-96.6345,571.0,-0.99990E+01
2016,4,25,16.19222,36.3575,-96.6353,571.0,-0.99990E+01
2016,4,25,16.19250,36.3568,-96.6362,571.0,-0.99990E+01
2016,4,25,16.19278,36.3563,-96.6370,572.0,-0.99990E+01
2016,4,25,16.19305,36.3557,-96.6380,572.0,-0.99990E+01
2016,4,25,16.19333,36.3553,-96.6387,573.0,-0.99990E+01
2016,4,25,16.19361,36.3547,-96.6395,574.0,-0.99990E+01
2016,4,25,16.19389,36.3543,-96.6403,574.0,-0.99990E+01
2016,4,25,16.19417,36.3537,-96.6412,575.0,-0.99990E+01
2016,4,25,16.19444,36.3532,-96.6420,575.0,-0.99990E+01
2016,4,25,16.19472,36.3527,-96.6428,576.0,-0.99990E+01
2016,4,25,16.19500,36.3522,-96.6437,576.0,-0.99990E+01
2016,4,25,16.19528,36.3517,-96.6445,576.0,-0.99990E+01
2016,4,25,16.19555,36.3512,-96.6453,576.0,-0.99990E+01
2016,4,25,16.19583,36.3507,-96.6462,576.0,-0.99990E+01
2016,4,25,16.19611,36.3502,-96.6470,576.0,-0.99990E+01
2016,4,25,16.19639,36.3495,-96.6478,576.0,-0.99990E+01
2016,4,25,16.19667,36.3490,-96.6487,575.0,-0.99990E+01
2016,4,25,16.19694,36.3485,-96.6495,575.0,-0.99990E+01
2016,4,25,16.19722,36.3480,-96.6503,576.0,-0.99990E+01
2016,4,25,16.19750,36.3475,-96.6512,576.0,-0.99990E+01
2016,4,25,16.19778,36.3470,-96.6520,576.0,-0.99990E+01
2016,4,25,16.19806,36.3465,-96.6528,576.0,-0.99990E+01
2016,4,25,16.19833,36.3460,-96.6537,576.0,-0.99990E+01
2016,4,25,16.19861,36.3455,-96.6545,576.0,-0.99990E+01
2016,4,25,16.19889,36.3450,-96.6555,576.0,-0.99990E+01
2016,4,25,16.19917,36.3445,-96.6562,574.0,-0.99990E+01
2016,4,25,16.19944,36.3440,-96.6570,573.0,-0.99990E+01
2016,4,25,16.19972,36.3435,-96.6578,572.0,-0.99990E+01
2016,4,25,16.20000,36.3430,-96.6587,571.0,-0.99990E+01
2016,4,25,16.20028,36.3423,-96.6598,570.0,-0.99990E+01
2016,4,25,16.20056,36.3420,-96.6605,569.0,-0.99990E+01
2016,4,25,16.20083,36.3415,-96.6613,569.0,-0.99990E+01
2016,4,25,16.20111,36.3408,-96.6623,569.0,-0.99990E+01
2016,4,25,16.20139,36.3403,-96.6632,569.0,-0.99990E+01
2016,4,25,16.20167,36.3398,-96.6640,569.0,-0.99990E+01
2016,4,25,16.20194,36.3393,-96.6650,568.0,-0.99990E+01
2016,4,25,16.20222,36.3390,-96.6657,569.0,-0.99990E+01
2016,4,25,16.20250,36.3385,-96.6665,569.0,-0.99990E+01
2016,4,25,16.20278,36.3378,-96.6675,569.0,-0.99990E+01
2016,4,25,16.20306,36.3373,-96.6683,569.0,-0.99990E+01
2016,4,25,16.20333,36.3368,-96.6692,569.0,-0.99990E+01
2016,4,25,16.20361,36.3365,-96.6700,569.0,-0.99990E+01
2016,4,25,16.20389,36.3360,-96.6708,569.0,-0.99990E+01
2016,4,25,16.20417,36.3353,-96.6718,568.0,-0.99990E+01
2016,4,25,16.20444,36.3350,-96.6725,568.0,-0.99990E+01
2016,4,25,16.20472,36.3345,-96.6733,567.0,-0.99990E+01
2016,4,25,16.20500,36.3340,-96.6743,567.0,-0.99990E+01
2016,4,25,16.20528,36.3335,-96.6752,566.0,-0.99990E+01
2016,4,25,16.20556,36.3330,-96.6760,564.0,-0.99990E+01
2016,4,25,16.20583,36.3325,-96.6768,564.0,-0.99990E+01
2016,4,25,16.20611,36.3320,-96.6777,564.0,-0.99990E+01
2016,4,25,16.20639,36.3315,-96.6787,564.0,-0.99990E+01
2016,4,25,16.20667,36.3310,-96.6795,564.0,-0.99990E+01
2016,4,25,16.20695,36.3305,-96.6803,564.0,-0.99990E+01
2016,4,25,16.20722,36.3300,-96.6813,563.0,-0.99990E+01
2016,4,25,16.20750,36.3295,-96.6822,563.0,-0.99990E+01
2016,4,25,16.20778,36.3290,-96.6830,562.0,-0.99990E+01
2016,4,25,16.20806,36.3285,-96.6840,562.0,-0.99990E+01
2016,4,25,16.20833,36.3280,-96.6847,561.0,-0.99990E+01
2016,4,25,16.20861,36.3275,-96.6857,561.0,-0.99990E+01
2016,4,25,16.20889,36.3270,-96.6867,560.0,-0.99990E+01
2016,4,25,16.20917,36.3267,-96.6873,560.0,-0.99990E+01
2016,4,25,16.20945,36.3262,-96.6883,560.0,-0.99990E+01
2016,4,25,16.20972,36.3255,-96.6893,560.0,-0.99990E+01
2016,4,25,16.21000,36.3252,-96.6902,560.0,-0.99990E+01
2016,4,25,16.21028,36.3247,-96.6910,561.0,-0.99990E+01
2016,4,25,16.21056,36.3240,-96.6920,561.0,-0.99990E+01
2016,4,25,16.21083,36.3237,-96.6928,562.0,-0.99990E+01
2016,4,25,16.21111,36.3232,-96.6937,563.0,-0.99990E+01
2016,4,25,16.21139,36.3227,-96.6945,564.0,-0.99990E+01
2016,4,25,16.21167,36.3222,-96.6953,564.0,-0.99990E+01
2016,4,25,16.21194,36.3218,-96.6962,565.0,-0.99990E+01
2016,4,25,16.21222,36.3213,-96.6970,565.0,-0.99990E+01
2016,4,25,16.21250,36.3208,-96.6980,566.0,-0.99990E+01
2016,4,25,16.21278,36.3203,-96.6988,566.0,-0.99990E+01
2016,4,25,16.21306,36.3198,-96.6997,567.0,-0.99990E+01
2016,4,25,16.21334,36.3193,-96.7005,568.0,-0.99990E+01
2016,4,25,16.21361,36.3188,-96.7013,569.0,-0.99990E+01
2016,4,25,16.21389,36.3183,-96.7023,569.0,-0.99990E+01
2016,4,25,16.21417,36.3178,-96.7032,570.0,-0.99990E+01
2016,4,25,16.21445,36.3173,-96.7040,571.0,-0.99990E+01
2016,4,25,16.21472,36.3168,-96.7048,571.0,-0.99990E+01
2016,4,25,16.21500,36.3163,-96.7057,571.0,-0.99990E+01
2016,4,25,16.21528,36.3158,-96.7065,571.0,-0.99990E+01
2016,4,25,16.21556,36.3153,-96.7075,571.0,-0.99990E+01
2016,4,25,16.21583,36.3148,-96.7083,571.0,-0.99990E+01
2016,4,25,16.21611,36.3145,-96.7092,571.0,-0.99990E+01
2016,4,25,16.21639,36.3140,-96.7100,572.0,-0.99990E+01
2016,4,25,16.21667,36.3135,-96.7108,573.0,-0.99990E+01
2016,4,25,16.21695,36.3130,-96.7118,574.0,-0.99990E+01
2016,4,25,16.21722,36.3125,-96.7127,575.0,-0.99990E+01
2016,4,25,16.21750,36.3120,-96.7135,576.0,-0.99990E+01
2016,4,25,16.21778,36.3115,-96.7143,577.0,-0.99990E+01
2016,4,25,16.21806,36.3110,-96.7153,578.0,-0.99990E+01
2016,4,25,16.21833,36.3105,-96.7162,578.0,-0.99990E+01
2016,4,25,16.21861,36.3100,-96.7172,579.0,-0.99990E+01
2016,4,25,16.21889,36.3097,-96.7178,580.0,-0.99990E+01
2016,4,25,16.21917,36.3092,-96.7187,580.0,-0.99990E+01
2016,4,25,16.21944,36.3085,-96.7197,580.0,-0.99990E+01
2016,4,25,16.21972,36.3082,-96.7205,580.0,-0.99990E+01
2016,4,25,16.22000,36.3077,-96.7212,580.0,-0.99990E+01
2016,4,25,16.22028,36.3072,-96.7220,580.0,-0.99990E+01
2016,4,25,16.22056,36.3067,-96.7228,580.0,-0.99990E+01
2016,4,25,16.22083,36.3063,-96.7238,580.0,-0.99990E+01
2016,4,25,16.22111,36.3058,-96.7247,580.0,-0.99990E+01
2016,4,25,16.22139,36.3053,-96.7255,580.0,-0.99990E+01
2016,4,25,16.22167,36.3048,-96.7263,579.0,-0.99990E+01
2016,4,25,16.22194,36.3043,-96.7272,579.0,-0.99990E+01
2016,4,25,16.22222,36.3038,-96.7280,579.0,-0.99990E+01
2016,4,25,16.22250,36.3033,-96.7288,578.0,-0.99990E+01
2016,4,25,16.22278,36.3028,-96.7297,579.0,-0.99990E+01
2016,4,25,16.22306,36.3023,-96.7305,579.0,-0.99990E+01
2016,4,25,16.22333,36.3018,-96.7315,579.0,-0.99990E+01
2016,4,25,16.22361,36.3013,-96.7323,579.0,-0.99990E+01
2016,4,25,16.22389,36.3008,-96.7332,580.0,-0.99990E+01
2016,4,25,16.22417,36.3005,-96.7340,581.0,-0.99990E+01
2016,4,25,16.22445,36.3000,-96.7348,583.0,-0.99990E+01
2016,4,25,16.22472,36.2995,-96.7357,584.0,-0.99990E+01
2016,4,25,16.22500,36.2990,-96.7365,585.0,-0.99990E+01
2016,4,25,16.22528,36.2985,-96.7373,586.0,-0.99990E+01
2016,4,25,16.22556,36.2980,-96.7382,588.0,-0.99990E+01
2016,4,25,16.22583,36.2975,-96.7390,589.0,-0.99990E+01
2016,4,25,16.22611,36.2970,-96.7400,590.0,-0.99990E+01
2016,4,25,16.22639,36.2965,-96.7408,591.0,-0.99990E+01
2016,4,25,16.22667,36.2960,-96.7418,593.0,-0.99990E+01
2016,4,25,16.22695,36.2955,-96.7425,594.0,-0.99990E+01
2016,4,25,16.22722,36.2952,-96.7433,596.0,-0.99990E+01
2016,4,25,16.22750,36.2945,-96.7443,597.0,-0.99990E+01
2016,4,25,16.22778,36.2942,-96.7450,599.0,-0.99990E+01
2016,4,25,16.22806,36.2937,-96.7458,599.0,-0.99990E+01
2016,4,25,16.22833,36.2932,-96.7467,600.0,-0.99990E+01
2016,4,25,16.22861,36.2927,-96.7473,601.0,-0.99990E+01
2016,4,25,16.22889,36.2922,-96.7482,603.0,-0.99990E+01
2016,4,25,16.22917,36.2917,-96.7490,603.0,-0.99990E+01
2016,4,25,16.22944,36.2913,-96.7498,603.0,-0.99990E+01
2016,4,25,16.22972,36.2907,-96.7508,604.0,-0.99990E+01
2016,4,25,16.23000,36.2903,-96.7515,604.0,-0.99990E+01
2016,4,25,16.23028,36.2898,-96.7523,605.0,-0.99990E+01
2016,4,25,16.23056,36.2893,-96.7532,606.0,-0.99990E+01
2016,4,25,16.23083,36.2888,-96.7540,606.0,-0.99990E+01
2016,4,25,16.23111,36.2883,-96.7548,606.0,-0.99990E+01
2016,4,25,16.23139,36.2880,-96.7557,606.0,-0.99990E+01
2016,4,25,16.23167,36.2873,-96.7565,606.0,-0.99990E+01
2016,4,25,16.23195,36.2868,-96.7573,607.0,-0.99990E+01
2016,4,25,16.23222,36.2863,-96.7583,607.0,-0.99990E+01
2016,4,25,16.23250,36.2858,-96.7590,607.0,-0.99990E+01
2016,4,25,16.23278,36.2853,-96.7598,608.0,-0.99990E+01
2016,4,25,16.23306,36.2848,-96.7605,609.0,-0.99990E+01
2016,4,25,16.23333,36.2843,-96.7613,610.0,-0.99990E+01
2016,4,25,16.23361,36.2838,-96.7622,611.0,-0.99990E+01
2016,4,25,16.23389,36.2833,-96.7630,613.0,-0.99990E+01
2016,4,25,16.23417,36.2828,-96.7638,615.0,-0.99990E+01
2016,4,25,16.23445,36.2823,-96.7645,617.0,-0.99990E+01
2016,4,25,16.23472,36.2818,-96.7655,620.0,-0.99990E+01
2016,4,25,16.23500,36.2813,-96.7663,622.0,-0.99990E+01
2016,4,25,16.23528,36.2808,-96.7670,624.0,-0.99990E+01
2016,4,25,16.23556,36.2805,-96.7678,625.0,-0.99990E+01
2016,4,25,16.23583,36.2798,-96.7687,628.0,-0.99990E+01
2016,4,25,16.23611,36.2795,-96.7695,629.0,-0.99990E+01
2016,4,25,16.23639,36.2790,-96.7703,630.0,-0.99990E+01
2016,4,25,16.23667,36.2785,-96.7710,631.0,-0.99990E+01
2016,4,25,16.23694,36.2778,-96.7720,631.0,-0.99990E+01
2016,4,25,16.23722,36.2775,-96.7727,631.0,-0.99990E+01
2016,4,25,16.23750,36.2770,-96.7733,631.0,-0.99990E+01
2016,4,25,16.23778,36.2765,-96.7743,630.0,-0.99990E+01
2016,4,25,16.23806,36.2760,-96.7750,630.0,-0.99990E+01
2016,4,25,16.23833,36.2755,-96.7758,630.0,-0.99990E+01
2016,4,25,16.23861,36.2750,-96.7767,630.0,-0.99990E+01
2016,4,25,16.23889,36.2745,-96.7773,630.0,-0.99990E+01
2016,4,25,16.23917,36.2740,-96.7782,631.0,-0.99990E+01
2016,4,25,16.23944,36.2735,-96.7792,632.0,-0.99990E+01
2016,4,25,16.23972,36.2730,-96.7798,633.0,-0.99990E+01
2016,4,25,16.24000,36.2725,-96.7805,633.0,-0.99990E+01
2016,4,25,16.24028,36.2720,-96.7815,634.0,-0.99990E+01
2016,4,25,16.24056,36.2715,-96.7822,634.0,-0.99990E+01
2016,4,25,16.24083,36.2710,-96.7830,634.0,-0.99990E+01
2016,4,25,16.24111,36.2705,-96.7837,635.0,-0.99990E+01
2016,4,25,16.24139,36.2700,-96.7845,635.0,-0.99990E+01
2016,4,25,16.24167,36.2695,-96.7853,636.0,-0.99990E+01
2016,4,25,16.24195,36.2692,-96.7862,637.0,-0.99990E+01
2016,4,25,16.24222,36.2687,-96.7868,638.0,-0.99990E+01
2016,4,25,16.24250,36.2682,-96.7877,638.0,-0.99990E+01
2016,4,25,16.24278,36.2675,-96.7885,639.0,-0.99990E+01
2016,4,25,16.24306,36.2672,-96.7893,641.0,-0.99990E+01
2016,4,25,16.24333,36.2665,-96.7902,641.0,-0.99990E+01
2016,4,25,16.24361,36.2662,-96.7910,642.0,-0.99990E+01
2016,4,25,16.24389,36.2657,-96.7917,642.0,-0.99990E+01
2016,4,25,16.24417,36.2652,-96.7925,642.0,-0.99990E+01
2016,4,25,16.24444,36.2647,-96.7933,642.0,-0.99990E+01
2016,4,25,16.24472,36.2642,-96.7942,642.0,-0.99990E+01
2016,4,25,16.24500,36.2637,-96.7950,642.0,-0.99990E+01
2016,4,25,16.24528,36.2632,-96.7957,641.0,-0.99990E+01
2016,4,25,16.24556,36.2628,-96.7965,642.0,-0.99990E+01
2016,4,25,16.24583,36.2622,-96.7973,642.0,-0.99990E+01
2016,4,25,16.24611,36.2618,-96.7980,642.0,-0.99990E+01
2016,4,25,16.24639,36.2613,-96.7988,643.0,-0.99990E+01
2016,4,25,16.24667,36.2607,-96.7998,643.0,-0.99990E+01
2016,4,25,16.24694,36.2603,-96.8005,643.0,-0.99990E+01
2016,4,25,16.24722,36.2598,-96.8012,642.0,-0.99990E+01
2016,4,25,16.24750,36.2592,-96.8022,641.0,-0.99990E+01
2016,4,25,16.24778,36.2588,-96.8028,642.0,-0.99990E+01
2016,4,25,16.24806,36.2583,-96.8037,642.0,-0.99990E+01
2016,4,25,16.24833,36.2578,-96.8045,642.0,-0.99990E+01
2016,4,25,16.24861,36.2573,-96.8052,643.0,-0.99990E+01
2016,4,25,16.24889,36.2568,-96.8060,642.0,-0.99990E+01
2016,4,25,16.24917,36.2563,-96.8070,642.0,-0.99990E+01
2016,4,25,16.24944,36.2558,-96.8077,641.0,-0.99990E+01
2016,4,25,16.24972,36.2555,-96.8085,641.0,-0.99990E+01
2016,4,25,16.25000,36.2548,-96.8093,641.0,-0.99990E+01
2016,4,25,16.25028,36.2545,-96.8100,640.0,-0.99990E+01
2016,4,25,16.25056,36.2540,-96.8108,640.0,-0.99990E+01
2016,4,25,16.25083,36.2535,-96.8118,639.0,-0.99990E+01
2016,4,25,16.25111,36.2530,-96.8125,639.0,-0.99990E+01
2016,4,25,16.25139,36.2525,-96.8133,638.0,-0.99990E+01
2016,4,25,16.25167,36.2520,-96.8143,638.0,-0.99990E+01
2016,4,25,16.25194,36.2515,-96.8150,638.0,-0.99990E+01
2016,4,25,16.25222,36.2510,-96.8158,638.0,-0.99990E+01
2016,4,25,16.25250,36.2505,-96.8168,640.0,-0.99990E+01
2016,4,25,16.25278,36.2500,-96.8175,641.0,-0.99990E+01
2016,4,25,16.25306,36.2497,-96.8183,642.0,-0.99990E+01
2016,4,25,16.25333,36.2492,-96.8192,643.0,-0.99990E+01
2016,4,25,16.25361,36.2487,-96.8200,644.0,-0.99990E+01
2016,4,25,16.25389,36.2483,-96.8207,644.0,-0.99990E+01
2016,4,25,16.25417,36.2478,-96.8215,644.0,-0.99990E+01
2016,4,25,16.25444,36.2473,-96.8223,643.0,-0.99990E+01
2016,4,25,16.25472,36.2468,-96.8232,643.0,-0.99990E+01
2016,4,25,16.25500,36.2462,-96.8242,643.0,-0.99990E+01
2016,4,25,16.25528,36.2458,-96.8250,643.0,-0.99990E+01
2016,4,25,16.25556,36.2453,-96.8257,643.0,-0.99990E+01
2016,4,25,16.25583,36.2448,-96.8267,643.0,-0.99990E+01
2016,4,25,16.25611,36.2445,-96.8273,644.0,-0.99990E+01
2016,4,25,16.25639,36.2440,-96.8282,644.0,-0.99990E+01
2016,4,25,16.25667,36.2435,-96.8292,644.0,-0.99990E+01
2016,4,25,16.25694,36.2432,-96.8298,645.0,-0.99990E+01
2016,4,25,16.25722,36.2427,-96.8305,645.0,-0.99990E+01
2016,4,25,16.25750,36.2422,-96.8315,646.0,-0.99990E+01
2016,4,25,16.25778,36.2417,-96.8322,646.0,-0.99990E+01
2016,4,25,16.25805,36.2410,-96.8332,647.0,-0.99990E+01
2016,4,25,16.25833,36.2405,-96.8338,647.0,-0.99990E+01
2016,4,25,16.25861,36.2400,-96.8345,646.0,-0.99990E+01
2016,4,25,16.25889,36.2393,-96.8352,645.0,-0.99990E+01
2016,4,25,16.25917,36.2388,-96.8358,644.0,-0.99990E+01
2016,4,25,16.25945,36.2382,-96.8365,641.0,-0.99990E+01
2016,4,25,16.25972,36.2373,-96.8372,637.0,-0.99990E+01
2016,4,25,16.26000,36.2368,-96.8377,635.0,-0.99990E+01
2016,4,25,16.26028,36.2360,-96.8382,632.0,-0.99990E+01
2016,4,25,16.26056,36.2353,-96.8387,630.0,-0.99990E+01
2016,4,25,16.26083,36.2347,-96.8392,627.0,-0.99990E+01
2016,4,25,16.26111,36.2340,-96.8397,625.0,-0.99990E+01
2016,4,25,16.26139,36.2332,-96.8402,623.0,-0.99990E+01
2016,4,25,16.26167,36.2325,-96.8405,622.0,-0.99990E+01
2016,4,25,16.26194,36.2318,-96.8410,621.0,-0.99990E+01
2016,4,25,16.26222,36.2310,-96.8413,620.0,-0.99990E+01
2016,4,25,16.26250,36.2303,-96.8418,619.0,-0.99990E+01
2016,4,25,16.26278,36.2295,-96.8422,619.0,-0.99990E+01
2016,4,25,16.26306,36.2288,-96.8425,620.0,-0.99990E+01
2016,4,25,16.26333,36.2282,-96.8430,620.0,-0.99990E+01
2016,4,25,16.26361,36.2272,-96.8435,621.0,-0.99990E+01
2016,4,25,16.26389,36.2265,-96.8438,622.0,-0.99990E+01
2016,4,25,16.26417,36.2258,-96.8443,623.0,-0.99990E+01
2016,4,25,16.26444,36.2248,-96.8448,624.0,-0.99990E+01
2016,4,25,16.26472,36.2243,-96.8452,626.0,-0.99990E+01
2016,4,25,16.26500,36.2237,-96.8457,628.0,-0.99990E+01
2016,4,25,16.26528,36.2227,-96.8462,630.0,-0.99990E+01
2016,4,25,16.26556,36.2220,-96.8467,632.0,-0.99990E+01
2016,4,25,16.26583,36.2213,-96.8470,634.0,-0.99990E+01
2016,4,25,16.26611,36.2205,-96.8477,637.0,-0.99990E+01
2016,4,25,16.26639,36.2200,-96.8480,638.0,-0.99990E+01
2016,4,25,16.26667,36.2193,-96.8485,640.0,-0.99990E+01
2016,4,25,16.26694,36.2185,-96.8490,641.0,-0.99990E+01
2016,4,25,16.26722,36.2178,-96.8495,643.0,-0.99990E+01
2016,4,25,16.26750,36.2172,-96.8500,643.0,-0.99990E+01
2016,4,25,16.26778,36.2163,-96.8505,644.0,-0.99990E+01
2016,4,25,16.26805,36.2157,-96.8510,644.0,-0.99990E+01
2016,4,25,16.26833,36.2150,-96.8515,644.0,-0.99990E+01
2016,4,25,16.26861,36.2142,-96.8520,644.0,-0.99990E+01
2016,4,25,16.26889,36.2135,-96.8523,644.0,-0.99990E+01
2016,4,25,16.26917,36.2128,-96.8528,644.0,-0.99990E+01
2016,4,25,16.26944,36.2120,-96.8535,644.0,-0.99990E+01
2016,4,25,16.26972,36.2113,-96.8538,645.0,-0.99990E+01
2016,4,25,16.27000,36.2107,-96.8543,646.0,-0.99990E+01
2016,4,25,16.27028,36.2100,-96.8548,647.0,-0.99990E+01
2016,4,25,16.27056,36.2093,-96.8553,647.0,-0.99990E+01
2016,4,25,16.27083,36.2087,-96.8558,647.0,-0.99990E+01
2016,4,25,16.27111,36.2078,-96.8563,646.0,-0.99990E+01
2016,4,25,16.27139,36.2072,-96.8568,646.0,-0.99990E+01
2016,4,25,16.27167,36.2063,-96.8573,646.0,-0.99990E+01
2016,4,25,16.27194,36.2058,-96.8578,646.0,-0.99990E+01
2016,4,25,16.27222,36.2050,-96.8583,646.0,-0.99990E+01
2016,4,25,16.27250,36.2042,-96.8590,646.0,-0.99990E+01
2016,4,25,16.27278,36.2037,-96.8593,646.0,-0.99990E+01
2016,4,25,16.27306,36.2030,-96.8598,646.0,-0.99990E+01
2016,4,25,16.27333,36.2022,-96.8605,645.0,-0.99990E+01
2016,4,25,16.27361,36.2015,-96.8608,646.0,-0.99990E+01
2016,4,25,16.27389,36.2008,-96.8613,646.0,-0.99990E+01
2016,4,25,16.27417,36.2002,-96.8618,648.0,-0.99990E+01
2016,4,25,16.27444,36.1995,-96.8623,649.0,-0.99990E+01
2016,4,25,16.27472,36.1987,-96.8630,650.0,-0.99990E+01
2016,4,25,16.27500,36.1980,-96.8635,650.0,-0.99990E+01
2016,4,25,16.27528,36.1973,-96.8640,649.0,-0.99990E+01
2016,4,25,16.27555,36.1967,-96.8645,647.0,-0.99990E+01
2016,4,25,16.27583,36.1960,-96.8650,645.0,-0.99990E+01
2016,4,25,16.27611,36.1952,-96.8657,643.0,-0.99990E+01
2016,4,25,16.27639,36.1945,-96.8660,642.0,-0.99990E+01
2016,4,25,16.27667,36.1937,-96.8667,640.0,-0.99990E+01
2016,4,25,16.27695,36.1930,-96.8672,640.0,-0.99990E+01
2016,4,25,16.27722,36.1923,-96.8677,639.0,-0.99990E+01
2016,4,25,16.27750,36.1917,-96.8682,639.0,-0.99990E+01
2016,4,25,16.27778,36.1908,-96.8687,639.0,-0.99990E+01
2016,4,25,16.27806,36.1902,-96.8693,640.0,-0.99990E+01
2016,4,25,16.27833,36.1895,-96.8698,640.0,-0.99990E+01
2016,4,25,16.27861,36.1888,-96.8703,642.0,-0.99990E+01
2016,4,25,16.27889,36.1882,-96.8708,644.0,-0.99990E+01
2016,4,25,16.27917,36.1875,-96.8713,646.0,-0.99990E+01
2016,4,25,16.27944,36.1868,-96.8718,648.0,-0.99990E+01
2016,4,25,16.27972,36.1860,-96.8723,650.0,-0.99990E+01
2016,4,25,16.28000,36.1853,-96.8728,650.0,-0.99990E+01
2016,4,25,16.28028,36.1847,-96.8733,651.0,-0.99990E+01
2016,4,25,16.28056,36.1840,-96.8740,652.0,-0.99990E+01
2016,4,25,16.28083,36.1833,-96.8745,652.0,-0.99990E+01
2016,4,25,16.28111,36.1825,-96.8750,653.0,-0.99990E+01
2016,4,25,16.28139,36.1818,-96.8755,653.0,-0.99990E+01
2016,4,25,16.28167,36.1812,-96.8760,654.0,-0.99990E+01
2016,4,25,16.28194,36.1805,-96.8765,654.0,-0.99990E+01
2016,4,25,16.28222,36.1797,-96.8772,655.0,-0.99990E+01
2016,4,25,16.28250,36.1792,-96.8777,657.0,-0.99990E+01
2016,4,25,16.28278,36.1783,-96.8782,659.0,-0.99990E+01
2016,4,25,16.28305,36.1777,-96.8787,661.0,-0.99990E+01
2016,4,25,16.28333,36.1770,-96.8792,663.0,-0.99990E+01
2016,4,25,16.28361,36.1762,-96.8798,664.0,-0.99990E+01
2016,4,25,16.28389,36.1757,-96.8803,664.0,-0.99990E+01
2016,4,25,16.28417,36.1750,-96.8808,663.0,-0.99990E+01
2016,4,25,16.28444,36.1743,-96.8813,662.0,-0.99990E+01
2016,4,25,16.28472,36.1735,-96.8818,660.0,-0.99990E+01
2016,4,25,16.28500,36.1728,-96.8825,657.0,-0.99990E+01
2016,4,25,16.28528,36.1722,-96.8830,655.0,-0.99990E+01
2016,4,25,16.28555,36.1715,-96.8835,653.0,-0.99990E+01
2016,4,25,16.28583,36.1708,-96.8840,651.0,-0.99990E+01
2016,4,25,16.28611,36.1700,-96.8845,650.0,-0.99990E+01
2016,4,25,16.28639,36.1693,-96.8850,648.0,-0.99990E+01
2016,4,25,16.28667,36.1687,-96.8855,647.0,-0.99990E+01
2016,4,25,16.28694,36.1680,-96.8860,646.0,-0.99990E+01
2016,4,25,16.28722,36.1673,-96.8865,645.0,-0.99990E+01
2016,4,25,16.28750,36.1667,-96.8872,644.0,-0.99990E+01
2016,4,25,16.28778,36.1658,-96.8877,642.0,-0.99990E+01
2016,4,25,16.28806,36.1652,-96.8882,641.0,-0.99990E+01
2016,4,25,16.28833,36.1645,-96.8887,640.0,-0.99990E+01
2016,4,25,16.28861,36.1637,-96.8893,639.0,-0.99990E+01
2016,4,25,16.28889,36.1630,-96.8898,638.0,-0.99990E+01
2016,4,25,16.28917,36.1623,-96.8903,637.0,-0.99990E+01
2016,4,25,16.28944,36.1615,-96.8910,637.0,-0.99990E+01
2016,4,25,16.28972,36.1610,-96.8915,637.0,-0.99990E+01
2016,4,25,16.29000,36.1602,-96.8920,637.0,-0.99990E+01
2016,4,25,16.29028,36.1595,-96.8925,637.0,-0.99990E+01
2016,4,25,16.29056,36.1588,-96.8930,636.0,-0.99990E+01
2016,4,25,16.29083,36.1580,-96.8935,636.0,-0.99990E+01
2016,4,25,16.29111,36.1573,-96.8942,635.0,-0.99990E+01
2016,4,25,16.29139,36.1567,-96.8947,635.0,-0.99990E+01
2016,4,25,16.29167,36.1558,-96.8953,634.0,-0.99990E+01
2016,4,25,16.29194,36.1552,-96.8957,633.0,-0.99990E+01
2016,4,25,16.29222,36.1545,-96.8962,632.0,-0.99990E+01
2016,4,25,16.29250,36.1537,-96.8968,631.0,-0.99990E+01
2016,4,25,16.29278,36.1530,-96.8973,631.0,-0.99990E+01
2016,4,25,16.29305,36.1523,-96.8978,631.0,-0.99990E+01
2016,4,25,16.29333,36.1515,-96.8985,631.0,-0.99990E+01
2016,4,25,16.29361,36.1508,-96.8990,630.0,-0.99990E+01
2016,4,25,16.29389,36.1502,-96.8995,630.0,-0.99990E+01
2016,4,25,16.29417,36.1493,-96.9002,629.0,-0.99990E+01
2016,4,25,16.29444,36.1487,-96.9005,629.0,-0.99990E+01
2016,4,25,16.29472,36.1480,-96.9012,629.0,-0.99990E+01
2016,4,25,16.29500,36.1473,-96.9017,628.0,-0.99990E+01
2016,4,25,16.29528,36.1467,-96.9022,627.0,-0.99990E+01
2016,4,25,16.29556,36.1460,-96.9027,625.0,-0.99990E+01
2016,4,25,16.29583,36.1453,-96.9032,624.0,-0.99990E+01
2016,4,25,16.29611,36.1447,-96.9037,624.0,-0.99990E+01
2016,4,25,16.29639,36.1438,-96.9042,623.0,-0.99990E+01
2016,4,25,16.29667,36.1430,-96.9048,622.0,-0.99990E+01
2016,4,25,16.29694,36.1423,-96.9053,622.0,-0.99990E+01
2016,4,25,16.29722,36.1417,-96.9058,621.0,-0.99990E+01
2016,4,25,16.29750,36.1408,-96.9063,621.0,-0.99990E+01
2016,4,25,16.29778,36.1402,-96.9068,620.0,-0.99990E+01
2016,4,25,16.29806,36.1395,-96.9073,620.0,-0.99990E+01
2016,4,25,16.29833,36.1387,-96.9078,619.0,-0.99990E+01
2016,4,25,16.29861,36.1380,-96.9083,618.0,-0.99990E+01
2016,4,25,16.29889,36.1372,-96.9088,617.0,-0.99990E+01
2016,4,25,16.29917,36.1365,-96.9092,616.0,-0.99990E+01
2016,4,25,16.29944,36.1358,-96.9097,614.0,-0.99990E+01
2016,4,25,16.29972,36.1348,-96.9102,613.0,-0.99990E+01
2016,4,25,16.30000,36.1343,-96.9105,613.0,-0.99990E+01
2016,4,25,16.30028,36.1335,-96.9110,612.0,-0.99990E+01
2016,4,25,16.30055,36.1328,-96.9115,612.0,-0.99990E+01
2016,4,25,16.30083,36.1318,-96.9120,611.0,-0.99990E+01
2016,4,25,16.30111,36.1312,-96.9125,612.0,-0.99990E+01
2016,4,25,16.30139,36.1305,-96.9130,612.0,-0.99990E+01
2016,4,25,16.30167,36.1297,-96.9133,612.0,-0.99990E+01
2016,4,25,16.30194,36.1290,-96.9138,612.0,-0.99990E+01
2016,4,25,16.30222,36.1282,-96.9143,612.0,-0.99990E+01
2016,4,25,16.30250,36.1275,-96.9147,612.0,-0.99990E+01
2016,4,25,16.30278,36.1267,-96.9152,613.0,-0.99990E+01
2016,4,25,16.30305,36.1258,-96.9157,614.0,-0.99990E+01
2016,4,25,16.30333,36.1252,-96.9160,614.0,-0.99990E+01
2016,4,25,16.30361,36.1245,-96.9165,615.0,-0.99990E+01
2016,4,25,16.30389,36.1237,-96.9168,615.0,-0.99990E+01
2016,4,25,16.30417,36.1228,-96.9175,616.0,-0.99990E+01
2016,4,25,16.30444,36.1222,-96.9178,616.0,-0.99990E+01
2016,4,25,16.30472,36.1215,-96.9182,617.0,-0.99990E+01
2016,4,25,16.30500,36.1207,-96.9187,619.0,-0.99990E+01
2016,4,25,16.30528,36.1200,-96.9192,620.0,-0.99990E+01
2016,4,25,16.30556,36.1190,-96.9197,622.0,-0.99990E+01
2016,4,25,16.30583,36.1185,-96.9200,623.0,-0.99990E+01
2016,4,25,16.30611,36.1177,-96.9203,623.0,-0.99990E+01
2016,4,25,16.30639,36.1170,-96.9208,623.0,-0.99990E+01
2016,4,25,16.30667,36.1162,-96.9213,622.0,-0.99990E+01
2016,4,25,16.30694,36.1155,-96.9217,621.0,-0.99990E+01
2016,4,25,16.30722,36.1147,-96.9222,620.0,-0.99990E+01
2016,4,25,16.30750,36.1138,-96.9227,618.0,-0.99990E+01
2016,4,25,16.30778,36.1132,-96.9230,618.0,-0.99990E+01
2016,4,25,16.30805,36.1125,-96.9235,617.0,-0.99990E+01
2016,4,25,16.30833,36.1117,-96.9240,617.0,-0.99990E+01
2016,4,25,16.30861,36.1108,-96.9245,617.0,-0.99990E+01
2016,4,25,16.30889,36.1103,-96.9248,618.0,-0.99990E+01
2016,4,25,16.30917,36.1095,-96.9253,618.0,-0.99990E+01
2016,4,25,16.30944,36.1088,-96.9257,618.0,-0.99990E+01
2016,4,25,16.30972,36.1080,-96.9262,619.0,-0.99990E+01
2016,4,25,16.31000,36.1072,-96.9267,620.0,-0.99990E+01
2016,4,25,16.31028,36.1065,-96.9270,621.0,-0.99990E+01
2016,4,25,16.31055,36.1057,-96.9275,622.0,-0.99990E+01
2016,4,25,16.31083,36.1050,-96.9280,623.0,-0.99990E+01
2016,4,25,16.31111,36.1042,-96.9283,624.0,-0.99990E+01
2016,4,25,16.31139,36.1035,-96.9288,624.0,-0.99990E+01
2016,4,25,16.31167,36.1027,-96.9293,625.0,-0.99990E+01
2016,4,25,16.31194,36.1020,-96.9298,625.0,-0.99990E+01
2016,4,25,16.31222,36.1013,-96.9302,626.0,-0.99990E+01
2016,4,25,16.31250,36.1007,-96.9305,626.0,-0.99990E+01
2016,4,25,16.31278,36.0997,-96.9310,627.0,-0.99990E+01
2016,4,25,16.31306,36.0992,-96.9315,627.0,-0.99990E+01
2016,4,25,16.31333,36.0983,-96.9318,626.0,-0.99990E+01
2016,4,25,16.31361,36.0975,-96.9323,624.0,-0.99990E+01
2016,4,25,16.31389,36.0968,-96.9327,623.0,-0.99990E+01
2016,4,25,16.31417,36.0962,-96.9332,621.0,-0.99990E+01
2016,4,25,16.31444,36.0952,-96.9337,619.0,-0.99990E+01
2016,4,25,16.31472,36.0947,-96.9340,617.0,-0.99990E+01
2016,4,25,16.31500,36.0938,-96.9343,616.0,-0.99990E+01
2016,4,25,16.31528,36.0932,-96.9348,614.0,-0.99990E+01
2016,4,25,16.31556,36.0923,-96.9352,613.0,-0.99990E+01
2016,4,25,16.31583,36.0917,-96.9357,612.0,-0.99990E+01
2016,4,25,16.31611,36.0908,-96.9360,611.0,-0.99990E+01
2016,4,25,16.31639,36.0900,-96.9365,610.0,-0.99990E+01
2016,4,25,16.31667,36.0893,-96.9368,609.0,-0.99990E+01
2016,4,25,16.31695,36.0885,-96.9373,609.0,-0.99990E+01
2016,4,25,16.31722,36.0878,-96.9378,608.0,-0.99990E+01
2016,4,25,16.31750,36.0870,-96.9382,607.0,-0.99990E+01
2016,4,25,16.31778,36.0862,-96.9387,607.0,-0.99990E+01
2016,4,25,16.31806,36.0855,-96.9390,607.0,-0.99990E+01
2016,4,25,16.31833,36.0847,-96.9395,608.0,-0.99990E+01
2016,4,25,16.31861,36.0838,-96.9400,608.0,-0.99990E+01
2016,4,25,16.31889,36.0832,-96.9403,609.0,-0.99990E+01
2016,4,25,16.31917,36.0823,-96.9407,609.0,-0.99990E+01
2016,4,25,16.31944,36.0815,-96.9412,610.0,-0.99990E+01
2016,4,25,16.31972,36.0808,-96.9415,610.0,-0.99990E+01
2016,4,25,16.32000,36.0802,-96.9420,609.0,-0.99990E+01
2016,4,25,16.32028,36.0793,-96.9423,609.0,-0.99990E+01
2016,4,25,16.32056,36.0787,-96.9427,609.0,-0.99990E+01
2016,4,25,16.32084,36.0778,-96.9432,609.0,-0.99990E+01
2016,4,25,16.32111,36.0770,-96.9437,609.0,-0.99990E+01
2016,4,25,16.32139,36.0763,-96.9440,608.0,-0.99990E+01
2016,4,25,16.32167,36.0757,-96.9443,607.0,-0.99990E+01
2016,4,25,16.32195,36.0748,-96.9447,605.0,-0.99990E+01
2016,4,25,16.32222,36.0740,-96.9452,604.0,-0.99990E+01
2016,4,25,16.32250,36.0733,-96.9455,604.0,-0.99990E+01
2016,4,25,16.32278,36.0725,-96.9458,604.0,-0.99990E+01
2016,4,25,16.32306,36.0717,-96.9463,604.0,-0.99990E+01
2016,4,25,16.32333,36.0710,-96.9467,604.0,-0.99990E+01
2016,4,25,16.32361,36.0703,-96.9470,604.0,-0.99990E+01
2016,4,25,16.32389,36.0695,-96.9475,603.0,-0.99990E+01
2016,4,25,16.32417,36.0687,-96.9478,602.0,-0.99990E+01
2016,4,25,16.32445,36.0680,-96.9482,601.0,-0.99990E+01
2016,4,25,16.32472,36.0670,-96.9487,601.0,-0.99990E+01
2016,4,25,16.32500,36.0665,-96.9490,601.0,-0.99990E+01
2016,4,25,16.32528,36.0657,-96.9493,601.0,-0.99990E+01
2016,4,25,16.32556,36.0648,-96.9498,601.0,-0.99990E+01
2016,4,25,16.32583,36.0640,-96.9502,601.0,-0.99990E+01
2016,4,25,16.32611,36.0633,-96.9507,602.0,-0.99990E+01
2016,4,25,16.32639,36.0625,-96.9510,602.0,-0.99990E+01
2016,4,25,16.32667,36.0617,-96.9515,604.0,-0.99990E+01
2016,4,25,16.32695,36.0610,-96.9518,605.0,-0.99990E+01
2016,4,25,16.32722,36.0605,-96.9523,606.0,-0.99990E+01
2016,4,25,16.32750,36.0595,-96.9528,606.0,-0.99990E+01
2016,4,25,16.32778,36.0590,-96.9533,606.0,-0.99990E+01
2016,4,25,16.32806,36.0582,-96.9540,606.0,-0.99990E+01
2016,4,25,16.32833,36.0575,-96.9545,605.0,-0.99990E+01
2016,4,25,16.32861,36.0570,-96.9550,605.0,-0.99990E+01
2016,4,25,16.32889,36.0562,-96.9557,604.0,-0.99990E+01
2016,4,25,16.32917,36.0557,-96.9562,604.0,-0.99990E+01
2016,4,25,16.32944,36.0550,-96.9567,605.0,-0.99990E+01
2016,4,25,16.32972,36.0542,-96.9575,606.0,-0.99990E+01
2016,4,25,16.33000,36.0537,-96.9580,607.0,-0.99990E+01
2016,4,25,16.33028,36.0530,-96.9587,607.0,-0.99990E+01
2016,4,25,16.33056,36.0523,-96.9593,607.0,-0.99990E+01
2016,4,25,16.33083,36.0518,-96.9598,607.0,-0.99990E+01
2016,4,25,16.33111,36.0512,-96.9605,606.0,-0.99990E+01
2016,4,25,16.33139,36.0505,-96.9613,606.0,-0.99990E+01
2016,4,25,16.33167,36.0500,-96.9618,605.0,-0.99990E+01
2016,4,25,16.33195,36.0493,-96.9625,605.0,-0.99990E+01
2016,4,25,16.33222,36.0487,-96.9633,605.0,-0.99990E+01
2016,4,25,16.33250,36.0482,-96.9640,605.0,-0.99990E+01
2016,4,25,16.33278,36.0477,-96.9647,605.0,-0.99990E+01
2016,4,25,16.33306,36.0470,-96.9657,605.0,-0.99990E+01
2016,4,25,16.33333,36.0465,-96.9662,605.0,-0.99990E+01
2016,4,25,16.33361,36.0460,-96.9670,605.0,-0.99990E+01
2016,4,25,16.33389,36.0453,-96.9678,605.0,-0.99990E+01
2016,4,25,16.33417,36.0450,-96.9683,605.0,-0.99990E+01
2016,4,25,16.33445,36.0443,-96.9693,604.0,-0.99990E+01
2016,4,25,16.33472,36.0438,-96.9700,603.0,-0.99990E+01
2016,4,25,16.33500,36.0432,-96.9708,602.0,-0.99990E+01
2016,4,25,16.33528,36.0427,-96.9717,601.0,-0.99990E+01
2016,4,25,16.33556,36.0422,-96.9723,601.0,-0.99990E+01
2016,4,25,16.33583,36.0417,-96.9732,601.0,-0.99990E+01
2016,4,25,16.33611,36.0410,-96.9740,600.0,-0.99990E+01
2016,4,25,16.33639,36.0405,-96.9747,600.0,-0.99990E+01
2016,4,25,16.33667,36.0400,-96.9755,600.0,-0.99990E+01
2016,4,25,16.33694,36.0395,-96.9762,599.0,-0.99990E+01
2016,4,25,16.33722,36.0390,-96.9770,599.0,-0.99990E+01
2016,4,25,16.33750,36.0385,-96.9778,599.0,-0.99990E+01
2016,4,25,16.33778,36.0380,-96.9785,600.0,-0.99990E+01
2016,4,25,16.33806,36.0377,-96.9793,600.0,-0.99990E+01
2016,4,25,16.33833,36.0370,-96.9803,601.0,-0.99990E+01
2016,4,25,16.33861,36.0365,-96.9810,601.0,-0.99990E+01
2016,4,25,16.33889,36.0360,-96.9820,603.0,-0.99990E+01
2016,4,25,16.33917,36.0357,-96.9827,604.0,-0.99990E+01
2016,4,25,16.33945,36.0352,-96.9835,604.0,-0.99990E+01
2016,4,25,16.33972,36.0347,-96.9845,604.0,-0.99990E+01
2016,4,25,16.34000,36.0342,-96.9852,604.0,-0.99990E+01
2016,4,25,16.34028,36.0338,-96.9860,604.0,-0.99990E+01
2016,4,25,16.34056,36.0333,-96.9870,603.0,-0.99990E+01
2016,4,25,16.34083,36.0330,-96.9878,603.0,-0.99990E+01
2016,4,25,16.34111,36.0325,-96.9888,603.0,-0.99990E+01
2016,4,25,16.34139,36.0322,-96.9895,603.0,-0.99990E+01
2016,4,25,16.34167,36.0317,-96.9903,603.0,-0.99990E+01
2016,4,25,16.34195,36.0312,-96.9915,604.0,-0.99990E+01
2016,4,25,16.34222,36.0308,-96.9922,604.0,-0.99990E+01
2016,4,25,16.34250,36.0305,-96.9930,605.0,-0.99990E+01
2016,4,25,16.34278,36.0300,-96.9942,606.0,-0.99990E+01
2016,4,25,16.34306,36.0297,-96.9948,606.0,-0.99990E+01
2016,4,25,16.34333,36.0292,-96.9958,607.0,-0.99990E+01
2016,4,25,16.34361,36.0288,-96.9968,607.0,-0.99990E+01
2016,4,25,16.34389,36.0285,-96.9975,607.0,-0.99990E+01
2016,4,25,16.34417,36.0282,-96.9985,607.0,-0.99990E+01
2016,4,25,16.34444,36.0277,-96.9995,607.0,-0.99990E+01
2016,4,25,16.34472,36.0273,-97.0003,607.0,-0.99990E+01
2016,4,25,16.34500,36.0270,-97.0013,607.0,-0.99990E+01
2016,4,25,16.34528,36.0267,-97.0020,607.0,-0.99990E+01
2016,4,25,16.34556,36.0263,-97.0030,607.0,-0.99990E+01
2016,4,25,16.34583,36.0258,-97.0040,607.0,-0.99990E+01
2016,4,25,16.34611,36.0257,-97.0048,606.0,-0.99990E+01
2016,4,25,16.34639,36.0252,-97.0057,606.0,-0.99990E+01
2016,4,25,16.34667,36.0248,-97.0068,606.0,-0.99990E+01
2016,4,25,16.34694,36.0245,-97.0075,606.0,-0.99990E+01
2016,4,25,16.34722,36.0242,-97.0085,606.0,-0.99990E+01
2016,4,25,16.34750,36.0238,-97.0093,605.0,-0.99990E+01
2016,4,25,16.34778,36.0235,-97.0105,604.0,-0.99990E+01
2016,4,25,16.34806,36.0232,-97.0112,604.0,-0.99990E+01
2016,4,25,16.34833,36.0228,-97.0122,604.0,-0.99990E+01
2016,4,25,16.34861,36.0225,-97.0130,604.0,-0.99990E+01
2016,4,25,16.34889,36.0222,-97.0140,604.0,-0.99990E+01
2016,4,25,16.34917,36.0218,-97.0150,605.0,-0.99990E+01
2016,4,25,16.34945,36.0215,-97.0158,606.0,-0.99990E+01
2016,4,25,16.34972,36.0212,-97.0168,608.0,-0.99990E+01
2016,4,25,16.35000,36.0210,-97.0177,609.0,-0.99990E+01
2016,4,25,16.35028,36.0207,-97.0187,610.0,-0.99990E+01
2016,4,25,16.35056,36.0203,-97.0197,611.0,-0.99990E+01
2016,4,25,16.35083,36.0200,-97.0205,612.0,-0.99990E+01
2016,4,25,16.35111,36.0197,-97.0215,613.0,-0.99990E+01
2016,4,25,16.35139,36.0193,-97.0223,613.0,-0.99990E+01
2016,4,25,16.35167,36.0192,-97.0235,613.0,-0.99990E+01
2016,4,25,16.35194,36.0188,-97.0243,612.0,-0.99990E+01
2016,4,25,16.35222,36.0185,-97.0252,612.0,-0.99990E+01
2016,4,25,16.35250,36.0182,-97.0263,612.0,-0.99990E+01
2016,4,25,16.35278,36.0180,-97.0272,612.0,-0.99990E+01
2016,4,25,16.35306,36.0177,-97.0282,612.0,-0.99990E+01
2016,4,25,16.35333,36.0173,-97.0292,612.0,-0.99990E+01
2016,4,25,16.35361,36.0172,-97.0300,613.0,-0.99990E+01
2016,4,25,16.35389,36.0168,-97.0310,612.0,-0.99990E+01
2016,4,25,16.35417,36.0165,-97.0318,612.0,-0.99990E+01
2016,4,25,16.35444,36.0163,-97.0328,611.0,-0.99990E+01
2016,4,25,16.35472,36.0160,-97.0338,611.0,-0.99990E+01
2016,4,25,16.35500,36.0158,-97.0348,610.0,-0.99990E+01
2016,4,25,16.35528,36.0155,-97.0357,610.0,-0.99990E+01
2016,4,25,16.35556,36.0152,-97.0367,610.0,-0.99990E+01
2016,4,25,16.35583,36.0150,-97.0377,610.0,-0.99990E+01
2016,4,25,16.35611,36.0147,-97.0387,609.0,-0.99990E+01
2016,4,25,16.35639,36.0145,-97.0395,609.0,-0.99990E+01
2016,4,25,16.35667,36.0142,-97.0405,609.0,-0.99990E+01
2016,4,25,16.35695,36.0140,-97.0415,609.0,-0.99990E+01
2016,4,25,16.35722,36.0137,-97.0427,610.0,-0.99990E+01
2016,4,25,16.35750,36.0135,-97.0435,611.0,-0.99990E+01
2016,4,25,16.35778,36.0132,-97.0445,611.0,-0.99990E+01
2016,4,25,16.35806,36.0130,-97.0457,612.0,-0.99990E+01
2016,4,25,16.35833,36.0128,-97.0465,612.0,-0.99990E+01
2016,4,25,16.35861,36.0125,-97.0475,612.0,-0.99990E+01
2016,4,25,16.35889,36.0123,-97.0483,612.0,-0.99990E+01
2016,4,25,16.35917,36.0120,-97.0493,612.0,-0.99990E+01
2016,4,25,16.35945,36.0118,-97.0503,612.0,-0.99990E+01
2016,4,25,16.35972,36.0117,-97.0513,613.0,-0.99990E+01
2016,4,25,16.36000,36.0113,-97.0525,614.0,-0.99990E+01
2016,4,25,16.36028,36.0112,-97.0535,615.0,-0.99990E+01
2016,4,25,16.36056,36.0110,-97.0543,616.0,-0.99990E+01
2016,4,25,16.36083,36.0107,-97.0553,617.0,-0.99990E+01
2016,4,25,16.36111,36.0105,-97.0563,618.0,-0.99990E+01
2016,4,25,16.36139,36.0103,-97.0573,620.0,-0.99990E+01
2016,4,25,16.36167,36.0102,-97.0583,621.0,-0.99990E+01
2016,4,25,16.36194,36.0100,-97.0593,622.0,-0.99990E+01
2016,4,25,16.36222,36.0098,-97.0603,623.0,-0.99990E+01
2016,4,25,16.36250,36.0097,-97.0613,624.0,-0.99990E+01
2016,4,25,16.36278,36.0095,-97.0623,625.0,-0.99990E+01
2016,4,25,16.36306,36.0093,-97.0633,626.0,-0.99990E+01
2016,4,25,16.36333,36.0092,-97.0643,628.0,-0.99990E+01
2016,4,25,16.36361,36.0090,-97.0653,630.0,-0.99990E+01
2016,4,25,16.36389,36.0088,-97.0663,632.0,-0.99990E+01
2016,4,25,16.36417,36.0087,-97.0673,633.0,-0.99990E+01
2016,4,25,16.36444,36.0085,-97.0683,635.0,-0.99990E+01
2016,4,25,16.36472,36.0085,-97.0693,637.0,-0.99990E+01
2016,4,25,16.36500,36.0083,-97.0703,639.0,-0.99990E+01
2016,4,25,16.36528,36.0082,-97.0713,640.0,-0.99990E+01
2016,4,25,16.36556,36.0082,-97.0723,641.0,-0.99990E+01
2016,4,25,16.36583,36.0082,-97.0733,641.0,-0.99990E+01
2016,4,25,16.36611,36.0080,-97.0745,640.0,-0.99990E+01
2016,4,25,16.36639,36.0080,-97.0753,640.0,-0.99990E+01
2016,4,25,16.36667,36.0080,-97.0763,640.0,-0.99990E+01
2016,4,25,16.36695,36.0080,-97.0777,641.0,-0.99990E+01
2016,4,25,16.36722,36.0082,-97.0785,641.0,-0.99990E+01
2016,4,25,16.36750,36.0082,-97.0795,641.0,-0.99990E+01
2016,4,25,16.36778,36.0082,-97.0807,641.0,-0.99990E+01
2016,4,25,16.36806,36.0082,-97.0815,641.0,-0.99990E+01
2016,4,25,16.36833,36.0083,-97.0827,642.0,-0.99990E+01
2016,4,25,16.36861,36.0083,-97.0838,643.0,-0.99990E+01
2016,4,25,16.36889,36.0085,-97.0847,644.0,-0.99990E+01
2016,4,25,16.36917,36.0085,-97.0858,645.0,-0.99990E+01
2016,4,25,16.36944,36.0087,-97.0870,646.0,-0.99990E+01
2016,4,25,16.36972,36.0087,-97.0878,647.0,-0.99990E+01
2016,4,25,16.37000,36.0088,-97.0888,648.0,-0.99990E+01
2016,4,25,16.37028,36.0090,-97.0898,650.0,-0.99990E+01
2016,4,25,16.37056,36.0092,-97.0908,652.0,-0.99990E+01
2016,4,25,16.37083,36.0092,-97.0918,655.0,-0.99990E+01
2016,4,25,16.37111,36.0093,-97.0928,658.0,-0.99990E+01
2016,4,25,16.37139,36.0095,-97.0940,661.0,-0.99990E+01
2016,4,25,16.37167,36.0097,-97.0950,664.0,-0.99990E+01
2016,4,25,16.37194,36.0098,-97.0962,667.0,-0.99990E+01
2016,4,25,16.37222,36.0100,-97.0970,669.0,-0.99990E+01
2016,4,25,16.37250,36.0102,-97.0980,671.0,-0.99990E+01
2016,4,25,16.37278,36.0103,-97.0990,673.0,-0.99990E+01
2016,4,25,16.37306,36.0105,-97.1000,675.0,-0.99990E+01
2016,4,25,16.37333,36.0107,-97.1010,677.0,-0.99990E+01
2016,4,25,16.37361,36.0108,-97.1020,679.0,-0.99990E+01
2016,4,25,16.37389,36.0112,-97.1030,682.0,-0.99990E+01
2016,4,25,16.37417,36.0113,-97.1042,685.0,-0.99990E+01
2016,4,25,16.37444,36.0115,-97.1050,688.0,-0.99990E+01
2016,4,25,16.37472,36.0117,-97.1060,691.0,-0.99990E+01
2016,4,25,16.37500,36.0118,-97.1073,694.0,-0.99990E+01
2016,4,25,16.37528,36.0120,-97.1082,696.0,-0.99990E+01
2016,4,25,16.37556,36.0122,-97.1090,698.0,-0.99990E+01
2016,4,25,16.37583,36.0125,-97.1103,701.0,-0.99990E+01
2016,4,25,16.37611,36.0127,-97.1112,704.0,-0.99990E+01
2016,4,25,16.37639,36.0128,-97.1120,706.0,-0.99990E+01
2016,4,25,16.37667,36.0130,-97.1132,709.0,-0.99990E+01
2016,4,25,16.37695,36.0132,-97.1142,712.0,-0.99990E+01
2016,4,25,16.37722,36.0133,-97.1150,714.0,-0.99990E+01
2016,4,25,16.37750,36.0135,-97.1162,718.0,-0.99990E+01
2016,4,25,16.37778,36.0137,-97.1172,720.0,-0.99990E+01
2016,4,25,16.37806,36.0140,-97.1182,722.0,-0.99990E+01
2016,4,25,16.37833,36.0142,-97.1192,725.0,-0.99990E+01
2016,4,25,16.37861,36.0143,-97.1200,726.0,-0.99990E+01
2016,4,25,16.37889,36.0145,-97.1210,728.0,-0.99990E+01
2016,4,25,16.37917,36.0147,-97.1220,730.0,-0.99990E+01
2016,4,25,16.37944,36.0148,-97.1230,731.0,-0.99990E+01
2016,4,25,16.37972,36.0150,-97.1238,733.0,-0.99990E+01
2016,4,25,16.38000,36.0152,-97.1248,734.0,-0.99990E+01
2016,4,25,16.38028,36.0155,-97.1260,734.0,-0.99990E+01
2016,4,25,16.38056,36.0157,-97.1268,734.0,-0.99990E+01
2016,4,25,16.38083,36.0158,-97.1280,734.0,-0.99990E+01
2016,4,25,16.38111,36.0160,-97.1288,735.0,-0.99990E+01
2016,4,25,16.38139,36.0162,-97.1298,735.0,-0.99990E+01
2016,4,25,16.38167,36.0165,-97.1310,735.0,-0.99990E+01
2016,4,25,16.38194,36.0167,-97.1318,735.0,-0.99990E+01
2016,4,25,16.38222,36.0168,-97.1327,736.0,-0.99990E+01
2016,4,25,16.38250,36.0170,-97.1338,736.0,-0.99990E+01
2016,4,25,16.38278,36.0172,-97.1348,737.0,-0.99990E+01
2016,4,25,16.38305,36.0173,-97.1358,737.0,-0.99990E+01
2016,4,25,16.38333,36.0175,-97.1368,738.0,-0.99990E+01
2016,4,25,16.38361,36.0177,-97.1378,739.0,-0.99990E+01
2016,4,25,16.38389,36.0178,-97.1388,739.0,-0.99990E+01
2016,4,25,16.38417,36.0182,-97.1398,740.0,-0.99990E+01
2016,4,25,16.38445,36.0183,-97.1408,741.0,-0.99990E+01
2016,4,25,16.38472,36.0185,-97.1418,741.0,-0.99990E+01
2016,4,25,16.38500,36.0187,-97.1428,742.0,-0.99990E+01
2016,4,25,16.38528,36.0188,-97.1438,742.0,-0.99990E+01
2016,4,25,16.38556,36.0190,-97.1448,742.0,-0.99990E+01
2016,4,25,16.38583,36.0192,-97.1458,741.0,-0.99990E+01
2016,4,25,16.38611,36.0193,-97.1470,741.0,-0.99990E+01
2016,4,25,16.38639,36.0195,-97.1480,740.0,-0.99990E+01
2016,4,25,16.38667,36.0197,-97.1490,740.0,-0.99990E+01
2016,4,25,16.38694,36.0197,-97.1498,739.0,-0.99990E+01
2016,4,25,16.38722,36.0198,-97.1512,738.0,-0.99990E+01
2016,4,25,16.38750,36.0200,-97.1520,737.0,-0.99990E+01
2016,4,25,16.38778,36.0200,-97.1530,736.0,-0.99990E+01
2016,4,25,16.38806,36.0200,-97.1540,735.0,-0.99990E+01
2016,4,25,16.38833,36.0202,-97.1550,735.0,-0.99990E+01
2016,4,25,16.38861,36.0202,-97.1560,735.0,-0.99990E+01
2016,4,25,16.38889,36.0203,-97.1573,735.0,-0.99990E+01
2016,4,25,16.38917,36.0203,-97.1582,736.0,-0.99990E+01
2016,4,25,16.38944,36.0203,-97.1592,737.0,-0.99990E+01
2016,4,25,16.38972,36.0205,-97.1603,738.0,-0.99990E+01
2016,4,25,16.39000,36.0205,-97.1612,739.0,-0.99990E+01
2016,4,25,16.39028,36.0205,-97.1623,739.0,-0.99990E+01
2016,4,25,16.39056,36.0207,-97.1633,740.0,-0.99990E+01
2016,4,25,16.39083,36.0207,-97.1643,741.0,-0.99990E+01
2016,4,25,16.39111,36.0207,-97.1653,741.0,-0.99990E+01
2016,4,25,16.39139,36.0208,-97.1667,741.0,-0.99990E+01
2016,4,25,16.39167,36.0208,-97.1675,741.0,-0.99990E+01
2016,4,25,16.39194,36.0208,-97.1685,741.0,-0.99990E+01
2016,4,25,16.39222,36.0208,-97.1697,740.0,-0.99990E+01
2016,4,25,16.39250,36.0210,-97.1705,740.0,-0.99990E+01
2016,4,25,16.39278,36.0210,-97.1717,740.0,-0.99990E+01
2016,4,25,16.39305,36.0210,-97.1728,741.0,-0.99990E+01
2016,4,25,16.39333,36.0210,-97.1738,742.0,-0.99990E+01
2016,4,25,16.39361,36.0212,-97.1748,742.0,-0.99990E+01
2016,4,25,16.39389,36.0212,-97.1758,742.0,-0.99990E+01
2016,4,25,16.39417,36.0212,-97.1770,742.0,-0.99990E+01
2016,4,25,16.39444,36.0213,-97.1780,741.0,-0.99990E+01
2016,4,25,16.39472,36.0213,-97.1790,741.0,-0.99990E+01
2016,4,25,16.39500,36.0213,-97.1802,742.0,-0.99990E+01
2016,4,25,16.39528,36.0213,-97.1813,742.0,-0.99990E+01
2016,4,25,16.39556,36.0213,-97.1822,743.0,-0.99990E+01
2016,4,25,16.39583,36.0213,-97.1832,745.0,-0.99990E+01
2016,4,25,16.39611,36.0213,-97.1843,747.0,-0.99990E+01
2016,4,25,16.39639,36.0213,-97.1853,748.0,-0.99990E+01
2016,4,25,16.39667,36.0215,-97.1863,749.0,-0.99990E+01
2016,4,25,16.39694,36.0215,-97.1875,750.0,-0.99990E+01
2016,4,25,16.39722,36.0215,-97.1883,751.0,-0.99990E+01
2016,4,25,16.39750,36.0215,-97.1895,751.0,-0.99990E+01
2016,4,25,16.39778,36.0215,-97.1907,752.0,-0.99990E+01
2016,4,25,16.39806,36.0215,-97.1915,752.0,-0.99990E+01
2016,4,25,16.39833,36.0215,-97.1927,753.0,-0.99990E+01
2016,4,25,16.39861,36.0215,-97.1938,753.0,-0.99990E+01
2016,4,25,16.39889,36.0215,-97.1947,753.0,-0.99990E+01
2016,4,25,16.39917,36.0215,-97.1960,753.0,-0.99990E+01
2016,4,25,16.39944,36.0215,-97.1968,753.0,-0.99990E+01
2016,4,25,16.39972,36.0217,-97.1978,752.0,-0.99990E+01
2016,4,25,16.40000,36.0217,-97.1992,751.0,-0.99990E+01
2016,4,25,16.40028,36.0217,-97.2000,751.0,-0.99990E+01
2016,4,25,16.40055,36.0217,-97.2010,750.0,-0.99990E+01
2016,4,25,16.40083,36.0217,-97.2023,750.0,-0.99990E+01
2016,4,25,16.40111,36.0217,-97.2032,750.0,-0.99990E+01
2016,4,25,16.40139,36.0217,-97.2042,750.0,-0.99990E+01
2016,4,25,16.40167,36.0217,-97.2055,750.0,-0.99990E+01
2016,4,25,16.40194,36.0217,-97.2065,751.0,-0.99990E+01
2016,4,25,16.40222,36.0217,-97.2073,751.0,-0.99990E+01
2016,4,25,16.40250,36.0217,-97.2087,752.0,-0.99990E+01
2016,4,25,16.40278,36.0217,-97.2097,751.0,-0.99990E+01
2016,4,25,16.40306,36.0217,-97.2107,751.0,-0.99990E+01
2016,4,25,16.40333,36.0217,-97.2118,751.0,-0.99990E+01
2016,4,25,16.40361,36.0217,-97.2127,752.0,-0.99990E+01
2016,4,25,16.40389,36.0217,-97.2138,753.0,-0.99990E+01
2016,4,25,16.40417,36.0217,-97.2150,756.0,-0.99990E+01
2016,4,25,16.40444,36.0217,-97.2158,759.0,-0.99990E+01
2016,4,25,16.40472,36.0217,-97.2170,761.0,-0.99990E+01
2016,4,25,16.40500,36.0217,-97.2180,764.0,-0.99990E+01
2016,4,25,16.40528,36.0217,-97.2190,766.0,-0.99990E+01
2016,4,25,16.40556,36.0217,-97.2203,769.0,-0.99990E+01
2016,4,25,16.40583,36.0215,-97.2212,771.0,-0.99990E+01
2016,4,25,16.40611,36.0215,-97.2222,773.0,-0.99990E+01
2016,4,25,16.40639,36.0215,-97.2235,774.0,-0.99990E+01
2016,4,25,16.40667,36.0215,-97.2243,774.0,-0.99990E+01
2016,4,25,16.40694,36.0215,-97.2253,774.0,-0.99990E+01
2016,4,25,16.40722,36.0215,-97.2265,775.0,-0.99990E+01
2016,4,25,16.40750,36.0215,-97.2275,774.0,-0.99990E+01
2016,4,25,16.40778,36.0215,-97.2287,775.0,-0.99990E+01
2016,4,25,16.40805,36.0215,-97.2297,775.0,-0.99990E+01
2016,4,25,16.40833,36.0215,-97.2307,775.0,-0.99990E+01
2016,4,25,16.40861,36.0215,-97.2318,775.0,-0.99990E+01
2016,4,25,16.40889,36.0215,-97.2328,774.0,-0.99990E+01
2016,4,25,16.40917,36.0215,-97.2338,774.0,-0.99990E+01
2016,4,25,16.40944,36.0215,-97.2350,774.0,-0.99990E+01
2016,4,25,16.40972,36.0215,-97.2360,773.0,-0.99990E+01
2016,4,25,16.41000,36.0215,-97.2372,773.0,-0.99990E+01
2016,4,25,16.41028,36.0215,-97.2382,773.0,-0.99990E+01
2016,4,25,16.41055,36.0215,-97.2392,773.0,-0.99990E+01
2016,4,25,16.41083,36.0215,-97.2403,771.0,-0.99990E+01
2016,4,25,16.41111,36.0215,-97.2413,771.0,-0.99990E+01
2016,4,25,16.41139,36.0213,-97.2425,770.0,-0.99990E+01
2016,4,25,16.41167,36.0213,-97.2435,769.0,-0.99990E+01
2016,4,25,16.41194,36.0213,-97.2447,769.0,-0.99990E+01
2016,4,25,16.41222,36.0213,-97.2457,770.0,-0.99990E+01
2016,4,25,16.41250,36.0213,-97.2467,771.0,-0.99990E+01
2016,4,25,16.41278,36.0213,-97.2480,772.0,-0.99990E+01
2016,4,25,16.41306,36.0213,-97.2488,773.0,-0.99990E+01
2016,4,25,16.41333,36.0213,-97.2498,774.0,-0.99990E+01
2016,4,25,16.41361,36.0213,-97.2512,775.0,-0.99990E+01
2016,4,25,16.41389,36.0213,-97.2520,775.0,-0.99990E+01
2016,4,25,16.41417,36.0212,-97.2530,776.0,-0.99990E+01
2016,4,25,16.41444,36.0212,-97.2543,777.0,-0.99990E+01
2016,4,25,16.41472,36.0212,-97.2552,777.0,-0.99990E+01
2016,4,25,16.41500,36.0212,-97.2562,777.0,-0.99990E+01
2016,4,25,16.41528,36.0212,-97.2575,777.0,-0.99990E+01
2016,4,25,16.41556,36.0212,-97.2585,776.0,-0.99990E+01
2016,4,25,16.41583,36.0212,-97.2593,775.0,-0.99990E+01
2016,4,25,16.41611,36.0212,-97.2605,774.0,-0.99990E+01
2016,4,25,16.41639,36.0212,-97.2615,773.0,-0.99990E+01
2016,4,25,16.41667,36.0212,-97.2625,773.0,-0.99990E+01
2016,4,25,16.41694,36.0210,-97.2637,773.0,-0.99990E+01
2016,4,25,16.41722,36.0210,-97.2647,774.0,-0.99990E+01
2016,4,25,16.41750,36.0210,-97.2658,774.0,-0.99990E+01
2016,4,25,16.41778,36.0210,-97.2670,774.0,-0.99990E+01
2016,4,25,16.41805,36.0210,-97.2678,773.0,-0.99990E+01
2016,4,25,16.41833,36.0210,-97.2690,773.0,-0.99990E+01
2016,4,25,16.41861,36.0210,-97.2702,773.0,-0.99990E+01
2016,4,25,16.41889,36.0210,-97.2710,773.0,-0.99990E+01
2016,4,25,16.41917,36.0210,-97.2722,774.0,-0.99990E+01
2016,4,25,16.41944,36.0208,-97.2733,775.0,-0.99990E+01
2016,4,25,16.41972,36.0208,-97.2743,776.0,-0.99990E+01
2016,4,25,16.42000,36.0208,-97.2755,778.0,-0.99990E+01
2016,4,25,16.42028,36.0208,-97.2763,779.0,-0.99990E+01
2016,4,25,16.42056,36.0208,-97.2775,781.0,-0.99990E+01
2016,4,25,16.42083,36.0208,-97.2787,782.0,-0.99990E+01
2016,4,25,16.42111,36.0207,-97.2795,783.0,-0.99990E+01
2016,4,25,16.42139,36.0207,-97.2807,783.0,-0.99990E+01
2016,4,25,16.42167,36.0207,-97.2815,783.0,-0.99990E+01
2016,4,25,16.42194,36.0207,-97.2827,783.0,-0.99990E+01
2016,4,25,16.42222,36.0207,-97.2837,783.0,-0.99990E+01
2016,4,25,16.42250,36.0207,-97.2850,784.0,-0.99990E+01
2016,4,25,16.42278,36.0205,-97.2858,784.0,-0.99990E+01
2016,4,25,16.42306,36.0205,-97.2870,785.0,-0.99990E+01
2016,4,25,16.42333,36.0205,-97.2882,785.0,-0.99990E+01
2016,4,25,16.42361,36.0205,-97.2890,785.0,-0.99990E+01
2016,4,25,16.42389,36.0205,-97.2902,786.0,-0.99990E+01
2016,4,25,16.42417,36.0205,-97.2913,786.0,-0.99990E+01
2016,4,25,16.42444,36.0203,-97.2922,786.0,-0.99990E+01
2016,4,25,16.42472,36.0203,-97.2933,786.0,-0.99990E+01
2016,4,25,16.42500,36.0203,-97.2945,785.0,-0.99990E+01
2016,4,25,16.42528,36.0203,-97.2955,786.0,-0.99990E+01
2016,4,25,16.42555,36.0203,-97.2965,786.0,-0.99990E+01
2016,4,25,16.42583,36.0203,-97.2977,786.0,-0.99990E+01
2016,4,25,16.42611,36.0203,-97.2987,785.0,-0.99990E+01
2016,4,25,16.42639,36.0202,-97.2997,783.0,-0.99990E+01
2016,4,25,16.42667,36.0202,-97.3010,782.0,-0.99990E+01
2016,4,25,16.42694,36.0202,-97.3018,782.0,-0.99990E+01
2016,4,25,16.42722,36.0200,-97.3028,782.0,-0.99990E+01
2016,4,25,16.42750,36.0200,-97.3042,782.0,-0.99990E+01
2016,4,25,16.42778,36.0200,-97.3050,782.0,-0.99990E+01
2016,4,25,16.42805,36.0198,-97.3062,783.0,-0.99990E+01
2016,4,25,16.42833,36.0198,-97.3072,783.0,-0.99990E+01
2016,4,25,16.42861,36.0198,-97.3082,784.0,-0.99990E+01
2016,4,25,16.42889,36.0198,-97.3093,785.0,-0.99990E+01
2016,4,25,16.42917,36.0197,-97.3102,786.0,-0.99990E+01
2016,4,25,16.42944,36.0197,-97.3113,787.0,-0.99990E+01
2016,4,25,16.42972,36.0197,-97.3125,787.0,-0.99990E+01
2016,4,25,16.43000,36.0197,-97.3133,788.0,-0.99990E+01
2016,4,25,16.43028,36.0197,-97.3145,788.0,-0.99990E+01
2016,4,25,16.43056,36.0197,-97.3157,788.0,-0.99990E+01
2016,4,25,16.43083,36.0197,-97.3167,787.0,-0.99990E+01
2016,4,25,16.43111,36.0195,-97.3177,787.0,-0.99990E+01
2016,4,25,16.43139,36.0195,-97.3190,787.0,-0.99990E+01
2016,4,25,16.43167,36.0195,-97.3198,787.0,-0.99990E+01
2016,4,25,16.43194,36.0195,-97.3208,786.0,-0.99990E+01
2016,4,25,16.43222,36.0195,-97.3220,785.0,-0.99990E+01
2016,4,25,16.43250,36.0195,-97.3230,785.0,-0.99990E+01
2016,4,25,16.43278,36.0195,-97.3242,784.0,-0.99990E+01
2016,4,25,16.43305,36.0195,-97.3252,782.0,-0.99990E+01
2016,4,25,16.43333,36.0195,-97.3263,780.0,-0.99990E+01
2016,4,25,16.43361,36.0195,-97.3273,778.0,-0.99990E+01
2016,4,25,16.43389,36.0195,-97.3285,776.0,-0.99990E+01
2016,4,25,16.43417,36.0195,-97.3295,775.0,-0.99990E+01
2016,4,25,16.43444,36.0195,-97.3307,774.0,-0.99990E+01
2016,4,25,16.43472,36.0195,-97.3317,774.0,-0.99990E+01
2016,4,25,16.43500,36.0195,-97.3328,774.0,-0.99990E+01
2016,4,25,16.43528,36.0195,-97.3338,775.0,-0.99990E+01
2016,4,25,16.43555,36.0195,-97.3348,775.0,-0.99990E+01
2016,4,25,16.43583,36.0195,-97.3362,776.0,-0.99990E+01
2016,4,25,16.43611,36.0195,-97.3370,776.0,-0.99990E+01
2016,4,25,16.43639,36.0195,-97.3383,778.0,-0.99990E+01
2016,4,25,16.43667,36.0195,-97.3393,779.0,-0.99990E+01
2016,4,25,16.43694,36.0195,-97.3403,781.0,-0.99990E+01
2016,4,25,16.43722,36.0195,-97.3413,782.0,-0.99990E+01
2016,4,25,16.43750,36.0195,-97.3425,783.0,-0.99990E+01
2016,4,25,16.43778,36.0195,-97.3437,784.0,-0.99990E+01
2016,4,25,16.43806,36.0195,-97.3447,783.0,-0.99990E+01
2016,4,25,16.43833,36.0195,-97.3457,783.0,-0.99990E+01
2016,4,25,16.43861,36.0195,-97.3470,782.0,-0.99990E+01
2016,4,25,16.43889,36.0195,-97.3478,782.0,-0.99990E+01
2016,4,25,16.43917,36.0195,-97.3488,781.0,-0.99990E+01
2016,4,25,16.43944,36.0195,-97.3502,781.0,-0.99990E+01
2016,4,25,16.43972,36.0195,-97.3510,781.0,-0.99990E+01
2016,4,25,16.44000,36.0195,-97.3522,781.0,-0.99990E+01
2016,4,25,16.44028,36.0195,-97.3533,782.0,-0.99990E+01
2016,4,25,16.44056,36.0195,-97.3543,782.0,-0.99990E+01
2016,4,25,16.44083,36.0195,-97.3553,782.0,-0.99990E+01
2016,4,25,16.44111,36.0195,-97.3565,783.0,-0.99990E+01
2016,4,25,16.44139,36.0195,-97.3575,783.0,-0.99990E+01
2016,4,25,16.44167,36.0195,-97.3588,784.0,-0.99990E+01
2016,4,25,16.44194,36.0195,-97.3598,784.0,-0.99990E+01
2016,4,25,16.44222,36.0195,-97.3607,784.0,-0.99990E+01
2016,4,25,16.44250,36.0195,-97.3620,783.0,-0.99990E+01
2016,4,25,16.44278,36.0195,-97.3630,783.0,-0.99990E+01
2016,4,25,16.44305,36.0195,-97.3640,782.0,-0.99990E+01
2016,4,25,16.44333,36.0195,-97.3652,781.0,-0.99990E+01
2016,4,25,16.44361,36.0195,-97.3662,780.0,-0.99990E+01
2016,4,25,16.44389,36.0195,-97.3672,780.0,-0.99990E+01
2016,4,25,16.44417,36.0195,-97.3685,780.0,-0.99990E+01
2016,4,25,16.44444,36.0197,-97.3695,780.0,-0.99990E+01
2016,4,25,16.44472,36.0197,-97.3703,780.0,-0.99990E+01
2016,4,25,16.44500,36.0197,-97.3715,780.0,-0.99990E+01
2016,4,25,16.44528,36.0197,-97.3725,781.0,-0.99990E+01
2016,4,25,16.44555,36.0197,-97.3737,781.0,-0.99990E+01
2016,4,25,16.44583,36.0197,-97.3747,781.0,-0.99990E+01
2016,4,25,16.44611,36.0197,-97.3758,781.0,-0.99990E+01
2016,4,25,16.44639,36.0197,-97.3768,781.0,-0.99990E+01
2016,4,25,16.44667,36.0197,-97.3780,780.0,-0.99990E+01
2016,4,25,16.44694,36.0197,-97.3790,779.0,-0.99990E+01
2016,4,25,16.44722,36.0197,-97.3800,779.0,-0.99990E+01
2016,4,25,16.44750,36.0197,-97.3812,778.0,-0.99990E+01
2016,4,25,16.44778,36.0197,-97.3822,777.0,-0.99990E+01
2016,4,25,16.44806,36.0197,-97.3833,777.0,-0.99990E+01
2016,4,25,16.44833,36.0197,-97.3843,777.0,-0.99990E+01
2016,4,25,16.44861,36.0197,-97.3855,777.0,-0.99990E+01
2016,4,25,16.44889,36.0198,-97.3867,778.0,-0.99990E+01
2016,4,25,16.44917,36.0198,-97.3877,779.0,-0.99990E+01
2016,4,25,16.44944,36.0198,-97.3887,780.0,-0.99990E+01
2016,4,25,16.44972,36.0198,-97.3900,780.0,-0.99990E+01
2016,4,25,16.45000,36.0198,-97.3908,781.0,-0.99990E+01
2016,4,25,16.45028,36.0198,-97.3918,782.0,-0.99990E+01
2016,4,25,16.45056,36.0198,-97.3930,783.0,-0.99990E+01
2016,4,25,16.45083,36.0198,-97.3940,784.0,-0.99990E+01
2016,4,25,16.45111,36.0198,-97.3952,784.0,-0.99990E+01
2016,4,25,16.45139,36.0198,-97.3962,785.0,-0.99990E+01
2016,4,25,16.45167,36.0198,-97.3973,785.0,-0.99990E+01
2016,4,25,16.45194,36.0198,-97.3983,786.0,-0.99990E+01
2016,4,25,16.45222,36.0198,-97.3993,787.0,-0.99990E+01
2016,4,25,16.45250,36.0198,-97.4005,787.0,-0.99990E+01
2016,4,25,16.45278,36.0198,-97.4017,787.0,-0.99990E+01
2016,4,25,16.45306,36.0198,-97.4027,786.0,-0.99990E+01
2016,4,25,16.45333,36.0198,-97.4037,786.0,-0.99990E+01
2016,4,25,16.45361,36.0198,-97.4048,785.0,-0.99990E+01
2016,4,25,16.45389,36.0200,-97.4057,784.0,-0.99990E+01
2016,4,25,16.45417,36.0200,-97.4068,784.0,-0.99990E+01
2016,4,25,16.45444,36.0200,-97.4082,784.0,-0.99990E+01
2016,4,25,16.45472,36.0200,-97.4090,784.0,-0.99990E+01
2016,4,25,16.45500,36.0200,-97.4100,785.0,-0.99990E+01
2016,4,25,16.45528,36.0200,-97.4113,785.0,-0.99990E+01
2016,4,25,16.45556,36.0200,-97.4122,786.0,-0.99990E+01
2016,4,25,16.45583,36.0200,-97.4132,786.0,-0.99990E+01
2016,4,25,16.45611,36.0200,-97.4142,787.0,-0.99990E+01
2016,4,25,16.45639,36.0200,-97.4153,787.0,-0.99990E+01
2016,4,25,16.45667,36.0202,-97.4163,788.0,-0.99990E+01
2016,4,25,16.45695,36.0202,-97.4175,788.0,-0.99990E+01
2016,4,25,16.45722,36.0202,-97.4187,788.0,-0.99990E+01
2016,4,25,16.45750,36.0202,-97.4195,788.0,-0.99990E+01
2016,4,25,16.45778,36.0202,-97.4208,788.0,-0.99990E+01
2016,4,25,16.45806,36.0202,-97.4217,788.0,-0.99990E+01
2016,4,25,16.45833,36.0202,-97.4227,788.0,-0.99990E+01
2016,4,25,16.45861,36.0202,-97.4240,789.0,-0.99990E+01
2016,4,25,16.45889,36.0202,-97.4248,789.0,-0.99990E+01
2016,4,25,16.45917,36.0202,-97.4258,788.0,-0.99990E+01
2016,4,25,16.45945,36.0203,-97.4272,788.0,-0.99990E+01
2016,4,25,16.45972,36.0203,-97.4280,787.0,-0.99990E+01
2016,4,25,16.46000,36.0203,-97.4292,787.0,-0.99990E+01
2016,4,25,16.46028,36.0203,-97.4303,786.0,-0.99990E+01
2016,4,25,16.46056,36.0203,-97.4312,786.0,-0.99990E+01
2016,4,25,16.46083,36.0203,-97.4323,786.0,-0.99990E+01
2016,4,25,16.46111,36.0203,-97.4335,785.0,-0.99990E+01
2016,4,25,16.46139,36.0203,-97.4345,786.0,-0.99990E+01
2016,4,25,16.46167,36.0203,-97.4355,787.0,-0.99990E+01
2016,4,25,16.46194,36.0205,-97.4367,788.0,-0.99990E+01
2016,4,25,16.46222,36.0205,-97.4375,790.0,-0.99990E+01
2016,4,25,16.46250,36.0205,-97.4385,791.0,-0.99990E+01
2016,4,25,16.46278,36.0205,-97.4398,792.0,-0.99990E+01
2016,4,25,16.46306,36.0205,-97.4407,793.0,-0.99990E+01
2016,4,25,16.46334,36.0205,-97.4418,793.0,-0.99990E+01
2016,4,25,16.46361,36.0205,-97.4427,792.0,-0.99990E+01
2016,4,25,16.46389,36.0205,-97.4438,792.0,-0.99990E+01
2016,4,25,16.46417,36.0205,-97.4450,791.0,-0.99990E+01
2016,4,25,16.46445,36.0205,-97.4460,790.0,-0.99990E+01
2016,4,25,16.46472,36.0205,-97.4470,789.0,-0.99990E+01
2016,4,25,16.46500,36.0205,-97.4482,787.0,-0.99990E+01
2016,4,25,16.46528,36.0205,-97.4492,786.0,-0.99990E+01
2016,4,25,16.46556,36.0205,-97.4503,785.0,-0.99990E+01
2016,4,25,16.46583,36.0205,-97.4513,785.0,-0.99990E+01
2016,4,25,16.46611,36.0205,-97.4527,785.0,-0.99990E+01
2016,4,25,16.46639,36.0207,-97.4535,785.0,-0.99990E+01
2016,4,25,16.46667,36.0207,-97.4545,785.0,-0.99990E+01
2016,4,25,16.46695,36.0207,-97.4558,784.0,-0.99990E+01
2016,4,25,16.46722,36.0207,-97.4567,783.0,-0.99990E+01
2016,4,25,16.46750,36.0207,-97.4578,782.0,-0.99990E+01
2016,4,25,16.46778,36.0207,-97.4590,782.0,-0.99990E+01
2016,4,25,16.46806,36.0207,-97.4600,782.0,-0.99990E+01
2016,4,25,16.46833,36.0207,-97.4612,782.0,-0.99990E+01
2016,4,25,16.46861,36.0207,-97.4622,782.0,-0.99990E+01
2016,4,25,16.46889,36.0207,-97.4632,782.0,-0.99990E+01
2016,4,25,16.46917,36.0208,-97.4643,783.0,-0.99990E+01
2016,4,25,16.46944,36.0208,-97.4655,783.0,-0.99990E+01
2016,4,25,16.46972,36.0208,-97.4665,783.0,-0.99990E+01
2016,4,25,16.47000,36.0208,-97.4677,784.0,-0.99990E+01
2016,4,25,16.47028,36.0208,-97.4685,784.0,-0.99990E+01
2016,4,25,16.47056,36.0208,-97.4697,785.0,-0.99990E+01
2016,4,25,16.47083,36.0208,-97.4710,786.0,-0.99990E+01
2016,4,25,16.47111,36.0208,-97.4718,786.0,-0.99990E+01
2016,4,25,16.47139,36.0210,-97.4728,786.0,-0.99990E+01
2016,4,25,16.47167,36.0210,-97.4740,786.0,-0.99990E+01
2016,4,25,16.47194,36.0210,-97.4750,786.0,-0.99990E+01
2016,4,25,16.47222,36.0210,-97.4762,785.0,-0.99990E+01
2016,4,25,16.47250,36.0210,-97.4772,784.0,-0.99990E+01
2016,4,25,16.47278,36.0210,-97.4783,783.0,-0.99990E+01
2016,4,25,16.47306,36.0210,-97.4793,782.0,-0.99990E+01
2016,4,25,16.47333,36.0210,-97.4803,783.0,-0.99990E+01
2016,4,25,16.47361,36.0210,-97.4815,784.0,-0.99990E+01
2016,4,25,16.47389,36.0210,-97.4825,785.0,-0.99990E+01
2016,4,25,16.47417,36.0212,-97.4837,785.0,-0.99990E+01
2016,4,25,16.47445,36.0212,-97.4847,785.0,-0.99990E+01
2016,4,25,16.47472,36.0212,-97.4858,785.0,-0.99990E+01
2016,4,25,16.47500,36.0212,-97.4868,784.0,-0.99990E+01
2016,4,25,16.47528,36.0212,-97.4880,783.0,-0.99990E+01
2016,4,25,16.47556,36.0212,-97.4890,782.0,-0.99990E+01
2016,4,25,16.47583,36.0212,-97.4900,782.0,-0.99990E+01
2016,4,25,16.47611,36.0212,-97.4912,781.0,-0.99990E+01
2016,4,25,16.47639,36.0213,-97.4922,781.0,-0.99990E+01
2016,4,25,16.47667,36.0213,-97.4933,782.0,-0.99990E+01
2016,4,25,16.47695,36.0213,-97.4945,783.0,-0.99990E+01
2016,4,25,16.47722,36.0213,-97.4955,784.0,-0.99990E+01
2016,4,25,16.47750,36.0213,-97.4967,786.0,-0.99990E+01
2016,4,25,16.47778,36.0213,-97.4977,787.0,-0.99990E+01
2016,4,25,16.47806,36.0213,-97.4988,787.0,-0.99990E+01
2016,4,25,16.47833,36.0213,-97.4998,788.0,-0.99990E+01
2016,4,25,16.47861,36.0215,-97.5008,789.0,-0.99990E+01
2016,4,25,16.47889,36.0215,-97.5022,788.0,-0.99990E+01
2016,4,25,16.47917,36.0215,-97.5030,787.0,-0.99990E+01
2016,4,25,16.47944,36.0215,-97.5040,786.0,-0.99990E+01
2016,4,25,16.47972,36.0215,-97.5053,785.0,-0.99990E+01
2016,4,25,16.48000,36.0215,-97.5062,784.0,-0.99990E+01
2016,4,25,16.48028,36.0215,-97.5072,783.0,-0.99990E+01
2016,4,25,16.48056,36.0215,-97.5083,782.0,-0.99990E+01
2016,4,25,16.48083,36.0217,-97.5093,781.0,-0.99990E+01
2016,4,25,16.48111,36.0217,-97.5105,781.0,-0.99990E+01
2016,4,25,16.48139,36.0217,-97.5115,781.0,-0.99990E+01
2016,4,25,16.48167,36.0217,-97.5125,781.0,-0.99990E+01
2016,4,25,16.48195,36.0217,-97.5137,781.0,-0.99990E+01
2016,4,25,16.48222,36.0217,-97.5148,782.0,-0.99990E+01
2016,4,25,16.48250,36.0217,-97.5158,782.0,-0.99990E+01
2016,4,25,16.48278,36.0218,-97.5168,782.0,-0.99990E+01
2016,4,25,16.48306,36.0218,-97.5178,782.0,-0.99990E+01
2016,4,25,16.48333,36.0218,-97.5190,782.0,-0.99990E+01
2016,4,25,16.48361,36.0218,-97.5200,782.0,-0.99990E+01
2016,4,25,16.48389,36.0218,-97.5210,782.0,-0.99990E+01
2016,4,25,16.48417,36.0218,-97.5222,783.0,-0.99990E+01
2016,4,25,16.48445,36.0218,-97.5232,785.0,-0.99990E+01
2016,4,25,16.48472,36.0218,-97.5242,788.0,-0.99990E+01
2016,4,25,16.48500,36.0218,-97.5253,790.0,-0.99990E+01
2016,4,25,16.48528,36.0220,-97.5265,791.0,-0.99990E+01
2016,4,25,16.48556,36.0220,-97.5273,791.0,-0.99990E+01
2016,4,25,16.48583,36.0220,-97.5287,790.0,-0.99990E+01
2016,4,25,16.48611,36.0220,-97.5298,788.0,-0.99990E+01
2016,4,25,16.48639,36.0220,-97.5307,787.0,-0.99990E+01
2016,4,25,16.48667,36.0220,-97.5317,786.0,-0.99990E+01
2016,4,25,16.48694,36.0220,-97.5327,785.0,-0.99990E+01
2016,4,25,16.48722,36.0220,-97.5338,784.0,-0.99990E+01
2016,4,25,16.48750,36.0220,-97.5348,782.0,-0.99990E+01
2016,4,25,16.48778,36.0220,-97.5360,780.0,-0.99990E+01
2016,4,25,16.48806,36.0220,-97.5370,779.0,-0.99990E+01
2016,4,25,16.48833,36.0222,-97.5382,778.0,-0.99990E+01
2016,4,25,16.48861,36.0222,-97.5392,777.0,-0.99990E+01
2016,4,25,16.48889,36.0222,-97.5402,776.0,-0.99990E+01
2016,4,25,16.48917,36.0222,-97.5413,777.0,-0.99990E+01
2016,4,25,16.48944,36.0222,-97.5423,777.0,-0.99990E+01
2016,4,25,16.48972,36.0222,-97.5435,778.0,-0.99990E+01
2016,4,25,16.49000,36.0222,-97.5445,778.0,-0.99990E+01
2016,4,25,16.49028,36.0222,-97.5457,779.0,-0.99990E+01
2016,4,25,16.49056,36.0222,-97.5467,779.0,-0.99990E+01
2016,4,25,16.49083,36.0222,-97.5477,779.0,-0.99990E+01
2016,4,25,16.49111,36.0223,-97.5488,779.0,-0.99990E+01
2016,4,25,16.49139,36.0223,-97.5498,779.0,-0.99990E+01
2016,4,25,16.49167,36.0223,-97.5508,779.0,-0.99990E+01
2016,4,25,16.49195,36.0223,-97.5522,779.0,-0.99990E+01
2016,4,25,16.49222,36.0223,-97.5530,779.0,-0.99990E+01
2016,4,25,16.49250,36.0223,-97.5542,779.0,-0.99990E+01
2016,4,25,16.49278,36.0225,-97.5553,778.0,-0.99990E+01
2016,4,25,16.49306,36.0225,-97.5562,778.0,-0.99990E+01
2016,4,25,16.49333,36.0225,-97.5575,778.0,-0.99990E+01
2016,4,25,16.49361,36.0225,-97.5585,778.0,-0.99990E+01
2016,4,25,16.49389,36.0225,-97.5593,779.0,-0.99990E+01
2016,4,25,16.49417,36.0225,-97.5607,781.0,-0.99990E+01
2016,4,25,16.49444,36.0227,-97.5617,781.0,-0.99990E+01
2016,4,25,16.49472,36.0227,-97.5627,783.0,-0.99990E+01
2016,4,25,16.49500,36.0227,-97.5637,783.0,-0.99990E+01
2016,4,25,16.49528,36.0227,-97.5647,784.0,-0.99990E+01
2016,4,25,16.49556,36.0227,-97.5657,784.0,-0.99990E+01
2016,4,25,16.49583,36.0227,-97.5668,785.0,-0.99990E+01
2016,4,25,16.49611,36.0228,-97.5678,786.0,-0.99990E+01
2016,4,25,16.49639,36.0228,-97.5688,787.0,-0.99990E+01
2016,4,25,16.49667,36.0228,-97.5698,788.0,-0.99990E+01
2016,4,25,16.49694,36.0228,-97.5710,788.0,-0.99990E+01
2016,4,25,16.49722,36.0230,-97.5720,787.0,-0.99990E+01
2016,4,25,16.49750,36.0230,-97.5730,786.0,-0.99990E+01
2016,4,25,16.49778,36.0230,-97.5742,785.0,-0.99990E+01
2016,4,25,16.49806,36.0230,-97.5753,783.0,-0.99990E+01
2016,4,25,16.49833,36.0232,-97.5762,782.0,-0.99990E+01
2016,4,25,16.49861,36.0232,-97.5772,780.0,-0.99990E+01
2016,4,25,16.49889,36.0232,-97.5783,778.0,-0.99990E+01
2016,4,25,16.49917,36.0232,-97.5793,776.0,-0.99990E+01
2016,4,25,16.49944,36.0232,-97.5803,774.0,-0.99990E+01
2016,4,25,16.49972,36.0233,-97.5815,773.0,-0.99990E+01
2016,4,25,16.50000,36.0233,-97.5825,772.0,-0.99990E+01
2016,4,25,16.50028,36.0233,-97.5835,772.0,-0.99990E+01
2016,4,25,16.50056,36.0233,-97.5847,773.0,-0.99990E+01
2016,4,25,16.50083,36.0233,-97.5857,773.0,-0.99990E+01
2016,4,25,16.50111,36.0235,-97.5867,774.0,-0.99990E+01
2016,4,25,16.50139,36.0235,-97.5878,775.0,-0.99990E+01
2016,4,25,16.50167,36.0235,-97.5890,776.0,-0.99990E+01
2016,4,25,16.50194,36.0235,-97.5900,778.0,-0.99990E+01
2016,4,25,16.50222,36.0235,-97.5910,780.0,-0.99990E+01
2016,4,25,16.50250,36.0237,-97.5922,782.0,-0.99990E+01
2016,4,25,16.50278,36.0237,-97.5932,783.0,-0.99990E+01
2016,4,25,16.50306,36.0237,-97.5942,784.0,-0.99990E+01
2016,4,25,16.50333,36.0237,-97.5952,784.0,-0.99990E+01
2016,4,25,16.50361,36.0237,-97.5963,784.0,-0.99990E+01
2016,4,25,16.50389,36.0237,-97.5972,784.0,-0.99990E+01
2016,4,25,16.50417,36.0238,-97.5983,784.0,-0.99990E+01
2016,4,25,16.50444,36.0238,-97.5995,783.0,-0.99990E+01
2016,4,25,16.50472,36.0238,-97.6003,783.0,-0.99990E+01
2016,4,25,16.50500,36.0238,-97.6013,782.0,-0.99990E+01
2016,4,25,16.50528,36.0238,-97.6025,780.0,-0.99990E+01
2016,4,25,16.50556,36.0238,-97.6035,779.0,-0.99990E+01
2016,4,25,16.50583,36.0240,-97.6045,778.0,-0.99990E+01
2016,4,25,16.50611,36.0240,-97.6055,777.0,-0.99990E+01
2016,4,25,16.50639,36.0240,-97.6067,776.0,-0.99990E+01
2016,4,25,16.50667,36.0240,-97.6077,776.0,-0.99990E+01
2016,4,25,16.50694,36.0240,-97.6087,775.0,-0.99990E+01
2016,4,25,16.50722,36.0240,-97.6098,775.0,-0.99990E+01
2016,4,25,16.50750,36.0240,-97.6108,776.0,-0.99990E+01
2016,4,25,16.50778,36.0240,-97.6120,776.0,-0.99990E+01
2016,4,25,16.50805,36.0240,-97.6128,777.0,-0.99990E+01
2016,4,25,16.50833,36.0240,-97.6138,778.0,-0.99990E+01
2016,4,25,16.50861,36.0240,-97.6152,778.0,-0.99990E+01
2016,4,25,16.50889,36.0240,-97.6160,778.0,-0.99990E+01
2016,4,25,16.50917,36.0240,-97.6170,778.0,-0.99990E+01
2016,4,25,16.50945,36.0240,-97.6183,778.0,-0.99990E+01
2016,4,25,16.50972,36.0240,-97.6192,778.0,-0.99990E+01
2016,4,25,16.51000,36.0240,-97.6202,778.0,-0.99990E+01
2016,4,25,16.51028,36.0240,-97.6213,778.0,-0.99990E+01
2016,4,25,16.51056,36.0240,-97.6222,779.0,-0.99990E+01
2016,4,25,16.51083,36.0240,-97.6232,779.0,-0.99990E+01
2016,4,25,16.51111,36.0240,-97.6245,779.0,-0.99990E+01
2016,4,25,16.51139,36.0240,-97.6253,778.0,-0.99990E+01
2016,4,25,16.51167,36.0240,-97.6263,778.0,-0.99990E+01
2016,4,25,16.51194,36.0240,-97.6273,779.0,-0.99990E+01
2016,4,25,16.51222,36.0240,-97.6283,780.0,-0.99990E+01
2016,4,25,16.51250,36.0238,-97.6295,780.0,-0.99990E+01
2016,4,25,16.51278,36.0238,-97.6305,781.0,-0.99990E+01
2016,4,25,16.51306,36.0238,-97.6315,781.0,-0.99990E+01
2016,4,25,16.51333,36.0238,-97.6327,781.0,-0.99990E+01
2016,4,25,16.51361,36.0238,-97.6335,781.0,-0.99990E+01
2016,4,25,16.51389,36.0238,-97.6347,781.0,-0.99990E+01
2016,4,25,16.51417,36.0238,-97.6358,780.0,-0.99990E+01
2016,4,25,16.51444,36.0238,-97.6367,781.0,-0.99990E+01
2016,4,25,16.51472,36.0238,-97.6377,781.0,-0.99990E+01
2016,4,25,16.51500,36.0238,-97.6390,780.0,-0.99990E+01
2016,4,25,16.51528,36.0238,-97.6397,780.0,-0.99990E+01
2016,4,25,16.51556,36.0238,-97.6407,780.0,-0.99990E+01
2016,4,25,16.51583,36.0238,-97.6418,779.0,-0.99990E+01
2016,4,25,16.51611,36.0238,-97.6428,778.0,-0.99990E+01
2016,4,25,16.51639,36.0238,-97.6438,777.0,-0.99990E+01
2016,4,25,16.51667,36.0238,-97.6448,777.0,-0.99990E+01
2016,4,25,16.51694,36.0238,-97.6460,777.0,-0.99990E+01
2016,4,25,16.51722,36.0238,-97.6470,777.0,-0.99990E+01
2016,4,25,16.51750,36.0238,-97.6480,777.0,-0.99990E+01
2016,4,25,16.51778,36.0238,-97.6490,778.0,-0.99990E+01
2016,4,25,16.51805,36.0238,-97.6500,780.0,-0.99990E+01
2016,4,25,16.51833,36.0240,-97.6512,782.0,-0.99990E+01
2016,4,25,16.51861,36.0240,-97.6522,784.0,-0.99990E+01
2016,4,25,16.51889,36.0240,-97.6532,785.0,-0.99990E+01
2016,4,25,16.51917,36.0240,-97.6543,785.0,-0.99990E+01
2016,4,25,16.51944,36.0240,-97.6553,785.0,-0.99990E+01
2016,4,25,16.51972,36.0238,-97.6565,785.0,-0.99990E+01
2016,4,25,16.52000,36.0238,-97.6573,785.0,-0.99990E+01
2016,4,25,16.52028,36.0238,-97.6583,785.0,-0.99990E+01
2016,4,25,16.52056,36.0238,-97.6593,784.0,-0.99990E+01
2016,4,25,16.52083,36.0238,-97.6603,783.0,-0.99990E+01
2016,4,25,16.52111,36.0238,-97.6615,782.0,-0.99990E+01
2016,4,25,16.52139,36.0238,-97.6625,782.0,-0.99990E+01
2016,4,25,16.52167,36.0238,-97.6635,781.0,-0.99990E+01
2016,4,25,16.52194,36.0238,-97.6645,781.0,-0.99990E+01
2016,4,25,16.52222,36.0238,-97.6655,781.0,-0.99990E+01
2016,4,25,16.52250,36.0238,-97.6667,781.0,-0.99990E+01
2016,4,25,16.52278,36.0238,-97.6677,781.0,-0.99990E+01
2016,4,25,16.52306,36.0238,-97.6687,780.0,-0.99990E+01
2016,4,25,16.52333,36.0238,-97.6697,780.0,-0.99990E+01
2016,4,25,16.52361,36.0238,-97.6708,780.0,-0.99990E+01
2016,4,25,16.52389,36.0238,-97.6718,780.0,-0.99990E+01
2016,4,25,16.52417,36.0238,-97.6728,780.0,-0.99990E+01
2016,4,25,16.52444,36.0238,-97.6738,780.0,-0.99990E+01
2016,4,25,16.52472,36.0237,-97.6750,780.0,-0.99990E+01
2016,4,25,16.52500,36.0237,-97.6760,780.0,-0.99990E+01
2016,4,25,16.52528,36.0237,-97.6770,780.0,-0.99990E+01
2016,4,25,16.52555,36.0237,-97.6780,781.0,-0.99990E+01
2016,4,25,16.52583,36.0237,-97.6790,782.0,-0.99990E+01
2016,4,25,16.52611,36.0237,-97.6802,782.0,-0.99990E+01
2016,4,25,16.52639,36.0237,-97.6812,782.0,-0.99990E+01
2016,4,25,16.52667,36.0237,-97.6823,781.0,-0.99990E+01
2016,4,25,16.52695,36.0237,-97.6833,780.0,-0.99990E+01
2016,4,25,16.52722,36.0237,-97.6843,780.0,-0.99990E+01
2016,4,25,16.52750,36.0237,-97.6855,779.0,-0.99990E+01
2016,4,25,16.52778,36.0237,-97.6863,778.0,-0.99990E+01
2016,4,25,16.52806,36.0235,-97.6875,778.0,-0.99990E+01
2016,4,25,16.52833,36.0235,-97.6885,777.0,-0.99990E+01
2016,4,25,16.52861,36.0235,-97.6895,776.0,-0.99990E+01
2016,4,25,16.52889,36.0235,-97.6905,776.0,-0.99990E+01
2016,4,25,16.52917,36.0235,-97.6915,776.0,-0.99990E+01
2016,4,25,16.52944,36.0235,-97.6927,775.0,-0.99990E+01
2016,4,25,16.52972,36.0235,-97.6937,775.0,-0.99990E+01
2016,4,25,16.53000,36.0235,-97.6947,774.0,-0.99990E+01
2016,4,25,16.53028,36.0235,-97.6960,773.0,-0.99990E+01
2016,4,25,16.53056,36.0235,-97.6968,773.0,-0.99990E+01
2016,4,25,16.53083,36.0235,-97.6978,772.0,-0.99990E+01
2016,4,25,16.53111,36.0235,-97.6988,772.0,-0.99990E+01
2016,4,25,16.53139,36.0235,-97.6998,772.0,-0.99990E+01
2016,4,25,16.53167,36.0235,-97.7008,773.0,-0.99990E+01
2016,4,25,16.53194,36.0235,-97.7020,774.0,-0.99990E+01
2016,4,25,16.53222,36.0235,-97.7030,776.0,-0.99990E+01
2016,4,25,16.53250,36.0235,-97.7040,779.0,-0.99990E+01
2016,4,25,16.53278,36.0235,-97.7050,781.0,-0.99990E+01
2016,4,25,16.53305,36.0235,-97.7060,782.0,-0.99990E+01
2016,4,25,16.53333,36.0235,-97.7072,783.0,-0.99990E+01
2016,4,25,16.53361,36.0235,-97.7082,783.0,-0.99990E+01
2016,4,25,16.53389,36.0235,-97.7092,783.0,-0.99990E+01
2016,4,25,16.53417,36.0235,-97.7102,783.0,-0.99990E+01
2016,4,25,16.53444,36.0235,-97.7113,782.0,-0.99990E+01
2016,4,25,16.53472,36.0235,-97.7122,782.0,-0.99990E+01
2016,4,25,16.53500,36.0235,-97.7132,781.0,-0.99990E+01
2016,4,25,16.53528,36.0235,-97.7143,780.0,-0.99990E+01
2016,4,25,16.53555,36.0235,-97.7153,779.0,-0.99990E+01
2016,4,25,16.53583,36.0235,-97.7165,778.0,-0.99990E+01
2016,4,25,16.53611,36.0235,-97.7175,777.0,-0.99990E+01
2016,4,25,16.53639,36.0235,-97.7183,776.0,-0.99990E+01
2016,4,25,16.53667,36.0235,-97.7195,776.0,-0.99990E+01
2016,4,25,16.53694,36.0235,-97.7205,777.0,-0.99990E+01
2016,4,25,16.53722,36.0235,-97.7215,777.0,-0.99990E+01
2016,4,25,16.53750,36.0233,-97.7225,779.0,-0.99990E+01
2016,4,25,16.53778,36.0233,-97.7235,780.0,-0.99990E+01
2016,4,25,16.53806,36.0233,-97.7245,780.0,-0.99990E+01
2016,4,25,16.53833,36.0233,-97.7257,780.0,-0.99990E+01
2016,4,25,16.53861,36.0233,-97.7267,780.0,-0.99990E+01
2016,4,25,16.53889,36.0233,-97.7277,779.0,-0.99990E+01
2016,4,25,16.53917,36.0233,-97.7287,778.0,-0.99990E+01
2016,4,25,16.53944,36.0233,-97.7297,777.0,-0.99990E+01
2016,4,25,16.53972,36.0233,-97.7307,777.0,-0.99990E+01
2016,4,25,16.54000,36.0233,-97.7318,776.0,-0.99990E+01
2016,4,25,16.54028,36.0233,-97.7328,776.0,-0.99990E+01
2016,4,25,16.54056,36.0232,-97.7340,776.0,-0.99990E+01
2016,4,25,16.54083,36.0232,-97.7348,776.0,-0.99990E+01
2016,4,25,16.54111,36.0232,-97.7358,776.0,-0.99990E+01
2016,4,25,16.54139,36.0232,-97.7370,777.0,-0.99990E+01
2016,4,25,16.54167,36.0232,-97.7380,777.0,-0.99990E+01
2016,4,25,16.54194,36.0232,-97.7390,778.0,-0.99990E+01
2016,4,25,16.54222,36.0232,-97.7400,778.0,-0.99990E+01
2016,4,25,16.54250,36.0232,-97.7410,779.0,-0.99990E+01
2016,4,25,16.54278,36.0232,-97.7422,780.0,-0.99990E+01
2016,4,25,16.54305,36.0232,-97.7432,781.0,-0.99990E+01
2016,4,25,16.54333,36.0232,-97.7443,782.0,-0.99990E+01
2016,4,25,16.54361,36.0232,-97.7452,782.0,-0.99990E+01
2016,4,25,16.54389,36.0232,-97.7463,783.0,-0.99990E+01
2016,4,25,16.54417,36.0232,-97.7473,783.0,-0.99990E+01
2016,4,25,16.54444,36.0230,-97.7483,783.0,-0.99990E+01
2016,4,25,16.54472,36.0230,-97.7495,784.0,-0.99990E+01
2016,4,25,16.54500,36.0230,-97.7503,784.0,-0.99990E+01
2016,4,25,16.54528,36.0230,-97.7515,784.0,-0.99990E+01
2016,4,25,16.54556,36.0230,-97.7525,783.0,-0.99990E+01
2016,4,25,16.54583,36.0230,-97.7535,783.0,-0.99990E+01
2016,4,25,16.54611,36.0230,-97.7545,783.0,-0.99990E+01
2016,4,25,16.54639,36.0230,-97.7557,783.0,-0.99990E+01
2016,4,25,16.54667,36.0230,-97.7567,783.0,-0.99990E+01
2016,4,25,16.54694,36.0230,-97.7577,783.0,-0.99990E+01
2016,4,25,16.54722,36.0230,-97.7587,784.0,-0.99990E+01
2016,4,25,16.54750,36.0230,-97.7597,786.0,-0.99990E+01
2016,4,25,16.54778,36.0228,-97.7608,788.0,-0.99990E+01
2016,4,25,16.54806,36.0228,-97.7620,791.0,-0.99990E+01
2016,4,25,16.54833,36.0228,-97.7630,793.0,-0.99990E+01
2016,4,25,16.54861,36.0228,-97.7640,794.0,-0.99990E+01
2016,4,25,16.54889,36.0228,-97.7653,796.0,-0.99990E+01
2016,4,25,16.54917,36.0227,-97.7663,796.0,-0.99990E+01
2016,4,25,16.54944,36.0227,-97.7673,798.0,-0.99990E+01
2016,4,25,16.54972,36.0225,-97.7683,800.0,-0.99990E+01
2016,4,25,16.55000,36.0223,-97.7695,803.0,-0.99990E+01
2016,4,25,16.55028,36.0220,-97.7705,806.0,-0.99990E+01
2016,4,25,16.55055,36.0218,-97.7713,810.0,-0.99990E+01
2016,4,25,16.55083,36.0215,-97.7723,814.0,-0.99990E+01
2016,4,25,16.55111,36.0212,-97.7735,819.0,-0.99990E+01
2016,4,25,16.55139,36.0207,-97.7743,822.0,-0.99990E+01
2016,4,25,16.55167,36.0203,-97.7753,827.0,-0.99990E+01
2016,4,25,16.55194,36.0197,-97.7762,832.0,-0.99990E+01
2016,4,25,16.55222,36.0193,-97.7770,836.0,-0.99990E+01
2016,4,25,16.55250,36.0187,-97.7778,841.0,-0.99990E+01
2016,4,25,16.55278,36.0182,-97.7785,847.0,-0.99990E+01
2016,4,25,16.55305,36.0175,-97.7793,854.0,-0.99990E+01
2016,4,25,16.55333,36.0170,-97.7800,860.0,-0.99990E+01
2016,4,25,16.55361,36.0163,-97.7805,866.0,-0.99990E+01
2016,4,25,16.55389,36.0157,-97.7812,873.0,-0.99990E+01
2016,4,25,16.55417,36.0148,-97.7817,881.0,-0.99990E+01
2016,4,25,16.55444,36.0142,-97.7822,887.0,-0.99990E+01
2016,4,25,16.55472,36.0135,-97.7827,893.0,-0.99990E+01
2016,4,25,16.55500,36.0128,-97.7830,899.0,-0.99990E+01
2016,4,25,16.55528,36.0120,-97.7833,904.0,-0.99990E+01
2016,4,25,16.55556,36.0112,-97.7837,909.0,-0.99990E+01
2016,4,25,16.55583,36.0103,-97.7840,915.0,-0.99990E+01
2016,4,25,16.55611,36.0095,-97.7842,920.0,-0.99990E+01
2016,4,25,16.55639,36.0088,-97.7845,925.0,-0.99990E+01
2016,4,25,16.55667,36.0080,-97.7845,931.0,-0.99990E+01
2016,4,25,16.55694,36.0072,-97.7847,936.0,-0.99990E+01
2016,4,25,16.55722,36.0063,-97.7848,943.0,-0.99990E+01
2016,4,25,16.55750,36.0057,-97.7850,947.0,-0.99990E+01
2016,4,25,16.55778,36.0048,-97.7850,953.0,-0.99990E+01
2016,4,25,16.55805,36.0040,-97.7850,959.0,-0.99990E+01
2016,4,25,16.55833,36.0032,-97.7852,965.0,-0.99990E+01
2016,4,25,16.55861,36.0023,-97.7852,971.0,-0.99990E+01
2016,4,25,16.55889,36.0015,-97.7852,975.0,-0.99990E+01
2016,4,25,16.55917,36.0007,-97.7852,980.0,-0.99990E+01
2016,4,25,16.55944,36.0000,-97.7852,984.0,-0.99990E+01
2016,4,25,16.55972,35.9992,-97.7852,988.0,-0.99990E+01
2016,4,25,16.56000,35.9982,-97.7852,993.0,-0.99990E+01
2016,4,25,16.56028,35.9973,-97.7852,997.0,-0.99990E+01
2016,4,25,16.56055,35.9967,-97.7852,1001.0,-0.99990E+01
2016,4,25,16.56083,35.9958,-97.7852,1005.0,-0.99990E+01
2016,4,25,16.56111,35.9950,-97.7853,1010.0,-0.99990E+01
2016,4,25,16.56139,35.9942,-97.7853,1014.0,-0.99990E+01
2016,4,25,16.56167,35.9933,-97.7853,1017.0,-0.99990E+01
2016,4,25,16.56194,35.9925,-97.7855,1021.0,-0.99990E+01
2016,4,25,16.56222,35.9917,-97.7855,1024.0,-0.99990E+01
2016,4,25,16.56250,35.9910,-97.7857,1026.0,-0.99990E+01
2016,4,25,16.56278,35.9902,-97.7858,1028.0,-0.99990E+01
2016,4,25,16.56306,35.9892,-97.7862,1030.0,-0.99990E+01
2016,4,25,16.56333,35.9885,-97.7865,1031.0,-0.99990E+01
2016,4,25,16.56361,35.9878,-97.7868,1033.0,-0.99990E+01
2016,4,25,16.56389,35.9868,-97.7873,1035.0,-0.99990E+01
2016,4,25,16.56417,35.9863,-97.7878,1036.0,-0.99990E+01
2016,4,25,16.56444,35.9857,-97.7882,1038.0,-0.99990E+01
2016,4,25,16.56472,35.9850,-97.7888,1040.0,-0.99990E+01
2016,4,25,16.56500,35.9842,-97.7895,1042.0,-0.99990E+01
2016,4,25,16.56528,35.9835,-97.7902,1044.0,-0.99990E+01
2016,4,25,16.56556,35.9830,-97.7908,1046.0,-0.99990E+01
2016,4,25,16.56583,35.9823,-97.7915,1048.0,-0.99990E+01
2016,4,25,16.56611,35.9817,-97.7925,1050.0,-0.99990E+01
2016,4,25,16.56639,35.9813,-97.7932,1053.0,-0.99990E+01
2016,4,25,16.56667,35.9808,-97.7940,1056.0,-0.99990E+01
2016,4,25,16.56695,35.9803,-97.7950,1061.0,-0.99990E+01
2016,4,25,16.56722,35.9798,-97.7960,1066.0,-0.99990E+01
2016,4,25,16.56750,35.9795,-97.7968,1071.0,-0.99990E+01
2016,4,25,16.56778,35.9792,-97.7977,1076.0,-0.99990E+01
2016,4,25,16.56806,35.9788,-97.7987,1082.0,-0.99990E+01
2016,4,25,16.56833,35.9785,-97.7998,1089.0,-0.99990E+01
2016,4,25,16.56861,35.9783,-97.8008,1094.0,-0.99990E+01
2016,4,25,16.56889,35.9782,-97.8018,1100.0,-0.99990E+01
2016,4,25,16.56917,35.9780,-97.8030,1107.0,-0.99990E+01
2016,4,25,16.56944,35.9780,-97.8040,1113.0,-0.99990E+01
2016,4,25,16.56972,35.9778,-97.8052,1119.0,-0.99990E+01
2016,4,25,16.57000,35.9778,-97.8062,1124.0,-0.99990E+01
2016,4,25,16.57028,35.9778,-97.8072,1129.0,-0.99990E+01
2016,4,25,16.57056,35.9780,-97.8082,1134.0,-0.99990E+01
2016,4,25,16.57084,35.9782,-97.8095,1141.0,-0.99990E+01
2016,4,25,16.57111,35.9782,-97.8103,1145.0,-0.99990E+01
2016,4,25,16.57139,35.9783,-97.8113,1150.0,-0.99990E+01
2016,4,25,16.57167,35.9787,-97.8123,1154.0,-0.99990E+01
2016,4,25,16.57195,35.9788,-97.8133,1159.0,-0.99990E+01
2016,4,25,16.57222,35.9792,-97.8145,1163.0,-0.99990E+01
2016,4,25,16.57250,35.9795,-97.8155,1166.0,-0.99990E+01
2016,4,25,16.57278,35.9798,-97.8165,1170.0,-0.99990E+01
2016,4,25,16.57306,35.9805,-97.8177,1174.0,-0.99990E+01
2016,4,25,16.57333,35.9808,-97.8185,1177.0,-0.99990E+01
2016,4,25,16.57361,35.9813,-97.8193,1181.0,-0.99990E+01
2016,4,25,16.57389,35.9818,-97.8203,1184.0,-0.99990E+01
2016,4,25,16.57417,35.9825,-97.8213,1187.0,-0.99990E+01
2016,4,25,16.57445,35.9830,-97.8220,1190.0,-0.99990E+01
2016,4,25,16.57472,35.9837,-97.8228,1194.0,-0.99990E+01
2016,4,25,16.57500,35.9843,-97.8235,1197.0,-0.99990E+01
2016,4,25,16.57528,35.9850,-97.8243,1200.0,-0.99990E+01
2016,4,25,16.57556,35.9858,-97.8252,1203.0,-0.99990E+01
2016,4,25,16.57583,35.9865,-97.8258,1206.0,-0.99990E+01
2016,4,25,16.57611,35.9873,-97.8265,1209.0,-0.99990E+01
2016,4,25,16.57639,35.9880,-97.8268,1211.0,-0.99990E+01
2016,4,25,16.57667,35.9890,-97.8275,1215.0,-0.99990E+01
2016,4,25,16.57695,35.9898,-97.8280,1219.0,-0.99990E+01
2016,4,25,16.57722,35.9907,-97.8283,1221.0,-0.99990E+01
2016,4,25,16.57750,35.9917,-97.8288,1224.0,-0.99990E+01
2016,4,25,16.57778,35.9925,-97.8293,1226.0,-0.99990E+01
2016,4,25,16.57806,35.9933,-97.8295,1228.0,-0.99990E+01
2016,4,25,16.57833,35.9943,-97.8298,1230.0,-0.99990E+01
2016,4,25,16.57861,35.9952,-97.8300,1232.0,-0.99990E+01
2016,4,25,16.57889,35.9962,-97.8302,1233.0,-0.99990E+01
2016,4,25,16.57917,35.9972,-97.8303,1235.0,-0.99990E+01
2016,4,25,16.57944,35.9980,-97.8303,1237.0,-0.99990E+01
2016,4,25,16.57972,35.9990,-97.8303,1238.0,-0.99990E+01
2016,4,25,16.58000,36.0000,-97.8303,1239.0,-0.99990E+01
2016,4,25,16.58028,36.0010,-97.8303,1240.0,-0.99990E+01
2016,4,25,16.58056,36.0018,-97.8302,1240.0,-0.99990E+01
2016,4,25,16.58083,36.0028,-97.8300,1240.0,-0.99990E+01
2016,4,25,16.58111,36.0040,-97.8297,1241.0,-0.99990E+01
2016,4,25,16.58139,36.0048,-97.8295,1242.0,-0.99990E+01
2016,4,25,16.58167,36.0058,-97.8292,1243.0,-0.99990E+01
2016,4,25,16.58195,36.0065,-97.8288,1244.0,-0.99990E+01
2016,4,25,16.58222,36.0077,-97.8283,1245.0,-0.99990E+01
2016,4,25,16.58250,36.0085,-97.8278,1246.0,-0.99990E+01
2016,4,25,16.58278,36.0092,-97.8273,1247.0,-0.99990E+01
2016,4,25,16.58306,36.0100,-97.8268,1248.0,-0.99990E+01
2016,4,25,16.58333,36.0108,-97.8262,1249.0,-0.99990E+01
2016,4,25,16.58361,36.0118,-97.8255,1249.0,-0.99990E+01
2016,4,25,16.58389,36.0125,-97.8248,1250.0,-0.99990E+01
2016,4,25,16.58417,36.0132,-97.8242,1250.0,-0.99990E+01
2016,4,25,16.58445,36.0140,-97.8233,1251.0,-0.99990E+01
2016,4,25,16.58472,36.0148,-97.8225,1251.0,-0.99990E+01
2016,4,25,16.58500,36.0153,-97.8217,1252.0,-0.99990E+01
2016,4,25,16.58528,36.0160,-97.8208,1253.0,-0.99990E+01
2016,4,25,16.58556,36.0165,-97.8200,1254.0,-0.99990E+01
2016,4,25,16.58583,36.0172,-97.8190,1254.0,-0.99990E+01
2016,4,25,16.58611,36.0177,-97.8180,1254.0,-0.99990E+01
2016,4,25,16.58639,36.0182,-97.8170,1254.0,-0.99990E+01
2016,4,25,16.58667,36.0187,-97.8160,1253.0,-0.99990E+01
2016,4,25,16.58694,36.0190,-97.8148,1253.0,-0.99990E+01
2016,4,25,16.58722,36.0193,-97.8138,1252.0,-0.99990E+01
2016,4,25,16.58750,36.0197,-97.8128,1252.0,-0.99990E+01
2016,4,25,16.58778,36.0200,-97.8118,1252.0,-0.99990E+01
2016,4,25,16.58806,36.0202,-97.8107,1251.0,-0.99990E+01
2016,4,25,16.58833,36.0205,-97.8095,1250.0,-0.99990E+01
2016,4,25,16.58861,36.0207,-97.8083,1248.0,-0.99990E+01
2016,4,25,16.58889,36.0208,-97.8073,1248.0,-0.99990E+01
2016,4,25,16.58917,36.0208,-97.8062,1247.0,-0.99990E+01
2016,4,25,16.58945,36.0210,-97.8052,1247.0,-0.99990E+01
2016,4,25,16.58972,36.0210,-97.8040,1247.0,-0.99990E+01
2016,4,25,16.59000,36.0210,-97.8028,1248.0,-0.99990E+01
2016,4,25,16.59028,36.0210,-97.8017,1249.0,-0.99990E+01
2016,4,25,16.59056,36.0210,-97.8003,1250.0,-0.99990E+01
2016,4,25,16.59083,36.0210,-97.7993,1250.0,-0.99990E+01
2016,4,25,16.59111,36.0208,-97.7982,1250.0,-0.99990E+01
2016,4,25,16.59139,36.0208,-97.7972,1250.0,-0.99990E+01
2016,4,25,16.59167,36.0208,-97.7960,1250.0,-0.99990E+01
2016,4,25,16.59195,36.0208,-97.7947,1249.0,-0.99990E+01
2016,4,25,16.59222,36.0207,-97.7937,1249.0,-0.99990E+01
2016,4,25,16.59250,36.0207,-97.7927,1248.0,-0.99990E+01
2016,4,25,16.59278,36.0205,-97.7915,1248.0,-0.99990E+01
2016,4,25,16.59306,36.0205,-97.7903,1248.0,-0.99990E+01
2016,4,25,16.59333,36.0203,-97.7892,1247.0,-0.99990E+01
2016,4,25,16.59361,36.0203,-97.7880,1247.0,-0.99990E+01
2016,4,25,16.59389,36.0202,-97.7870,1247.0,-0.99990E+01
2016,4,25,16.59417,36.0200,-97.7857,1246.0,-0.99990E+01
2016,4,25,16.59444,36.0200,-97.7847,1246.0,-0.99990E+01
2016,4,25,16.59472,36.0198,-97.7835,1245.0,-0.99990E+01
2016,4,25,16.59500,36.0197,-97.7823,1245.0,-0.99990E+01
2016,4,25,16.59528,36.0197,-97.7813,1245.0,-0.99990E+01
2016,4,25,16.59556,36.0195,-97.7802,1245.0,-0.99990E+01
2016,4,25,16.59583,36.0195,-97.7792,1245.0,-0.99990E+01
2016,4,25,16.59611,36.0193,-97.7780,1246.0,-0.99990E+01
2016,4,25,16.59639,36.0192,-97.7768,1246.0,-0.99990E+01
2016,4,25,16.59667,36.0192,-97.7757,1246.0,-0.99990E+01
2016,4,25,16.59694,36.0190,-97.7745,1247.0,-0.99990E+01
2016,4,25,16.59722,36.0190,-97.7735,1247.0,-0.99990E+01
2016,4,25,16.59750,36.0188,-97.7723,1247.0,-0.99990E+01
2016,4,25,16.59778,36.0188,-97.7712,1247.0,-0.99990E+01
2016,4,25,16.59806,36.0187,-97.7700,1247.0,-0.99990E+01
2016,4,25,16.59833,36.0187,-97.7688,1248.0,-0.99990E+01
2016,4,25,16.59861,36.0187,-97.7677,1248.0,-0.99990E+01
2016,4,25,16.59889,36.0187,-97.7667,1248.0,-0.99990E+01
2016,4,25,16.59917,36.0185,-97.7652,1249.0,-0.99990E+01
2016,4,25,16.59945,36.0185,-97.7643,1249.0,-0.99990E+01
2016,4,25,16.59972,36.0185,-97.7632,1249.0,-0.99990E+01
2016,4,25,16.60000,36.0185,-97.7620,1249.0,-0.99990E+01
2016,4,25,16.60028,36.0185,-97.7607,1250.0,-0.99990E+01
2016,4,25,16.60056,36.0185,-97.7597,1250.0,-0.99990E+01
2016,4,25,16.60083,36.0185,-97.7587,1251.0,-0.99990E+01
2016,4,25,16.60111,36.0185,-97.7575,1251.0,-0.99990E+01
2016,4,25,16.60139,36.0187,-97.7563,1251.0,-0.99990E+01
2016,4,25,16.60167,36.0187,-97.7552,1252.0,-0.99990E+01
2016,4,25,16.60194,36.0187,-97.7538,1251.0,-0.99990E+01
2016,4,25,16.60222,36.0187,-97.7528,1250.0,-0.99990E+01
2016,4,25,16.60250,36.0187,-97.7517,1249.0,-0.99990E+01
2016,4,25,16.60278,36.0187,-97.7505,1247.0,-0.99990E+01
2016,4,25,16.60306,36.0188,-97.7493,1245.0,-0.99990E+01
2016,4,25,16.60333,36.0188,-97.7480,1243.0,-0.99990E+01
2016,4,25,16.60361,36.0188,-97.7472,1242.0,-0.99990E+01
2016,4,25,16.60389,36.0188,-97.7460,1241.0,-0.99990E+01
2016,4,25,16.60417,36.0188,-97.7448,1240.0,-0.99990E+01
2016,4,25,16.60444,36.0190,-97.7437,1239.0,-0.99990E+01
2016,4,25,16.60472,36.0190,-97.7425,1238.0,-0.99990E+01
2016,4,25,16.60500,36.0190,-97.7413,1238.0,-0.99990E+01
2016,4,25,16.60528,36.0190,-97.7402,1238.0,-0.99990E+01
2016,4,25,16.60556,36.0192,-97.7390,1239.0,-0.99990E+01
2016,4,25,16.60583,36.0192,-97.7378,1241.0,-0.99990E+01
2016,4,25,16.60611,36.0192,-97.7367,1242.0,-0.99990E+01
2016,4,25,16.60639,36.0192,-97.7355,1243.0,-0.99990E+01
2016,4,25,16.60667,36.0193,-97.7343,1244.0,-0.99990E+01
2016,4,25,16.60695,36.0193,-97.7332,1245.0,-0.99990E+01
2016,4,25,16.60722,36.0193,-97.7322,1245.0,-0.99990E+01
2016,4,25,16.60750,36.0195,-97.7310,1244.0,-0.99990E+01
2016,4,25,16.60778,36.0195,-97.7298,1243.0,-0.99990E+01
2016,4,25,16.60806,36.0195,-97.7287,1242.0,-0.99990E+01
2016,4,25,16.60833,36.0197,-97.7275,1240.0,-0.99990E+01
2016,4,25,16.60861,36.0197,-97.7262,1238.0,-0.99990E+01
2016,4,25,16.60889,36.0197,-97.7252,1237.0,-0.99990E+01
2016,4,25,16.60917,36.0197,-97.7240,1236.0,-0.99990E+01
2016,4,25,16.60945,36.0198,-97.7228,1235.0,-0.99990E+01
2016,4,25,16.60972,36.0198,-97.7217,1234.0,-0.99990E+01
2016,4,25,16.61000,36.0200,-97.7205,1233.0,-0.99990E+01
2016,4,25,16.61028,36.0200,-97.7193,1233.0,-0.99990E+01
2016,4,25,16.61056,36.0200,-97.7183,1233.0,-0.99990E+01
2016,4,25,16.61083,36.0202,-97.7168,1233.0,-0.99990E+01
2016,4,25,16.61111,36.0202,-97.7158,1233.0,-0.99990E+01
2016,4,25,16.61139,36.0202,-97.7148,1233.0,-0.99990E+01
2016,4,25,16.61167,36.0203,-97.7135,1233.0,-0.99990E+01
2016,4,25,16.61194,36.0203,-97.7125,1233.0,-0.99990E+01
2016,4,25,16.61222,36.0205,-97.7112,1234.0,-0.99990E+01
2016,4,25,16.61250,36.0205,-97.7102,1235.0,-0.99990E+01
2016,4,25,16.61278,36.0205,-97.7090,1237.0,-0.99990E+01
2016,4,25,16.61306,36.0205,-97.7080,1239.0,-0.99990E+01
2016,4,25,16.61333,36.0205,-97.7068,1241.0,-0.99990E+01
2016,4,25,16.61361,36.0207,-97.7057,1243.0,-0.99990E+01
2016,4,25,16.61389,36.0207,-97.7045,1244.0,-0.99990E+01
2016,4,25,16.61417,36.0207,-97.7033,1246.0,-0.99990E+01
2016,4,25,16.61444,36.0207,-97.7022,1247.0,-0.99990E+01
2016,4,25,16.61472,36.0205,-97.7008,1248.0,-0.99990E+01
2016,4,25,16.61500,36.0205,-97.7000,1249.0,-0.99990E+01
2016,4,25,16.61528,36.0205,-97.6988,1250.0,-0.99990E+01
2016,4,25,16.61556,36.0205,-97.6977,1250.0,-0.99990E+01
2016,4,25,16.61583,36.0205,-97.6967,1250.0,-0.99990E+01
2016,4,25,16.61611,36.0205,-97.6955,1251.0,-0.99990E+01
2016,4,25,16.61639,36.0205,-97.6943,1250.0,-0.99990E+01
2016,4,25,16.61667,36.0205,-97.6932,1250.0,-0.99990E+01
2016,4,25,16.61695,36.0205,-97.6918,1249.0,-0.99990E+01
2016,4,25,16.61722,36.0205,-97.6907,1248.0,-0.99990E+01
2016,4,25,16.61750,36.0205,-97.6898,1247.0,-0.99990E+01
2016,4,25,16.61778,36.0203,-97.6887,1246.0,-0.99990E+01
2016,4,25,16.61806,36.0203,-97.6875,1244.0,-0.99990E+01
2016,4,25,16.61833,36.0203,-97.6863,1243.0,-0.99990E+01
2016,4,25,16.61861,36.0203,-97.6852,1242.0,-0.99990E+01
2016,4,25,16.61889,36.0203,-97.6842,1242.0,-0.99990E+01
2016,4,25,16.61917,36.0203,-97.6828,1241.0,-0.99990E+01
2016,4,25,16.61944,36.0203,-97.6818,1240.0,-0.99990E+01
2016,4,25,16.61972,36.0203,-97.6807,1240.0,-0.99990E+01
2016,4,25,16.62000,36.0203,-97.6793,1239.0,-0.99990E+01
2016,4,25,16.62028,36.0203,-97.6785,1239.0,-0.99990E+01
2016,4,25,16.62056,36.0202,-97.6773,1239.0,-0.99990E+01
2016,4,25,16.62083,36.0202,-97.6762,1239.0,-0.99990E+01
2016,4,25,16.62111,36.0202,-97.6750,1240.0,-0.99990E+01
2016,4,25,16.62139,36.0202,-97.6738,1241.0,-0.99990E+01
2016,4,25,16.62167,36.0202,-97.6728,1241.0,-0.99990E+01
2016,4,25,16.62194,36.0202,-97.6717,1241.0,-0.99990E+01
2016,4,25,16.62222,36.0202,-97.6705,1240.0,-0.99990E+01
2016,4,25,16.62250,36.0200,-97.6693,1239.0,-0.99990E+01
2016,4,25,16.62278,36.0200,-97.6682,1239.0,-0.99990E+01
2016,4,25,16.62306,36.0200,-97.6670,1238.0,-0.99990E+01
2016,4,25,16.62333,36.0200,-97.6657,1238.0,-0.99990E+01
2016,4,25,16.62361,36.0200,-97.6648,1238.0,-0.99990E+01
2016,4,25,16.62389,36.0200,-97.6637,1238.0,-0.99990E+01
2016,4,25,16.62417,36.0200,-97.6625,1238.0,-0.99990E+01
2016,4,25,16.62444,36.0200,-97.6613,1239.0,-0.99990E+01
2016,4,25,16.62472,36.0200,-97.6602,1240.0,-0.99990E+01
2016,4,25,16.62500,36.0200,-97.6590,1241.0,-0.99990E+01
2016,4,25,16.62528,36.0200,-97.6578,1243.0,-0.99990E+01
2016,4,25,16.62556,36.0200,-97.6567,1244.0,-0.99990E+01
2016,4,25,16.62583,36.0198,-97.6557,1245.0,-0.99990E+01
2016,4,25,16.62611,36.0198,-97.6545,1244.0,-0.99990E+01
2016,4,25,16.62639,36.0198,-97.6533,1244.0,-0.99990E+01
2016,4,25,16.62667,36.0198,-97.6520,1243.0,-0.99990E+01
2016,4,25,16.62695,36.0198,-97.6510,1242.0,-0.99990E+01
2016,4,25,16.62722,36.0198,-97.6498,1240.0,-0.99990E+01
2016,4,25,16.62750,36.0198,-97.6487,1238.0,-0.99990E+01
2016,4,25,16.62778,36.0198,-97.6475,1237.0,-0.99990E+01
2016,4,25,16.62806,36.0198,-97.6465,1237.0,-0.99990E+01
2016,4,25,16.62833,36.0198,-97.6452,1237.0,-0.99990E+01
2016,4,25,16.62861,36.0198,-97.6442,1237.0,-0.99990E+01
2016,4,25,16.62889,36.0198,-97.6430,1238.0,-0.99990E+01
2016,4,25,16.62917,36.0198,-97.6418,1238.0,-0.99990E+01
2016,4,25,16.62944,36.0198,-97.6407,1238.0,-0.99990E+01
2016,4,25,16.62972,36.0198,-97.6395,1239.0,-0.99990E+01
2016,4,25,16.63000,36.0198,-97.6383,1240.0,-0.99990E+01
2016,4,25,16.63028,36.0198,-97.6373,1240.0,-0.99990E+01
2016,4,25,16.63056,36.0198,-97.6362,1241.0,-0.99990E+01
2016,4,25,16.63083,36.0198,-97.6350,1242.0,-0.99990E+01
2016,4,25,16.63111,36.0197,-97.6338,1243.0,-0.99990E+01
2016,4,25,16.63139,36.0197,-97.6328,1244.0,-0.99990E+01
2016,4,25,16.63167,36.0197,-97.6315,1245.0,-0.99990E+01
2016,4,25,16.63194,36.0197,-97.6303,1245.0,-0.99990E+01
2016,4,25,16.63222,36.0197,-97.6293,1245.0,-0.99990E+01
2016,4,25,16.63250,36.0197,-97.6280,1245.0,-0.99990E+01
2016,4,25,16.63278,36.0197,-97.6268,1245.0,-0.99990E+01
2016,4,25,16.63305,36.0197,-97.6258,1245.0,-0.99990E+01
2016,4,25,16.63333,36.0197,-97.6247,1244.0,-0.99990E+01
2016,4,25,16.63361,36.0197,-97.6233,1244.0,-0.99990E+01
2016,4,25,16.63389,36.0197,-97.6223,1243.0,-0.99990E+01
2016,4,25,16.63417,36.0197,-97.6212,1242.0,-0.99990E+01
2016,4,25,16.63445,36.0197,-97.6200,1241.0,-0.99990E+01
2016,4,25,16.63472,36.0197,-97.6188,1241.0,-0.99990E+01
2016,4,25,16.63500,36.0197,-97.6175,1241.0,-0.99990E+01
2016,4,25,16.63528,36.0197,-97.6165,1241.0,-0.99990E+01
2016,4,25,16.63556,36.0197,-97.6153,1242.0,-0.99990E+01
2016,4,25,16.63583,36.0197,-97.6142,1242.0,-0.99990E+01
2016,4,25,16.63611,36.0197,-97.6130,1243.0,-0.99990E+01
2016,4,25,16.63639,36.0197,-97.6120,1243.0,-0.99990E+01
2016,4,25,16.63667,36.0197,-97.6107,1243.0,-0.99990E+01
2016,4,25,16.63694,36.0197,-97.6097,1243.0,-0.99990E+01
2016,4,25,16.63722,36.0197,-97.6085,1243.0,-0.99990E+01
2016,4,25,16.63750,36.0198,-97.6073,1242.0,-0.99990E+01
2016,4,25,16.63778,36.0198,-97.6062,1242.0,-0.99990E+01
2016,4,25,16.63806,36.0198,-97.6047,1242.0,-0.99990E+01
2016,4,25,16.63833,36.0198,-97.6038,1242.0,-0.99990E+01
2016,4,25,16.63861,36.0198,-97.6027,1243.0,-0.99990E+01
2016,4,25,16.63889,36.0198,-97.6015,1243.0,-0.99990E+01
2016,4,25,16.63917,36.0198,-97.6003,1244.0,-0.99990E+01
2016,4,25,16.63944,36.0198,-97.5992,1245.0,-0.99990E+01
2016,4,25,16.63972,36.0198,-97.5978,1247.0,-0.99990E+01
2016,4,25,16.64000,36.0198,-97.5968,1248.0,-0.99990E+01
2016,4,25,16.64028,36.0198,-97.5957,1248.0,-0.99990E+01
2016,4,25,16.64056,36.0198,-97.5945,1248.0,-0.99990E+01
2016,4,25,16.64083,36.0198,-97.5933,1248.0,-0.99990E+01
2016,4,25,16.64111,36.0200,-97.5922,1247.0,-0.99990E+01
2016,4,25,16.64139,36.0200,-97.5910,1246.0,-0.99990E+01
2016,4,25,16.64167,36.0200,-97.5898,1245.0,-0.99990E+01
2016,4,25,16.64194,36.0200,-97.5887,1244.0,-0.99990E+01
2016,4,25,16.64222,36.0200,-97.5873,1243.0,-0.99990E+01
2016,4,25,16.64250,36.0200,-97.5863,1242.0,-0.99990E+01
2016,4,25,16.64278,36.0200,-97.5852,1241.0,-0.99990E+01
2016,4,25,16.64305,36.0202,-97.5838,1240.0,-0.99990E+01
2016,4,25,16.64333,36.0202,-97.5828,1239.0,-0.99990E+01
2016,4,25,16.64361,36.0202,-97.5817,1238.0,-0.99990E+01
2016,4,25,16.64389,36.0202,-97.5803,1238.0,-0.99990E+01
2016,4,25,16.64417,36.0202,-97.5792,1237.0,-0.99990E+01
2016,4,25,16.64444,36.0202,-97.5780,1237.0,-0.99990E+01
2016,4,25,16.64472,36.0203,-97.5768,1238.0,-0.99990E+01
2016,4,25,16.64500,36.0203,-97.5757,1238.0,-0.99990E+01
2016,4,25,16.64528,36.0203,-97.5747,1239.0,-0.99990E+01
2016,4,25,16.64556,36.0203,-97.5735,1239.0,-0.99990E+01
2016,4,25,16.64583,36.0203,-97.5723,1239.0,-0.99990E+01
2016,4,25,16.64611,36.0205,-97.5712,1239.0,-0.99990E+01
2016,4,25,16.64639,36.0205,-97.5700,1238.0,-0.99990E+01
2016,4,25,16.64667,36.0205,-97.5688,1239.0,-0.99990E+01
2016,4,25,16.64694,36.0205,-97.5677,1239.0,-0.99990E+01
2016,4,25,16.64722,36.0205,-97.5665,1240.0,-0.99990E+01
2016,4,25,16.64750,36.0207,-97.5653,1241.0,-0.99990E+01
2016,4,25,16.64778,36.0207,-97.5642,1243.0,-0.99990E+01
2016,4,25,16.64806,36.0207,-97.5630,1245.0,-0.99990E+01
2016,4,25,16.64833,36.0207,-97.5618,1247.0,-0.99990E+01
2016,4,25,16.64861,36.0207,-97.5607,1250.0,-0.99990E+01
2016,4,25,16.64889,36.0208,-97.5593,1252.0,-0.99990E+01
2016,4,25,16.64917,36.0208,-97.5583,1253.0,-0.99990E+01
2016,4,25,16.64944,36.0208,-97.5572,1254.0,-0.99990E+01
2016,4,25,16.64972,36.0210,-97.5560,1254.0,-0.99990E+01
2016,4,25,16.65000,36.0210,-97.5548,1253.0,-0.99990E+01
2016,4,25,16.65028,36.0210,-97.5535,1251.0,-0.99990E+01
2016,4,25,16.65055,36.0210,-97.5523,1249.0,-0.99990E+01
2016,4,25,16.65083,36.0212,-97.5513,1247.0,-0.99990E+01
2016,4,25,16.65111,36.0212,-97.5502,1244.0,-0.99990E+01
2016,4,25,16.65139,36.0212,-97.5490,1241.0,-0.99990E+01
2016,4,25,16.65167,36.0212,-97.5477,1238.0,-0.99990E+01
2016,4,25,16.65194,36.0212,-97.5465,1236.0,-0.99990E+01
2016,4,25,16.65222,36.0212,-97.5453,1234.0,-0.99990E+01
2016,4,25,16.65250,36.0212,-97.5440,1232.0,-0.99990E+01
2016,4,25,16.65278,36.0212,-97.5428,1231.0,-0.99990E+01
2016,4,25,16.65306,36.0212,-97.5417,1231.0,-0.99990E+01
2016,4,25,16.65333,36.0212,-97.5405,1230.0,-0.99990E+01
2016,4,25,16.65361,36.0212,-97.5395,1231.0,-0.99990E+01
2016,4,25,16.65389,36.0212,-97.5382,1231.0,-0.99990E+01
2016,4,25,16.65417,36.0212,-97.5370,1232.0,-0.99990E+01
2016,4,25,16.65444,36.0212,-97.5360,1233.0,-0.99990E+01
2016,4,25,16.65472,36.0212,-97.5347,1234.0,-0.99990E+01
2016,4,25,16.65500,36.0210,-97.5335,1235.0,-0.99990E+01
2016,4,25,16.65528,36.0210,-97.5323,1236.0,-0.99990E+01
2016,4,25,16.65556,36.0210,-97.5312,1237.0,-0.99990E+01
2016,4,25,16.65583,36.0210,-97.5300,1238.0,-0.99990E+01
2016,4,25,16.65611,36.0210,-97.5288,1239.0,-0.99990E+01
2016,4,25,16.65639,36.0210,-97.5277,1239.0,-0.99990E+01
2016,4,25,16.65667,36.0210,-97.5265,1240.0,-0.99990E+01
2016,4,25,16.65694,36.0210,-97.5253,1240.0,-0.99990E+01
2016,4,25,16.65722,36.0210,-97.5242,1241.0,-0.99990E+01
2016,4,25,16.65750,36.0210,-97.5230,1241.0,-0.99990E+01
2016,4,25,16.65778,36.0208,-97.5218,1240.0,-0.99990E+01
2016,4,25,16.65805,36.0208,-97.5207,1241.0,-0.99990E+01
2016,4,25,16.65833,36.0208,-97.5195,1241.0,-0.99990E+01
2016,4,25,16.65861,36.0208,-97.5180,1241.0,-0.99990E+01
2016,4,25,16.65889,36.0208,-97.5172,1241.0,-0.99990E+01
2016,4,25,16.65917,36.0208,-97.5160,1242.0,-0.99990E+01
2016,4,25,16.65944,36.0208,-97.5148,1242.0,-0.99990E+01
2016,4,25,16.65972,36.0208,-97.5137,1242.0,-0.99990E+01
2016,4,25,16.66000,36.0208,-97.5123,1242.0,-0.99990E+01
2016,4,25,16.66028,36.0208,-97.5110,1242.0,-0.99990E+01
2016,4,25,16.66055,36.0207,-97.5102,1243.0,-0.99990E+01
2016,4,25,16.66083,36.0207,-97.5088,1243.0,-0.99990E+01
2016,4,25,16.66111,36.0207,-97.5075,1243.0,-0.99990E+01
2016,4,25,16.66139,36.0207,-97.5065,1242.0,-0.99990E+01
2016,4,25,16.66167,36.0207,-97.5055,1242.0,-0.99990E+01
2016,4,25,16.66194,36.0207,-97.5043,1242.0,-0.99990E+01
2016,4,25,16.66222,36.0207,-97.5032,1241.0,-0.99990E+01
2016,4,25,16.66250,36.0207,-97.5020,1241.0,-0.99990E+01
2016,4,25,16.66278,36.0207,-97.5008,1241.0,-0.99990E+01
2016,4,25,16.66306,36.0207,-97.4997,1241.0,-0.99990E+01
2016,4,25,16.66333,36.0207,-97.4985,1240.0,-0.99990E+01
2016,4,25,16.66361,36.0207,-97.4973,1240.0,-0.99990E+01
2016,4,25,16.66389,36.0207,-97.4962,1240.0,-0.99990E+01
2016,4,25,16.66417,36.0207,-97.4950,1240.0,-0.99990E+01
2016,4,25,16.66444,36.0207,-97.4938,1240.0,-0.99990E+01
2016,4,25,16.66472,36.0207,-97.4927,1241.0,-0.99990E+01
2016,4,25,16.66500,36.0207,-97.4915,1241.0,-0.99990E+01
2016,4,25,16.66528,36.0207,-97.4905,1242.0,-0.99990E+01
2016,4,25,16.66556,36.0207,-97.4893,1242.0,-0.99990E+01
2016,4,25,16.66583,36.0207,-97.4882,1243.0,-0.99990E+01
2016,4,25,16.66611,36.0207,-97.4870,1244.0,-0.99990E+01
2016,4,25,16.66639,36.0207,-97.4858,1244.0,-0.99990E+01
2016,4,25,16.66667,36.0205,-97.4847,1245.0,-0.99990E+01
2016,4,25,16.66694,36.0205,-97.4833,1245.0,-0.99990E+01
2016,4,25,16.66722,36.0207,-97.4823,1245.0,-0.99990E+01
2016,4,25,16.66750,36.0207,-97.4810,1245.0,-0.99990E+01
2016,4,25,16.66778,36.0207,-97.4800,1244.0,-0.99990E+01
2016,4,25,16.66805,36.0207,-97.4788,1244.0,-0.99990E+01
2016,4,25,16.66833,36.0207,-97.4775,1243.0,-0.99990E+01
2016,4,25,16.66861,36.0207,-97.4765,1243.0,-0.99990E+01
2016,4,25,16.66889,36.0207,-97.4755,1244.0,-0.99990E+01
2016,4,25,16.66917,36.0207,-97.4740,1244.0,-0.99990E+01
2016,4,25,16.66944,36.0207,-97.4730,1243.0,-0.99990E+01
2016,4,25,16.66972,36.0207,-97.4718,1242.0,-0.99990E+01
2016,4,25,16.67000,36.0207,-97.4705,1241.0,-0.99990E+01
2016,4,25,16.67028,36.0207,-97.4697,1240.0,-0.99990E+01
2016,4,25,16.67056,36.0207,-97.4685,1238.0,-0.99990E+01
2016,4,25,16.67083,36.0207,-97.4673,1236.0,-0.99990E+01
2016,4,25,16.67111,36.0207,-97.4662,1235.0,-0.99990E+01
2016,4,25,16.67139,36.0207,-97.4650,1235.0,-0.99990E+01
2016,4,25,16.67167,36.0207,-97.4638,1236.0,-0.99990E+01
2016,4,25,16.67194,36.0207,-97.4627,1236.0,-0.99990E+01
2016,4,25,16.67222,36.0207,-97.4615,1237.0,-0.99990E+01
2016,4,25,16.67250,36.0207,-97.4603,1238.0,-0.99990E+01
2016,4,25,16.67278,36.0207,-97.4592,1239.0,-0.99990E+01
2016,4,25,16.67306,36.0207,-97.4580,1239.0,-0.99990E+01
2016,4,25,16.67333,36.0207,-97.4570,1240.0,-0.99990E+01
2016,4,25,16.67361,36.0207,-97.4558,1240.0,-0.99990E+01
2016,4,25,16.67389,36.0207,-97.4547,1240.0,-0.99990E+01
2016,4,25,16.67417,36.0207,-97.4532,1240.0,-0.99990E+01
2016,4,25,16.67444,36.0207,-97.4522,1239.0,-0.99990E+01
2016,4,25,16.67472,36.0207,-97.4510,1238.0,-0.99990E+01
2016,4,25,16.67500,36.0207,-97.4498,1237.0,-0.99990E+01
2016,4,25,16.67528,36.0207,-97.4487,1237.0,-0.99990E+01
2016,4,25,16.67555,36.0207,-97.4475,1236.0,-0.99990E+01
2016,4,25,16.67583,36.0208,-97.4463,1236.0,-0.99990E+01
2016,4,25,16.67611,36.0208,-97.4452,1236.0,-0.99990E+01
2016,4,25,16.67639,36.0208,-97.4440,1236.0,-0.99990E+01
2016,4,25,16.67667,36.0208,-97.4428,1236.0,-0.99990E+01
2016,4,25,16.67694,36.0208,-97.4417,1237.0,-0.99990E+01
2016,4,25,16.67722,36.0208,-97.4405,1237.0,-0.99990E+01
2016,4,25,16.67750,36.0208,-97.4393,1237.0,-0.99990E+01
2016,4,25,16.67778,36.0208,-97.4382,1237.0,-0.99990E+01
2016,4,25,16.67805,36.0208,-97.4370,1238.0,-0.99990E+01
2016,4,25,16.67833,36.0208,-97.4358,1238.0,-0.99990E+01
2016,4,25,16.67861,36.0208,-97.4347,1239.0,-0.99990E+01
2016,4,25,16.67889,36.0208,-97.4335,1238.0,-0.99990E+01
2016,4,25,16.67917,36.0208,-97.4325,1238.0,-0.99990E+01
2016,4,25,16.67944,36.0208,-97.4313,1238.0,-0.99990E+01
2016,4,25,16.67972,36.0210,-97.4298,1238.0,-0.99990E+01
2016,4,25,16.68000,36.0210,-97.4290,1238.0,-0.99990E+01
2016,4,25,16.68028,36.0210,-97.4278,1238.0,-0.99990E+01
2016,4,25,16.68056,36.0210,-97.4263,1239.0,-0.99990E+01
2016,4,25,16.68083,36.0210,-97.4255,1239.0,-0.99990E+01
2016,4,25,16.68111,36.0210,-97.4243,1240.0,-0.99990E+01
2016,4,25,16.68139,36.0210,-97.4232,1241.0,-0.99990E+01
2016,4,25,16.68167,36.0210,-97.4220,1242.0,-0.99990E+01
2016,4,25,16.68194,36.0212,-97.4208,1244.0,-0.99990E+01
2016,4,25,16.68222,36.0212,-97.4195,1245.0,-0.99990E+01
2016,4,25,16.68250,36.0212,-97.4185,1245.0,-0.99990E+01
2016,4,25,16.68278,36.0212,-97.4173,1246.0,-0.99990E+01
2016,4,25,16.68305,36.0212,-97.4162,1246.0,-0.99990E+01
2016,4,25,16.68333,36.0212,-97.4152,1246.0,-0.99990E+01
2016,4,25,16.68361,36.0213,-97.4138,1246.0,-0.99990E+01
2016,4,25,16.68389,36.0213,-97.4125,1246.0,-0.99990E+01
2016,4,25,16.68417,36.0213,-97.4117,1246.0,-0.99990E+01
2016,4,25,16.68444,36.0213,-97.4105,1246.0,-0.99990E+01
2016,4,25,16.68472,36.0213,-97.4093,1245.0,-0.99990E+01
2016,4,25,16.68500,36.0213,-97.4082,1244.0,-0.99990E+01
2016,4,25,16.68528,36.0212,-97.4070,1244.0,-0.99990E+01
2016,4,25,16.68555,36.0212,-97.4058,1242.0,-0.99990E+01
2016,4,25,16.68583,36.0212,-97.4047,1241.0,-0.99990E+01
2016,4,25,16.68611,36.0212,-97.4035,1239.0,-0.99990E+01
2016,4,25,16.68639,36.0212,-97.4023,1238.0,-0.99990E+01
2016,4,25,16.68667,36.0212,-97.4012,1236.0,-0.99990E+01
2016,4,25,16.68694,36.0212,-97.4002,1235.0,-0.99990E+01
2016,4,25,16.68722,36.0210,-97.3990,1235.0,-0.99990E+01
2016,4,25,16.68750,36.0210,-97.3978,1235.0,-0.99990E+01
2016,4,25,16.68778,36.0210,-97.3967,1235.0,-0.99990E+01
2016,4,25,16.68806,36.0210,-97.3955,1236.0,-0.99990E+01
2016,4,25,16.68833,36.0210,-97.3943,1237.0,-0.99990E+01
2016,4,25,16.68861,36.0210,-97.3932,1238.0,-0.99990E+01
2016,4,25,16.68889,36.0208,-97.3920,1239.0,-0.99990E+01
2016,4,25,16.68917,36.0208,-97.3910,1240.0,-0.99990E+01
2016,4,25,16.68944,36.0208,-97.3898,1241.0,-0.99990E+01
2016,4,25,16.68972,36.0208,-97.3887,1241.0,-0.99990E+01
2016,4,25,16.69000,36.0208,-97.3875,1241.0,-0.99990E+01
2016,4,25,16.69028,36.0207,-97.3863,1241.0,-0.99990E+01
2016,4,25,16.69056,36.0207,-97.3852,1241.0,-0.99990E+01
2016,4,25,16.69083,36.0207,-97.3842,1240.0,-0.99990E+01
2016,4,25,16.69111,36.0207,-97.3830,1240.0,-0.99990E+01
2016,4,25,16.69139,36.0205,-97.3818,1239.0,-0.99990E+01
2016,4,25,16.69167,36.0205,-97.3807,1239.0,-0.99990E+01
2016,4,25,16.69194,36.0205,-97.3793,1239.0,-0.99990E+01
2016,4,25,16.69222,36.0205,-97.3783,1238.0,-0.99990E+01
2016,4,25,16.69250,36.0205,-97.3772,1238.0,-0.99990E+01
2016,4,25,16.69278,36.0205,-97.3762,1238.0,-0.99990E+01
2016,4,25,16.69305,36.0203,-97.3750,1237.0,-0.99990E+01
2016,4,25,16.69333,36.0203,-97.3738,1238.0,-0.99990E+01
2016,4,25,16.69361,36.0203,-97.3725,1238.0,-0.99990E+01
2016,4,25,16.69389,36.0203,-97.3715,1239.0,-0.99990E+01
2016,4,25,16.69417,36.0203,-97.3703,1239.0,-0.99990E+01
2016,4,25,16.69444,36.0202,-97.3692,1241.0,-0.99990E+01
2016,4,25,16.69472,36.0202,-97.3680,1241.0,-0.99990E+01
2016,4,25,16.69500,36.0202,-97.3668,1242.0,-0.99990E+01
2016,4,25,16.69528,36.0202,-97.3658,1242.0,-0.99990E+01
2016,4,25,16.69555,36.0202,-97.3647,1242.0,-0.99990E+01
2016,4,25,16.69583,36.0202,-97.3633,1242.0,-0.99990E+01
2016,4,25,16.69611,36.0202,-97.3625,1242.0,-0.99990E+01
2016,4,25,16.69639,36.0202,-97.3613,1243.0,-0.99990E+01
2016,4,25,16.69667,36.0200,-97.3602,1244.0,-0.99990E+01
2016,4,25,16.69694,36.0200,-97.3590,1246.0,-0.99990E+01
2016,4,25,16.69722,36.0200,-97.3580,1247.0,-0.99990E+01
2016,4,25,16.69750,36.0200,-97.3568,1248.0,-0.99990E+01
2016,4,25,16.69778,36.0200,-97.3555,1249.0,-0.99990E+01
2016,4,25,16.69806,36.0200,-97.3545,1248.0,-0.99990E+01
2016,4,25,16.69833,36.0200,-97.3535,1248.0,-0.99990E+01
2016,4,25,16.69861,36.0200,-97.3522,1247.0,-0.99990E+01
2016,4,25,16.69889,36.0200,-97.3512,1246.0,-0.99990E+01
2016,4,25,16.69917,36.0200,-97.3498,1245.0,-0.99990E+01
2016,4,25,16.69944,36.0200,-97.3488,1244.0,-0.99990E+01
2016,4,25,16.69972,36.0198,-97.3478,1244.0,-0.99990E+01
2016,4,25,16.70000,36.0198,-97.3463,1243.0,-0.99990E+01
2016,4,25,16.70028,36.0198,-97.3453,1242.0,-0.99990E+01
2016,4,25,16.70056,36.0198,-97.3442,1240.0,-0.99990E+01
2016,4,25,16.70083,36.0198,-97.3430,1238.0,-0.99990E+01
2016,4,25,16.70111,36.0198,-97.3420,1237.0,-0.99990E+01
2016,4,25,16.70139,36.0198,-97.3410,1237.0,-0.99990E+01
2016,4,25,16.70167,36.0198,-97.3395,1238.0,-0.99990E+01
2016,4,25,16.70194,36.0197,-97.3385,1240.0,-0.99990E+01
2016,4,25,16.70222,36.0197,-97.3375,1241.0,-0.99990E+01
2016,4,25,16.70250,36.0197,-97.3363,1243.0,-0.99990E+01
2016,4,25,16.70278,36.0197,-97.3352,1246.0,-0.99990E+01
2016,4,25,16.70306,36.0197,-97.3340,1247.0,-0.99990E+01
2016,4,25,16.70333,36.0197,-97.3328,1248.0,-0.99990E+01
2016,4,25,16.70361,36.0197,-97.3318,1248.0,-0.99990E+01
2016,4,25,16.70389,36.0195,-97.3307,1249.0,-0.99990E+01
2016,4,25,16.70417,36.0195,-97.3293,1249.0,-0.99990E+01
2016,4,25,16.70444,36.0195,-97.3285,1249.0,-0.99990E+01
2016,4,25,16.70472,36.0195,-97.3273,1249.0,-0.99990E+01
2016,4,25,16.70500,36.0195,-97.3262,1248.0,-0.99990E+01
2016,4,25,16.70528,36.0195,-97.3248,1246.0,-0.99990E+01
2016,4,25,16.70556,36.0195,-97.3238,1245.0,-0.99990E+01
2016,4,25,16.70583,36.0195,-97.3227,1244.0,-0.99990E+01
2016,4,25,16.70611,36.0193,-97.3215,1242.0,-0.99990E+01
2016,4,25,16.70639,36.0193,-97.3205,1241.0,-0.99990E+01
2016,4,25,16.70667,36.0193,-97.3190,1239.0,-0.99990E+01
2016,4,25,16.70695,36.0193,-97.3182,1239.0,-0.99990E+01
2016,4,25,16.70722,36.0193,-97.3170,1239.0,-0.99990E+01
2016,4,25,16.70750,36.0193,-97.3158,1238.0,-0.99990E+01
2016,4,25,16.70778,36.0193,-97.3147,1237.0,-0.99990E+01
2016,4,25,16.70806,36.0193,-97.3135,1236.0,-0.99990E+01
2016,4,25,16.70833,36.0193,-97.3123,1236.0,-0.99990E+01
2016,4,25,16.70861,36.0193,-97.3110,1235.0,-0.99990E+01
2016,4,25,16.70889,36.0193,-97.3100,1234.0,-0.99990E+01
2016,4,25,16.70917,36.0193,-97.3088,1234.0,-0.99990E+01
2016,4,25,16.70945,36.0193,-97.3077,1234.0,-0.99990E+01
2016,4,25,16.70972,36.0193,-97.3065,1235.0,-0.99990E+01
2016,4,25,16.71000,36.0193,-97.3053,1235.0,-0.99990E+01
2016,4,25,16.71028,36.0193,-97.3042,1236.0,-0.99990E+01
2016,4,25,16.71056,36.0193,-97.3032,1237.0,-0.99990E+01
2016,4,25,16.71083,36.0193,-97.3018,1237.0,-0.99990E+01
2016,4,25,16.71111,36.0193,-97.3007,1237.0,-0.99990E+01
2016,4,25,16.71139,36.0193,-97.2995,1238.0,-0.99990E+01
2016,4,25,16.71167,36.0193,-97.2983,1239.0,-0.99990E+01
2016,4,25,16.71194,36.0193,-97.2973,1240.0,-0.99990E+01
2016,4,25,16.71222,36.0193,-97.2962,1241.0,-0.99990E+01
2016,4,25,16.71250,36.0192,-97.2950,1242.0,-0.99990E+01
2016,4,25,16.71278,36.0192,-97.2938,1242.0,-0.99990E+01
2016,4,25,16.71306,36.0192,-97.2928,1243.0,-0.99990E+01
2016,4,25,16.71334,36.0192,-97.2917,1244.0,-0.99990E+01
2016,4,25,16.71361,36.0192,-97.2905,1245.0,-0.99990E+01
2016,4,25,16.71389,36.0192,-97.2893,1245.0,-0.99990E+01
2016,4,25,16.71417,36.0192,-97.2882,1245.0,-0.99990E+01
2016,4,25,16.71445,36.0192,-97.2870,1245.0,-0.99990E+01
2016,4,25,16.71472,36.0192,-97.2860,1245.0,-0.99990E+01
2016,4,25,16.71500,36.0192,-97.2845,1245.0,-0.99990E+01
2016,4,25,16.71528,36.0192,-97.2837,1246.0,-0.99990E+01
2016,4,25,16.71556,36.0192,-97.2825,1246.0,-0.99990E+01
2016,4,25,16.71583,36.0192,-97.2813,1246.0,-0.99990E+01
2016,4,25,16.71611,36.0192,-97.2802,1246.0,-0.99990E+01
2016,4,25,16.71639,36.0192,-97.2792,1246.0,-0.99990E+01
2016,4,25,16.71667,36.0192,-97.2780,1245.0,-0.99990E+01
2016,4,25,16.71695,36.0190,-97.2767,1244.0,-0.99990E+01
2016,4,25,16.71722,36.0190,-97.2757,1243.0,-0.99990E+01
2016,4,25,16.71750,36.0190,-97.2745,1243.0,-0.99990E+01
2016,4,25,16.71778,36.0190,-97.2733,1242.0,-0.99990E+01
2016,4,25,16.71806,36.0190,-97.2722,1242.0,-0.99990E+01
2016,4,25,16.71833,36.0190,-97.2710,1242.0,-0.99990E+01
2016,4,25,16.71861,36.0190,-97.2698,1242.0,-0.99990E+01
2016,4,25,16.71889,36.0190,-97.2688,1242.0,-0.99990E+01
2016,4,25,16.71917,36.0190,-97.2673,1243.0,-0.99990E+01
2016,4,25,16.71944,36.0190,-97.2663,1243.0,-0.99990E+01
2016,4,25,16.71972,36.0190,-97.2652,1244.0,-0.99990E+01
2016,4,25,16.72000,36.0190,-97.2640,1245.0,-0.99990E+01
2016,4,25,16.72028,36.0190,-97.2630,1246.0,-0.99990E+01
2016,4,25,16.72056,36.0190,-97.2618,1246.0,-0.99990E+01
2016,4,25,16.72083,36.0190,-97.2605,1245.0,-0.99990E+01
2016,4,25,16.72111,36.0190,-97.2595,1244.0,-0.99990E+01
2016,4,25,16.72139,36.0190,-97.2585,1244.0,-0.99990E+01
2016,4,25,16.72167,36.0190,-97.2570,1243.0,-0.99990E+01
2016,4,25,16.72194,36.0190,-97.2560,1243.0,-0.99990E+01
2016,4,25,16.72222,36.0190,-97.2550,1243.0,-0.99990E+01
2016,4,25,16.72250,36.0190,-97.2537,1243.0,-0.99990E+01
2016,4,25,16.72278,36.0190,-97.2527,1243.0,-0.99990E+01
2016,4,25,16.72306,36.0190,-97.2515,1244.0,-0.99990E+01
2016,4,25,16.72333,36.0190,-97.2502,1245.0,-0.99990E+01
2016,4,25,16.72361,36.0190,-97.2492,1245.0,-0.99990E+01
2016,4,25,16.72389,36.0190,-97.2480,1246.0,-0.99990E+01
2016,4,25,16.72417,36.0190,-97.2468,1246.0,-0.99990E+01
2016,4,25,16.72445,36.0190,-97.2457,1246.0,-0.99990E+01
2016,4,25,16.72472,36.0190,-97.2447,1246.0,-0.99990E+01
2016,4,25,16.72500,36.0190,-97.2435,1246.0,-0.99990E+01
2016,4,25,16.72528,36.0190,-97.2422,1245.0,-0.99990E+01
2016,4,25,16.72556,36.0190,-97.2412,1245.0,-0.99990E+01
2016,4,25,16.72583,36.0190,-97.2400,1244.0,-0.99990E+01
2016,4,25,16.72611,36.0190,-97.2388,1243.0,-0.99990E+01
2016,4,25,16.72639,36.0190,-97.2377,1243.0,-0.99990E+01
2016,4,25,16.72667,36.0190,-97.2363,1242.0,-0.99990E+01
2016,4,25,16.72695,36.0190,-97.2352,1241.0,-0.99990E+01
2016,4,25,16.72722,36.0190,-97.2342,1240.0,-0.99990E+01
2016,4,25,16.72750,36.0190,-97.2330,1239.0,-0.99990E+01
2016,4,25,16.72778,36.0190,-97.2318,1238.0,-0.99990E+01
2016,4,25,16.72806,36.0190,-97.2305,1238.0,-0.99990E+01
2016,4,25,16.72833,36.0190,-97.2295,1238.0,-0.99990E+01
2016,4,25,16.72861,36.0190,-97.2285,1239.0,-0.99990E+01
2016,4,25,16.72889,36.0190,-97.2270,1241.0,-0.99990E+01
2016,4,25,16.72917,36.0190,-97.2262,1242.0,-0.99990E+01
2016,4,25,16.72944,36.0190,-97.2250,1244.0,-0.99990E+01
2016,4,25,16.72972,36.0190,-97.2237,1245.0,-0.99990E+01
2016,4,25,16.73000,36.0190,-97.2227,1245.0,-0.99990E+01
2016,4,25,16.73028,36.0190,-97.2215,1246.0,-0.99990E+01
2016,4,25,16.73056,36.0190,-97.2202,1246.0,-0.99990E+01
2016,4,25,16.73083,36.0190,-97.2193,1247.0,-0.99990E+01
2016,4,25,16.73111,36.0190,-97.2182,1248.0,-0.99990E+01
2016,4,25,16.73139,36.0190,-97.2167,1249.0,-0.99990E+01
2016,4,25,16.73167,36.0190,-97.2158,1250.0,-0.99990E+01
2016,4,25,16.73195,36.0190,-97.2147,1251.0,-0.99990E+01
2016,4,25,16.73222,36.0190,-97.2133,1252.0,-0.99990E+01
2016,4,25,16.73250,36.0190,-97.2123,1253.0,-0.99990E+01
2016,4,25,16.73278,36.0190,-97.2112,1254.0,-0.99990E+01
2016,4,25,16.73306,36.0190,-97.2098,1255.0,-0.99990E+01
2016,4,25,16.73333,36.0190,-97.2088,1256.0,-0.99990E+01
2016,4,25,16.73361,36.0190,-97.2075,1257.0,-0.99990E+01
2016,4,25,16.73389,36.0192,-97.2063,1259.0,-0.99990E+01
2016,4,25,16.73417,36.0192,-97.2053,1262.0,-0.99990E+01
2016,4,25,16.73445,36.0193,-97.2040,1266.0,-0.99990E+01
2016,4,25,16.73472,36.0195,-97.2028,1270.0,-0.99990E+01
2016,4,25,16.73500,36.0198,-97.2018,1274.0,-0.99990E+01
2016,4,25,16.73528,36.0200,-97.2007,1278.0,-0.99990E+01
2016,4,25,16.73556,36.0203,-97.1997,1282.0,-0.99990E+01
2016,4,25,16.73583,36.0207,-97.1983,1287.0,-0.99990E+01
2016,4,25,16.73611,36.0212,-97.1972,1291.0,-0.99990E+01
2016,4,25,16.73639,36.0215,-97.1963,1295.0,-0.99990E+01
2016,4,25,16.73667,36.0220,-97.1953,1299.0,-0.99990E+01
2016,4,25,16.73694,36.0225,-97.1943,1304.0,-0.99990E+01
2016,4,25,16.73722,36.0230,-97.1933,1309.0,-0.99990E+01
2016,4,25,16.73750,36.0237,-97.1923,1314.0,-0.99990E+01
2016,4,25,16.73778,36.0242,-97.1915,1319.0,-0.99990E+01
2016,4,25,16.73806,36.0250,-97.1905,1324.0,-0.99990E+01
2016,4,25,16.73833,36.0257,-97.1898,1328.0,-0.99990E+01
2016,4,25,16.73861,36.0263,-97.1890,1332.0,-0.99990E+01
2016,4,25,16.73889,36.0270,-97.1882,1335.0,-0.99990E+01
2016,4,25,16.73917,36.0277,-97.1877,1338.0,-0.99990E+01
2016,4,25,16.73944,36.0287,-97.1868,1342.0,-0.99990E+01
2016,4,25,16.73972,36.0293,-97.1863,1345.0,-0.99990E+01
2016,4,25,16.74000,36.0302,-97.1857,1349.0,-0.99990E+01
2016,4,25,16.74028,36.0310,-97.1852,1352.0,-0.99990E+01
2016,4,25,16.74056,36.0320,-97.1847,1358.0,-0.99990E+01
2016,4,25,16.74083,36.0328,-97.1843,1361.0,-0.99990E+01
2016,4,25,16.74111,36.0337,-97.1838,1364.0,-0.99990E+01
2016,4,25,16.74139,36.0345,-97.1837,1368.0,-0.99990E+01
2016,4,25,16.74167,36.0353,-97.1833,1372.0,-0.99990E+01
2016,4,25,16.74195,36.0363,-97.1830,1376.0,-0.99990E+01
2016,4,25,16.74222,36.0373,-97.1828,1379.0,-0.99990E+01
2016,4,25,16.74250,36.0380,-97.1827,1384.0,-0.99990E+01
2016,4,25,16.74278,36.0390,-97.1825,1389.0,-0.99990E+01
2016,4,25,16.74306,36.0400,-97.1822,1395.0,-0.99990E+01
2016,4,25,16.74333,36.0408,-97.1822,1400.0,-0.99990E+01
2016,4,25,16.74361,36.0418,-97.1820,1405.0,-0.99990E+01
2016,4,25,16.74389,36.0428,-97.1818,1410.0,-0.99990E+01
2016,4,25,16.74417,36.0437,-97.1818,1414.0,-0.99990E+01
2016,4,25,16.74444,36.0445,-97.1817,1418.0,-0.99990E+01
2016,4,25,16.74472,36.0455,-97.1817,1422.0,-0.99990E+01
2016,4,25,16.74500,36.0463,-97.1815,1425.0,-0.99990E+01
2016,4,25,16.74528,36.0472,-97.1815,1429.0,-0.99990E+01
2016,4,25,16.74556,36.0482,-97.1813,1432.0,-0.99990E+01
2016,4,25,16.74583,36.0490,-97.1812,1434.0,-0.99990E+01
2016,4,25,16.74611,36.0500,-97.1810,1437.0,-0.99990E+01
2016,4,25,16.74639,36.0508,-97.1808,1439.0,-0.99990E+01
2016,4,25,16.74667,36.0517,-97.1807,1440.0,-0.99990E+01
2016,4,25,16.74694,36.0527,-97.1803,1442.0,-0.99990E+01
2016,4,25,16.74722,36.0537,-97.1800,1443.0,-0.99990E+01
2016,4,25,16.74750,36.0545,-97.1797,1445.0,-0.99990E+01
2016,4,25,16.74778,36.0553,-97.1792,1447.0,-0.99990E+01
2016,4,25,16.74806,36.0562,-97.1787,1451.0,-0.99990E+01
2016,4,25,16.74833,36.0570,-97.1780,1456.0,-0.99990E+01
2016,4,25,16.74861,36.0578,-97.1775,1461.0,-0.99990E+01
2016,4,25,16.74889,36.0585,-97.1768,1467.0,-0.99990E+01
2016,4,25,16.74917,36.0592,-97.1762,1473.0,-0.99990E+01
2016,4,25,16.74944,36.0598,-97.1755,1481.0,-0.99990E+01
2016,4,25,16.74972,36.0605,-97.1747,1489.0,-0.99990E+01
2016,4,25,16.75000,36.0612,-97.1738,1496.0,-0.99990E+01
2016,4,25,16.75028,36.0618,-97.1730,1504.0,-0.99990E+01
2016,4,25,16.75056,36.0625,-97.1720,1514.0,-0.99990E+01
2016,4,25,16.75083,36.0628,-97.1713,1520.0,-0.99990E+01
2016,4,25,16.75111,36.0633,-97.1705,1527.0,-0.99990E+01
2016,4,25,16.75139,36.0638,-97.1695,1534.0,-0.99990E+01
2016,4,25,16.75167,36.0643,-97.1685,1541.0,-0.99990E+01
2016,4,25,16.75194,36.0647,-97.1675,1546.0,-0.99990E+01
2016,4,25,16.75222,36.0650,-97.1667,1548.0,-0.99990E+01
2016,4,25,16.75250,36.0653,-97.1655,1548.0,-0.99990E+01
2016,4,25,16.75278,36.0657,-97.1643,1548.0,-0.99990E+01
2016,4,25,16.75306,36.0658,-97.1635,1548.0,-0.99990E+01
2016,4,25,16.75333,36.0660,-97.1625,1548.0,-0.99990E+01
2016,4,25,16.75361,36.0662,-97.1615,1548.0,-0.99990E+01
2016,4,25,16.75389,36.0663,-97.1605,1548.0,-0.99990E+01
2016,4,25,16.75417,36.0663,-97.1593,1548.0,-0.99990E+01
2016,4,25,16.75444,36.0663,-97.1582,1548.0,-0.99990E+01
2016,4,25,16.75472,36.0663,-97.1573,1548.0,-0.99990E+01
2016,4,25,16.75500,36.0663,-97.1562,1548.0,-0.99990E+01
2016,4,25,16.75528,36.0662,-97.1552,1548.0,-0.99990E+01
2016,4,25,16.75556,36.0662,-97.1542,1548.0,-0.99990E+01
2016,4,25,16.75583,36.0658,-97.1530,1548.0,-0.99990E+01
2016,4,25,16.75611,36.0657,-97.1522,1548.0,-0.99990E+01
2016,4,25,16.75639,36.0653,-97.1513,1598.0,-0.99990E+01
2016,4,25,16.75667,36.0650,-97.1503,1601.0,-0.99990E+01
2016,4,25,16.75694,36.0647,-97.1495,1604.0,-0.99990E+01
2016,4,25,16.75722,36.0643,-97.1487,1606.0,-0.99990E+01
2016,4,25,16.75750,36.0640,-97.1477,1609.0,-0.99990E+01
2016,4,25,16.75778,36.0635,-97.1468,1612.0,-0.99990E+01
2016,4,25,16.75805,36.0630,-97.1462,1614.0,-0.99990E+01
2016,4,25,16.75833,36.0625,-97.1453,1617.0,-0.99990E+01
2016,4,25,16.75861,36.0618,-97.1447,1619.0,-0.99990E+01
2016,4,25,16.75889,36.0613,-97.1440,1621.0,-0.99990E+01
2016,4,25,16.75917,36.0608,-97.1435,1623.0,-0.99990E+01
2016,4,25,16.75945,36.0602,-97.1428,1626.0,-0.99990E+01
2016,4,25,16.75972,36.0595,-97.1423,1628.0,-0.99990E+01
2016,4,25,16.76000,36.0588,-97.1418,1631.0,-0.99990E+01
2016,4,25,16.76028,36.0582,-97.1415,1633.0,-0.99990E+01
2016,4,25,16.76056,36.0575,-97.1410,1635.0,-0.99990E+01
2016,4,25,16.76083,36.0568,-97.1408,1638.0,-0.99990E+01
2016,4,25,16.76111,36.0562,-97.1405,1641.0,-0.99990E+01
2016,4,25,16.76139,36.0553,-97.1403,1644.0,-0.99990E+01
2016,4,25,16.76167,36.0547,-97.1402,1647.0,-0.99990E+01
2016,4,25,16.76194,36.0540,-97.1400,1650.0,-0.99990E+01
2016,4,25,16.76222,36.0533,-97.1400,1654.0,-0.99990E+01
2016,4,25,16.76250,36.0527,-97.1400,1657.0,-0.99990E+01
2016,4,25,16.76278,36.0518,-97.1402,1662.0,-0.99990E+01
2016,4,25,16.76306,36.0513,-97.1402,1666.0,-0.99990E+01
2016,4,25,16.76333,36.0507,-97.1403,1666.0,-0.99990E+01
2016,4,25,16.76361,36.0500,-97.1407,1670.0,-0.99990E+01
2016,4,25,16.76389,36.0492,-97.1410,1675.0,-0.99990E+01
2016,4,25,16.76417,36.0487,-97.1412,1678.0,-0.99990E+01
2016,4,25,16.76444,36.0480,-97.1415,1682.0,-0.99990E+01
2016,4,25,16.76472,36.0475,-97.1420,1685.0,-0.99990E+01
2016,4,25,16.76500,36.0468,-97.1425,1689.0,-0.99990E+01
2016,4,25,16.76528,36.0463,-97.1430,1693.0,-0.99990E+01
2016,4,25,16.76556,36.0458,-97.1435,1697.0,-0.99990E+01
2016,4,25,16.76583,36.0453,-97.1440,1700.0,-0.99990E+01
2016,4,25,16.76611,36.0448,-97.1448,1705.0,-0.99990E+01
2016,4,25,16.76639,36.0445,-97.1453,1709.0,-0.99990E+01
2016,4,25,16.76667,36.0442,-97.1460,1712.0,-0.99990E+01
2016,4,25,16.76694,36.0438,-97.1467,1717.0,-0.99990E+01
2016,4,25,16.76722,36.0435,-97.1473,1721.0,-0.99990E+01
2016,4,25,16.76750,36.0433,-97.1482,1725.0,-0.99990E+01
2016,4,25,16.76778,36.0430,-97.1488,1729.0,-0.99990E+01
2016,4,25,16.76805,36.0428,-97.1497,1733.0,-0.99990E+01
2016,4,25,16.76833,36.0427,-97.1505,1738.0,-0.99990E+01
2016,4,25,16.76861,36.0425,-97.1513,1743.0,-0.99990E+01
2016,4,25,16.76889,36.0425,-97.1522,1747.0,-0.99990E+01
2016,4,25,16.76917,36.0423,-97.1530,1752.0,-0.99990E+01
2016,4,25,16.76944,36.0423,-97.1538,1757.0,-0.99990E+01
2016,4,25,16.76972,36.0422,-97.1545,1759.0,-0.99990E+01
2016,4,25,16.77000,36.0422,-97.1553,1763.0,-0.99990E+01
2016,4,25,16.77028,36.0422,-97.1562,1768.0,-0.99990E+01
2016,4,25,16.77056,36.0422,-97.1570,1772.0,-0.99990E+01
2016,4,25,16.77083,36.0422,-97.1578,1776.0,-0.99990E+01
2016,4,25,16.77111,36.0422,-97.1587,1781.0,-0.99990E+01
2016,4,25,16.77139,36.0420,-97.1595,1785.0,-0.99990E+01
2016,4,25,16.77167,36.0420,-97.1603,1789.0,-0.99990E+01
2016,4,25,16.77194,36.0420,-97.1612,1794.0,-0.99990E+01
2016,4,25,16.77222,36.0418,-97.1618,1798.0,-0.99990E+01
2016,4,25,16.77250,36.0418,-97.1627,1802.0,-0.99990E+01
2016,4,25,16.77278,36.0417,-97.1635,1807.0,-0.99990E+01
2016,4,25,16.77306,36.0417,-97.1643,1811.0,-0.99990E+01
2016,4,25,16.77333,36.0417,-97.1652,1815.0,-0.99990E+01
2016,4,25,16.77361,36.0415,-97.1660,1819.0,-0.99990E+01
2016,4,25,16.77389,36.0415,-97.1667,1823.0,-0.99990E+01
2016,4,25,16.77417,36.0415,-97.1677,1827.0,-0.99990E+01
2016,4,25,16.77444,36.0415,-97.1685,1831.0,-0.99990E+01
2016,4,25,16.77472,36.0415,-97.1693,1836.0,-0.99990E+01
2016,4,25,16.77500,36.0415,-97.1702,1841.0,-0.99990E+01
2016,4,25,16.77528,36.0415,-97.1710,1846.0,-0.99990E+01
2016,4,25,16.77555,36.0415,-97.1718,1851.0,-0.99990E+01
2016,4,25,16.77583,36.0415,-97.1727,1856.0,-0.99990E+01
2016,4,25,16.77611,36.0415,-97.1735,1862.0,-0.99990E+01
2016,4,25,16.77639,36.0415,-97.1743,1868.0,-0.99990E+01
2016,4,25,16.77667,36.0415,-97.1752,1873.0,-0.99990E+01
2016,4,25,16.77695,36.0415,-97.1760,1879.0,-0.99990E+01
2016,4,25,16.77722,36.0415,-97.1768,1884.0,-0.99990E+01
2016,4,25,16.77750,36.0415,-97.1777,1890.0,-0.99990E+01
2016,4,25,16.77778,36.0415,-97.1785,1895.0,-0.99990E+01
2016,4,25,16.77806,36.0415,-97.1793,1900.0,-0.99990E+01
2016,4,25,16.77833,36.0415,-97.1802,1905.0,-0.99990E+01
2016,4,25,16.77861,36.0413,-97.1808,1909.0,-0.99990E+01
2016,4,25,16.77889,36.0413,-97.1818,1915.0,-0.99990E+01
2016,4,25,16.77917,36.0413,-97.1825,1919.0,-0.99990E+01
2016,4,25,16.77944,36.0412,-97.1833,1924.0,-0.99990E+01
2016,4,25,16.77972,36.0410,-97.1843,1930.0,-0.99990E+01
2016,4,25,16.78000,36.0410,-97.1850,1934.0,-0.99990E+01
2016,4,25,16.78028,36.0408,-97.1857,1939.0,-0.99990E+01
2016,4,25,16.78056,36.0407,-97.1867,1945.0,-0.99990E+01
2016,4,25,16.78083,36.0407,-97.1873,1949.0,-0.99990E+01
2016,4,25,16.78111,36.0405,-97.1882,1954.0,-0.99990E+01
2016,4,25,16.78139,36.0403,-97.1890,1960.0,-0.99990E+01
2016,4,25,16.78167,36.0402,-97.1897,1963.0,-0.99990E+01
2016,4,25,16.78194,36.0402,-97.1905,1968.0,-0.99990E+01
2016,4,25,16.78222,36.0398,-97.1913,1973.0,-0.99990E+01
2016,4,25,16.78250,36.0398,-97.1920,1976.0,-0.99990E+01
2016,4,25,16.78278,36.0397,-97.1928,1980.0,-0.99990E+01
2016,4,25,16.78305,36.0395,-97.1937,1984.0,-0.99990E+01
2016,4,25,16.78333,36.0393,-97.1943,1988.0,-0.99990E+01
2016,4,25,16.78361,36.0392,-97.1952,1991.0,-0.99990E+01
2016,4,25,16.78389,36.0388,-97.1960,1995.0,-0.99990E+01
2016,4,25,16.78417,36.0387,-97.1967,1999.0,-0.99990E+01
2016,4,25,16.78444,36.0385,-97.1975,2002.0,-0.99990E+01
2016,4,25,16.78472,36.0383,-97.1983,2007.0,-0.99990E+01
2016,4,25,16.78500,36.0382,-97.1992,2010.0,-0.99990E+01
2016,4,25,16.78528,36.0380,-97.1998,2013.0,-0.99990E+01
2016,4,25,16.78555,36.0377,-97.2007,2016.0,-0.99990E+01
2016,4,25,16.78583,36.0375,-97.2015,2019.0,-0.99990E+01
2016,4,25,16.78611,36.0373,-97.2022,2021.0,-0.99990E+01
2016,4,25,16.78639,36.0372,-97.2030,2024.0,-0.99990E+01
2016,4,25,16.78667,36.0370,-97.2037,2026.0,-0.99990E+01
2016,4,25,16.78694,36.0368,-97.2043,2028.0,-0.99990E+01
2016,4,25,16.78722,36.0365,-97.2053,2031.0,-0.99990E+01
2016,4,25,16.78750,36.0363,-97.2060,2033.0,-0.99990E+01
2016,4,25,16.78778,36.0362,-97.2067,2035.0,-0.99990E+01
2016,4,25,16.78806,36.0360,-97.2077,2037.0,-0.99990E+01
2016,4,25,16.78833,36.0358,-97.2083,2038.0,-0.99990E+01
2016,4,25,16.78861,36.0355,-97.2090,2040.0,-0.99990E+01
2016,4,25,16.78889,36.0353,-97.2098,2043.0,-0.99990E+01
2016,4,25,16.78917,36.0352,-97.2107,2044.0,-0.99990E+01
2016,4,25,16.78944,36.0350,-97.2113,2046.0,-0.99990E+01
2016,4,25,16.78972,36.0347,-97.2122,2047.0,-0.99990E+01
2016,4,25,16.79000,36.0345,-97.2130,2048.0,-0.99990E+01
2016,4,25,16.79028,36.0343,-97.2137,2049.0,-0.99990E+01
2016,4,25,16.79056,36.0342,-97.2147,2050.0,-0.99990E+01
2016,4,25,16.79083,36.0340,-97.2153,2051.0,-0.99990E+01
2016,4,25,16.79111,36.0338,-97.2163,2052.0,-0.99990E+01
2016,4,25,16.79139,36.0337,-97.2170,2053.0,-0.99990E+01
2016,4,25,16.79167,36.0335,-97.2177,2054.0,-0.99990E+01
2016,4,25,16.79194,36.0333,-97.2187,2054.0,-0.99990E+01
2016,4,25,16.79222,36.0332,-97.2195,2055.0,-0.99990E+01
2016,4,25,16.79250,36.0330,-97.2202,2056.0,-0.99990E+01
2016,4,25,16.79278,36.0328,-97.2210,2057.0,-0.99990E+01
2016,4,25,16.79305,36.0327,-97.2218,2057.0,-0.99990E+01
2016,4,25,16.79333,36.0327,-97.2228,2058.0,-0.99990E+01
2016,4,25,16.79361,36.0325,-97.2237,2058.0,-0.99990E+01
2016,4,25,16.79389,36.0323,-97.2243,2058.0,-0.99990E+01
2016,4,25,16.79417,36.0322,-97.2253,2058.0,-0.99990E+01
2016,4,25,16.79444,36.0320,-97.2262,2058.0,-0.99990E+01
2016,4,25,16.79472,36.0318,-97.2270,2058.0,-0.99990E+01
2016,4,25,16.79500,36.0318,-97.2280,2058.0,-0.99990E+01
2016,4,25,16.79528,36.0317,-97.2288,2057.0,-0.99990E+01
2016,4,25,16.79556,36.0315,-97.2295,2057.0,-0.99990E+01
2016,4,25,16.79583,36.0313,-97.2305,2056.0,-0.99990E+01
2016,4,25,16.79611,36.0313,-97.2315,2056.0,-0.99990E+01
2016,4,25,16.79639,36.0312,-97.2323,2056.0,-0.99990E+01
2016,4,25,16.79667,36.0310,-97.2330,2055.0,-0.99990E+01
2016,4,25,16.79694,36.0308,-97.2340,2055.0,-0.99990E+01
2016,4,25,16.79722,36.0308,-97.2350,2055.0,-0.99990E+01
2016,4,25,16.79750,36.0307,-97.2357,2055.0,-0.99990E+01
2016,4,25,16.79778,36.0305,-97.2367,2055.0,-0.99990E+01
2016,4,25,16.79806,36.0305,-97.2377,2055.0,-0.99990E+01
2016,4,25,16.79833,36.0303,-97.2383,2055.0,-0.99990E+01
2016,4,25,16.79861,36.0302,-97.2393,2055.0,-0.99990E+01
2016,4,25,16.79889,36.0300,-97.2403,2055.0,-0.99990E+01
2016,4,25,16.79917,36.0300,-97.2410,2056.0,-0.99990E+01
2016,4,25,16.79944,36.0298,-97.2420,2056.0,-0.99990E+01
2016,4,25,16.79972,36.0297,-97.2428,2056.0,-0.99990E+01
2016,4,25,16.80000,36.0297,-97.2438,2056.0,-0.99990E+01
2016,4,25,16.80028,36.0295,-97.2448,2057.0,-0.99990E+01
2016,4,25,16.80055,36.0293,-97.2458,2057.0,-0.99990E+01
2016,4,25,16.80083,36.0293,-97.2465,2057.0,-0.99990E+01
2016,4,25,16.80111,36.0292,-97.2475,2057.0,-0.99990E+01
2016,4,25,16.80139,36.0290,-97.2485,2057.0,-0.99990E+01
2016,4,25,16.80167,36.0290,-97.2495,2057.0,-0.99990E+01
2016,4,25,16.80194,36.0288,-97.2503,2057.0,-0.99990E+01
2016,4,25,16.80222,36.0287,-97.2512,2057.0,-0.99990E+01
2016,4,25,16.80250,36.0287,-97.2522,2058.0,-0.99990E+01
2016,4,25,16.80278,36.0285,-97.2532,2058.0,-0.99990E+01
2016,4,25,16.80305,36.0283,-97.2542,2058.0,-0.99990E+01
2016,4,25,16.80333,36.0283,-97.2550,2058.0,-0.99990E+01
2016,4,25,16.80361,36.0282,-97.2558,2058.0,-0.99990E+01
2016,4,25,16.80389,36.0282,-97.2568,2058.0,-0.99990E+01
2016,4,25,16.80417,36.0280,-97.2578,2059.0,-0.99990E+01
2016,4,25,16.80444,36.0278,-97.2587,2059.0,-0.99990E+01
2016,4,25,16.80472,36.0278,-97.2597,2059.0,-0.99990E+01
2016,4,25,16.80500,36.0277,-97.2607,2060.0,-0.99990E+01
2016,4,25,16.80528,36.0275,-97.2618,2060.0,-0.99990E+01
2016,4,25,16.80556,36.0275,-97.2625,2060.0,-0.99990E+01
2016,4,25,16.80583,36.0273,-97.2635,2060.0,-0.99990E+01
2016,4,25,16.80611,36.0273,-97.2647,2060.0,-0.99990E+01
2016,4,25,16.80639,36.0272,-97.2653,2060.0,-0.99990E+01
2016,4,25,16.80667,36.0272,-97.2663,2060.0,-0.99990E+01
2016,4,25,16.80694,36.0270,-97.2673,2060.0,-0.99990E+01
2016,4,25,16.80722,36.0268,-97.2683,2060.0,-0.99990E+01
2016,4,25,16.80750,36.0268,-97.2693,2059.0,-0.99990E+01
2016,4,25,16.80778,36.0267,-97.2702,2059.0,-0.99990E+01
2016,4,25,16.80805,36.0267,-97.2712,2059.0,-0.99990E+01
2016,4,25,16.80833,36.0265,-97.2722,2058.0,-0.99990E+01
2016,4,25,16.80861,36.0265,-97.2733,2058.0,-0.99990E+01
2016,4,25,16.80889,36.0263,-97.2742,2058.0,-0.99990E+01
2016,4,25,16.80917,36.0263,-97.2752,2058.0,-0.99990E+01
2016,4,25,16.80944,36.0262,-97.2760,2057.0,-0.99990E+01
2016,4,25,16.80972,36.0262,-97.2772,2057.0,-0.99990E+01
2016,4,25,16.81000,36.0260,-97.2782,2057.0,-0.99990E+01
2016,4,25,16.81028,36.0258,-97.2793,2057.0,-0.99990E+01
2016,4,25,16.81055,36.0258,-97.2802,2057.0,-0.99990E+01
2016,4,25,16.81083,36.0258,-97.2812,2057.0,-0.99990E+01
2016,4,25,16.81111,36.0257,-97.2823,2057.0,-0.99990E+01
2016,4,25,16.81139,36.0257,-97.2832,2057.0,-0.99990E+01
2016,4,25,16.81167,36.0255,-97.2842,2057.0,-0.99990E+01
2016,4,25,16.81194,36.0255,-97.2852,2057.0,-0.99990E+01
2016,4,25,16.81222,36.0253,-97.2862,2057.0,-0.99990E+01
2016,4,25,16.81250,36.0253,-97.2872,2057.0,-0.99990E+01
2016,4,25,16.81278,36.0252,-97.2882,2057.0,-0.99990E+01
2016,4,25,16.81306,36.0252,-97.2892,2057.0,-0.99990E+01
2016,4,25,16.81333,36.0252,-97.2902,2056.0,-0.99990E+01
2016,4,25,16.81361,36.0250,-97.2913,2056.0,-0.99990E+01
2016,4,25,16.81389,36.0250,-97.2922,2055.0,-0.99990E+01
2016,4,25,16.81417,36.0248,-97.2932,2054.0,-0.99990E+01
2016,4,25,16.81444,36.0248,-97.2942,2054.0,-0.99990E+01
2016,4,25,16.81472,36.0247,-97.2952,2053.0,-0.99990E+01
2016,4,25,16.81500,36.0247,-97.2963,2052.0,-0.99990E+01
2016,4,25,16.81528,36.0247,-97.2973,2052.0,-0.99990E+01
2016,4,25,16.81556,36.0245,-97.2983,2052.0,-0.99990E+01
2016,4,25,16.81583,36.0245,-97.2993,2052.0,-0.99990E+01
2016,4,25,16.81611,36.0243,-97.3003,2052.0,-0.99990E+01
2016,4,25,16.81639,36.0243,-97.3013,2052.0,-0.99990E+01
2016,4,25,16.81667,36.0243,-97.3023,2053.0,-0.99990E+01
2016,4,25,16.81695,36.0242,-97.3035,2054.0,-0.99990E+01
2016,4,25,16.81722,36.0242,-97.3045,2054.0,-0.99990E+01
2016,4,25,16.81750,36.0240,-97.3055,2055.0,-0.99990E+01
2016,4,25,16.81778,36.0240,-97.3065,2056.0,-0.99990E+01
2016,4,25,16.81806,36.0240,-97.3075,2057.0,-0.99990E+01
2016,4,25,16.81833,36.0238,-97.3087,2057.0,-0.99990E+01
2016,4,25,16.81861,36.0238,-97.3097,2057.0,-0.99990E+01
2016,4,25,16.81889,36.0237,-97.3107,2057.0,-0.99990E+01
2016,4,25,16.81917,36.0237,-97.3118,2057.0,-0.99990E+01
2016,4,25,16.81944,36.0237,-97.3128,2057.0,-0.99990E+01
2016,4,25,16.81972,36.0235,-97.3138,2056.0,-0.99990E+01
2016,4,25,16.82000,36.0235,-97.3148,2056.0,-0.99990E+01
2016,4,25,16.82028,36.0235,-97.3158,2055.0,-0.99990E+01
2016,4,25,16.82056,36.0233,-97.3168,2055.0,-0.99990E+01
2016,4,25,16.82084,36.0233,-97.3180,2055.0,-0.99990E+01
2016,4,25,16.82111,36.0233,-97.3188,2054.0,-0.99990E+01
2016,4,25,16.82139,36.0232,-97.3200,2054.0,-0.99990E+01
2016,4,25,16.82167,36.0232,-97.3212,2053.0,-0.99990E+01
2016,4,25,16.82195,36.0230,-97.3222,2052.0,-0.99990E+01
2016,4,25,16.82222,36.0230,-97.3230,2051.0,-0.99990E+01
2016,4,25,16.82250,36.0230,-97.3243,2050.0,-0.99990E+01
2016,4,25,16.82278,36.0228,-97.3252,2050.0,-0.99990E+01
2016,4,25,16.82306,36.0228,-97.3262,2049.0,-0.99990E+01
2016,4,25,16.82333,36.0227,-97.3273,2047.0,-0.99990E+01
2016,4,25,16.82361,36.0227,-97.3283,2046.0,-0.99990E+01
2016,4,25,16.82389,36.0227,-97.3292,2044.0,-0.99990E+01
2016,4,25,16.82417,36.0227,-97.3302,2043.0,-0.99990E+01
2016,4,25,16.82445,36.0225,-97.3312,2042.0,-0.99990E+01
2016,4,25,16.82472,36.0225,-97.3323,2040.0,-0.99990E+01
2016,4,25,16.82500,36.0225,-97.3333,2038.0,-0.99990E+01
2016,4,25,16.82528,36.0223,-97.3345,2035.0,-0.99990E+01
2016,4,25,16.82556,36.0223,-97.3353,2033.0,-0.99990E+01
2016,4,25,16.82583,36.0223,-97.3363,2030.0,-0.99990E+01
2016,4,25,16.82611,36.0222,-97.3373,2027.0,-0.99990E+01
2016,4,25,16.82639,36.0222,-97.3383,2024.0,-0.99990E+01
2016,4,25,16.82667,36.0222,-97.3393,2021.0,-0.99990E+01
2016,4,25,16.82695,36.0220,-97.3405,2018.0,-0.99990E+01
2016,4,25,16.82722,36.0220,-97.3413,2015.0,-0.99990E+01
2016,4,25,16.82750,36.0220,-97.3425,2012.0,-0.99990E+01
2016,4,25,16.82778,36.0220,-97.3435,2009.0,-0.99990E+01
2016,4,25,16.82806,36.0218,-97.3445,2006.0,-0.99990E+01
2016,4,25,16.82833,36.0218,-97.3457,2003.0,-0.99990E+01
2016,4,25,16.82861,36.0218,-97.3465,2000.0,-0.99990E+01
2016,4,25,16.82889,36.0218,-97.3475,1997.0,-0.99990E+01
2016,4,25,16.82917,36.0217,-97.3485,1994.0,-0.99990E+01
2016,4,25,16.82944,36.0217,-97.3495,1991.0,-0.99990E+01
2016,4,25,16.82972,36.0217,-97.3507,1988.0,-0.99990E+01
2016,4,25,16.83000,36.0217,-97.3517,1985.0,-0.99990E+01
2016,4,25,16.83028,36.0215,-97.3527,1982.0,-0.99990E+01
2016,4,25,16.83056,36.0215,-97.3537,1979.0,-0.99990E+01
2016,4,25,16.83083,36.0215,-97.3547,1975.0,-0.99990E+01
2016,4,25,16.83111,36.0215,-97.3557,1972.0,-0.99990E+01
2016,4,25,16.83139,36.0215,-97.3567,1969.0,-0.99990E+01
2016,4,25,16.83167,36.0213,-97.3577,1966.0,-0.99990E+01
2016,4,25,16.83195,36.0213,-97.3587,1963.0,-0.99990E+01
2016,4,25,16.83222,36.0213,-97.3598,1959.0,-0.99990E+01
2016,4,25,16.83250,36.0213,-97.3608,1956.0,-0.99990E+01
2016,4,25,16.83278,36.0213,-97.3618,1953.0,-0.99990E+01
2016,4,25,16.83306,36.0213,-97.3628,1950.0,-0.99990E+01
2016,4,25,16.83333,36.0212,-97.3638,1948.0,-0.99990E+01
2016,4,25,16.83361,36.0212,-97.3648,1945.0,-0.99990E+01
2016,4,25,16.83389,36.0212,-97.3660,1942.0,-0.99990E+01
2016,4,25,16.83417,36.0212,-97.3668,1939.0,-0.99990E+01
2016,4,25,16.83445,36.0212,-97.3678,1936.0,-0.99990E+01
2016,4,25,16.83472,36.0212,-97.3688,1933.0,-0.99990E+01
2016,4,25,16.83500,36.0212,-97.3700,1930.0,-0.99990E+01
2016,4,25,16.83528,36.0210,-97.3708,1927.0,-0.99990E+01
2016,4,25,16.83556,36.0210,-97.3720,1924.0,-0.99990E+01
2016,4,25,16.83583,36.0210,-97.3730,1921.0,-0.99990E+01
2016,4,25,16.83611,36.0210,-97.3740,1918.0,-0.99990E+01
2016,4,25,16.83639,36.0210,-97.3750,1915.0,-0.99990E+01
2016,4,25,16.83667,36.0210,-97.3760,1912.0,-0.99990E+01
2016,4,25,16.83694,36.0210,-97.3768,1910.0,-0.99990E+01
2016,4,25,16.83722,36.0210,-97.3780,1907.0,-0.99990E+01
2016,4,25,16.83750,36.0208,-97.3790,1904.0,-0.99990E+01
2016,4,25,16.83778,36.0208,-97.3798,1902.0,-0.99990E+01
2016,4,25,16.83806,36.0208,-97.3810,1899.0,-0.99990E+01
2016,4,25,16.83833,36.0208,-97.3820,1897.0,-0.99990E+01
2016,4,25,16.83861,36.0208,-97.3830,1894.0,-0.99990E+01
2016,4,25,16.83889,36.0208,-97.3840,1892.0,-0.99990E+01
2016,4,25,16.83917,36.0208,-97.3850,1889.0,-0.99990E+01
2016,4,25,16.83945,36.0208,-97.3858,1887.0,-0.99990E+01
2016,4,25,16.83972,36.0208,-97.3870,1884.0,-0.99990E+01
2016,4,25,16.84000,36.0207,-97.3880,1881.0,-0.99990E+01
2016,4,25,16.84028,36.0207,-97.3890,1878.0,-0.99990E+01
2016,4,25,16.84056,36.0207,-97.3900,1875.0,-0.99990E+01
2016,4,25,16.84083,36.0207,-97.3910,1872.0,-0.99990E+01
2016,4,25,16.84111,36.0207,-97.3918,1870.0,-0.99990E+01
2016,4,25,16.84139,36.0207,-97.3930,1867.0,-0.99990E+01
2016,4,25,16.84167,36.0207,-97.3940,1864.0,-0.99990E+01
2016,4,25,16.84195,36.0207,-97.3950,1861.0,-0.99990E+01
2016,4,25,16.84222,36.0207,-97.3960,1858.0,-0.99990E+01
2016,4,25,16.84250,36.0207,-97.3970,1855.0,-0.99990E+01
2016,4,25,16.84278,36.0207,-97.3978,1852.0,-0.99990E+01
2016,4,25,16.84306,36.0207,-97.3988,1850.0,-0.99990E+01
2016,4,25,16.84333,36.0207,-97.4000,1846.0,-0.99990E+01
2016,4,25,16.84361,36.0205,-97.4008,1843.0,-0.99990E+01
2016,4,25,16.84389,36.0205,-97.4018,1841.0,-0.99990E+01
2016,4,25,16.84417,36.0205,-97.4030,1837.0,-0.99990E+01
2016,4,25,16.84444,36.0205,-97.4040,1834.0,-0.99990E+01
2016,4,25,16.84472,36.0205,-97.4047,1831.0,-0.99990E+01
2016,4,25,16.84500,36.0205,-97.4060,1827.0,-0.99990E+01
2016,4,25,16.84528,36.0205,-97.4068,1824.0,-0.99990E+01
2016,4,25,16.84556,36.0205,-97.4077,1821.0,-0.99990E+01
2016,4,25,16.84583,36.0205,-97.4088,1817.0,-0.99990E+01
2016,4,25,16.84611,36.0205,-97.4098,1814.0,-0.99990E+01
2016,4,25,16.84639,36.0205,-97.4107,1810.0,-0.99990E+01
2016,4,25,16.84667,36.0205,-97.4118,1806.0,-0.99990E+01
2016,4,25,16.84694,36.0203,-97.4128,1802.0,-0.99990E+01
2016,4,25,16.84722,36.0203,-97.4137,1799.0,-0.99990E+01
2016,4,25,16.84750,36.0203,-97.4148,1795.0,-0.99990E+01
2016,4,25,16.84778,36.0203,-97.4157,1791.0,-0.99990E+01
2016,4,25,16.84806,36.0203,-97.4167,1787.0,-0.99990E+01
2016,4,25,16.84833,36.0203,-97.4177,1783.0,-0.99990E+01
2016,4,25,16.84861,36.0203,-97.4187,1780.0,-0.99990E+01
2016,4,25,16.84889,36.0203,-97.4198,1776.0,-0.99990E+01
2016,4,25,16.84917,36.0202,-97.4207,1773.0,-0.99990E+01
2016,4,25,16.84945,36.0202,-97.4217,1770.0,-0.99990E+01
2016,4,25,16.84972,36.0202,-97.4227,1766.0,-0.99990E+01
2016,4,25,16.85000,36.0202,-97.4237,1762.0,-0.99990E+01
2016,4,25,16.85028,36.0202,-97.4247,1759.0,-0.99990E+01
2016,4,25,16.85056,36.0202,-97.4257,1755.0,-0.99990E+01
2016,4,25,16.85083,36.0202,-97.4267,1751.0,-0.99990E+01
2016,4,25,16.85111,36.0200,-97.4275,1747.0,-0.99990E+01
2016,4,25,16.85139,36.0200,-97.4287,1743.0,-0.99990E+01
2016,4,25,16.85167,36.0200,-97.4297,1739.0,-0.99990E+01
2016,4,25,16.85194,36.0200,-97.4307,1737.0,-0.99990E+01
2016,4,25,16.85222,36.0200,-97.4317,1734.0,-0.99990E+01
2016,4,25,16.85250,36.0198,-97.4327,1731.0,-0.99990E+01
2016,4,25,16.85278,36.0198,-97.4335,1729.0,-0.99990E+01
2016,4,25,16.85306,36.0198,-97.4347,1727.0,-0.99990E+01
2016,4,25,16.85333,36.0198,-97.4357,1724.0,-0.99990E+01
2016,4,25,16.85361,36.0197,-97.4365,1723.0,-0.99990E+01
2016,4,25,16.85389,36.0197,-97.4375,1721.0,-0.99990E+01
2016,4,25,16.85417,36.0197,-97.4385,1719.0,-0.99990E+01
2016,4,25,16.85444,36.0197,-97.4393,1718.0,-0.99990E+01
2016,4,25,16.85472,36.0195,-97.4405,1717.0,-0.99990E+01
2016,4,25,16.85500,36.0195,-97.4415,1716.0,-0.99990E+01
2016,4,25,16.85528,36.0195,-97.4423,1714.0,-0.99990E+01
2016,4,25,16.85556,36.0193,-97.4433,1713.0,-0.99990E+01
2016,4,25,16.85583,36.0193,-97.4443,1712.0,-0.99990E+01
2016,4,25,16.85611,36.0193,-97.4452,1710.0,-0.99990E+01
2016,4,25,16.85639,36.0193,-97.4463,1709.0,-0.99990E+01
2016,4,25,16.85667,36.0192,-97.4472,1707.0,-0.99990E+01
2016,4,25,16.85695,36.0192,-97.4482,1706.0,-0.99990E+01
2016,4,25,16.85722,36.0192,-97.4492,1704.0,-0.99990E+01
2016,4,25,16.85750,36.0192,-97.4502,1703.0,-0.99990E+01
2016,4,25,16.85778,36.0193,-97.4510,1703.0,-0.99990E+01
2016,4,25,16.85806,36.0193,-97.4522,1702.0,-0.99990E+01
2016,4,25,16.85833,36.0195,-97.4530,1702.0,-0.99990E+01
2016,4,25,16.85861,36.0197,-97.4542,1702.0,-0.99990E+01
2016,4,25,16.85889,36.0197,-97.4550,1703.0,-0.99990E+01
2016,4,25,16.85917,36.0200,-97.4560,1703.0,-0.99990E+01
2016,4,25,16.85945,36.0202,-97.4568,1704.0,-0.99990E+01
2016,4,25,16.85972,36.0205,-97.4578,1706.0,-0.99990E+01
2016,4,25,16.86000,36.0210,-97.4587,1708.0,-0.99990E+01
2016,4,25,16.86028,36.0213,-97.4595,1710.0,-0.99990E+01
2016,4,25,16.86056,36.0218,-97.4603,1712.0,-0.99990E+01
2016,4,25,16.86083,36.0223,-97.4612,1714.0,-0.99990E+01
2016,4,25,16.86111,36.0228,-97.4620,1716.0,-0.99990E+01
2016,4,25,16.86139,36.0233,-97.4628,1718.0,-0.99990E+01
2016,4,25,16.86167,36.0240,-97.4635,1720.0,-0.99990E+01
2016,4,25,16.86194,36.0245,-97.4643,1721.0,-0.99990E+01
2016,4,25,16.86222,36.0252,-97.4648,1722.0,-0.99990E+01
2016,4,25,16.86250,36.0258,-97.4655,1722.0,-0.99990E+01
2016,4,25,16.86278,36.0265,-97.4662,1723.0,-0.99990E+01
2016,4,25,16.86306,36.0272,-97.4667,1723.0,-0.99990E+01
2016,4,25,16.86333,36.0280,-97.4673,1725.0,-0.99990E+01
2016,4,25,16.86361,36.0288,-97.4678,1725.0,-0.99990E+01
2016,4,25,16.86389,36.0297,-97.4683,1726.0,-0.99990E+01
2016,4,25,16.86417,36.0303,-97.4687,1726.0,-0.99990E+01
2016,4,25,16.86444,36.0313,-97.4690,1727.0,-0.99990E+01
2016,4,25,16.86472,36.0322,-97.4693,1727.0,-0.99990E+01
2016,4,25,16.86500,36.0330,-97.4695,1728.0,-0.99990E+01
2016,4,25,16.86528,36.0340,-97.4698,1728.0,-0.99990E+01
2016,4,25,16.86556,36.0348,-97.4700,1729.0,-0.99990E+01
2016,4,25,16.86583,36.0358,-97.4702,1730.0,-0.99990E+01
2016,4,25,16.86611,36.0368,-97.4702,1731.0,-0.99990E+01
2016,4,25,16.86639,36.0377,-97.4703,1732.0,-0.99990E+01
2016,4,25,16.86667,36.0387,-97.4703,1733.0,-0.99990E+01
2016,4,25,16.86695,36.0397,-97.4703,1734.0,-0.99990E+01
2016,4,25,16.86722,36.0405,-97.4703,1734.0,-0.99990E+01
2016,4,25,16.86750,36.0415,-97.4705,1736.0,-0.99990E+01
2016,4,25,16.86778,36.0425,-97.4705,1737.0,-0.99990E+01
2016,4,25,16.86806,36.0433,-97.4705,1737.0,-0.99990E+01
2016,4,25,16.86833,36.0443,-97.4707,1737.0,-0.99990E+01
2016,4,25,16.86861,36.0453,-97.4708,1737.0,-0.99990E+01
2016,4,25,16.86889,36.0462,-97.4708,1737.0,-0.99990E+01
2016,4,25,16.86917,36.0473,-97.4710,1736.0,-0.99990E+01
2016,4,25,16.86944,36.0482,-97.4712,1735.0,-0.99990E+01
2016,4,25,16.86972,36.0492,-97.4712,1734.0,-0.99990E+01
2016,4,25,16.87000,36.0502,-97.4713,1733.0,-0.99990E+01
2016,4,25,16.87028,36.0510,-97.4713,1731.0,-0.99990E+01
2016,4,25,16.87056,36.0520,-97.4713,1730.0,-0.99990E+01
2016,4,25,16.87083,36.0528,-97.4715,1729.0,-0.99990E+01
2016,4,25,16.87111,36.0538,-97.4715,1728.0,-0.99990E+01
2016,4,25,16.87139,36.0548,-97.4715,1727.0,-0.99990E+01
2016,4,25,16.87167,36.0558,-97.4717,1726.0,-0.99990E+01
2016,4,25,16.87194,36.0568,-97.4717,1725.0,-0.99990E+01
2016,4,25,16.87222,36.0578,-97.4717,1724.0,-0.99990E+01
2016,4,25,16.87250,36.0588,-97.4718,1724.0,-0.99990E+01
2016,4,25,16.87278,36.0597,-97.4718,1723.0,-0.99990E+01
2016,4,25,16.87306,36.0607,-97.4720,1723.0,-0.99990E+01
2016,4,25,16.87333,36.0617,-97.4720,1722.0,-0.99990E+01
2016,4,25,16.87361,36.0627,-97.4722,1722.0,-0.99990E+01
2016,4,25,16.87389,36.0637,-97.4722,1722.0,-0.99990E+01
2016,4,25,16.87417,36.0647,-97.4723,1721.0,-0.99990E+01
2016,4,25,16.87444,36.0655,-97.4723,1721.0,-0.99990E+01
2016,4,25,16.87472,36.0667,-97.4725,1720.0,-0.99990E+01
2016,4,25,16.87500,36.0675,-97.4725,1720.0,-0.99990E+01
2016,4,25,16.87528,36.0687,-97.4727,1720.0,-0.99990E+01
2016,4,25,16.87556,36.0697,-97.4727,1720.0,-0.99990E+01
2016,4,25,16.87583,36.0705,-97.4728,1720.0,-0.99990E+01
2016,4,25,16.87611,36.0713,-97.4728,1719.0,-0.99990E+01
2016,4,25,16.87639,36.0725,-97.4730,1719.0,-0.99990E+01
2016,4,25,16.87667,36.0735,-97.4730,1718.0,-0.99990E+01
2016,4,25,16.87695,36.0745,-97.4732,1718.0,-0.99990E+01
2016,4,25,16.87722,36.0753,-97.4732,1718.0,-0.99990E+01
2016,4,25,16.87750,36.0765,-97.4733,1717.0,-0.99990E+01
2016,4,25,16.87778,36.0775,-97.4735,1717.0,-0.99990E+01
2016,4,25,16.87806,36.0785,-97.4735,1717.0,-0.99990E+01
2016,4,25,16.87833,36.0795,-97.4737,1717.0,-0.99990E+01
2016,4,25,16.87861,36.0803,-97.4737,1716.0,-0.99990E+01
2016,4,25,16.87889,36.0813,-97.4738,1716.0,-0.99990E+01
2016,4,25,16.87917,36.0823,-97.4738,1716.0,-0.99990E+01
2016,4,25,16.87944,36.0832,-97.4740,1716.0,-0.99990E+01
2016,4,25,16.87972,36.0842,-97.4740,1716.0,-0.99990E+01
2016,4,25,16.88000,36.0852,-97.4742,1716.0,-0.99990E+01
2016,4,25,16.88028,36.0863,-97.4743,1716.0,-0.99990E+01
2016,4,25,16.88056,36.0872,-97.4743,1715.0,-0.99990E+01
2016,4,25,16.88083,36.0882,-97.4745,1715.0,-0.99990E+01
2016,4,25,16.88111,36.0892,-97.4745,1716.0,-0.99990E+01
2016,4,25,16.88139,36.0900,-97.4747,1716.0,-0.99990E+01
2016,4,25,16.88167,36.0910,-97.4747,1716.0,-0.99990E+01
2016,4,25,16.88194,36.0920,-97.4748,1716.0,-0.99990E+01
2016,4,25,16.88222,36.0930,-97.4750,1716.0,-0.99990E+01
2016,4,25,16.88250,36.0938,-97.4750,1717.0,-0.99990E+01
2016,4,25,16.88278,36.0952,-97.4752,1717.0,-0.99990E+01
2016,4,25,16.88305,36.0958,-97.4752,1717.0,-0.99990E+01
2016,4,25,16.88333,36.0968,-97.4753,1718.0,-0.99990E+01
2016,4,25,16.88361,36.0978,-97.4755,1718.0,-0.99990E+01
2016,4,25,16.88389,36.0988,-97.4755,1719.0,-0.99990E+01
2016,4,25,16.88417,36.0998,-97.4757,1719.0,-0.99990E+01
2016,4,25,16.88445,36.1007,-97.4758,1719.0,-0.99990E+01
2016,4,25,16.88472,36.1017,-97.4758,1719.0,-0.99990E+01
2016,4,25,16.88500,36.1028,-97.4760,1720.0,-0.99990E+01
2016,4,25,16.88528,36.1037,-97.4760,1720.0,-0.99990E+01
2016,4,25,16.88556,36.1047,-97.4762,1720.0,-0.99990E+01
2016,4,25,16.88583,36.1057,-97.4763,1720.0,-0.99990E+01
2016,4,25,16.88611,36.1065,-97.4763,1720.0,-0.99990E+01
2016,4,25,16.88639,36.1077,-97.4765,1720.0,-0.99990E+01
2016,4,25,16.88667,36.1087,-97.4767,1720.0,-0.99990E+01
2016,4,25,16.88694,36.1095,-97.4768,1719.0,-0.99990E+01
2016,4,25,16.88722,36.1105,-97.4768,1719.0,-0.99990E+01
2016,4,25,16.88750,36.1113,-97.4770,1719.0,-0.99990E+01
2016,4,25,16.88778,36.1123,-97.4772,1718.0,-0.99990E+01
2016,4,25,16.88806,36.1133,-97.4772,1718.0,-0.99990E+01
2016,4,25,16.88833,36.1143,-97.4773,1718.0,-0.99990E+01
2016,4,25,16.88861,36.1153,-97.4775,1718.0,-0.99990E+01
2016,4,25,16.88889,36.1163,-97.4777,1719.0,-0.99990E+01
2016,4,25,16.88917,36.1172,-97.4777,1719.0,-0.99990E+01
2016,4,25,16.88944,36.1182,-97.4778,1719.0,-0.99990E+01
2016,4,25,16.88972,36.1192,-97.4780,1720.0,-0.99990E+01
2016,4,25,16.89000,36.1200,-97.4782,1720.0,-0.99990E+01
2016,4,25,16.89028,36.1212,-97.4783,1721.0,-0.99990E+01
2016,4,25,16.89056,36.1222,-97.4783,1721.0,-0.99990E+01
2016,4,25,16.89083,36.1230,-97.4785,1721.0,-0.99990E+01
2016,4,25,16.89111,36.1240,-97.4787,1722.0,-0.99990E+01
2016,4,25,16.89139,36.1250,-97.4788,1722.0,-0.99990E+01
2016,4,25,16.89167,36.1258,-97.4790,1721.0,-0.99990E+01
2016,4,25,16.89194,36.1270,-97.4792,1721.0,-0.99990E+01
2016,4,25,16.89222,36.1280,-97.4792,1721.0,-0.99990E+01
2016,4,25,16.89250,36.1288,-97.4793,1721.0,-0.99990E+01
2016,4,25,16.89278,36.1298,-97.4795,1720.0,-0.99990E+01
2016,4,25,16.89305,36.1308,-97.4797,1720.0,-0.99990E+01
2016,4,25,16.89333,36.1318,-97.4798,1719.0,-0.99990E+01
2016,4,25,16.89361,36.1328,-97.4800,1719.0,-0.99990E+01
2016,4,25,16.89389,36.1338,-97.4802,1719.0,-0.99990E+01
2016,4,25,16.89417,36.1348,-97.4803,1719.0,-0.99990E+01
2016,4,25,16.89444,36.1358,-97.4805,1718.0,-0.99990E+01
2016,4,25,16.89472,36.1367,-97.4807,1718.0,-0.99990E+01
2016,4,25,16.89500,36.1378,-97.4808,1718.0,-0.99990E+01
2016,4,25,16.89528,36.1387,-97.4810,1718.0,-0.99990E+01
2016,4,25,16.89556,36.1397,-97.4810,1719.0,-0.99990E+01
2016,4,25,16.89583,36.1407,-97.4812,1719.0,-0.99990E+01
2016,4,25,16.89611,36.1415,-97.4813,1719.0,-0.99990E+01
2016,4,25,16.89639,36.1425,-97.4815,1720.0,-0.99990E+01
2016,4,25,16.89667,36.1435,-97.4817,1720.0,-0.99990E+01
2016,4,25,16.89694,36.1445,-97.4818,1720.0,-0.99990E+01
2016,4,25,16.89722,36.1455,-97.4820,1721.0,-0.99990E+01
2016,4,25,16.89750,36.1463,-97.4822,1721.0,-0.99990E+01
2016,4,25,16.89778,36.1473,-97.4823,1720.0,-0.99990E+01
2016,4,25,16.89806,36.1483,-97.4825,1720.0,-0.99990E+01
2016,4,25,16.89833,36.1493,-97.4827,1719.0,-0.99990E+01
2016,4,25,16.89861,36.1502,-97.4828,1718.0,-0.99990E+01
2016,4,25,16.89889,36.1512,-97.4828,1717.0,-0.99990E+01
2016,4,25,16.89917,36.1523,-97.4830,1717.0,-0.99990E+01
2016,4,25,16.89944,36.1533,-97.4832,1716.0,-0.99990E+01
2016,4,25,16.89972,36.1543,-97.4832,1716.0,-0.99990E+01
2016,4,25,16.90000,36.1553,-97.4833,1716.0,-0.99990E+01
2016,4,25,16.90028,36.1563,-97.4833,1716.0,-0.99990E+01
2016,4,25,16.90055,36.1575,-97.4835,1716.0,-0.99990E+01
2016,4,25,16.90083,36.1583,-97.4835,1716.0,-0.99990E+01
2016,4,25,16.90111,36.1592,-97.4837,1716.0,-0.99990E+01
2016,4,25,16.90139,36.1602,-97.4837,1716.0,-0.99990E+01
2016,4,25,16.90167,36.1613,-97.4838,1716.0,-0.99990E+01
2016,4,25,16.90194,36.1623,-97.4838,1716.0,-0.99990E+01
2016,4,25,16.90222,36.1632,-97.4840,1717.0,-0.99990E+01
2016,4,25,16.90250,36.1643,-97.4840,1717.0,-0.99990E+01
2016,4,25,16.90278,36.1653,-97.4840,1717.0,-0.99990E+01
2016,4,25,16.90306,36.1663,-97.4842,1718.0,-0.99990E+01
2016,4,25,16.90333,36.1673,-97.4842,1718.0,-0.99990E+01
2016,4,25,16.90361,36.1682,-97.4842,1718.0,-0.99990E+01
2016,4,25,16.90389,36.1692,-97.4842,1718.0,-0.99990E+01
2016,4,25,16.90417,36.1702,-97.4842,1718.0,-0.99990E+01
2016,4,25,16.90444,36.1712,-97.4842,1718.0,-0.99990E+01
2016,4,25,16.90472,36.1722,-97.4842,1717.0,-0.99990E+01
2016,4,25,16.90500,36.1732,-97.4842,1717.0,-0.99990E+01
2016,4,25,16.90528,36.1742,-97.4842,1716.0,-0.99990E+01
2016,4,25,16.90556,36.1752,-97.4842,1716.0,-0.99990E+01
2016,4,25,16.90583,36.1762,-97.4842,1715.0,-0.99990E+01
2016,4,25,16.90611,36.1772,-97.4842,1715.0,-0.99990E+01
2016,4,25,16.90639,36.1782,-97.4842,1714.0,-0.99990E+01
2016,4,25,16.90667,36.1792,-97.4842,1714.0,-0.99990E+01
2016,4,25,16.90694,36.1802,-97.4842,1713.0,-0.99990E+01
2016,4,25,16.90722,36.1813,-97.4842,1713.0,-0.99990E+01
2016,4,25,16.90750,36.1822,-97.4842,1714.0,-0.99990E+01
2016,4,25,16.90778,36.1832,-97.4842,1714.0,-0.99990E+01
2016,4,25,16.90805,36.1842,-97.4840,1714.0,-0.99990E+01
2016,4,25,16.90833,36.1852,-97.4840,1715.0,-0.99990E+01
2016,4,25,16.90861,36.1862,-97.4840,1715.0,-0.99990E+01
2016,4,25,16.90889,36.1873,-97.4840,1715.0,-0.99990E+01
2016,4,25,16.90917,36.1882,-97.4840,1715.0,-0.99990E+01
2016,4,25,16.90944,36.1892,-97.4840,1715.0,-0.99990E+01
2016,4,25,16.90972,36.1903,-97.4840,1715.0,-0.99990E+01
2016,4,25,16.91000,36.1913,-97.4840,1714.0,-0.99990E+01
2016,4,25,16.91028,36.1923,-97.4838,1714.0,-0.99990E+01
2016,4,25,16.91055,36.1933,-97.4838,1713.0,-0.99990E+01
2016,4,25,16.91083,36.1943,-97.4838,1712.0,-0.99990E+01
2016,4,25,16.91111,36.1953,-97.4838,1711.0,-0.99990E+01
2016,4,25,16.91139,36.1963,-97.4838,1711.0,-0.99990E+01
2016,4,25,16.91167,36.1973,-97.4837,1710.0,-0.99990E+01
2016,4,25,16.91194,36.1983,-97.4837,1710.0,-0.99990E+01
2016,4,25,16.91222,36.1993,-97.4837,1710.0,-0.99990E+01
2016,4,25,16.91250,36.2003,-97.4837,1709.0,-0.99990E+01
2016,4,25,16.91278,36.2012,-97.4837,1709.0,-0.99990E+01
2016,4,25,16.91306,36.2023,-97.4835,1709.0,-0.99990E+01
2016,4,25,16.91333,36.2033,-97.4835,1709.0,-0.99990E+01
2016,4,25,16.91361,36.2042,-97.4835,1709.0,-0.99990E+01
2016,4,25,16.91389,36.2053,-97.4835,1710.0,-0.99990E+01
2016,4,25,16.91417,36.2063,-97.4835,1710.0,-0.99990E+01
2016,4,25,16.91444,36.2072,-97.4833,1711.0,-0.99990E+01
2016,4,25,16.91472,36.2083,-97.4833,1711.0,-0.99990E+01
2016,4,25,16.91500,36.2093,-97.4833,1712.0,-0.99990E+01
2016,4,25,16.91528,36.2103,-97.4833,1713.0,-0.99990E+01
2016,4,25,16.91556,36.2112,-97.4833,1715.0,-0.99990E+01
2016,4,25,16.91583,36.2122,-97.4833,1716.0,-0.99990E+01
2016,4,25,16.91611,36.2133,-97.4833,1718.0,-0.99990E+01
2016,4,25,16.91639,36.2143,-97.4833,1719.0,-0.99990E+01
2016,4,25,16.91667,36.2152,-97.4833,1720.0,-0.99990E+01
2016,4,25,16.91694,36.2163,-97.4833,1722.0,-0.99990E+01
2016,4,25,16.91722,36.2173,-97.4833,1723.0,-0.99990E+01
2016,4,25,16.91750,36.2182,-97.4833,1723.0,-0.99990E+01
2016,4,25,16.91778,36.2192,-97.4833,1724.0,-0.99990E+01
2016,4,25,16.91805,36.2202,-97.4833,1724.0,-0.99990E+01
2016,4,25,16.91833,36.2212,-97.4833,1723.0,-0.99990E+01
2016,4,25,16.91861,36.2223,-97.4833,1723.0,-0.99990E+01
2016,4,25,16.91889,36.2232,-97.4833,1722.0,-0.99990E+01
2016,4,25,16.91917,36.2242,-97.4833,1721.0,-0.99990E+01
2016,4,25,16.91944,36.2253,-97.4835,1720.0,-0.99990E+01
2016,4,25,16.91972,36.2262,-97.4835,1719.0,-0.99990E+01
2016,4,25,16.92000,36.2272,-97.4835,1718.0,-0.99990E+01
2016,4,25,16.92028,36.2282,-97.4835,1718.0,-0.99990E+01
2016,4,25,16.92056,36.2292,-97.4835,1717.0,-0.99990E+01
2016,4,25,16.92083,36.2300,-97.4835,1716.0,-0.99990E+01
2016,4,25,16.92111,36.2312,-97.4837,1715.0,-0.99990E+01
2016,4,25,16.92139,36.2322,-97.4837,1714.0,-0.99990E+01
2016,4,25,16.92167,36.2330,-97.4837,1714.0,-0.99990E+01
2016,4,25,16.92194,36.2342,-97.4837,1713.0,-0.99990E+01
2016,4,25,16.92222,36.2352,-97.4838,1712.0,-0.99990E+01
2016,4,25,16.92250,36.2362,-97.4838,1712.0,-0.99990E+01
2016,4,25,16.92278,36.2372,-97.4838,1711.0,-0.99990E+01
2016,4,25,16.92306,36.2382,-97.4838,1711.0,-0.99990E+01
2016,4,25,16.92333,36.2390,-97.4840,1711.0,-0.99990E+01
2016,4,25,16.92361,36.2402,-97.4840,1710.0,-0.99990E+01
2016,4,25,16.92389,36.2410,-97.4840,1710.0,-0.99990E+01
2016,4,25,16.92417,36.2422,-97.4840,1710.0,-0.99990E+01
2016,4,25,16.92444,36.2432,-97.4842,1710.0,-0.99990E+01
2016,4,25,16.92472,36.2442,-97.4842,1710.0,-0.99990E+01
2016,4,25,16.92500,36.2452,-97.4842,1709.0,-0.99990E+01
2016,4,25,16.92528,36.2462,-97.4843,1709.0,-0.99990E+01
2016,4,25,16.92555,36.2472,-97.4843,1710.0,-0.99990E+01
2016,4,25,16.92583,36.2482,-97.4843,1710.0,-0.99990E+01
2016,4,25,16.92611,36.2492,-97.4845,1711.0,-0.99990E+01
2016,4,25,16.92639,36.2502,-97.4845,1712.0,-0.99990E+01
2016,4,25,16.92667,36.2515,-97.4847,1713.0,-0.99990E+01
2016,4,25,16.92694,36.2523,-97.4847,1714.0,-0.99990E+01
2016,4,25,16.92722,36.2532,-97.4847,1715.0,-0.99990E+01
2016,4,25,16.92750,36.2542,-97.4848,1716.0,-0.99990E+01
2016,4,25,16.92778,36.2553,-97.4848,1717.0,-0.99990E+01
2016,4,25,16.92805,36.2562,-97.4848,1717.0,-0.99990E+01
2016,4,25,16.92833,36.2573,-97.4850,1718.0,-0.99990E+01
2016,4,25,16.92861,36.2582,-97.4850,1717.0,-0.99990E+01
2016,4,25,16.92889,36.2592,-97.4852,1717.0,-0.99990E+01
2016,4,25,16.92917,36.2602,-97.4852,1716.0,-0.99990E+01
2016,4,25,16.92944,36.2612,-97.4852,1715.0,-0.99990E+01
2016,4,25,16.92972,36.2622,-97.4853,1714.0,-0.99990E+01
2016,4,25,16.93000,36.2632,-97.4853,1713.0,-0.99990E+01
2016,4,25,16.93028,36.2642,-97.4855,1712.0,-0.99990E+01
2016,4,25,16.93056,36.2652,-97.4855,1711.0,-0.99990E+01
2016,4,25,16.93083,36.2662,-97.4857,1711.0,-0.99990E+01
2016,4,25,16.93111,36.2672,-97.4857,1710.0,-0.99990E+01
2016,4,25,16.93139,36.2682,-97.4858,1711.0,-0.99990E+01
2016,4,25,16.93167,36.2692,-97.4858,1711.0,-0.99990E+01
2016,4,25,16.93194,36.2702,-97.4858,1711.0,-0.99990E+01
2016,4,25,16.93222,36.2712,-97.4860,1712.0,-0.99990E+01
2016,4,25,16.93250,36.2722,-97.4860,1713.0,-0.99990E+01
2016,4,25,16.93278,36.2732,-97.4862,1714.0,-0.99990E+01
2016,4,25,16.93305,36.2742,-97.4862,1714.0,-0.99990E+01
2016,4,25,16.93333,36.2752,-97.4863,1714.0,-0.99990E+01
2016,4,25,16.93361,36.2762,-97.4863,1714.0,-0.99990E+01
2016,4,25,16.93389,36.2772,-97.4865,1714.0,-0.99990E+01
2016,4,25,16.93417,36.2782,-97.4865,1714.0,-0.99990E+01
2016,4,25,16.93444,36.2792,-97.4865,1713.0,-0.99990E+01
2016,4,25,16.93472,36.2802,-97.4867,1713.0,-0.99990E+01
2016,4,25,16.93500,36.2813,-97.4867,1712.0,-0.99990E+01
2016,4,25,16.93528,36.2822,-97.4868,1711.0,-0.99990E+01
2016,4,25,16.93555,36.2832,-97.4868,1711.0,-0.99990E+01
2016,4,25,16.93583,36.2843,-97.4870,1710.0,-0.99990E+01
2016,4,25,16.93611,36.2852,-97.4870,1709.0,-0.99990E+01
2016,4,25,16.93639,36.2865,-97.4870,1708.0,-0.99990E+01
2016,4,25,16.93667,36.2872,-97.4872,1708.0,-0.99990E+01
2016,4,25,16.93694,36.2883,-97.4872,1707.0,-0.99990E+01
2016,4,25,16.93722,36.2892,-97.4873,1707.0,-0.99990E+01
2016,4,25,16.93750,36.2903,-97.4873,1707.0,-0.99990E+01
2016,4,25,16.93778,36.2913,-97.4873,1707.0,-0.99990E+01
2016,4,25,16.93806,36.2922,-97.4875,1707.0,-0.99990E+01
2016,4,25,16.93833,36.2933,-97.4875,1707.0,-0.99990E+01
2016,4,25,16.93861,36.2943,-97.4877,1707.0,-0.99990E+01
2016,4,25,16.93889,36.2952,-97.4877,1708.0,-0.99990E+01
2016,4,25,16.93917,36.2963,-97.4877,1709.0,-0.99990E+01
2016,4,25,16.93944,36.2972,-97.4878,1709.0,-0.99990E+01
2016,4,25,16.93972,36.2982,-97.4878,1710.0,-0.99990E+01
2016,4,25,16.94000,36.2992,-97.4878,1711.0,-0.99990E+01
2016,4,25,16.94028,36.3002,-97.4880,1711.0,-0.99990E+01
2016,4,25,16.94056,36.3013,-97.4880,1712.0,-0.99990E+01
2016,4,25,16.94083,36.3022,-97.4880,1712.0,-0.99990E+01
2016,4,25,16.94111,36.3032,-97.4882,1712.0,-0.99990E+01
2016,4,25,16.94139,36.3042,-97.4882,1712.0,-0.99990E+01
2016,4,25,16.94167,36.3052,-97.4882,1712.0,-0.99990E+01
2016,4,25,16.94194,36.3062,-97.4883,1712.0,-0.99990E+01
2016,4,25,16.94222,36.3072,-97.4883,1712.0,-0.99990E+01
2016,4,25,16.94250,36.3082,-97.4883,1712.0,-0.99990E+01
2016,4,25,16.94278,36.3092,-97.4885,1712.0,-0.99990E+01
2016,4,25,16.94305,36.3100,-97.4885,1712.0,-0.99990E+01
2016,4,25,16.94333,36.3113,-97.4885,1712.0,-0.99990E+01
2016,4,25,16.94361,36.3123,-97.4887,1713.0,-0.99990E+01
2016,4,25,16.94389,36.3130,-97.4887,1713.0,-0.99990E+01
2016,4,25,16.94417,36.3142,-97.4887,1713.0,-0.99990E+01
2016,4,25,16.94444,36.3152,-97.4887,1714.0,-0.99990E+01
2016,4,25,16.94472,36.3162,-97.4888,1715.0,-0.99990E+01
2016,4,25,16.94500,36.3172,-97.4888,1716.0,-0.99990E+01
2016,4,25,16.94528,36.3180,-97.4888,1716.0,-0.99990E+01
2016,4,25,16.94555,36.3192,-97.4888,1718.0,-0.99990E+01
2016,4,25,16.94583,36.3202,-97.4888,1718.0,-0.99990E+01
2016,4,25,16.94611,36.3212,-97.4890,1719.0,-0.99990E+01
2016,4,25,16.94639,36.3220,-97.4890,1720.0,-0.99990E+01
2016,4,25,16.94667,36.3230,-97.4890,1720.0,-0.99990E+01
2016,4,25,16.94694,36.3240,-97.4890,1720.0,-0.99990E+01
2016,4,25,16.94722,36.3250,-97.4890,1720.0,-0.99990E+01
2016,4,25,16.94750,36.3260,-97.4892,1720.0,-0.99990E+01
2016,4,25,16.94778,36.3270,-97.4892,1719.0,-0.99990E+01
2016,4,25,16.94806,36.3280,-97.4892,1718.0,-0.99990E+01
2016,4,25,16.94833,36.3290,-97.4892,1717.0,-0.99990E+01
2016,4,25,16.94861,36.3300,-97.4892,1716.0,-0.99990E+01
2016,4,25,16.94889,36.3312,-97.4892,1714.0,-0.99990E+01
2016,4,25,16.94917,36.3322,-97.4892,1714.0,-0.99990E+01
2016,4,25,16.94944,36.3330,-97.4892,1713.0,-0.99990E+01
2016,4,25,16.94972,36.3342,-97.4893,1713.0,-0.99990E+01
2016,4,25,16.95000,36.3352,-97.4893,1712.0,-0.99990E+01
2016,4,25,16.95028,36.3362,-97.4893,1711.0,-0.99990E+01
2016,4,25,16.95056,36.3373,-97.4893,1710.0,-0.99990E+01
2016,4,25,16.95083,36.3382,-97.4893,1709.0,-0.99990E+01
2016,4,25,16.95111,36.3392,-97.4893,1707.0,-0.99990E+01
2016,4,25,16.95139,36.3402,-97.4893,1706.0,-0.99990E+01
2016,4,25,16.95167,36.3413,-97.4893,1704.0,-0.99990E+01
2016,4,25,16.95194,36.3423,-97.4893,1702.0,-0.99990E+01
2016,4,25,16.95222,36.3432,-97.4893,1701.0,-0.99990E+01
2016,4,25,16.95250,36.3443,-97.4895,1699.0,-0.99990E+01
2016,4,25,16.95278,36.3455,-97.4895,1698.0,-0.99990E+01
2016,4,25,16.95306,36.3465,-97.4895,1697.0,-0.99990E+01
2016,4,25,16.95333,36.3475,-97.4895,1697.0,-0.99990E+01
2016,4,25,16.95361,36.3483,-97.4895,1697.0,-0.99990E+01
2016,4,25,16.95389,36.3493,-97.4895,1698.0,-0.99990E+01
2016,4,25,16.95417,36.3503,-97.4895,1699.0,-0.99990E+01
2016,4,25,16.95444,36.3513,-97.4895,1700.0,-0.99990E+01
2016,4,25,16.95472,36.3525,-97.4895,1702.0,-0.99990E+01
2016,4,25,16.95500,36.3535,-97.4895,1704.0,-0.99990E+01
2016,4,25,16.95528,36.3545,-97.4895,1706.0,-0.99990E+01
2016,4,25,16.95556,36.3553,-97.4895,1708.0,-0.99990E+01
2016,4,25,16.95583,36.3565,-97.4895,1710.0,-0.99990E+01
2016,4,25,16.95611,36.3575,-97.4897,1712.0,-0.99990E+01
2016,4,25,16.95639,36.3585,-97.4897,1713.0,-0.99990E+01
2016,4,25,16.95667,36.3595,-97.4897,1715.0,-0.99990E+01
2016,4,25,16.95695,36.3605,-97.4897,1717.0,-0.99990E+01
2016,4,25,16.95722,36.3613,-97.4897,1718.0,-0.99990E+01
2016,4,25,16.95750,36.3623,-97.4897,1719.0,-0.99990E+01
2016,4,25,16.95778,36.3635,-97.4897,1721.0,-0.99990E+01
2016,4,25,16.95806,36.3645,-97.4897,1722.0,-0.99990E+01
2016,4,25,16.95833,36.3655,-97.4897,1723.0,-0.99990E+01
2016,4,25,16.95861,36.3665,-97.4897,1724.0,-0.99990E+01
2016,4,25,16.95889,36.3675,-97.4897,1724.0,-0.99990E+01
2016,4,25,16.95917,36.3683,-97.4897,1725.0,-0.99990E+01
2016,4,25,16.95945,36.3693,-97.4897,1725.0,-0.99990E+01
2016,4,25,16.95972,36.3705,-97.4898,1725.0,-0.99990E+01
2016,4,25,16.96000,36.3715,-97.4898,1724.0,-0.99990E+01
2016,4,25,16.96028,36.3725,-97.4898,1723.0,-0.99990E+01
2016,4,25,16.96056,36.3735,-97.4898,1722.0,-0.99990E+01
2016,4,25,16.96083,36.3745,-97.4898,1720.0,-0.99990E+01
2016,4,25,16.96111,36.3755,-97.4898,1717.0,-0.99990E+01
2016,4,25,16.96139,36.3765,-97.4900,1715.0,-0.99990E+01
2016,4,25,16.96167,36.3775,-97.4900,1714.0,-0.99990E+01
2016,4,25,16.96194,36.3785,-97.4900,1713.0,-0.99990E+01
2016,4,25,16.96222,36.3795,-97.4900,1712.0,-0.99990E+01
2016,4,25,16.96250,36.3805,-97.4902,1711.0,-0.99990E+01
2016,4,25,16.96278,36.3813,-97.4902,1711.0,-0.99990E+01
2016,4,25,16.96306,36.3825,-97.4902,1710.0,-0.99990E+01
2016,4,25,16.96334,36.3835,-97.4902,1710.0,-0.99990E+01
2016,4,25,16.96361,36.3845,-97.4903,1710.0,-0.99990E+01
2016,4,25,16.96389,36.3855,-97.4903,1709.0,-0.99990E+01
2016,4,25,16.96417,36.3867,-97.4903,1708.0,-0.99990E+01
2016,4,25,16.96445,36.3877,-97.4905,1706.0,-0.99990E+01
2016,4,25,16.96472,36.3885,-97.4905,1705.0,-0.99990E+01
2016,4,25,16.96500,36.3895,-97.4905,1704.0,-0.99990E+01
2016,4,25,16.96528,36.3905,-97.4907,1703.0,-0.99990E+01
2016,4,25,16.96556,36.3917,-97.4907,1702.0,-0.99990E+01
2016,4,25,16.96583,36.3927,-97.4907,1701.0,-0.99990E+01
2016,4,25,16.96611,36.3937,-97.4908,1701.0,-0.99990E+01
2016,4,25,16.96639,36.3947,-97.4908,1701.0,-0.99990E+01
2016,4,25,16.96667,36.3957,-97.4908,1701.0,-0.99990E+01
2016,4,25,16.96695,36.3967,-97.4910,1701.0,-0.99990E+01
2016,4,25,16.96722,36.3977,-97.4910,1701.0,-0.99990E+01
2016,4,25,16.96750,36.3988,-97.4910,1701.0,-0.99990E+01
2016,4,25,16.96778,36.3998,-97.4910,1701.0,-0.99990E+01
2016,4,25,16.96806,36.4008,-97.4912,1701.0,-0.99990E+01
2016,4,25,16.96833,36.4018,-97.4912,1701.0,-0.99990E+01
2016,4,25,16.96861,36.4028,-97.4912,1701.0,-0.99990E+01
2016,4,25,16.96889,36.4037,-97.4912,1702.0,-0.99990E+01
2016,4,25,16.96917,36.4047,-97.4913,1703.0,-0.99990E+01
2016,4,25,16.96944,36.4057,-97.4913,1705.0,-0.99990E+01
2016,4,25,16.96972,36.4068,-97.4913,1708.0,-0.99990E+01
2016,4,25,16.97000,36.4078,-97.4913,1711.0,-0.99990E+01
2016,4,25,16.97028,36.4088,-97.4913,1713.0,-0.99990E+01
2016,4,25,16.97056,36.4097,-97.4915,1715.0,-0.99990E+01
2016,4,25,16.97083,36.4107,-97.4915,1717.0,-0.99990E+01
2016,4,25,16.97111,36.4117,-97.4915,1718.0,-0.99990E+01
2016,4,25,16.97139,36.4127,-97.4915,1719.0,-0.99990E+01
2016,4,25,16.97167,36.4137,-97.4917,1720.0,-0.99990E+01
2016,4,25,16.97194,36.4147,-97.4917,1720.0,-0.99990E+01
2016,4,25,16.97222,36.4157,-97.4917,1720.0,-0.99990E+01
2016,4,25,16.97250,36.4167,-97.4917,1720.0,-0.99990E+01
2016,4,25,16.97278,36.4177,-97.4917,1720.0,-0.99990E+01
2016,4,25,16.97306,36.4187,-97.4918,1719.0,-0.99990E+01
2016,4,25,16.97333,36.4195,-97.4918,1719.0,-0.99990E+01
2016,4,25,16.97361,36.4205,-97.4918,1718.0,-0.99990E+01
2016,4,25,16.97389,36.4218,-97.4918,1717.0,-0.99990E+01
2016,4,25,16.97417,36.4225,-97.4918,1716.0,-0.99990E+01
2016,4,25,16.97445,36.4237,-97.4918,1715.0,-0.99990E+01
2016,4,25,16.97472,36.4247,-97.4920,1714.0,-0.99990E+01
2016,4,25,16.97500,36.4257,-97.4920,1713.0,-0.99990E+01
2016,4,25,16.97528,36.4268,-97.4920,1712.0,-0.99990E+01
2016,4,25,16.97556,36.4278,-97.4920,1711.0,-0.99990E+01
2016,4,25,16.97583,36.4285,-97.4920,1710.0,-0.99990E+01
2016,4,25,16.97611,36.4297,-97.4922,1710.0,-0.99990E+01
2016,4,25,16.97639,36.4307,-97.4922,1709.0,-0.99990E+01
2016,4,25,16.97667,36.4318,-97.4922,1708.0,-0.99990E+01
2016,4,25,16.97695,36.4328,-97.4922,1707.0,-0.99990E+01
2016,4,25,16.97722,36.4337,-97.4923,1707.0,-0.99990E+01
2016,4,25,16.97750,36.4348,-97.4923,1706.0,-0.99990E+01
2016,4,25,16.97778,36.4358,-97.4923,1706.0,-0.99990E+01
2016,4,25,16.97806,36.4368,-97.4923,1706.0,-0.99990E+01
2016,4,25,16.97833,36.4378,-97.4925,1706.0,-0.99990E+01
2016,4,25,16.97861,36.4387,-97.4925,1706.0,-0.99990E+01
2016,4,25,16.97889,36.4397,-97.4925,1706.0,-0.99990E+01
2016,4,25,16.97917,36.4407,-97.4925,1707.0,-0.99990E+01
2016,4,25,16.97944,36.4417,-97.4925,1708.0,-0.99990E+01
2016,4,25,16.97972,36.4428,-97.4925,1709.0,-0.99990E+01
2016,4,25,16.98000,36.4437,-97.4925,1710.0,-0.99990E+01
2016,4,25,16.98028,36.4448,-97.4925,1711.0,-0.99990E+01
2016,4,25,16.98056,36.4457,-97.4925,1712.0,-0.99990E+01
2016,4,25,16.98083,36.4467,-97.4925,1713.0,-0.99990E+01
2016,4,25,16.98111,36.4477,-97.4925,1714.0,-0.99990E+01
2016,4,25,16.98139,36.4487,-97.4925,1714.0,-0.99990E+01
2016,4,25,16.98167,36.4497,-97.4925,1715.0,-0.99990E+01
2016,4,25,16.98195,36.4508,-97.4923,1715.0,-0.99990E+01
2016,4,25,16.98222,36.4518,-97.4923,1715.0,-0.99990E+01
2016,4,25,16.98250,36.4528,-97.4923,1715.0,-0.99990E+01
2016,4,25,16.98278,36.4538,-97.4923,1715.0,-0.99990E+01
2016,4,25,16.98306,36.4548,-97.4923,1714.0,-0.99990E+01
2016,4,25,16.98333,36.4557,-97.4923,1714.0,-0.99990E+01
2016,4,25,16.98361,36.4570,-97.4922,1713.0,-0.99990E+01
2016,4,25,16.98389,36.4578,-97.4922,1713.0,-0.99990E+01
2016,4,25,16.98417,36.4588,-97.4922,1713.0,-0.99990E+01
2016,4,25,16.98445,36.4598,-97.4922,1712.0,-0.99990E+01
2016,4,25,16.98472,36.4608,-97.4922,1712.0,-0.99990E+01
2016,4,25,16.98500,36.4620,-97.4922,1712.0,-0.99990E+01
2016,4,25,16.98528,36.4630,-97.4920,1712.0,-0.99990E+01
2016,4,25,16.98556,36.4640,-97.4920,1713.0,-0.99990E+01
2016,4,25,16.98583,36.4650,-97.4920,1713.0,-0.99990E+01
2016,4,25,16.98611,36.4660,-97.4920,1713.0,-0.99990E+01
2016,4,25,16.98639,36.4670,-97.4920,1713.0,-0.99990E+01
2016,4,25,16.98667,36.4680,-97.4918,1713.0,-0.99990E+01
2016,4,25,16.98694,36.4688,-97.4918,1713.0,-0.99990E+01
2016,4,25,16.98722,36.4698,-97.4918,1713.0,-0.99990E+01
2016,4,25,16.98750,36.4710,-97.4918,1712.0,-0.99990E+01
2016,4,25,16.98778,36.4720,-97.4917,1712.0,-0.99990E+01
2016,4,25,16.98806,36.4730,-97.4917,1711.0,-0.99990E+01
2016,4,25,16.98833,36.4740,-97.4917,1711.0,-0.99990E+01
2016,4,25,16.98861,36.4750,-97.4917,1711.0,-0.99990E+01
2016,4,25,16.98889,36.4758,-97.4917,1711.0,-0.99990E+01
2016,4,25,16.98917,36.4770,-97.4915,1711.0,-0.99990E+01
2016,4,25,16.98944,36.4780,-97.4915,1712.0,-0.99990E+01
2016,4,25,16.98972,36.4790,-97.4915,1712.0,-0.99990E+01
2016,4,25,16.99000,36.4800,-97.4915,1713.0,-0.99990E+01
2016,4,25,16.99028,36.4810,-97.4913,1713.0,-0.99990E+01
2016,4,25,16.99056,36.4820,-97.4913,1714.0,-0.99990E+01
2016,4,25,16.99083,36.4832,-97.4913,1714.0,-0.99990E+01
2016,4,25,16.99111,36.4842,-97.4912,1715.0,-0.99990E+01
2016,4,25,16.99139,36.4852,-97.4912,1715.0,-0.99990E+01
2016,4,25,16.99167,36.4862,-97.4912,1715.0,-0.99990E+01
2016,4,25,16.99195,36.4873,-97.4912,1715.0,-0.99990E+01
2016,4,25,16.99222,36.4882,-97.4910,1714.0,-0.99990E+01
2016,4,25,16.99250,36.4892,-97.4910,1714.0,-0.99990E+01
2016,4,25,16.99278,36.4902,-97.4910,1714.0,-0.99990E+01
2016,4,25,16.99306,36.4912,-97.4910,1714.0,-0.99990E+01
2016,4,25,16.99333,36.4923,-97.4908,1714.0,-0.99990E+01
2016,4,25,16.99361,36.4933,-97.4908,1713.0,-0.99990E+01
2016,4,25,16.99389,36.4943,-97.4908,1713.0,-0.99990E+01
2016,4,25,16.99417,36.4953,-97.4908,1713.0,-0.99990E+01
2016,4,25,16.99444,36.4963,-97.4908,1713.0,-0.99990E+01
2016,4,25,16.99472,36.4975,-97.4907,1713.0,-0.99990E+01
2016,4,25,16.99500,36.4985,-97.4907,1713.0,-0.99990E+01
2016,4,25,16.99528,36.4993,-97.4907,1713.0,-0.99990E+01
2016,4,25,16.99556,36.5003,-97.4907,1714.0,-0.99990E+01
2016,4,25,16.99583,36.5013,-97.4905,1714.0,-0.99990E+01
2016,4,25,16.99611,36.5023,-97.4905,1714.0,-0.99990E+01
2016,4,25,16.99639,36.5035,-97.4905,1714.0,-0.99990E+01
2016,4,25,16.99667,36.5045,-97.4905,1714.0,-0.99990E+01
2016,4,25,16.99694,36.5055,-97.4905,1714.0,-0.99990E+01
2016,4,25,16.99722,36.5065,-97.4905,1714.0,-0.99990E+01
2016,4,25,16.99750,36.5075,-97.4903,1714.0,-0.99990E+01
2016,4,25,16.99778,36.5083,-97.4903,1714.0,-0.99990E+01
2016,4,25,16.99806,36.5095,-97.4903,1714.0,-0.99990E+01
2016,4,25,16.99833,36.5105,-97.4903,1714.0,-0.99990E+01
2016,4,25,16.99861,36.5115,-97.4903,1713.0,-0.99990E+01
2016,4,25,16.99889,36.5125,-97.4903,1712.0,-0.99990E+01
2016,4,25,16.99917,36.5137,-97.4903,1712.0,-0.99990E+01
2016,4,25,16.99944,36.5145,-97.4902,1711.0,-0.99990E+01
2016,4,25,16.99972,36.5155,-97.4902,1711.0,-0.99990E+01
2016,4,25,17.00000,36.5167,-97.4902,1711.0,-0.99990E+01
2016,4,25,17.00028,36.5178,-97.4902,1711.0,-0.99990E+01
2016,4,25,17.00056,36.5188,-97.4902,1711.0,-0.99990E+01
2016,4,25,17.00083,36.5197,-97.4902,1712.0,-0.99990E+01
2016,4,25,17.00111,36.5207,-97.4902,1712.0,-0.99990E+01
2016,4,25,17.00139,36.5217,-97.4902,1712.0,-0.99990E+01
2016,4,25,17.00167,36.5228,-97.4902,1712.0,-0.99990E+01
2016,4,25,17.00194,36.5238,-97.4900,1712.0,-0.99990E+01
2016,4,25,17.00222,36.5248,-97.4900,1711.0,-0.99990E+01
2016,4,25,17.00250,36.5258,-97.4900,1711.0,-0.99990E+01
2016,4,25,17.00278,36.5270,-97.4900,1710.0,-0.99990E+01
2016,4,25,17.00306,36.5278,-97.4900,1709.0,-0.99990E+01
2016,4,25,17.00333,36.5288,-97.4900,1708.0,-0.99990E+01
2016,4,25,17.00361,36.5298,-97.4900,1708.0,-0.99990E+01
2016,4,25,17.00389,36.5308,-97.4900,1708.0,-0.99990E+01
2016,4,25,17.00417,36.5320,-97.4900,1709.0,-0.99990E+01
2016,4,25,17.00444,36.5330,-97.4900,1709.0,-0.99990E+01
2016,4,25,17.00472,36.5340,-97.4900,1710.0,-0.99990E+01
2016,4,25,17.00500,36.5350,-97.4900,1711.0,-0.99990E+01
2016,4,25,17.00528,36.5360,-97.4900,1712.0,-0.99990E+01
2016,4,25,17.00556,36.5368,-97.4900,1712.0,-0.99990E+01
2016,4,25,17.00583,36.5378,-97.4900,1713.0,-0.99990E+01
2016,4,25,17.00611,36.5390,-97.4898,1713.0,-0.99990E+01
2016,4,25,17.00639,36.5400,-97.4898,1713.0,-0.99990E+01
2016,4,25,17.00667,36.5410,-97.4898,1713.0,-0.99990E+01
2016,4,25,17.00694,36.5420,-97.4898,1713.0,-0.99990E+01
2016,4,25,17.00722,36.5430,-97.4898,1713.0,-0.99990E+01
2016,4,25,17.00750,36.5440,-97.4898,1712.0,-0.99990E+01
2016,4,25,17.00778,36.5452,-97.4898,1711.0,-0.99990E+01
2016,4,25,17.00805,36.5462,-97.4898,1710.0,-0.99990E+01
2016,4,25,17.00833,36.5472,-97.4898,1709.0,-0.99990E+01
2016,4,25,17.00861,36.5483,-97.4898,1708.0,-0.99990E+01
2016,4,25,17.00889,36.5492,-97.4898,1708.0,-0.99990E+01
2016,4,25,17.00917,36.5502,-97.4898,1708.0,-0.99990E+01
2016,4,25,17.00945,36.5512,-97.4897,1708.0,-0.99990E+01
2016,4,25,17.00972,36.5522,-97.4897,1708.0,-0.99990E+01
2016,4,25,17.01000,36.5532,-97.4897,1708.0,-0.99990E+01
2016,4,25,17.01028,36.5543,-97.4897,1708.0,-0.99990E+01
2016,4,25,17.01056,36.5553,-97.4897,1709.0,-0.99990E+01
2016,4,25,17.01083,36.5563,-97.4897,1709.0,-0.99990E+01
2016,4,25,17.01111,36.5575,-97.4897,1709.0,-0.99990E+01
2016,4,25,17.01139,36.5582,-97.4897,1709.0,-0.99990E+01
2016,4,25,17.01167,36.5595,-97.4897,1709.0,-0.99990E+01
2016,4,25,17.01194,36.5603,-97.4897,1709.0,-0.99990E+01
2016,4,25,17.01222,36.5613,-97.4897,1709.0,-0.99990E+01
2016,4,25,17.01250,36.5623,-97.4895,1709.0,-0.99990E+01
2016,4,25,17.01278,36.5635,-97.4895,1708.0,-0.99990E+01
2016,4,25,17.01306,36.5643,-97.4895,1708.0,-0.99990E+01
2016,4,25,17.01333,36.5653,-97.4895,1708.0,-0.99990E+01
2016,4,25,17.01361,36.5663,-97.4895,1707.0,-0.99990E+01
2016,4,25,17.01389,36.5675,-97.4895,1707.0,-0.99990E+01
2016,4,25,17.01417,36.5685,-97.4895,1707.0,-0.99990E+01
2016,4,25,17.01444,36.5695,-97.4895,1707.0,-0.99990E+01
2016,4,25,17.01472,36.5705,-97.4895,1707.0,-0.99990E+01
2016,4,25,17.01500,36.5715,-97.4895,1707.0,-0.99990E+01
2016,4,25,17.01528,36.5725,-97.4893,1708.0,-0.99990E+01
2016,4,25,17.01556,36.5737,-97.4893,1709.0,-0.99990E+01
2016,4,25,17.01583,36.5745,-97.4893,1710.0,-0.99990E+01
2016,4,25,17.01611,36.5755,-97.4893,1710.0,-0.99990E+01
2016,4,25,17.01639,36.5765,-97.4893,1711.0,-0.99990E+01
2016,4,25,17.01667,36.5775,-97.4893,1711.0,-0.99990E+01
2016,4,25,17.01694,36.5787,-97.4893,1712.0,-0.99990E+01
2016,4,25,17.01722,36.5797,-97.4893,1712.0,-0.99990E+01
2016,4,25,17.01750,36.5807,-97.4893,1713.0,-0.99990E+01
2016,4,25,17.01778,36.5817,-97.4892,1713.0,-0.99990E+01
2016,4,25,17.01805,36.5827,-97.4892,1713.0,-0.99990E+01
2016,4,25,17.01833,36.5837,-97.4892,1713.0,-0.99990E+01
2016,4,25,17.01861,36.5847,-97.4892,1713.0,-0.99990E+01
2016,4,25,17.01889,36.5855,-97.4892,1713.0,-0.99990E+01
2016,4,25,17.01917,36.5867,-97.4892,1712.0,-0.99990E+01
2016,4,25,17.01944,36.5878,-97.4892,1712.0,-0.99990E+01
2016,4,25,17.01972,36.5888,-97.4892,1711.0,-0.99990E+01
2016,4,25,17.02000,36.5898,-97.4892,1711.0,-0.99990E+01
2016,4,25,17.02028,36.5907,-97.4892,1711.0,-0.99990E+01
2016,4,25,17.02056,36.5917,-97.4890,1710.0,-0.99990E+01
2016,4,25,17.02083,36.5927,-97.4890,1710.0,-0.99990E+01
2016,4,25,17.02111,36.5937,-97.4890,1710.0,-0.99990E+01
2016,4,25,17.02139,36.5947,-97.4890,1710.0,-0.99990E+01
2016,4,25,17.02167,36.5957,-97.4890,1710.0,-0.99990E+01
2016,4,25,17.02194,36.5967,-97.4890,1711.0,-0.99990E+01
2016,4,25,17.02222,36.5977,-97.4890,1711.0,-0.99990E+01
2016,4,25,17.02250,36.5987,-97.4890,1711.0,-0.99990E+01
2016,4,25,17.02278,36.5998,-97.4890,1711.0,-0.99990E+01
2016,4,25,17.02306,36.6008,-97.4890,1711.0,-0.99990E+01
2016,4,25,17.02333,36.6018,-97.4890,1711.0,-0.99990E+01
2016,4,25,17.02361,36.6028,-97.4890,1710.0,-0.99990E+01
2016,4,25,17.02389,36.6037,-97.4890,1710.0,-0.99990E+01
2016,4,25,17.02417,36.6047,-97.4890,1709.0,-0.99990E+01
2016,4,25,17.02444,36.6058,-97.4890,1709.0,-0.99990E+01
2016,4,25,17.02472,36.6068,-97.4890,1708.0,-0.99990E+01
2016,4,25,17.02500,36.6078,-97.4890,1708.0,-0.99990E+01
2016,4,25,17.02528,36.6090,-97.4890,1707.0,-0.99990E+01
2016,4,25,17.02555,36.6100,-97.4890,1706.0,-0.99990E+01
2016,4,25,17.02583,36.6107,-97.4890,1706.0,-0.99990E+01
2016,4,25,17.02611,36.6118,-97.4890,1706.0,-0.99990E+01
2016,4,25,17.02639,36.6128,-97.4890,1705.0,-0.99990E+01
2016,4,25,17.02667,36.6140,-97.4890,1705.0,-0.99990E+01
2016,4,25,17.02695,36.6150,-97.4890,1705.0,-0.99990E+01
2016,4,25,17.02722,36.6158,-97.4892,1706.0,-0.99990E+01
2016,4,25,17.02750,36.6170,-97.4892,1706.0,-0.99990E+01
2016,4,25,17.02778,36.6178,-97.4892,1706.0,-0.99990E+01
2016,4,25,17.02806,36.6190,-97.4892,1707.0,-0.99990E+01
2016,4,25,17.02833,36.6200,-97.4892,1707.0,-0.99990E+01
2016,4,25,17.02861,36.6208,-97.4892,1707.0,-0.99990E+01
2016,4,25,17.02889,36.6218,-97.4892,1707.0,-0.99990E+01
2016,4,25,17.02917,36.6230,-97.4892,1707.0,-0.99990E+01
2016,4,25,17.02944,36.6238,-97.4892,1707.0,-0.99990E+01
2016,4,25,17.02972,36.6248,-97.4892,1707.0,-0.99990E+01
2016,4,25,17.03000,36.6260,-97.4893,1706.0,-0.99990E+01
2016,4,25,17.03028,36.6270,-97.4893,1706.0,-0.99990E+01
2016,4,25,17.03056,36.6280,-97.4893,1706.0,-0.99990E+01
2016,4,25,17.03083,36.6290,-97.4893,1706.0,-0.99990E+01
2016,4,25,17.03111,36.6298,-97.4893,1706.0,-0.99990E+01
2016,4,25,17.03139,36.6308,-97.4893,1706.0,-0.99990E+01
2016,4,25,17.03167,36.6318,-97.4893,1706.0,-0.99990E+01
2016,4,25,17.03194,36.6330,-97.4893,1707.0,-0.99990E+01
2016,4,25,17.03222,36.6340,-97.4895,1707.0,-0.99990E+01
2016,4,25,17.03250,36.6350,-97.4895,1707.0,-0.99990E+01
2016,4,25,17.03278,36.6358,-97.4895,1708.0,-0.99990E+01
2016,4,25,17.03305,36.6368,-97.4895,1708.0,-0.99990E+01
2016,4,25,17.03333,36.6378,-97.4895,1708.0,-0.99990E+01
2016,4,25,17.03361,36.6392,-97.4895,1708.0,-0.99990E+01
2016,4,25,17.03389,36.6402,-97.4895,1709.0,-0.99990E+01
2016,4,25,17.03417,36.6410,-97.4895,1709.0,-0.99990E+01
2016,4,25,17.03444,36.6420,-97.4897,1710.0,-0.99990E+01
2016,4,25,17.03472,36.6428,-97.4897,1711.0,-0.99990E+01
2016,4,25,17.03500,36.6440,-97.4897,1712.0,-0.99990E+01
2016,4,25,17.03528,36.6450,-97.4897,1712.0,-0.99990E+01
2016,4,25,17.03555,36.6460,-97.4897,1713.0,-0.99990E+01
2016,4,25,17.03583,36.6472,-97.4897,1713.0,-0.99990E+01
2016,4,25,17.03611,36.6482,-97.4897,1713.0,-0.99990E+01
2016,4,25,17.03639,36.6490,-97.4897,1713.0,-0.99990E+01
2016,4,25,17.03667,36.6500,-97.4897,1713.0,-0.99990E+01
2016,4,25,17.03694,36.6510,-97.4897,1712.0,-0.99990E+01
2016,4,25,17.03722,36.6522,-97.4897,1712.0,-0.99990E+01
2016,4,25,17.03750,36.6532,-97.4897,1711.0,-0.99990E+01
2016,4,25,17.03778,36.6542,-97.4897,1710.0,-0.99990E+01
2016,4,25,17.03806,36.6552,-97.4898,1709.0,-0.99990E+01
2016,4,25,17.03833,36.6562,-97.4898,1708.0,-0.99990E+01
2016,4,25,17.03861,36.6572,-97.4898,1708.0,-0.99990E+01
2016,4,25,17.03889,36.6582,-97.4898,1707.0,-0.99990E+01
2016,4,25,17.03917,36.6592,-97.4898,1706.0,-0.99990E+01
2016,4,25,17.03944,36.6602,-97.4898,1705.0,-0.99990E+01
2016,4,25,17.03972,36.6612,-97.4898,1703.0,-0.99990E+01
2016,4,25,17.04000,36.6623,-97.4898,1702.0,-0.99990E+01
2016,4,25,17.04028,36.6633,-97.4900,1700.0,-0.99990E+01
2016,4,25,17.04056,36.6642,-97.4900,1699.0,-0.99990E+01
2016,4,25,17.04083,36.6652,-97.4900,1698.0,-0.99990E+01
2016,4,25,17.04111,36.6663,-97.4900,1698.0,-0.99990E+01
2016,4,25,17.04139,36.6673,-97.4900,1699.0,-0.99990E+01
2016,4,25,17.04167,36.6683,-97.4900,1700.0,-0.99990E+01
2016,4,25,17.04194,36.6695,-97.4900,1702.0,-0.99990E+01
2016,4,25,17.04222,36.6705,-97.4900,1704.0,-0.99990E+01
2016,4,25,17.04250,36.6713,-97.4900,1705.0,-0.99990E+01
2016,4,25,17.04278,36.6723,-97.4902,1707.0,-0.99990E+01
2016,4,25,17.04305,36.6733,-97.4902,1710.0,-0.99990E+01
2016,4,25,17.04333,36.6745,-97.4902,1714.0,-0.99990E+01
2016,4,25,17.04361,36.6755,-97.4902,1718.0,-0.99990E+01
2016,4,25,17.04389,36.6763,-97.4902,1722.0,-0.99990E+01
2016,4,25,17.04417,36.6775,-97.4902,1726.0,-0.99990E+01
2016,4,25,17.04444,36.6785,-97.4902,1730.0,-0.99990E+01
2016,4,25,17.04472,36.6795,-97.4902,1734.0,-0.99990E+01
2016,4,25,17.04500,36.6805,-97.4902,1738.0,-0.99990E+01
2016,4,25,17.04528,36.6813,-97.4902,1740.0,-0.99990E+01
2016,4,25,17.04556,36.6823,-97.4902,1742.0,-0.99990E+01
2016,4,25,17.04583,36.6833,-97.4902,1744.0,-0.99990E+01
2016,4,25,17.04611,36.6842,-97.4902,1745.0,-0.99990E+01
2016,4,25,17.04639,36.6852,-97.4902,1746.0,-0.99990E+01
2016,4,25,17.04667,36.6863,-97.4902,1747.0,-0.99990E+01
2016,4,25,17.04694,36.6873,-97.4902,1748.0,-0.99990E+01
2016,4,25,17.04722,36.6882,-97.4902,1748.0,-0.99990E+01
2016,4,25,17.04750,36.6892,-97.4902,1749.0,-0.99990E+01
2016,4,25,17.04778,36.6902,-97.4902,1749.0,-0.99990E+01
2016,4,25,17.04806,36.6910,-97.4902,1749.0,-0.99990E+01
2016,4,25,17.04833,36.6920,-97.4902,1749.0,-0.99990E+01
2016,4,25,17.04861,36.6932,-97.4902,1750.0,-0.99990E+01
2016,4,25,17.04889,36.6942,-97.4902,1750.0,-0.99990E+01
2016,4,25,17.04917,36.6950,-97.4902,1750.0,-0.99990E+01
2016,4,25,17.04944,36.6960,-97.4902,1751.0,-0.99990E+01
2016,4,25,17.04972,36.6970,-97.4902,1751.0,-0.99990E+01
2016,4,25,17.05000,36.6978,-97.4902,1751.0,-0.99990E+01
2016,4,25,17.05028,36.6990,-97.4902,1752.0,-0.99990E+01
2016,4,25,17.05055,36.7000,-97.4902,1753.0,-0.99990E+01
2016,4,25,17.05083,36.7008,-97.4900,1754.0,-0.99990E+01
2016,4,25,17.05111,36.7018,-97.4900,1754.0,-0.99990E+01
2016,4,25,17.05139,36.7028,-97.4900,1755.0,-0.99990E+01
2016,4,25,17.05167,36.7040,-97.4900,1755.0,-0.99990E+01
2016,4,25,17.05194,36.7048,-97.4900,1756.0,-0.99990E+01
2016,4,25,17.05222,36.7058,-97.4900,1758.0,-0.99990E+01
2016,4,25,17.05250,36.7068,-97.4900,1760.0,-0.99990E+01
2016,4,25,17.05278,36.7078,-97.4900,1762.0,-0.99990E+01
2016,4,25,17.05305,36.7088,-97.4900,1764.0,-0.99990E+01
2016,4,25,17.05333,36.7098,-97.4898,1765.0,-0.99990E+01
2016,4,25,17.05361,36.7107,-97.4898,1767.0,-0.99990E+01
2016,4,25,17.05389,36.7117,-97.4898,1769.0,-0.99990E+01
2016,4,25,17.05417,36.7127,-97.4898,1770.0,-0.99990E+01
2016,4,25,17.05444,36.7137,-97.4898,1772.0,-0.99990E+01
2016,4,25,17.05472,36.7147,-97.4897,1773.0,-0.99990E+01
2016,4,25,17.05500,36.7157,-97.4897,1773.0,-0.99990E+01
2016,4,25,17.05528,36.7167,-97.4897,1773.0,-0.99990E+01
2016,4,25,17.05556,36.7175,-97.4897,1772.0,-0.99990E+01
2016,4,25,17.05583,36.7185,-97.4897,1771.0,-0.99990E+01
2016,4,25,17.05611,36.7195,-97.4897,1769.0,-0.99990E+01
2016,4,25,17.05639,36.7203,-97.4895,1767.0,-0.99990E+01
2016,4,25,17.05667,36.7215,-97.4895,1764.0,-0.99990E+01
2016,4,25,17.05694,36.7225,-97.4895,1762.0,-0.99990E+01
2016,4,25,17.05722,36.7235,-97.4895,1761.0,-0.99990E+01
2016,4,25,17.05750,36.7245,-97.4895,1759.0,-0.99990E+01
2016,4,25,17.05778,36.7255,-97.4895,1757.0,-0.99990E+01
2016,4,25,17.05805,36.7263,-97.4895,1756.0,-0.99990E+01
2016,4,25,17.05833,36.7275,-97.4895,1755.0,-0.99990E+01
2016,4,25,17.05861,36.7285,-97.4895,1753.0,-0.99990E+01
2016,4,25,17.05889,36.7295,-97.4893,1753.0,-0.99990E+01
2016,4,25,17.05917,36.7305,-97.4893,1752.0,-0.99990E+01
2016,4,25,17.05944,36.7315,-97.4893,1752.0,-0.99990E+01
2016,4,25,17.05972,36.7325,-97.4893,1753.0,-0.99990E+01
2016,4,25,17.06000,36.7335,-97.4893,1753.0,-0.99990E+01
2016,4,25,17.06028,36.7345,-97.4893,1754.0,-0.99990E+01
2016,4,25,17.06055,36.7355,-97.4892,1754.0,-0.99990E+01
2016,4,25,17.06083,36.7365,-97.4892,1755.0,-0.99990E+01
2016,4,25,17.06111,36.7375,-97.4892,1755.0,-0.99990E+01
2016,4,25,17.06139,36.7385,-97.4892,1756.0,-0.99990E+01
2016,4,25,17.06167,36.7395,-97.4892,1757.0,-0.99990E+01
2016,4,25,17.06194,36.7403,-97.4892,1758.0,-0.99990E+01
2016,4,25,17.06222,36.7415,-97.4890,1759.0,-0.99990E+01
2016,4,25,17.06250,36.7425,-97.4890,1759.0,-0.99990E+01
2016,4,25,17.06278,36.7435,-97.4890,1760.0,-0.99990E+01
2016,4,25,17.06306,36.7445,-97.4890,1760.0,-0.99990E+01
2016,4,25,17.06333,36.7455,-97.4890,1760.0,-0.99990E+01
2016,4,25,17.06361,36.7465,-97.4890,1759.0,-0.99990E+01
2016,4,25,17.06389,36.7473,-97.4888,1759.0,-0.99990E+01
2016,4,25,17.06417,36.7485,-97.4888,1758.0,-0.99990E+01
2016,4,25,17.06444,36.7495,-97.4888,1758.0,-0.99990E+01
2016,4,25,17.06472,36.7505,-97.4888,1758.0,-0.99990E+01
2016,4,25,17.06500,36.7515,-97.4888,1758.0,-0.99990E+01
2016,4,25,17.06528,36.7525,-97.4888,1758.0,-0.99990E+01
2016,4,25,17.06556,36.7533,-97.4888,1758.0,-0.99990E+01
2016,4,25,17.06583,36.7545,-97.4888,1758.0,-0.99990E+01
2016,4,25,17.06611,36.7555,-97.4888,1759.0,-0.99990E+01
2016,4,25,17.06639,36.7565,-97.4888,1759.0,-0.99990E+01
2016,4,25,17.06667,36.7575,-97.4887,1759.0,-0.99990E+01
2016,4,25,17.06695,36.7587,-97.4887,1759.0,-0.99990E+01
2016,4,25,17.06722,36.7595,-97.4887,1759.0,-0.99990E+01
2016,4,25,17.06750,36.7605,-97.4887,1759.0,-0.99990E+01
2016,4,25,17.06778,36.7615,-97.4887,1758.0,-0.99990E+01
2016,4,25,17.06806,36.7625,-97.4887,1758.0,-0.99990E+01
2016,4,25,17.06833,36.7637,-97.4887,1758.0,-0.99990E+01
2016,4,25,17.06861,36.7647,-97.4887,1758.0,-0.99990E+01
2016,4,25,17.06889,36.7657,-97.4887,1758.0,-0.99990E+01
2016,4,25,17.06917,36.7667,-97.4887,1758.0,-0.99990E+01
2016,4,25,17.06944,36.7677,-97.4887,1759.0,-0.99990E+01
2016,4,25,17.06972,36.7687,-97.4887,1759.0,-0.99990E+01
2016,4,25,17.07000,36.7697,-97.4887,1760.0,-0.99990E+01
2016,4,25,17.07028,36.7707,-97.4887,1761.0,-0.99990E+01
2016,4,25,17.07056,36.7717,-97.4887,1761.0,-0.99990E+01
2016,4,25,17.07084,36.7725,-97.4887,1762.0,-0.99990E+01
2016,4,25,17.07111,36.7737,-97.4887,1764.0,-0.99990E+01
2016,4,25,17.07139,36.7747,-97.4887,1765.0,-0.99990E+01
2016,4,25,17.07167,36.7757,-97.4887,1767.0,-0.99990E+01
2016,4,25,17.07195,36.7767,-97.4887,1768.0,-0.99990E+01
2016,4,25,17.07222,36.7777,-97.4887,1770.0,-0.99990E+01
2016,4,25,17.07250,36.7787,-97.4887,1771.0,-0.99990E+01
2016,4,25,17.07278,36.7797,-97.4887,1773.0,-0.99990E+01
2016,4,25,17.07306,36.7805,-97.4887,1774.0,-0.99990E+01
2016,4,25,17.07333,36.7817,-97.4887,1775.0,-0.99990E+01
2016,4,25,17.07361,36.7827,-97.4887,1777.0,-0.99990E+01
2016,4,25,17.07389,36.7837,-97.4887,1778.0,-0.99990E+01
2016,4,25,17.07417,36.7847,-97.4887,1778.0,-0.99990E+01
2016,4,25,17.07445,36.7857,-97.4887,1779.0,-0.99990E+01
2016,4,25,17.07472,36.7867,-97.4887,1779.0,-0.99990E+01
2016,4,25,17.07500,36.7877,-97.4887,1778.0,-0.99990E+01
2016,4,25,17.07528,36.7888,-97.4888,1778.0,-0.99990E+01
2016,4,25,17.07556,36.7898,-97.4888,1778.0,-0.99990E+01
2016,4,25,17.07583,36.7907,-97.4888,1777.0,-0.99990E+01
2016,4,25,17.07611,36.7917,-97.4888,1777.0,-0.99990E+01
2016,4,25,17.07639,36.7927,-97.4888,1777.0,-0.99990E+01
2016,4,25,17.07667,36.7937,-97.4888,1776.0,-0.99990E+01
2016,4,25,17.07695,36.7948,-97.4890,1775.0,-0.99990E+01
2016,4,25,17.07722,36.7957,-97.4890,1775.0,-0.99990E+01
2016,4,25,17.07750,36.7968,-97.4890,1774.0,-0.99990E+01
2016,4,25,17.07778,36.7978,-97.4890,1774.0,-0.99990E+01
2016,4,25,17.07806,36.7987,-97.4890,1774.0,-0.99990E+01
2016,4,25,17.07833,36.8000,-97.4890,1774.0,-0.99990E+01
2016,4,25,17.07861,36.8007,-97.4892,1774.0,-0.99990E+01
2016,4,25,17.07889,36.8017,-97.4892,1775.0,-0.99990E+01
2016,4,25,17.07917,36.8027,-97.4892,1777.0,-0.99990E+01
2016,4,25,17.07944,36.8037,-97.4892,1779.0,-0.99990E+01
2016,4,25,17.07972,36.8047,-97.4892,1782.0,-0.99990E+01
2016,4,25,17.08000,36.8057,-97.4892,1785.0,-0.99990E+01
2016,4,25,17.08028,36.8067,-97.4892,1788.0,-0.99990E+01
2016,4,25,17.08056,36.8077,-97.4892,1792.0,-0.99990E+01
2016,4,25,17.08083,36.8087,-97.4892,1793.0,-0.99990E+01
2016,4,25,17.08111,36.8097,-97.4892,1793.0,-0.99990E+01
2016,4,25,17.08139,36.8107,-97.4892,1792.0,-0.99990E+01
2016,4,25,17.08167,36.8117,-97.4892,1790.0,-0.99990E+01
2016,4,25,17.08195,36.8127,-97.4893,1789.0,-0.99990E+01
2016,4,25,17.08222,36.8138,-97.4893,1787.0,-0.99990E+01
2016,4,25,17.08250,36.8148,-97.4893,1785.0,-0.99990E+01
2016,4,25,17.08278,36.8158,-97.4893,1783.0,-0.99990E+01
2016,4,25,17.08306,36.8168,-97.4893,1781.0,-0.99990E+01
2016,4,25,17.08333,36.8178,-97.4893,1778.0,-0.99990E+01
2016,4,25,17.08361,36.8188,-97.4893,1776.0,-0.99990E+01
2016,4,25,17.08389,36.8198,-97.4893,1773.0,-0.99990E+01
2016,4,25,17.08417,36.8207,-97.4893,1771.0,-0.99990E+01
2016,4,25,17.08445,36.8218,-97.4893,1768.0,-0.99990E+01
2016,4,25,17.08472,36.8228,-97.4893,1766.0,-0.99990E+01
2016,4,25,17.08500,36.8240,-97.4893,1764.0,-0.99990E+01
2016,4,25,17.08528,36.8250,-97.4893,1762.0,-0.99990E+01
2016,4,25,17.08556,36.8258,-97.4893,1760.0,-0.99990E+01
2016,4,25,17.08583,36.8268,-97.4895,1758.0,-0.99990E+01
2016,4,25,17.08611,36.8278,-97.4895,1756.0,-0.99990E+01
2016,4,25,17.08639,36.8290,-97.4895,1754.0,-0.99990E+01
2016,4,25,17.08667,36.8300,-97.4895,1752.0,-0.99990E+01
2016,4,25,17.08694,36.8308,-97.4897,1751.0,-0.99990E+01
2016,4,25,17.08722,36.8318,-97.4897,1748.0,-0.99990E+01
2016,4,25,17.08750,36.8328,-97.4898,1746.0,-0.99990E+01
2016,4,25,17.08778,36.8338,-97.4900,1743.0,-0.99990E+01
2016,4,25,17.08806,36.8348,-97.4902,1740.0,-0.99990E+01
2016,4,25,17.08833,36.8358,-97.4905,1736.0,-0.99990E+01
2016,4,25,17.08861,36.8367,-97.4908,1731.0,-0.99990E+01
2016,4,25,17.08889,36.8377,-97.4912,1727.0,-0.99990E+01
2016,4,25,17.08917,36.8385,-97.4917,1722.0,-0.99990E+01
2016,4,25,17.08945,36.8393,-97.4922,1718.0,-0.99990E+01
2016,4,25,17.08972,36.8403,-97.4927,1714.0,-0.99990E+01
2016,4,25,17.09000,36.8412,-97.4933,1709.0,-0.99990E+01
2016,4,25,17.09028,36.8420,-97.4940,1705.0,-0.99990E+01
2016,4,25,17.09056,36.8427,-97.4945,1703.0,-0.99990E+01
2016,4,25,17.09083,36.8435,-97.4953,1699.0,-0.99990E+01
2016,4,25,17.09111,36.8442,-97.4960,1696.0,-0.99990E+01
2016,4,25,17.09139,36.8448,-97.4970,1693.0,-0.99990E+01
2016,4,25,17.09167,36.8455,-97.4978,1689.0,-0.99990E+01
2016,4,25,17.09195,36.8462,-97.4987,1684.0,-0.99990E+01
2016,4,25,17.09222,36.8468,-97.4995,1680.0,-0.99990E+01
2016,4,25,17.09250,36.8473,-97.5005,1676.0,-0.99990E+01
2016,4,25,17.09278,36.8477,-97.5013,1673.0,-0.99990E+01
2016,4,25,17.09306,36.8482,-97.5023,1668.0,-0.99990E+01
2016,4,25,17.09333,36.8487,-97.5033,1663.0,-0.99990E+01
2016,4,25,17.09361,36.8490,-97.5045,1658.0,-0.99990E+01
2016,4,25,17.09389,36.8493,-97.5057,1652.0,-0.99990E+01
2016,4,25,17.09417,36.8498,-97.5068,1647.0,-0.99990E+01
2016,4,25,17.09444,36.8500,-97.5078,1642.0,-0.99990E+01
2016,4,25,17.09472,36.8502,-97.5088,1637.0,-0.99990E+01
2016,4,25,17.09500,36.8503,-97.5100,1632.0,-0.99990E+01
2016,4,25,17.09528,36.8505,-97.5112,1626.0,-0.99990E+01
2016,4,25,17.09556,36.8507,-97.5123,1621.0,-0.99990E+01
2016,4,25,17.09583,36.8507,-97.5133,1616.0,-0.99990E+01
2016,4,25,17.09611,36.8508,-97.5145,1611.0,-0.99990E+01
2016,4,25,17.09639,36.8508,-97.5155,1606.0,-0.99990E+01
2016,4,25,17.09667,36.8508,-97.5167,1601.0,-0.99990E+01
2016,4,25,17.09694,36.8508,-97.5178,1596.0,-0.99990E+01
2016,4,25,17.09722,36.8507,-97.5192,1591.0,-0.99990E+01
2016,4,25,17.09750,36.8507,-97.5203,1587.0,-0.99990E+01
2016,4,25,17.09778,36.8507,-97.5213,1583.0,-0.99990E+01
2016,4,25,17.09806,36.8507,-97.5225,1578.0,-0.99990E+01
2016,4,25,17.09833,36.8507,-97.5237,1573.0,-0.99990E+01
2016,4,25,17.09861,36.8507,-97.5247,1568.0,-0.99990E+01
2016,4,25,17.09889,36.8507,-97.5258,1564.0,-0.99990E+01
2016,4,25,17.09917,36.8507,-97.5270,1559.0,-0.99990E+01
2016,4,25,17.09945,36.8508,-97.5282,1553.0,-0.99990E+01
2016,4,25,17.09972,36.8510,-97.5295,1546.0,-0.99990E+01
2016,4,25,17.10000,36.8512,-97.5307,1540.0,-0.99990E+01
2016,4,25,17.10028,36.8513,-97.5318,1534.0,-0.99990E+01
2016,4,25,17.10056,36.8515,-97.5328,1527.0,-0.99990E+01
2016,4,25,17.10083,36.8518,-97.5340,1521.0,-0.99990E+01
2016,4,25,17.10111,36.8522,-97.5352,1515.0,-0.99990E+01
2016,4,25,17.10139,36.8525,-97.5362,1509.0,-0.99990E+01
2016,4,25,17.10167,36.8530,-97.5372,1503.0,-0.99990E+01
2016,4,25,17.10194,36.8535,-97.5383,1496.0,-0.99990E+01
2016,4,25,17.10222,36.8538,-97.5393,1490.0,-0.99990E+01
2016,4,25,17.10250,36.8545,-97.5403,1484.0,-0.99990E+01
2016,4,25,17.10278,36.8550,-97.5413,1477.0,-0.99990E+01
2016,4,25,17.10306,36.8557,-97.5423,1472.0,-0.99990E+01
2016,4,25,17.10333,36.8562,-97.5432,1466.0,-0.99990E+01
2016,4,25,17.10361,36.8570,-97.5442,1461.0,-0.99990E+01
2016,4,25,17.10389,36.8577,-97.5450,1456.0,-0.99990E+01
2016,4,25,17.10417,36.8583,-97.5457,1452.0,-0.99990E+01
2016,4,25,17.10444,36.8592,-97.5465,1449.0,-0.99990E+01
2016,4,25,17.10472,36.8598,-97.5472,1446.0,-0.99990E+01
2016,4,25,17.10500,36.8607,-97.5478,1443.0,-0.99990E+01
2016,4,25,17.10528,36.8615,-97.5485,1441.0,-0.99990E+01
2016,4,25,17.10556,36.8623,-97.5492,1438.0,-0.99990E+01
2016,4,25,17.10583,36.8633,-97.5497,1434.0,-0.99990E+01
2016,4,25,17.10611,36.8642,-97.5503,1431.0,-0.99990E+01
2016,4,25,17.10639,36.8652,-97.5507,1428.0,-0.99990E+01
2016,4,25,17.10667,36.8660,-97.5512,1425.0,-0.99990E+01
2016,4,25,17.10695,36.8668,-97.5515,1422.0,-0.99990E+01
2016,4,25,17.10722,36.8680,-97.5518,1419.0,-0.99990E+01
2016,4,25,17.10750,36.8688,-97.5522,1416.0,-0.99990E+01
2016,4,25,17.10778,36.8698,-97.5523,1413.0,-0.99990E+01
2016,4,25,17.10806,36.8708,-97.5525,1410.0,-0.99990E+01
2016,4,25,17.10833,36.8718,-97.5527,1408.0,-0.99990E+01
2016,4,25,17.10861,36.8728,-97.5528,1405.0,-0.99990E+01
2016,4,25,17.10889,36.8738,-97.5528,1403.0,-0.99990E+01
2016,4,25,17.10917,36.8747,-97.5528,1402.0,-0.99990E+01
2016,4,25,17.10945,36.8757,-97.5527,1400.0,-0.99990E+01
2016,4,25,17.10972,36.8768,-97.5527,1399.0,-0.99990E+01
2016,4,25,17.11000,36.8778,-97.5523,1399.0,-0.99990E+01
2016,4,25,17.11028,36.8788,-97.5522,1400.0,-0.99990E+01
2016,4,25,17.11056,36.8797,-97.5518,1400.0,-0.99990E+01
2016,4,25,17.11083,36.8807,-97.5515,1402.0,-0.99990E+01
2016,4,25,17.11111,36.8815,-97.5512,1403.0,-0.99990E+01
2016,4,25,17.11139,36.8825,-97.5507,1404.0,-0.99990E+01
2016,4,25,17.11167,36.8835,-97.5502,1405.0,-0.99990E+01
2016,4,25,17.11194,36.8842,-97.5497,1406.0,-0.99990E+01
2016,4,25,17.11222,36.8850,-97.5492,1406.0,-0.99990E+01
2016,4,25,17.11250,36.8858,-97.5487,1406.0,-0.99990E+01
2016,4,25,17.11278,36.8867,-97.5480,1405.0,-0.99990E+01
2016,4,25,17.11306,36.8875,-97.5473,1403.0,-0.99990E+01
2016,4,25,17.11333,36.8883,-97.5467,1401.0,-0.99990E+01
2016,4,25,17.11361,36.8890,-97.5458,1398.0,-0.99990E+01
2016,4,25,17.11389,36.8897,-97.5450,1395.0,-0.99990E+01
2016,4,25,17.11417,36.8903,-97.5442,1393.0,-0.99990E+01
2016,4,25,17.11444,36.8910,-97.5435,1390.0,-0.99990E+01
2016,4,25,17.11472,36.8915,-97.5427,1388.0,-0.99990E+01
2016,4,25,17.11500,36.8922,-97.5415,1387.0,-0.99990E+01
2016,4,25,17.11528,36.8927,-97.5407,1387.0,-0.99990E+01
2016,4,25,17.11556,36.8932,-97.5398,1388.0,-0.99990E+01
2016,4,25,17.11583,36.8937,-97.5387,1389.0,-0.99990E+01
2016,4,25,17.11611,36.8940,-97.5377,1389.0,-0.99990E+01
2016,4,25,17.11639,36.8943,-97.5367,1390.0,-0.99990E+01
2016,4,25,17.11667,36.8947,-97.5357,1390.0,-0.99990E+01
2016,4,25,17.11695,36.8950,-97.5345,1390.0,-0.99990E+01
2016,4,25,17.11722,36.8953,-97.5335,1389.0,-0.99990E+01
2016,4,25,17.11750,36.8955,-97.5323,1389.0,-0.99990E+01
2016,4,25,17.11778,36.8957,-97.5313,1389.0,-0.99990E+01
2016,4,25,17.11806,36.8958,-97.5303,1389.0,-0.99990E+01
2016,4,25,17.11833,36.8958,-97.5292,1389.0,-0.99990E+01
2016,4,25,17.11861,36.8958,-97.5280,1389.0,-0.99990E+01
2016,4,25,17.11889,36.8958,-97.5268,1389.0,-0.99990E+01
2016,4,25,17.11917,36.8958,-97.5258,1388.0,-0.99990E+01
2016,4,25,17.11944,36.8957,-97.5247,1388.0,-0.99990E+01
2016,4,25,17.11972,36.8955,-97.5235,1387.0,-0.99990E+01
2016,4,25,17.12000,36.8953,-97.5225,1387.0,-0.99990E+01
2016,4,25,17.12028,36.8952,-97.5215,1387.0,-0.99990E+01
2016,4,25,17.12056,36.8948,-97.5205,1388.0,-0.99990E+01
2016,4,25,17.12083,36.8947,-97.5195,1390.0,-0.99990E+01
2016,4,25,17.12111,36.8943,-97.5187,1392.0,-0.99990E+01
2016,4,25,17.12139,36.8938,-97.5177,1395.0,-0.99990E+01
2016,4,25,17.12167,36.8933,-97.5167,1397.0,-0.99990E+01
2016,4,25,17.12194,36.8930,-97.5158,1398.0,-0.99990E+01
2016,4,25,17.12222,36.8925,-97.5150,1399.0,-0.99990E+01
2016,4,25,17.12250,36.8918,-97.5142,1399.0,-0.99990E+01
2016,4,25,17.12278,36.8913,-97.5133,1400.0,-0.99990E+01
2016,4,25,17.12306,36.8907,-97.5127,1399.0,-0.99990E+01
2016,4,25,17.12333,36.8902,-97.5120,1399.0,-0.99990E+01
2016,4,25,17.12361,36.8895,-97.5112,1397.0,-0.99990E+01
2016,4,25,17.12389,36.8888,-97.5107,1395.0,-0.99990E+01
2016,4,25,17.12417,36.8880,-97.5100,1392.0,-0.99990E+01
2016,4,25,17.12444,36.8873,-97.5095,1390.0,-0.99990E+01
2016,4,25,17.12472,36.8867,-97.5090,1388.0,-0.99990E+01
2016,4,25,17.12500,36.8858,-97.5087,1386.0,-0.99990E+01
2016,4,25,17.12528,36.8848,-97.5082,1384.0,-0.99990E+01
2016,4,25,17.12556,36.8842,-97.5078,1384.0,-0.99990E+01
2016,4,25,17.12583,36.8833,-97.5075,1384.0,-0.99990E+01
2016,4,25,17.12611,36.8825,-97.5073,1384.0,-0.99990E+01
2016,4,25,17.12639,36.8817,-97.5072,1384.0,-0.99990E+01
2016,4,25,17.12667,36.8808,-97.5070,1385.0,-0.99990E+01
2016,4,25,17.12695,36.8800,-97.5068,1386.0,-0.99990E+01
2016,4,25,17.12722,36.8792,-97.5068,1388.0,-0.99990E+01
2016,4,25,17.12750,36.8783,-97.5067,1393.0,-0.99990E+01
2016,4,25,17.12778,36.8775,-97.5067,1396.0,-0.99990E+01
2016,4,25,17.12806,36.8767,-97.5067,1398.0,-0.99990E+01
2016,4,25,17.12833,36.8758,-97.5067,1400.0,-0.99990E+01
2016,4,25,17.12861,36.8750,-97.5067,1402.0,-0.99990E+01
2016,4,25,17.12889,36.8742,-97.5067,1404.0,-0.99990E+01
2016,4,25,17.12917,36.8733,-97.5067,1405.0,-0.99990E+01
2016,4,25,17.12944,36.8725,-97.5067,1405.0,-0.99990E+01
2016,4,25,17.12972,36.8717,-97.5067,1406.0,-0.99990E+01
2016,4,25,17.13000,36.8708,-97.5067,1405.0,-0.99990E+01
2016,4,25,17.13028,36.8700,-97.5067,1405.0,-0.99990E+01
2016,4,25,17.13056,36.8692,-97.5065,1404.0,-0.99990E+01
2016,4,25,17.13083,36.8682,-97.5065,1403.0,-0.99990E+01
2016,4,25,17.13111,36.8675,-97.5065,1401.0,-0.99990E+01
2016,4,25,17.13139,36.8665,-97.5063,1400.0,-0.99990E+01
2016,4,25,17.13167,36.8657,-97.5063,1399.0,-0.99990E+01
2016,4,25,17.13194,36.8648,-97.5062,1398.0,-0.99990E+01
2016,4,25,17.13222,36.8640,-97.5060,1397.0,-0.99990E+01
2016,4,25,17.13250,36.8632,-97.5058,1395.0,-0.99990E+01
2016,4,25,17.13278,36.8623,-97.5058,1394.0,-0.99990E+01
2016,4,25,17.13305,36.8615,-97.5057,1392.0,-0.99990E+01
2016,4,25,17.13333,36.8605,-97.5055,1391.0,-0.99990E+01
2016,4,25,17.13361,36.8597,-97.5053,1389.0,-0.99990E+01
2016,4,25,17.13389,36.8588,-97.5052,1388.0,-0.99990E+01
2016,4,25,17.13417,36.8580,-97.5050,1387.0,-0.99990E+01
2016,4,25,17.13445,36.8572,-97.5048,1386.0,-0.99990E+01
2016,4,25,17.13472,36.8565,-97.5047,1385.0,-0.99990E+01
2016,4,25,17.13500,36.8555,-97.5045,1385.0,-0.99990E+01
2016,4,25,17.13528,36.8547,-97.5043,1385.0,-0.99990E+01
2016,4,25,17.13556,36.8538,-97.5042,1385.0,-0.99990E+01
2016,4,25,17.13583,36.8528,-97.5038,1386.0,-0.99990E+01
2016,4,25,17.13611,36.8520,-97.5037,1386.0,-0.99990E+01
2016,4,25,17.13639,36.8513,-97.5035,1389.0,-0.99990E+01
2016,4,25,17.13667,36.8505,-97.5033,1390.0,-0.99990E+01
2016,4,25,17.13694,36.8497,-97.5032,1391.0,-0.99990E+01
2016,4,25,17.13722,36.8488,-97.5030,1392.0,-0.99990E+01
2016,4,25,17.13750,36.8480,-97.5028,1393.0,-0.99990E+01
2016,4,25,17.13778,36.8472,-97.5027,1394.0,-0.99990E+01
2016,4,25,17.13806,36.8463,-97.5025,1395.0,-0.99990E+01
2016,4,25,17.13833,36.8455,-97.5023,1396.0,-0.99990E+01
2016,4,25,17.13861,36.8447,-97.5020,1396.0,-0.99990E+01
2016,4,25,17.13889,36.8438,-97.5018,1396.0,-0.99990E+01
2016,4,25,17.13917,36.8430,-97.5017,1395.0,-0.99990E+01
2016,4,25,17.13944,36.8422,-97.5015,1395.0,-0.99990E+01
2016,4,25,17.13972,36.8413,-97.5013,1394.0,-0.99990E+01
2016,4,25,17.14000,36.8405,-97.5012,1393.0,-0.99990E+01
2016,4,25,17.14028,36.8397,-97.5010,1392.0,-0.99990E+01
2016,4,25,17.14056,36.8387,-97.5007,1391.0,-0.99990E+01
2016,4,25,17.14083,36.8380,-97.5005,1390.0,-0.99990E+01
2016,4,25,17.14111,36.8372,-97.5003,1389.0,-0.99990E+01
2016,4,25,17.14139,36.8363,-97.5002,1388.0,-0.99990E+01
2016,4,25,17.14167,36.8355,-97.5000,1387.0,-0.99990E+01
2016,4,25,17.14194,36.8347,-97.4998,1387.0,-0.99990E+01
2016,4,25,17.14222,36.8338,-97.4997,1386.0,-0.99990E+01
2016,4,25,17.14250,36.8330,-97.4993,1386.0,-0.99990E+01
2016,4,25,17.14278,36.8322,-97.4992,1386.0,-0.99990E+01
2016,4,25,17.14305,36.8313,-97.4990,1386.0,-0.99990E+01
2016,4,25,17.14333,36.8305,-97.4988,1386.0,-0.99990E+01
2016,4,25,17.14361,36.8297,-97.4987,1386.0,-0.99990E+01
2016,4,25,17.14389,36.8290,-97.4985,1387.0,-0.99990E+01
2016,4,25,17.14417,36.8280,-97.4983,1388.0,-0.99990E+01
2016,4,25,17.14444,36.8272,-97.4980,1390.0,-0.99990E+01
2016,4,25,17.14472,36.8263,-97.4978,1391.0,-0.99990E+01
2016,4,25,17.14500,36.8255,-97.4977,1392.0,-0.99990E+01
2016,4,25,17.14528,36.8248,-97.4975,1393.0,-0.99990E+01
2016,4,25,17.14556,36.8240,-97.4973,1394.0,-0.99990E+01
2016,4,25,17.14583,36.8233,-97.4972,1395.0,-0.99990E+01
2016,4,25,17.14611,36.8223,-97.4970,1396.0,-0.99990E+01
2016,4,25,17.14639,36.8215,-97.4968,1396.0,-0.99990E+01
2016,4,25,17.14667,36.8208,-97.4965,1396.0,-0.99990E+01
2016,4,25,17.14694,36.8200,-97.4963,1396.0,-0.99990E+01
2016,4,25,17.14722,36.8192,-97.4962,1396.0,-0.99990E+01
2016,4,25,17.14750,36.8183,-97.4960,1395.0,-0.99990E+01
2016,4,25,17.14778,36.8177,-97.4958,1394.0,-0.99990E+01
2016,4,25,17.14806,36.8167,-97.4957,1393.0,-0.99990E+01
2016,4,25,17.14833,36.8158,-97.4955,1392.0,-0.99990E+01
2016,4,25,17.14861,36.8150,-97.4953,1390.0,-0.99990E+01
2016,4,25,17.14889,36.8143,-97.4950,1389.0,-0.99990E+01
2016,4,25,17.14917,36.8135,-97.4948,1387.0,-0.99990E+01
2016,4,25,17.14944,36.8127,-97.4947,1385.0,-0.99990E+01
2016,4,25,17.14972,36.8118,-97.4945,1383.0,-0.99990E+01
2016,4,25,17.15000,36.8110,-97.4942,1381.0,-0.99990E+01
2016,4,25,17.15028,36.8102,-97.4940,1380.0,-0.99990E+01
2016,4,25,17.15055,36.8093,-97.4938,1380.0,-0.99990E+01
2016,4,25,17.15083,36.8087,-97.4937,1380.0,-0.99990E+01
2016,4,25,17.15111,36.8078,-97.4935,1380.0,-0.99990E+01
2016,4,25,17.15139,36.8070,-97.4932,1380.0,-0.99990E+01
2016,4,25,17.15167,36.8062,-97.4930,1381.0,-0.99990E+01
2016,4,25,17.15194,36.8053,-97.4928,1382.0,-0.99990E+01
2016,4,25,17.15222,36.8047,-97.4927,1384.0,-0.99990E+01
2016,4,25,17.15250,36.8038,-97.4925,1385.0,-0.99990E+01
2016,4,25,17.15278,36.8028,-97.4923,1387.0,-0.99990E+01
2016,4,25,17.15306,36.8020,-97.4922,1389.0,-0.99990E+01
2016,4,25,17.15333,36.8012,-97.4922,1390.0,-0.99990E+01
2016,4,25,17.15361,36.8005,-97.4920,1391.0,-0.99990E+01
2016,4,25,17.15389,36.7997,-97.4918,1393.0,-0.99990E+01
2016,4,25,17.15417,36.7988,-97.4918,1394.0,-0.99990E+01
2016,4,25,17.15444,36.7980,-97.4917,1394.0,-0.99990E+01
2016,4,25,17.15472,36.7972,-97.4915,1395.0,-0.99990E+01
2016,4,25,17.15500,36.7963,-97.4915,1396.0,-0.99990E+01
2016,4,25,17.15528,36.7955,-97.4913,1396.0,-0.99990E+01
2016,4,25,17.15556,36.7947,-97.4912,1396.0,-0.99990E+01
2016,4,25,17.15583,36.7940,-97.4912,1395.0,-0.99990E+01
2016,4,25,17.15611,36.7932,-97.4910,1394.0,-0.99990E+01
2016,4,25,17.15639,36.7923,-97.4908,1393.0,-0.99990E+01
2016,4,25,17.15667,36.7913,-97.4907,1391.0,-0.99990E+01
2016,4,25,17.15694,36.7905,-97.4907,1390.0,-0.99990E+01
2016,4,25,17.15722,36.7898,-97.4905,1389.0,-0.99990E+01
2016,4,25,17.15750,36.7890,-97.4905,1388.0,-0.99990E+01
2016,4,25,17.15778,36.7882,-97.4903,1386.0,-0.99990E+01
2016,4,25,17.15805,36.7873,-97.4902,1385.0,-0.99990E+01
2016,4,25,17.15833,36.7863,-97.4900,1384.0,-0.99990E+01
2016,4,25,17.15861,36.7855,-97.4900,1383.0,-0.99990E+01
2016,4,25,17.15889,36.7847,-97.4898,1382.0,-0.99990E+01
2016,4,25,17.15917,36.7838,-97.4897,1382.0,-0.99990E+01
2016,4,25,17.15944,36.7832,-97.4897,1382.0,-0.99990E+01
2016,4,25,17.15972,36.7823,-97.4895,1383.0,-0.99990E+01
2016,4,25,17.16000,36.7813,-97.4893,1384.0,-0.99990E+01
2016,4,25,17.16028,36.7805,-97.4892,1384.0,-0.99990E+01
2016,4,25,17.16055,36.7798,-97.4892,1385.0,-0.99990E+01
2016,4,25,17.16083,36.7790,-97.4890,1386.0,-0.99990E+01
2016,4,25,17.16111,36.7782,-97.4888,1387.0,-0.99990E+01
2016,4,25,17.16139,36.7773,-97.4888,1389.0,-0.99990E+01
2016,4,25,17.16167,36.7763,-97.4887,1390.0,-0.99990E+01
2016,4,25,17.16194,36.7757,-97.4885,1391.0,-0.99990E+01
2016,4,25,17.16222,36.7748,-97.4885,1392.0,-0.99990E+01
2016,4,25,17.16250,36.7740,-97.4883,1393.0,-0.99990E+01
2016,4,25,17.16278,36.7732,-97.4882,1394.0,-0.99990E+01
2016,4,25,17.16306,36.7723,-97.4882,1395.0,-0.99990E+01
2016,4,25,17.16333,36.7715,-97.4880,1395.0,-0.99990E+01
2016,4,25,17.16361,36.7707,-97.4878,1395.0,-0.99990E+01
2016,4,25,17.16389,36.7698,-97.4877,1395.0,-0.99990E+01
2016,4,25,17.16417,36.7690,-97.4877,1395.0,-0.99990E+01
2016,4,25,17.16444,36.7682,-97.4875,1395.0,-0.99990E+01
2016,4,25,17.16472,36.7673,-97.4873,1395.0,-0.99990E+01
2016,4,25,17.16500,36.7667,-97.4873,1395.0,-0.99990E+01
2016,4,25,17.16528,36.7658,-97.4872,1394.0,-0.99990E+01
2016,4,25,17.16556,36.7648,-97.4872,1394.0,-0.99990E+01
2016,4,25,17.16583,36.7640,-97.4870,1394.0,-0.99990E+01
2016,4,25,17.16611,36.7632,-97.4870,1393.0,-0.99990E+01
2016,4,25,17.16639,36.7623,-97.4868,1393.0,-0.99990E+01
2016,4,25,17.16667,36.7615,-97.4868,1393.0,-0.99990E+01
2016,4,25,17.16694,36.7607,-97.4868,1392.0,-0.99990E+01
2016,4,25,17.16722,36.7598,-97.4868,1392.0,-0.99990E+01
2016,4,25,17.16750,36.7590,-97.4867,1391.0,-0.99990E+01
2016,4,25,17.16778,36.7582,-97.4867,1390.0,-0.99990E+01
2016,4,25,17.16805,36.7573,-97.4867,1390.0,-0.99990E+01
2016,4,25,17.16833,36.7565,-97.4867,1389.0,-0.99990E+01
2016,4,25,17.16861,36.7557,-97.4865,1389.0,-0.99990E+01
2016,4,25,17.16889,36.7548,-97.4865,1388.0,-0.99990E+01
2016,4,25,17.16917,36.7540,-97.4865,1388.0,-0.99990E+01
2016,4,25,17.16944,36.7532,-97.4865,1388.0,-0.99990E+01
2016,4,25,17.16972,36.7522,-97.4863,1387.0,-0.99990E+01
2016,4,25,17.17000,36.7513,-97.4863,1387.0,-0.99990E+01
2016,4,25,17.17028,36.7507,-97.4863,1387.0,-0.99990E+01
2016,4,25,17.17056,36.7498,-97.4863,1387.0,-0.99990E+01
2016,4,25,17.17083,36.7490,-97.4863,1387.0,-0.99990E+01
2016,4,25,17.17111,36.7480,-97.4862,1388.0,-0.99990E+01
2016,4,25,17.17139,36.7472,-97.4862,1388.0,-0.99990E+01
2016,4,25,17.17167,36.7463,-97.4862,1389.0,-0.99990E+01
2016,4,25,17.17194,36.7455,-97.4862,1389.0,-0.99990E+01
2016,4,25,17.17222,36.7447,-97.4860,1390.0,-0.99990E+01
2016,4,25,17.17250,36.7438,-97.4860,1390.0,-0.99990E+01
2016,4,25,17.17278,36.7430,-97.4860,1391.0,-0.99990E+01
2016,4,25,17.17306,36.7422,-97.4860,1390.0,-0.99990E+01
2016,4,25,17.17333,36.7412,-97.4858,1390.0,-0.99990E+01
2016,4,25,17.17361,36.7403,-97.4858,1390.0,-0.99990E+01
2016,4,25,17.17389,36.7397,-97.4858,1390.0,-0.99990E+01
2016,4,25,17.17417,36.7388,-97.4858,1390.0,-0.99990E+01
2016,4,25,17.17444,36.7380,-97.4857,1390.0,-0.99990E+01
2016,4,25,17.17472,36.7370,-97.4857,1390.0,-0.99990E+01
2016,4,25,17.17500,36.7362,-97.4857,1391.0,-0.99990E+01
2016,4,25,17.17528,36.7352,-97.4857,1392.0,-0.99990E+01
2016,4,25,17.17555,36.7345,-97.4855,1392.0,-0.99990E+01
2016,4,25,17.17583,36.7337,-97.4855,1391.0,-0.99990E+01
2016,4,25,17.17611,36.7328,-97.4855,1391.0,-0.99990E+01
2016,4,25,17.17639,36.7320,-97.4855,1390.0,-0.99990E+01
2016,4,25,17.17667,36.7312,-97.4853,1389.0,-0.99990E+01
2016,4,25,17.17694,36.7302,-97.4853,1387.0,-0.99990E+01
2016,4,25,17.17722,36.7293,-97.4853,1387.0,-0.99990E+01
2016,4,25,17.17750,36.7283,-97.4853,1386.0,-0.99990E+01
2016,4,25,17.17778,36.7275,-97.4852,1385.0,-0.99990E+01
2016,4,25,17.17805,36.7268,-97.4852,1385.0,-0.99990E+01
2016,4,25,17.17833,36.7258,-97.4852,1385.0,-0.99990E+01
2016,4,25,17.17861,36.7250,-97.4852,1385.0,-0.99990E+01
2016,4,25,17.17889,36.7242,-97.4850,1385.0,-0.99990E+01
2016,4,25,17.17917,36.7233,-97.4850,1384.0,-0.99990E+01
2016,4,25,17.17944,36.7225,-97.4850,1384.0,-0.99990E+01
2016,4,25,17.17972,36.7217,-97.4850,1384.0,-0.99990E+01
2016,4,25,17.18000,36.7208,-97.4850,1383.0,-0.99990E+01
2016,4,25,17.18028,36.7200,-97.4848,1384.0,-0.99990E+01
2016,4,25,17.18056,36.7192,-97.4848,1384.0,-0.99990E+01
2016,4,25,17.18083,36.7183,-97.4848,1385.0,-0.99990E+01
2016,4,25,17.18111,36.7175,-97.4848,1386.0,-0.99990E+01
2016,4,25,17.18139,36.7165,-97.4848,1388.0,-0.99990E+01
2016,4,25,17.18167,36.7158,-97.4848,1389.0,-0.99990E+01
2016,4,25,17.18194,36.7150,-97.4848,1389.0,-0.99990E+01
2016,4,25,17.18222,36.7140,-97.4848,1389.0,-0.99990E+01
2016,4,25,17.18250,36.7132,-97.4848,1389.0,-0.99990E+01
2016,4,25,17.18278,36.7123,-97.4848,1389.0,-0.99990E+01
2016,4,25,17.18305,36.7115,-97.4848,1390.0,-0.99990E+01
2016,4,25,17.18333,36.7108,-97.4848,1390.0,-0.99990E+01
2016,4,25,17.18361,36.7098,-97.4848,1390.0,-0.99990E+01
2016,4,25,17.18389,36.7092,-97.4848,1390.0,-0.99990E+01
2016,4,25,17.18417,36.7082,-97.4848,1390.0,-0.99990E+01
2016,4,25,17.18444,36.7073,-97.4848,1390.0,-0.99990E+01
2016,4,25,17.18472,36.7065,-97.4848,1390.0,-0.99990E+01
2016,4,25,17.18500,36.7057,-97.4848,1390.0,-0.99990E+01
2016,4,25,17.18528,36.7047,-97.4848,1390.0,-0.99990E+01
2016,4,25,17.18555,36.7040,-97.4848,1390.0,-0.99990E+01
2016,4,25,17.18583,36.7030,-97.4848,1390.0,-0.99990E+01
2016,4,25,17.18611,36.7023,-97.4848,1390.0,-0.99990E+01
2016,4,25,17.18639,36.7015,-97.4848,1389.0,-0.99990E+01
2016,4,25,17.18667,36.7007,-97.4848,1389.0,-0.99990E+01
2016,4,25,17.18694,36.6998,-97.4848,1388.0,-0.99990E+01
2016,4,25,17.18722,36.6990,-97.4847,1388.0,-0.99990E+01
2016,4,25,17.18750,36.6982,-97.4847,1388.0,-0.99990E+01
2016,4,25,17.18778,36.6973,-97.4847,1388.0,-0.99990E+01
2016,4,25,17.18806,36.6965,-97.4847,1388.0,-0.99990E+01
2016,4,25,17.18833,36.6957,-97.4847,1388.0,-0.99990E+01
2016,4,25,17.18861,36.6947,-97.4847,1388.0,-0.99990E+01
2016,4,25,17.18889,36.6940,-97.4847,1388.0,-0.99990E+01
2016,4,25,17.18917,36.6932,-97.4847,1388.0,-0.99990E+01
2016,4,25,17.18944,36.6922,-97.4847,1387.0,-0.99990E+01
2016,4,25,17.18972,36.6913,-97.4847,1387.0,-0.99990E+01
2016,4,25,17.19000,36.6905,-97.4847,1386.0,-0.99990E+01
2016,4,25,17.19028,36.6897,-97.4847,1386.0,-0.99990E+01
2016,4,25,17.19056,36.6890,-97.4847,1385.0,-0.99990E+01
2016,4,25,17.19083,36.6882,-97.4847,1384.0,-0.99990E+01
2016,4,25,17.19111,36.6872,-97.4847,1383.0,-0.99990E+01
2016,4,25,17.19139,36.6863,-97.4847,1383.0,-0.99990E+01
2016,4,25,17.19167,36.6855,-97.4847,1382.0,-0.99990E+01
2016,4,25,17.19194,36.6845,-97.4847,1382.0,-0.99990E+01
2016,4,25,17.19222,36.6838,-97.4847,1382.0,-0.99990E+01
2016,4,25,17.19250,36.6830,-97.4847,1382.0,-0.99990E+01
2016,4,25,17.19278,36.6822,-97.4847,1382.0,-0.99990E+01
2016,4,25,17.19305,36.6813,-97.4847,1382.0,-0.99990E+01
2016,4,25,17.19333,36.6803,-97.4847,1382.0,-0.99990E+01
2016,4,25,17.19361,36.6795,-97.4847,1382.0,-0.99990E+01
2016,4,25,17.19389,36.6788,-97.4847,1382.0,-0.99990E+01
2016,4,25,17.19417,36.6780,-97.4847,1383.0,-0.99990E+01
2016,4,25,17.19444,36.6772,-97.4847,1384.0,-0.99990E+01
2016,4,25,17.19472,36.6762,-97.4847,1385.0,-0.99990E+01
2016,4,25,17.19500,36.6753,-97.4847,1386.0,-0.99990E+01
2016,4,25,17.19528,36.6747,-97.4847,1387.0,-0.99990E+01
2016,4,25,17.19555,36.6738,-97.4847,1388.0,-0.99990E+01
2016,4,25,17.19583,36.6730,-97.4847,1388.0,-0.99990E+01
2016,4,25,17.19611,36.6722,-97.4847,1390.0,-0.99990E+01
2016,4,25,17.19639,36.6713,-97.4847,1392.0,-0.99990E+01
2016,4,25,17.19667,36.6705,-97.4847,1394.0,-0.99990E+01
2016,4,25,17.19694,36.6697,-97.4847,1396.0,-0.99990E+01
2016,4,25,17.19722,36.6688,-97.4847,1396.0,-0.99990E+01
2016,4,25,17.19750,36.6680,-97.4847,1397.0,-0.99990E+01
2016,4,25,17.19778,36.6672,-97.4847,1396.0,-0.99990E+01
2016,4,25,17.19806,36.6663,-97.4847,1396.0,-0.99990E+01
2016,4,25,17.19833,36.6655,-97.4847,1395.0,-0.99990E+01
2016,4,25,17.19861,36.6647,-97.4847,1394.0,-0.99990E+01
2016,4,25,17.19889,36.6638,-97.4847,1393.0,-0.99990E+01
2016,4,25,17.19917,36.6630,-97.4847,1392.0,-0.99990E+01
2016,4,25,17.19944,36.6622,-97.4845,1391.0,-0.99990E+01
2016,4,25,17.19972,36.6613,-97.4847,1390.0,-0.99990E+01
2016,4,25,17.20000,36.6605,-97.4847,1390.0,-0.99990E+01
2016,4,25,17.20028,36.6595,-97.4847,1389.0,-0.99990E+01
2016,4,25,17.20056,36.6587,-97.4847,1389.0,-0.99990E+01
2016,4,25,17.20083,36.6578,-97.4847,1389.0,-0.99990E+01
2016,4,25,17.20111,36.6572,-97.4847,1389.0,-0.99990E+01
2016,4,25,17.20139,36.6563,-97.4845,1389.0,-0.99990E+01
2016,4,25,17.20167,36.6555,-97.4845,1388.0,-0.99990E+01
2016,4,25,17.20194,36.6547,-97.4845,1388.0,-0.99990E+01
2016,4,25,17.20222,36.6537,-97.4845,1387.0,-0.99990E+01
2016,4,25,17.20250,36.6527,-97.4845,1388.0,-0.99990E+01
2016,4,25,17.20278,36.6518,-97.4845,1390.0,-0.99990E+01
2016,4,25,17.20306,36.6512,-97.4845,1390.0,-0.99990E+01
2016,4,25,17.20333,36.6503,-97.4845,1390.0,-0.99990E+01
2016,4,25,17.20361,36.6495,-97.4845,1390.0,-0.99990E+01
2016,4,25,17.20389,36.6485,-97.4845,1389.0,-0.99990E+01
2016,4,25,17.20417,36.6477,-97.4845,1387.0,-0.99990E+01
2016,4,25,17.20444,36.6468,-97.4845,1384.0,-0.99990E+01
2016,4,25,17.20472,36.6460,-97.4845,1382.0,-0.99990E+01
2016,4,25,17.20500,36.6452,-97.4845,1381.0,-0.99990E+01
2016,4,25,17.20528,36.6443,-97.4845,1379.0,-0.99990E+01
2016,4,25,17.20556,36.6435,-97.4845,1377.0,-0.99990E+01
2016,4,25,17.20583,36.6427,-97.4845,1376.0,-0.99990E+01
2016,4,25,17.20611,36.6417,-97.4845,1375.0,-0.99990E+01
2016,4,25,17.20639,36.6408,-97.4845,1374.0,-0.99990E+01
2016,4,25,17.20667,36.6400,-97.4845,1374.0,-0.99990E+01
2016,4,25,17.20695,36.6392,-97.4845,1374.0,-0.99990E+01
2016,4,25,17.20722,36.6383,-97.4843,1374.0,-0.99990E+01
2016,4,25,17.20750,36.6375,-97.4843,1375.0,-0.99990E+01
2016,4,25,17.20778,36.6365,-97.4843,1377.0,-0.99990E+01
2016,4,25,17.20806,36.6357,-97.4843,1379.0,-0.99990E+01
2016,4,25,17.20833,36.6348,-97.4843,1381.0,-0.99990E+01
2016,4,25,17.20861,36.6340,-97.4843,1384.0,-0.99990E+01
2016,4,25,17.20889,36.6332,-97.4843,1386.0,-0.99990E+01
2016,4,25,17.20917,36.6323,-97.4843,1388.0,-0.99990E+01
2016,4,25,17.20945,36.6315,-97.4843,1390.0,-0.99990E+01
2016,4,25,17.20972,36.6305,-97.4843,1392.0,-0.99990E+01
2016,4,25,17.21000,36.6297,-97.4842,1394.0,-0.99990E+01
2016,4,25,17.21028,36.6288,-97.4842,1395.0,-0.99990E+01
2016,4,25,17.21056,36.6280,-97.4842,1396.0,-0.99990E+01
2016,4,25,17.21083,36.6272,-97.4842,1396.0,-0.99990E+01
2016,4,25,17.21111,36.6263,-97.4842,1397.0,-0.99990E+01
2016,4,25,17.21139,36.6253,-97.4842,1396.0,-0.99990E+01
2016,4,25,17.21167,36.6245,-97.4842,1396.0,-0.99990E+01
2016,4,25,17.21194,36.6238,-97.4842,1395.0,-0.99990E+01
2016,4,25,17.21222,36.6230,-97.4842,1394.0,-0.99990E+01
2016,4,25,17.21250,36.6220,-97.4842,1394.0,-0.99990E+01
2016,4,25,17.21278,36.6213,-97.4842,1393.0,-0.99990E+01
2016,4,25,17.21306,36.6205,-97.4842,1392.0,-0.99990E+01
2016,4,25,17.21334,36.6195,-97.4840,1390.0,-0.99990E+01
2016,4,25,17.21361,36.6187,-97.4840,1389.0,-0.99990E+01
2016,4,25,17.21389,36.6178,-97.4840,1388.0,-0.99990E+01
2016,4,25,17.21417,36.6170,-97.4840,1388.0,-0.99990E+01
2016,4,25,17.21445,36.6160,-97.4840,1387.0,-0.99990E+01
2016,4,25,17.21472,36.6153,-97.4840,1387.0,-0.99990E+01
2016,4,25,17.21500,36.6145,-97.4840,1386.0,-0.99990E+01
2016,4,25,17.21528,36.6135,-97.4840,1386.0,-0.99990E+01
2016,4,25,17.21556,36.6127,-97.4840,1385.0,-0.99990E+01
2016,4,25,17.21583,36.6117,-97.4840,1385.0,-0.99990E+01
2016,4,25,17.21611,36.6108,-97.4840,1385.0,-0.99990E+01
2016,4,25,17.21639,36.6102,-97.4840,1385.0,-0.99990E+01
2016,4,25,17.21667,36.6092,-97.4840,1385.0,-0.99990E+01
2016,4,25,17.21695,36.6083,-97.4840,1385.0,-0.99990E+01
2016,4,25,17.21722,36.6073,-97.4840,1384.0,-0.99990E+01
2016,4,25,17.21750,36.6065,-97.4840,1385.0,-0.99990E+01
2016,4,25,17.21778,36.6057,-97.4838,1385.0,-0.99990E+01
2016,4,25,17.21806,36.6048,-97.4838,1385.0,-0.99990E+01
2016,4,25,17.21833,36.6038,-97.4838,1385.0,-0.99990E+01
2016,4,25,17.21861,36.6032,-97.4838,1386.0,-0.99990E+01
2016,4,25,17.21889,36.6023,-97.4838,1386.0,-0.99990E+01
2016,4,25,17.21917,36.6013,-97.4838,1387.0,-0.99990E+01
2016,4,25,17.21944,36.6005,-97.4838,1387.0,-0.99990E+01
2016,4,25,17.21972,36.5995,-97.4838,1387.0,-0.99990E+01
2016,4,25,17.22000,36.5987,-97.4838,1387.0,-0.99990E+01
2016,4,25,17.22028,36.5980,-97.4840,1387.0,-0.99990E+01
2016,4,25,17.22056,36.5970,-97.4840,1388.0,-0.99990E+01
2016,4,25,17.22083,36.5963,-97.4840,1388.0,-0.99990E+01
2016,4,25,17.22111,36.5955,-97.4840,1389.0,-0.99990E+01
2016,4,25,17.22139,36.5945,-97.4840,1389.0,-0.99990E+01
2016,4,25,17.22167,36.5937,-97.4840,1389.0,-0.99990E+01
2016,4,25,17.22194,36.5928,-97.4840,1389.0,-0.99990E+01
2016,4,25,17.22222,36.5918,-97.4840,1388.0,-0.99990E+01
2016,4,25,17.22250,36.5910,-97.4840,1388.0,-0.99990E+01
2016,4,25,17.22278,36.5903,-97.4840,1388.0,-0.99990E+01
2016,4,25,17.22306,36.5893,-97.4840,1388.0,-0.99990E+01
2016,4,25,17.22333,36.5885,-97.4840,1388.0,-0.99990E+01
2016,4,25,17.22361,36.5877,-97.4840,1388.0,-0.99990E+01
2016,4,25,17.22389,36.5868,-97.4842,1389.0,-0.99990E+01
2016,4,25,17.22417,36.5858,-97.4842,1389.0,-0.99990E+01
2016,4,25,17.22445,36.5852,-97.4842,1389.0,-0.99990E+01
2016,4,25,17.22472,36.5843,-97.4842,1389.0,-0.99990E+01
2016,4,25,17.22500,36.5833,-97.4842,1389.0,-0.99990E+01
2016,4,25,17.22528,36.5823,-97.4842,1389.0,-0.99990E+01
2016,4,25,17.22556,36.5817,-97.4842,1389.0,-0.99990E+01
2016,4,25,17.22583,36.5808,-97.4842,1389.0,-0.99990E+01
2016,4,25,17.22611,36.5800,-97.4842,1389.0,-0.99990E+01
2016,4,25,17.22639,36.5792,-97.4842,1388.0,-0.99990E+01
2016,4,25,17.22667,36.5783,-97.4843,1388.0,-0.99990E+01
2016,4,25,17.22695,36.5775,-97.4843,1388.0,-0.99990E+01
2016,4,25,17.22722,36.5765,-97.4843,1388.0,-0.99990E+01
2016,4,25,17.22750,36.5755,-97.4843,1389.0,-0.99990E+01
2016,4,25,17.22778,36.5747,-97.4843,1389.0,-0.99990E+01
2016,4,25,17.22806,36.5740,-97.4843,1390.0,-0.99990E+01
2016,4,25,17.22833,36.5730,-97.4843,1390.0,-0.99990E+01
2016,4,25,17.22861,36.5723,-97.4843,1390.0,-0.99990E+01
2016,4,25,17.22889,36.5713,-97.4843,1390.0,-0.99990E+01
2016,4,25,17.22917,36.5705,-97.4843,1390.0,-0.99990E+01
2016,4,25,17.22944,36.5697,-97.4843,1389.0,-0.99990E+01
2016,4,25,17.22972,36.5688,-97.4843,1388.0,-0.99990E+01
2016,4,25,17.23000,36.5680,-97.4845,1387.0,-0.99990E+01
2016,4,25,17.23028,36.5670,-97.4845,1386.0,-0.99990E+01
2016,4,25,17.23056,36.5663,-97.4845,1386.0,-0.99990E+01
2016,4,25,17.23083,36.5655,-97.4845,1385.0,-0.99990E+01
2016,4,25,17.23111,36.5645,-97.4845,1385.0,-0.99990E+01
2016,4,25,17.23139,36.5637,-97.4845,1384.0,-0.99990E+01
2016,4,25,17.23167,36.5628,-97.4847,1384.0,-0.99990E+01
2016,4,25,17.23195,36.5618,-97.4847,1383.0,-0.99990E+01
2016,4,25,17.23222,36.5612,-97.4847,1383.0,-0.99990E+01
2016,4,25,17.23250,36.5602,-97.4847,1383.0,-0.99990E+01
2016,4,25,17.23278,36.5593,-97.4847,1383.0,-0.99990E+01
2016,4,25,17.23306,36.5585,-97.4848,1383.0,-0.99990E+01
2016,4,25,17.23333,36.5575,-97.4848,1383.0,-0.99990E+01
2016,4,25,17.23361,36.5567,-97.4848,1383.0,-0.99990E+01
2016,4,25,17.23389,36.5558,-97.4848,1383.0,-0.99990E+01
2016,4,25,17.23417,36.5550,-97.4848,1383.0,-0.99990E+01
2016,4,25,17.23445,36.5542,-97.4848,1384.0,-0.99990E+01
2016,4,25,17.23472,36.5533,-97.4848,1384.0,-0.99990E+01
2016,4,25,17.23500,36.5523,-97.4848,1384.0,-0.99990E+01
2016,4,25,17.23528,36.5515,-97.4848,1384.0,-0.99990E+01
2016,4,25,17.23556,36.5507,-97.4850,1385.0,-0.99990E+01
2016,4,25,17.23583,36.5498,-97.4850,1386.0,-0.99990E+01
2016,4,25,17.23611,36.5490,-97.4850,1386.0,-0.99990E+01
2016,4,25,17.23639,36.5482,-97.4850,1387.0,-0.99990E+01
2016,4,25,17.23667,36.5472,-97.4850,1387.0,-0.99990E+01
2016,4,25,17.23694,36.5463,-97.4850,1387.0,-0.99990E+01
2016,4,25,17.23722,36.5455,-97.4852,1387.0,-0.99990E+01
2016,4,25,17.23750,36.5447,-97.4852,1387.0,-0.99990E+01
2016,4,25,17.23778,36.5438,-97.4852,1386.0,-0.99990E+01
2016,4,25,17.23806,36.5430,-97.4852,1385.0,-0.99990E+01
2016,4,25,17.23833,36.5422,-97.4852,1384.0,-0.99990E+01
2016,4,25,17.23861,36.5413,-97.4852,1384.0,-0.99990E+01
2016,4,25,17.23889,36.5403,-97.4853,1383.0,-0.99990E+01
2016,4,25,17.23917,36.5395,-97.4853,1383.0,-0.99990E+01
2016,4,25,17.23944,36.5387,-97.4853,1383.0,-0.99990E+01
2016,4,25,17.23972,36.5378,-97.4853,1384.0,-0.99990E+01
2016,4,25,17.24000,36.5370,-97.4853,1384.0,-0.99990E+01
2016,4,25,17.24028,36.5362,-97.4853,1384.0,-0.99990E+01
2016,4,25,17.24056,36.5353,-97.4853,1385.0,-0.99990E+01
2016,4,25,17.24083,36.5343,-97.4853,1386.0,-0.99990E+01
2016,4,25,17.24111,36.5335,-97.4853,1387.0,-0.99990E+01
2016,4,25,17.24139,36.5328,-97.4853,1387.0,-0.99990E+01
2016,4,25,17.24167,36.5318,-97.4853,1388.0,-0.99990E+01
2016,4,25,17.24195,36.5308,-97.4853,1388.0,-0.99990E+01
2016,4,25,17.24222,36.5302,-97.4853,1388.0,-0.99990E+01
2016,4,25,17.24250,36.5292,-97.4853,1389.0,-0.99990E+01
2016,4,25,17.24278,36.5283,-97.4853,1389.0,-0.99990E+01
2016,4,25,17.24306,36.5277,-97.4853,1390.0,-0.99990E+01
2016,4,25,17.24333,36.5265,-97.4853,1391.0,-0.99990E+01
2016,4,25,17.24361,36.5257,-97.4853,1391.0,-0.99990E+01
2016,4,25,17.24389,36.5250,-97.4855,1391.0,-0.99990E+01
2016,4,25,17.24417,36.5240,-97.4855,1391.0,-0.99990E+01
2016,4,25,17.24444,36.5232,-97.4855,1391.0,-0.99990E+01
2016,4,25,17.24472,36.5225,-97.4855,1390.0,-0.99990E+01
2016,4,25,17.24500,36.5215,-97.4855,1390.0,-0.99990E+01
2016,4,25,17.24528,36.5207,-97.4855,1389.0,-0.99990E+01
2016,4,25,17.24556,36.5198,-97.4855,1388.0,-0.99990E+01
2016,4,25,17.24583,36.5190,-97.4855,1388.0,-0.99990E+01
2016,4,25,17.24611,36.5180,-97.4857,1387.0,-0.99990E+01
2016,4,25,17.24639,36.5172,-97.4857,1387.0,-0.99990E+01
2016,4,25,17.24667,36.5163,-97.4857,1387.0,-0.99990E+01
2016,4,25,17.24694,36.5155,-97.4857,1386.0,-0.99990E+01
2016,4,25,17.24722,36.5147,-97.4857,1385.0,-0.99990E+01
2016,4,25,17.24750,36.5137,-97.4857,1385.0,-0.99990E+01
2016,4,25,17.24778,36.5128,-97.4857,1385.0,-0.99990E+01
2016,4,25,17.24806,36.5122,-97.4858,1385.0,-0.99990E+01
2016,4,25,17.24833,36.5112,-97.4858,1384.0,-0.99990E+01
2016,4,25,17.24861,36.5103,-97.4858,1384.0,-0.99990E+01
2016,4,25,17.24889,36.5093,-97.4858,1384.0,-0.99990E+01
2016,4,25,17.24917,36.5085,-97.4858,1385.0,-0.99990E+01
2016,4,25,17.24944,36.5077,-97.4858,1385.0,-0.99990E+01
2016,4,25,17.24972,36.5068,-97.4858,1385.0,-0.99990E+01
2016,4,25,17.25000,36.5060,-97.4858,1386.0,-0.99990E+01
2016,4,25,17.25028,36.5050,-97.4860,1386.0,-0.99990E+01
2016,4,25,17.25056,36.5042,-97.4860,1386.0,-0.99990E+01
2016,4,25,17.25083,36.5033,-97.4860,1387.0,-0.99990E+01
2016,4,25,17.25111,36.5025,-97.4860,1387.0,-0.99990E+01
2016,4,25,17.25139,36.5017,-97.4860,1387.0,-0.99990E+01
2016,4,25,17.25167,36.5007,-97.4860,1388.0,-0.99990E+01
2016,4,25,17.25194,36.4998,-97.4860,1388.0,-0.99990E+01
2016,4,25,17.25222,36.4992,-97.4860,1388.0,-0.99990E+01
2016,4,25,17.25250,36.4982,-97.4860,1388.0,-0.99990E+01
2016,4,25,17.25278,36.4973,-97.4860,1388.0,-0.99990E+01
2016,4,25,17.25306,36.4965,-97.4862,1387.0,-0.99990E+01
2016,4,25,17.25333,36.4955,-97.4862,1387.0,-0.99990E+01
2016,4,25,17.25361,36.4948,-97.4862,1387.0,-0.99990E+01
2016,4,25,17.25389,36.4940,-97.4862,1387.0,-0.99990E+01
2016,4,25,17.25417,36.4930,-97.4862,1386.0,-0.99990E+01
2016,4,25,17.25444,36.4923,-97.4862,1385.0,-0.99990E+01
2016,4,25,17.25472,36.4913,-97.4862,1384.0,-0.99990E+01
2016,4,25,17.25500,36.4905,-97.4862,1384.0,-0.99990E+01
2016,4,25,17.25528,36.4897,-97.4862,1383.0,-0.99990E+01
2016,4,25,17.25556,36.4888,-97.4863,1384.0,-0.99990E+01
2016,4,25,17.25583,36.4878,-97.4863,1384.0,-0.99990E+01
2016,4,25,17.25611,36.4872,-97.4863,1384.0,-0.99990E+01
2016,4,25,17.25639,36.4862,-97.4863,1385.0,-0.99990E+01
2016,4,25,17.25667,36.4853,-97.4863,1386.0,-0.99990E+01
2016,4,25,17.25694,36.4845,-97.4863,1387.0,-0.99990E+01
2016,4,25,17.25722,36.4835,-97.4863,1387.0,-0.99990E+01
2016,4,25,17.25750,36.4827,-97.4863,1387.0,-0.99990E+01
2016,4,25,17.25778,36.4820,-97.4863,1386.0,-0.99990E+01
2016,4,25,17.25805,36.4812,-97.4865,1386.0,-0.99990E+01
2016,4,25,17.25833,36.4803,-97.4865,1385.0,-0.99990E+01
2016,4,25,17.25861,36.4792,-97.4865,1385.0,-0.99990E+01
2016,4,25,17.25889,36.4783,-97.4863,1385.0,-0.99990E+01
2016,4,25,17.25917,36.4777,-97.4863,1384.0,-0.99990E+01
2016,4,25,17.25945,36.4767,-97.4863,1384.0,-0.99990E+01
2016,4,25,17.25972,36.4758,-97.4863,1384.0,-0.99990E+01
2016,4,25,17.26000,36.4750,-97.4863,1383.0,-0.99990E+01
2016,4,25,17.26028,36.4740,-97.4863,1383.0,-0.99990E+01
2016,4,25,17.26056,36.4733,-97.4863,1383.0,-0.99990E+01
2016,4,25,17.26083,36.4725,-97.4865,1383.0,-0.99990E+01
2016,4,25,17.26111,36.4715,-97.4865,1383.0,-0.99990E+01
2016,4,25,17.26139,36.4707,-97.4865,1382.0,-0.99990E+01
2016,4,25,17.26167,36.4698,-97.4865,1382.0,-0.99990E+01
2016,4,25,17.26194,36.4690,-97.4865,1382.0,-0.99990E+01
2016,4,25,17.26222,36.4682,-97.4865,1382.0,-0.99990E+01
2016,4,25,17.26250,36.4673,-97.4865,1382.0,-0.99990E+01
2016,4,25,17.26278,36.4665,-97.4865,1383.0,-0.99990E+01
2016,4,25,17.26306,36.4657,-97.4865,1384.0,-0.99990E+01
2016,4,25,17.26333,36.4648,-97.4865,1384.0,-0.99990E+01
2016,4,25,17.26361,36.4638,-97.4865,1386.0,-0.99990E+01
2016,4,25,17.26389,36.4630,-97.4865,1387.0,-0.99990E+01
2016,4,25,17.26417,36.4622,-97.4867,1388.0,-0.99990E+01
2016,4,25,17.26444,36.4613,-97.4867,1388.0,-0.99990E+01
2016,4,25,17.26472,36.4605,-97.4867,1388.0,-0.99990E+01
2016,4,25,17.26500,36.4598,-97.4867,1388.0,-0.99990E+01
2016,4,25,17.26528,36.4588,-97.4867,1387.0,-0.99990E+01
2016,4,25,17.26556,36.4580,-97.4867,1387.0,-0.99990E+01
2016,4,25,17.26583,36.4572,-97.4867,1386.0,-0.99990E+01
2016,4,25,17.26611,36.4563,-97.4867,1386.0,-0.99990E+01
2016,4,25,17.26639,36.4553,-97.4867,1385.0,-0.99990E+01
2016,4,25,17.26667,36.4547,-97.4867,1385.0,-0.99990E+01
2016,4,25,17.26694,36.4537,-97.4868,1384.0,-0.99990E+01
2016,4,25,17.26722,36.4528,-97.4868,1384.0,-0.99990E+01
2016,4,25,17.26750,36.4522,-97.4868,1384.0,-0.99990E+01
2016,4,25,17.26778,36.4512,-97.4868,1385.0,-0.99990E+01
2016,4,25,17.26805,36.4503,-97.4868,1385.0,-0.99990E+01
2016,4,25,17.26833,36.4495,-97.4870,1385.0,-0.99990E+01
2016,4,25,17.26861,36.4485,-97.4870,1385.0,-0.99990E+01
2016,4,25,17.26889,36.4477,-97.4870,1386.0,-0.99990E+01
2016,4,25,17.26917,36.4468,-97.4870,1386.0,-0.99990E+01
2016,4,25,17.26944,36.4460,-97.4870,1386.0,-0.99990E+01
2016,4,25,17.26972,36.4452,-97.4872,1386.0,-0.99990E+01
2016,4,25,17.27000,36.4443,-97.4872,1386.0,-0.99990E+01
2016,4,25,17.27028,36.4435,-97.4872,1385.0,-0.99990E+01
2016,4,25,17.27056,36.4427,-97.4872,1385.0,-0.99990E+01
2016,4,25,17.27083,36.4418,-97.4872,1385.0,-0.99990E+01
2016,4,25,17.27111,36.4408,-97.4872,1384.0,-0.99990E+01
2016,4,25,17.27139,36.4400,-97.4872,1383.0,-0.99990E+01
2016,4,25,17.27167,36.4393,-97.4873,1383.0,-0.99990E+01
2016,4,25,17.27194,36.4383,-97.4873,1383.0,-0.99990E+01
2016,4,25,17.27222,36.4375,-97.4873,1382.0,-0.99990E+01
2016,4,25,17.27250,36.4367,-97.4873,1382.0,-0.99990E+01
2016,4,25,17.27278,36.4358,-97.4873,1382.0,-0.99990E+01
2016,4,25,17.27306,36.4350,-97.4873,1382.0,-0.99990E+01
2016,4,25,17.27333,36.4342,-97.4873,1382.0,-0.99990E+01
2016,4,25,17.27361,36.4332,-97.4875,1382.0,-0.99990E+01
2016,4,25,17.27389,36.4325,-97.4875,1383.0,-0.99990E+01
2016,4,25,17.27417,36.4317,-97.4875,1383.0,-0.99990E+01
2016,4,25,17.27444,36.4307,-97.4875,1384.0,-0.99990E+01
2016,4,25,17.27472,36.4298,-97.4875,1385.0,-0.99990E+01
2016,4,25,17.27500,36.4290,-97.4875,1386.0,-0.99990E+01
2016,4,25,17.27528,36.4280,-97.4875,1386.0,-0.99990E+01
2016,4,25,17.27555,36.4273,-97.4875,1387.0,-0.99990E+01
2016,4,25,17.27583,36.4265,-97.4877,1387.0,-0.99990E+01
2016,4,25,17.27611,36.4257,-97.4877,1388.0,-0.99990E+01
2016,4,25,17.27639,36.4248,-97.4877,1388.0,-0.99990E+01
2016,4,25,17.27667,36.4240,-97.4877,1388.0,-0.99990E+01
2016,4,25,17.27695,36.4230,-97.4875,1389.0,-0.99990E+01
2016,4,25,17.27722,36.4223,-97.4875,1389.0,-0.99990E+01
2016,4,25,17.27750,36.4215,-97.4875,1389.0,-0.99990E+01
2016,4,25,17.27778,36.4203,-97.4875,1390.0,-0.99990E+01
2016,4,25,17.27806,36.4197,-97.4875,1390.0,-0.99990E+01
2016,4,25,17.27833,36.4187,-97.4873,1390.0,-0.99990E+01
2016,4,25,17.27861,36.4180,-97.4873,1389.0,-0.99990E+01
2016,4,25,17.27889,36.4172,-97.4873,1388.0,-0.99990E+01
2016,4,25,17.27917,36.4162,-97.4872,1387.0,-0.99990E+01
2016,4,25,17.27944,36.4153,-97.4872,1386.0,-0.99990E+01
2016,4,25,17.27972,36.4147,-97.4872,1386.0,-0.99990E+01
2016,4,25,17.28000,36.4137,-97.4870,1386.0,-0.99990E+01
2016,4,25,17.28028,36.4128,-97.4870,1386.0,-0.99990E+01
2016,4,25,17.28056,36.4120,-97.4870,1386.0,-0.99990E+01
2016,4,25,17.28083,36.4112,-97.4868,1386.0,-0.99990E+01
2016,4,25,17.28111,36.4102,-97.4868,1386.0,-0.99990E+01
2016,4,25,17.28139,36.4095,-97.4868,1386.0,-0.99990E+01
2016,4,25,17.28167,36.4085,-97.4867,1386.0,-0.99990E+01
2016,4,25,17.28194,36.4077,-97.4867,1386.0,-0.99990E+01
2016,4,25,17.28222,36.4068,-97.4867,1387.0,-0.99990E+01
2016,4,25,17.28250,36.4060,-97.4865,1387.0,-0.99990E+01
2016,4,25,17.28278,36.4052,-97.4865,1388.0,-0.99990E+01
2016,4,25,17.28305,36.4043,-97.4865,1388.0,-0.99990E+01
2016,4,25,17.28333,36.4033,-97.4863,1389.0,-0.99990E+01
2016,4,25,17.28361,36.4025,-97.4863,1389.0,-0.99990E+01
2016,4,25,17.28389,36.4017,-97.4863,1389.0,-0.99990E+01
2016,4,25,17.28417,36.4008,-97.4862,1389.0,-0.99990E+01
2016,4,25,17.28444,36.4000,-97.4862,1389.0,-0.99990E+01
2016,4,25,17.28472,36.3992,-97.4862,1388.0,-0.99990E+01
2016,4,25,17.28500,36.3982,-97.4860,1388.0,-0.99990E+01
2016,4,25,17.28528,36.3973,-97.4860,1387.0,-0.99990E+01
2016,4,25,17.28555,36.3967,-97.4858,1386.0,-0.99990E+01
2016,4,25,17.28583,36.3957,-97.4858,1386.0,-0.99990E+01
2016,4,25,17.28611,36.3948,-97.4857,1385.0,-0.99990E+01
2016,4,25,17.28639,36.3940,-97.4857,1384.0,-0.99990E+01
2016,4,25,17.28667,36.3930,-97.4857,1383.0,-0.99990E+01
2016,4,25,17.28694,36.3923,-97.4855,1382.0,-0.99990E+01
2016,4,25,17.28722,36.3913,-97.4855,1381.0,-0.99990E+01
2016,4,25,17.28750,36.3905,-97.4855,1381.0,-0.99990E+01
2016,4,25,17.28778,36.3898,-97.4853,1380.0,-0.99990E+01
2016,4,25,17.28806,36.3888,-97.4853,1379.0,-0.99990E+01
2016,4,25,17.28833,36.3880,-97.4853,1379.0,-0.99990E+01
2016,4,25,17.28861,36.3872,-97.4852,1379.0,-0.99990E+01
2016,4,25,17.28889,36.3862,-97.4852,1379.0,-0.99990E+01
2016,4,25,17.28917,36.3853,-97.4850,1379.0,-0.99990E+01
2016,4,25,17.28944,36.3847,-97.4850,1379.0,-0.99990E+01
2016,4,25,17.28972,36.3837,-97.4850,1379.0,-0.99990E+01
2016,4,25,17.29000,36.3828,-97.4848,1380.0,-0.99990E+01
2016,4,25,17.29028,36.3820,-97.4848,1381.0,-0.99990E+01
2016,4,25,17.29056,36.3812,-97.4848,1382.0,-0.99990E+01
2016,4,25,17.29083,36.3803,-97.4847,1384.0,-0.99990E+01
2016,4,25,17.29111,36.3795,-97.4847,1385.0,-0.99990E+01
2016,4,25,17.29139,36.3787,-97.4845,1387.0,-0.99990E+01
2016,4,25,17.29167,36.3778,-97.4845,1388.0,-0.99990E+01
2016,4,25,17.29194,36.3770,-97.4845,1390.0,-0.99990E+01
2016,4,25,17.29222,36.3760,-97.4843,1391.0,-0.99990E+01
2016,4,25,17.29250,36.3753,-97.4843,1392.0,-0.99990E+01
2016,4,25,17.29278,36.3745,-97.4842,1392.0,-0.99990E+01
2016,4,25,17.29305,36.3735,-97.4842,1392.0,-0.99990E+01
2016,4,25,17.29333,36.3727,-97.4842,1392.0,-0.99990E+01
2016,4,25,17.29361,36.3718,-97.4840,1391.0,-0.99990E+01
2016,4,25,17.29389,36.3710,-97.4840,1390.0,-0.99990E+01
2016,4,25,17.29417,36.3702,-97.4838,1390.0,-0.99990E+01
2016,4,25,17.29444,36.3693,-97.4838,1389.0,-0.99990E+01
2016,4,25,17.29472,36.3685,-97.4838,1389.0,-0.99990E+01
2016,4,25,17.29500,36.3677,-97.4837,1388.0,-0.99990E+01
2016,4,25,17.29528,36.3670,-97.4837,1388.0,-0.99990E+01
2016,4,25,17.29556,36.3660,-97.4837,1388.0,-0.99990E+01
2016,4,25,17.29583,36.3652,-97.4835,1388.0,-0.99990E+01
2016,4,25,17.29611,36.3645,-97.4835,1387.0,-0.99990E+01
2016,4,25,17.29639,36.3635,-97.4835,1388.0,-0.99990E+01
2016,4,25,17.29667,36.3627,-97.4833,1388.0,-0.99990E+01
2016,4,25,17.29694,36.3618,-97.4833,1388.0,-0.99990E+01
2016,4,25,17.29722,36.3610,-97.4833,1388.0,-0.99990E+01
2016,4,25,17.29750,36.3602,-97.4833,1388.0,-0.99990E+01
2016,4,25,17.29778,36.3593,-97.4833,1388.0,-0.99990E+01
2016,4,25,17.29806,36.3585,-97.4832,1387.0,-0.99990E+01
2016,4,25,17.29833,36.3577,-97.4832,1387.0,-0.99990E+01
2016,4,25,17.29861,36.3568,-97.4832,1386.0,-0.99990E+01
2016,4,25,17.29889,36.3558,-97.4832,1385.0,-0.99990E+01
2016,4,25,17.29917,36.3550,-97.4830,1385.0,-0.99990E+01
2016,4,25,17.29944,36.3543,-97.4830,1384.0,-0.99990E+01
2016,4,25,17.29972,36.3533,-97.4830,1383.0,-0.99990E+01
2016,4,25,17.30000,36.3525,-97.4830,1382.0,-0.99990E+01
2016,4,25,17.30028,36.3517,-97.4828,1382.0,-0.99990E+01
2016,4,25,17.30055,36.3507,-97.4828,1382.0,-0.99990E+01
2016,4,25,17.30083,36.3500,-97.4828,1382.0,-0.99990E+01
2016,4,25,17.30111,36.3492,-97.4828,1382.0,-0.99990E+01
2016,4,25,17.30139,36.3483,-97.4827,1382.0,-0.99990E+01
2016,4,25,17.30167,36.3473,-97.4827,1383.0,-0.99990E+01
2016,4,25,17.30194,36.3465,-97.4827,1384.0,-0.99990E+01
2016,4,25,17.30222,36.3458,-97.4827,1383.0,-0.99990E+01
2016,4,25,17.30250,36.3448,-97.4825,1383.0,-0.99990E+01
2016,4,25,17.30278,36.3442,-97.4825,1383.0,-0.99990E+01
2016,4,25,17.30305,36.3432,-97.4825,1384.0,-0.99990E+01
2016,4,25,17.30333,36.3422,-97.4825,1384.0,-0.99990E+01
2016,4,25,17.30361,36.3415,-97.4825,1384.0,-0.99990E+01
2016,4,25,17.30389,36.3407,-97.4823,1384.0,-0.99990E+01
2016,4,25,17.30417,36.3398,-97.4823,1385.0,-0.99990E+01
2016,4,25,17.30444,36.3390,-97.4823,1386.0,-0.99990E+01
2016,4,25,17.30472,36.3380,-97.4823,1387.0,-0.99990E+01
2016,4,25,17.30500,36.3372,-97.4823,1387.0,-0.99990E+01
2016,4,25,17.30528,36.3363,-97.4823,1387.0,-0.99990E+01
2016,4,25,17.30556,36.3357,-97.4823,1387.0,-0.99990E+01
2016,4,25,17.30583,36.3347,-97.4823,1386.0,-0.99990E+01
2016,4,25,17.30611,36.3338,-97.4823,1385.0,-0.99990E+01
2016,4,25,17.30639,36.3330,-97.4823,1383.0,-0.99990E+01
2016,4,25,17.30667,36.3322,-97.4823,1382.0,-0.99990E+01
2016,4,25,17.30694,36.3313,-97.4823,1381.0,-0.99990E+01
2016,4,25,17.30722,36.3303,-97.4823,1380.0,-0.99990E+01
2016,4,25,17.30750,36.3297,-97.4823,1379.0,-0.99990E+01
2016,4,25,17.30778,36.3288,-97.4823,1379.0,-0.99990E+01
2016,4,25,17.30805,36.3280,-97.4823,1380.0,-0.99990E+01
2016,4,25,17.30833,36.3270,-97.4823,1380.0,-0.99990E+01
2016,4,25,17.30861,36.3262,-97.4823,1382.0,-0.99990E+01
2016,4,25,17.30889,36.3253,-97.4823,1383.0,-0.99990E+01
2016,4,25,17.30917,36.3245,-97.4823,1384.0,-0.99990E+01
2016,4,25,17.30944,36.3237,-97.4823,1384.0,-0.99990E+01
2016,4,25,17.30972,36.3228,-97.4823,1385.0,-0.99990E+01
2016,4,25,17.31000,36.3218,-97.4823,1386.0,-0.99990E+01
2016,4,25,17.31028,36.3210,-97.4823,1386.0,-0.99990E+01
2016,4,25,17.31055,36.3203,-97.4823,1387.0,-0.99990E+01
2016,4,25,17.31083,36.3193,-97.4823,1387.0,-0.99990E+01
2016,4,25,17.31111,36.3185,-97.4823,1388.0,-0.99990E+01
2016,4,25,17.31139,36.3177,-97.4823,1388.0,-0.99990E+01
2016,4,25,17.31167,36.3168,-97.4823,1388.0,-0.99990E+01
2016,4,25,17.31194,36.3160,-97.4823,1388.0,-0.99990E+01
2016,4,25,17.31222,36.3153,-97.4823,1387.0,-0.99990E+01
2016,4,25,17.31250,36.3143,-97.4823,1387.0,-0.99990E+01
2016,4,25,17.31278,36.3135,-97.4822,1386.0,-0.99990E+01
2016,4,25,17.31306,36.3127,-97.4822,1386.0,-0.99990E+01
2016,4,25,17.31333,36.3118,-97.4822,1385.0,-0.99990E+01
2016,4,25,17.31361,36.3110,-97.4822,1385.0,-0.99990E+01
2016,4,25,17.31389,36.3102,-97.4822,1385.0,-0.99990E+01
2016,4,25,17.31417,36.3092,-97.4822,1384.0,-0.99990E+01
2016,4,25,17.31444,36.3083,-97.4822,1384.0,-0.99990E+01
2016,4,25,17.31472,36.3077,-97.4822,1384.0,-0.99990E+01
2016,4,25,17.31500,36.3067,-97.4822,1384.0,-0.99990E+01
2016,4,25,17.31528,36.3058,-97.4820,1385.0,-0.99990E+01
2016,4,25,17.31556,36.3048,-97.4820,1385.0,-0.99990E+01
2016,4,25,17.31583,36.3042,-97.4820,1386.0,-0.99990E+01
2016,4,25,17.31611,36.3033,-97.4820,1386.0,-0.99990E+01
2016,4,25,17.31639,36.3023,-97.4820,1387.0,-0.99990E+01
2016,4,25,17.31667,36.3015,-97.4820,1387.0,-0.99990E+01
2016,4,25,17.31695,36.3007,-97.4820,1387.0,-0.99990E+01
2016,4,25,17.31722,36.2998,-97.4820,1387.0,-0.99990E+01
2016,4,25,17.31750,36.2990,-97.4820,1387.0,-0.99990E+01
2016,4,25,17.31778,36.2982,-97.4820,1386.0,-0.99990E+01
2016,4,25,17.31806,36.2973,-97.4820,1386.0,-0.99990E+01
2016,4,25,17.31833,36.2963,-97.4820,1385.0,-0.99990E+01
2016,4,25,17.31861,36.2955,-97.4822,1384.0,-0.99990E+01
2016,4,25,17.31889,36.2948,-97.4822,1383.0,-0.99990E+01
2016,4,25,17.31917,36.2938,-97.4822,1383.0,-0.99990E+01
2016,4,25,17.31944,36.2930,-97.4822,1383.0,-0.99990E+01
2016,4,25,17.31972,36.2922,-97.4822,1383.0,-0.99990E+01
2016,4,25,17.32000,36.2913,-97.4823,1382.0,-0.99990E+01
2016,4,25,17.32028,36.2907,-97.4823,1381.0,-0.99990E+01
2016,4,25,17.32056,36.2897,-97.4823,1380.0,-0.99990E+01
2016,4,25,17.32084,36.2888,-97.4823,1380.0,-0.99990E+01
2016,4,25,17.32111,36.2880,-97.4825,1380.0,-0.99990E+01
2016,4,25,17.32139,36.2872,-97.4825,1380.0,-0.99990E+01
2016,4,25,17.32167,36.2863,-97.4825,1381.0,-0.99990E+01
2016,4,25,17.32195,36.2853,-97.4825,1381.0,-0.99990E+01
2016,4,25,17.32222,36.2845,-97.4827,1382.0,-0.99990E+01
2016,4,25,17.32250,36.2837,-97.4827,1382.0,-0.99990E+01
2016,4,25,17.32278,36.2830,-97.4827,1384.0,-0.99990E+01
2016,4,25,17.32306,36.2820,-97.4827,1385.0,-0.99990E+01
2016,4,25,17.32333,36.2812,-97.4827,1386.0,-0.99990E+01
2016,4,25,17.32361,36.2803,-97.4828,1387.0,-0.99990E+01
2016,4,25,17.32389,36.2793,-97.4828,1388.0,-0.99990E+01
2016,4,25,17.32417,36.2787,-97.4828,1389.0,-0.99990E+01
2016,4,25,17.32445,36.2778,-97.4828,1389.0,-0.99990E+01
2016,4,25,17.32472,36.2770,-97.4830,1390.0,-0.99990E+01
2016,4,25,17.32500,36.2762,-97.4830,1390.0,-0.99990E+01
2016,4,25,17.32528,36.2752,-97.4830,1390.0,-0.99990E+01
2016,4,25,17.32556,36.2743,-97.4830,1388.0,-0.99990E+01
2016,4,25,17.32583,36.2735,-97.4832,1386.0,-0.99990E+01
2016,4,25,17.32611,36.2728,-97.4832,1385.0,-0.99990E+01
2016,4,25,17.32639,36.2718,-97.4832,1383.0,-0.99990E+01
2016,4,25,17.32667,36.2708,-97.4832,1382.0,-0.99990E+01
2016,4,25,17.32695,36.2700,-97.4832,1381.0,-0.99990E+01
2016,4,25,17.32722,36.2693,-97.4832,1380.0,-0.99990E+01
2016,4,25,17.32750,36.2683,-97.4833,1380.0,-0.99990E+01
2016,4,25,17.32778,36.2675,-97.4833,1380.0,-0.99990E+01
2016,4,25,17.32806,36.2667,-97.4833,1380.0,-0.99990E+01
2016,4,25,17.32833,36.2658,-97.4833,1380.0,-0.99990E+01
2016,4,25,17.32861,36.2652,-97.4833,1381.0,-0.99990E+01
2016,4,25,17.32889,36.2642,-97.4833,1382.0,-0.99990E+01
2016,4,25,17.32917,36.2633,-97.4835,1383.0,-0.99990E+01
2016,4,25,17.32944,36.2625,-97.4835,1384.0,-0.99990E+01
2016,4,25,17.32972,36.2617,-97.4835,1385.0,-0.99990E+01
2016,4,25,17.33000,36.2608,-97.4835,1387.0,-0.99990E+01
2016,4,25,17.33028,36.2598,-97.4835,1389.0,-0.99990E+01
2016,4,25,17.33056,36.2590,-97.4837,1390.0,-0.99990E+01
2016,4,25,17.33083,36.2582,-97.4837,1391.0,-0.99990E+01
2016,4,25,17.33111,36.2575,-97.4837,1393.0,-0.99990E+01
2016,4,25,17.33139,36.2565,-97.4837,1394.0,-0.99990E+01
2016,4,25,17.33167,36.2557,-97.4838,1394.0,-0.99990E+01
2016,4,25,17.33195,36.2548,-97.4838,1394.0,-0.99990E+01
2016,4,25,17.33222,36.2538,-97.4838,1395.0,-0.99990E+01
2016,4,25,17.33250,36.2532,-97.4838,1396.0,-0.99990E+01
2016,4,25,17.33278,36.2522,-97.4840,1397.0,-0.99990E+01
2016,4,25,17.33306,36.2515,-97.4840,1398.0,-0.99990E+01
2016,4,25,17.33333,36.2505,-97.4840,1398.0,-0.99990E+01
2016,4,25,17.33361,36.2497,-97.4840,1398.0,-0.99990E+01
2016,4,25,17.33389,36.2488,-97.4840,1397.0,-0.99990E+01
2016,4,25,17.33417,36.2480,-97.4842,1395.0,-0.99990E+01
2016,4,25,17.33445,36.2472,-97.4842,1393.0,-0.99990E+01
2016,4,25,17.33472,36.2463,-97.4842,1390.0,-0.99990E+01
2016,4,25,17.33500,36.2453,-97.4842,1388.0,-0.99990E+01
2016,4,25,17.33528,36.2445,-97.4842,1387.0,-0.99990E+01
2016,4,25,17.33556,36.2437,-97.4842,1386.0,-0.99990E+01
2016,4,25,17.33583,36.2427,-97.4843,1384.0,-0.99990E+01
2016,4,25,17.33611,36.2418,-97.4843,1381.0,-0.99990E+01
2016,4,25,17.33639,36.2410,-97.4843,1378.0,-0.99990E+01
2016,4,25,17.33667,36.2400,-97.4843,1376.0,-0.99990E+01
2016,4,25,17.33694,36.2392,-97.4843,1374.0,-0.99990E+01
2016,4,25,17.33722,36.2383,-97.4845,1373.0,-0.99990E+01
2016,4,25,17.33750,36.2375,-97.4845,1372.0,-0.99990E+01
2016,4,25,17.33778,36.2367,-97.4845,1371.0,-0.99990E+01
2016,4,25,17.33806,36.2357,-97.4845,1371.0,-0.99990E+01
2016,4,25,17.33833,36.2350,-97.4847,1371.0,-0.99990E+01
2016,4,25,17.33861,36.2338,-97.4847,1372.0,-0.99990E+01
2016,4,25,17.33889,36.2332,-97.4847,1374.0,-0.99990E+01
2016,4,25,17.33917,36.2323,-97.4847,1375.0,-0.99990E+01
2016,4,25,17.33945,36.2313,-97.4847,1377.0,-0.99990E+01
2016,4,25,17.33972,36.2305,-97.4847,1379.0,-0.99990E+01
2016,4,25,17.34000,36.2297,-97.4847,1381.0,-0.99990E+01
2016,4,25,17.34028,36.2288,-97.4848,1382.0,-0.99990E+01
2016,4,25,17.34056,36.2278,-97.4848,1384.0,-0.99990E+01
2016,4,25,17.34083,36.2270,-97.4848,1385.0,-0.99990E+01
2016,4,25,17.34111,36.2263,-97.4848,1386.0,-0.99990E+01
2016,4,25,17.34139,36.2253,-97.4848,1388.0,-0.99990E+01
2016,4,25,17.34167,36.2245,-97.4848,1389.0,-0.99990E+01
2016,4,25,17.34195,36.2237,-97.4848,1390.0,-0.99990E+01
2016,4,25,17.34222,36.2227,-97.4848,1391.0,-0.99990E+01
2016,4,25,17.34250,36.2218,-97.4848,1391.0,-0.99990E+01
2016,4,25,17.34278,36.2212,-97.4850,1392.0,-0.99990E+01
2016,4,25,17.34306,36.2202,-97.4850,1392.0,-0.99990E+01
2016,4,25,17.34333,36.2192,-97.4850,1392.0,-0.99990E+01
2016,4,25,17.34361,36.2185,-97.4850,1392.0,-0.99990E+01
2016,4,25,17.34389,36.2177,-97.4850,1391.0,-0.99990E+01
2016,4,25,17.34417,36.2167,-97.4850,1390.0,-0.99990E+01
2016,4,25,17.34444,36.2160,-97.4852,1390.0,-0.99990E+01
2016,4,25,17.34472,36.2150,-97.4852,1389.0,-0.99990E+01
2016,4,25,17.34500,36.2142,-97.4852,1389.0,-0.99990E+01
2016,4,25,17.34528,36.2133,-97.4852,1388.0,-0.99990E+01
2016,4,25,17.34556,36.2125,-97.4852,1388.0,-0.99990E+01
2016,4,25,17.34583,36.2117,-97.4853,1388.0,-0.99990E+01
2016,4,25,17.34611,36.2108,-97.4853,1388.0,-0.99990E+01
2016,4,25,17.34639,36.2098,-97.4853,1387.0,-0.99990E+01
2016,4,25,17.34667,36.2090,-97.4853,1386.0,-0.99990E+01
2016,4,25,17.34694,36.2082,-97.4853,1385.0,-0.99990E+01
2016,4,25,17.34722,36.2073,-97.4853,1384.0,-0.99990E+01
2016,4,25,17.34750,36.2065,-97.4855,1383.0,-0.99990E+01
2016,4,25,17.34778,36.2057,-97.4855,1382.0,-0.99990E+01
2016,4,25,17.34806,36.2047,-97.4855,1381.0,-0.99990E+01
2016,4,25,17.34833,36.2038,-97.4855,1381.0,-0.99990E+01
2016,4,25,17.34861,36.2030,-97.4855,1380.0,-0.99990E+01
2016,4,25,17.34889,36.2022,-97.4855,1380.0,-0.99990E+01
2016,4,25,17.34917,36.2012,-97.4857,1381.0,-0.99990E+01
2016,4,25,17.34945,36.2005,-97.4857,1382.0,-0.99990E+01
2016,4,25,17.34972,36.1995,-97.4857,1384.0,-0.99990E+01
2016,4,25,17.35000,36.1987,-97.4857,1385.0,-0.99990E+01
2016,4,25,17.35028,36.1978,-97.4857,1387.0,-0.99990E+01
2016,4,25,17.35056,36.1968,-97.4857,1388.0,-0.99990E+01
2016,4,25,17.35083,36.1960,-97.4857,1389.0,-0.99990E+01
2016,4,25,17.35111,36.1953,-97.4857,1391.0,-0.99990E+01
2016,4,25,17.35139,36.1943,-97.4858,1392.0,-0.99990E+01
2016,4,25,17.35167,36.1933,-97.4858,1392.0,-0.99990E+01
2016,4,25,17.35194,36.1927,-97.4858,1392.0,-0.99990E+01
2016,4,25,17.35222,36.1917,-97.4858,1391.0,-0.99990E+01
2016,4,25,17.35250,36.1908,-97.4858,1390.0,-0.99990E+01
2016,4,25,17.35278,36.1900,-97.4858,1389.0,-0.99990E+01
2016,4,25,17.35306,36.1890,-97.4858,1387.0,-0.99990E+01
2016,4,25,17.35333,36.1882,-97.4858,1385.0,-0.99990E+01
2016,4,25,17.35361,36.1875,-97.4858,1384.0,-0.99990E+01
2016,4,25,17.35389,36.1865,-97.4858,1382.0,-0.99990E+01
2016,4,25,17.35417,36.1857,-97.4860,1381.0,-0.99990E+01
2016,4,25,17.35444,36.1848,-97.4860,1380.0,-0.99990E+01
2016,4,25,17.35472,36.1840,-97.4860,1378.0,-0.99990E+01
2016,4,25,17.35500,36.1830,-97.4860,1377.0,-0.99990E+01
2016,4,25,17.35528,36.1822,-97.4860,1377.0,-0.99990E+01
2016,4,25,17.35556,36.1813,-97.4860,1377.0,-0.99990E+01
2016,4,25,17.35583,36.1805,-97.4860,1377.0,-0.99990E+01
2016,4,25,17.35611,36.1797,-97.4860,1378.0,-0.99990E+01
2016,4,25,17.35639,36.1788,-97.4860,1378.0,-0.99990E+01
2016,4,25,17.35667,36.1778,-97.4860,1378.0,-0.99990E+01
2016,4,25,17.35695,36.1770,-97.4860,1378.0,-0.99990E+01
2016,4,25,17.35722,36.1762,-97.4860,1379.0,-0.99990E+01
2016,4,25,17.35750,36.1753,-97.4862,1379.0,-0.99990E+01
2016,4,25,17.35778,36.1743,-97.4862,1379.0,-0.99990E+01
2016,4,25,17.35806,36.1737,-97.4862,1379.0,-0.99990E+01
2016,4,25,17.35833,36.1727,-97.4862,1380.0,-0.99990E+01
2016,4,25,17.35861,36.1717,-97.4862,1381.0,-0.99990E+01
2016,4,25,17.35889,36.1708,-97.4862,1383.0,-0.99990E+01
2016,4,25,17.35917,36.1702,-97.4862,1384.0,-0.99990E+01
2016,4,25,17.35945,36.1692,-97.4862,1386.0,-0.99990E+01
2016,4,25,17.35972,36.1683,-97.4862,1388.0,-0.99990E+01
2016,4,25,17.36000,36.1675,-97.4863,1391.0,-0.99990E+01
2016,4,25,17.36028,36.1665,-97.4863,1393.0,-0.99990E+01
2016,4,25,17.36056,36.1658,-97.4863,1394.0,-0.99990E+01
2016,4,25,17.36083,36.1650,-97.4863,1394.0,-0.99990E+01
2016,4,25,17.36111,36.1640,-97.4863,1395.0,-0.99990E+01
2016,4,25,17.36139,36.1632,-97.4863,1393.0,-0.99990E+01
2016,4,25,17.36167,36.1623,-97.4863,1392.0,-0.99990E+01
2016,4,25,17.36194,36.1615,-97.4863,1389.0,-0.99990E+01
2016,4,25,17.36222,36.1607,-97.4863,1387.0,-0.99990E+01
2016,4,25,17.36250,36.1598,-97.4865,1385.0,-0.99990E+01
2016,4,25,17.36278,36.1590,-97.4865,1383.0,-0.99990E+01
2016,4,25,17.36306,36.1580,-97.4865,1381.0,-0.99990E+01
2016,4,25,17.36333,36.1573,-97.4865,1380.0,-0.99990E+01
2016,4,25,17.36361,36.1562,-97.4865,1378.0,-0.99990E+01
2016,4,25,17.36389,36.1555,-97.4865,1377.0,-0.99990E+01
2016,4,25,17.36417,36.1547,-97.4865,1376.0,-0.99990E+01
2016,4,25,17.36444,36.1538,-97.4867,1376.0,-0.99990E+01
2016,4,25,17.36472,36.1528,-97.4867,1376.0,-0.99990E+01
2016,4,25,17.36500,36.1520,-97.4867,1376.0,-0.99990E+01
2016,4,25,17.36528,36.1512,-97.4867,1377.0,-0.99990E+01
2016,4,25,17.36556,36.1502,-97.4867,1378.0,-0.99990E+01
2016,4,25,17.36583,36.1493,-97.4867,1379.0,-0.99990E+01
2016,4,25,17.36611,36.1487,-97.4868,1380.0,-0.99990E+01
2016,4,25,17.36639,36.1477,-97.4868,1381.0,-0.99990E+01
2016,4,25,17.36667,36.1468,-97.4868,1382.0,-0.99990E+01
2016,4,25,17.36695,36.1458,-97.4868,1383.0,-0.99990E+01
2016,4,25,17.36722,36.1450,-97.4868,1384.0,-0.99990E+01
2016,4,25,17.36750,36.1442,-97.4868,1384.0,-0.99990E+01
2016,4,25,17.36778,36.1433,-97.4870,1385.0,-0.99990E+01
2016,4,25,17.36806,36.1427,-97.4870,1386.0,-0.99990E+01
2016,4,25,17.36833,36.1417,-97.4870,1387.0,-0.99990E+01
2016,4,25,17.36861,36.1408,-97.4870,1388.0,-0.99990E+01
2016,4,25,17.36889,36.1400,-97.4870,1389.0,-0.99990E+01
2016,4,25,17.36917,36.1390,-97.4868,1389.0,-0.99990E+01
2016,4,25,17.36944,36.1382,-97.4868,1390.0,-0.99990E+01
2016,4,25,17.36972,36.1375,-97.4868,1391.0,-0.99990E+01
2016,4,25,17.37000,36.1365,-97.4868,1391.0,-0.99990E+01
2016,4,25,17.37028,36.1357,-97.4868,1391.0,-0.99990E+01
2016,4,25,17.37056,36.1348,-97.4868,1391.0,-0.99990E+01
2016,4,25,17.37083,36.1340,-97.4868,1391.0,-0.99990E+01
2016,4,25,17.37111,36.1332,-97.4868,1391.0,-0.99990E+01
2016,4,25,17.37139,36.1323,-97.4867,1391.0,-0.99990E+01
2016,4,25,17.37167,36.1313,-97.4867,1391.0,-0.99990E+01
2016,4,25,17.37194,36.1307,-97.4867,1391.0,-0.99990E+01
2016,4,25,17.37222,36.1298,-97.4867,1390.0,-0.99990E+01
2016,4,25,17.37250,36.1290,-97.4867,1389.0,-0.99990E+01
2016,4,25,17.37278,36.1282,-97.4867,1388.0,-0.99990E+01
2016,4,25,17.37306,36.1272,-97.4867,1388.0,-0.99990E+01
2016,4,25,17.37333,36.1263,-97.4867,1386.0,-0.99990E+01
2016,4,25,17.37361,36.1255,-97.4865,1386.0,-0.99990E+01
2016,4,25,17.37389,36.1248,-97.4865,1385.0,-0.99990E+01
2016,4,25,17.37417,36.1238,-97.4865,1384.0,-0.99990E+01
2016,4,25,17.37444,36.1230,-97.4865,1384.0,-0.99990E+01
2016,4,25,17.37472,36.1222,-97.4865,1383.0,-0.99990E+01
2016,4,25,17.37500,36.1213,-97.4865,1382.0,-0.99990E+01
2016,4,25,17.37528,36.1203,-97.4865,1381.0,-0.99990E+01
2016,4,25,17.37556,36.1195,-97.4865,1380.0,-0.99990E+01
2016,4,25,17.37583,36.1187,-97.4865,1378.0,-0.99990E+01
2016,4,25,17.37611,36.1178,-97.4863,1377.0,-0.99990E+01
2016,4,25,17.37639,36.1170,-97.4863,1377.0,-0.99990E+01
2016,4,25,17.37667,36.1160,-97.4863,1376.0,-0.99990E+01
2016,4,25,17.37695,36.1152,-97.4863,1376.0,-0.99990E+01
2016,4,25,17.37722,36.1145,-97.4863,1376.0,-0.99990E+01
2016,4,25,17.37750,36.1135,-97.4862,1376.0,-0.99990E+01
2016,4,25,17.37778,36.1127,-97.4862,1376.0,-0.99990E+01
2016,4,25,17.37806,36.1118,-97.4862,1377.0,-0.99990E+01
2016,4,25,17.37833,36.1110,-97.4862,1378.0,-0.99990E+01
2016,4,25,17.37861,36.1102,-97.4862,1379.0,-0.99990E+01
2016,4,25,17.37889,36.1093,-97.4860,1379.0,-0.99990E+01
2016,4,25,17.37917,36.1085,-97.4860,1380.0,-0.99990E+01
2016,4,25,17.37944,36.1077,-97.4860,1381.0,-0.99990E+01
2016,4,25,17.37972,36.1067,-97.4860,1382.0,-0.99990E+01
2016,4,25,17.38000,36.1060,-97.4858,1382.0,-0.99990E+01
2016,4,25,17.38028,36.1050,-97.4858,1382.0,-0.99990E+01
2016,4,25,17.38056,36.1042,-97.4858,1383.0,-0.99990E+01
2016,4,25,17.38083,36.1035,-97.4858,1383.0,-0.99990E+01
2016,4,25,17.38111,36.1025,-97.4857,1383.0,-0.99990E+01
2016,4,25,17.38139,36.1017,-97.4857,1383.0,-0.99990E+01
2016,4,25,17.38167,36.1008,-97.4855,1383.0,-0.99990E+01
2016,4,25,17.38194,36.1000,-97.4855,1383.0,-0.99990E+01
2016,4,25,17.38222,36.0992,-97.4855,1382.0,-0.99990E+01
2016,4,25,17.38250,36.0983,-97.4855,1382.0,-0.99990E+01
2016,4,25,17.38278,36.0975,-97.4853,1382.0,-0.99990E+01
2016,4,25,17.38305,36.0967,-97.4853,1382.0,-0.99990E+01
2016,4,25,17.38333,36.0958,-97.4853,1382.0,-0.99990E+01
2016,4,25,17.38361,36.0947,-97.4852,1382.0,-0.99990E+01
2016,4,25,17.38389,36.0940,-97.4852,1381.0,-0.99990E+01
2016,4,25,17.38417,36.0932,-97.4852,1382.0,-0.99990E+01
2016,4,25,17.38445,36.0925,-97.4852,1382.0,-0.99990E+01
2016,4,25,17.38472,36.0915,-97.4850,1383.0,-0.99990E+01
2016,4,25,17.38500,36.0907,-97.4850,1384.0,-0.99990E+01
2016,4,25,17.38528,36.0898,-97.4850,1385.0,-0.99990E+01
2016,4,25,17.38556,36.0890,-97.4848,1384.0,-0.99990E+01
2016,4,25,17.38583,36.0880,-97.4848,1384.0,-0.99990E+01
2016,4,25,17.38611,36.0873,-97.4848,1384.0,-0.99990E+01
2016,4,25,17.38639,36.0865,-97.4847,1384.0,-0.99990E+01
2016,4,25,17.38667,36.0857,-97.4847,1384.0,-0.99990E+01
2016,4,25,17.38694,36.0848,-97.4847,1384.0,-0.99990E+01
2016,4,25,17.38722,36.0838,-97.4847,1382.0,-0.99990E+01
2016,4,25,17.38750,36.0830,-97.4845,1381.0,-0.99990E+01
2016,4,25,17.38778,36.0823,-97.4845,1380.0,-0.99990E+01
2016,4,25,17.38806,36.0813,-97.4845,1378.0,-0.99990E+01
2016,4,25,17.38833,36.0805,-97.4845,1377.0,-0.99990E+01
2016,4,25,17.38861,36.0797,-97.4843,1377.0,-0.99990E+01
2016,4,25,17.38889,36.0788,-97.4843,1376.0,-0.99990E+01
2016,4,25,17.38917,36.0778,-97.4843,1376.0,-0.99990E+01
2016,4,25,17.38944,36.0770,-97.4843,1376.0,-0.99990E+01
2016,4,25,17.38972,36.0763,-97.4842,1376.0,-0.99990E+01
2016,4,25,17.39000,36.0753,-97.4842,1377.0,-0.99990E+01
2016,4,25,17.39028,36.0745,-97.4842,1377.0,-0.99990E+01
2016,4,25,17.39056,36.0737,-97.4840,1377.0,-0.99990E+01
2016,4,25,17.39083,36.0728,-97.4840,1378.0,-0.99990E+01
2016,4,25,17.39111,36.0720,-97.4840,1379.0,-0.99990E+01
2016,4,25,17.39139,36.0712,-97.4838,1380.0,-0.99990E+01
2016,4,25,17.39167,36.0702,-97.4838,1381.0,-0.99990E+01
2016,4,25,17.39194,36.0693,-97.4838,1383.0,-0.99990E+01
2016,4,25,17.39222,36.0685,-97.4837,1384.0,-0.99990E+01
2016,4,25,17.39250,36.0677,-97.4837,1386.0,-0.99990E+01
2016,4,25,17.39278,36.0668,-97.4835,1386.0,-0.99990E+01
2016,4,25,17.39305,36.0662,-97.4835,1386.0,-0.99990E+01
2016,4,25,17.39333,36.0652,-97.4835,1385.0,-0.99990E+01
2016,4,25,17.39361,36.0643,-97.4833,1384.0,-0.99990E+01
2016,4,25,17.39389,36.0637,-97.4833,1383.0,-0.99990E+01
2016,4,25,17.39417,36.0627,-97.4833,1381.0,-0.99990E+01
2016,4,25,17.39444,36.0618,-97.4832,1379.0,-0.99990E+01
2016,4,25,17.39472,36.0612,-97.4832,1378.0,-0.99990E+01
2016,4,25,17.39500,36.0602,-97.4830,1377.0,-0.99990E+01
2016,4,25,17.39528,36.0593,-97.4830,1376.0,-0.99990E+01
2016,4,25,17.39556,36.0585,-97.4830,1375.0,-0.99990E+01
2016,4,25,17.39583,36.0577,-97.4828,1374.0,-0.99990E+01
2016,4,25,17.39611,36.0568,-97.4828,1374.0,-0.99990E+01
2016,4,25,17.39639,36.0560,-97.4828,1375.0,-0.99990E+01
2016,4,25,17.39667,36.0552,-97.4827,1376.0,-0.99990E+01
2016,4,25,17.39694,36.0543,-97.4827,1377.0,-0.99990E+01
2016,4,25,17.39722,36.0535,-97.4827,1377.0,-0.99990E+01
2016,4,25,17.39750,36.0527,-97.4825,1378.0,-0.99990E+01
2016,4,25,17.39778,36.0518,-97.4825,1377.0,-0.99990E+01
2016,4,25,17.39806,36.0510,-97.4823,1377.0,-0.99990E+01
2016,4,25,17.39833,36.0502,-97.4823,1377.0,-0.99990E+01
2016,4,25,17.39861,36.0493,-97.4823,1377.0,-0.99990E+01
2016,4,25,17.39889,36.0485,-97.4822,1377.0,-0.99990E+01
2016,4,25,17.39917,36.0477,-97.4822,1378.0,-0.99990E+01
2016,4,25,17.39944,36.0468,-97.4820,1379.0,-0.99990E+01
2016,4,25,17.39972,36.0460,-97.4820,1379.0,-0.99990E+01
2016,4,25,17.40000,36.0452,-97.4820,1379.0,-0.99990E+01
2016,4,25,17.40028,36.0443,-97.4818,1379.0,-0.99990E+01
2016,4,25,17.40055,36.0435,-97.4818,1379.0,-0.99990E+01
2016,4,25,17.40083,36.0427,-97.4817,1379.0,-0.99990E+01
2016,4,25,17.40111,36.0420,-97.4817,1380.0,-0.99990E+01
2016,4,25,17.40139,36.0410,-97.4817,1380.0,-0.99990E+01
2016,4,25,17.40167,36.0402,-97.4815,1380.0,-0.99990E+01
2016,4,25,17.40194,36.0395,-97.4815,1380.0,-0.99990E+01
2016,4,25,17.40222,36.0387,-97.4815,1380.0,-0.99990E+01
2016,4,25,17.40250,36.0377,-97.4813,1381.0,-0.99990E+01
2016,4,25,17.40278,36.0370,-97.4813,1381.0,-0.99990E+01
2016,4,25,17.40306,36.0362,-97.4813,1382.0,-0.99990E+01
2016,4,25,17.40333,36.0353,-97.4812,1382.0,-0.99990E+01
2016,4,25,17.40361,36.0347,-97.4812,1382.0,-0.99990E+01
2016,4,25,17.40389,36.0337,-97.4812,1382.0,-0.99990E+01
2016,4,25,17.40417,36.0330,-97.4810,1382.0,-0.99990E+01
2016,4,25,17.40444,36.0322,-97.4810,1382.0,-0.99990E+01
2016,4,25,17.40472,36.0313,-97.4810,1381.0,-0.99990E+01
2016,4,25,17.40500,36.0305,-97.4810,1380.0,-0.99990E+01
2016,4,25,17.40528,36.0298,-97.4808,1379.0,-0.99990E+01
2016,4,25,17.40556,36.0288,-97.4808,1378.0,-0.99990E+01
2016,4,25,17.40583,36.0282,-97.4808,1377.0,-0.99990E+01
2016,4,25,17.40611,36.0273,-97.4807,1377.0,-0.99990E+01
2016,4,25,17.40639,36.0265,-97.4807,1377.0,-0.99990E+01
2016,4,25,17.40667,36.0258,-97.4807,1377.0,-0.99990E+01
2016,4,25,17.40694,36.0248,-97.4805,1376.0,-0.99990E+01
2016,4,25,17.40722,36.0242,-97.4805,1376.0,-0.99990E+01
2016,4,25,17.40750,36.0233,-97.4805,1376.0,-0.99990E+01
2016,4,25,17.40778,36.0225,-97.4803,1376.0,-0.99990E+01
2016,4,25,17.40805,36.0217,-97.4803,1376.0,-0.99990E+01
2016,4,25,17.40833,36.0210,-97.4802,1376.0,-0.99990E+01
2016,4,25,17.40861,36.0200,-97.4802,1377.0,-0.99990E+01
2016,4,25,17.40889,36.0193,-97.4800,1376.0,-0.99990E+01
2016,4,25,17.40917,36.0187,-97.4798,1374.0,-0.99990E+01
2016,4,25,17.40944,36.0178,-97.4797,1370.0,-0.99990E+01
2016,4,25,17.40972,36.0170,-97.4795,1363.0,-0.99990E+01
2016,4,25,17.41000,36.0162,-97.4792,1355.0,-0.99990E+01
2016,4,25,17.41028,36.0153,-97.4788,1346.0,-0.99990E+01
2016,4,25,17.41055,36.0147,-97.4785,1338.0,-0.99990E+01
2016,4,25,17.41083,36.0138,-97.4780,1328.0,-0.99990E+01
2016,4,25,17.41111,36.0132,-97.4775,1320.0,-0.99990E+01
2016,4,25,17.41139,36.0125,-97.4768,1312.0,-0.99990E+01
2016,4,25,17.41167,36.0118,-97.4763,1304.0,-0.99990E+01
2016,4,25,17.41194,36.0112,-97.4757,1297.0,-0.99990E+01
2016,4,25,17.41222,36.0105,-97.4750,1289.0,-0.99990E+01
2016,4,25,17.41250,36.0100,-97.4743,1282.0,-0.99990E+01
2016,4,25,17.41278,36.0093,-97.4735,1275.0,-0.99990E+01
2016,4,25,17.41306,36.0087,-97.4725,1268.0,-0.99990E+01
2016,4,25,17.41333,36.0082,-97.4718,1262.0,-0.99990E+01
2016,4,25,17.41361,36.0077,-97.4707,1253.0,-0.99990E+01
2016,4,25,17.41389,36.0072,-97.4698,1247.0,-0.99990E+01
2016,4,25,17.41417,36.0068,-97.4690,1241.0,-0.99990E+01
2016,4,25,17.41444,36.0063,-97.4678,1235.0,-0.99990E+01
2016,4,25,17.41472,36.0060,-97.4670,1230.0,-0.99990E+01
2016,4,25,17.41500,36.0057,-97.4658,1225.0,-0.99990E+01
2016,4,25,17.41528,36.0055,-97.4647,1219.0,-0.99990E+01
2016,4,25,17.41556,36.0052,-97.4637,1215.0,-0.99990E+01
2016,4,25,17.41583,36.0050,-97.4625,1211.0,-0.99990E+01
2016,4,25,17.41611,36.0048,-97.4613,1208.0,-0.99990E+01
2016,4,25,17.41639,36.0048,-97.4603,1206.0,-0.99990E+01
2016,4,25,17.41667,36.0047,-97.4590,1203.0,-0.99990E+01
2016,4,25,17.41694,36.0047,-97.4578,1200.0,-0.99990E+01
2016,4,25,17.41722,36.0047,-97.4568,1198.0,-0.99990E+01
2016,4,25,17.41750,36.0045,-97.4557,1195.0,-0.99990E+01
2016,4,25,17.41778,36.0045,-97.4545,1193.0,-0.99990E+01
2016,4,25,17.41805,36.0045,-97.4533,1191.0,-0.99990E+01
2016,4,25,17.41833,36.0045,-97.4520,1189.0,-0.99990E+01
2016,4,25,17.41861,36.0045,-97.4510,1187.0,-0.99990E+01
2016,4,25,17.41889,36.0045,-97.4498,1185.0,-0.99990E+01
2016,4,25,17.41917,36.0045,-97.4487,1181.0,-0.99990E+01
2016,4,25,17.41944,36.0045,-97.4477,1178.0,-0.99990E+01
2016,4,25,17.41972,36.0045,-97.4463,1175.0,-0.99990E+01
2016,4,25,17.42000,36.0045,-97.4453,1171.0,-0.99990E+01
2016,4,25,17.42028,36.0045,-97.4443,1168.0,-0.99990E+01
2016,4,25,17.42056,36.0043,-97.4430,1163.0,-0.99990E+01
2016,4,25,17.42083,36.0042,-97.4420,1158.0,-0.99990E+01
2016,4,25,17.42111,36.0040,-97.4410,1154.0,-0.99990E+01
2016,4,25,17.42139,36.0038,-97.4398,1149.0,-0.99990E+01
2016,4,25,17.42167,36.0035,-97.4387,1144.0,-0.99990E+01
2016,4,25,17.42194,36.0032,-97.4377,1140.0,-0.99990E+01
2016,4,25,17.42222,36.0028,-97.4367,1136.0,-0.99990E+01
2016,4,25,17.42250,36.0025,-97.4357,1132.0,-0.99990E+01
2016,4,25,17.42278,36.0020,-97.4347,1129.0,-0.99990E+01
2016,4,25,17.42306,36.0015,-97.4337,1124.0,-0.99990E+01
2016,4,25,17.42333,36.0010,-97.4327,1120.0,-0.99990E+01
2016,4,25,17.42361,36.0005,-97.4318,1117.0,-0.99990E+01
2016,4,25,17.42389,36.0000,-97.4310,1113.0,-0.99990E+01
2016,4,25,17.42417,35.9993,-97.4302,1109.0,-0.99990E+01
2016,4,25,17.42444,35.9987,-97.4293,1105.0,-0.99990E+01
2016,4,25,17.42472,35.9982,-97.4287,1103.0,-0.99990E+01
2016,4,25,17.42500,35.9975,-97.4280,1100.0,-0.99990E+01
2016,4,25,17.42528,35.9968,-97.4273,1098.0,-0.99990E+01
2016,4,25,17.42555,35.9960,-97.4267,1096.0,-0.99990E+01
2016,4,25,17.42583,35.9953,-97.4262,1095.0,-0.99990E+01
2016,4,25,17.42611,35.9945,-97.4257,1094.0,-0.99990E+01
2016,4,25,17.42639,35.9938,-97.4252,1093.0,-0.99990E+01
2016,4,25,17.42667,35.9930,-97.4247,1091.0,-0.99990E+01
2016,4,25,17.42694,35.9922,-97.4243,1091.0,-0.99990E+01
2016,4,25,17.42722,35.9913,-97.4240,1090.0,-0.99990E+01
2016,4,25,17.42750,35.9907,-97.4238,1089.0,-0.99990E+01
2016,4,25,17.42778,35.9897,-97.4235,1088.0,-0.99990E+01
2016,4,25,17.42805,35.9888,-97.4233,1088.0,-0.99990E+01
2016,4,25,17.42833,35.9882,-97.4233,1088.0,-0.99990E+01
2016,4,25,17.42861,35.9873,-97.4233,1088.0,-0.99990E+01
2016,4,25,17.42889,35.9863,-97.4233,1088.0,-0.99990E+01
2016,4,25,17.42917,35.9857,-97.4233,1088.0,-0.99990E+01
2016,4,25,17.42944,35.9848,-97.4235,1088.0,-0.99990E+01
2016,4,25,17.42972,35.9840,-97.4237,1089.0,-0.99990E+01
2016,4,25,17.43000,35.9833,-97.4238,1089.0,-0.99990E+01
2016,4,25,17.43028,35.9825,-97.4240,1090.0,-0.99990E+01
2016,4,25,17.43056,35.9817,-97.4243,1090.0,-0.99990E+01
2016,4,25,17.43083,35.9810,-97.4247,1090.0,-0.99990E+01
2016,4,25,17.43111,35.9803,-97.4252,1090.0,-0.99990E+01
2016,4,25,17.43139,35.9795,-97.4257,1091.0,-0.99990E+01
2016,4,25,17.43167,35.9790,-97.4260,1091.0,-0.99990E+01
2016,4,25,17.43194,35.9783,-97.4267,1089.0,-0.99990E+01
2016,4,25,17.43222,35.9777,-97.4272,1089.0,-0.99990E+01
2016,4,25,17.43250,35.9770,-97.4278,1088.0,-0.99990E+01
2016,4,25,17.43278,35.9763,-97.4285,1089.0,-0.99990E+01
2016,4,25,17.43305,35.9758,-97.4292,1088.0,-0.99990E+01
2016,4,25,17.43333,35.9753,-97.4300,1089.0,-0.99990E+01
2016,4,25,17.43361,35.9748,-97.4308,1089.0,-0.99990E+01
2016,4,25,17.43389,35.9743,-97.4317,1090.0,-0.99990E+01
2016,4,25,17.43417,35.9740,-97.4325,1090.0,-0.99990E+01
2016,4,25,17.43444,35.9737,-97.4333,1090.0,-0.99990E+01
2016,4,25,17.43472,35.9733,-97.4342,1089.0,-0.99990E+01
2016,4,25,17.43500,35.9730,-97.4353,1088.0,-0.99990E+01
2016,4,25,17.43528,35.9727,-97.4362,1088.0,-0.99990E+01
2016,4,25,17.43555,35.9725,-97.4370,1087.0,-0.99990E+01
2016,4,25,17.43583,35.9723,-97.4382,1086.0,-0.99990E+01
2016,4,25,17.43611,35.9722,-97.4393,1084.0,-0.99990E+01
2016,4,25,17.43639,35.9720,-97.4403,1082.0,-0.99990E+01
2016,4,25,17.43667,35.9720,-97.4413,1080.0,-0.99990E+01
2016,4,25,17.43694,35.9720,-97.4422,1078.0,-0.99990E+01
2016,4,25,17.43722,35.9720,-97.4433,1076.0,-0.99990E+01
2016,4,25,17.43750,35.9720,-97.4443,1075.0,-0.99990E+01
2016,4,25,17.43778,35.9722,-97.4453,1074.0,-0.99990E+01
2016,4,25,17.43806,35.9723,-97.4465,1074.0,-0.99990E+01
2016,4,25,17.43833,35.9725,-97.4475,1074.0,-0.99990E+01
2016,4,25,17.43861,35.9727,-97.4483,1074.0,-0.99990E+01
2016,4,25,17.43889,35.9730,-97.4493,1076.0,-0.99990E+01
2016,4,25,17.43917,35.9733,-97.4503,1075.0,-0.99990E+01
2016,4,25,17.43944,35.9738,-97.4515,1076.0,-0.99990E+01
2016,4,25,17.43972,35.9742,-97.4523,1076.0,-0.99990E+01
2016,4,25,17.44000,35.9747,-97.4532,1077.0,-0.99990E+01
2016,4,25,17.44028,35.9752,-97.4542,1078.0,-0.99990E+01
2016,4,25,17.44056,35.9757,-97.4550,1080.0,-0.99990E+01
2016,4,25,17.44083,35.9762,-97.4558,1082.0,-0.99990E+01
2016,4,25,17.44111,35.9768,-97.4567,1085.0,-0.99990E+01
2016,4,25,17.44139,35.9775,-97.4575,1087.0,-0.99990E+01
2016,4,25,17.44167,35.9782,-97.4582,1090.0,-0.99990E+01
2016,4,25,17.44194,35.9788,-97.4590,1092.0,-0.99990E+01
2016,4,25,17.44222,35.9795,-97.4597,1093.0,-0.99990E+01
2016,4,25,17.44250,35.9802,-97.4603,1094.0,-0.99990E+01
2016,4,25,17.44278,35.9808,-97.4610,1094.0,-0.99990E+01
2016,4,25,17.44305,35.9817,-97.4617,1093.0,-0.99990E+01
2016,4,25,17.44333,35.9823,-97.4623,1093.0,-0.99990E+01
2016,4,25,17.44361,35.9832,-97.4628,1091.0,-0.99990E+01
2016,4,25,17.44389,35.9840,-97.4635,1090.0,-0.99990E+01
2016,4,25,17.44417,35.9847,-97.4640,1090.0,-0.99990E+01
2016,4,25,17.44444,35.9857,-97.4645,1090.0,-0.99990E+01
2016,4,25,17.44472,35.9865,-97.4648,1089.0,-0.99990E+01
2016,4,25,17.44500,35.9873,-97.4652,1089.0,-0.99990E+01
2016,4,25,17.44528,35.9882,-97.4655,1089.0,-0.99990E+01
2016,4,25,17.44555,35.9890,-97.4658,1089.0,-0.99990E+01
2016,4,25,17.44583,35.9898,-97.4662,1089.0,-0.99990E+01
2016,4,25,17.44611,35.9908,-97.4665,1089.0,-0.99990E+01
2016,4,25,17.44639,35.9917,-97.4668,1086.0,-0.99990E+01
2016,4,25,17.44667,35.9925,-97.4672,1086.0,-0.99990E+01
2016,4,25,17.44694,35.9935,-97.4675,1086.0,-0.99990E+01
2016,4,25,17.44722,35.9943,-97.4678,1085.0,-0.99990E+01
2016,4,25,17.44750,35.9952,-97.4682,1085.0,-0.99990E+01
2016,4,25,17.44778,35.9962,-97.4685,1085.0,-0.99990E+01
2016,4,25,17.44806,35.9970,-97.4688,1085.0,-0.99990E+01
2016,4,25,17.44833,35.9978,-97.4690,1085.0,-0.99990E+01
2016,4,25,17.44861,35.9988,-97.4693,1085.0,-0.99990E+01
2016,4,25,17.44889,35.9997,-97.4697,1085.0,-0.99990E+01
2016,4,25,17.44917,36.0007,-97.4700,1086.0,-0.99990E+01
2016,4,25,17.44944,36.0015,-97.4703,1086.0,-0.99990E+01
2016,4,25,17.44972,36.0025,-97.4705,1086.0,-0.99990E+01
2016,4,25,17.45000,36.0033,-97.4708,1086.0,-0.99990E+01
2016,4,25,17.45028,36.0045,-97.4712,1086.0,-0.99990E+01
2016,4,25,17.45056,36.0053,-97.4715,1086.0,-0.99990E+01
2016,4,25,17.45083,36.0062,-97.4717,1085.0,-0.99990E+01
2016,4,25,17.45111,36.0070,-97.4720,1084.0,-0.99990E+01
2016,4,25,17.45139,36.0080,-97.4723,1083.0,-0.99990E+01
2016,4,25,17.45167,36.0090,-97.4727,1082.0,-0.99990E+01
2016,4,25,17.45194,36.0097,-97.4728,1082.0,-0.99990E+01
2016,4,25,17.45222,36.0107,-97.4732,1081.0,-0.99990E+01
2016,4,25,17.45250,36.0117,-97.4735,1080.0,-0.99990E+01
2016,4,25,17.45278,36.0127,-97.4737,1079.0,-0.99990E+01
2016,4,25,17.45306,36.0135,-97.4740,1079.0,-0.99990E+01
2016,4,25,17.45333,36.0145,-97.4743,1079.0,-0.99990E+01
2016,4,25,17.45361,36.0153,-97.4745,1078.0,-0.99990E+01
2016,4,25,17.45389,36.0162,-97.4748,1078.0,-0.99990E+01
2016,4,25,17.45417,36.0172,-97.4750,1078.0,-0.99990E+01
2016,4,25,17.45444,36.0182,-97.4753,1078.0,-0.99990E+01
2016,4,25,17.45472,36.0190,-97.4757,1078.0,-0.99990E+01
2016,4,25,17.45500,36.0198,-97.4758,1078.0,-0.99990E+01
2016,4,25,17.45528,36.0208,-97.4762,1078.0,-0.99990E+01
2016,4,25,17.45556,36.0218,-97.4763,1078.0,-0.99990E+01
2016,4,25,17.45583,36.0227,-97.4765,1078.0,-0.99990E+01
2016,4,25,17.45611,36.0238,-97.4767,1079.0,-0.99990E+01
2016,4,25,17.45639,36.0247,-97.4768,1080.0,-0.99990E+01
2016,4,25,17.45667,36.0255,-97.4770,1080.0,-0.99990E+01
2016,4,25,17.45695,36.0265,-97.4772,1080.0,-0.99990E+01
2016,4,25,17.45722,36.0275,-97.4773,1079.0,-0.99990E+01
2016,4,25,17.45750,36.0283,-97.4775,1079.0,-0.99990E+01
2016,4,25,17.45778,36.0293,-97.4777,1079.0,-0.99990E+01
2016,4,25,17.45806,36.0303,-97.4777,1078.0,-0.99990E+01
2016,4,25,17.45833,36.0313,-97.4778,1079.0,-0.99990E+01
2016,4,25,17.45861,36.0323,-97.4778,1079.0,-0.99990E+01
2016,4,25,17.45889,36.0333,-97.4778,1081.0,-0.99990E+01
2016,4,25,17.45917,36.0340,-97.4780,1082.0,-0.99990E+01
2016,4,25,17.45945,36.0352,-97.4780,1083.0,-0.99990E+01
2016,4,25,17.45972,36.0362,-97.4780,1084.0,-0.99990E+01
2016,4,25,17.46000,36.0372,-97.4780,1085.0,-0.99990E+01
2016,4,25,17.46028,36.0380,-97.4782,1085.0,-0.99990E+01
2016,4,25,17.46056,36.0390,-97.4782,1085.0,-0.99990E+01
2016,4,25,17.46083,36.0400,-97.4782,1084.0,-0.99990E+01
2016,4,25,17.46111,36.0410,-97.4782,1084.0,-0.99990E+01
2016,4,25,17.46139,36.0420,-97.4783,1083.0,-0.99990E+01
2016,4,25,17.46167,36.0428,-97.4783,1082.0,-0.99990E+01
2016,4,25,17.46194,36.0438,-97.4783,1081.0,-0.99990E+01
2016,4,25,17.46222,36.0448,-97.4785,1080.0,-0.99990E+01
2016,4,25,17.46250,36.0457,-97.4785,1079.0,-0.99990E+01
2016,4,25,17.46278,36.0468,-97.4785,1078.0,-0.99990E+01
2016,4,25,17.46306,36.0478,-97.4787,1077.0,-0.99990E+01
2016,4,25,17.46334,36.0487,-97.4787,1076.0,-0.99990E+01
2016,4,25,17.46361,36.0497,-97.4788,1075.0,-0.99990E+01
2016,4,25,17.46389,36.0507,-97.4788,1074.0,-0.99990E+01
2016,4,25,17.46417,36.0515,-97.4788,1073.0,-0.99990E+01
2016,4,25,17.46445,36.0527,-97.4790,1072.0,-0.99990E+01
2016,4,25,17.46472,36.0537,-97.4790,1071.0,-0.99990E+01
2016,4,25,17.46500,36.0545,-97.4792,1071.0,-0.99990E+01
2016,4,25,17.46528,36.0555,-97.4792,1071.0,-0.99990E+01
2016,4,25,17.46556,36.0565,-97.4792,1071.0,-0.99990E+01
2016,4,25,17.46583,36.0575,-97.4793,1072.0,-0.99990E+01
2016,4,25,17.46611,36.0585,-97.4793,1072.0,-0.99990E+01
2016,4,25,17.46639,36.0593,-97.4795,1072.0,-0.99990E+01
2016,4,25,17.46667,36.0605,-97.4795,1072.0,-0.99990E+01
2016,4,25,17.46695,36.0615,-97.4797,1072.0,-0.99990E+01
2016,4,25,17.46722,36.0623,-97.4797,1073.0,-0.99990E+01
2016,4,25,17.46750,36.0633,-97.4797,1074.0,-0.99990E+01
2016,4,25,17.46778,36.0643,-97.4798,1074.0,-0.99990E+01
2016,4,25,17.46806,36.0653,-97.4798,1076.0,-0.99990E+01
2016,4,25,17.46833,36.0662,-97.4800,1076.0,-0.99990E+01
2016,4,25,17.46861,36.0673,-97.4800,1076.0,-0.99990E+01
2016,4,25,17.46889,36.0682,-97.4802,1076.0,-0.99990E+01
2016,4,25,17.46917,36.0693,-97.4802,1075.0,-0.99990E+01
2016,4,25,17.46944,36.0703,-97.4802,1074.0,-0.99990E+01
2016,4,25,17.46972,36.0712,-97.4803,1073.0,-0.99990E+01
2016,4,25,17.47000,36.0722,-97.4803,1072.0,-0.99990E+01
2016,4,25,17.47028,36.0732,-97.4805,1072.0,-0.99990E+01
2016,4,25,17.47056,36.0742,-97.4805,1071.0,-0.99990E+01
2016,4,25,17.47083,36.0752,-97.4805,1071.0,-0.99990E+01
2016,4,25,17.47111,36.0762,-97.4807,1071.0,-0.99990E+01
2016,4,25,17.47139,36.0772,-97.4807,1071.0,-0.99990E+01
2016,4,25,17.47167,36.0780,-97.4808,1072.0,-0.99990E+01
2016,4,25,17.47194,36.0792,-97.4808,1072.0,-0.99990E+01
2016,4,25,17.47222,36.0802,-97.4808,1073.0,-0.99990E+01
2016,4,25,17.47250,36.0810,-97.4810,1073.0,-0.99990E+01
2016,4,25,17.47278,36.0822,-97.4810,1073.0,-0.99990E+01
2016,4,25,17.47306,36.0832,-97.4810,1073.0,-0.99990E+01
2016,4,25,17.47333,36.0840,-97.4810,1073.0,-0.99990E+01
2016,4,25,17.47361,36.0852,-97.4810,1072.0,-0.99990E+01
2016,4,25,17.47389,36.0860,-97.4812,1072.0,-0.99990E+01
2016,4,25,17.47417,36.0870,-97.4812,1072.0,-0.99990E+01
2016,4,25,17.47445,36.0882,-97.4812,1072.0,-0.99990E+01
2016,4,25,17.47472,36.0892,-97.4812,1071.0,-0.99990E+01
2016,4,25,17.47500,36.0900,-97.4813,1071.0,-0.99990E+01
2016,4,25,17.47528,36.0912,-97.4813,1070.0,-0.99990E+01
2016,4,25,17.47556,36.0922,-97.4813,1070.0,-0.99990E+01
2016,4,25,17.47583,36.0930,-97.4813,1069.0,-0.99990E+01
2016,4,25,17.47611,36.0942,-97.4813,1069.0,-0.99990E+01
2016,4,25,17.47639,36.0952,-97.4813,1069.0,-0.99990E+01
2016,4,25,17.47667,36.0962,-97.4815,1069.0,-0.99990E+01
2016,4,25,17.47695,36.0970,-97.4815,1070.0,-0.99990E+01
2016,4,25,17.47722,36.0980,-97.4815,1069.0,-0.99990E+01
2016,4,25,17.47750,36.0992,-97.4815,1070.0,-0.99990E+01
2016,4,25,17.47778,36.1002,-97.4815,1070.0,-0.99990E+01
2016,4,25,17.47806,36.1012,-97.4815,1071.0,-0.99990E+01
2016,4,25,17.47833,36.1020,-97.4815,1071.0,-0.99990E+01
2016,4,25,17.47861,36.1030,-97.4815,1072.0,-0.99990E+01
2016,4,25,17.47889,36.1040,-97.4815,1073.0,-0.99990E+01
2016,4,25,17.47917,36.1048,-97.4815,1073.0,-0.99990E+01
2016,4,25,17.47944,36.1060,-97.4817,1074.0,-0.99990E+01
2016,4,25,17.47972,36.1070,-97.4817,1075.0,-0.99990E+01
2016,4,25,17.48000,36.1078,-97.4817,1075.0,-0.99990E+01
2016,4,25,17.48028,36.1090,-97.4817,1075.0,-0.99990E+01
2016,4,25,17.48056,36.1100,-97.4817,1074.0,-0.99990E+01
2016,4,25,17.48083,36.1110,-97.4817,1074.0,-0.99990E+01
2016,4,25,17.48111,36.1120,-97.4817,1073.0,-0.99990E+01
2016,4,25,17.48139,36.1128,-97.4818,1072.0,-0.99990E+01
2016,4,25,17.48167,36.1138,-97.4818,1072.0,-0.99990E+01
2016,4,25,17.48195,36.1148,-97.4818,1071.0,-0.99990E+01
2016,4,25,17.48222,36.1158,-97.4818,1070.0,-0.99990E+01
2016,4,25,17.48250,36.1167,-97.4818,1070.0,-0.99990E+01
2016,4,25,17.48278,36.1178,-97.4820,1069.0,-0.99990E+01
2016,4,25,17.48306,36.1188,-97.4820,1068.0,-0.99990E+01
2016,4,25,17.48333,36.1197,-97.4820,1068.0,-0.99990E+01
2016,4,25,17.48361,36.1208,-97.4822,1068.0,-0.99990E+01
2016,4,25,17.48389,36.1218,-97.4822,1068.0,-0.99990E+01
2016,4,25,17.48417,36.1227,-97.4822,1067.0,-0.99990E+01
2016,4,25,17.48445,36.1237,-97.4822,1067.0,-0.99990E+01
2016,4,25,17.48472,36.1247,-97.4823,1067.0,-0.99990E+01
2016,4,25,17.48500,36.1257,-97.4823,1068.0,-0.99990E+01
2016,4,25,17.48528,36.1267,-97.4823,1068.0,-0.99990E+01
2016,4,25,17.48556,36.1277,-97.4823,1067.0,-0.99990E+01
2016,4,25,17.48583,36.1287,-97.4825,1067.0,-0.99990E+01
2016,4,25,17.48611,36.1297,-97.4825,1068.0,-0.99990E+01
2016,4,25,17.48639,36.1305,-97.4825,1068.0,-0.99990E+01
2016,4,25,17.48667,36.1315,-97.4825,1069.0,-0.99990E+01
2016,4,25,17.48694,36.1325,-97.4827,1069.0,-0.99990E+01
2016,4,25,17.48722,36.1335,-97.4827,1070.0,-0.99990E+01
2016,4,25,17.48750,36.1343,-97.4827,1071.0,-0.99990E+01
2016,4,25,17.48778,36.1355,-97.4828,1071.0,-0.99990E+01
2016,4,25,17.48806,36.1365,-97.4828,1071.0,-0.99990E+01
2016,4,25,17.48833,36.1373,-97.4828,1071.0,-0.99990E+01
2016,4,25,17.48861,36.1383,-97.4828,1071.0,-0.99990E+01
2016,4,25,17.48889,36.1393,-97.4830,1071.0,-0.99990E+01
2016,4,25,17.48917,36.1403,-97.4830,1070.0,-0.99990E+01
2016,4,25,17.48944,36.1415,-97.4830,1070.0,-0.99990E+01
2016,4,25,17.48972,36.1423,-97.4830,1070.0,-0.99990E+01
2016,4,25,17.49000,36.1432,-97.4832,1069.0,-0.99990E+01
2016,4,25,17.49028,36.1443,-97.4832,1069.0,-0.99990E+01
2016,4,25,17.49056,36.1452,-97.4832,1068.0,-0.99990E+01
2016,4,25,17.49083,36.1462,-97.4832,1068.0,-0.99990E+01
2016,4,25,17.49111,36.1472,-97.4833,1068.0,-0.99990E+01
2016,4,25,17.49139,36.1482,-97.4833,1067.0,-0.99990E+01
2016,4,25,17.49167,36.1490,-97.4833,1067.0,-0.99990E+01
2016,4,25,17.49195,36.1503,-97.4835,1067.0,-0.99990E+01
2016,4,25,17.49222,36.1512,-97.4835,1066.0,-0.99990E+01
2016,4,25,17.49250,36.1520,-97.4835,1067.0,-0.99990E+01
2016,4,25,17.49278,36.1532,-97.4837,1067.0,-0.99990E+01
2016,4,25,17.49306,36.1540,-97.4837,1067.0,-0.99990E+01
2016,4,25,17.49333,36.1550,-97.4838,1067.0,-0.99990E+01
2016,4,25,17.49361,36.1560,-97.4838,1067.0,-0.99990E+01
2016,4,25,17.49389,36.1570,-97.4838,1067.0,-0.99990E+01
2016,4,25,17.49417,36.1580,-97.4840,1067.0,-0.99990E+01
2016,4,25,17.49444,36.1590,-97.4840,1067.0,-0.99990E+01
2016,4,25,17.49472,36.1600,-97.4840,1067.0,-0.99990E+01
2016,4,25,17.49500,36.1610,-97.4842,1067.0,-0.99990E+01
2016,4,25,17.49528,36.1618,-97.4842,1067.0,-0.99990E+01
2016,4,25,17.49556,36.1628,-97.4842,1067.0,-0.99990E+01
2016,4,25,17.49583,36.1637,-97.4843,1068.0,-0.99990E+01
2016,4,25,17.49611,36.1648,-97.4843,1069.0,-0.99990E+01
2016,4,25,17.49639,36.1657,-97.4845,1071.0,-0.99990E+01
2016,4,25,17.49667,36.1667,-97.4845,1072.0,-0.99990E+01
2016,4,25,17.49694,36.1677,-97.4845,1073.0,-0.99990E+01
2016,4,25,17.49722,36.1687,-97.4847,1074.0,-0.99990E+01
2016,4,25,17.49750,36.1695,-97.4847,1074.0,-0.99990E+01
2016,4,25,17.49778,36.1707,-97.4847,1075.0,-0.99990E+01
2016,4,25,17.49806,36.1715,-97.4847,1075.0,-0.99990E+01
2016,4,25,17.49833,36.1723,-97.4848,1076.0,-0.99990E+01
2016,4,25,17.49861,36.1735,-97.4848,1076.0,-0.99990E+01
2016,4,25,17.49889,36.1743,-97.4848,1076.0,-0.99990E+01
2016,4,25,17.49917,36.1752,-97.4850,1076.0,-0.99990E+01
2016,4,25,17.49944,36.1763,-97.4850,1076.0,-0.99990E+01
2016,4,25,17.49972,36.1772,-97.4850,1076.0,-0.99990E+01
2016,4,25,17.50000,36.1782,-97.4852,1076.0,-0.99990E+01
2016,4,25,17.50028,36.1793,-97.4852,1075.0,-0.99990E+01
2016,4,25,17.50056,36.1802,-97.4852,1075.0,-0.99990E+01
2016,4,25,17.50083,36.1810,-97.4852,1075.0,-0.99990E+01
2016,4,25,17.50111,36.1820,-97.4853,1074.0,-0.99990E+01
2016,4,25,17.50139,36.1830,-97.4853,1074.0,-0.99990E+01
2016,4,25,17.50167,36.1840,-97.4853,1073.0,-0.99990E+01
2016,4,25,17.50194,36.1850,-97.4853,1072.0,-0.99990E+01
2016,4,25,17.50222,36.1858,-97.4855,1071.0,-0.99990E+01
2016,4,25,17.50250,36.1868,-97.4855,1070.0,-0.99990E+01
2016,4,25,17.50278,36.1878,-97.4855,1069.0,-0.99990E+01
2016,4,25,17.50306,36.1888,-97.4855,1068.0,-0.99990E+01
2016,4,25,17.50333,36.1897,-97.4857,1068.0,-0.99990E+01
2016,4,25,17.50361,36.1907,-97.4857,1068.0,-0.99990E+01
2016,4,25,17.50389,36.1917,-97.4857,1068.0,-0.99990E+01
2016,4,25,17.50417,36.1925,-97.4857,1068.0,-0.99990E+01
2016,4,25,17.50444,36.1935,-97.4858,1068.0,-0.99990E+01
2016,4,25,17.50472,36.1945,-97.4858,1069.0,-0.99990E+01
2016,4,25,17.50500,36.1953,-97.4858,1069.0,-0.99990E+01
2016,4,25,17.50528,36.1965,-97.4858,1071.0,-0.99990E+01
2016,4,25,17.50556,36.1975,-97.4860,1073.0,-0.99990E+01
2016,4,25,17.50583,36.1983,-97.4860,1076.0,-0.99990E+01
2016,4,25,17.50611,36.1995,-97.4860,1078.0,-0.99990E+01
2016,4,25,17.50639,36.2003,-97.4860,1079.0,-0.99990E+01
2016,4,25,17.50667,36.2012,-97.4860,1080.0,-0.99990E+01
2016,4,25,17.50694,36.2022,-97.4862,1080.0,-0.99990E+01
2016,4,25,17.50722,36.2032,-97.4862,1079.0,-0.99990E+01
2016,4,25,17.50750,36.2040,-97.4862,1079.0,-0.99990E+01
2016,4,25,17.50778,36.2052,-97.4862,1078.0,-0.99990E+01
2016,4,25,17.50805,36.2060,-97.4863,1077.0,-0.99990E+01
2016,4,25,17.50833,36.2070,-97.4863,1076.0,-0.99990E+01
2016,4,25,17.50861,36.2082,-97.4863,1075.0,-0.99990E+01
2016,4,25,17.50889,36.2090,-97.4865,1074.0,-0.99990E+01
2016,4,25,17.50917,36.2098,-97.4865,1073.0,-0.99990E+01
2016,4,25,17.50945,36.2108,-97.4865,1072.0,-0.99990E+01
2016,4,25,17.50972,36.2118,-97.4867,1071.0,-0.99990E+01
2016,4,25,17.51000,36.2128,-97.4867,1071.0,-0.99990E+01
2016,4,25,17.51028,36.2138,-97.4867,1070.0,-0.99990E+01
2016,4,25,17.51056,36.2147,-97.4868,1069.0,-0.99990E+01
2016,4,25,17.51083,36.2158,-97.4868,1068.0,-0.99990E+01
2016,4,25,17.51111,36.2168,-97.4868,1068.0,-0.99990E+01
2016,4,25,17.51139,36.2177,-97.4868,1067.0,-0.99990E+01
2016,4,25,17.51167,36.2188,-97.4870,1067.0,-0.99990E+01
2016,4,25,17.51194,36.2197,-97.4870,1067.0,-0.99990E+01
2016,4,25,17.51222,36.2205,-97.4870,1068.0,-0.99990E+01
2016,4,25,17.51250,36.2215,-97.4870,1068.0,-0.99990E+01
2016,4,25,17.51278,36.2225,-97.4872,1068.0,-0.99990E+01
2016,4,25,17.51306,36.2235,-97.4872,1069.0,-0.99990E+01
2016,4,25,17.51333,36.2245,-97.4872,1070.0,-0.99990E+01
2016,4,25,17.51361,36.2255,-97.4872,1071.0,-0.99990E+01
2016,4,25,17.51389,36.2265,-97.4872,1072.0,-0.99990E+01
2016,4,25,17.51417,36.2273,-97.4872,1073.0,-0.99990E+01
2016,4,25,17.51444,36.2285,-97.4873,1074.0,-0.99990E+01
2016,4,25,17.51472,36.2293,-97.4873,1074.0,-0.99990E+01
2016,4,25,17.51500,36.2302,-97.4873,1074.0,-0.99990E+01
2016,4,25,17.51528,36.2313,-97.4873,1074.0,-0.99990E+01
2016,4,25,17.51556,36.2322,-97.4873,1074.0,-0.99990E+01
2016,4,25,17.51583,36.2332,-97.4873,1074.0,-0.99990E+01
2016,4,25,17.51611,36.2342,-97.4873,1073.0,-0.99990E+01
2016,4,25,17.51639,36.2352,-97.4873,1073.0,-0.99990E+01
2016,4,25,17.51667,36.2360,-97.4873,1073.0,-0.99990E+01
2016,4,25,17.51694,36.2372,-97.4873,1072.0,-0.99990E+01
2016,4,25,17.51722,36.2382,-97.4873,1072.0,-0.99990E+01
2016,4,25,17.51750,36.2390,-97.4873,1071.0,-0.99990E+01
2016,4,25,17.51778,36.2400,-97.4873,1071.0,-0.99990E+01
2016,4,25,17.51805,36.2410,-97.4873,1070.0,-0.99990E+01
2016,4,25,17.51833,36.2420,-97.4872,1069.0,-0.99990E+01
2016,4,25,17.51861,36.2430,-97.4872,1067.0,-0.99990E+01
2016,4,25,17.51889,36.2440,-97.4872,1066.0,-0.99990E+01
2016,4,25,17.51917,36.2448,-97.4872,1065.0,-0.99990E+01
2016,4,25,17.51944,36.2460,-97.4872,1064.0,-0.99990E+01
2016,4,25,17.51972,36.2468,-97.4872,1064.0,-0.99990E+01
2016,4,25,17.52000,36.2478,-97.4872,1065.0,-0.99990E+01
2016,4,25,17.52028,36.2488,-97.4872,1065.0,-0.99990E+01
2016,4,25,17.52056,36.2497,-97.4872,1066.0,-0.99990E+01
2016,4,25,17.52083,36.2507,-97.4872,1066.0,-0.99990E+01
2016,4,25,17.52111,36.2517,-97.4872,1067.0,-0.99990E+01
2016,4,25,17.52139,36.2525,-97.4872,1068.0,-0.99990E+01
2016,4,25,17.52167,36.2537,-97.4870,1068.0,-0.99990E+01
2016,4,25,17.52194,36.2547,-97.4870,1068.0,-0.99990E+01
2016,4,25,17.52222,36.2555,-97.4870,1068.0,-0.99990E+01
2016,4,25,17.52250,36.2565,-97.4870,1068.0,-0.99990E+01
2016,4,25,17.52278,36.2577,-97.4870,1069.0,-0.99990E+01
2016,4,25,17.52306,36.2583,-97.4870,1069.0,-0.99990E+01
2016,4,25,17.52333,36.2595,-97.4870,1070.0,-0.99990E+01
2016,4,25,17.52361,36.2603,-97.4870,1072.0,-0.99990E+01
2016,4,25,17.52389,36.2613,-97.4870,1074.0,-0.99990E+01
2016,4,25,17.52417,36.2623,-97.4870,1076.0,-0.99990E+01
2016,4,25,17.52444,36.2633,-97.4868,1078.0,-0.99990E+01
2016,4,25,17.52472,36.2642,-97.4868,1078.0,-0.99990E+01
2016,4,25,17.52500,36.2652,-97.4868,1079.0,-0.99990E+01
2016,4,25,17.52528,36.2662,-97.4868,1079.0,-0.99990E+01
2016,4,25,17.52555,36.2672,-97.4868,1079.0,-0.99990E+01
2016,4,25,17.52583,36.2682,-97.4868,1079.0,-0.99990E+01
2016,4,25,17.52611,36.2690,-97.4868,1078.0,-0.99990E+01
2016,4,25,17.52639,36.2700,-97.4868,1077.0,-0.99990E+01
2016,4,25,17.52667,36.2712,-97.4868,1076.0,-0.99990E+01
2016,4,25,17.52695,36.2720,-97.4868,1074.0,-0.99990E+01
2016,4,25,17.52722,36.2728,-97.4868,1072.0,-0.99990E+01
2016,4,25,17.52750,36.2740,-97.4868,1069.0,-0.99990E+01
2016,4,25,17.52778,36.2750,-97.4867,1066.0,-0.99990E+01
2016,4,25,17.52806,36.2758,-97.4867,1065.0,-0.99990E+01
2016,4,25,17.52833,36.2770,-97.4867,1063.0,-0.99990E+01
2016,4,25,17.52861,36.2778,-97.4867,1062.0,-0.99990E+01
2016,4,25,17.52889,36.2787,-97.4867,1061.0,-0.99990E+01
2016,4,25,17.52917,36.2798,-97.4867,1060.0,-0.99990E+01
2016,4,25,17.52944,36.2807,-97.4867,1060.0,-0.99990E+01
2016,4,25,17.52972,36.2817,-97.4867,1061.0,-0.99990E+01
2016,4,25,17.53000,36.2827,-97.4867,1061.0,-0.99990E+01
2016,4,25,17.53028,36.2837,-97.4867,1062.0,-0.99990E+01
2016,4,25,17.53056,36.2845,-97.4867,1063.0,-0.99990E+01
2016,4,25,17.53083,36.2857,-97.4865,1064.0,-0.99990E+01
2016,4,25,17.53111,36.2867,-97.4865,1066.0,-0.99990E+01
2016,4,25,17.53139,36.2875,-97.4865,1067.0,-0.99990E+01
2016,4,25,17.53167,36.2885,-97.4865,1069.0,-0.99990E+01
2016,4,25,17.53194,36.2895,-97.4865,1070.0,-0.99990E+01
2016,4,25,17.53222,36.2903,-97.4865,1071.0,-0.99990E+01
2016,4,25,17.53250,36.2913,-97.4863,1071.0,-0.99990E+01
2016,4,25,17.53278,36.2923,-97.4863,1072.0,-0.99990E+01
2016,4,25,17.53305,36.2932,-97.4863,1072.0,-0.99990E+01
2016,4,25,17.53333,36.2943,-97.4863,1072.0,-0.99990E+01
2016,4,25,17.53361,36.2953,-97.4863,1072.0,-0.99990E+01
2016,4,25,17.53389,36.2962,-97.4863,1072.0,-0.99990E+01
2016,4,25,17.53417,36.2972,-97.4863,1072.0,-0.99990E+01
2016,4,25,17.53444,36.2982,-97.4862,1072.0,-0.99990E+01
2016,4,25,17.53472,36.2990,-97.4862,1072.0,-0.99990E+01
2016,4,25,17.53500,36.3002,-97.4862,1071.0,-0.99990E+01
2016,4,25,17.53528,36.3010,-97.4862,1071.0,-0.99990E+01
2016,4,25,17.53555,36.3018,-97.4862,1070.0,-0.99990E+01
2016,4,25,17.53583,36.3030,-97.4862,1070.0,-0.99990E+01
2016,4,25,17.53611,36.3040,-97.4862,1069.0,-0.99990E+01
2016,4,25,17.53639,36.3048,-97.4860,1068.0,-0.99990E+01
2016,4,25,17.53667,36.3060,-97.4860,1068.0,-0.99990E+01
2016,4,25,17.53694,36.3068,-97.4860,1067.0,-0.99990E+01
2016,4,25,17.53722,36.3077,-97.4860,1067.0,-0.99990E+01
2016,4,25,17.53750,36.3087,-97.4860,1067.0,-0.99990E+01
2016,4,25,17.53778,36.3097,-97.4860,1067.0,-0.99990E+01
2016,4,25,17.53806,36.3105,-97.4858,1067.0,-0.99990E+01
2016,4,25,17.53833,36.3117,-97.4858,1068.0,-0.99990E+01
2016,4,25,17.53861,36.3127,-97.4858,1068.0,-0.99990E+01
2016,4,25,17.53889,36.3135,-97.4858,1069.0,-0.99990E+01
2016,4,25,17.53917,36.3145,-97.4858,1069.0,-0.99990E+01
2016,4,25,17.53944,36.3157,-97.4858,1069.0,-0.99990E+01
2016,4,25,17.53972,36.3163,-97.4857,1068.0,-0.99990E+01
2016,4,25,17.54000,36.3173,-97.4857,1068.0,-0.99990E+01
2016,4,25,17.54028,36.3183,-97.4857,1068.0,-0.99990E+01
2016,4,25,17.54056,36.3193,-97.4857,1069.0,-0.99990E+01
2016,4,25,17.54083,36.3203,-97.4857,1069.0,-0.99990E+01
2016,4,25,17.54111,36.3213,-97.4857,1069.0,-0.99990E+01
2016,4,25,17.54139,36.3222,-97.4857,1070.0,-0.99990E+01
2016,4,25,17.54167,36.3232,-97.4855,1070.0,-0.99990E+01
2016,4,25,17.54194,36.3243,-97.4855,1070.0,-0.99990E+01
2016,4,25,17.54222,36.3252,-97.4855,1070.0,-0.99990E+01
2016,4,25,17.54250,36.3260,-97.4855,1071.0,-0.99990E+01
2016,4,25,17.54278,36.3270,-97.4855,1071.0,-0.99990E+01
2016,4,25,17.54305,36.3280,-97.4855,1071.0,-0.99990E+01
2016,4,25,17.54333,36.3292,-97.4853,1072.0,-0.99990E+01
2016,4,25,17.54361,36.3300,-97.4853,1072.0,-0.99990E+01
2016,4,25,17.54389,36.3308,-97.4853,1072.0,-0.99990E+01
2016,4,25,17.54417,36.3320,-97.4853,1071.0,-0.99990E+01
2016,4,25,17.54444,36.3330,-97.4853,1071.0,-0.99990E+01
2016,4,25,17.54472,36.3337,-97.4853,1071.0,-0.99990E+01
2016,4,25,17.54500,36.3348,-97.4853,1070.0,-0.99990E+01
2016,4,25,17.54528,36.3357,-97.4853,1070.0,-0.99990E+01
2016,4,25,17.54556,36.3367,-97.4853,1070.0,-0.99990E+01
2016,4,25,17.54583,36.3377,-97.4852,1069.0,-0.99990E+01
2016,4,25,17.54611,36.3387,-97.4852,1069.0,-0.99990E+01
2016,4,25,17.54639,36.3395,-97.4852,1068.0,-0.99990E+01
2016,4,25,17.54667,36.3405,-97.4852,1068.0,-0.99990E+01
2016,4,25,17.54694,36.3415,-97.4852,1067.0,-0.99990E+01
2016,4,25,17.54722,36.3423,-97.4852,1067.0,-0.99990E+01
2016,4,25,17.54750,36.3435,-97.4852,1067.0,-0.99990E+01
2016,4,25,17.54778,36.3445,-97.4852,1067.0,-0.99990E+01
2016,4,25,17.54806,36.3453,-97.4852,1067.0,-0.99990E+01
2016,4,25,17.54833,36.3463,-97.4852,1068.0,-0.99990E+01
2016,4,25,17.54861,36.3473,-97.4852,1069.0,-0.99990E+01
2016,4,25,17.54889,36.3482,-97.4852,1069.0,-0.99990E+01
2016,4,25,17.54917,36.3492,-97.4850,1070.0,-0.99990E+01
2016,4,25,17.54944,36.3502,-97.4850,1071.0,-0.99990E+01
2016,4,25,17.54972,36.3510,-97.4850,1071.0,-0.99990E+01
2016,4,25,17.55000,36.3520,-97.4850,1072.0,-0.99990E+01
2016,4,25,17.55028,36.3532,-97.4850,1073.0,-0.99990E+01
2016,4,25,17.55055,36.3540,-97.4850,1073.0,-0.99990E+01
2016,4,25,17.55083,36.3550,-97.4850,1073.0,-0.99990E+01
2016,4,25,17.55111,36.3558,-97.4850,1074.0,-0.99990E+01
2016,4,25,17.55139,36.3567,-97.4850,1075.0,-0.99990E+01
2016,4,25,17.55167,36.3578,-97.4850,1075.0,-0.99990E+01
2016,4,25,17.55194,36.3588,-97.4848,1075.0,-0.99990E+01
2016,4,25,17.55222,36.3597,-97.4848,1076.0,-0.99990E+01
2016,4,25,17.55250,36.3608,-97.4848,1076.0,-0.99990E+01
2016,4,25,17.55278,36.3617,-97.4848,1076.0,-0.99990E+01
2016,4,25,17.55305,36.3625,-97.4848,1075.0,-0.99990E+01
2016,4,25,17.55333,36.3637,-97.4848,1075.0,-0.99990E+01
2016,4,25,17.55361,36.3645,-97.4848,1074.0,-0.99990E+01
2016,4,25,17.55389,36.3653,-97.4848,1073.0,-0.99990E+01
2016,4,25,17.55417,36.3663,-97.4848,1072.0,-0.99990E+01
2016,4,25,17.55444,36.3673,-97.4847,1070.0,-0.99990E+01
2016,4,25,17.55472,36.3683,-97.4847,1068.0,-0.99990E+01
2016,4,25,17.55500,36.3692,-97.4847,1066.0,-0.99990E+01
2016,4,25,17.55528,36.3703,-97.4847,1065.0,-0.99990E+01
2016,4,25,17.55556,36.3713,-97.4847,1065.0,-0.99990E+01
2016,4,25,17.55583,36.3722,-97.4847,1064.0,-0.99990E+01
2016,4,25,17.55611,36.3733,-97.4847,1063.0,-0.99990E+01
2016,4,25,17.55639,36.3742,-97.4847,1063.0,-0.99990E+01
2016,4,25,17.55667,36.3750,-97.4847,1064.0,-0.99990E+01
2016,4,25,17.55694,36.3762,-97.4847,1064.0,-0.99990E+01
2016,4,25,17.55722,36.3770,-97.4847,1065.0,-0.99990E+01
2016,4,25,17.55750,36.3780,-97.4847,1065.0,-0.99990E+01
2016,4,25,17.55778,36.3790,-97.4847,1066.0,-0.99990E+01
2016,4,25,17.55805,36.3800,-97.4845,1066.0,-0.99990E+01
2016,4,25,17.55833,36.3808,-97.4845,1066.0,-0.99990E+01
2016,4,25,17.55861,36.3820,-97.4845,1067.0,-0.99990E+01
2016,4,25,17.55889,36.3830,-97.4845,1067.0,-0.99990E+01
2016,4,25,17.55917,36.3837,-97.4845,1067.0,-0.99990E+01
2016,4,25,17.55944,36.3848,-97.4845,1067.0,-0.99990E+01
2016,4,25,17.55972,36.3857,-97.4845,1067.0,-0.99990E+01
2016,4,25,17.56000,36.3868,-97.4845,1067.0,-0.99990E+01
2016,4,25,17.56028,36.3877,-97.4843,1067.0,-0.99990E+01
2016,4,25,17.56055,36.3887,-97.4843,1067.0,-0.99990E+01
2016,4,25,17.56083,36.3897,-97.4843,1067.0,-0.99990E+01
2016,4,25,17.56111,36.3907,-97.4843,1067.0,-0.99990E+01
2016,4,25,17.56139,36.3915,-97.4843,1067.0,-0.99990E+01
2016,4,25,17.56167,36.3925,-97.4843,1067.0,-0.99990E+01
2016,4,25,17.56194,36.3933,-97.4843,1068.0,-0.99990E+01
2016,4,25,17.56222,36.3943,-97.4843,1068.0,-0.99990E+01
2016,4,25,17.56250,36.3952,-97.4842,1069.0,-0.99990E+01
2016,4,25,17.56278,36.3962,-97.4842,1070.0,-0.99990E+01
2016,4,25,17.56306,36.3972,-97.4842,1071.0,-0.99990E+01
2016,4,25,17.56333,36.3980,-97.4842,1071.0,-0.99990E+01
2016,4,25,17.56361,36.3992,-97.4842,1072.0,-0.99990E+01
2016,4,25,17.56389,36.4000,-97.4842,1072.0,-0.99990E+01
2016,4,25,17.56417,36.4008,-97.4842,1072.0,-0.99990E+01
2016,4,25,17.56444,36.4020,-97.4842,1072.0,-0.99990E+01
2016,4,25,17.56472,36.4028,-97.4842,1072.0,-0.99990E+01
2016,4,25,17.56500,36.4038,-97.4842,1072.0,-0.99990E+01
2016,4,25,17.56528,36.4048,-97.4842,1071.0,-0.99990E+01
2016,4,25,17.56556,36.4057,-97.4842,1071.0,-0.99990E+01
2016,4,25,17.56583,36.4067,-97.4842,1071.0,-0.99990E+01
2016,4,25,17.56611,36.4077,-97.4842,1071.0,-0.99990E+01
2016,4,25,17.56639,36.4087,-97.4840,1071.0,-0.99990E+01
2016,4,25,17.56667,36.4095,-97.4840,1071.0,-0.99990E+01
2016,4,25,17.56695,36.4107,-97.4840,1073.0,-0.99990E+01
2016,4,25,17.56722,36.4115,-97.4840,1075.0,-0.99990E+01
2016,4,25,17.56750,36.4123,-97.4840,1076.0,-0.99990E+01
2016,4,25,17.56778,36.4133,-97.4840,1078.0,-0.99990E+01
2016,4,25,17.56806,36.4143,-97.4840,1079.0,-0.99990E+01
2016,4,25,17.56833,36.4153,-97.4840,1080.0,-0.99990E+01
2016,4,25,17.56861,36.4163,-97.4840,1080.0,-0.99990E+01
2016,4,25,17.56889,36.4172,-97.4838,1079.0,-0.99990E+01
2016,4,25,17.56917,36.4182,-97.4838,1078.0,-0.99990E+01
2016,4,25,17.56944,36.4193,-97.4838,1076.0,-0.99990E+01
2016,4,25,17.56972,36.4202,-97.4838,1075.0,-0.99990E+01
2016,4,25,17.57000,36.4212,-97.4838,1072.0,-0.99990E+01
2016,4,25,17.57028,36.4222,-97.4838,1070.0,-0.99990E+01
2016,4,25,17.57056,36.4230,-97.4838,1068.0,-0.99990E+01
2016,4,25,17.57084,36.4240,-97.4837,1066.0,-0.99990E+01
2016,4,25,17.57111,36.4250,-97.4837,1065.0,-0.99990E+01
2016,4,25,17.57139,36.4258,-97.4837,1064.0,-0.99990E+01
2016,4,25,17.57167,36.4270,-97.4837,1063.0,-0.99990E+01
2016,4,25,17.57195,36.4280,-97.4837,1061.0,-0.99990E+01
2016,4,25,17.57222,36.4288,-97.4835,1061.0,-0.99990E+01
2016,4,25,17.57250,36.4300,-97.4835,1061.0,-0.99990E+01
2016,4,25,17.57278,36.4310,-97.4835,1061.0,-0.99990E+01
2016,4,25,17.57306,36.4318,-97.4835,1061.0,-0.99990E+01
2016,4,25,17.57333,36.4328,-97.4835,1061.0,-0.99990E+01
2016,4,25,17.57361,36.4338,-97.4835,1062.0,-0.99990E+01
2016,4,25,17.57389,36.4347,-97.4835,1063.0,-0.99990E+01
2016,4,25,17.57417,36.4358,-97.4833,1065.0,-0.99990E+01
2016,4,25,17.57445,36.4368,-97.4833,1065.0,-0.99990E+01
2016,4,25,17.57472,36.4377,-97.4833,1066.0,-0.99990E+01
2016,4,25,17.57500,36.4388,-97.4833,1066.0,-0.99990E+01
2016,4,25,17.57528,36.4398,-97.4833,1067.0,-0.99990E+01
2016,4,25,17.57556,36.4407,-97.4833,1067.0,-0.99990E+01
2016,4,25,17.57583,36.4417,-97.4833,1067.0,-0.99990E+01
2016,4,25,17.57611,36.4427,-97.4833,1067.0,-0.99990E+01
2016,4,25,17.57639,36.4435,-97.4833,1067.0,-0.99990E+01
2016,4,25,17.57667,36.4447,-97.4833,1067.0,-0.99990E+01
2016,4,25,17.57695,36.4455,-97.4832,1067.0,-0.99990E+01
2016,4,25,17.57722,36.4465,-97.4832,1068.0,-0.99990E+01
2016,4,25,17.57750,36.4477,-97.4832,1068.0,-0.99990E+01
2016,4,25,17.57778,36.4485,-97.4832,1068.0,-0.99990E+01
2016,4,25,17.57806,36.4495,-97.4832,1069.0,-0.99990E+01
2016,4,25,17.57833,36.4505,-97.4832,1070.0,-0.99990E+01
2016,4,25,17.57861,36.4513,-97.4832,1070.0,-0.99990E+01
2016,4,25,17.57889,36.4523,-97.4832,1071.0,-0.99990E+01
2016,4,25,17.57917,36.4533,-97.4833,1071.0,-0.99990E+01
2016,4,25,17.57944,36.4543,-97.4833,1071.0,-0.99990E+01
2016,4,25,17.57972,36.4552,-97.4833,1071.0,-0.99990E+01
2016,4,25,17.58000,36.4562,-97.4833,1071.0,-0.99990E+01
2016,4,25,17.58028,36.4572,-97.4833,1071.0,-0.99990E+01
2016,4,25,17.58056,36.4580,-97.4833,1070.0,-0.99990E+01
2016,4,25,17.58083,36.4592,-97.4833,1069.0,-0.99990E+01
2016,4,25,17.58111,36.4602,-97.4833,1069.0,-0.99990E+01
2016,4,25,17.58139,36.4610,-97.4833,1069.0,-0.99990E+01
2016,4,25,17.58167,36.4620,-97.4835,1069.0,-0.99990E+01
2016,4,25,17.58195,36.4630,-97.4835,1069.0,-0.99990E+01
2016,4,25,17.58222,36.4640,-97.4835,1068.0,-0.99990E+01
2016,4,25,17.58250,36.4648,-97.4835,1068.0,-0.99990E+01
2016,4,25,17.58278,36.4658,-97.4835,1068.0,-0.99990E+01
2016,4,25,17.58306,36.4668,-97.4835,1067.0,-0.99990E+01
2016,4,25,17.58333,36.4678,-97.4835,1067.0,-0.99990E+01
2016,4,25,17.58361,36.4688,-97.4835,1067.0,-0.99990E+01
2016,4,25,17.58389,36.4698,-97.4837,1068.0,-0.99990E+01
2016,4,25,17.58417,36.4707,-97.4837,1068.0,-0.99990E+01
2016,4,25,17.58445,36.4715,-97.4837,1069.0,-0.99990E+01
2016,4,25,17.58472,36.4727,-97.4837,1070.0,-0.99990E+01
2016,4,25,17.58500,36.4737,-97.4837,1071.0,-0.99990E+01
2016,4,25,17.58528,36.4745,-97.4837,1071.0,-0.99990E+01
2016,4,25,17.58556,36.4755,-97.4837,1072.0,-0.99990E+01
2016,4,25,17.58583,36.4765,-97.4837,1072.0,-0.99990E+01
2016,4,25,17.58611,36.4775,-97.4837,1072.0,-0.99990E+01
2016,4,25,17.58639,36.4785,-97.4838,1072.0,-0.99990E+01
2016,4,25,17.58667,36.4793,-97.4838,1073.0,-0.99990E+01
2016,4,25,17.58694,36.4802,-97.4838,1073.0,-0.99990E+01
2016,4,25,17.58722,36.4812,-97.4838,1073.0,-0.99990E+01
2016,4,25,17.58750,36.4822,-97.4838,1073.0,-0.99990E+01
2016,4,25,17.58778,36.4830,-97.4838,1073.0,-0.99990E+01
2016,4,25,17.58806,36.4840,-97.4838,1072.0,-0.99990E+01
2016,4,25,17.58833,36.4850,-97.4840,1072.0,-0.99990E+01
2016,4,25,17.58861,36.4860,-97.4840,1071.0,-0.99990E+01
2016,4,25,17.58889,36.4870,-97.4840,1071.0,-0.99990E+01
2016,4,25,17.58917,36.4878,-97.4840,1070.0,-0.99990E+01
2016,4,25,17.58945,36.4890,-97.4840,1070.0,-0.99990E+01
2016,4,25,17.58972,36.4897,-97.4840,1069.0,-0.99990E+01
2016,4,25,17.59000,36.4908,-97.4840,1069.0,-0.99990E+01
2016,4,25,17.59028,36.4918,-97.4840,1068.0,-0.99990E+01
2016,4,25,17.59056,36.4928,-97.4840,1068.0,-0.99990E+01
2016,4,25,17.59083,36.4937,-97.4840,1067.0,-0.99990E+01
2016,4,25,17.59111,36.4945,-97.4840,1067.0,-0.99990E+01
2016,4,25,17.59139,36.4957,-97.4842,1066.0,-0.99990E+01
2016,4,25,17.59167,36.4967,-97.4842,1066.0,-0.99990E+01
2016,4,25,17.59195,36.4975,-97.4842,1066.0,-0.99990E+01
2016,4,25,17.59222,36.4987,-97.4842,1066.0,-0.99990E+01
2016,4,25,17.59250,36.4995,-97.4842,1066.0,-0.99990E+01
2016,4,25,17.59278,36.5003,-97.4842,1067.0,-0.99990E+01
2016,4,25,17.59306,36.5013,-97.4842,1068.0,-0.99990E+01
2016,4,25,17.59333,36.5025,-97.4842,1069.0,-0.99990E+01
2016,4,25,17.59361,36.5032,-97.4842,1070.0,-0.99990E+01
2016,4,25,17.59389,36.5043,-97.4842,1071.0,-0.99990E+01
2016,4,25,17.59417,36.5053,-97.4842,1072.0,-0.99990E+01
2016,4,25,17.59444,36.5062,-97.4843,1072.0,-0.99990E+01
2016,4,25,17.59472,36.5073,-97.4843,1072.0,-0.99990E+01
2016,4,25,17.59500,36.5082,-97.4843,1072.0,-0.99990E+01
2016,4,25,17.59528,36.5090,-97.4843,1072.0,-0.99990E+01
2016,4,25,17.59556,36.5102,-97.4843,1072.0,-0.99990E+01
2016,4,25,17.59583,36.5110,-97.4843,1072.0,-0.99990E+01
2016,4,25,17.59611,36.5120,-97.4843,1071.0,-0.99990E+01
2016,4,25,17.59639,36.5128,-97.4843,1071.0,-0.99990E+01
2016,4,25,17.59667,36.5140,-97.4843,1072.0,-0.99990E+01
2016,4,25,17.59694,36.5148,-97.4845,1073.0,-0.99990E+01
2016,4,25,17.59722,36.5158,-97.4845,1073.0,-0.99990E+01
2016,4,25,17.59750,36.5168,-97.4845,1073.0,-0.99990E+01
2016,4,25,17.59778,36.5178,-97.4845,1074.0,-0.99990E+01
2016,4,25,17.59806,36.5187,-97.4845,1074.0,-0.99990E+01
2016,4,25,17.59833,36.5198,-97.4847,1074.0,-0.99990E+01
2016,4,25,17.59861,36.5207,-97.4847,1074.0,-0.99990E+01
2016,4,25,17.59889,36.5217,-97.4847,1075.0,-0.99990E+01
2016,4,25,17.59917,36.5227,-97.4847,1075.0,-0.99990E+01
2016,4,25,17.59945,36.5235,-97.4847,1076.0,-0.99990E+01
2016,4,25,17.59972,36.5245,-97.4847,1076.0,-0.99990E+01
2016,4,25,17.60000,36.5257,-97.4848,1076.0,-0.99990E+01
2016,4,25,17.60028,36.5265,-97.4848,1075.0,-0.99990E+01
2016,4,25,17.60056,36.5275,-97.4848,1075.0,-0.99990E+01
2016,4,25,17.60083,36.5285,-97.4848,1073.0,-0.99990E+01
2016,4,25,17.60111,36.5293,-97.4848,1071.0,-0.99990E+01
2016,4,25,17.60139,36.5303,-97.4850,1069.0,-0.99990E+01
2016,4,25,17.60167,36.5315,-97.4850,1067.0,-0.99990E+01
2016,4,25,17.60194,36.5323,-97.4850,1065.0,-0.99990E+01
2016,4,25,17.60222,36.5333,-97.4850,1064.0,-0.99990E+01
2016,4,25,17.60250,36.5345,-97.4850,1062.0,-0.99990E+01
2016,4,25,17.60278,36.5353,-97.4850,1061.0,-0.99990E+01
2016,4,25,17.60306,36.5363,-97.4852,1060.0,-0.99990E+01
2016,4,25,17.60333,36.5373,-97.4852,1059.0,-0.99990E+01
2016,4,25,17.60361,36.5382,-97.4852,1059.0,-0.99990E+01
2016,4,25,17.60389,36.5392,-97.4852,1060.0,-0.99990E+01
2016,4,25,17.60417,36.5403,-97.4852,1060.0,-0.99990E+01
2016,4,25,17.60444,36.5412,-97.4852,1060.0,-0.99990E+01
2016,4,25,17.60472,36.5422,-97.4852,1060.0,-0.99990E+01
2016,4,25,17.60500,36.5432,-97.4853,1061.0,-0.99990E+01
2016,4,25,17.60528,36.5442,-97.4853,1062.0,-0.99990E+01
2016,4,25,17.60556,36.5450,-97.4853,1062.0,-0.99990E+01
2016,4,25,17.60583,36.5460,-97.4853,1063.0,-0.99990E+01
2016,4,25,17.60611,36.5472,-97.4853,1064.0,-0.99990E+01
2016,4,25,17.60639,36.5480,-97.4853,1065.0,-0.99990E+01
2016,4,25,17.60667,36.5490,-97.4853,1066.0,-0.99990E+01
2016,4,25,17.60695,36.5500,-97.4853,1067.0,-0.99990E+01
2016,4,25,17.60722,36.5508,-97.4853,1068.0,-0.99990E+01
2016,4,25,17.60750,36.5518,-97.4853,1069.0,-0.99990E+01
2016,4,25,17.60778,36.5530,-97.4853,1070.0,-0.99990E+01
2016,4,25,17.60806,36.5538,-97.4855,1070.0,-0.99990E+01
2016,4,25,17.60833,36.5547,-97.4855,1070.0,-0.99990E+01
2016,4,25,17.60861,36.5557,-97.4855,1070.0,-0.99990E+01
2016,4,25,17.60889,36.5568,-97.4855,1071.0,-0.99990E+01
2016,4,25,17.60917,36.5577,-97.4855,1071.0,-0.99990E+01
2016,4,25,17.60945,36.5587,-97.4855,1072.0,-0.99990E+01
2016,4,25,17.60972,36.5597,-97.4855,1072.0,-0.99990E+01
2016,4,25,17.61000,36.5607,-97.4855,1073.0,-0.99990E+01
2016,4,25,17.61028,36.5615,-97.4855,1074.0,-0.99990E+01
2016,4,25,17.61056,36.5625,-97.4855,1075.0,-0.99990E+01
2016,4,25,17.61083,36.5635,-97.4855,1077.0,-0.99990E+01
2016,4,25,17.61111,36.5643,-97.4855,1077.0,-0.99990E+01
2016,4,25,17.61139,36.5655,-97.4857,1077.0,-0.99990E+01
2016,4,25,17.61167,36.5665,-97.4857,1076.0,-0.99990E+01
2016,4,25,17.61194,36.5673,-97.4857,1074.0,-0.99990E+01
2016,4,25,17.61222,36.5683,-97.4857,1073.0,-0.99990E+01
2016,4,25,17.61250,36.5692,-97.4857,1071.0,-0.99990E+01
2016,4,25,17.61278,36.5702,-97.4857,1070.0,-0.99990E+01
2016,4,25,17.61306,36.5713,-97.4857,1068.0,-0.99990E+01
2016,4,25,17.61333,36.5722,-97.4857,1066.0,-0.99990E+01
2016,4,25,17.61361,36.5732,-97.4857,1064.0,-0.99990E+01
2016,4,25,17.61389,36.5742,-97.4857,1062.0,-0.99990E+01
2016,4,25,17.61417,36.5752,-97.4858,1061.0,-0.99990E+01
2016,4,25,17.61444,36.5760,-97.4858,1059.0,-0.99990E+01
2016,4,25,17.61472,36.5772,-97.4858,1058.0,-0.99990E+01
2016,4,25,17.61500,36.5780,-97.4858,1058.0,-0.99990E+01
2016,4,25,17.61528,36.5790,-97.4858,1057.0,-0.99990E+01
2016,4,25,17.61556,36.5800,-97.4858,1058.0,-0.99990E+01
2016,4,25,17.61583,36.5810,-97.4858,1059.0,-0.99990E+01
2016,4,25,17.61611,36.5820,-97.4858,1060.0,-0.99990E+01
2016,4,25,17.61639,36.5830,-97.4858,1063.0,-0.99990E+01
2016,4,25,17.61667,36.5838,-97.4858,1064.0,-0.99990E+01
2016,4,25,17.61695,36.5848,-97.4858,1066.0,-0.99990E+01
2016,4,25,17.61722,36.5860,-97.4860,1067.0,-0.99990E+01
2016,4,25,17.61750,36.5868,-97.4860,1068.0,-0.99990E+01
2016,4,25,17.61778,36.5877,-97.4860,1069.0,-0.99990E+01
2016,4,25,17.61806,36.5888,-97.4860,1069.0,-0.99990E+01
2016,4,25,17.61833,36.5898,-97.4860,1070.0,-0.99990E+01
2016,4,25,17.61861,36.5907,-97.4860,1071.0,-0.99990E+01
2016,4,25,17.61889,36.5917,-97.4860,1071.0,-0.99990E+01
2016,4,25,17.61917,36.5927,-97.4860,1072.0,-0.99990E+01
2016,4,25,17.61944,36.5937,-97.4860,1072.0,-0.99990E+01
2016,4,25,17.61972,36.5947,-97.4860,1073.0,-0.99990E+01
2016,4,25,17.62000,36.5955,-97.4860,1073.0,-0.99990E+01
2016,4,25,17.62028,36.5963,-97.4860,1073.0,-0.99990E+01
2016,4,25,17.62056,36.5975,-97.4860,1073.0,-0.99990E+01
2016,4,25,17.62083,36.5983,-97.4860,1073.0,-0.99990E+01
2016,4,25,17.62111,36.5993,-97.4860,1073.0,-0.99990E+01
2016,4,25,17.62139,36.6003,-97.4860,1073.0,-0.99990E+01
2016,4,25,17.62167,36.6012,-97.4862,1073.0,-0.99990E+01
2016,4,25,17.62194,36.6022,-97.4862,1072.0,-0.99990E+01
2016,4,25,17.62222,36.6033,-97.4862,1072.0,-0.99990E+01
2016,4,25,17.62250,36.6042,-97.4862,1072.0,-0.99990E+01
2016,4,25,17.62278,36.6052,-97.4862,1071.0,-0.99990E+01
2016,4,25,17.62306,36.6062,-97.4862,1071.0,-0.99990E+01
2016,4,25,17.62333,36.6072,-97.4862,1071.0,-0.99990E+01
2016,4,25,17.62361,36.6080,-97.4862,1070.0,-0.99990E+01
2016,4,25,17.62389,36.6092,-97.4862,1070.0,-0.99990E+01
2016,4,25,17.62417,36.6100,-97.4862,1070.0,-0.99990E+01
2016,4,25,17.62444,36.6110,-97.4862,1070.0,-0.99990E+01
2016,4,25,17.62472,36.6120,-97.4862,1070.0,-0.99990E+01
2016,4,25,17.62500,36.6130,-97.4862,1070.0,-0.99990E+01
2016,4,25,17.62528,36.6140,-97.4862,1071.0,-0.99990E+01
2016,4,25,17.62556,36.6150,-97.4862,1072.0,-0.99990E+01
2016,4,25,17.62583,36.6158,-97.4863,1073.0,-0.99990E+01
2016,4,25,17.62611,36.6168,-97.4863,1073.0,-0.99990E+01
2016,4,25,17.62639,36.6178,-97.4863,1075.0,-0.99990E+01
2016,4,25,17.62667,36.6188,-97.4863,1076.0,-0.99990E+01
2016,4,25,17.62695,36.6197,-97.4863,1076.0,-0.99990E+01
2016,4,25,17.62722,36.6207,-97.4863,1075.0,-0.99990E+01
2016,4,25,17.62750,36.6218,-97.4863,1075.0,-0.99990E+01
2016,4,25,17.62778,36.6227,-97.4863,1074.0,-0.99990E+01
2016,4,25,17.62806,36.6237,-97.4865,1073.0,-0.99990E+01
2016,4,25,17.62833,36.6247,-97.4865,1070.0,-0.99990E+01
2016,4,25,17.62861,36.6255,-97.4865,1067.0,-0.99990E+01
2016,4,25,17.62889,36.6265,-97.4865,1064.0,-0.99990E+01
2016,4,25,17.62917,36.6275,-97.4865,1062.0,-0.99990E+01
2016,4,25,17.62944,36.6283,-97.4867,1060.0,-0.99990E+01
2016,4,25,17.62972,36.6295,-97.4867,1059.0,-0.99990E+01
2016,4,25,17.63000,36.6303,-97.4867,1058.0,-0.99990E+01
2016,4,25,17.63028,36.6313,-97.4867,1057.0,-0.99990E+01
2016,4,25,17.63056,36.6323,-97.4867,1057.0,-0.99990E+01
2016,4,25,17.63083,36.6333,-97.4868,1056.0,-0.99990E+01
2016,4,25,17.63111,36.6343,-97.4868,1056.0,-0.99990E+01
2016,4,25,17.63139,36.6353,-97.4868,1057.0,-0.99990E+01
2016,4,25,17.63167,36.6362,-97.4868,1057.0,-0.99990E+01
2016,4,25,17.63194,36.6372,-97.4868,1057.0,-0.99990E+01
2016,4,25,17.63222,36.6380,-97.4868,1057.0,-0.99990E+01
2016,4,25,17.63250,36.6390,-97.4870,1058.0,-0.99990E+01
2016,4,25,17.63278,36.6400,-97.4870,1059.0,-0.99990E+01
2016,4,25,17.63305,36.6410,-97.4870,1060.0,-0.99990E+01
2016,4,25,17.63333,36.6418,-97.4870,1063.0,-0.99990E+01
2016,4,25,17.63361,36.6428,-97.4870,1065.0,-0.99990E+01
2016,4,25,17.63389,36.6440,-97.4870,1068.0,-0.99990E+01
2016,4,25,17.63417,36.6447,-97.4870,1071.0,-0.99990E+01
2016,4,25,17.63445,36.6457,-97.4872,1073.0,-0.99990E+01
2016,4,25,17.63472,36.6467,-97.4872,1074.0,-0.99990E+01
2016,4,25,17.63500,36.6477,-97.4872,1075.0,-0.99990E+01
2016,4,25,17.63528,36.6485,-97.4872,1075.0,-0.99990E+01
2016,4,25,17.63556,36.6495,-97.4872,1075.0,-0.99990E+01
2016,4,25,17.63583,36.6505,-97.4872,1075.0,-0.99990E+01
2016,4,25,17.63611,36.6513,-97.4872,1074.0,-0.99990E+01
2016,4,25,17.63639,36.6525,-97.4872,1074.0,-0.99990E+01
2016,4,25,17.63667,36.6533,-97.4872,1073.0,-0.99990E+01
2016,4,25,17.63694,36.6542,-97.4873,1072.0,-0.99990E+01
2016,4,25,17.63722,36.6552,-97.4873,1071.0,-0.99990E+01
2016,4,25,17.63750,36.6560,-97.4873,1070.0,-0.99990E+01
2016,4,25,17.63778,36.6570,-97.4873,1069.0,-0.99990E+01
2016,4,25,17.63806,36.6578,-97.4873,1067.0,-0.99990E+01
2016,4,25,17.63833,36.6588,-97.4875,1066.0,-0.99990E+01
2016,4,25,17.63861,36.6598,-97.4875,1065.0,-0.99990E+01
2016,4,25,17.63889,36.6607,-97.4875,1064.0,-0.99990E+01
2016,4,25,17.63917,36.6617,-97.4875,1063.0,-0.99990E+01
2016,4,25,17.63944,36.6627,-97.4875,1064.0,-0.99990E+01
2016,4,25,17.63972,36.6637,-97.4877,1064.0,-0.99990E+01
2016,4,25,17.64000,36.6645,-97.4877,1063.0,-0.99990E+01
2016,4,25,17.64028,36.6653,-97.4877,1063.0,-0.99990E+01
2016,4,25,17.64056,36.6665,-97.4877,1063.0,-0.99990E+01
2016,4,25,17.64083,36.6673,-97.4877,1062.0,-0.99990E+01
2016,4,25,17.64111,36.6682,-97.4878,1062.0,-0.99990E+01
2016,4,25,17.64139,36.6693,-97.4878,1061.0,-0.99990E+01
2016,4,25,17.64167,36.6702,-97.4878,1061.0,-0.99990E+01
2016,4,25,17.64194,36.6712,-97.4878,1061.0,-0.99990E+01
2016,4,25,17.64222,36.6722,-97.4878,1060.0,-0.99990E+01
2016,4,25,17.64250,36.6730,-97.4880,1060.0,-0.99990E+01
2016,4,25,17.64278,36.6738,-97.4880,1060.0,-0.99990E+01
2016,4,25,17.64305,36.6748,-97.4880,1060.0,-0.99990E+01
2016,4,25,17.64333,36.6758,-97.4880,1060.0,-0.99990E+01
2016,4,25,17.64361,36.6767,-97.4880,1059.0,-0.99990E+01
2016,4,25,17.64389,36.6775,-97.4880,1059.0,-0.99990E+01
2016,4,25,17.64417,36.6787,-97.4882,1058.0,-0.99990E+01
2016,4,25,17.64444,36.6797,-97.4882,1057.0,-0.99990E+01
2016,4,25,17.64472,36.6805,-97.4882,1057.0,-0.99990E+01
2016,4,25,17.64500,36.6815,-97.4882,1056.0,-0.99990E+01
2016,4,25,17.64528,36.6822,-97.4882,1056.0,-0.99990E+01
2016,4,25,17.64556,36.6832,-97.4882,1056.0,-0.99990E+01
2016,4,25,17.64583,36.6842,-97.4882,1057.0,-0.99990E+01
2016,4,25,17.64611,36.6850,-97.4882,1058.0,-0.99990E+01
2016,4,25,17.64639,36.6860,-97.4883,1059.0,-0.99990E+01
2016,4,25,17.64667,36.6870,-97.4883,1060.0,-0.99990E+01
2016,4,25,17.64694,36.6878,-97.4883,1061.0,-0.99990E+01
2016,4,25,17.64722,36.6888,-97.4883,1062.0,-0.99990E+01
2016,4,25,17.64750,36.6897,-97.4883,1062.0,-0.99990E+01
2016,4,25,17.64778,36.6907,-97.4883,1062.0,-0.99990E+01
2016,4,25,17.64806,36.6915,-97.4883,1061.0,-0.99990E+01
2016,4,25,17.64833,36.6925,-97.4883,1061.0,-0.99990E+01
2016,4,25,17.64861,36.6933,-97.4885,1061.0,-0.99990E+01
2016,4,25,17.64889,36.6943,-97.4885,1061.0,-0.99990E+01
2016,4,25,17.64917,36.6952,-97.4885,1061.0,-0.99990E+01
2016,4,25,17.64944,36.6960,-97.4885,1061.0,-0.99990E+01
2016,4,25,17.64972,36.6970,-97.4885,1061.0,-0.99990E+01
2016,4,25,17.65000,36.6980,-97.4885,1061.0,-0.99990E+01
2016,4,25,17.65028,36.6988,-97.4887,1062.0,-0.99990E+01
2016,4,25,17.65055,36.6998,-97.4887,1063.0,-0.99990E+01
2016,4,25,17.65083,36.7007,-97.4887,1064.0,-0.99990E+01
2016,4,25,17.65111,36.7015,-97.4887,1064.0,-0.99990E+01
2016,4,25,17.65139,36.7025,-97.4887,1064.0,-0.99990E+01
2016,4,25,17.65167,36.7035,-97.4887,1065.0,-0.99990E+01
2016,4,25,17.65194,36.7043,-97.4888,1065.0,-0.99990E+01
2016,4,25,17.65222,36.7053,-97.4888,1064.0,-0.99990E+01
2016,4,25,17.65250,36.7063,-97.4888,1064.0,-0.99990E+01
2016,4,25,17.65278,36.7072,-97.4888,1063.0,-0.99990E+01
2016,4,25,17.65306,36.7082,-97.4888,1062.0,-0.99990E+01
2016,4,25,17.65333,36.7092,-97.4888,1062.0,-0.99990E+01
2016,4,25,17.65361,36.7098,-97.4888,1062.0,-0.99990E+01
2016,4,25,17.65389,36.7108,-97.4888,1062.0,-0.99990E+01
2016,4,25,17.65417,36.7118,-97.4890,1062.0,-0.99990E+01
2016,4,25,17.65444,36.7127,-97.4890,1062.0,-0.99990E+01
2016,4,25,17.65472,36.7137,-97.4890,1062.0,-0.99990E+01
2016,4,25,17.65500,36.7145,-97.4890,1063.0,-0.99990E+01
2016,4,25,17.65528,36.7155,-97.4890,1063.0,-0.99990E+01
2016,4,25,17.65556,36.7165,-97.4890,1063.0,-0.99990E+01
2016,4,25,17.65583,36.7173,-97.4890,1063.0,-0.99990E+01
2016,4,25,17.65611,36.7183,-97.4890,1063.0,-0.99990E+01
2016,4,25,17.65639,36.7192,-97.4890,1063.0,-0.99990E+01
2016,4,25,17.65667,36.7202,-97.4890,1062.0,-0.99990E+01
2016,4,25,17.65694,36.7210,-97.4890,1061.0,-0.99990E+01
2016,4,25,17.65722,36.7222,-97.4892,1061.0,-0.99990E+01
2016,4,25,17.65750,36.7230,-97.4892,1062.0,-0.99990E+01
2016,4,25,17.65778,36.7238,-97.4892,1062.0,-0.99990E+01
2016,4,25,17.65805,36.7248,-97.4892,1063.0,-0.99990E+01
2016,4,25,17.65833,36.7257,-97.4892,1064.0,-0.99990E+01
2016,4,25,17.65861,36.7268,-97.4893,1065.0,-0.99990E+01
2016,4,25,17.65889,36.7277,-97.4893,1066.0,-0.99990E+01
2016,4,25,17.65917,36.7285,-97.4893,1066.0,-0.99990E+01
2016,4,25,17.65944,36.7293,-97.4893,1067.0,-0.99990E+01
2016,4,25,17.65972,36.7303,-97.4893,1068.0,-0.99990E+01
2016,4,25,17.66000,36.7315,-97.4893,1069.0,-0.99990E+01
2016,4,25,17.66028,36.7322,-97.4895,1070.0,-0.99990E+01
2016,4,25,17.66055,36.7332,-97.4895,1071.0,-0.99990E+01
2016,4,25,17.66083,36.7342,-97.4895,1072.0,-0.99990E+01
2016,4,25,17.66111,36.7350,-97.4895,1072.0,-0.99990E+01
2016,4,25,17.66139,36.7362,-97.4895,1073.0,-0.99990E+01
2016,4,25,17.66167,36.7370,-97.4897,1072.0,-0.99990E+01
2016,4,25,17.66194,36.7378,-97.4897,1072.0,-0.99990E+01
2016,4,25,17.66222,36.7388,-97.4897,1072.0,-0.99990E+01
2016,4,25,17.66250,36.7398,-97.4897,1071.0,-0.99990E+01
2016,4,25,17.66278,36.7407,-97.4897,1071.0,-0.99990E+01
2016,4,25,17.66306,36.7417,-97.4898,1071.0,-0.99990E+01
2016,4,25,17.66333,36.7427,-97.4898,1071.0,-0.99990E+01
2016,4,25,17.66361,36.7437,-97.4898,1071.0,-0.99990E+01
2016,4,25,17.66389,36.7445,-97.4898,1071.0,-0.99990E+01
2016,4,25,17.66417,36.7455,-97.4898,1070.0,-0.99990E+01
2016,4,25,17.66444,36.7465,-97.4900,1070.0,-0.99990E+01
2016,4,25,17.66472,36.7473,-97.4900,1070.0,-0.99990E+01
2016,4,25,17.66500,36.7483,-97.4900,1070.0,-0.99990E+01
2016,4,25,17.66528,36.7492,-97.4900,1070.0,-0.99990E+01
2016,4,25,17.66556,36.7502,-97.4900,1070.0,-0.99990E+01
2016,4,25,17.66583,36.7512,-97.4902,1071.0,-0.99990E+01
2016,4,25,17.66611,36.7522,-97.4902,1071.0,-0.99990E+01
2016,4,25,17.66639,36.7532,-97.4902,1072.0,-0.99990E+01
2016,4,25,17.66667,36.7540,-97.4902,1073.0,-0.99990E+01
2016,4,25,17.66694,36.7552,-97.4902,1074.0,-0.99990E+01
2016,4,25,17.66722,36.7562,-97.4903,1074.0,-0.99990E+01
2016,4,25,17.66750,36.7570,-97.4903,1074.0,-0.99990E+01
2016,4,25,17.66778,36.7578,-97.4903,1075.0,-0.99990E+01
2016,4,25,17.66805,36.7588,-97.4903,1075.0,-0.99990E+01
2016,4,25,17.66833,36.7600,-97.4905,1076.0,-0.99990E+01
2016,4,25,17.66861,36.7608,-97.4905,1076.0,-0.99990E+01
2016,4,25,17.66889,36.7618,-97.4905,1075.0,-0.99990E+01
2016,4,25,17.66917,36.7628,-97.4905,1075.0,-0.99990E+01
2016,4,25,17.66944,36.7637,-97.4905,1075.0,-0.99990E+01
2016,4,25,17.66972,36.7648,-97.4907,1075.0,-0.99990E+01
2016,4,25,17.67000,36.7657,-97.4907,1075.0,-0.99990E+01
2016,4,25,17.67028,36.7667,-97.4907,1074.0,-0.99990E+01
2016,4,25,17.67056,36.7675,-97.4907,1074.0,-0.99990E+01
2016,4,25,17.67083,36.7685,-97.4907,1074.0,-0.99990E+01
2016,4,25,17.67111,36.7695,-97.4907,1073.0,-0.99990E+01
2016,4,25,17.67139,36.7705,-97.4907,1072.0,-0.99990E+01
2016,4,25,17.67167,36.7713,-97.4907,1072.0,-0.99990E+01
2016,4,25,17.67194,36.7725,-97.4907,1071.0,-0.99990E+01
2016,4,25,17.67222,36.7733,-97.4907,1070.0,-0.99990E+01
2016,4,25,17.67250,36.7743,-97.4907,1069.0,-0.99990E+01
2016,4,25,17.67278,36.7755,-97.4907,1069.0,-0.99990E+01
2016,4,25,17.67306,36.7763,-97.4907,1068.0,-0.99990E+01
2016,4,25,17.67333,36.7772,-97.4905,1068.0,-0.99990E+01
2016,4,25,17.67361,36.7783,-97.4905,1069.0,-0.99990E+01
2016,4,25,17.67389,36.7792,-97.4905,1070.0,-0.99990E+01
2016,4,25,17.67417,36.7802,-97.4905,1070.0,-0.99990E+01
2016,4,25,17.67444,36.7812,-97.4903,1070.0,-0.99990E+01
2016,4,25,17.67472,36.7822,-97.4903,1070.0,-0.99990E+01
2016,4,25,17.67500,36.7830,-97.4903,1070.0,-0.99990E+01
2016,4,25,17.67528,36.7842,-97.4902,1070.0,-0.99990E+01
2016,4,25,17.67555,36.7852,-97.4902,1070.0,-0.99990E+01
2016,4,25,17.67583,36.7860,-97.4902,1070.0,-0.99990E+01
2016,4,25,17.67611,36.7872,-97.4900,1070.0,-0.99990E+01
2016,4,25,17.67639,36.7880,-97.4900,1070.0,-0.99990E+01
2016,4,25,17.67667,36.7890,-97.4900,1070.0,-0.99990E+01
2016,4,25,17.67694,36.7900,-97.4898,1070.0,-0.99990E+01
2016,4,25,17.67722,36.7910,-97.4898,1070.0,-0.99990E+01
2016,4,25,17.67750,36.7922,-97.4898,1071.0,-0.99990E+01
2016,4,25,17.67778,36.7930,-97.4897,1071.0,-0.99990E+01
2016,4,25,17.67805,36.7940,-97.4897,1070.0,-0.99990E+01
2016,4,25,17.67833,36.7950,-97.4897,1070.0,-0.99990E+01
2016,4,25,17.67861,36.7958,-97.4895,1070.0,-0.99990E+01
2016,4,25,17.67889,36.7970,-97.4895,1071.0,-0.99990E+01
2016,4,25,17.67917,36.7978,-97.4895,1071.0,-0.99990E+01
2016,4,25,17.67944,36.7988,-97.4893,1072.0,-0.99990E+01
2016,4,25,17.67972,36.7998,-97.4893,1072.0,-0.99990E+01
2016,4,25,17.68000,36.8008,-97.4893,1073.0,-0.99990E+01
2016,4,25,17.68028,36.8017,-97.4892,1074.0,-0.99990E+01
2016,4,25,17.68056,36.8027,-97.4892,1075.0,-0.99990E+01
2016,4,25,17.68083,36.8038,-97.4892,1076.0,-0.99990E+01
2016,4,25,17.68111,36.8048,-97.4892,1076.0,-0.99990E+01
2016,4,25,17.68139,36.8057,-97.4890,1074.0,-0.99990E+01
2016,4,25,17.68167,36.8067,-97.4890,1072.0,-0.99990E+01
2016,4,25,17.68194,36.8077,-97.4890,1070.0,-0.99990E+01
2016,4,25,17.68222,36.8087,-97.4888,1066.0,-0.99990E+01
2016,4,25,17.68250,36.8097,-97.4888,1064.0,-0.99990E+01
2016,4,25,17.68278,36.8105,-97.4888,1061.0,-0.99990E+01
2016,4,25,17.68305,36.8115,-97.4888,1059.0,-0.99990E+01
2016,4,25,17.68333,36.8125,-97.4887,1057.0,-0.99990E+01
2016,4,25,17.68361,36.8135,-97.4887,1054.0,-0.99990E+01
2016,4,25,17.68389,36.8145,-97.4887,1053.0,-0.99990E+01
2016,4,25,17.68417,36.8155,-97.4885,1052.0,-0.99990E+01
2016,4,25,17.68444,36.8163,-97.4885,1051.0,-0.99990E+01
2016,4,25,17.68472,36.8173,-97.4885,1050.0,-0.99990E+01
2016,4,25,17.68500,36.8183,-97.4885,1050.0,-0.99990E+01
2016,4,25,17.68528,36.8192,-97.4885,1049.0,-0.99990E+01
2016,4,25,17.68555,36.8202,-97.4885,1049.0,-0.99990E+01
2016,4,25,17.68583,36.8212,-97.4885,1047.0,-0.99990E+01
2016,4,25,17.68611,36.8220,-97.4887,1046.0,-0.99990E+01
2016,4,25,17.68639,36.8230,-97.4888,1042.0,-0.99990E+01
2016,4,25,17.68667,36.8240,-97.4890,1039.0,-0.99990E+01
2016,4,25,17.68694,36.8248,-97.4893,1035.0,-0.99990E+01
2016,4,25,17.68722,36.8258,-97.4897,1032.0,-0.99990E+01
2016,4,25,17.68750,36.8267,-97.4900,1029.0,-0.99990E+01
2016,4,25,17.68778,36.8275,-97.4905,1026.0,-0.99990E+01
2016,4,25,17.68806,36.8283,-97.4910,1023.0,-0.99990E+01
2016,4,25,17.68833,36.8292,-97.4915,1020.0,-0.99990E+01
2016,4,25,17.68861,36.8300,-97.4922,1017.0,-0.99990E+01
2016,4,25,17.68889,36.8308,-97.4928,1014.0,-0.99990E+01
2016,4,25,17.68917,36.8315,-97.4935,1011.0,-0.99990E+01
2016,4,25,17.68944,36.8323,-97.4943,1007.0,-0.99990E+01
2016,4,25,17.68972,36.8330,-97.4950,1003.0,-0.99990E+01
2016,4,25,17.69000,36.8335,-97.4957,1000.0,-0.99990E+01
2016,4,25,17.69028,36.8342,-97.4965,998.0,-0.99990E+01
2016,4,25,17.69056,36.8348,-97.4973,995.0,-0.99990E+01
2016,4,25,17.69083,36.8353,-97.4983,993.0,-0.99990E+01
2016,4,25,17.69111,36.8360,-97.4993,990.0,-0.99990E+01
2016,4,25,17.69139,36.8363,-97.5003,987.0,-0.99990E+01
2016,4,25,17.69167,36.8368,-97.5012,984.0,-0.99990E+01
2016,4,25,17.69194,36.8373,-97.5025,979.0,-0.99990E+01
2016,4,25,17.69222,36.8377,-97.5033,975.0,-0.99990E+01
2016,4,25,17.69250,36.8380,-97.5043,971.0,-0.99990E+01
2016,4,25,17.69278,36.8383,-97.5055,967.0,-0.99990E+01
2016,4,25,17.69305,36.8385,-97.5065,964.0,-0.99990E+01
2016,4,25,17.69333,36.8387,-97.5077,962.0,-0.99990E+01
2016,4,25,17.69361,36.8388,-97.5087,960.0,-0.99990E+01
2016,4,25,17.69389,36.8390,-97.5098,959.0,-0.99990E+01
2016,4,25,17.69417,36.8392,-97.5110,958.0,-0.99990E+01
2016,4,25,17.69444,36.8393,-97.5122,960.0,-0.99990E+01
2016,4,25,17.69472,36.8393,-97.5132,962.0,-0.99990E+01
2016,4,25,17.69500,36.8395,-97.5142,965.0,-0.99990E+01
2016,4,25,17.69528,36.8395,-97.5153,967.0,-0.99990E+01
2016,4,25,17.69555,36.8397,-97.5163,969.0,-0.99990E+01
2016,4,25,17.69583,36.8397,-97.5175,971.0,-0.99990E+01
2016,4,25,17.69611,36.8398,-97.5187,971.0,-0.99990E+01
2016,4,25,17.69639,36.8398,-97.5197,972.0,-0.99990E+01
2016,4,25,17.69667,36.8400,-97.5208,971.0,-0.99990E+01
2016,4,25,17.69694,36.8400,-97.5220,969.0,-0.99990E+01
2016,4,25,17.69722,36.8402,-97.5230,967.0,-0.99990E+01
2016,4,25,17.69750,36.8402,-97.5242,964.0,-0.99990E+01
2016,4,25,17.69778,36.8403,-97.5255,960.0,-0.99990E+01
2016,4,25,17.69806,36.8405,-97.5263,957.0,-0.99990E+01
2016,4,25,17.69833,36.8407,-97.5273,953.0,-0.99990E+01
2016,4,25,17.69861,36.8408,-97.5287,949.0,-0.99990E+01
2016,4,25,17.69889,36.8410,-97.5295,944.0,-0.99990E+01
2016,4,25,17.69917,36.8413,-97.5308,939.0,-0.99990E+01
2016,4,25,17.69944,36.8418,-97.5318,936.0,-0.99990E+01
2016,4,25,17.69972,36.8422,-97.5328,934.0,-0.99990E+01
2016,4,25,17.70000,36.8425,-97.5338,931.0,-0.99990E+01
2016,4,25,17.70028,36.8430,-97.5348,928.0,-0.99990E+01
2016,4,25,17.70056,36.8435,-97.5358,926.0,-0.99990E+01
2016,4,25,17.70083,36.8442,-97.5368,922.0,-0.99990E+01
2016,4,25,17.70111,36.8447,-97.5377,920.0,-0.99990E+01
2016,4,25,17.70139,36.8452,-97.5385,917.0,-0.99990E+01
2016,4,25,17.70167,36.8460,-97.5395,914.0,-0.99990E+01
2016,4,25,17.70194,36.8465,-97.5403,911.0,-0.99990E+01
2016,4,25,17.70222,36.8472,-97.5412,908.0,-0.99990E+01
2016,4,25,17.70250,36.8482,-97.5420,905.0,-0.99990E+01
2016,4,25,17.70278,36.8488,-97.5427,903.0,-0.99990E+01
2016,4,25,17.70306,36.8495,-97.5433,901.0,-0.99990E+01
2016,4,25,17.70333,36.8503,-97.5440,900.0,-0.99990E+01
2016,4,25,17.70361,36.8512,-97.5445,898.0,-0.99990E+01
2016,4,25,17.70389,36.8520,-97.5452,897.0,-0.99990E+01
2016,4,25,17.70417,36.8530,-97.5457,894.0,-0.99990E+01
2016,4,25,17.70444,36.8537,-97.5462,892.0,-0.99990E+01
2016,4,25,17.70472,36.8547,-97.5465,891.0,-0.99990E+01
2016,4,25,17.70500,36.8557,-97.5468,889.0,-0.99990E+01
2016,4,25,17.70528,36.8565,-97.5472,887.0,-0.99990E+01
2016,4,25,17.70556,36.8575,-97.5475,886.0,-0.99990E+01
2016,4,25,17.70583,36.8585,-97.5477,883.0,-0.99990E+01
2016,4,25,17.70611,36.8595,-97.5478,881.0,-0.99990E+01
2016,4,25,17.70639,36.8603,-97.5480,879.0,-0.99990E+01
2016,4,25,17.70667,36.8613,-97.5480,877.0,-0.99990E+01
2016,4,25,17.70695,36.8622,-97.5480,876.0,-0.99990E+01
2016,4,25,17.70722,36.8632,-97.5480,875.0,-0.99990E+01
2016,4,25,17.70750,36.8642,-97.5478,874.0,-0.99990E+01
2016,4,25,17.70778,36.8652,-97.5478,872.0,-0.99990E+01
2016,4,25,17.70806,36.8662,-97.5475,871.0,-0.99990E+01
2016,4,25,17.70833,36.8670,-97.5473,870.0,-0.99990E+01
2016,4,25,17.70861,36.8682,-97.5470,869.0,-0.99990E+01
2016,4,25,17.70889,36.8690,-97.5467,868.0,-0.99990E+01
2016,4,25,17.70917,36.8697,-97.5463,868.0,-0.99990E+01
2016,4,25,17.70945,36.8707,-97.5458,867.0,-0.99990E+01
2016,4,25,17.70972,36.8717,-97.5453,866.0,-0.99990E+01
2016,4,25,17.71000,36.8725,-97.5448,865.0,-0.99990E+01
2016,4,25,17.71028,36.8732,-97.5443,865.0,-0.99990E+01
2016,4,25,17.71056,36.8740,-97.5437,865.0,-0.99990E+01
2016,4,25,17.71083,36.8748,-97.5430,865.0,-0.99990E+01
2016,4,25,17.71111,36.8757,-97.5423,865.0,-0.99990E+01
2016,4,25,17.71139,36.8765,-97.5415,865.0,-0.99990E+01
2016,4,25,17.71167,36.8770,-97.5407,866.0,-0.99990E+01
2016,4,25,17.71194,36.8777,-97.5400,866.0,-0.99990E+01
2016,4,25,17.71222,36.8783,-97.5390,866.0,-0.99990E+01
2016,4,25,17.71250,36.8788,-97.5383,866.0,-0.99990E+01
2016,4,25,17.71278,36.8795,-97.5373,865.0,-0.99990E+01
2016,4,25,17.71306,36.8800,-97.5363,865.0,-0.99990E+01
2016,4,25,17.71334,36.8805,-97.5355,864.0,-0.99990E+01
2016,4,25,17.71361,36.8810,-97.5345,863.0,-0.99990E+01
2016,4,25,17.71389,36.8813,-97.5335,861.0,-0.99990E+01
2016,4,25,17.71417,36.8818,-97.5323,860.0,-0.99990E+01
2016,4,25,17.71445,36.8822,-97.5313,859.0,-0.99990E+01
2016,4,25,17.71472,36.8823,-97.5303,858.0,-0.99990E+01
2016,4,25,17.71500,36.8827,-97.5292,857.0,-0.99990E+01
2016,4,25,17.71528,36.8828,-97.5282,856.0,-0.99990E+01
2016,4,25,17.71556,36.8832,-97.5270,856.0,-0.99990E+01
2016,4,25,17.71583,36.8832,-97.5260,856.0,-0.99990E+01
2016,4,25,17.71611,36.8833,-97.5250,855.0,-0.99990E+01
2016,4,25,17.71639,36.8833,-97.5237,855.0,-0.99990E+01
2016,4,25,17.71667,36.8833,-97.5227,855.0,-0.99990E+01
2016,4,25,17.71695,36.8833,-97.5215,855.0,-0.99990E+01
2016,4,25,17.71722,36.8832,-97.5203,855.0,-0.99990E+01
2016,4,25,17.71750,36.8832,-97.5195,855.0,-0.99990E+01
2016,4,25,17.71778,36.8830,-97.5185,855.0,-0.99990E+01
2016,4,25,17.71806,36.8827,-97.5173,855.0,-0.99990E+01
2016,4,25,17.71833,36.8825,-97.5163,854.0,-0.99990E+01
2016,4,25,17.71861,36.8822,-97.5155,854.0,-0.99990E+01
2016,4,25,17.71889,36.8818,-97.5143,853.0,-0.99990E+01
2016,4,25,17.71917,36.8815,-97.5135,852.0,-0.99990E+01
2016,4,25,17.71944,36.8812,-97.5125,851.0,-0.99990E+01
2016,4,25,17.71972,36.8807,-97.5115,851.0,-0.99990E+01
2016,4,25,17.72000,36.8803,-97.5107,851.0,-0.99990E+01
2016,4,25,17.72028,36.8798,-97.5100,851.0,-0.99990E+01
2016,4,25,17.72056,36.8793,-97.5090,850.0,-0.99990E+01
2016,4,25,17.72083,36.8788,-97.5083,849.0,-0.99990E+01
2016,4,25,17.72111,36.8783,-97.5075,848.0,-0.99990E+01
2016,4,25,17.72139,36.8777,-97.5067,846.0,-0.99990E+01
2016,4,25,17.72167,36.8772,-97.5060,845.0,-0.99990E+01
2016,4,25,17.72194,36.8765,-97.5055,844.0,-0.99990E+01
2016,4,25,17.72222,36.8758,-97.5048,844.0,-0.99990E+01
2016,4,25,17.72250,36.8752,-97.5042,845.0,-0.99990E+01
2016,4,25,17.72278,36.8745,-97.5037,845.0,-0.99990E+01
2016,4,25,17.72306,36.8737,-97.5033,847.0,-0.99990E+01
2016,4,25,17.72333,36.8730,-97.5030,849.0,-0.99990E+01
2016,4,25,17.72361,36.8723,-97.5027,851.0,-0.99990E+01
2016,4,25,17.72389,36.8715,-97.5023,854.0,-0.99990E+01
2016,4,25,17.72417,36.8708,-97.5022,856.0,-0.99990E+01
2016,4,25,17.72445,36.8700,-97.5020,858.0,-0.99990E+01
2016,4,25,17.72472,36.8692,-97.5018,859.0,-0.99990E+01
2016,4,25,17.72500,36.8683,-97.5017,860.0,-0.99990E+01
2016,4,25,17.72528,36.8677,-97.5017,861.0,-0.99990E+01
2016,4,25,17.72556,36.8667,-97.5015,863.0,-0.99990E+01
2016,4,25,17.72583,36.8660,-97.5015,863.0,-0.99990E+01
2016,4,25,17.72611,36.8652,-97.5015,864.0,-0.99990E+01
2016,4,25,17.72639,36.8643,-97.5015,865.0,-0.99990E+01
2016,4,25,17.72667,36.8635,-97.5013,865.0,-0.99990E+01
2016,4,25,17.72695,36.8628,-97.5013,865.0,-0.99990E+01
2016,4,25,17.72722,36.8620,-97.5012,864.0,-0.99990E+01
2016,4,25,17.72750,36.8612,-97.5012,862.0,-0.99990E+01
2016,4,25,17.72778,36.8603,-97.5010,860.0,-0.99990E+01
2016,4,25,17.72806,36.8595,-97.5010,857.0,-0.99990E+01
2016,4,25,17.72833,36.8587,-97.5008,855.0,-0.99990E+01
2016,4,25,17.72861,36.8578,-97.5008,854.0,-0.99990E+01
2016,4,25,17.72889,36.8572,-97.5007,853.0,-0.99990E+01
2016,4,25,17.72917,36.8563,-97.5007,852.0,-0.99990E+01
2016,4,25,17.72944,36.8555,-97.5005,852.0,-0.99990E+01
2016,4,25,17.72972,36.8547,-97.5005,852.0,-0.99990E+01
2016,4,25,17.73000,36.8540,-97.5003,853.0,-0.99990E+01
2016,4,25,17.73028,36.8530,-97.5003,855.0,-0.99990E+01
2016,4,25,17.73056,36.8522,-97.5003,856.0,-0.99990E+01
2016,4,25,17.73083,36.8515,-97.5002,857.0,-0.99990E+01
2016,4,25,17.73111,36.8505,-97.5002,858.0,-0.99990E+01
2016,4,25,17.73139,36.8498,-97.5000,859.0,-0.99990E+01
2016,4,25,17.73167,36.8490,-97.5000,859.0,-0.99990E+01
2016,4,25,17.73195,36.8482,-97.4998,860.0,-0.99990E+01
2016,4,25,17.73222,36.8475,-97.4998,860.0,-0.99990E+01
2016,4,25,17.73250,36.8467,-97.4997,859.0,-0.99990E+01
2016,4,25,17.73278,36.8457,-97.4997,859.0,-0.99990E+01
2016,4,25,17.73306,36.8450,-97.4995,858.0,-0.99990E+01
2016,4,25,17.73333,36.8442,-97.4995,857.0,-0.99990E+01
2016,4,25,17.73361,36.8432,-97.4993,856.0,-0.99990E+01
2016,4,25,17.73389,36.8425,-97.4993,855.0,-0.99990E+01
2016,4,25,17.73417,36.8418,-97.4992,855.0,-0.99990E+01
2016,4,25,17.73445,36.8408,-97.4992,855.0,-0.99990E+01
2016,4,25,17.73472,36.8402,-97.4990,855.0,-0.99990E+01
2016,4,25,17.73500,36.8392,-97.4990,854.0,-0.99990E+01
2016,4,25,17.73528,36.8383,-97.4988,854.0,-0.99990E+01
2016,4,25,17.73556,36.8377,-97.4988,853.0,-0.99990E+01
2016,4,25,17.73583,36.8368,-97.4987,852.0,-0.99990E+01
2016,4,25,17.73611,36.8358,-97.4987,851.0,-0.99990E+01
2016,4,25,17.73639,36.8352,-97.4985,850.0,-0.99990E+01
2016,4,25,17.73667,36.8342,-97.4985,850.0,-0.99990E+01
2016,4,25,17.73694,36.8335,-97.4983,851.0,-0.99990E+01
2016,4,25,17.73722,36.8327,-97.4983,852.0,-0.99990E+01
2016,4,25,17.73750,36.8318,-97.4982,854.0,-0.99990E+01
2016,4,25,17.73778,36.8310,-97.4980,856.0,-0.99990E+01
2016,4,25,17.73806,36.8303,-97.4980,857.0,-0.99990E+01
2016,4,25,17.73833,36.8293,-97.4978,859.0,-0.99990E+01
2016,4,25,17.73861,36.8285,-97.4978,859.0,-0.99990E+01
2016,4,25,17.73889,36.8278,-97.4977,860.0,-0.99990E+01
2016,4,25,17.73917,36.8268,-97.4975,860.0,-0.99990E+01
2016,4,25,17.73944,36.8260,-97.4975,860.0,-0.99990E+01
2016,4,25,17.73972,36.8253,-97.4973,859.0,-0.99990E+01
2016,4,25,17.74000,36.8245,-97.4973,857.0,-0.99990E+01
2016,4,25,17.74028,36.8237,-97.4972,856.0,-0.99990E+01
2016,4,25,17.74056,36.8228,-97.4970,854.0,-0.99990E+01
2016,4,25,17.74083,36.8220,-97.4970,852.0,-0.99990E+01
2016,4,25,17.74111,36.8212,-97.4968,851.0,-0.99990E+01
2016,4,25,17.74139,36.8203,-97.4968,850.0,-0.99990E+01
2016,4,25,17.74167,36.8195,-97.4967,849.0,-0.99990E+01
2016,4,25,17.74195,36.8185,-97.4965,849.0,-0.99990E+01
2016,4,25,17.74222,36.8177,-97.4965,849.0,-0.99990E+01
2016,4,25,17.74250,36.8170,-97.4963,849.0,-0.99990E+01
2016,4,25,17.74278,36.8162,-97.4962,849.0,-0.99990E+01
2016,4,25,17.74306,36.8153,-97.4962,849.0,-0.99990E+01
2016,4,25,17.74333,36.8145,-97.4960,849.0,-0.99990E+01
2016,4,25,17.74361,36.8137,-97.4960,848.0,-0.99990E+01
2016,4,25,17.74389,36.8128,-97.4958,849.0,-0.99990E+01
2016,4,25,17.74417,36.8120,-97.4957,849.0,-0.99990E+01
2016,4,25,17.74444,36.8110,-97.4957,851.0,-0.99990E+01
2016,4,25,17.74472,36.8103,-97.4955,853.0,-0.99990E+01
2016,4,25,17.74500,36.8095,-97.4953,855.0,-0.99990E+01
2016,4,25,17.74528,36.8087,-97.4953,856.0,-0.99990E+01
2016,4,25,17.74556,36.8078,-97.4952,858.0,-0.99990E+01
2016,4,25,17.74583,36.8072,-97.4950,859.0,-0.99990E+01
2016,4,25,17.74611,36.8062,-97.4950,859.0,-0.99990E+01
2016,4,25,17.74639,36.8053,-97.4948,859.0,-0.99990E+01
2016,4,25,17.74667,36.8047,-97.4948,860.0,-0.99990E+01
2016,4,25,17.74694,36.8037,-97.4947,861.0,-0.99990E+01
2016,4,25,17.74722,36.8028,-97.4945,862.0,-0.99990E+01
2016,4,25,17.74750,36.8022,-97.4945,863.0,-0.99990E+01
2016,4,25,17.74778,36.8012,-97.4943,864.0,-0.99990E+01
2016,4,25,17.74806,36.8005,-97.4943,863.0,-0.99990E+01
2016,4,25,17.74833,36.7995,-97.4942,861.0,-0.99990E+01
2016,4,25,17.74861,36.7987,-97.4940,860.0,-0.99990E+01
2016,4,25,17.74889,36.7980,-97.4940,858.0,-0.99990E+01
2016,4,25,17.74917,36.7970,-97.4938,857.0,-0.99990E+01
2016,4,25,17.74944,36.7962,-97.4937,855.0,-0.99990E+01
2016,4,25,17.74972,36.7955,-97.4937,855.0,-0.99990E+01
2016,4,25,17.75000,36.7945,-97.4935,854.0,-0.99990E+01
2016,4,25,17.75028,36.7935,-97.4933,853.0,-0.99990E+01
2016,4,25,17.75056,36.7928,-97.4933,852.0,-0.99990E+01
2016,4,25,17.75083,36.7920,-97.4932,852.0,-0.99990E+01
2016,4,25,17.75111,36.7912,-97.4930,852.0,-0.99990E+01
2016,4,25,17.75139,36.7903,-97.4930,851.0,-0.99990E+01
2016,4,25,17.75167,36.7893,-97.4928,852.0,-0.99990E+01
2016,4,25,17.75194,36.7887,-97.4927,852.0,-0.99990E+01
2016,4,25,17.75222,36.7878,-97.4927,852.0,-0.99990E+01
2016,4,25,17.75250,36.7868,-97.4925,852.0,-0.99990E+01
2016,4,25,17.75278,36.7860,-97.4923,853.0,-0.99990E+01
2016,4,25,17.75306,36.7853,-97.4923,853.0,-0.99990E+01
2016,4,25,17.75333,36.7843,-97.4922,853.0,-0.99990E+01
2016,4,25,17.75361,36.7837,-97.4920,853.0,-0.99990E+01
2016,4,25,17.75389,36.7828,-97.4920,854.0,-0.99990E+01
2016,4,25,17.75417,36.7818,-97.4918,854.0,-0.99990E+01
2016,4,25,17.75444,36.7810,-97.4917,855.0,-0.99990E+01
2016,4,25,17.75472,36.7803,-97.4915,856.0,-0.99990E+01
2016,4,25,17.75500,36.7793,-97.4915,857.0,-0.99990E+01
2016,4,25,17.75528,36.7785,-97.4913,857.0,-0.99990E+01
2016,4,25,17.75556,36.7778,-97.4912,858.0,-0.99990E+01
2016,4,25,17.75583,36.7768,-97.4912,859.0,-0.99990E+01
2016,4,25,17.75611,36.7760,-97.4910,859.0,-0.99990E+01
2016,4,25,17.75639,36.7753,-97.4908,858.0,-0.99990E+01
2016,4,25,17.75667,36.7743,-97.4908,857.0,-0.99990E+01
2016,4,25,17.75694,36.7735,-97.4907,856.0,-0.99990E+01
2016,4,25,17.75722,36.7728,-97.4905,854.0,-0.99990E+01
2016,4,25,17.75750,36.7718,-97.4905,853.0,-0.99990E+01
2016,4,25,17.75778,36.7712,-97.4903,852.0,-0.99990E+01
2016,4,25,17.75805,36.7703,-97.4902,851.0,-0.99990E+01
2016,4,25,17.75833,36.7693,-97.4902,849.0,-0.99990E+01
2016,4,25,17.75861,36.7685,-97.4900,848.0,-0.99990E+01
2016,4,25,17.75889,36.7675,-97.4898,848.0,-0.99990E+01
2016,4,25,17.75917,36.7668,-97.4898,848.0,-0.99990E+01
2016,4,25,17.75945,36.7660,-97.4897,849.0,-0.99990E+01
2016,4,25,17.75972,36.7652,-97.4895,850.0,-0.99990E+01
2016,4,25,17.76000,36.7642,-97.4895,851.0,-0.99990E+01
2016,4,25,17.76028,36.7635,-97.4893,851.0,-0.99990E+01
2016,4,25,17.76056,36.7627,-97.4893,851.0,-0.99990E+01
2016,4,25,17.76083,36.7617,-97.4892,851.0,-0.99990E+01
2016,4,25,17.76111,36.7610,-97.4890,851.0,-0.99990E+01
2016,4,25,17.76139,36.7602,-97.4890,851.0,-0.99990E+01
2016,4,25,17.76167,36.7592,-97.4888,851.0,-0.99990E+01
2016,4,25,17.76194,36.7585,-97.4887,851.0,-0.99990E+01
2016,4,25,17.76222,36.7577,-97.4887,851.0,-0.99990E+01
2016,4,25,17.76250,36.7568,-97.4885,852.0,-0.99990E+01
2016,4,25,17.76278,36.7560,-97.4883,852.0,-0.99990E+01
2016,4,25,17.76306,36.7552,-97.4883,852.0,-0.99990E+01
2016,4,25,17.76333,36.7542,-97.4882,851.0,-0.99990E+01
2016,4,25,17.76361,36.7533,-97.4880,851.0,-0.99990E+01
2016,4,25,17.76389,36.7527,-97.4880,851.0,-0.99990E+01
2016,4,25,17.76417,36.7518,-97.4878,850.0,-0.99990E+01
2016,4,25,17.76444,36.7508,-97.4877,850.0,-0.99990E+01
2016,4,25,17.76472,36.7500,-97.4877,849.0,-0.99990E+01
2016,4,25,17.76500,36.7492,-97.4875,848.0,-0.99990E+01
2016,4,25,17.76528,36.7483,-97.4875,848.0,-0.99990E+01
2016,4,25,17.76556,36.7475,-97.4873,848.0,-0.99990E+01
2016,4,25,17.76583,36.7467,-97.4873,848.0,-0.99990E+01
2016,4,25,17.76611,36.7458,-97.4873,848.0,-0.99990E+01
2016,4,25,17.76639,36.7450,-97.4872,848.0,-0.99990E+01
2016,4,25,17.76667,36.7442,-97.4872,848.0,-0.99990E+01
2016,4,25,17.76694,36.7432,-97.4872,848.0,-0.99990E+01
2016,4,25,17.76722,36.7423,-97.4870,848.0,-0.99990E+01
2016,4,25,17.76750,36.7415,-97.4870,849.0,-0.99990E+01
2016,4,25,17.76778,36.7408,-97.4870,849.0,-0.99990E+01
2016,4,25,17.76805,36.7400,-97.4870,849.0,-0.99990E+01
2016,4,25,17.76833,36.7390,-97.4868,849.0,-0.99990E+01
2016,4,25,17.76861,36.7383,-97.4868,848.0,-0.99990E+01
2016,4,25,17.76889,36.7375,-97.4868,848.0,-0.99990E+01
2016,4,25,17.76917,36.7365,-97.4867,847.0,-0.99990E+01
2016,4,25,17.76944,36.7358,-97.4867,847.0,-0.99990E+01
2016,4,25,17.76972,36.7350,-97.4867,847.0,-0.99990E+01
2016,4,25,17.77000,36.7340,-97.4865,847.0,-0.99990E+01
2016,4,25,17.77028,36.7333,-97.4865,847.0,-0.99990E+01
2016,4,25,17.77056,36.7325,-97.4863,847.0,-0.99990E+01
2016,4,25,17.77083,36.7317,-97.4863,848.0,-0.99990E+01
2016,4,25,17.77111,36.7308,-97.4863,848.0,-0.99990E+01
2016,4,25,17.77139,36.7300,-97.4862,847.0,-0.99990E+01
2016,4,25,17.77167,36.7292,-97.4862,847.0,-0.99990E+01
2016,4,25,17.77194,36.7283,-97.4862,847.0,-0.99990E+01
2016,4,25,17.77222,36.7275,-97.4860,847.0,-0.99990E+01
2016,4,25,17.77250,36.7267,-97.4860,846.0,-0.99990E+01
2016,4,25,17.77278,36.7257,-97.4860,846.0,-0.99990E+01
2016,4,25,17.77306,36.7250,-97.4860,846.0,-0.99990E+01
2016,4,25,17.77333,36.7242,-97.4858,847.0,-0.99990E+01
2016,4,25,17.77361,36.7233,-97.4858,848.0,-0.99990E+01
2016,4,25,17.77389,36.7223,-97.4858,848.0,-0.99990E+01
2016,4,25,17.77417,36.7217,-97.4858,849.0,-0.99990E+01
2016,4,25,17.77444,36.7208,-97.4858,849.0,-0.99990E+01
2016,4,25,17.77472,36.7200,-97.4858,850.0,-0.99990E+01
2016,4,25,17.77500,36.7192,-97.4858,851.0,-0.99990E+01
2016,4,25,17.77528,36.7183,-97.4858,852.0,-0.99990E+01
2016,4,25,17.77555,36.7175,-97.4858,852.0,-0.99990E+01
2016,4,25,17.77583,36.7167,-97.4858,852.0,-0.99990E+01
2016,4,25,17.77611,36.7158,-97.4857,852.0,-0.99990E+01
2016,4,25,17.77639,36.7150,-97.4857,851.0,-0.99990E+01
2016,4,25,17.77667,36.7140,-97.4857,851.0,-0.99990E+01
2016,4,25,17.77695,36.7133,-97.4857,850.0,-0.99990E+01
2016,4,25,17.77722,36.7125,-97.4857,850.0,-0.99990E+01
2016,4,25,17.77750,36.7115,-97.4857,849.0,-0.99990E+01
2016,4,25,17.77778,36.7107,-97.4857,848.0,-0.99990E+01
2016,4,25,17.77806,36.7098,-97.4857,847.0,-0.99990E+01
2016,4,25,17.77833,36.7090,-97.4857,846.0,-0.99990E+01
2016,4,25,17.77861,36.7083,-97.4857,846.0,-0.99990E+01
2016,4,25,17.77889,36.7075,-97.4857,845.0,-0.99990E+01
2016,4,25,17.77917,36.7067,-97.4855,845.0,-0.99990E+01
2016,4,25,17.77944,36.7058,-97.4855,845.0,-0.99990E+01
2016,4,25,17.77972,36.7050,-97.4855,846.0,-0.99990E+01
2016,4,25,17.78000,36.7040,-97.4855,846.0,-0.99990E+01
2016,4,25,17.78028,36.7032,-97.4855,846.0,-0.99990E+01
2016,4,25,17.78056,36.7023,-97.4855,847.0,-0.99990E+01
2016,4,25,17.78083,36.7015,-97.4853,847.0,-0.99990E+01
2016,4,25,17.78111,36.7007,-97.4853,847.0,-0.99990E+01
2016,4,25,17.78139,36.7000,-97.4853,846.0,-0.99990E+01
2016,4,25,17.78167,36.6990,-97.4853,846.0,-0.99990E+01
2016,4,25,17.78194,36.6983,-97.4853,845.0,-0.99990E+01
2016,4,25,17.78222,36.6973,-97.4853,844.0,-0.99990E+01
2016,4,25,17.78250,36.6965,-97.4852,844.0,-0.99990E+01
2016,4,25,17.78278,36.6957,-97.4852,844.0,-0.99990E+01
2016,4,25,17.78305,36.6948,-97.4852,844.0,-0.99990E+01
2016,4,25,17.78333,36.6940,-97.4852,844.0,-0.99990E+01
2016,4,25,17.78361,36.6932,-97.4852,844.0,-0.99990E+01
2016,4,25,17.78389,36.6922,-97.4852,845.0,-0.99990E+01
2016,4,25,17.78417,36.6915,-97.4852,845.0,-0.99990E+01
2016,4,25,17.78444,36.6907,-97.4850,845.0,-0.99990E+01
2016,4,25,17.78472,36.6898,-97.4850,845.0,-0.99990E+01
2016,4,25,17.78500,36.6888,-97.4850,846.0,-0.99990E+01
2016,4,25,17.78528,36.6882,-97.4850,847.0,-0.99990E+01
2016,4,25,17.78555,36.6873,-97.4850,848.0,-0.99990E+01
2016,4,25,17.78583,36.6863,-97.4850,849.0,-0.99990E+01
2016,4,25,17.78611,36.6857,-97.4850,849.0,-0.99990E+01
2016,4,25,17.78639,36.6847,-97.4848,850.0,-0.99990E+01
2016,4,25,17.78667,36.6840,-97.4848,851.0,-0.99990E+01
2016,4,25,17.78694,36.6832,-97.4848,851.0,-0.99990E+01
2016,4,25,17.78722,36.6823,-97.4848,853.0,-0.99990E+01
2016,4,25,17.78750,36.6815,-97.4848,853.0,-0.99990E+01
2016,4,25,17.78778,36.6807,-97.4848,854.0,-0.99990E+01
2016,4,25,17.78806,36.6798,-97.4848,854.0,-0.99990E+01
2016,4,25,17.78833,36.6790,-97.4847,854.0,-0.99990E+01
2016,4,25,17.78861,36.6782,-97.4847,853.0,-0.99990E+01
2016,4,25,17.78889,36.6773,-97.4847,852.0,-0.99990E+01
2016,4,25,17.78917,36.6765,-97.4847,851.0,-0.99990E+01
2016,4,25,17.78944,36.6757,-97.4847,850.0,-0.99990E+01
2016,4,25,17.78972,36.6748,-97.4847,848.0,-0.99990E+01
2016,4,25,17.79000,36.6740,-97.4847,847.0,-0.99990E+01
2016,4,25,17.79028,36.6732,-97.4847,847.0,-0.99990E+01
2016,4,25,17.79056,36.6723,-97.4847,845.0,-0.99990E+01
2016,4,25,17.79083,36.6713,-97.4845,844.0,-0.99990E+01
2016,4,25,17.79111,36.6707,-97.4845,843.0,-0.99990E+01
2016,4,25,17.79139,36.6697,-97.4845,841.0,-0.99990E+01
2016,4,25,17.79167,36.6688,-97.4845,840.0,-0.99990E+01
2016,4,25,17.79194,36.6680,-97.4845,839.0,-0.99990E+01
2016,4,25,17.79222,36.6672,-97.4845,839.0,-0.99990E+01
2016,4,25,17.79250,36.6663,-97.4845,839.0,-0.99990E+01
2016,4,25,17.79278,36.6657,-97.4845,839.0,-0.99990E+01
2016,4,25,17.79305,36.6647,-97.4845,840.0,-0.99990E+01
2016,4,25,17.79333,36.6637,-97.4845,841.0,-0.99990E+01
2016,4,25,17.79361,36.6630,-97.4845,842.0,-0.99990E+01
2016,4,25,17.79389,36.6622,-97.4845,842.0,-0.99990E+01
2016,4,25,17.79417,36.6612,-97.4845,843.0,-0.99990E+01
2016,4,25,17.79444,36.6605,-97.4845,844.0,-0.99990E+01
2016,4,25,17.79472,36.6597,-97.4845,846.0,-0.99990E+01
2016,4,25,17.79500,36.6588,-97.4845,848.0,-0.99990E+01
2016,4,25,17.79528,36.6580,-97.4845,849.0,-0.99990E+01
2016,4,25,17.79556,36.6572,-97.4845,850.0,-0.99990E+01
2016,4,25,17.79583,36.6563,-97.4845,851.0,-0.99990E+01
2016,4,25,17.79611,36.6555,-97.4845,851.0,-0.99990E+01
2016,4,25,17.79639,36.6547,-97.4845,851.0,-0.99990E+01
2016,4,25,17.79667,36.6538,-97.4845,852.0,-0.99990E+01
2016,4,25,17.79694,36.6528,-97.4845,853.0,-0.99990E+01
2016,4,25,17.79722,36.6522,-97.4845,854.0,-0.99990E+01
2016,4,25,17.79750,36.6513,-97.4845,855.0,-0.99990E+01
2016,4,25,17.79778,36.6503,-97.4845,855.0,-0.99990E+01
2016,4,25,17.79806,36.6497,-97.4845,856.0,-0.99990E+01
2016,4,25,17.79833,36.6488,-97.4845,856.0,-0.99990E+01
2016,4,25,17.79861,36.6480,-97.4845,856.0,-0.99990E+01
2016,4,25,17.79889,36.6472,-97.4845,855.0,-0.99990E+01
2016,4,25,17.79917,36.6463,-97.4845,854.0,-0.99990E+01
2016,4,25,17.79944,36.6455,-97.4845,852.0,-0.99990E+01
2016,4,25,17.79972,36.6447,-97.4845,851.0,-0.99990E+01
2016,4,25,17.80000,36.6438,-97.4845,849.0,-0.99990E+01
2016,4,25,17.80028,36.6428,-97.4845,848.0,-0.99990E+01
2016,4,25,17.80055,36.6420,-97.4845,847.0,-0.99990E+01
2016,4,25,17.80083,36.6413,-97.4845,846.0,-0.99990E+01
2016,4,25,17.80111,36.6403,-97.4845,845.0,-0.99990E+01
2016,4,25,17.80139,36.6395,-97.4845,845.0,-0.99990E+01
2016,4,25,17.80167,36.6385,-97.4845,845.0,-0.99990E+01
2016,4,25,17.80194,36.6378,-97.4847,845.0,-0.99990E+01
2016,4,25,17.80222,36.6370,-97.4847,845.0,-0.99990E+01
2016,4,25,17.80250,36.6362,-97.4847,845.0,-0.99990E+01
2016,4,25,17.80278,36.6352,-97.4847,846.0,-0.99990E+01
2016,4,25,17.80305,36.6345,-97.4848,846.0,-0.99990E+01
2016,4,25,17.80333,36.6335,-97.4848,846.0,-0.99990E+01
2016,4,25,17.80361,36.6327,-97.4848,846.0,-0.99990E+01
2016,4,25,17.80389,36.6320,-97.4848,846.0,-0.99990E+01
2016,4,25,17.80417,36.6310,-97.4848,846.0,-0.99990E+01
2016,4,25,17.80444,36.6302,-97.4850,847.0,-0.99990E+01
2016,4,25,17.80472,36.6295,-97.4850,848.0,-0.99990E+01
2016,4,25,17.80500,36.6287,-97.4850,849.0,-0.99990E+01
2016,4,25,17.80528,36.6277,-97.4850,850.0,-0.99990E+01
2016,4,25,17.80556,36.6268,-97.4852,851.0,-0.99990E+01
2016,4,25,17.80583,36.6260,-97.4852,853.0,-0.99990E+01
2016,4,25,17.80611,36.6252,-97.4852,854.0,-0.99990E+01
2016,4,25,17.80639,36.6243,-97.4852,855.0,-0.99990E+01
2016,4,25,17.80667,36.6235,-97.4852,856.0,-0.99990E+01
2016,4,25,17.80694,36.6227,-97.4852,856.0,-0.99990E+01
2016,4,25,17.80722,36.6218,-97.4853,855.0,-0.99990E+01
2016,4,25,17.80750,36.6210,-97.4853,855.0,-0.99990E+01
2016,4,25,17.80778,36.6202,-97.4853,853.0,-0.99990E+01
2016,4,25,17.80805,36.6193,-97.4853,852.0,-0.99990E+01
2016,4,25,17.80833,36.6185,-97.4855,851.0,-0.99990E+01
2016,4,25,17.80861,36.6175,-97.4855,850.0,-0.99990E+01
2016,4,25,17.80889,36.6167,-97.4855,849.0,-0.99990E+01
2016,4,25,17.80917,36.6160,-97.4855,848.0,-0.99990E+01
2016,4,25,17.80944,36.6150,-97.4857,847.0,-0.99990E+01
2016,4,25,17.80972,36.6142,-97.4857,846.0,-0.99990E+01
2016,4,25,17.81000,36.6133,-97.4857,845.0,-0.99990E+01
2016,4,25,17.81028,36.6125,-97.4857,845.0,-0.99990E+01
2016,4,25,17.81055,36.6117,-97.4858,845.0,-0.99990E+01
2016,4,25,17.81083,36.6108,-97.4858,845.0,-0.99990E+01
2016,4,25,17.81111,36.6098,-97.4858,845.0,-0.99990E+01
2016,4,25,17.81139,36.6092,-97.4858,845.0,-0.99990E+01
2016,4,25,17.81167,36.6083,-97.4858,846.0,-0.99990E+01
2016,4,25,17.81194,36.6075,-97.4860,846.0,-0.99990E+01
2016,4,25,17.81222,36.6067,-97.4860,846.0,-0.99990E+01
2016,4,25,17.81250,36.6058,-97.4860,846.0,-0.99990E+01
2016,4,25,17.81278,36.6050,-97.4860,847.0,-0.99990E+01
2016,4,25,17.81306,36.6042,-97.4860,848.0,-0.99990E+01
2016,4,25,17.81333,36.6032,-97.4862,850.0,-0.99990E+01
2016,4,25,17.81361,36.6023,-97.4860,851.0,-0.99990E+01
2016,4,25,17.81389,36.6015,-97.4860,852.0,-0.99990E+01
2016,4,25,17.81417,36.6007,-97.4860,852.0,-0.99990E+01
2016,4,25,17.81444,36.5998,-97.4860,853.0,-0.99990E+01
2016,4,25,17.81472,36.5990,-97.4860,854.0,-0.99990E+01
2016,4,25,17.81500,36.5983,-97.4860,855.0,-0.99990E+01
2016,4,25,17.81528,36.5973,-97.4860,856.0,-0.99990E+01
2016,4,25,17.81556,36.5967,-97.4860,857.0,-0.99990E+01
2016,4,25,17.81583,36.5957,-97.4858,858.0,-0.99990E+01
2016,4,25,17.81611,36.5948,-97.4858,859.0,-0.99990E+01
2016,4,25,17.81639,36.5942,-97.4858,859.0,-0.99990E+01
2016,4,25,17.81667,36.5932,-97.4858,859.0,-0.99990E+01
2016,4,25,17.81695,36.5923,-97.4858,858.0,-0.99990E+01
2016,4,25,17.81722,36.5915,-97.4858,857.0,-0.99990E+01
2016,4,25,17.81750,36.5907,-97.4857,855.0,-0.99990E+01
2016,4,25,17.81778,36.5898,-97.4857,854.0,-0.99990E+01
2016,4,25,17.81806,36.5890,-97.4857,852.0,-0.99990E+01
2016,4,25,17.81833,36.5882,-97.4857,851.0,-0.99990E+01
2016,4,25,17.81861,36.5873,-97.4857,848.0,-0.99990E+01
2016,4,25,17.81889,36.5865,-97.4857,847.0,-0.99990E+01
2016,4,25,17.81917,36.5855,-97.4857,845.0,-0.99990E+01
2016,4,25,17.81944,36.5847,-97.4855,843.0,-0.99990E+01
2016,4,25,17.81972,36.5838,-97.4855,842.0,-0.99990E+01
2016,4,25,17.82000,36.5828,-97.4855,841.0,-0.99990E+01
2016,4,25,17.82028,36.5822,-97.4855,840.0,-0.99990E+01
2016,4,25,17.82056,36.5813,-97.4855,840.0,-0.99990E+01
2016,4,25,17.82084,36.5803,-97.4853,840.0,-0.99990E+01
2016,4,25,17.82111,36.5795,-97.4853,840.0,-0.99990E+01
2016,4,25,17.82139,36.5788,-97.4853,841.0,-0.99990E+01
2016,4,25,17.82167,36.5778,-97.4853,841.0,-0.99990E+01
2016,4,25,17.82195,36.5770,-97.4852,842.0,-0.99990E+01
2016,4,25,17.82222,36.5762,-97.4852,843.0,-0.99990E+01
2016,4,25,17.82250,36.5753,-97.4852,844.0,-0.99990E+01
2016,4,25,17.82278,36.5743,-97.4852,845.0,-0.99990E+01
2016,4,25,17.82306,36.5737,-97.4852,846.0,-0.99990E+01
2016,4,25,17.82333,36.5727,-97.4852,847.0,-0.99990E+01
2016,4,25,17.82361,36.5718,-97.4850,848.0,-0.99990E+01
2016,4,25,17.82389,36.5712,-97.4850,849.0,-0.99990E+01
2016,4,25,17.82417,36.5702,-97.4850,849.0,-0.99990E+01
2016,4,25,17.82445,36.5693,-97.4850,849.0,-0.99990E+01
2016,4,25,17.82472,36.5687,-97.4850,848.0,-0.99990E+01
2016,4,25,17.82500,36.5677,-97.4848,848.0,-0.99990E+01
2016,4,25,17.82528,36.5668,-97.4848,847.0,-0.99990E+01
2016,4,25,17.82556,36.5660,-97.4848,847.0,-0.99990E+01
2016,4,25,17.82583,36.5652,-97.4848,847.0,-0.99990E+01
2016,4,25,17.82611,36.5643,-97.4848,846.0,-0.99990E+01
2016,4,25,17.82639,36.5637,-97.4848,846.0,-0.99990E+01
2016,4,25,17.82667,36.5628,-97.4847,845.0,-0.99990E+01
2016,4,25,17.82695,36.5620,-97.4847,845.0,-0.99990E+01
2016,4,25,17.82722,36.5612,-97.4847,844.0,-0.99990E+01
2016,4,25,17.82750,36.5602,-97.4847,845.0,-0.99990E+01
2016,4,25,17.82778,36.5593,-97.4847,845.0,-0.99990E+01
2016,4,25,17.82806,36.5587,-97.4847,845.0,-0.99990E+01
2016,4,25,17.82833,36.5577,-97.4847,844.0,-0.99990E+01
2016,4,25,17.82861,36.5570,-97.4845,844.0,-0.99990E+01
2016,4,25,17.82889,36.5562,-97.4845,843.0,-0.99990E+01
2016,4,25,17.82917,36.5552,-97.4845,842.0,-0.99990E+01
2016,4,25,17.82944,36.5545,-97.4845,842.0,-0.99990E+01
2016,4,25,17.82972,36.5537,-97.4845,842.0,-0.99990E+01
2016,4,25,17.83000,36.5528,-97.4845,842.0,-0.99990E+01
2016,4,25,17.83028,36.5520,-97.4845,842.0,-0.99990E+01
2016,4,25,17.83056,36.5512,-97.4843,843.0,-0.99990E+01
2016,4,25,17.83083,36.5503,-97.4843,843.0,-0.99990E+01
2016,4,25,17.83111,36.5495,-97.4843,844.0,-0.99990E+01
2016,4,25,17.83139,36.5488,-97.4843,844.0,-0.99990E+01
2016,4,25,17.83167,36.5478,-97.4843,844.0,-0.99990E+01
2016,4,25,17.83195,36.5472,-97.4843,844.0,-0.99990E+01
2016,4,25,17.83222,36.5462,-97.4843,845.0,-0.99990E+01
2016,4,25,17.83250,36.5453,-97.4843,846.0,-0.99990E+01
2016,4,25,17.83278,36.5447,-97.4843,847.0,-0.99990E+01
2016,4,25,17.83306,36.5438,-97.4843,847.0,-0.99990E+01
2016,4,25,17.83333,36.5430,-97.4842,847.0,-0.99990E+01
2016,4,25,17.83361,36.5422,-97.4842,847.0,-0.99990E+01
2016,4,25,17.83389,36.5413,-97.4842,847.0,-0.99990E+01
2016,4,25,17.83417,36.5405,-97.4842,847.0,-0.99990E+01
2016,4,25,17.83445,36.5398,-97.4842,847.0,-0.99990E+01
2016,4,25,17.83472,36.5388,-97.4842,846.0,-0.99990E+01
2016,4,25,17.83500,36.5380,-97.4840,845.0,-0.99990E+01
2016,4,25,17.83528,36.5373,-97.4840,845.0,-0.99990E+01
2016,4,25,17.83556,36.5365,-97.4840,843.0,-0.99990E+01
2016,4,25,17.83583,36.5357,-97.4840,843.0,-0.99990E+01
2016,4,25,17.83611,36.5348,-97.4840,842.0,-0.99990E+01
2016,4,25,17.83639,36.5340,-97.4840,842.0,-0.99990E+01
2016,4,25,17.83667,36.5332,-97.4838,841.0,-0.99990E+01
2016,4,25,17.83694,36.5325,-97.4838,841.0,-0.99990E+01
2016,4,25,17.83722,36.5317,-97.4838,841.0,-0.99990E+01
2016,4,25,17.83750,36.5308,-97.4838,841.0,-0.99990E+01
2016,4,25,17.83778,36.5300,-97.4838,842.0,-0.99990E+01
2016,4,25,17.83806,36.5292,-97.4838,841.0,-0.99990E+01
2016,4,25,17.83833,36.5285,-97.4837,842.0,-0.99990E+01
2016,4,25,17.83861,36.5275,-97.4837,842.0,-0.99990E+01
2016,4,25,17.83889,36.5268,-97.4837,841.0,-0.99990E+01
2016,4,25,17.83917,36.5260,-97.4837,841.0,-0.99990E+01
2016,4,25,17.83945,36.5252,-97.4837,841.0,-0.99990E+01
2016,4,25,17.83972,36.5243,-97.4835,842.0,-0.99990E+01
2016,4,25,17.84000,36.5237,-97.4835,843.0,-0.99990E+01
2016,4,25,17.84028,36.5228,-97.4835,845.0,-0.99990E+01
2016,4,25,17.84056,36.5220,-97.4835,846.0,-0.99990E+01
2016,4,25,17.84083,36.5213,-97.4835,846.0,-0.99990E+01
2016,4,25,17.84111,36.5203,-97.4833,847.0,-0.99990E+01
2016,4,25,17.84139,36.5197,-97.4833,848.0,-0.99990E+01
2016,4,25,17.84167,36.5188,-97.4833,848.0,-0.99990E+01
2016,4,25,17.84195,36.5180,-97.4833,849.0,-0.99990E+01
2016,4,25,17.84222,36.5172,-97.4833,849.0,-0.99990E+01
2016,4,25,17.84250,36.5165,-97.4833,849.0,-0.99990E+01
2016,4,25,17.84278,36.5157,-97.4833,849.0,-0.99990E+01
2016,4,25,17.84306,36.5148,-97.4833,848.0,-0.99990E+01
2016,4,25,17.84333,36.5140,-97.4833,848.0,-0.99990E+01
2016,4,25,17.84361,36.5133,-97.4832,848.0,-0.99990E+01
2016,4,25,17.84389,36.5125,-97.4832,848.0,-0.99990E+01
2016,4,25,17.84417,36.5117,-97.4832,847.0,-0.99990E+01
2016,4,25,17.84444,36.5108,-97.4832,846.0,-0.99990E+01
2016,4,25,17.84472,36.5102,-97.4832,846.0,-0.99990E+01
2016,4,25,17.84500,36.5092,-97.4830,846.0,-0.99990E+01
2016,4,25,17.84528,36.5085,-97.4830,846.0,-0.99990E+01
2016,4,25,17.84556,36.5078,-97.4830,845.0,-0.99990E+01
2016,4,25,17.84583,36.5068,-97.4830,845.0,-0.99990E+01
2016,4,25,17.84611,36.5062,-97.4830,844.0,-0.99990E+01
2016,4,25,17.84639,36.5053,-97.4830,844.0,-0.99990E+01
2016,4,25,17.84667,36.5045,-97.4828,844.0,-0.99990E+01
2016,4,25,17.84694,36.5037,-97.4828,844.0,-0.99990E+01
2016,4,25,17.84722,36.5030,-97.4828,844.0,-0.99990E+01
2016,4,25,17.84750,36.5022,-97.4828,844.0,-0.99990E+01
2016,4,25,17.84778,36.5013,-97.4828,845.0,-0.99990E+01
2016,4,25,17.84806,36.5007,-97.4828,845.0,-0.99990E+01
2016,4,25,17.84833,36.4998,-97.4827,846.0,-0.99990E+01
2016,4,25,17.84861,36.4990,-97.4827,846.0,-0.99990E+01
2016,4,25,17.84889,36.4982,-97.4827,846.0,-0.99990E+01
2016,4,25,17.84917,36.4973,-97.4827,846.0,-0.99990E+01
2016,4,25,17.84945,36.4965,-97.4827,846.0,-0.99990E+01
2016,4,25,17.84972,36.4957,-97.4825,845.0,-0.99990E+01
2016,4,25,17.85000,36.4950,-97.4825,844.0,-0.99990E+01
2016,4,25,17.85028,36.4940,-97.4825,842.0,-0.99990E+01
2016,4,25,17.85056,36.4933,-97.4825,841.0,-0.99990E+01
2016,4,25,17.85083,36.4927,-97.4825,840.0,-0.99990E+01
2016,4,25,17.85111,36.4917,-97.4823,840.0,-0.99990E+01
2016,4,25,17.85139,36.4910,-97.4823,839.0,-0.99990E+01
2016,4,25,17.85167,36.4902,-97.4823,838.0,-0.99990E+01
2016,4,25,17.85194,36.4893,-97.4823,838.0,-0.99990E+01
2016,4,25,17.85222,36.4885,-97.4822,838.0,-0.99990E+01
2016,4,25,17.85250,36.4878,-97.4822,839.0,-0.99990E+01
2016,4,25,17.85278,36.4868,-97.4822,839.0,-0.99990E+01
2016,4,25,17.85306,36.4862,-97.4820,840.0,-0.99990E+01
2016,4,25,17.85333,36.4852,-97.4820,840.0,-0.99990E+01
2016,4,25,17.85361,36.4845,-97.4820,841.0,-0.99990E+01
2016,4,25,17.85389,36.4838,-97.4820,842.0,-0.99990E+01
2016,4,25,17.85417,36.4828,-97.4818,842.0,-0.99990E+01
2016,4,25,17.85444,36.4820,-97.4818,843.0,-0.99990E+01
2016,4,25,17.85472,36.4813,-97.4818,845.0,-0.99990E+01
2016,4,25,17.85500,36.4805,-97.4817,847.0,-0.99990E+01
2016,4,25,17.85528,36.4797,-97.4817,847.0,-0.99990E+01
2016,4,25,17.85556,36.4790,-97.4817,848.0,-0.99990E+01
2016,4,25,17.85583,36.4780,-97.4817,848.0,-0.99990E+01
2016,4,25,17.85611,36.4772,-97.4815,849.0,-0.99990E+01
2016,4,25,17.85639,36.4765,-97.4815,849.0,-0.99990E+01
2016,4,25,17.85667,36.4757,-97.4815,849.0,-0.99990E+01
2016,4,25,17.85695,36.4748,-97.4815,849.0,-0.99990E+01
2016,4,25,17.85722,36.4740,-97.4813,849.0,-0.99990E+01
2016,4,25,17.85750,36.4733,-97.4813,849.0,-0.99990E+01
2016,4,25,17.85778,36.4725,-97.4813,849.0,-0.99990E+01
2016,4,25,17.85806,36.4717,-97.4813,848.0,-0.99990E+01
2016,4,25,17.85833,36.4708,-97.4812,847.0,-0.99990E+01
2016,4,25,17.85861,36.4700,-97.4812,846.0,-0.99990E+01
2016,4,25,17.85889,36.4692,-97.4812,844.0,-0.99990E+01
2016,4,25,17.85917,36.4685,-97.4812,843.0,-0.99990E+01
2016,4,25,17.85945,36.4677,-97.4810,842.0,-0.99990E+01
2016,4,25,17.85972,36.4668,-97.4810,841.0,-0.99990E+01
2016,4,25,17.86000,36.4660,-97.4810,841.0,-0.99990E+01
2016,4,25,17.86028,36.4653,-97.4810,841.0,-0.99990E+01
2016,4,25,17.86056,36.4645,-97.4808,842.0,-0.99990E+01
2016,4,25,17.86083,36.4635,-97.4808,842.0,-0.99990E+01
2016,4,25,17.86111,36.4628,-97.4808,842.0,-0.99990E+01
2016,4,25,17.86139,36.4620,-97.4808,843.0,-0.99990E+01
2016,4,25,17.86167,36.4612,-97.4808,845.0,-0.99990E+01
2016,4,25,17.86194,36.4605,-97.4808,846.0,-0.99990E+01
2016,4,25,17.86222,36.4597,-97.4807,847.0,-0.99990E+01
2016,4,25,17.86250,36.4588,-97.4807,848.0,-0.99990E+01
2016,4,25,17.86278,36.4580,-97.4807,850.0,-0.99990E+01
2016,4,25,17.86306,36.4572,-97.4807,852.0,-0.99990E+01
2016,4,25,17.86333,36.4565,-97.4807,853.0,-0.99990E+01
2016,4,25,17.86361,36.4557,-97.4805,855.0,-0.99990E+01
2016,4,25,17.86389,36.4548,-97.4805,855.0,-0.99990E+01
2016,4,25,17.86417,36.4540,-97.4805,856.0,-0.99990E+01
2016,4,25,17.86444,36.4532,-97.4805,857.0,-0.99990E+01
2016,4,25,17.86472,36.4523,-97.4805,857.0,-0.99990E+01
2016,4,25,17.86500,36.4517,-97.4803,857.0,-0.99990E+01
2016,4,25,17.86528,36.4508,-97.4803,856.0,-0.99990E+01
2016,4,25,17.86556,36.4500,-97.4803,856.0,-0.99990E+01
2016,4,25,17.86583,36.4492,-97.4803,856.0,-0.99990E+01
2016,4,25,17.86611,36.4483,-97.4802,855.0,-0.99990E+01
2016,4,25,17.86639,36.4475,-97.4802,854.0,-0.99990E+01
2016,4,25,17.86667,36.4467,-97.4802,853.0,-0.99990E+01
2016,4,25,17.86695,36.4457,-97.4800,852.0,-0.99990E+01
2016,4,25,17.86722,36.4450,-97.4800,851.0,-0.99990E+01
2016,4,25,17.86750,36.4443,-97.4800,849.0,-0.99990E+01
2016,4,25,17.86778,36.4433,-97.4800,847.0,-0.99990E+01
2016,4,25,17.86806,36.4425,-97.4798,845.0,-0.99990E+01
2016,4,25,17.86833,36.4417,-97.4798,843.0,-0.99990E+01
2016,4,25,17.86861,36.4408,-97.4798,841.0,-0.99990E+01
2016,4,25,17.86889,36.4400,-97.4798,840.0,-0.99990E+01
2016,4,25,17.86917,36.4392,-97.4797,839.0,-0.99990E+01
2016,4,25,17.86944,36.4383,-97.4797,838.0,-0.99990E+01
2016,4,25,17.86972,36.4377,-97.4797,838.0,-0.99990E+01
2016,4,25,17.87000,36.4367,-97.4795,837.0,-0.99990E+01
2016,4,25,17.87028,36.4358,-97.4795,837.0,-0.99990E+01
2016,4,25,17.87056,36.4352,-97.4795,837.0,-0.99990E+01
2016,4,25,17.87083,36.4343,-97.4795,838.0,-0.99990E+01
2016,4,25,17.87111,36.4335,-97.4793,839.0,-0.99990E+01
2016,4,25,17.87139,36.4327,-97.4793,840.0,-0.99990E+01
2016,4,25,17.87167,36.4318,-97.4793,842.0,-0.99990E+01
2016,4,25,17.87194,36.4310,-97.4793,844.0,-0.99990E+01
2016,4,25,17.87222,36.4302,-97.4792,846.0,-0.99990E+01
2016,4,25,17.87250,36.4293,-97.4792,847.0,-0.99990E+01
2016,4,25,17.87278,36.4283,-97.4792,848.0,-0.99990E+01
2016,4,25,17.87306,36.4277,-97.4792,849.0,-0.99990E+01
2016,4,25,17.87333,36.4270,-97.4792,849.0,-0.99990E+01
2016,4,25,17.87361,36.4260,-97.4792,849.0,-0.99990E+01
2016,4,25,17.87389,36.4253,-97.4790,850.0,-0.99990E+01
2016,4,25,17.87417,36.4243,-97.4792,850.0,-0.99990E+01
2016,4,25,17.87444,36.4235,-97.4792,850.0,-0.99990E+01
2016,4,25,17.87472,36.4228,-97.4792,850.0,-0.99990E+01
2016,4,25,17.87500,36.4220,-97.4792,850.0,-0.99990E+01
2016,4,25,17.87528,36.4212,-97.4792,849.0,-0.99990E+01
2016,4,25,17.87556,36.4203,-97.4792,849.0,-0.99990E+01
2016,4,25,17.87583,36.4195,-97.4793,848.0,-0.99990E+01
2016,4,25,17.87611,36.4187,-97.4793,847.0,-0.99990E+01
2016,4,25,17.87639,36.4178,-97.4793,847.0,-0.99990E+01
2016,4,25,17.87667,36.4168,-97.4793,846.0,-0.99990E+01
2016,4,25,17.87695,36.4162,-97.4795,846.0,-0.99990E+01
2016,4,25,17.87722,36.4155,-97.4795,846.0,-0.99990E+01
2016,4,25,17.87750,36.4145,-97.4795,846.0,-0.99990E+01
2016,4,25,17.87778,36.4137,-97.4795,846.0,-0.99990E+01
2016,4,25,17.87806,36.4130,-97.4795,846.0,-0.99990E+01
2016,4,25,17.87833,36.4120,-97.4797,847.0,-0.99990E+01
2016,4,25,17.87861,36.4112,-97.4797,847.0,-0.99990E+01
2016,4,25,17.87889,36.4105,-97.4797,847.0,-0.99990E+01
2016,4,25,17.87917,36.4095,-97.4797,847.0,-0.99990E+01
2016,4,25,17.87944,36.4088,-97.4798,847.0,-0.99990E+01
2016,4,25,17.87972,36.4080,-97.4798,847.0,-0.99990E+01
2016,4,25,17.88000,36.4072,-97.4798,846.0,-0.99990E+01
2016,4,25,17.88028,36.4063,-97.4798,846.0,-0.99990E+01
2016,4,25,17.88056,36.4055,-97.4800,846.0,-0.99990E+01
2016,4,25,17.88083,36.4047,-97.4800,846.0,-0.99990E+01
2016,4,25,17.88111,36.4038,-97.4800,846.0,-0.99990E+01
2016,4,25,17.88139,36.4030,-97.4802,846.0,-0.99990E+01
2016,4,25,17.88167,36.4022,-97.4802,845.0,-0.99990E+01
2016,4,25,17.88194,36.4015,-97.4802,845.0,-0.99990E+01
2016,4,25,17.88222,36.4005,-97.4803,846.0,-0.99990E+01
2016,4,25,17.88250,36.3997,-97.4803,847.0,-0.99990E+01
2016,4,25,17.88278,36.3990,-97.4803,847.0,-0.99990E+01
2016,4,25,17.88305,36.3980,-97.4805,848.0,-0.99990E+01
2016,4,25,17.88333,36.3972,-97.4805,849.0,-0.99990E+01
2016,4,25,17.88361,36.3963,-97.4805,849.0,-0.99990E+01
2016,4,25,17.88389,36.3955,-97.4807,849.0,-0.99990E+01
2016,4,25,17.88417,36.3948,-97.4807,849.0,-0.99990E+01
2016,4,25,17.88445,36.3940,-97.4807,849.0,-0.99990E+01
2016,4,25,17.88472,36.3932,-97.4808,849.0,-0.99990E+01
2016,4,25,17.88500,36.3922,-97.4808,849.0,-0.99990E+01
2016,4,25,17.88528,36.3915,-97.4808,849.0,-0.99990E+01
2016,4,25,17.88556,36.3907,-97.4808,849.0,-0.99990E+01
2016,4,25,17.88583,36.3898,-97.4810,849.0,-0.99990E+01
2016,4,25,17.88611,36.3890,-97.4810,848.0,-0.99990E+01
2016,4,25,17.88639,36.3882,-97.4810,848.0,-0.99990E+01
2016,4,25,17.88667,36.3873,-97.4812,848.0,-0.99990E+01
2016,4,25,17.88694,36.3867,-97.4812,848.0,-0.99990E+01
2016,4,25,17.88722,36.3857,-97.4812,849.0,-0.99990E+01
2016,4,25,17.88750,36.3848,-97.4812,849.0,-0.99990E+01
2016,4,25,17.88778,36.3842,-97.4813,850.0,-0.99990E+01
2016,4,25,17.88806,36.3832,-97.4813,852.0,-0.99990E+01
2016,4,25,17.88833,36.3823,-97.4813,854.0,-0.99990E+01
2016,4,25,17.88861,36.3817,-97.4815,856.0,-0.99990E+01
2016,4,25,17.88889,36.3808,-97.4815,859.0,-0.99990E+01
2016,4,25,17.88917,36.3800,-97.4815,860.0,-0.99990E+01
2016,4,25,17.88944,36.3792,-97.4817,861.0,-0.99990E+01
2016,4,25,17.88972,36.3783,-97.4817,861.0,-0.99990E+01
2016,4,25,17.89000,36.3775,-97.4817,860.0,-0.99990E+01
2016,4,25,17.89028,36.3767,-97.4818,859.0,-0.99990E+01
2016,4,25,17.89056,36.3760,-97.4818,858.0,-0.99990E+01
2016,4,25,17.89083,36.3750,-97.4818,857.0,-0.99990E+01
2016,4,25,17.89111,36.3743,-97.4818,857.0,-0.99990E+01
2016,4,25,17.89139,36.3733,-97.4820,856.0,-0.99990E+01
2016,4,25,17.89167,36.3725,-97.4820,855.0,-0.99990E+01
2016,4,25,17.89194,36.3717,-97.4820,855.0,-0.99990E+01
2016,4,25,17.89222,36.3707,-97.4822,855.0,-0.99990E+01
2016,4,25,17.89250,36.3700,-97.4822,855.0,-0.99990E+01
2016,4,25,17.89278,36.3692,-97.4822,855.0,-0.99990E+01
2016,4,25,17.89305,36.3683,-97.4822,856.0,-0.99990E+01
2016,4,25,17.89333,36.3673,-97.4823,857.0,-0.99990E+01
2016,4,25,17.89361,36.3667,-97.4823,857.0,-0.99990E+01
2016,4,25,17.89389,36.3658,-97.4823,858.0,-0.99990E+01
2016,4,25,17.89417,36.3648,-97.4823,859.0,-0.99990E+01
2016,4,25,17.89444,36.3640,-97.4823,860.0,-0.99990E+01
2016,4,25,17.89472,36.3632,-97.4823,861.0,-0.99990E+01
2016,4,25,17.89500,36.3623,-97.4823,862.0,-0.99990E+01
2016,4,25,17.89528,36.3617,-97.4823,864.0,-0.99990E+01
2016,4,25,17.89556,36.3607,-97.4823,865.0,-0.99990E+01
2016,4,25,17.89583,36.3598,-97.4823,866.0,-0.99990E+01
2016,4,25,17.89611,36.3590,-97.4823,864.0,-0.99990E+01
2016,4,25,17.89639,36.3580,-97.4823,861.0,-0.99990E+01
2016,4,25,17.89667,36.3572,-97.4823,858.0,-0.99990E+01
2016,4,25,17.89694,36.3565,-97.4823,854.0,-0.99990E+01
2016,4,25,17.89722,36.3555,-97.4823,850.0,-0.99990E+01
2016,4,25,17.89750,36.3547,-97.4823,846.0,-0.99990E+01
2016,4,25,17.89778,36.3537,-97.4823,842.0,-0.99990E+01
2016,4,25,17.89806,36.3528,-97.4823,839.0,-0.99990E+01
2016,4,25,17.89833,36.3520,-97.4823,837.0,-0.99990E+01
2016,4,25,17.89861,36.3512,-97.4823,835.0,-0.99990E+01
2016,4,25,17.89889,36.3502,-97.4823,834.0,-0.99990E+01
2016,4,25,17.89917,36.3495,-97.4823,833.0,-0.99990E+01
2016,4,25,17.89944,36.3485,-97.4823,832.0,-0.99990E+01
2016,4,25,17.89972,36.3477,-97.4823,832.0,-0.99990E+01
2016,4,25,17.90000,36.3468,-97.4823,832.0,-0.99990E+01
2016,4,25,17.90028,36.3458,-97.4823,833.0,-0.99990E+01
2016,4,25,17.90055,36.3450,-97.4823,835.0,-0.99990E+01
2016,4,25,17.90083,36.3443,-97.4823,837.0,-0.99990E+01
2016,4,25,17.90111,36.3433,-97.4823,840.0,-0.99990E+01
2016,4,25,17.90139,36.3425,-97.4823,843.0,-0.99990E+01
2016,4,25,17.90167,36.3415,-97.4825,848.0,-0.99990E+01
2016,4,25,17.90194,36.3408,-97.4825,851.0,-0.99990E+01
2016,4,25,17.90222,36.3400,-97.4825,854.0,-0.99990E+01
2016,4,25,17.90250,36.3392,-97.4825,857.0,-0.99990E+01
2016,4,25,17.90278,36.3382,-97.4825,860.0,-0.99990E+01
2016,4,25,17.90306,36.3375,-97.4825,861.0,-0.99990E+01
2016,4,25,17.90333,36.3365,-97.4825,863.0,-0.99990E+01
2016,4,25,17.90361,36.3357,-97.4825,864.0,-0.99990E+01
2016,4,25,17.90389,36.3348,-97.4825,864.0,-0.99990E+01
2016,4,25,17.90417,36.3342,-97.4825,864.0,-0.99990E+01
2016,4,25,17.90444,36.3332,-97.4825,864.0,-0.99990E+01
2016,4,25,17.90472,36.3323,-97.4825,862.0,-0.99990E+01
2016,4,25,17.90500,36.3317,-97.4825,860.0,-0.99990E+01
2016,4,25,17.90528,36.3307,-97.4825,856.0,-0.99990E+01
2016,4,25,17.90556,36.3298,-97.4825,853.0,-0.99990E+01
2016,4,25,17.90583,36.3290,-97.4823,850.0,-0.99990E+01
2016,4,25,17.90611,36.3280,-97.4823,848.0,-0.99990E+01
2016,4,25,17.90639,36.3272,-97.4823,846.0,-0.99990E+01
2016,4,25,17.90667,36.3265,-97.4825,845.0,-0.99990E+01
2016,4,25,17.90694,36.3255,-97.4825,845.0,-0.99990E+01
2016,4,25,17.90722,36.3248,-97.4825,845.0,-0.99990E+01
2016,4,25,17.90750,36.3238,-97.4825,845.0,-0.99990E+01
2016,4,25,17.90778,36.3230,-97.4825,846.0,-0.99990E+01
2016,4,25,17.90805,36.3222,-97.4825,847.0,-0.99990E+01
2016,4,25,17.90833,36.3213,-97.4825,848.0,-0.99990E+01
2016,4,25,17.90861,36.3203,-97.4825,850.0,-0.99990E+01
2016,4,25,17.90889,36.3195,-97.4825,852.0,-0.99990E+01
2016,4,25,17.90917,36.3187,-97.4825,853.0,-0.99990E+01
2016,4,25,17.90944,36.3178,-97.4825,854.0,-0.99990E+01
2016,4,25,17.90972,36.3170,-97.4825,855.0,-0.99990E+01
2016,4,25,17.91000,36.3160,-97.4825,855.0,-0.99990E+01
2016,4,25,17.91028,36.3152,-97.4825,855.0,-0.99990E+01
2016,4,25,17.91055,36.3143,-97.4825,855.0,-0.99990E+01
2016,4,25,17.91083,36.3135,-97.4825,856.0,-0.99990E+01
2016,4,25,17.91111,36.3125,-97.4825,855.0,-0.99990E+01
2016,4,25,17.91139,36.3118,-97.4825,855.0,-0.99990E+01
2016,4,25,17.91167,36.3108,-97.4825,854.0,-0.99990E+01
2016,4,25,17.91194,36.3100,-97.4825,853.0,-0.99990E+01
2016,4,25,17.91222,36.3093,-97.4825,852.0,-0.99990E+01
2016,4,25,17.91250,36.3083,-97.4825,851.0,-0.99990E+01
2016,4,25,17.91278,36.3075,-97.4825,850.0,-0.99990E+01
2016,4,25,17.91306,36.3067,-97.4825,849.0,-0.99990E+01
2016,4,25,17.91333,36.3057,-97.4825,848.0,-0.99990E+01
2016,4,25,17.91361,36.3048,-97.4825,848.0,-0.99990E+01
2016,4,25,17.91389,36.3040,-97.4825,848.0,-0.99990E+01
2016,4,25,17.91417,36.3032,-97.4825,848.0,-0.99990E+01
2016,4,25,17.91444,36.3022,-97.4825,849.0,-0.99990E+01
2016,4,25,17.91472,36.3015,-97.4825,849.0,-0.99990E+01
2016,4,25,17.91500,36.3005,-97.4825,849.0,-0.99990E+01
2016,4,25,17.91528,36.2997,-97.4825,849.0,-0.99990E+01
2016,4,25,17.91556,36.2988,-97.4825,849.0,-0.99990E+01
2016,4,25,17.91583,36.2980,-97.4825,849.0,-0.99990E+01
2016,4,25,17.91611,36.2972,-97.4825,848.0,-0.99990E+01
2016,4,25,17.91639,36.2963,-97.4825,848.0,-0.99990E+01
2016,4,25,17.91667,36.2953,-97.4825,848.0,-0.99990E+01
2016,4,25,17.91694,36.2945,-97.4825,848.0,-0.99990E+01
2016,4,25,17.91722,36.2937,-97.4825,848.0,-0.99990E+01
2016,4,25,17.91750,36.2928,-97.4825,848.0,-0.99990E+01
2016,4,25,17.91778,36.2920,-97.4825,849.0,-0.99990E+01
2016,4,25,17.91805,36.2912,-97.4825,850.0,-0.99990E+01
2016,4,25,17.91833,36.2902,-97.4825,852.0,-0.99990E+01
2016,4,25,17.91861,36.2893,-97.4825,854.0,-0.99990E+01
2016,4,25,17.91889,36.2887,-97.4825,856.0,-0.99990E+01
2016,4,25,17.91917,36.2878,-97.4825,858.0,-0.99990E+01
2016,4,25,17.91944,36.2868,-97.4825,860.0,-0.99990E+01
2016,4,25,17.91972,36.2862,-97.4825,860.0,-0.99990E+01
2016,4,25,17.92000,36.2850,-97.4825,860.0,-0.99990E+01
2016,4,25,17.92028,36.2843,-97.4825,860.0,-0.99990E+01
2016,4,25,17.92056,36.2835,-97.4825,860.0,-0.99990E+01
2016,4,25,17.92083,36.2825,-97.4825,860.0,-0.99990E+01
2016,4,25,17.92111,36.2817,-97.4825,859.0,-0.99990E+01
2016,4,25,17.92139,36.2810,-97.4827,858.0,-0.99990E+01
2016,4,25,17.92167,36.2800,-97.4827,857.0,-0.99990E+01
2016,4,25,17.92194,36.2792,-97.4827,856.0,-0.99990E+01
2016,4,25,17.92222,36.2783,-97.4827,855.0,-0.99990E+01
2016,4,25,17.92250,36.2773,-97.4827,853.0,-0.99990E+01
2016,4,25,17.92278,36.2765,-97.4827,852.0,-0.99990E+01
2016,4,25,17.92306,36.2758,-97.4827,851.0,-0.99990E+01
2016,4,25,17.92333,36.2748,-97.4827,850.0,-0.99990E+01
2016,4,25,17.92361,36.2740,-97.4825,849.0,-0.99990E+01
2016,4,25,17.92389,36.2732,-97.4825,848.0,-0.99990E+01
2016,4,25,17.92417,36.2722,-97.4825,848.0,-0.99990E+01
2016,4,25,17.92444,36.2715,-97.4825,847.0,-0.99990E+01
2016,4,25,17.92472,36.2705,-97.4825,846.0,-0.99990E+01
2016,4,25,17.92500,36.2697,-97.4825,846.0,-0.99990E+01
2016,4,25,17.92528,36.2687,-97.4825,845.0,-0.99990E+01
2016,4,25,17.92555,36.2680,-97.4825,845.0,-0.99990E+01
2016,4,25,17.92583,36.2670,-97.4827,844.0,-0.99990E+01
2016,4,25,17.92611,36.2662,-97.4827,845.0,-0.99990E+01
2016,4,25,17.92639,36.2653,-97.4827,845.0,-0.99990E+01
2016,4,25,17.92667,36.2643,-97.4827,844.0,-0.99990E+01
2016,4,25,17.92694,36.2635,-97.4827,844.0,-0.99990E+01
2016,4,25,17.92722,36.2628,-97.4827,845.0,-0.99990E+01
2016,4,25,17.92750,36.2618,-97.4827,845.0,-0.99990E+01
2016,4,25,17.92778,36.2610,-97.4827,845.0,-0.99990E+01
2016,4,25,17.92805,36.2602,-97.4827,845.0,-0.99990E+01
2016,4,25,17.92833,36.2592,-97.4827,845.0,-0.99990E+01
2016,4,25,17.92861,36.2585,-97.4827,845.0,-0.99990E+01
2016,4,25,17.92889,36.2577,-97.4827,846.0,-0.99990E+01
2016,4,25,17.92917,36.2567,-97.4827,846.0,-0.99990E+01
2016,4,25,17.92944,36.2560,-97.4827,846.0,-0.99990E+01
2016,4,25,17.92972,36.2552,-97.4827,847.0,-0.99990E+01
2016,4,25,17.93000,36.2542,-97.4827,847.0,-0.99990E+01
2016,4,25,17.93028,36.2533,-97.4827,847.0,-0.99990E+01
2016,4,25,17.93056,36.2525,-97.4827,847.0,-0.99990E+01
2016,4,25,17.93083,36.2517,-97.4827,848.0,-0.99990E+01
2016,4,25,17.93111,36.2508,-97.4827,849.0,-0.99990E+01
2016,4,25,17.93139,36.2500,-97.4827,851.0,-0.99990E+01
2016,4,25,17.93167,36.2492,-97.4827,854.0,-0.99990E+01
2016,4,25,17.93194,36.2483,-97.4827,857.0,-0.99990E+01
2016,4,25,17.93222,36.2475,-97.4827,859.0,-0.99990E+01
2016,4,25,17.93250,36.2465,-97.4827,863.0,-0.99990E+01
2016,4,25,17.93278,36.2457,-97.4827,865.0,-0.99990E+01
2016,4,25,17.93305,36.2448,-97.4827,865.0,-0.99990E+01
2016,4,25,17.93333,36.2440,-97.4827,862.0,-0.99990E+01
2016,4,25,17.93361,36.2430,-97.4827,858.0,-0.99990E+01
2016,4,25,17.93389,36.2422,-97.4827,854.0,-0.99990E+01
2016,4,25,17.93417,36.2413,-97.4827,851.0,-0.99990E+01
2016,4,25,17.93444,36.2405,-97.4827,848.0,-0.99990E+01
2016,4,25,17.93472,36.2397,-97.4827,846.0,-0.99990E+01
2016,4,25,17.93500,36.2387,-97.4827,844.0,-0.99990E+01
2016,4,25,17.93528,36.2378,-97.4827,842.0,-0.99990E+01
2016,4,25,17.93555,36.2372,-97.4827,841.0,-0.99990E+01
2016,4,25,17.93583,36.2360,-97.4827,838.0,-0.99990E+01
2016,4,25,17.93611,36.2352,-97.4827,836.0,-0.99990E+01
2016,4,25,17.93639,36.2345,-97.4827,835.0,-0.99990E+01
2016,4,25,17.93667,36.2335,-97.4827,834.0,-0.99990E+01
2016,4,25,17.93694,36.2327,-97.4827,835.0,-0.99990E+01
2016,4,25,17.93722,36.2318,-97.4827,835.0,-0.99990E+01
2016,4,25,17.93750,36.2310,-97.4828,836.0,-0.99990E+01
2016,4,25,17.93778,36.2302,-97.4828,837.0,-0.99990E+01
2016,4,25,17.93806,36.2293,-97.4828,839.0,-0.99990E+01
2016,4,25,17.93833,36.2283,-97.4828,840.0,-0.99990E+01
2016,4,25,17.93861,36.2275,-97.4828,842.0,-0.99990E+01
2016,4,25,17.93889,36.2267,-97.4828,843.0,-0.99990E+01
2016,4,25,17.93917,36.2258,-97.4830,844.0,-0.99990E+01
2016,4,25,17.93944,36.2248,-97.4830,845.0,-0.99990E+01
2016,4,25,17.93972,36.2242,-97.4830,846.0,-0.99990E+01
2016,4,25,17.94000,36.2232,-97.4830,846.0,-0.99990E+01
2016,4,25,17.94028,36.2223,-97.4830,846.0,-0.99990E+01
2016,4,25,17.94056,36.2217,-97.4830,846.0,-0.99990E+01
2016,4,25,17.94083,36.2207,-97.4832,845.0,-0.99990E+01
2016,4,25,17.94111,36.2198,-97.4832,844.0,-0.99990E+01
2016,4,25,17.94139,36.2190,-97.4832,845.0,-0.99990E+01
2016,4,25,17.94167,36.2182,-97.4832,847.0,-0.99990E+01
2016,4,25,17.94194,36.2173,-97.4832,849.0,-0.99990E+01
2016,4,25,17.94222,36.2165,-97.4833,851.0,-0.99990E+01
2016,4,25,17.94250,36.2157,-97.4833,853.0,-0.99990E+01
2016,4,25,17.94278,36.2148,-97.4833,854.0,-0.99990E+01
2016,4,25,17.94305,36.2140,-97.4833,854.0,-0.99990E+01
2016,4,25,17.94333,36.2130,-97.4833,853.0,-0.99990E+01
2016,4,25,17.94361,36.2123,-97.4833,852.0,-0.99990E+01
2016,4,25,17.94389,36.2115,-97.4835,851.0,-0.99990E+01
2016,4,25,17.94417,36.2105,-97.4835,850.0,-0.99990E+01
2016,4,25,17.94444,36.2097,-97.4835,849.0,-0.99990E+01
2016,4,25,17.94472,36.2088,-97.4835,847.0,-0.99990E+01
2016,4,25,17.94500,36.2080,-97.4835,846.0,-0.99990E+01
2016,4,25,17.94528,36.2073,-97.4835,845.0,-0.99990E+01
2016,4,25,17.94555,36.2063,-97.4837,844.0,-0.99990E+01
2016,4,25,17.94583,36.2055,-97.4837,844.0,-0.99990E+01
2016,4,25,17.94611,36.2047,-97.4837,843.0,-0.99990E+01
2016,4,25,17.94639,36.2038,-97.4837,843.0,-0.99990E+01
2016,4,25,17.94667,36.2030,-97.4838,843.0,-0.99990E+01
2016,4,25,17.94694,36.2022,-97.4838,843.0,-0.99990E+01
2016,4,25,17.94722,36.2013,-97.4838,843.0,-0.99990E+01
2016,4,25,17.94750,36.2005,-97.4838,844.0,-0.99990E+01
2016,4,25,17.94778,36.1997,-97.4838,844.0,-0.99990E+01
2016,4,25,17.94806,36.1988,-97.4840,845.0,-0.99990E+01
2016,4,25,17.94833,36.1980,-97.4840,845.0,-0.99990E+01
2016,4,25,17.94861,36.1972,-97.4840,846.0,-0.99990E+01
2016,4,25,17.94889,36.1963,-97.4840,846.0,-0.99990E+01
2016,4,25,17.94917,36.1955,-97.4840,846.0,-0.99990E+01
2016,4,25,17.94944,36.1947,-97.4840,846.0,-0.99990E+01
2016,4,25,17.94972,36.1938,-97.4842,846.0,-0.99990E+01
2016,4,25,17.95000,36.1930,-97.4842,845.0,-0.99990E+01
2016,4,25,17.95028,36.1922,-97.4842,845.0,-0.99990E+01
2016,4,25,17.95056,36.1912,-97.4842,845.0,-0.99990E+01
2016,4,25,17.95083,36.1905,-97.4842,845.0,-0.99990E+01
2016,4,25,17.95111,36.1897,-97.4843,845.0,-0.99990E+01
2016,4,25,17.95139,36.1888,-97.4843,846.0,-0.99990E+01
2016,4,25,17.95167,36.1878,-97.4843,848.0,-0.99990E+01
2016,4,25,17.95194,36.1872,-97.4843,849.0,-0.99990E+01
2016,4,25,17.95222,36.1863,-97.4843,851.0,-0.99990E+01
2016,4,25,17.95250,36.1855,-97.4845,853.0,-0.99990E+01
2016,4,25,17.95278,36.1847,-97.4845,854.0,-0.99990E+01
2016,4,25,17.95306,36.1838,-97.4845,856.0,-0.99990E+01
2016,4,25,17.95333,36.1830,-97.4845,857.0,-0.99990E+01
2016,4,25,17.95361,36.1822,-97.4845,856.0,-0.99990E+01
2016,4,25,17.95389,36.1813,-97.4847,855.0,-0.99990E+01
2016,4,25,17.95417,36.1805,-97.4847,854.0,-0.99990E+01
2016,4,25,17.95444,36.1797,-97.4847,853.0,-0.99990E+01
2016,4,25,17.95472,36.1787,-97.4847,851.0,-0.99990E+01
2016,4,25,17.95500,36.1780,-97.4847,851.0,-0.99990E+01
2016,4,25,17.95528,36.1772,-97.4848,850.0,-0.99990E+01
2016,4,25,17.95556,36.1762,-97.4848,850.0,-0.99990E+01
2016,4,25,17.95583,36.1753,-97.4848,849.0,-0.99990E+01
2016,4,25,17.95611,36.1745,-97.4848,849.0,-0.99990E+01
2016,4,25,17.95639,36.1737,-97.4848,848.0,-0.99990E+01
2016,4,25,17.95667,36.1728,-97.4850,847.0,-0.99990E+01
2016,4,25,17.95695,36.1720,-97.4850,848.0,-0.99990E+01
2016,4,25,17.95722,36.1712,-97.4850,847.0,-0.99990E+01
2016,4,25,17.95750,36.1703,-97.4850,848.0,-0.99990E+01
2016,4,25,17.95778,36.1695,-97.4850,849.0,-0.99990E+01
2016,4,25,17.95806,36.1685,-97.4852,850.0,-0.99990E+01
2016,4,25,17.95833,36.1678,-97.4852,851.0,-0.99990E+01
2016,4,25,17.95861,36.1668,-97.4852,852.0,-0.99990E+01
2016,4,25,17.95889,36.1658,-97.4853,853.0,-0.99990E+01
2016,4,25,17.95917,36.1652,-97.4853,853.0,-0.99990E+01
2016,4,25,17.95945,36.1643,-97.4853,853.0,-0.99990E+01
2016,4,25,17.95972,36.1633,-97.4853,852.0,-0.99990E+01
2016,4,25,17.96000,36.1623,-97.4853,851.0,-0.99990E+01
2016,4,25,17.96028,36.1617,-97.4853,850.0,-0.99990E+01
2016,4,25,17.96056,36.1608,-97.4853,849.0,-0.99990E+01
2016,4,25,17.96083,36.1598,-97.4855,848.0,-0.99990E+01
2016,4,25,17.96111,36.1592,-97.4855,848.0,-0.99990E+01
2016,4,25,17.96139,36.1583,-97.4855,847.0,-0.99990E+01
2016,4,25,17.96167,36.1573,-97.4855,847.0,-0.99990E+01
2016,4,25,17.96194,36.1565,-97.4855,847.0,-0.99990E+01
2016,4,25,17.96222,36.1555,-97.4855,848.0,-0.99990E+01
2016,4,25,17.96250,36.1548,-97.4855,849.0,-0.99990E+01
2016,4,25,17.96278,36.1538,-97.4857,850.0,-0.99990E+01
2016,4,25,17.96306,36.1530,-97.4857,850.0,-0.99990E+01
2016,4,25,17.96334,36.1522,-97.4857,850.0,-0.99990E+01
2016,4,25,17.96361,36.1512,-97.4857,849.0,-0.99990E+01
2016,4,25,17.96389,36.1503,-97.4857,849.0,-0.99990E+01
2016,4,25,17.96417,36.1495,-97.4857,848.0,-0.99990E+01
2016,4,25,17.96445,36.1485,-97.4858,846.0,-0.99990E+01
2016,4,25,17.96472,36.1478,-97.4858,845.0,-0.99990E+01
2016,4,25,17.96500,36.1470,-97.4858,844.0,-0.99990E+01
2016,4,25,17.96528,36.1460,-97.4858,843.0,-0.99990E+01
2016,4,25,17.96556,36.1453,-97.4858,843.0,-0.99990E+01
2016,4,25,17.96583,36.1443,-97.4860,843.0,-0.99990E+01
2016,4,25,17.96611,36.1435,-97.4860,843.0,-0.99990E+01
2016,4,25,17.96639,36.1427,-97.4860,843.0,-0.99990E+01
2016,4,25,17.96667,36.1418,-97.4860,843.0,-0.99990E+01
2016,4,25,17.96695,36.1408,-97.4860,843.0,-0.99990E+01
2016,4,25,17.96722,36.1400,-97.4862,843.0,-0.99990E+01
2016,4,25,17.96750,36.1392,-97.4862,843.0,-0.99990E+01
2016,4,25,17.96778,36.1383,-97.4862,843.0,-0.99990E+01
2016,4,25,17.96806,36.1373,-97.4862,843.0,-0.99990E+01
2016,4,25,17.96833,36.1365,-97.4862,844.0,-0.99990E+01
2016,4,25,17.96861,36.1357,-97.4863,844.0,-0.99990E+01
2016,4,25,17.96889,36.1348,-97.4863,845.0,-0.99990E+01
2016,4,25,17.96917,36.1340,-97.4863,845.0,-0.99990E+01
2016,4,25,17.96944,36.1330,-97.4863,847.0,-0.99990E+01
2016,4,25,17.96972,36.1323,-97.4863,848.0,-0.99990E+01
2016,4,25,17.97000,36.1315,-97.4863,851.0,-0.99990E+01
2016,4,25,17.97028,36.1307,-97.4863,852.0,-0.99990E+01
2016,4,25,17.97056,36.1298,-97.4863,852.0,-0.99990E+01
2016,4,25,17.97083,36.1290,-97.4863,853.0,-0.99990E+01
2016,4,25,17.97111,36.1280,-97.4863,853.0,-0.99990E+01
2016,4,25,17.97139,36.1272,-97.4863,853.0,-0.99990E+01
2016,4,25,17.97167,36.1265,-97.4863,853.0,-0.99990E+01
2016,4,25,17.97194,36.1255,-97.4863,852.0,-0.99990E+01
2016,4,25,17.97222,36.1247,-97.4863,852.0,-0.99990E+01
2016,4,25,17.97250,36.1240,-97.4863,851.0,-0.99990E+01
2016,4,25,17.97278,36.1230,-97.4863,850.0,-0.99990E+01
2016,4,25,17.97306,36.1222,-97.4863,849.0,-0.99990E+01
2016,4,25,17.97333,36.1215,-97.4863,848.0,-0.99990E+01
2016,4,25,17.97361,36.1207,-97.4863,848.0,-0.99990E+01
2016,4,25,17.97389,36.1197,-97.4863,846.0,-0.99990E+01
2016,4,25,17.97417,36.1188,-97.4862,845.0,-0.99990E+01
2016,4,25,17.97445,36.1180,-97.4862,844.0,-0.99990E+01
2016,4,25,17.97472,36.1172,-97.4862,844.0,-0.99990E+01
2016,4,25,17.97500,36.1163,-97.4862,845.0,-0.99990E+01
2016,4,25,17.97528,36.1153,-97.4862,845.0,-0.99990E+01
2016,4,25,17.97556,36.1145,-97.4862,845.0,-0.99990E+01
2016,4,25,17.97583,36.1138,-97.4862,845.0,-0.99990E+01
2016,4,25,17.97611,36.1130,-97.4862,845.0,-0.99990E+01
2016,4,25,17.97639,36.1122,-97.4862,845.0,-0.99990E+01
2016,4,25,17.97667,36.1112,-97.4862,845.0,-0.99990E+01
2016,4,25,17.97695,36.1105,-97.4862,845.0,-0.99990E+01
2016,4,25,17.97722,36.1097,-97.4862,844.0,-0.99990E+01
2016,4,25,17.97750,36.1088,-97.4862,844.0,-0.99990E+01
2016,4,25,17.97778,36.1078,-97.4860,844.0,-0.99990E+01
2016,4,25,17.97806,36.1072,-97.4860,844.0,-0.99990E+01
2016,4,25,17.97833,36.1063,-97.4860,844.0,-0.99990E+01
2016,4,25,17.97861,36.1055,-97.4860,845.0,-0.99990E+01
2016,4,25,17.97889,36.1047,-97.4860,846.0,-0.99990E+01
2016,4,25,17.97917,36.1038,-97.4860,847.0,-0.99990E+01
2016,4,25,17.97944,36.1030,-97.4860,848.0,-0.99990E+01
2016,4,25,17.97972,36.1022,-97.4860,849.0,-0.99990E+01
2016,4,25,17.98000,36.1013,-97.4860,851.0,-0.99990E+01
2016,4,25,17.98028,36.1005,-97.4860,851.0,-0.99990E+01
2016,4,25,17.98056,36.0997,-97.4860,851.0,-0.99990E+01
2016,4,25,17.98083,36.0988,-97.4860,851.0,-0.99990E+01
2016,4,25,17.98111,36.0980,-97.4860,851.0,-0.99990E+01
2016,4,25,17.98139,36.0973,-97.4858,851.0,-0.99990E+01
2016,4,25,17.98167,36.0963,-97.4858,851.0,-0.99990E+01
2016,4,25,17.98195,36.0955,-97.4858,850.0,-0.99990E+01
2016,4,25,17.98222,36.0948,-97.4858,848.0,-0.99990E+01
2016,4,25,17.98250,36.0938,-97.4858,847.0,-0.99990E+01
2016,4,25,17.98278,36.0930,-97.4858,846.0,-0.99990E+01
2016,4,25,17.98306,36.0923,-97.4858,845.0,-0.99990E+01
2016,4,25,17.98333,36.0913,-97.4858,845.0,-0.99990E+01
2016,4,25,17.98361,36.0905,-97.4858,845.0,-0.99990E+01
2016,4,25,17.98389,36.0897,-97.4858,845.0,-0.99990E+01
2016,4,25,17.98417,36.0888,-97.4858,846.0,-0.99990E+01
2016,4,25,17.98445,36.0880,-97.4858,848.0,-0.99990E+01
2016,4,25,17.98472,36.0873,-97.4858,848.0,-0.99990E+01
2016,4,25,17.98500,36.0863,-97.4857,849.0,-0.99990E+01
2016,4,25,17.98528,36.0855,-97.4857,849.0,-0.99990E+01
2016,4,25,17.98556,36.0848,-97.4857,849.0,-0.99990E+01
2016,4,25,17.98583,36.0838,-97.4857,849.0,-0.99990E+01
2016,4,25,17.98611,36.0830,-97.4857,849.0,-0.99990E+01
2016,4,25,17.98639,36.0822,-97.4857,848.0,-0.99990E+01
2016,4,25,17.98667,36.0813,-97.4857,848.0,-0.99990E+01
2016,4,25,17.98694,36.0807,-97.4857,848.0,-0.99990E+01
2016,4,25,17.98722,36.0798,-97.4857,849.0,-0.99990E+01
2016,4,25,17.98750,36.0790,-97.4857,848.0,-0.99990E+01
2016,4,25,17.98778,36.0782,-97.4857,848.0,-0.99990E+01
2016,4,25,17.98806,36.0773,-97.4857,848.0,-0.99990E+01
2016,4,25,17.98833,36.0765,-97.4857,849.0,-0.99990E+01
2016,4,25,17.98861,36.0757,-97.4857,850.0,-0.99990E+01
2016,4,25,17.98889,36.0748,-97.4857,851.0,-0.99990E+01
2016,4,25,17.98917,36.0740,-97.4857,852.0,-0.99990E+01
2016,4,25,17.98944,36.0730,-97.4857,853.0,-0.99990E+01
2016,4,25,17.98972,36.0723,-97.4857,854.0,-0.99990E+01
2016,4,25,17.99000,36.0715,-97.4857,855.0,-0.99990E+01
2016,4,25,17.99028,36.0707,-97.4857,854.0,-0.99990E+01
2016,4,25,17.99056,36.0697,-97.4855,852.0,-0.99990E+01
2016,4,25,17.99083,36.0690,-97.4855,851.0,-0.99990E+01
2016,4,25,17.99111,36.0682,-97.4855,849.0,-0.99990E+01
2016,4,25,17.99139,36.0673,-97.4855,846.0,-0.99990E+01
2016,4,25,17.99167,36.0665,-97.4855,844.0,-0.99990E+01
2016,4,25,17.99195,36.0655,-97.4855,842.0,-0.99990E+01
2016,4,25,17.99222,36.0647,-97.4855,840.0,-0.99990E+01
2016,4,25,17.99250,36.0638,-97.4855,839.0,-0.99990E+01
2016,4,25,17.99278,36.0632,-97.4855,838.0,-0.99990E+01
2016,4,25,17.99306,36.0622,-97.4855,838.0,-0.99990E+01
2016,4,25,17.99333,36.0613,-97.4855,838.0,-0.99990E+01
2016,4,25,17.99361,36.0607,-97.4855,838.0,-0.99990E+01
2016,4,25,17.99389,36.0597,-97.4855,839.0,-0.99990E+01
2016,4,25,17.99417,36.0588,-97.4855,840.0,-0.99990E+01
2016,4,25,17.99444,36.0580,-97.4855,840.0,-0.99990E+01
2016,4,25,17.99472,36.0572,-97.4855,841.0,-0.99990E+01
2016,4,25,17.99500,36.0563,-97.4855,843.0,-0.99990E+01
2016,4,25,17.99528,36.0557,-97.4855,844.0,-0.99990E+01
2016,4,25,17.99556,36.0547,-97.4855,846.0,-0.99990E+01
2016,4,25,17.99583,36.0538,-97.4855,848.0,-0.99990E+01
2016,4,25,17.99611,36.0532,-97.4855,850.0,-0.99990E+01
2016,4,25,17.99639,36.0522,-97.4853,853.0,-0.99990E+01
2016,4,25,17.99667,36.0513,-97.4853,856.0,-0.99990E+01
2016,4,25,17.99694,36.0507,-97.4853,858.0,-0.99990E+01
2016,4,25,17.99722,36.0497,-97.4853,861.0,-0.99990E+01
2016,4,25,17.99750,36.0488,-97.4853,862.0,-0.99990E+01
2016,4,25,17.99778,36.0480,-97.4853,862.0,-0.99990E+01
2016,4,25,17.99806,36.0472,-97.4853,861.0,-0.99990E+01
2016,4,25,17.99833,36.0463,-97.4853,859.0,-0.99990E+01
2016,4,25,17.99861,36.0457,-97.4853,858.0,-0.99990E+01
2016,4,25,17.99889,36.0447,-97.4853,855.0,-0.99990E+01
2016,4,25,17.99917,36.0438,-97.4853,853.0,-0.99990E+01
2016,4,25,17.99944,36.0432,-97.4853,851.0,-0.99990E+01
2016,4,25,17.99972,36.0422,-97.4853,848.0,-0.99990E+01
2016,4,25,18.00000,36.0415,-97.4853,846.0,-0.99990E+01
2016,4,25,18.00028,36.0410,-97.4853,845.0,-0.99990E+01
2016,4,25,18.00056,36.0390,-97.4853,842.0,-0.99990E+01
2016,4,25,18.00083,36.0385,-97.4853,842.0,-0.99990E+01
2016,4,25,18.00111,36.0377,-97.4852,842.0,-0.99990E+01
2016,4,25,18.00139,36.0370,-97.4852,842.0,-0.99990E+01
2016,4,25,18.00167,36.0363,-97.4852,842.0,-0.99990E+01
2016,4,25,18.00194,36.0355,-97.4852,842.0,-0.99990E+01
2016,4,25,18.00222,36.0347,-97.4852,842.0,-0.99990E+01
2016,4,25,18.00250,36.0338,-97.4852,842.0,-0.99990E+01
2016,4,25,18.00278,36.0328,-97.4852,843.0,-0.99990E+01
2016,4,25,18.00306,36.0322,-97.4852,843.0,-0.99990E+01
2016,4,25,18.00333,36.0312,-97.4852,843.0,-0.99990E+01
2016,4,25,18.00361,36.0303,-97.4852,844.0,-0.99990E+01
2016,4,25,18.00389,36.0297,-97.4852,844.0,-0.99990E+01
2016,4,25,18.00417,36.0287,-97.4852,845.0,-0.99990E+01
2016,4,25,18.00444,36.0278,-97.4852,845.0,-0.99990E+01
2016,4,25,18.00472,36.0272,-97.4852,845.0,-0.99990E+01
2016,4,25,18.00500,36.0262,-97.4852,845.0,-0.99990E+01
2016,4,25,18.00528,36.0253,-97.4852,845.0,-0.99990E+01
2016,4,25,18.00556,36.0247,-97.4852,845.0,-0.99990E+01
2016,4,25,18.00583,36.0237,-97.4852,845.0,-0.99990E+01
2016,4,25,18.00611,36.0230,-97.4850,845.0,-0.99990E+01
2016,4,25,18.00639,36.0222,-97.4850,845.0,-0.99990E+01
2016,4,25,18.00667,36.0212,-97.4850,845.0,-0.99990E+01
2016,4,25,18.00694,36.0205,-97.4848,846.0,-0.99990E+01
2016,4,25,18.00722,36.0197,-97.4847,846.0,-0.99990E+01
2016,4,25,18.00750,36.0187,-97.4845,846.0,-0.99990E+01
2016,4,25,18.00778,36.0180,-97.4842,847.0,-0.99990E+01
2016,4,25,18.00805,36.0172,-97.4838,850.0,-0.99990E+01
2016,4,25,18.00833,36.0163,-97.4835,854.0,-0.99990E+01
2016,4,25,18.00861,36.0157,-97.4830,857.0,-0.99990E+01
2016,4,25,18.00889,36.0147,-97.4825,864.0,-0.99990E+01
2016,4,25,18.00917,36.0142,-97.4820,869.0,-0.99990E+01
2016,4,25,18.00945,36.0135,-97.4815,875.0,-0.99990E+01
2016,4,25,18.00972,36.0127,-97.4808,882.0,-0.99990E+01
2016,4,25,18.01000,36.0122,-97.4800,889.0,-0.99990E+01
2016,4,25,18.01028,36.0115,-97.4793,895.0,-0.99990E+01
2016,4,25,18.01056,36.0108,-97.4785,902.0,-0.99990E+01
2016,4,25,18.01083,36.0103,-97.4778,908.0,-0.99990E+01
2016,4,25,18.01111,36.0098,-97.4770,914.0,-0.99990E+01
2016,4,25,18.01139,36.0093,-97.4762,919.0,-0.99990E+01
2016,4,25,18.01167,36.0088,-97.4753,924.0,-0.99990E+01
2016,4,25,18.01194,36.0085,-97.4743,930.0,-0.99990E+01
2016,4,25,18.01222,36.0082,-97.4733,936.0,-0.99990E+01
2016,4,25,18.01250,36.0078,-97.4725,941.0,-0.99990E+01
2016,4,25,18.01278,36.0075,-97.4715,946.0,-0.99990E+01
2016,4,25,18.01306,36.0072,-97.4705,951.0,-0.99990E+01
2016,4,25,18.01333,36.0070,-97.4695,956.0,-0.99990E+01
2016,4,25,18.01361,36.0068,-97.4685,961.0,-0.99990E+01
2016,4,25,18.01389,36.0067,-97.4673,966.0,-0.99990E+01
2016,4,25,18.01417,36.0067,-97.4665,969.0,-0.99990E+01
2016,4,25,18.01444,36.0065,-97.4653,974.0,-0.99990E+01
2016,4,25,18.01472,36.0065,-97.4643,979.0,-0.99990E+01
2016,4,25,18.01500,36.0063,-97.4633,983.0,-0.99990E+01
2016,4,25,18.01528,36.0063,-97.4622,988.0,-0.99990E+01
2016,4,25,18.01556,36.0063,-97.4612,993.0,-0.99990E+01
2016,4,25,18.01583,36.0063,-97.4602,998.0,-0.99990E+01
2016,4,25,18.01611,36.0063,-97.4592,1003.0,-0.99990E+01
2016,4,25,18.01639,36.0063,-97.4580,1008.0,-0.99990E+01
2016,4,25,18.01667,36.0063,-97.4570,1012.0,-0.99990E+01
2016,4,25,18.01694,36.0063,-97.4558,1017.0,-0.99990E+01
2016,4,25,18.01722,36.0063,-97.4547,1022.0,-0.99990E+01
2016,4,25,18.01750,36.0063,-97.4538,1025.0,-0.99990E+01
2016,4,25,18.01778,36.0062,-97.4528,1030.0,-0.99990E+01
2016,4,25,18.01805,36.0060,-97.4517,1034.0,-0.99990E+01
2016,4,25,18.01833,36.0058,-97.4508,1037.0,-0.99990E+01
2016,4,25,18.01861,36.0057,-97.4497,1041.0,-0.99990E+01
2016,4,25,18.01889,36.0055,-97.4487,1045.0,-0.99990E+01
2016,4,25,18.01917,36.0052,-97.4477,1049.0,-0.99990E+01
2016,4,25,18.01944,36.0048,-97.4468,1052.0,-0.99990E+01
2016,4,25,18.01972,36.0045,-97.4458,1057.0,-0.99990E+01
2016,4,25,18.02000,36.0040,-97.4452,1062.0,-0.99990E+01
2016,4,25,18.02028,36.0037,-97.4442,1068.0,-0.99990E+01
2016,4,25,18.02056,36.0032,-97.4435,1074.0,-0.99990E+01
2016,4,25,18.02083,36.0027,-97.4428,1079.0,-0.99990E+01
2016,4,25,18.02111,36.0022,-97.4422,1085.0,-0.99990E+01
2016,4,25,18.02139,36.0015,-97.4413,1092.0,-0.99990E+01
2016,4,25,18.02167,36.0010,-97.4408,1098.0,-0.99990E+01
2016,4,25,18.02194,36.0005,-97.4402,1105.0,-0.99990E+01
2016,4,25,18.02222,35.9998,-97.4397,1112.0,-0.99990E+01
2016,4,25,18.02250,35.9992,-97.4392,1117.0,-0.99990E+01
2016,4,25,18.02278,35.9985,-97.4388,1123.0,-0.99990E+01
2016,4,25,18.02306,35.9978,-97.4383,1131.0,-0.99990E+01
2016,4,25,18.02333,35.9972,-97.4380,1138.0,-0.99990E+01
2016,4,25,18.02361,35.9965,-97.4378,1145.0,-0.99990E+01
2016,4,25,18.02389,35.9957,-97.4375,1151.0,-0.99990E+01
2016,4,25,18.02417,35.9950,-97.4373,1158.0,-0.99990E+01
2016,4,25,18.02444,35.9942,-97.4373,1165.0,-0.99990E+01
2016,4,25,18.02472,35.9935,-97.4372,1171.0,-0.99990E+01
2016,4,25,18.02500,35.9928,-97.4372,1177.0,-0.99990E+01
2016,4,25,18.02528,35.9920,-97.4372,1182.0,-0.99990E+01
2016,4,25,18.02555,35.9913,-97.4373,1186.0,-0.99990E+01
2016,4,25,18.02583,35.9907,-97.4373,1190.0,-0.99990E+01
2016,4,25,18.02611,35.9898,-97.4377,1195.0,-0.99990E+01
2016,4,25,18.02639,35.9893,-97.4378,1200.0,-0.99990E+01
2016,4,25,18.02667,35.9887,-97.4382,1205.0,-0.99990E+01
2016,4,25,18.02695,35.9878,-97.4385,1211.0,-0.99990E+01
2016,4,25,18.02722,35.9872,-97.4390,1216.0,-0.99990E+01
2016,4,25,18.02750,35.9867,-97.4393,1221.0,-0.99990E+01
2016,4,25,18.02778,35.9860,-97.4398,1226.0,-0.99990E+01
2016,4,25,18.02806,35.9855,-97.4403,1232.0,-0.99990E+01
2016,4,25,18.02833,35.9850,-97.4410,1237.0,-0.99990E+01
2016,4,25,18.02861,35.9843,-97.4417,1243.0,-0.99990E+01
2016,4,25,18.02889,35.9840,-97.4423,1247.0,-0.99990E+01
2016,4,25,18.02917,35.9835,-97.4430,1251.0,-0.99990E+01
2016,4,25,18.02944,35.9830,-97.4438,1257.0,-0.99990E+01
2016,4,25,18.02972,35.9827,-97.4445,1262.0,-0.99990E+01
2016,4,25,18.03000,35.9823,-97.4452,1267.0,-0.99990E+01
2016,4,25,18.03028,35.9820,-97.4462,1271.0,-0.99990E+01
2016,4,25,18.03056,35.9818,-97.4468,1275.0,-0.99990E+01
2016,4,25,18.03083,35.9815,-97.4477,1279.0,-0.99990E+01
2016,4,25,18.03111,35.9813,-97.4487,1284.0,-0.99990E+01
2016,4,25,18.03139,35.9812,-97.4495,1287.0,-0.99990E+01
2016,4,25,18.03167,35.9810,-97.4505,1290.0,-0.99990E+01
2016,4,25,18.03194,35.9810,-97.4515,1294.0,-0.99990E+01
2016,4,25,18.03222,35.9810,-97.4523,1298.0,-0.99990E+01
2016,4,25,18.03250,35.9810,-97.4533,1301.0,-0.99990E+01
2016,4,25,18.03278,35.9812,-97.4543,1305.0,-0.99990E+01
2016,4,25,18.03305,35.9812,-97.4552,1309.0,-0.99990E+01
2016,4,25,18.03333,35.9813,-97.4560,1313.0,-0.99990E+01
2016,4,25,18.03361,35.9815,-97.4572,1318.0,-0.99990E+01
2016,4,25,18.03389,35.9818,-97.4580,1323.0,-0.99990E+01
2016,4,25,18.03417,35.9820,-97.4588,1326.0,-0.99990E+01
2016,4,25,18.03444,35.9823,-97.4598,1331.0,-0.99990E+01
2016,4,25,18.03472,35.9827,-97.4607,1336.0,-0.99990E+01
2016,4,25,18.03500,35.9832,-97.4615,1342.0,-0.99990E+01
2016,4,25,18.03528,35.9837,-97.4625,1347.0,-0.99990E+01
2016,4,25,18.03555,35.9842,-97.4632,1352.0,-0.99990E+01
2016,4,25,18.03583,35.9845,-97.4638,1356.0,-0.99990E+01
2016,4,25,18.03611,35.9852,-97.4647,1360.0,-0.99990E+01
2016,4,25,18.03639,35.9857,-97.4653,1365.0,-0.99990E+01
2016,4,25,18.03667,35.9865,-97.4662,1372.0,-0.99990E+01
2016,4,25,18.03694,35.9870,-97.4667,1376.0,-0.99990E+01
2016,4,25,18.03722,35.9877,-97.4673,1381.0,-0.99990E+01
2016,4,25,18.03750,35.9883,-97.4678,1386.0,-0.99990E+01
2016,4,25,18.03778,35.9892,-97.4683,1391.0,-0.99990E+01
2016,4,25,18.03806,35.9898,-97.4688,1395.0,-0.99990E+01
2016,4,25,18.03833,35.9907,-97.4693,1401.0,-0.99990E+01
2016,4,25,18.03861,35.9913,-97.4697,1404.0,-0.99990E+01
2016,4,25,18.03889,35.9920,-97.4700,1407.0,-0.99990E+01
2016,4,25,18.03917,35.9930,-97.4703,1411.0,-0.99990E+01
2016,4,25,18.03944,35.9937,-97.4707,1413.0,-0.99990E+01
2016,4,25,18.03972,35.9945,-97.4710,1416.0,-0.99990E+01
2016,4,25,18.04000,35.9953,-97.4713,1417.0,-0.99990E+01
2016,4,25,18.04028,35.9962,-97.4717,1418.0,-0.99990E+01
2016,4,25,18.04056,35.9965,-97.4718,1419.0,-0.99990E+01
2016,4,25,18.04083,35.9978,-97.4723,1419.0,-0.99990E+01
2016,4,25,18.04111,35.9985,-97.4725,1419.0,-0.99990E+01
2016,4,25,18.04139,35.9993,-97.4728,1419.0,-0.99990E+01
2016,4,25,18.04167,36.0003,-97.4732,1419.0,-0.99990E+01
2016,4,25,18.04194,36.0010,-97.4735,1420.0,-0.99990E+01
2016,4,25,18.04222,36.0018,-97.4737,1421.0,-0.99990E+01
2016,4,25,18.04250,36.0028,-97.4740,1421.0,-0.99990E+01
2016,4,25,18.04278,36.0037,-97.4742,1421.0,-0.99990E+01
2016,4,25,18.04305,36.0045,-97.4745,1422.0,-0.99990E+01
2016,4,25,18.04333,36.0055,-97.4747,1424.0,-0.99990E+01
2016,4,25,18.04361,36.0063,-97.4748,1426.0,-0.99990E+01
2016,4,25,18.04389,36.0072,-97.4750,1429.0,-0.99990E+01
2016,4,25,18.04417,36.0082,-97.4750,1433.0,-0.99990E+01
2016,4,25,18.04444,36.0090,-97.4752,1436.0,-0.99990E+01
2016,4,25,18.04472,36.0098,-97.4753,1439.0,-0.99990E+01
2016,4,25,18.04500,36.0108,-97.4753,1442.0,-0.99990E+01
2016,4,25,18.04528,36.0117,-97.4755,1443.0,-0.99990E+01
2016,4,25,18.04556,36.0125,-97.4755,1444.0,-0.99990E+01
2016,4,25,18.04583,36.0135,-97.4755,1443.0,-0.99990E+01
2016,4,25,18.04611,36.0143,-97.4757,1442.0,-0.99990E+01
2016,4,25,18.04639,36.0153,-97.4757,1440.0,-0.99990E+01
2016,4,25,18.04667,36.0163,-97.4757,1437.0,-0.99990E+01
2016,4,25,18.04694,36.0172,-97.4758,1434.0,-0.99990E+01
2016,4,25,18.04722,36.0180,-97.4758,1433.0,-0.99990E+01
2016,4,25,18.04750,36.0190,-97.4758,1432.0,-0.99990E+01
2016,4,25,18.04778,36.0198,-97.4758,1432.0,-0.99990E+01
2016,4,25,18.04806,36.0208,-97.4758,1431.0,-0.99990E+01
2016,4,25,18.04833,36.0218,-97.4758,1431.0,-0.99990E+01
2016,4,25,18.04861,36.0227,-97.4760,1430.0,-0.99990E+01
2016,4,25,18.04889,36.0238,-97.4760,1429.0,-0.99990E+01
2016,4,25,18.04917,36.0247,-97.4760,1427.0,-0.99990E+01
2016,4,25,18.04944,36.0255,-97.4760,1426.0,-0.99990E+01
2016,4,25,18.04972,36.0267,-97.4760,1425.0,-0.99990E+01
2016,4,25,18.05000,36.0275,-97.4760,1423.0,-0.99990E+01
2016,4,25,18.05028,36.0285,-97.4760,1422.0,-0.99990E+01
2016,4,25,18.05055,36.0295,-97.4762,1420.0,-0.99990E+01
2016,4,25,18.05083,36.0305,-97.4762,1419.0,-0.99990E+01
2016,4,25,18.05111,36.0313,-97.4762,1418.0,-0.99990E+01
2016,4,25,18.05139,36.0323,-97.4762,1417.0,-0.99990E+01
2016,4,25,18.05167,36.0333,-97.4762,1417.0,-0.99990E+01
2016,4,25,18.05194,36.0343,-97.4762,1416.0,-0.99990E+01
2016,4,25,18.05222,36.0352,-97.4762,1416.0,-0.99990E+01
2016,4,25,18.05250,36.0362,-97.4762,1416.0,-0.99990E+01
2016,4,25,18.05278,36.0372,-97.4763,1416.0,-0.99990E+01
2016,4,25,18.05305,36.0382,-97.4763,1416.0,-0.99990E+01
2016,4,25,18.05333,36.0392,-97.4763,1416.0,-0.99990E+01
2016,4,25,18.05361,36.0400,-97.4763,1416.0,-0.99990E+01
2016,4,25,18.05389,36.0412,-97.4763,1417.0,-0.99990E+01
2016,4,25,18.05417,36.0420,-97.4763,1418.0,-0.99990E+01
2016,4,25,18.05444,36.0428,-97.4763,1419.0,-0.99990E+01
2016,4,25,18.05472,36.0440,-97.4763,1420.0,-0.99990E+01
2016,4,25,18.05500,36.0448,-97.4763,1422.0,-0.99990E+01
2016,4,25,18.05528,36.0458,-97.4763,1423.0,-0.99990E+01
2016,4,25,18.05556,36.0468,-97.4763,1423.0,-0.99990E+01
2016,4,25,18.05583,36.0478,-97.4763,1425.0,-0.99990E+01
2016,4,25,18.05611,36.0487,-97.4763,1425.0,-0.99990E+01
2016,4,25,18.05639,36.0497,-97.4763,1426.0,-0.99990E+01
2016,4,25,18.05667,36.0507,-97.4763,1427.0,-0.99990E+01
2016,4,25,18.05694,36.0515,-97.4763,1427.0,-0.99990E+01
2016,4,25,18.05722,36.0522,-97.4763,1427.0,-0.99990E+01
2016,4,25,18.05750,36.0535,-97.4763,1427.0,-0.99990E+01
2016,4,25,18.05778,36.0545,-97.4763,1426.0,-0.99990E+01
2016,4,25,18.05805,36.0553,-97.4763,1426.0,-0.99990E+01
2016,4,25,18.05833,36.0565,-97.4763,1426.0,-0.99990E+01
2016,4,25,18.05861,36.0573,-97.4763,1425.0,-0.99990E+01
2016,4,25,18.05889,36.0583,-97.4763,1425.0,-0.99990E+01
2016,4,25,18.05917,36.0593,-97.4763,1425.0,-0.99990E+01
2016,4,25,18.05944,36.0602,-97.4763,1425.0,-0.99990E+01
2016,4,25,18.05972,36.0612,-97.4763,1424.0,-0.99990E+01
2016,4,25,18.06000,36.0623,-97.4763,1424.0,-0.99990E+01
2016,4,25,18.06028,36.0632,-97.4763,1424.0,-0.99990E+01
2016,4,25,18.06055,36.0642,-97.4763,1424.0,-0.99990E+01
2016,4,25,18.06083,36.0653,-97.4763,1424.0,-0.99990E+01
2016,4,25,18.06111,36.0662,-97.4763,1424.0,-0.99990E+01
2016,4,25,18.06139,36.0670,-97.4763,1424.0,-0.99990E+01
2016,4,25,18.06167,36.0682,-97.4765,1425.0,-0.99990E+01
2016,4,25,18.06194,36.0690,-97.4765,1424.0,-0.99990E+01
2016,4,25,18.06222,36.0700,-97.4767,1425.0,-0.99990E+01
2016,4,25,18.06250,36.0710,-97.4768,1424.0,-0.99990E+01
2016,4,25,18.06278,36.0718,-97.4768,1424.0,-0.99990E+01
2016,4,25,18.06306,36.0728,-97.4770,1423.0,-0.99990E+01
2016,4,25,18.06333,36.0738,-97.4772,1422.0,-0.99990E+01
2016,4,25,18.06361,36.0748,-97.4772,1421.0,-0.99990E+01
2016,4,25,18.06389,36.0758,-97.4773,1420.0,-0.99990E+01
2016,4,25,18.06417,36.0767,-97.4775,1419.0,-0.99990E+01
2016,4,25,18.06444,36.0778,-97.4777,1418.0,-0.99990E+01
2016,4,25,18.06472,36.0787,-97.4777,1417.0,-0.99990E+01
2016,4,25,18.06500,36.0797,-97.4778,1417.0,-0.99990E+01
2016,4,25,18.06528,36.0807,-97.4780,1416.0,-0.99990E+01
2016,4,25,18.06556,36.0817,-97.4780,1416.0,-0.99990E+01
2016,4,25,18.06583,36.0825,-97.4782,1415.0,-0.99990E+01
2016,4,25,18.06611,36.0837,-97.4783,1415.0,-0.99990E+01
2016,4,25,18.06639,36.0847,-97.4785,1415.0,-0.99990E+01
2016,4,25,18.06667,36.0855,-97.4787,1415.0,-0.99990E+01
2016,4,25,18.06695,36.0865,-97.4787,1416.0,-0.99990E+01
2016,4,25,18.06722,36.0877,-97.4788,1417.0,-0.99990E+01
2016,4,25,18.06750,36.0885,-97.4790,1417.0,-0.99990E+01
2016,4,25,18.06778,36.0893,-97.4792,1418.0,-0.99990E+01
2016,4,25,18.06806,36.0905,-97.4793,1419.0,-0.99990E+01
2016,4,25,18.06833,36.0915,-97.4793,1420.0,-0.99990E+01
2016,4,25,18.06861,36.0925,-97.4795,1420.0,-0.99990E+01
2016,4,25,18.06889,36.0933,-97.4797,1421.0,-0.99990E+01
2016,4,25,18.06917,36.0943,-97.4798,1421.0,-0.99990E+01
2016,4,25,18.06944,36.0953,-97.4800,1421.0,-0.99990E+01
2016,4,25,18.06972,36.0962,-97.4800,1421.0,-0.99990E+01
2016,4,25,18.07000,36.0973,-97.4802,1420.0,-0.99990E+01
2016,4,25,18.07028,36.0983,-97.4803,1420.0,-0.99990E+01
2016,4,25,18.07056,36.0993,-97.4805,1419.0,-0.99990E+01
2016,4,25,18.07084,36.1000,-97.4805,1418.0,-0.99990E+01
2016,4,25,18.07111,36.1012,-97.4807,1417.0,-0.99990E+01
2016,4,25,18.07139,36.1022,-97.4808,1416.0,-0.99990E+01
2016,4,25,18.07167,36.1030,-97.4810,1415.0,-0.99990E+01
2016,4,25,18.07195,36.1040,-97.4812,1415.0,-0.99990E+01
2016,4,25,18.07222,36.1050,-97.4812,1415.0,-0.99990E+01
2016,4,25,18.07250,36.1060,-97.4813,1415.0,-0.99990E+01
2016,4,25,18.07278,36.1068,-97.4815,1416.0,-0.99990E+01
2016,4,25,18.07306,36.1080,-97.4817,1416.0,-0.99990E+01
2016,4,25,18.07333,36.1090,-97.4817,1416.0,-0.99990E+01
2016,4,25,18.07361,36.1098,-97.4818,1416.0,-0.99990E+01
2016,4,25,18.07389,36.1110,-97.4820,1416.0,-0.99990E+01
2016,4,25,18.07417,36.1118,-97.4822,1417.0,-0.99990E+01
2016,4,25,18.07445,36.1127,-97.4822,1417.0,-0.99990E+01
2016,4,25,18.07472,36.1137,-97.4823,1417.0,-0.99990E+01
2016,4,25,18.07500,36.1148,-97.4825,1418.0,-0.99990E+01
2016,4,25,18.07528,36.1158,-97.4827,1418.0,-0.99990E+01
2016,4,25,18.07556,36.1167,-97.4827,1419.0,-0.99990E+01
2016,4,25,18.07583,36.1177,-97.4828,1420.0,-0.99990E+01
2016,4,25,18.07611,36.1187,-97.4830,1421.0,-0.99990E+01
2016,4,25,18.07639,36.1195,-97.4832,1421.0,-0.99990E+01
2016,4,25,18.07667,36.1207,-97.4832,1421.0,-0.99990E+01
2016,4,25,18.07695,36.1217,-97.4833,1421.0,-0.99990E+01
2016,4,25,18.07722,36.1225,-97.4833,1420.0,-0.99990E+01
2016,4,25,18.07750,36.1235,-97.4835,1420.0,-0.99990E+01
2016,4,25,18.07778,36.1247,-97.4837,1419.0,-0.99990E+01
2016,4,25,18.07806,36.1253,-97.4837,1418.0,-0.99990E+01
2016,4,25,18.07833,36.1265,-97.4838,1418.0,-0.99990E+01
2016,4,25,18.07861,36.1275,-97.4838,1417.0,-0.99990E+01
2016,4,25,18.07889,36.1283,-97.4840,1417.0,-0.99990E+01
2016,4,25,18.07917,36.1293,-97.4840,1416.0,-0.99990E+01
2016,4,25,18.07944,36.1303,-97.4840,1416.0,-0.99990E+01
2016,4,25,18.07972,36.1313,-97.4842,1416.0,-0.99990E+01
2016,4,25,18.08000,36.1322,-97.4842,1416.0,-0.99990E+01
2016,4,25,18.08028,36.1333,-97.4843,1416.0,-0.99990E+01
2016,4,25,18.08056,36.1343,-97.4843,1416.0,-0.99990E+01
2016,4,25,18.08083,36.1352,-97.4845,1416.0,-0.99990E+01
2016,4,25,18.08111,36.1362,-97.4845,1416.0,-0.99990E+01
2016,4,25,18.08139,36.1372,-97.4847,1417.0,-0.99990E+01
2016,4,25,18.08167,36.1382,-97.4847,1417.0,-0.99990E+01
2016,4,25,18.08195,36.1392,-97.4847,1417.0,-0.99990E+01
2016,4,25,18.08222,36.1402,-97.4848,1417.0,-0.99990E+01
2016,4,25,18.08250,36.1412,-97.4848,1416.0,-0.99990E+01
2016,4,25,18.08278,36.1420,-97.4850,1416.0,-0.99990E+01
2016,4,25,18.08306,36.1432,-97.4850,1416.0,-0.99990E+01
2016,4,25,18.08333,36.1442,-97.4852,1415.0,-0.99990E+01
2016,4,25,18.08361,36.1450,-97.4852,1416.0,-0.99990E+01
2016,4,25,18.08389,36.1460,-97.4853,1416.0,-0.99990E+01
2016,4,25,18.08417,36.1470,-97.4853,1416.0,-0.99990E+01
2016,4,25,18.08445,36.1480,-97.4853,1415.0,-0.99990E+01
2016,4,25,18.08472,36.1490,-97.4855,1416.0,-0.99990E+01
2016,4,25,18.08500,36.1500,-97.4855,1417.0,-0.99990E+01
2016,4,25,18.08528,36.1510,-97.4857,1419.0,-0.99990E+01
2016,4,25,18.08556,36.1520,-97.4857,1420.0,-0.99990E+01
2016,4,25,18.08583,36.1530,-97.4858,1422.0,-0.99990E+01
2016,4,25,18.08611,36.1540,-97.4858,1423.0,-0.99990E+01
2016,4,25,18.08639,36.1548,-97.4860,1424.0,-0.99990E+01
2016,4,25,18.08667,36.1560,-97.4860,1424.0,-0.99990E+01
2016,4,25,18.08694,36.1570,-97.4860,1424.0,-0.99990E+01
2016,4,25,18.08722,36.1578,-97.4862,1424.0,-0.99990E+01
2016,4,25,18.08750,36.1588,-97.4862,1424.0,-0.99990E+01
2016,4,25,18.08778,36.1598,-97.4863,1423.0,-0.99990E+01
2016,4,25,18.08806,36.1608,-97.4863,1422.0,-0.99990E+01
2016,4,25,18.08833,36.1618,-97.4863,1420.0,-0.99990E+01
2016,4,25,18.08861,36.1628,-97.4865,1419.0,-0.99990E+01
2016,4,25,18.08889,36.1637,-97.4865,1417.0,-0.99990E+01
2016,4,25,18.08917,36.1648,-97.4867,1415.0,-0.99990E+01
2016,4,25,18.08945,36.1657,-97.4867,1414.0,-0.99990E+01
2016,4,25,18.08972,36.1667,-97.4868,1413.0,-0.99990E+01
2016,4,25,18.09000,36.1678,-97.4868,1412.0,-0.99990E+01
2016,4,25,18.09028,36.1687,-97.4868,1411.0,-0.99990E+01
2016,4,25,18.09056,36.1698,-97.4870,1411.0,-0.99990E+01
2016,4,25,18.09083,36.1708,-97.4870,1411.0,-0.99990E+01
2016,4,25,18.09111,36.1717,-97.4870,1412.0,-0.99990E+01
2016,4,25,18.09139,36.1727,-97.4872,1412.0,-0.99990E+01
2016,4,25,18.09167,36.1738,-97.4872,1411.0,-0.99990E+01
2016,4,25,18.09195,36.1747,-97.4872,1410.0,-0.99990E+01
2016,4,25,18.09222,36.1757,-97.4873,1410.0,-0.99990E+01
2016,4,25,18.09250,36.1767,-97.4873,1409.0,-0.99990E+01
2016,4,25,18.09278,36.1777,-97.4875,1409.0,-0.99990E+01
2016,4,25,18.09306,36.1787,-97.4875,1409.0,-0.99990E+01
2016,4,25,18.09333,36.1797,-97.4875,1410.0,-0.99990E+01
2016,4,25,18.09361,36.1808,-97.4877,1411.0,-0.99990E+01
2016,4,25,18.09389,36.1817,-97.4877,1412.0,-0.99990E+01
2016,4,25,18.09417,36.1828,-97.4877,1413.0,-0.99990E+01
2016,4,25,18.09444,36.1837,-97.4877,1414.0,-0.99990E+01
2016,4,25,18.09472,36.1845,-97.4878,1415.0,-0.99990E+01
2016,4,25,18.09500,36.1857,-97.4878,1415.0,-0.99990E+01
2016,4,25,18.09528,36.1867,-97.4878,1416.0,-0.99990E+01
2016,4,25,18.09556,36.1875,-97.4880,1415.0,-0.99990E+01
2016,4,25,18.09583,36.1885,-97.4880,1415.0,-0.99990E+01
2016,4,25,18.09611,36.1895,-97.4880,1414.0,-0.99990E+01
2016,4,25,18.09639,36.1905,-97.4882,1413.0,-0.99990E+01
2016,4,25,18.09667,36.1915,-97.4882,1413.0,-0.99990E+01
2016,4,25,18.09694,36.1925,-97.4882,1412.0,-0.99990E+01
2016,4,25,18.09722,36.1933,-97.4883,1411.0,-0.99990E+01
2016,4,25,18.09750,36.1945,-97.4883,1410.0,-0.99990E+01
2016,4,25,18.09778,36.1955,-97.4883,1410.0,-0.99990E+01
2016,4,25,18.09806,36.1963,-97.4883,1409.0,-0.99990E+01
2016,4,25,18.09833,36.1975,-97.4885,1409.0,-0.99990E+01
2016,4,25,18.09861,36.1983,-97.4885,1409.0,-0.99990E+01
2016,4,25,18.09889,36.1995,-97.4885,1410.0,-0.99990E+01
2016,4,25,18.09917,36.2003,-97.4887,1410.0,-0.99990E+01
2016,4,25,18.09945,36.2012,-97.4887,1412.0,-0.99990E+01
2016,4,25,18.09972,36.2022,-97.4887,1413.0,-0.99990E+01
2016,4,25,18.10000,36.2033,-97.4888,1414.0,-0.99990E+01
2016,4,25,18.10028,36.2043,-97.4888,1415.0,-0.99990E+01
2016,4,25,18.10056,36.2053,-97.4888,1417.0,-0.99990E+01
2016,4,25,18.10083,36.2062,-97.4890,1419.0,-0.99990E+01
2016,4,25,18.10111,36.2072,-97.4890,1419.0,-0.99990E+01
2016,4,25,18.10139,36.2080,-97.4890,1419.0,-0.99990E+01
2016,4,25,18.10167,36.2092,-97.4892,1419.0,-0.99990E+01
2016,4,25,18.10194,36.2102,-97.4892,1418.0,-0.99990E+01
2016,4,25,18.10222,36.2112,-97.4892,1417.0,-0.99990E+01
2016,4,25,18.10250,36.2122,-97.4893,1416.0,-0.99990E+01
2016,4,25,18.10278,36.2132,-97.4893,1414.0,-0.99990E+01
2016,4,25,18.10306,36.2140,-97.4895,1413.0,-0.99990E+01
2016,4,25,18.10333,36.2152,-97.4895,1412.0,-0.99990E+01
2016,4,25,18.10361,36.2162,-97.4895,1411.0,-0.99990E+01
2016,4,25,18.10389,36.2170,-97.4897,1411.0,-0.99990E+01
2016,4,25,18.10417,36.2180,-97.4897,1410.0,-0.99990E+01
2016,4,25,18.10444,36.2190,-97.4897,1410.0,-0.99990E+01
2016,4,25,18.10472,36.2198,-97.4898,1410.0,-0.99990E+01
2016,4,25,18.10500,36.2210,-97.4898,1411.0,-0.99990E+01
2016,4,25,18.10528,36.2220,-97.4898,1411.0,-0.99990E+01
2016,4,25,18.10556,36.2228,-97.4900,1412.0,-0.99990E+01
2016,4,25,18.10583,36.2238,-97.4900,1412.0,-0.99990E+01
2016,4,25,18.10611,36.2248,-97.4900,1412.0,-0.99990E+01
2016,4,25,18.10639,36.2258,-97.4902,1413.0,-0.99990E+01
2016,4,25,18.10667,36.2268,-97.4902,1413.0,-0.99990E+01
2016,4,25,18.10695,36.2278,-97.4902,1413.0,-0.99990E+01
2016,4,25,18.10722,36.2287,-97.4903,1413.0,-0.99990E+01
2016,4,25,18.10750,36.2298,-97.4903,1413.0,-0.99990E+01
2016,4,25,18.10778,36.2308,-97.4903,1413.0,-0.99990E+01
2016,4,25,18.10806,36.2317,-97.4903,1413.0,-0.99990E+01
2016,4,25,18.10833,36.2328,-97.4905,1413.0,-0.99990E+01
2016,4,25,18.10861,36.2338,-97.4905,1413.0,-0.99990E+01
2016,4,25,18.10889,36.2347,-97.4905,1412.0,-0.99990E+01
2016,4,25,18.10917,36.2357,-97.4907,1412.0,-0.99990E+01
2016,4,25,18.10945,36.2367,-97.4907,1412.0,-0.99990E+01
2016,4,25,18.10972,36.2377,-97.4907,1412.0,-0.99990E+01
2016,4,25,18.11000,36.2387,-97.4908,1411.0,-0.99990E+01
2016,4,25,18.11028,36.2398,-97.4908,1411.0,-0.99990E+01
2016,4,25,18.11056,36.2408,-97.4910,1411.0,-0.99990E+01
2016,4,25,18.11083,36.2417,-97.4910,1411.0,-0.99990E+01
2016,4,25,18.11111,36.2425,-97.4910,1411.0,-0.99990E+01
2016,4,25,18.11139,36.2437,-97.4912,1411.0,-0.99990E+01
2016,4,25,18.11167,36.2447,-97.4912,1411.0,-0.99990E+01
2016,4,25,18.11194,36.2457,-97.4912,1411.0,-0.99990E+01
2016,4,25,18.11222,36.2465,-97.4913,1411.0,-0.99990E+01
2016,4,25,18.11250,36.2475,-97.4913,1411.0,-0.99990E+01
2016,4,25,18.11278,36.2485,-97.4915,1411.0,-0.99990E+01
2016,4,25,18.11306,36.2495,-97.4915,1410.0,-0.99990E+01
2016,4,25,18.11333,36.2505,-97.4917,1410.0,-0.99990E+01
2016,4,25,18.11361,36.2515,-97.4917,1410.0,-0.99990E+01
2016,4,25,18.11389,36.2523,-97.4917,1410.0,-0.99990E+01
2016,4,25,18.11417,36.2535,-97.4918,1409.0,-0.99990E+01
2016,4,25,18.11444,36.2545,-97.4918,1409.0,-0.99990E+01
2016,4,25,18.11472,36.2553,-97.4920,1408.0,-0.99990E+01
2016,4,25,18.11500,36.2563,-97.4920,1407.0,-0.99990E+01
2016,4,25,18.11528,36.2573,-97.4922,1406.0,-0.99990E+01
2016,4,25,18.11556,36.2583,-97.4922,1405.0,-0.99990E+01
2016,4,25,18.11583,36.2593,-97.4923,1405.0,-0.99990E+01
2016,4,25,18.11611,36.2603,-97.4923,1405.0,-0.99990E+01
2016,4,25,18.11639,36.2613,-97.4925,1405.0,-0.99990E+01
2016,4,25,18.11667,36.2622,-97.4925,1405.0,-0.99990E+01
2016,4,25,18.11695,36.2633,-97.4927,1405.0,-0.99990E+01
2016,4,25,18.11722,36.2643,-97.4927,1406.0,-0.99990E+01
2016,4,25,18.11750,36.2652,-97.4928,1406.0,-0.99990E+01
2016,4,25,18.11778,36.2662,-97.4928,1406.0,-0.99990E+01
2016,4,25,18.11806,36.2672,-97.4928,1407.0,-0.99990E+01
2016,4,25,18.11833,36.2682,-97.4930,1407.0,-0.99990E+01
2016,4,25,18.11861,36.2692,-97.4930,1408.0,-0.99990E+01
2016,4,25,18.11889,36.2703,-97.4930,1409.0,-0.99990E+01
2016,4,25,18.11917,36.2712,-97.4930,1410.0,-0.99990E+01
2016,4,25,18.11944,36.2722,-97.4930,1411.0,-0.99990E+01
2016,4,25,18.11972,36.2730,-97.4930,1413.0,-0.99990E+01
2016,4,25,18.12000,36.2742,-97.4930,1414.0,-0.99990E+01
2016,4,25,18.12028,36.2752,-97.4930,1416.0,-0.99990E+01
2016,4,25,18.12056,36.2762,-97.4930,1417.0,-0.99990E+01
2016,4,25,18.12083,36.2768,-97.4930,1418.0,-0.99990E+01
2016,4,25,18.12111,36.2780,-97.4930,1418.0,-0.99990E+01
2016,4,25,18.12139,36.2790,-97.4928,1418.0,-0.99990E+01
2016,4,25,18.12167,36.2798,-97.4928,1418.0,-0.99990E+01
2016,4,25,18.12194,36.2810,-97.4928,1418.0,-0.99990E+01
2016,4,25,18.12222,36.2818,-97.4928,1417.0,-0.99990E+01
2016,4,25,18.12250,36.2828,-97.4928,1416.0,-0.99990E+01
2016,4,25,18.12278,36.2838,-97.4928,1415.0,-0.99990E+01
2016,4,25,18.12306,36.2848,-97.4928,1414.0,-0.99990E+01
2016,4,25,18.12333,36.2857,-97.4928,1413.0,-0.99990E+01
2016,4,25,18.12361,36.2868,-97.4928,1412.0,-0.99990E+01
2016,4,25,18.12389,36.2877,-97.4927,1411.0,-0.99990E+01
2016,4,25,18.12417,36.2887,-97.4927,1410.0,-0.99990E+01
2016,4,25,18.12444,36.2898,-97.4927,1409.0,-0.99990E+01
2016,4,25,18.12472,36.2907,-97.4927,1408.0,-0.99990E+01
2016,4,25,18.12500,36.2917,-97.4927,1407.0,-0.99990E+01
2016,4,25,18.12528,36.2927,-97.4925,1407.0,-0.99990E+01
2016,4,25,18.12556,36.2937,-97.4925,1406.0,-0.99990E+01
2016,4,25,18.12583,36.2947,-97.4925,1406.0,-0.99990E+01
2016,4,25,18.12611,36.2957,-97.4923,1406.0,-0.99990E+01
2016,4,25,18.12639,36.2967,-97.4923,1406.0,-0.99990E+01
2016,4,25,18.12667,36.2977,-97.4922,1406.0,-0.99990E+01
2016,4,25,18.12695,36.2988,-97.4922,1407.0,-0.99990E+01
2016,4,25,18.12722,36.2997,-97.4920,1408.0,-0.99990E+01
2016,4,25,18.12750,36.3007,-97.4918,1409.0,-0.99990E+01
2016,4,25,18.12778,36.3015,-97.4918,1409.0,-0.99990E+01
2016,4,25,18.12806,36.3025,-97.4917,1410.0,-0.99990E+01
2016,4,25,18.12833,36.3037,-97.4917,1411.0,-0.99990E+01
2016,4,25,18.12861,36.3045,-97.4915,1411.0,-0.99990E+01
2016,4,25,18.12889,36.3057,-97.4913,1412.0,-0.99990E+01
2016,4,25,18.12917,36.3065,-97.4913,1413.0,-0.99990E+01
2016,4,25,18.12944,36.3075,-97.4912,1414.0,-0.99990E+01
2016,4,25,18.12972,36.3085,-97.4910,1414.0,-0.99990E+01
2016,4,25,18.13000,36.3095,-97.4908,1414.0,-0.99990E+01
2016,4,25,18.13028,36.3103,-97.4908,1414.0,-0.99990E+01
2016,4,25,18.13056,36.3115,-97.4907,1414.0,-0.99990E+01
2016,4,25,18.13083,36.3125,-97.4905,1414.0,-0.99990E+01
2016,4,25,18.13111,36.3133,-97.4903,1414.0,-0.99990E+01
2016,4,25,18.13139,36.3143,-97.4903,1414.0,-0.99990E+01
2016,4,25,18.13167,36.3153,-97.4902,1413.0,-0.99990E+01
2016,4,25,18.13194,36.3163,-97.4900,1412.0,-0.99990E+01
2016,4,25,18.13222,36.3173,-97.4900,1411.0,-0.99990E+01
2016,4,25,18.13250,36.3183,-97.4898,1410.0,-0.99990E+01
2016,4,25,18.13278,36.3192,-97.4897,1409.0,-0.99990E+01
2016,4,25,18.13305,36.3203,-97.4897,1409.0,-0.99990E+01
2016,4,25,18.13333,36.3213,-97.4895,1409.0,-0.99990E+01
2016,4,25,18.13361,36.3222,-97.4893,1409.0,-0.99990E+01
2016,4,25,18.13389,36.3233,-97.4893,1409.0,-0.99990E+01
2016,4,25,18.13417,36.3243,-97.4892,1409.0,-0.99990E+01
2016,4,25,18.13445,36.3252,-97.4890,1409.0,-0.99990E+01
2016,4,25,18.13472,36.3262,-97.4890,1410.0,-0.99990E+01
2016,4,25,18.13500,36.3272,-97.4888,1410.0,-0.99990E+01
2016,4,25,18.13528,36.3282,-97.4887,1411.0,-0.99990E+01
2016,4,25,18.13556,36.3293,-97.4885,1411.0,-0.99990E+01
2016,4,25,18.13583,36.3303,-97.4885,1412.0,-0.99990E+01
2016,4,25,18.13611,36.3313,-97.4883,1412.0,-0.99990E+01
2016,4,25,18.13639,36.3322,-97.4882,1413.0,-0.99990E+01
2016,4,25,18.13667,36.3332,-97.4880,1413.0,-0.99990E+01
2016,4,25,18.13694,36.3342,-97.4880,1413.0,-0.99990E+01
2016,4,25,18.13722,36.3352,-97.4878,1412.0,-0.99990E+01
2016,4,25,18.13750,36.3360,-97.4877,1412.0,-0.99990E+01
2016,4,25,18.13778,36.3370,-97.4877,1412.0,-0.99990E+01
2016,4,25,18.13806,36.3380,-97.4875,1412.0,-0.99990E+01
2016,4,25,18.13833,36.3390,-97.4873,1411.0,-0.99990E+01
2016,4,25,18.13861,36.3400,-97.4873,1410.0,-0.99990E+01
2016,4,25,18.13889,36.3410,-97.4872,1409.0,-0.99990E+01
2016,4,25,18.13917,36.3420,-97.4870,1408.0,-0.99990E+01
2016,4,25,18.13944,36.3428,-97.4870,1407.0,-0.99990E+01
2016,4,25,18.13972,36.3440,-97.4868,1407.0,-0.99990E+01
2016,4,25,18.14000,36.3450,-97.4867,1407.0,-0.99990E+01
2016,4,25,18.14028,36.3458,-97.4865,1407.0,-0.99990E+01
2016,4,25,18.14056,36.3470,-97.4863,1408.0,-0.99990E+01
2016,4,25,18.14083,36.3480,-97.4863,1408.0,-0.99990E+01
2016,4,25,18.14111,36.3488,-97.4862,1409.0,-0.99990E+01
2016,4,25,18.14139,36.3498,-97.4862,1410.0,-0.99990E+01
2016,4,25,18.14167,36.3508,-97.4860,1411.0,-0.99990E+01
2016,4,25,18.14194,36.3518,-97.4860,1412.0,-0.99990E+01
2016,4,25,18.14222,36.3528,-97.4858,1413.0,-0.99990E+01
2016,4,25,18.14250,36.3538,-97.4858,1414.0,-0.99990E+01
2016,4,25,18.14278,36.3548,-97.4858,1414.0,-0.99990E+01
2016,4,25,18.14305,36.3557,-97.4858,1414.0,-0.99990E+01
2016,4,25,18.14333,36.3568,-97.4857,1414.0,-0.99990E+01
2016,4,25,18.14361,36.3578,-97.4857,1414.0,-0.99990E+01
2016,4,25,18.14389,36.3588,-97.4857,1415.0,-0.99990E+01
2016,4,25,18.14417,36.3598,-97.4857,1415.0,-0.99990E+01
2016,4,25,18.14444,36.3608,-97.4857,1415.0,-0.99990E+01
2016,4,25,18.14472,36.3618,-97.4857,1414.0,-0.99990E+01
2016,4,25,18.14500,36.3628,-97.4857,1412.0,-0.99990E+01
2016,4,25,18.14528,36.3638,-97.4857,1411.0,-0.99990E+01
2016,4,25,18.14556,36.3648,-97.4857,1410.0,-0.99990E+01
2016,4,25,18.14583,36.3657,-97.4857,1409.0,-0.99990E+01
2016,4,25,18.14611,36.3667,-97.4857,1408.0,-0.99990E+01
2016,4,25,18.14639,36.3675,-97.4857,1407.0,-0.99990E+01
2016,4,25,18.14667,36.3687,-97.4857,1406.0,-0.99990E+01
2016,4,25,18.14694,36.3697,-97.4857,1405.0,-0.99990E+01
2016,4,25,18.14722,36.3705,-97.4857,1404.0,-0.99990E+01
2016,4,25,18.14750,36.3715,-97.4857,1404.0,-0.99990E+01
2016,4,25,18.14778,36.3727,-97.4857,1403.0,-0.99990E+01
2016,4,25,18.14806,36.3737,-97.4857,1404.0,-0.99990E+01
2016,4,25,18.14833,36.3745,-97.4858,1405.0,-0.99990E+01
2016,4,25,18.14861,36.3757,-97.4858,1406.0,-0.99990E+01
2016,4,25,18.14889,36.3765,-97.4858,1407.0,-0.99990E+01
2016,4,25,18.14917,36.3775,-97.4858,1408.0,-0.99990E+01
2016,4,25,18.14944,36.3787,-97.4858,1409.0,-0.99990E+01
2016,4,25,18.14972,36.3797,-97.4858,1410.0,-0.99990E+01
2016,4,25,18.15000,36.3805,-97.4858,1411.0,-0.99990E+01
2016,4,25,18.15028,36.3817,-97.4858,1412.0,-0.99990E+01
2016,4,25,18.15055,36.3827,-97.4858,1412.0,-0.99990E+01
2016,4,25,18.15083,36.3837,-97.4860,1412.0,-0.99990E+01
2016,4,25,18.15111,36.3845,-97.4860,1412.0,-0.99990E+01
2016,4,25,18.15139,36.3855,-97.4860,1412.0,-0.99990E+01
2016,4,25,18.15167,36.3865,-97.4860,1412.0,-0.99990E+01
2016,4,25,18.15194,36.3877,-97.4860,1412.0,-0.99990E+01
2016,4,25,18.15222,36.3887,-97.4860,1412.0,-0.99990E+01
2016,4,25,18.15250,36.3897,-97.4860,1412.0,-0.99990E+01
2016,4,25,18.15278,36.3907,-97.4860,1412.0,-0.99990E+01
2016,4,25,18.15306,36.3915,-97.4860,1412.0,-0.99990E+01
2016,4,25,18.15333,36.3927,-97.4860,1412.0,-0.99990E+01
2016,4,25,18.15361,36.3937,-97.4860,1412.0,-0.99990E+01
2016,4,25,18.15389,36.3947,-97.4862,1412.0,-0.99990E+01
2016,4,25,18.15417,36.3955,-97.4862,1411.0,-0.99990E+01
2016,4,25,18.15444,36.3965,-97.4862,1411.0,-0.99990E+01
2016,4,25,18.15472,36.3975,-97.4862,1411.0,-0.99990E+01
2016,4,25,18.15500,36.3985,-97.4862,1411.0,-0.99990E+01
2016,4,25,18.15528,36.3995,-97.4862,1411.0,-0.99990E+01
2016,4,25,18.15556,36.4005,-97.4862,1411.0,-0.99990E+01
2016,4,25,18.15583,36.4013,-97.4862,1411.0,-0.99990E+01
2016,4,25,18.15611,36.4025,-97.4862,1411.0,-0.99990E+01
2016,4,25,18.15639,36.4035,-97.4863,1411.0,-0.99990E+01
2016,4,25,18.15667,36.4043,-97.4863,1411.0,-0.99990E+01
2016,4,25,18.15694,36.4053,-97.4863,1410.0,-0.99990E+01
2016,4,25,18.15722,36.4065,-97.4863,1410.0,-0.99990E+01
2016,4,25,18.15750,36.4075,-97.4863,1409.0,-0.99990E+01
2016,4,25,18.15778,36.4083,-97.4863,1409.0,-0.99990E+01
2016,4,25,18.15805,36.4095,-97.4863,1408.0,-0.99990E+01
2016,4,25,18.15833,36.4105,-97.4863,1407.0,-0.99990E+01
2016,4,25,18.15861,36.4113,-97.4863,1407.0,-0.99990E+01
2016,4,25,18.15889,36.4125,-97.4863,1407.0,-0.99990E+01
2016,4,25,18.15917,36.4135,-97.4863,1408.0,-0.99990E+01
2016,4,25,18.15944,36.4143,-97.4863,1409.0,-0.99990E+01
2016,4,25,18.15972,36.4153,-97.4863,1410.0,-0.99990E+01
2016,4,25,18.16000,36.4163,-97.4863,1410.0,-0.99990E+01
2016,4,25,18.16028,36.4173,-97.4863,1411.0,-0.99990E+01
2016,4,25,18.16055,36.4183,-97.4863,1411.0,-0.99990E+01
2016,4,25,18.16083,36.4195,-97.4863,1412.0,-0.99990E+01
2016,4,25,18.16111,36.4203,-97.4863,1412.0,-0.99990E+01
2016,4,25,18.16139,36.4213,-97.4863,1412.0,-0.99990E+01
2016,4,25,18.16167,36.4225,-97.4863,1412.0,-0.99990E+01
2016,4,25,18.16194,36.4235,-97.4863,1412.0,-0.99990E+01
2016,4,25,18.16222,36.4243,-97.4863,1412.0,-0.99990E+01
2016,4,25,18.16250,36.4252,-97.4863,1412.0,-0.99990E+01
2016,4,25,18.16278,36.4263,-97.4863,1412.0,-0.99990E+01
2016,4,25,18.16306,36.4273,-97.4863,1412.0,-0.99990E+01
2016,4,25,18.16333,36.4282,-97.4863,1412.0,-0.99990E+01
2016,4,25,18.16361,36.4292,-97.4863,1411.0,-0.99990E+01
2016,4,25,18.16389,36.4303,-97.4863,1411.0,-0.99990E+01
2016,4,25,18.16417,36.4312,-97.4863,1412.0,-0.99990E+01
2016,4,25,18.16444,36.4322,-97.4863,1412.0,-0.99990E+01
2016,4,25,18.16472,36.4333,-97.4863,1412.0,-0.99990E+01
2016,4,25,18.16500,36.4342,-97.4863,1412.0,-0.99990E+01
2016,4,25,18.16528,36.4352,-97.4863,1412.0,-0.99990E+01
2016,4,25,18.16556,36.4362,-97.4863,1412.0,-0.99990E+01
2016,4,25,18.16583,36.4372,-97.4863,1411.0,-0.99990E+01
2016,4,25,18.16611,36.4382,-97.4863,1411.0,-0.99990E+01
2016,4,25,18.16639,36.4392,-97.4863,1411.0,-0.99990E+01
2016,4,25,18.16667,36.4402,-97.4865,1411.0,-0.99990E+01
2016,4,25,18.16694,36.4412,-97.4865,1410.0,-0.99990E+01
2016,4,25,18.16722,36.4422,-97.4865,1410.0,-0.99990E+01
2016,4,25,18.16750,36.4432,-97.4865,1410.0,-0.99990E+01
2016,4,25,18.16778,36.4442,-97.4865,1409.0,-0.99990E+01
2016,4,25,18.16805,36.4450,-97.4865,1408.0,-0.99990E+01
2016,4,25,18.16833,36.4462,-97.4865,1407.0,-0.99990E+01
2016,4,25,18.16861,36.4473,-97.4865,1407.0,-0.99990E+01
2016,4,25,18.16889,36.4482,-97.4865,1406.0,-0.99990E+01
2016,4,25,18.16917,36.4492,-97.4865,1406.0,-0.99990E+01
2016,4,25,18.16944,36.4502,-97.4865,1406.0,-0.99990E+01
2016,4,25,18.16972,36.4510,-97.4865,1406.0,-0.99990E+01
2016,4,25,18.17000,36.4522,-97.4867,1406.0,-0.99990E+01
2016,4,25,18.17028,36.4532,-97.4867,1407.0,-0.99990E+01
2016,4,25,18.17056,36.4542,-97.4867,1408.0,-0.99990E+01
2016,4,25,18.17083,36.4550,-97.4867,1409.0,-0.99990E+01
2016,4,25,18.17111,36.4562,-97.4867,1410.0,-0.99990E+01
2016,4,25,18.17139,36.4572,-97.4867,1411.0,-0.99990E+01
2016,4,25,18.17167,36.4580,-97.4867,1412.0,-0.99990E+01
2016,4,25,18.17194,36.4592,-97.4867,1413.0,-0.99990E+01
2016,4,25,18.17222,36.4600,-97.4867,1414.0,-0.99990E+01
2016,4,25,18.17250,36.4610,-97.4867,1414.0,-0.99990E+01
2016,4,25,18.17278,36.4620,-97.4867,1415.0,-0.99990E+01
2016,4,25,18.17306,36.4630,-97.4867,1415.0,-0.99990E+01
2016,4,25,18.17333,36.4640,-97.4867,1415.0,-0.99990E+01
2016,4,25,18.17361,36.4648,-97.4867,1414.0,-0.99990E+01
2016,4,25,18.17389,36.4660,-97.4867,1414.0,-0.99990E+01
2016,4,25,18.17417,36.4670,-97.4867,1414.0,-0.99990E+01
2016,4,25,18.17444,36.4678,-97.4867,1413.0,-0.99990E+01
2016,4,25,18.17472,36.4690,-97.4867,1412.0,-0.99990E+01
2016,4,25,18.17500,36.4700,-97.4867,1412.0,-0.99990E+01
2016,4,25,18.17528,36.4708,-97.4867,1412.0,-0.99990E+01
2016,4,25,18.17555,36.4720,-97.4867,1411.0,-0.99990E+01
2016,4,25,18.17583,36.4730,-97.4867,1411.0,-0.99990E+01
2016,4,25,18.17611,36.4738,-97.4867,1411.0,-0.99990E+01
2016,4,25,18.17639,36.4748,-97.4867,1411.0,-0.99990E+01
2016,4,25,18.17667,36.4758,-97.4867,1411.0,-0.99990E+01
2016,4,25,18.17694,36.4770,-97.4867,1411.0,-0.99990E+01
2016,4,25,18.17722,36.4778,-97.4867,1411.0,-0.99990E+01
2016,4,25,18.17750,36.4790,-97.4867,1411.0,-0.99990E+01
2016,4,25,18.17778,36.4800,-97.4867,1411.0,-0.99990E+01
2016,4,25,18.17805,36.4808,-97.4867,1411.0,-0.99990E+01
2016,4,25,18.17833,36.4820,-97.4868,1410.0,-0.99990E+01
2016,4,25,18.17861,36.4828,-97.4868,1410.0,-0.99990E+01
2016,4,25,18.17889,36.4838,-97.4868,1410.0,-0.99990E+01
2016,4,25,18.17917,36.4848,-97.4868,1409.0,-0.99990E+01
2016,4,25,18.17944,36.4858,-97.4868,1408.0,-0.99990E+01
2016,4,25,18.17972,36.4867,-97.4868,1408.0,-0.99990E+01
2016,4,25,18.18000,36.4878,-97.4868,1407.0,-0.99990E+01
2016,4,25,18.18028,36.4888,-97.4868,1407.0,-0.99990E+01
2016,4,25,18.18056,36.4897,-97.4868,1406.0,-0.99990E+01
2016,4,25,18.18083,36.4908,-97.4868,1405.0,-0.99990E+01
2016,4,25,18.18111,36.4918,-97.4868,1405.0,-0.99990E+01
2016,4,25,18.18139,36.4927,-97.4868,1404.0,-0.99990E+01
2016,4,25,18.18167,36.4938,-97.4868,1404.0,-0.99990E+01
2016,4,25,18.18194,36.4948,-97.4868,1405.0,-0.99990E+01
2016,4,25,18.18222,36.4957,-97.4868,1406.0,-0.99990E+01
2016,4,25,18.18250,36.4967,-97.4868,1407.0,-0.99990E+01
2016,4,25,18.18278,36.4977,-97.4868,1408.0,-0.99990E+01
2016,4,25,18.18305,36.4987,-97.4868,1409.0,-0.99990E+01
2016,4,25,18.18333,36.4997,-97.4868,1410.0,-0.99990E+01
2016,4,25,18.18361,36.5005,-97.4868,1411.0,-0.99990E+01
2016,4,25,18.18389,36.5017,-97.4868,1414.0,-0.99990E+01
2016,4,25,18.18417,36.5025,-97.4868,1415.0,-0.99990E+01
2016,4,25,18.18444,36.5037,-97.4868,1416.0,-0.99990E+01
2016,4,25,18.18472,36.5045,-97.4868,1417.0,-0.99990E+01
2016,4,25,18.18500,36.5055,-97.4868,1417.0,-0.99990E+01
2016,4,25,18.18528,36.5067,-97.4868,1417.0,-0.99990E+01
2016,4,25,18.18555,36.5075,-97.4868,1417.0,-0.99990E+01
2016,4,25,18.18583,36.5085,-97.4868,1417.0,-0.99990E+01
2016,4,25,18.18611,36.5097,-97.4868,1417.0,-0.99990E+01
2016,4,25,18.18639,36.5103,-97.4868,1417.0,-0.99990E+01
2016,4,25,18.18667,36.5113,-97.4868,1416.0,-0.99990E+01
2016,4,25,18.18694,36.5125,-97.4868,1416.0,-0.99990E+01
2016,4,25,18.18722,36.5135,-97.4868,1415.0,-0.99990E+01
2016,4,25,18.18750,36.5143,-97.4868,1414.0,-0.99990E+01
2016,4,25,18.18778,36.5155,-97.4868,1412.0,-0.99990E+01
2016,4,25,18.18806,36.5163,-97.4868,1411.0,-0.99990E+01
2016,4,25,18.18833,36.5173,-97.4868,1409.0,-0.99990E+01
2016,4,25,18.18861,36.5183,-97.4868,1407.0,-0.99990E+01
2016,4,25,18.18889,36.5193,-97.4868,1406.0,-0.99990E+01
2016,4,25,18.18917,36.5203,-97.4868,1405.0,-0.99990E+01
2016,4,25,18.18944,36.5213,-97.4868,1404.0,-0.99990E+01
2016,4,25,18.18972,36.5223,-97.4867,1403.0,-0.99990E+01
2016,4,25,18.19000,36.5233,-97.4867,1402.0,-0.99990E+01
2016,4,25,18.19028,36.5243,-97.4867,1402.0,-0.99990E+01
2016,4,25,18.19056,36.5253,-97.4867,1402.0,-0.99990E+01
2016,4,25,18.19083,36.5263,-97.4867,1402.0,-0.99990E+01
2016,4,25,18.19111,36.5273,-97.4867,1402.0,-0.99990E+01
2016,4,25,18.19139,36.5283,-97.4867,1402.0,-0.99990E+01
2016,4,25,18.19167,36.5293,-97.4867,1403.0,-0.99990E+01
2016,4,25,18.19194,36.5303,-97.4867,1403.0,-0.99990E+01
2016,4,25,18.19222,36.5313,-97.4867,1404.0,-0.99990E+01
2016,4,25,18.19250,36.5323,-97.4867,1405.0,-0.99990E+01
2016,4,25,18.19278,36.5333,-97.4867,1406.0,-0.99990E+01
2016,4,25,18.19305,36.5343,-97.4867,1406.0,-0.99990E+01
2016,4,25,18.19333,36.5353,-97.4867,1407.0,-0.99990E+01
2016,4,25,18.19361,36.5363,-97.4867,1407.0,-0.99990E+01
2016,4,25,18.19389,36.5375,-97.4867,1408.0,-0.99990E+01
2016,4,25,18.19417,36.5383,-97.4867,1408.0,-0.99990E+01
2016,4,25,18.19444,36.5392,-97.4867,1408.0,-0.99990E+01
2016,4,25,18.19472,36.5402,-97.4867,1409.0,-0.99990E+01
2016,4,25,18.19500,36.5413,-97.4868,1409.0,-0.99990E+01
2016,4,25,18.19528,36.5425,-97.4868,1409.0,-0.99990E+01
2016,4,25,18.19555,36.5433,-97.4868,1409.0,-0.99990E+01
2016,4,25,18.19583,36.5442,-97.4868,1409.0,-0.99990E+01
2016,4,25,18.19611,36.5452,-97.4868,1408.0,-0.99990E+01
2016,4,25,18.19639,36.5463,-97.4868,1407.0,-0.99990E+01
2016,4,25,18.19667,36.5472,-97.4868,1407.0,-0.99990E+01
2016,4,25,18.19694,36.5483,-97.4868,1406.0,-0.99990E+01
2016,4,25,18.19722,36.5493,-97.4868,1404.0,-0.99990E+01
2016,4,25,18.19750,36.5502,-97.4868,1404.0,-0.99990E+01
2016,4,25,18.19778,36.5513,-97.4867,1403.0,-0.99990E+01
2016,4,25,18.19806,36.5523,-97.4867,1401.0,-0.99990E+01
2016,4,25,18.19833,36.5532,-97.4867,1400.0,-0.99990E+01
2016,4,25,18.19861,36.5543,-97.4867,1399.0,-0.99990E+01
2016,4,25,18.19889,36.5552,-97.4867,1398.0,-0.99990E+01
2016,4,25,18.19917,36.5562,-97.4867,1398.0,-0.99990E+01
2016,4,25,18.19944,36.5573,-97.4867,1397.0,-0.99990E+01
2016,4,25,18.19972,36.5583,-97.4867,1397.0,-0.99990E+01
2016,4,25,18.20000,36.5592,-97.4867,1397.0,-0.99990E+01
2016,4,25,18.20028,36.5603,-97.4865,1397.0,-0.99990E+01
2016,4,25,18.20056,36.5613,-97.4865,1398.0,-0.99990E+01
2016,4,25,18.20083,36.5622,-97.4865,1398.0,-0.99990E+01
2016,4,25,18.20111,36.5632,-97.4865,1399.0,-0.99990E+01
2016,4,25,18.20139,36.5643,-97.4865,1400.0,-0.99990E+01
2016,4,25,18.20167,36.5652,-97.4865,1400.0,-0.99990E+01
2016,4,25,18.20194,36.5663,-97.4863,1401.0,-0.99990E+01
2016,4,25,18.20222,36.5673,-97.4863,1401.0,-0.99990E+01
2016,4,25,18.20250,36.5683,-97.4863,1401.0,-0.99990E+01
2016,4,25,18.20278,36.5693,-97.4863,1402.0,-0.99990E+01
2016,4,25,18.20306,36.5703,-97.4863,1403.0,-0.99990E+01
2016,4,25,18.20333,36.5713,-97.4863,1403.0,-0.99990E+01
2016,4,25,18.20361,36.5722,-97.4862,1404.0,-0.99990E+01
2016,4,25,18.20389,36.5733,-97.4862,1405.0,-0.99990E+01
2016,4,25,18.20417,36.5742,-97.4862,1405.0,-0.99990E+01
2016,4,25,18.20444,36.5752,-97.4862,1406.0,-0.99990E+01
2016,4,25,18.20473,36.5762,-97.4862,1406.0,-0.99990E+01
2016,4,25,18.20500,36.5772,-97.4862,1406.0,-0.99990E+01
2016,4,25,18.20528,36.5782,-97.4860,1406.0,-0.99990E+01
2016,4,25,18.20556,36.5792,-97.4860,1405.0,-0.99990E+01
2016,4,25,18.20583,36.5802,-97.4860,1405.0,-0.99990E+01
2016,4,25,18.20611,36.5810,-97.4860,1405.0,-0.99990E+01
2016,4,25,18.20639,36.5822,-97.4860,1406.0,-0.99990E+01
2016,4,25,18.20667,36.5832,-97.4860,1406.0,-0.99990E+01
2016,4,25,18.20694,36.5840,-97.4858,1406.0,-0.99990E+01
2016,4,25,18.20722,36.5852,-97.4858,1406.0,-0.99990E+01
2016,4,25,18.20750,36.5862,-97.4858,1406.0,-0.99990E+01
2016,4,25,18.20778,36.5870,-97.4858,1406.0,-0.99990E+01
2016,4,25,18.20806,36.5882,-97.4857,1406.0,-0.99990E+01
2016,4,25,18.20833,36.5892,-97.4857,1406.0,-0.99990E+01
2016,4,25,18.20861,36.5900,-97.4857,1406.0,-0.99990E+01
2016,4,25,18.20889,36.5912,-97.4857,1406.0,-0.99990E+01
2016,4,25,18.20917,36.5920,-97.4855,1406.0,-0.99990E+01
2016,4,25,18.20945,36.5930,-97.4855,1406.0,-0.99990E+01
2016,4,25,18.20972,36.5940,-97.4855,1406.0,-0.99990E+01
2016,4,25,18.21000,36.5950,-97.4855,1406.0,-0.99990E+01
2016,4,25,18.21028,36.5960,-97.4853,1406.0,-0.99990E+01
2016,4,25,18.21056,36.5970,-97.4853,1406.0,-0.99990E+01
2016,4,25,18.21084,36.5982,-97.4853,1406.0,-0.99990E+01
2016,4,25,18.21111,36.5990,-97.4852,1407.0,-0.99990E+01
2016,4,25,18.21139,36.5998,-97.4852,1407.0,-0.99990E+01
2016,4,25,18.21167,36.6012,-97.4852,1408.0,-0.99990E+01
2016,4,25,18.21194,36.6020,-97.4850,1408.0,-0.99990E+01
2016,4,25,18.21222,36.6030,-97.4850,1409.0,-0.99990E+01
2016,4,25,18.21250,36.6040,-97.4850,1409.0,-0.99990E+01
2016,4,25,18.21278,36.6050,-97.4848,1410.0,-0.99990E+01
2016,4,25,18.21305,36.6058,-97.4848,1411.0,-0.99990E+01
2016,4,25,18.21334,36.6068,-97.4848,1411.0,-0.99990E+01
2016,4,25,18.21361,36.6080,-97.4847,1411.0,-0.99990E+01
2016,4,25,18.21389,36.6088,-97.4847,1411.0,-0.99990E+01
2016,4,25,18.21417,36.6098,-97.4847,1411.0,-0.99990E+01
2016,4,25,18.21445,36.6108,-97.4845,1410.0,-0.99990E+01
2016,4,25,18.21472,36.6118,-97.4845,1410.0,-0.99990E+01
2016,4,25,18.21500,36.6128,-97.4845,1409.0,-0.99990E+01
2016,4,25,18.21528,36.6138,-97.4843,1409.0,-0.99990E+01
2016,4,25,18.21556,36.6148,-97.4843,1408.0,-0.99990E+01
2016,4,25,18.21583,36.6158,-97.4843,1408.0,-0.99990E+01
2016,4,25,18.21611,36.6168,-97.4843,1407.0,-0.99990E+01
2016,4,25,18.21639,36.6178,-97.4842,1407.0,-0.99990E+01
2016,4,25,18.21667,36.6187,-97.4842,1406.0,-0.99990E+01
2016,4,25,18.21695,36.6198,-97.4842,1406.0,-0.99990E+01
2016,4,25,18.21722,36.6208,-97.4842,1405.0,-0.99990E+01
2016,4,25,18.21750,36.6217,-97.4842,1404.0,-0.99990E+01
2016,4,25,18.21778,36.6228,-97.4842,1404.0,-0.99990E+01
2016,4,25,18.21806,36.6238,-97.4840,1403.0,-0.99990E+01
2016,4,25,18.21833,36.6247,-97.4840,1403.0,-0.99990E+01
2016,4,25,18.21861,36.6260,-97.4840,1402.0,-0.99990E+01
2016,4,25,18.21889,36.6270,-97.4840,1402.0,-0.99990E+01
2016,4,25,18.21917,36.6278,-97.4840,1403.0,-0.99990E+01
2016,4,25,18.21944,36.6288,-97.4840,1403.0,-0.99990E+01
2016,4,25,18.21972,36.6297,-97.4840,1404.0,-0.99990E+01
2016,4,25,18.22000,36.6308,-97.4840,1405.0,-0.99990E+01
2016,4,25,18.22028,36.6318,-97.4842,1406.0,-0.99990E+01
2016,4,25,18.22056,36.6328,-97.4842,1407.0,-0.99990E+01
2016,4,25,18.22083,36.6337,-97.4842,1408.0,-0.99990E+01
2016,4,25,18.22111,36.6348,-97.4842,1409.0,-0.99990E+01
2016,4,25,18.22139,36.6358,-97.4842,1409.0,-0.99990E+01
2016,4,25,18.22167,36.6367,-97.4842,1410.0,-0.99990E+01
2016,4,25,18.22194,36.6378,-97.4842,1410.0,-0.99990E+01
2016,4,25,18.22222,36.6387,-97.4842,1410.0,-0.99990E+01
2016,4,25,18.22250,36.6397,-97.4842,1411.0,-0.99990E+01
2016,4,25,18.22278,36.6407,-97.4843,1411.0,-0.99990E+01
2016,4,25,18.22306,36.6417,-97.4843,1411.0,-0.99990E+01
2016,4,25,18.22333,36.6427,-97.4843,1411.0,-0.99990E+01
2016,4,25,18.22361,36.6437,-97.4843,1410.0,-0.99990E+01
2016,4,25,18.22389,36.6447,-97.4843,1410.0,-0.99990E+01
2016,4,25,18.22417,36.6455,-97.4843,1410.0,-0.99990E+01
2016,4,25,18.22445,36.6467,-97.4845,1410.0,-0.99990E+01
2016,4,25,18.22472,36.6477,-97.4845,1410.0,-0.99990E+01
2016,4,25,18.22500,36.6485,-97.4845,1410.0,-0.99990E+01
2016,4,25,18.22528,36.6495,-97.4845,1410.0,-0.99990E+01
2016,4,25,18.22556,36.6507,-97.4845,1410.0,-0.99990E+01
2016,4,25,18.22583,36.6517,-97.4845,1410.0,-0.99990E+01
2016,4,25,18.22611,36.6525,-97.4847,1410.0,-0.99990E+01
2016,4,25,18.22639,36.6537,-97.4847,1410.0,-0.99990E+01
2016,4,25,18.22667,36.6547,-97.4847,1410.0,-0.99990E+01
2016,4,25,18.22695,36.6557,-97.4847,1410.0,-0.99990E+01
2016,4,25,18.22722,36.6567,-97.4847,1410.0,-0.99990E+01
2016,4,25,18.22750,36.6577,-97.4847,1410.0,-0.99990E+01
2016,4,25,18.22778,36.6587,-97.4847,1410.0,-0.99990E+01
2016,4,25,18.22806,36.6597,-97.4848,1410.0,-0.99990E+01
2016,4,25,18.22834,36.6607,-97.4848,1410.0,-0.99990E+01
2016,4,25,18.22861,36.6617,-97.4848,1410.0,-0.99990E+01
2016,4,25,18.22889,36.6627,-97.4848,1409.0,-0.99990E+01
2016,4,25,18.22917,36.6635,-97.4848,1409.0,-0.99990E+01
2016,4,25,18.22944,36.6645,-97.4850,1409.0,-0.99990E+01
2016,4,25,18.22972,36.6655,-97.4850,1410.0,-0.99990E+01
2016,4,25,18.23000,36.6665,-97.4850,1411.0,-0.99990E+01
2016,4,25,18.23028,36.6675,-97.4850,1411.0,-0.99990E+01
2016,4,25,18.23056,36.6685,-97.4850,1410.0,-0.99990E+01
2016,4,25,18.23083,36.6695,-97.4852,1409.0,-0.99990E+01
2016,4,25,18.23111,36.6705,-97.4852,1408.0,-0.99990E+01
2016,4,25,18.23139,36.6715,-97.4852,1408.0,-0.99990E+01
2016,4,25,18.23167,36.6725,-97.4852,1407.0,-0.99990E+01
2016,4,25,18.23195,36.6735,-97.4852,1406.0,-0.99990E+01
2016,4,25,18.23222,36.6747,-97.4853,1405.0,-0.99990E+01
2016,4,25,18.23250,36.6755,-97.4853,1405.0,-0.99990E+01
2016,4,25,18.23278,36.6765,-97.4853,1404.0,-0.99990E+01
2016,4,25,18.23306,36.6775,-97.4855,1404.0,-0.99990E+01
2016,4,25,18.23333,36.6785,-97.4855,1404.0,-0.99990E+01
2016,4,25,18.23361,36.6795,-97.4855,1405.0,-0.99990E+01
2016,4,25,18.23389,36.6807,-97.4855,1405.0,-0.99990E+01
2016,4,25,18.23417,36.6815,-97.4857,1405.0,-0.99990E+01
2016,4,25,18.23445,36.6825,-97.4857,1406.0,-0.99990E+01
2016,4,25,18.23472,36.6835,-97.4857,1407.0,-0.99990E+01
2016,4,25,18.23500,36.6845,-97.4857,1409.0,-0.99990E+01
2016,4,25,18.23528,36.6857,-97.4858,1410.0,-0.99990E+01
2016,4,25,18.23556,36.6867,-97.4858,1410.0,-0.99990E+01
2016,4,25,18.23583,36.6877,-97.4858,1410.0,-0.99990E+01
2016,4,25,18.23611,36.6887,-97.4858,1410.0,-0.99990E+01
2016,4,25,18.23639,36.6897,-97.4860,1409.0,-0.99990E+01
2016,4,25,18.23667,36.6907,-97.4860,1408.0,-0.99990E+01
2016,4,25,18.23694,36.6915,-97.4860,1408.0,-0.99990E+01
2016,4,25,18.23722,36.6927,-97.4860,1407.0,-0.99990E+01
2016,4,25,18.23750,36.6935,-97.4862,1407.0,-0.99990E+01
2016,4,25,18.23778,36.6945,-97.4862,1407.0,-0.99990E+01
2016,4,25,18.23806,36.6955,-97.4862,1407.0,-0.99990E+01
2016,4,25,18.23833,36.6965,-97.4863,1407.0,-0.99990E+01
2016,4,25,18.23861,36.6975,-97.4863,1407.0,-0.99990E+01
2016,4,25,18.23889,36.6985,-97.4863,1408.0,-0.99990E+01
2016,4,25,18.23917,36.6995,-97.4863,1408.0,-0.99990E+01
2016,4,25,18.23944,36.7005,-97.4863,1409.0,-0.99990E+01
2016,4,25,18.23972,36.7015,-97.4865,1410.0,-0.99990E+01
2016,4,25,18.24000,36.7025,-97.4865,1410.0,-0.99990E+01
2016,4,25,18.24028,36.7035,-97.4865,1411.0,-0.99990E+01
2016,4,25,18.24056,36.7045,-97.4865,1411.0,-0.99990E+01
2016,4,25,18.24083,36.7055,-97.4867,1412.0,-0.99990E+01
2016,4,25,18.24111,36.7063,-97.4867,1413.0,-0.99990E+01
2016,4,25,18.24139,36.7075,-97.4867,1415.0,-0.99990E+01
2016,4,25,18.24167,36.7083,-97.4867,1415.0,-0.99990E+01
2016,4,25,18.24195,36.7093,-97.4867,1415.0,-0.99990E+01
2016,4,25,18.24222,36.7107,-97.4868,1415.0,-0.99990E+01
2016,4,25,18.24250,36.7113,-97.4868,1415.0,-0.99990E+01
2016,4,25,18.24278,36.7123,-97.4868,1414.0,-0.99990E+01
2016,4,25,18.24306,36.7135,-97.4868,1414.0,-0.99990E+01
2016,4,25,18.24333,36.7143,-97.4868,1413.0,-0.99990E+01
2016,4,25,18.24361,36.7153,-97.4870,1412.0,-0.99990E+01
2016,4,25,18.24389,36.7167,-97.4870,1410.0,-0.99990E+01
2016,4,25,18.24417,36.7175,-97.4870,1409.0,-0.99990E+01
2016,4,25,18.24444,36.7183,-97.4870,1407.0,-0.99990E+01
2016,4,25,18.24472,36.7193,-97.4870,1406.0,-0.99990E+01
2016,4,25,18.24500,36.7205,-97.4872,1404.0,-0.99990E+01
2016,4,25,18.24528,36.7215,-97.4872,1403.0,-0.99990E+01
2016,4,25,18.24556,36.7227,-97.4872,1402.0,-0.99990E+01
2016,4,25,18.24583,36.7235,-97.4872,1402.0,-0.99990E+01
2016,4,25,18.24611,36.7245,-97.4873,1402.0,-0.99990E+01
2016,4,25,18.24639,36.7255,-97.4873,1401.0,-0.99990E+01
2016,4,25,18.24667,36.7265,-97.4873,1401.0,-0.99990E+01
2016,4,25,18.24694,36.7275,-97.4873,1400.0,-0.99990E+01
2016,4,25,18.24722,36.7287,-97.4873,1400.0,-0.99990E+01
2016,4,25,18.24750,36.7295,-97.4873,1400.0,-0.99990E+01
2016,4,25,18.24778,36.7305,-97.4875,1400.0,-0.99990E+01
2016,4,25,18.24806,36.7317,-97.4875,1400.0,-0.99990E+01
2016,4,25,18.24833,36.7325,-97.4875,1400.0,-0.99990E+01
2016,4,25,18.24861,36.7335,-97.4875,1401.0,-0.99990E+01
2016,4,25,18.24889,36.7345,-97.4875,1402.0,-0.99990E+01
2016,4,25,18.24917,36.7355,-97.4877,1403.0,-0.99990E+01
2016,4,25,18.24944,36.7365,-97.4877,1404.0,-0.99990E+01
2016,4,25,18.24972,36.7377,-97.4877,1405.0,-0.99990E+01
2016,4,25,18.25000,36.7385,-97.4877,1406.0,-0.99990E+01
2016,4,25,18.25028,36.7395,-97.4877,1407.0,-0.99990E+01
2016,4,25,18.25056,36.7408,-97.4878,1408.0,-0.99990E+01
2016,4,25,18.25083,36.7415,-97.4878,1408.0,-0.99990E+01
2016,4,25,18.25111,36.7425,-97.4878,1409.0,-0.99990E+01
2016,4,25,18.25139,36.7437,-97.4878,1409.0,-0.99990E+01
2016,4,25,18.25167,36.7445,-97.4878,1410.0,-0.99990E+01
2016,4,25,18.25194,36.7455,-97.4878,1409.0,-0.99990E+01
2016,4,25,18.25222,36.7467,-97.4878,1409.0,-0.99990E+01
2016,4,25,18.25250,36.7477,-97.4878,1409.0,-0.99990E+01
2016,4,25,18.25278,36.7487,-97.4878,1408.0,-0.99990E+01
2016,4,25,18.25306,36.7497,-97.4877,1408.0,-0.99990E+01
2016,4,25,18.25333,36.7507,-97.4877,1407.0,-0.99990E+01
2016,4,25,18.25361,36.7517,-97.4877,1407.0,-0.99990E+01
2016,4,25,18.25389,36.7527,-97.4877,1407.0,-0.99990E+01
2016,4,25,18.25417,36.7535,-97.4877,1407.0,-0.99990E+01
2016,4,25,18.25444,36.7545,-97.4875,1406.0,-0.99990E+01
2016,4,25,18.25472,36.7557,-97.4875,1406.0,-0.99990E+01
2016,4,25,18.25500,36.7565,-97.4875,1406.0,-0.99990E+01
2016,4,25,18.25528,36.7575,-97.4875,1406.0,-0.99990E+01
2016,4,25,18.25556,36.7587,-97.4873,1406.0,-0.99990E+01
2016,4,25,18.25583,36.7597,-97.4873,1406.0,-0.99990E+01
2016,4,25,18.25611,36.7605,-97.4873,1406.0,-0.99990E+01
2016,4,25,18.25639,36.7617,-97.4873,1407.0,-0.99990E+01
2016,4,25,18.25667,36.7627,-97.4872,1407.0,-0.99990E+01
2016,4,25,18.25694,36.7635,-97.4872,1407.0,-0.99990E+01
2016,4,25,18.25722,36.7647,-97.4872,1408.0,-0.99990E+01
2016,4,25,18.25750,36.7655,-97.4870,1408.0,-0.99990E+01
2016,4,25,18.25778,36.7665,-97.4870,1408.0,-0.99990E+01
2016,4,25,18.25805,36.7675,-97.4870,1408.0,-0.99990E+01
2016,4,25,18.25833,36.7685,-97.4868,1408.0,-0.99990E+01
2016,4,25,18.25861,36.7695,-97.4868,1408.0,-0.99990E+01
2016,4,25,18.25889,36.7707,-97.4868,1408.0,-0.99990E+01
2016,4,25,18.25917,36.7715,-97.4867,1408.0,-0.99990E+01
2016,4,25,18.25945,36.7725,-97.4867,1408.0,-0.99990E+01
2016,4,25,18.25972,36.7735,-97.4867,1408.0,-0.99990E+01
2016,4,25,18.26000,36.7745,-97.4865,1407.0,-0.99990E+01
2016,4,25,18.26028,36.7757,-97.4865,1407.0,-0.99990E+01
2016,4,25,18.26056,36.7767,-97.4865,1406.0,-0.99990E+01
2016,4,25,18.26083,36.7775,-97.4863,1406.0,-0.99990E+01
2016,4,25,18.26111,36.7787,-97.4863,1405.0,-0.99990E+01
2016,4,25,18.26139,36.7795,-97.4863,1405.0,-0.99990E+01
2016,4,25,18.26167,36.7805,-97.4862,1404.0,-0.99990E+01
2016,4,25,18.26194,36.7817,-97.4862,1404.0,-0.99990E+01
2016,4,25,18.26222,36.7827,-97.4862,1403.0,-0.99990E+01
2016,4,25,18.26250,36.7835,-97.4860,1402.0,-0.99990E+01
2016,4,25,18.26278,36.7845,-97.4860,1401.0,-0.99990E+01
2016,4,25,18.26306,36.7855,-97.4860,1401.0,-0.99990E+01
2016,4,25,18.26333,36.7865,-97.4858,1400.0,-0.99990E+01
2016,4,25,18.26361,36.7875,-97.4858,1400.0,-0.99990E+01
2016,4,25,18.26389,36.7885,-97.4858,1400.0,-0.99990E+01
2016,4,25,18.26417,36.7895,-97.4857,1401.0,-0.99990E+01
2016,4,25,18.26444,36.7905,-97.4857,1401.0,-0.99990E+01
2016,4,25,18.26472,36.7915,-97.4857,1402.0,-0.99990E+01
2016,4,25,18.26500,36.7925,-97.4855,1403.0,-0.99990E+01
2016,4,25,18.26528,36.7935,-97.4855,1405.0,-0.99990E+01
2016,4,25,18.26556,36.7943,-97.4855,1406.0,-0.99990E+01
2016,4,25,18.26583,36.7955,-97.4853,1408.0,-0.99990E+01
2016,4,25,18.26611,36.7965,-97.4853,1410.0,-0.99990E+01
2016,4,25,18.26639,36.7973,-97.4853,1411.0,-0.99990E+01
2016,4,25,18.26667,36.7983,-97.4852,1413.0,-0.99990E+01
2016,4,25,18.26694,36.7995,-97.4852,1413.0,-0.99990E+01
2016,4,25,18.26722,36.8003,-97.4852,1413.0,-0.99990E+01
2016,4,25,18.26750,36.8013,-97.4850,1413.0,-0.99990E+01
2016,4,25,18.26778,36.8025,-97.4850,1413.0,-0.99990E+01
2016,4,25,18.26805,36.8035,-97.4850,1412.0,-0.99990E+01
2016,4,25,18.26833,36.8043,-97.4848,1412.0,-0.99990E+01
2016,4,25,18.26861,36.8053,-97.4848,1412.0,-0.99990E+01
2016,4,25,18.26889,36.8065,-97.4847,1411.0,-0.99990E+01
2016,4,25,18.26917,36.8075,-97.4847,1410.0,-0.99990E+01
2016,4,25,18.26944,36.8085,-97.4847,1409.0,-0.99990E+01
2016,4,25,18.26972,36.8093,-97.4845,1408.0,-0.99990E+01
2016,4,25,18.27000,36.8105,-97.4845,1407.0,-0.99990E+01
2016,4,25,18.27028,36.8113,-97.4845,1405.0,-0.99990E+01
2016,4,25,18.27056,36.8127,-97.4843,1404.0,-0.99990E+01
2016,4,25,18.27083,36.8133,-97.4843,1403.0,-0.99990E+01
2016,4,25,18.27111,36.8143,-97.4843,1402.0,-0.99990E+01
2016,4,25,18.27139,36.8155,-97.4843,1400.0,-0.99990E+01
2016,4,25,18.27166,36.8165,-97.4842,1399.0,-0.99990E+01
2016,4,25,18.27194,36.8175,-97.4842,1399.0,-0.99990E+01
2016,4,25,18.27222,36.8185,-97.4842,1398.0,-0.99990E+01
2016,4,25,18.27250,36.8195,-97.4840,1398.0,-0.99990E+01
2016,4,25,18.27278,36.8205,-97.4840,1398.0,-0.99990E+01
2016,4,25,18.27306,36.8215,-97.4840,1399.0,-0.99990E+01
2016,4,25,18.27333,36.8225,-97.4838,1400.0,-0.99990E+01
2016,4,25,18.27361,36.8235,-97.4838,1401.0,-0.99990E+01
2016,4,25,18.27389,36.8245,-97.4838,1402.0,-0.99990E+01
2016,4,25,18.27417,36.8255,-97.4838,1403.0,-0.99990E+01
2016,4,25,18.27444,36.8265,-97.4837,1404.0,-0.99990E+01
2016,4,25,18.27472,36.8275,-97.4837,1404.0,-0.99990E+01
2016,4,25,18.27500,36.8285,-97.4837,1404.0,-0.99990E+01
2016,4,25,18.27528,36.8293,-97.4835,1403.0,-0.99990E+01
2016,4,25,18.27555,36.8307,-97.4835,1403.0,-0.99990E+01
2016,4,25,18.27583,36.8313,-97.4835,1403.0,-0.99990E+01
2016,4,25,18.27611,36.8323,-97.4833,1403.0,-0.99990E+01
2016,4,25,18.27639,36.8335,-97.4833,1403.0,-0.99990E+01
2016,4,25,18.27667,36.8343,-97.4833,1403.0,-0.99990E+01
2016,4,25,18.27695,36.8353,-97.4833,1403.0,-0.99990E+01
2016,4,25,18.27722,36.8365,-97.4833,1401.0,-0.99990E+01
2016,4,25,18.27750,36.8373,-97.4835,1398.0,-0.99990E+01
2016,4,25,18.27778,36.8383,-97.4835,1394.0,-0.99990E+01
2016,4,25,18.27806,36.8393,-97.4837,1390.0,-0.99990E+01
2016,4,25,18.27833,36.8403,-97.4838,1385.0,-0.99990E+01
2016,4,25,18.27861,36.8413,-97.4842,1379.0,-0.99990E+01
2016,4,25,18.27889,36.8422,-97.4845,1375.0,-0.99990E+01
2016,4,25,18.27917,36.8430,-97.4848,1370.0,-0.99990E+01
2016,4,25,18.27944,36.8440,-97.4853,1365.0,-0.99990E+01
2016,4,25,18.27972,36.8450,-97.4858,1360.0,-0.99990E+01
2016,4,25,18.28000,36.8458,-97.4863,1356.0,-0.99990E+01
2016,4,25,18.28028,36.8467,-97.4870,1349.0,-0.99990E+01
2016,4,25,18.28056,36.8475,-97.4877,1344.0,-0.99990E+01
2016,4,25,18.28083,36.8483,-97.4883,1339.0,-0.99990E+01
2016,4,25,18.28111,36.8492,-97.4890,1333.0,-0.99990E+01
2016,4,25,18.28139,36.8498,-97.4898,1329.0,-0.99990E+01
2016,4,25,18.28167,36.8505,-97.4905,1324.0,-0.99990E+01
2016,4,25,18.28194,36.8513,-97.4915,1319.0,-0.99990E+01
2016,4,25,18.28222,36.8520,-97.4923,1315.0,-0.99990E+01
2016,4,25,18.28250,36.8525,-97.4932,1311.0,-0.99990E+01
2016,4,25,18.28278,36.8532,-97.4943,1307.0,-0.99990E+01
2016,4,25,18.28305,36.8537,-97.4952,1304.0,-0.99990E+01
2016,4,25,18.28333,36.8542,-97.4962,1301.0,-0.99990E+01
2016,4,25,18.28361,36.8548,-97.4975,1297.0,-0.99990E+01
2016,4,25,18.28389,36.8552,-97.4985,1293.0,-0.99990E+01
2016,4,25,18.28417,36.8555,-97.4995,1290.0,-0.99990E+01
2016,4,25,18.28444,36.8560,-97.5007,1286.0,-0.99990E+01
2016,4,25,18.28472,36.8562,-97.5017,1282.0,-0.99990E+01
2016,4,25,18.28500,36.8565,-97.5028,1278.0,-0.99990E+01
2016,4,25,18.28528,36.8568,-97.5042,1273.0,-0.99990E+01
2016,4,25,18.28555,36.8570,-97.5052,1270.0,-0.99990E+01
2016,4,25,18.28583,36.8572,-97.5063,1266.0,-0.99990E+01
2016,4,25,18.28611,36.8573,-97.5077,1262.0,-0.99990E+01
2016,4,25,18.28639,36.8575,-97.5087,1259.0,-0.99990E+01
2016,4,25,18.28667,36.8577,-97.5100,1255.0,-0.99990E+01
2016,4,25,18.28695,36.8578,-97.5112,1252.0,-0.99990E+01
2016,4,25,18.28722,36.8580,-97.5122,1249.0,-0.99990E+01
2016,4,25,18.28750,36.8580,-97.5133,1246.0,-0.99990E+01
2016,4,25,18.28778,36.8582,-97.5145,1243.0,-0.99990E+01
2016,4,25,18.28806,36.8583,-97.5157,1241.0,-0.99990E+01
2016,4,25,18.28833,36.8585,-97.5168,1237.0,-0.99990E+01
2016,4,25,18.28861,36.8587,-97.5180,1235.0,-0.99990E+01
2016,4,25,18.28889,36.8587,-97.5192,1232.0,-0.99990E+01
2016,4,25,18.28916,36.8590,-97.5203,1228.0,-0.99990E+01
2016,4,25,18.28944,36.8592,-97.5215,1223.0,-0.99990E+01
2016,4,25,18.28972,36.8593,-97.5227,1218.0,-0.99990E+01
2016,4,25,18.29000,36.8597,-97.5238,1212.0,-0.99990E+01
2016,4,25,18.29028,36.8600,-97.5250,1206.0,-0.99990E+01
2016,4,25,18.29056,36.8602,-97.5260,1201.0,-0.99990E+01
2016,4,25,18.29083,36.8607,-97.5273,1196.0,-0.99990E+01
2016,4,25,18.29111,36.8612,-97.5283,1191.0,-0.99990E+01
2016,4,25,18.29139,36.8615,-97.5293,1188.0,-0.99990E+01
2016,4,25,18.29167,36.8622,-97.5305,1185.0,-0.99990E+01
2016,4,25,18.29194,36.8627,-97.5315,1182.0,-0.99990E+01
2016,4,25,18.29222,36.8633,-97.5325,1180.0,-0.99990E+01
2016,4,25,18.29250,36.8638,-97.5333,1177.0,-0.99990E+01
2016,4,25,18.29278,36.8645,-97.5343,1175.0,-0.99990E+01
2016,4,25,18.29306,36.8652,-97.5352,1173.0,-0.99990E+01
2016,4,25,18.29333,36.8660,-97.5360,1170.0,-0.99990E+01
2016,4,25,18.29361,36.8667,-97.5368,1168.0,-0.99990E+01
2016,4,25,18.29389,36.8675,-97.5377,1166.0,-0.99990E+01
2016,4,25,18.29417,36.8683,-97.5383,1164.0,-0.99990E+01
2016,4,25,18.29444,36.8692,-97.5390,1163.0,-0.99990E+01
2016,4,25,18.29472,36.8700,-97.5397,1161.0,-0.99990E+01
2016,4,25,18.29500,36.8708,-97.5403,1159.0,-0.99990E+01
2016,4,25,18.29527,36.8717,-97.5408,1158.0,-0.99990E+01
2016,4,25,18.29556,36.8727,-97.5415,1156.0,-0.99990E+01
2016,4,25,18.29583,36.8735,-97.5418,1154.0,-0.99990E+01
2016,4,25,18.29611,36.8743,-97.5423,1152.0,-0.99990E+01
2016,4,25,18.29639,36.8755,-97.5427,1150.0,-0.99990E+01
2016,4,25,18.29667,36.8765,-97.5430,1149.0,-0.99990E+01
2016,4,25,18.29694,36.8773,-97.5432,1149.0,-0.99990E+01
2016,4,25,18.29722,36.8783,-97.5435,1147.0,-0.99990E+01
2016,4,25,18.29750,36.8793,-97.5437,1146.0,-0.99990E+01
2016,4,25,18.29778,36.8802,-97.5438,1144.0,-0.99990E+01
2016,4,25,18.29806,36.8813,-97.5438,1141.0,-0.99990E+01
2016,4,25,18.29833,36.8823,-97.5440,1139.0,-0.99990E+01
2016,4,25,18.29861,36.8832,-97.5438,1137.0,-0.99990E+01
2016,4,25,18.29889,36.8843,-97.5438,1134.0,-0.99990E+01
2016,4,25,18.29917,36.8852,-97.5437,1131.0,-0.99990E+01
2016,4,25,18.29944,36.8862,-97.5435,1128.0,-0.99990E+01
2016,4,25,18.29972,36.8872,-97.5433,1125.0,-0.99990E+01
2016,4,25,18.30000,36.8882,-97.5430,1122.0,-0.99990E+01
2016,4,25,18.30028,36.8892,-97.5427,1119.0,-0.99990E+01
2016,4,25,18.30055,36.8902,-97.5423,1116.0,-0.99990E+01
2016,4,25,18.30083,36.8910,-97.5420,1114.0,-0.99990E+01
2016,4,25,18.30111,36.8920,-97.5415,1112.0,-0.99990E+01
2016,4,25,18.30139,36.8928,-97.5408,1110.0,-0.99990E+01
2016,4,25,18.30167,36.8937,-97.5403,1109.0,-0.99990E+01
2016,4,25,18.30194,36.8945,-97.5398,1108.0,-0.99990E+01
2016,4,25,18.30222,36.8953,-97.5390,1107.0,-0.99990E+01
2016,4,25,18.30250,36.8962,-97.5383,1106.0,-0.99990E+01
2016,4,25,18.30278,36.8968,-97.5377,1106.0,-0.99990E+01
2016,4,25,18.30305,36.8975,-97.5368,1104.0,-0.99990E+01
2016,4,25,18.30333,36.8983,-97.5360,1104.0,-0.99990E+01
2016,4,25,18.30361,36.8990,-97.5350,1103.0,-0.99990E+01
2016,4,25,18.30389,36.8997,-97.5342,1103.0,-0.99990E+01
2016,4,25,18.30417,36.9002,-97.5335,1102.0,-0.99990E+01
2016,4,25,18.30445,36.9007,-97.5325,1102.0,-0.99990E+01
2016,4,25,18.30472,36.9013,-97.5315,1101.0,-0.99990E+01
2016,4,25,18.30500,36.9017,-97.5307,1100.0,-0.99990E+01
2016,4,25,18.30528,36.9022,-97.5295,1099.0,-0.99990E+01
2016,4,25,18.30556,36.9027,-97.5287,1098.0,-0.99990E+01
2016,4,25,18.30583,36.9030,-97.5275,1098.0,-0.99990E+01
2016,4,25,18.30611,36.9033,-97.5263,1097.0,-0.99990E+01
2016,4,25,18.30639,36.9035,-97.5253,1098.0,-0.99990E+01
2016,4,25,18.30667,36.9038,-97.5243,1098.0,-0.99990E+01
2016,4,25,18.30694,36.9040,-97.5232,1099.0,-0.99990E+01
2016,4,25,18.30722,36.9042,-97.5222,1100.0,-0.99990E+01
2016,4,25,18.30750,36.9043,-97.5210,1100.0,-0.99990E+01
2016,4,25,18.30778,36.9043,-97.5198,1101.0,-0.99990E+01
2016,4,25,18.30805,36.9043,-97.5188,1101.0,-0.99990E+01
2016,4,25,18.30833,36.9043,-97.5177,1101.0,-0.99990E+01
2016,4,25,18.30861,36.9043,-97.5165,1101.0,-0.99990E+01
2016,4,25,18.30889,36.9042,-97.5155,1100.0,-0.99990E+01
2016,4,25,18.30917,36.9042,-97.5145,1099.0,-0.99990E+01
2016,4,25,18.30944,36.9040,-97.5135,1097.0,-0.99990E+01
2016,4,25,18.30972,36.9037,-97.5123,1097.0,-0.99990E+01
2016,4,25,18.31000,36.9035,-97.5115,1096.0,-0.99990E+01
2016,4,25,18.31028,36.9032,-97.5102,1094.0,-0.99990E+01
2016,4,25,18.31056,36.9028,-97.5093,1093.0,-0.99990E+01
2016,4,25,18.31083,36.9025,-97.5085,1091.0,-0.99990E+01
2016,4,25,18.31111,36.9020,-97.5075,1090.0,-0.99990E+01
2016,4,25,18.31139,36.9017,-97.5067,1089.0,-0.99990E+01
2016,4,25,18.31167,36.9010,-97.5058,1088.0,-0.99990E+01
2016,4,25,18.31194,36.9005,-97.5048,1088.0,-0.99990E+01
2016,4,25,18.31222,36.9000,-97.5042,1088.0,-0.99990E+01
2016,4,25,18.31250,36.8995,-97.5035,1088.0,-0.99990E+01
2016,4,25,18.31277,36.8988,-97.5028,1088.0,-0.99990E+01
2016,4,25,18.31306,36.8982,-97.5022,1087.0,-0.99990E+01
2016,4,25,18.31333,36.8975,-97.5015,1086.0,-0.99990E+01
2016,4,25,18.31361,36.8967,-97.5010,1085.0,-0.99990E+01
2016,4,25,18.31389,36.8960,-97.5005,1085.0,-0.99990E+01
2016,4,25,18.31417,36.8953,-97.5000,1084.0,-0.99990E+01
2016,4,25,18.31444,36.8945,-97.4995,1084.0,-0.99990E+01
2016,4,25,18.31472,36.8938,-97.4992,1083.0,-0.99990E+01
2016,4,25,18.31500,36.8930,-97.4988,1083.0,-0.99990E+01
2016,4,25,18.31528,36.8923,-97.4987,1083.0,-0.99990E+01
2016,4,25,18.31556,36.8915,-97.4985,1083.0,-0.99990E+01
2016,4,25,18.31583,36.8907,-97.4983,1083.0,-0.99990E+01
2016,4,25,18.31611,36.8898,-97.4982,1083.0,-0.99990E+01
2016,4,25,18.31639,36.8890,-97.4980,1084.0,-0.99990E+01
2016,4,25,18.31667,36.8883,-97.4980,1086.0,-0.99990E+01
2016,4,25,18.31695,36.8873,-97.4980,1088.0,-0.99990E+01
2016,4,25,18.31722,36.8865,-97.4980,1090.0,-0.99990E+01
2016,4,25,18.31750,36.8858,-97.4980,1093.0,-0.99990E+01
2016,4,25,18.31778,36.8850,-97.4980,1096.0,-0.99990E+01
2016,4,25,18.31806,36.8842,-97.4980,1098.0,-0.99990E+01
2016,4,25,18.31833,36.8835,-97.4980,1100.0,-0.99990E+01
2016,4,25,18.31861,36.8825,-97.4980,1102.0,-0.99990E+01
2016,4,25,18.31889,36.8817,-97.4980,1103.0,-0.99990E+01
2016,4,25,18.31917,36.8810,-97.4980,1103.0,-0.99990E+01
2016,4,25,18.31944,36.8802,-97.4978,1103.0,-0.99990E+01
2016,4,25,18.31972,36.8795,-97.4978,1103.0,-0.99990E+01
2016,4,25,18.32000,36.8787,-97.4977,1103.0,-0.99990E+01
2016,4,25,18.32028,36.8778,-97.4975,1104.0,-0.99990E+01
2016,4,25,18.32055,36.8770,-97.4973,1104.0,-0.99990E+01
2016,4,25,18.32084,36.8763,-97.4972,1104.0,-0.99990E+01
2016,4,25,18.32111,36.8755,-97.4968,1103.0,-0.99990E+01
2016,4,25,18.32139,36.8748,-97.4967,1103.0,-0.99990E+01
2016,4,25,18.32167,36.8740,-97.4965,1102.0,-0.99990E+01
2016,4,25,18.32195,36.8732,-97.4963,1100.0,-0.99990E+01
2016,4,25,18.32222,36.8725,-97.4962,1099.0,-0.99990E+01
2016,4,25,18.32250,36.8715,-97.4960,1097.0,-0.99990E+01
2016,4,25,18.32278,36.8708,-97.4958,1095.0,-0.99990E+01
2016,4,25,18.32306,36.8700,-97.4957,1094.0,-0.99990E+01
2016,4,25,18.32333,36.8692,-97.4955,1094.0,-0.99990E+01
2016,4,25,18.32361,36.8685,-97.4955,1094.0,-0.99990E+01
2016,4,25,18.32389,36.8680,-97.4953,1093.0,-0.99990E+01
2016,4,25,18.32417,36.8667,-97.4952,1093.0,-0.99990E+01
2016,4,25,18.32445,36.8660,-97.4950,1093.0,-0.99990E+01
2016,4,25,18.32472,36.8652,-97.4948,1092.0,-0.99990E+01
2016,4,25,18.32500,36.8643,-97.4947,1091.0,-0.99990E+01
2016,4,25,18.32528,36.8637,-97.4945,1090.0,-0.99990E+01
2016,4,25,18.32556,36.8628,-97.4942,1089.0,-0.99990E+01
2016,4,25,18.32583,36.8618,-97.4940,1089.0,-0.99990E+01
2016,4,25,18.32611,36.8612,-97.4938,1088.0,-0.99990E+01
2016,4,25,18.32639,36.8603,-97.4937,1088.0,-0.99990E+01
2016,4,25,18.32667,36.8595,-97.4935,1087.0,-0.99990E+01
2016,4,25,18.32695,36.8587,-97.4932,1087.0,-0.99990E+01
2016,4,25,18.32722,36.8580,-97.4930,1087.0,-0.99990E+01
2016,4,25,18.32750,36.8570,-97.4928,1088.0,-0.99990E+01
2016,4,25,18.32778,36.8563,-97.4927,1089.0,-0.99990E+01
2016,4,25,18.32806,36.8555,-97.4925,1090.0,-0.99990E+01
2016,4,25,18.32833,36.8547,-97.4923,1092.0,-0.99990E+01
2016,4,25,18.32861,36.8538,-97.4922,1093.0,-0.99990E+01
2016,4,25,18.32889,36.8532,-97.4918,1094.0,-0.99990E+01
2016,4,25,18.32917,36.8523,-97.4917,1095.0,-0.99990E+01
2016,4,25,18.32944,36.8515,-97.4915,1096.0,-0.99990E+01
2016,4,25,18.32973,36.8508,-97.4913,1097.0,-0.99990E+01
2016,4,25,18.33000,36.8498,-97.4910,1097.0,-0.99990E+01
2016,4,25,18.33028,36.8492,-97.4908,1097.0,-0.99990E+01
2016,4,25,18.33056,36.8483,-97.4907,1096.0,-0.99990E+01
2016,4,25,18.33083,36.8475,-97.4905,1095.0,-0.99990E+01
2016,4,25,18.33111,36.8468,-97.4902,1094.0,-0.99990E+01
2016,4,25,18.33139,36.8460,-97.4900,1094.0,-0.99990E+01
2016,4,25,18.33167,36.8450,-97.4898,1094.0,-0.99990E+01
2016,4,25,18.33194,36.8443,-97.4897,1095.0,-0.99990E+01
2016,4,25,18.33222,36.8435,-97.4895,1096.0,-0.99990E+01
2016,4,25,18.33250,36.8427,-97.4892,1096.0,-0.99990E+01
2016,4,25,18.33278,36.8420,-97.4890,1096.0,-0.99990E+01
2016,4,25,18.33306,36.8410,-97.4888,1094.0,-0.99990E+01
2016,4,25,18.33333,36.8403,-97.4887,1092.0,-0.99990E+01
2016,4,25,18.33361,36.8395,-97.4883,1091.0,-0.99990E+01
2016,4,25,18.33389,36.8385,-97.4882,1090.0,-0.99990E+01
2016,4,25,18.33417,36.8378,-97.4880,1090.0,-0.99990E+01
2016,4,25,18.33445,36.8370,-97.4877,1089.0,-0.99990E+01
2016,4,25,18.33472,36.8362,-97.4875,1088.0,-0.99990E+01
2016,4,25,18.33500,36.8353,-97.4873,1087.0,-0.99990E+01
2016,4,25,18.33528,36.8345,-97.4870,1087.0,-0.99990E+01
2016,4,25,18.33556,36.8337,-97.4868,1086.0,-0.99990E+01
2016,4,25,18.33584,36.8330,-97.4867,1086.0,-0.99990E+01
2016,4,25,18.33611,36.8322,-97.4865,1086.0,-0.99990E+01
2016,4,25,18.33639,36.8313,-97.4862,1086.0,-0.99990E+01
2016,4,25,18.33667,36.8305,-97.4860,1086.0,-0.99990E+01
2016,4,25,18.33694,36.8298,-97.4860,1087.0,-0.99990E+01
2016,4,25,18.33722,36.8288,-97.4858,1087.0,-0.99990E+01
2016,4,25,18.33750,36.8282,-97.4857,1087.0,-0.99990E+01
2016,4,25,18.33778,36.8273,-97.4857,1086.0,-0.99990E+01
2016,4,25,18.33805,36.8263,-97.4857,1085.0,-0.99990E+01
2016,4,25,18.33833,36.8257,-97.4857,1085.0,-0.99990E+01
2016,4,25,18.33861,36.8248,-97.4857,1085.0,-0.99990E+01
2016,4,25,18.33889,36.8240,-97.4858,1085.0,-0.99990E+01
2016,4,25,18.33917,36.8232,-97.4858,1086.0,-0.99990E+01
2016,4,25,18.33945,36.8223,-97.4860,1087.0,-0.99990E+01
2016,4,25,18.33972,36.8215,-97.4860,1087.0,-0.99990E+01
2016,4,25,18.34000,36.8207,-97.4860,1088.0,-0.99990E+01
2016,4,25,18.34028,36.8200,-97.4862,1089.0,-0.99990E+01
2016,4,25,18.34056,36.8192,-97.4862,1089.0,-0.99990E+01
2016,4,25,18.34083,36.8183,-97.4863,1089.0,-0.99990E+01
2016,4,25,18.34111,36.8175,-97.4863,1088.0,-0.99990E+01
2016,4,25,18.34139,36.8167,-97.4863,1088.0,-0.99990E+01
2016,4,25,18.34167,36.8158,-97.4863,1088.0,-0.99990E+01
2016,4,25,18.34195,36.8152,-97.4863,1088.0,-0.99990E+01
2016,4,25,18.34222,36.8142,-97.4863,1088.0,-0.99990E+01
2016,4,25,18.34250,36.8135,-97.4863,1089.0,-0.99990E+01
2016,4,25,18.34278,36.8127,-97.4863,1089.0,-0.99990E+01
2016,4,25,18.34306,36.8118,-97.4863,1090.0,-0.99990E+01
2016,4,25,18.34333,36.8110,-97.4863,1091.0,-0.99990E+01
2016,4,25,18.34361,36.8102,-97.4862,1092.0,-0.99990E+01
2016,4,25,18.34389,36.8093,-97.4862,1094.0,-0.99990E+01
2016,4,25,18.34417,36.8085,-97.4862,1095.0,-0.99990E+01
2016,4,25,18.34444,36.8077,-97.4862,1095.0,-0.99990E+01
2016,4,25,18.34472,36.8068,-97.4862,1095.0,-0.99990E+01
2016,4,25,18.34500,36.8062,-97.4860,1094.0,-0.99990E+01
2016,4,25,18.34528,36.8053,-97.4860,1093.0,-0.99990E+01
2016,4,25,18.34556,36.8043,-97.4860,1091.0,-0.99990E+01
2016,4,25,18.34583,36.8037,-97.4858,1089.0,-0.99990E+01
2016,4,25,18.34611,36.8030,-97.4858,1088.0,-0.99990E+01
2016,4,25,18.34639,36.8020,-97.4858,1086.0,-0.99990E+01
2016,4,25,18.34667,36.8013,-97.4858,1085.0,-0.99990E+01
2016,4,25,18.34694,36.8005,-97.4857,1084.0,-0.99990E+01
2016,4,25,18.34722,36.7997,-97.4857,1083.0,-0.99990E+01
2016,4,25,18.34750,36.7988,-97.4857,1083.0,-0.99990E+01
2016,4,25,18.34778,36.7980,-97.4855,1083.0,-0.99990E+01
2016,4,25,18.34806,36.7972,-97.4855,1084.0,-0.99990E+01
2016,4,25,18.34833,36.7965,-97.4855,1084.0,-0.99990E+01
2016,4,25,18.34861,36.7957,-97.4853,1085.0,-0.99990E+01
2016,4,25,18.34889,36.7948,-97.4853,1086.0,-0.99990E+01
2016,4,25,18.34917,36.7940,-97.4852,1087.0,-0.99990E+01
2016,4,25,18.34945,36.7932,-97.4852,1087.0,-0.99990E+01
2016,4,25,18.34972,36.7923,-97.4852,1088.0,-0.99990E+01
2016,4,25,18.35000,36.7917,-97.4850,1089.0,-0.99990E+01
2016,4,25,18.35028,36.7908,-97.4850,1090.0,-0.99990E+01
2016,4,25,18.35056,36.7898,-97.4848,1092.0,-0.99990E+01
2016,4,25,18.35083,36.7892,-97.4848,1093.0,-0.99990E+01
2016,4,25,18.35111,36.7883,-97.4848,1096.0,-0.99990E+01
2016,4,25,18.35139,36.7875,-97.4847,1098.0,-0.99990E+01
2016,4,25,18.35167,36.7867,-97.4847,1098.0,-0.99990E+01
2016,4,25,18.35194,36.7858,-97.4847,1098.0,-0.99990E+01
2016,4,25,18.35222,36.7852,-97.4845,1097.0,-0.99990E+01
2016,4,25,18.35250,36.7842,-97.4845,1096.0,-0.99990E+01
2016,4,25,18.35278,36.7835,-97.4845,1095.0,-0.99990E+01
2016,4,25,18.35306,36.7827,-97.4843,1093.0,-0.99990E+01
2016,4,25,18.35334,36.7818,-97.4843,1092.0,-0.99990E+01
2016,4,25,18.35361,36.7810,-97.4843,1090.0,-0.99990E+01
2016,4,25,18.35389,36.7800,-97.4842,1088.0,-0.99990E+01
2016,4,25,18.35417,36.7793,-97.4842,1087.0,-0.99990E+01
2016,4,25,18.35444,36.7787,-97.4842,1086.0,-0.99990E+01
2016,4,25,18.35472,36.7777,-97.4840,1084.0,-0.99990E+01
2016,4,25,18.35500,36.7768,-97.4840,1083.0,-0.99990E+01
2016,4,25,18.35528,36.7762,-97.4838,1082.0,-0.99990E+01
2016,4,25,18.35556,36.7752,-97.4838,1081.0,-0.99990E+01
2016,4,25,18.35583,36.7743,-97.4838,1080.0,-0.99990E+01
2016,4,25,18.35611,36.7737,-97.4837,1080.0,-0.99990E+01
2016,4,25,18.35639,36.7728,-97.4837,1079.0,-0.99990E+01
2016,4,25,18.35667,36.7720,-97.4837,1080.0,-0.99990E+01
2016,4,25,18.35695,36.7712,-97.4835,1080.0,-0.99990E+01
2016,4,25,18.35722,36.7703,-97.4835,1081.0,-0.99990E+01
2016,4,25,18.35750,36.7695,-97.4835,1082.0,-0.99990E+01
2016,4,25,18.35778,36.7688,-97.4835,1083.0,-0.99990E+01
2016,4,25,18.35806,36.7678,-97.4833,1084.0,-0.99990E+01
2016,4,25,18.35833,36.7670,-97.4833,1085.0,-0.99990E+01
2016,4,25,18.35861,36.7663,-97.4833,1085.0,-0.99990E+01
2016,4,25,18.35889,36.7653,-97.4832,1086.0,-0.99990E+01
2016,4,25,18.35917,36.7647,-97.4832,1087.0,-0.99990E+01
2016,4,25,18.35945,36.7638,-97.4832,1087.0,-0.99990E+01
2016,4,25,18.35972,36.7630,-97.4830,1088.0,-0.99990E+01
2016,4,25,18.36000,36.7622,-97.4830,1088.0,-0.99990E+01
2016,4,25,18.36028,36.7613,-97.4830,1089.0,-0.99990E+01
2016,4,25,18.36056,36.7605,-97.4830,1090.0,-0.99990E+01
2016,4,25,18.36083,36.7598,-97.4830,1090.0,-0.99990E+01
2016,4,25,18.36111,36.7588,-97.4828,1091.0,-0.99990E+01
2016,4,25,18.36139,36.7582,-97.4828,1091.0,-0.99990E+01
2016,4,25,18.36167,36.7572,-97.4828,1092.0,-0.99990E+01
2016,4,25,18.36194,36.7565,-97.4828,1093.0,-0.99990E+01
2016,4,25,18.36222,36.7557,-97.4828,1093.0,-0.99990E+01
2016,4,25,18.36250,36.7548,-97.4828,1094.0,-0.99990E+01
2016,4,25,18.36278,36.7542,-97.4828,1094.0,-0.99990E+01
2016,4,25,18.36306,36.7533,-97.4828,1094.0,-0.99990E+01
2016,4,25,18.36333,36.7525,-97.4828,1094.0,-0.99990E+01
2016,4,25,18.36361,36.7517,-97.4828,1093.0,-0.99990E+01
2016,4,25,18.36389,36.7510,-97.4828,1093.0,-0.99990E+01
2016,4,25,18.36417,36.7502,-97.4828,1092.0,-0.99990E+01
2016,4,25,18.36444,36.7492,-97.4827,1091.0,-0.99990E+01
2016,4,25,18.36472,36.7485,-97.4827,1090.0,-0.99990E+01
2016,4,25,18.36500,36.7477,-97.4827,1088.0,-0.99990E+01
2016,4,25,18.36528,36.7468,-97.4827,1087.0,-0.99990E+01
2016,4,25,18.36556,36.7460,-97.4827,1086.0,-0.99990E+01
2016,4,25,18.36583,36.7452,-97.4827,1084.0,-0.99990E+01
2016,4,25,18.36611,36.7445,-97.4827,1083.0,-0.99990E+01
2016,4,25,18.36639,36.7437,-97.4827,1082.0,-0.99990E+01
2016,4,25,18.36667,36.7427,-97.4827,1081.0,-0.99990E+01
2016,4,25,18.36695,36.7420,-97.4827,1080.0,-0.99990E+01
2016,4,25,18.36722,36.7412,-97.4827,1079.0,-0.99990E+01
2016,4,25,18.36750,36.7402,-97.4827,1078.0,-0.99990E+01
2016,4,25,18.36778,36.7395,-97.4825,1078.0,-0.99990E+01
2016,4,25,18.36806,36.7387,-97.4825,1079.0,-0.99990E+01
2016,4,25,18.36833,36.7378,-97.4825,1079.0,-0.99990E+01
2016,4,25,18.36861,36.7370,-97.4825,1079.0,-0.99990E+01
2016,4,25,18.36889,36.7362,-97.4825,1080.0,-0.99990E+01
2016,4,25,18.36917,36.7353,-97.4825,1080.0,-0.99990E+01
2016,4,25,18.36944,36.7345,-97.4825,1081.0,-0.99990E+01
2016,4,25,18.36972,36.7338,-97.4825,1081.0,-0.99990E+01
2016,4,25,18.37000,36.7328,-97.4825,1081.0,-0.99990E+01
2016,4,25,18.37028,36.7322,-97.4825,1081.0,-0.99990E+01
2016,4,25,18.37056,36.7313,-97.4825,1081.0,-0.99990E+01
2016,4,25,18.37083,36.7305,-97.4825,1080.0,-0.99990E+01
2016,4,25,18.37111,36.7298,-97.4825,1080.0,-0.99990E+01
2016,4,25,18.37139,36.7290,-97.4825,1080.0,-0.99990E+01
2016,4,25,18.37167,36.7280,-97.4825,1081.0,-0.99990E+01
2016,4,25,18.37194,36.7273,-97.4825,1081.0,-0.99990E+01
2016,4,25,18.37222,36.7265,-97.4823,1082.0,-0.99990E+01
2016,4,25,18.37250,36.7257,-97.4823,1083.0,-0.99990E+01
2016,4,25,18.37278,36.7250,-97.4823,1084.0,-0.99990E+01
2016,4,25,18.37306,36.7242,-97.4823,1085.0,-0.99990E+01
2016,4,25,18.37333,36.7233,-97.4823,1085.0,-0.99990E+01
2016,4,25,18.37361,36.7225,-97.4823,1086.0,-0.99990E+01
2016,4,25,18.37389,36.7220,-97.4823,1086.0,-0.99990E+01
2016,4,25,18.37417,36.7208,-97.4823,1087.0,-0.99990E+01
2016,4,25,18.37444,36.7202,-97.4823,1087.0,-0.99990E+01
2016,4,25,18.37472,36.7193,-97.4823,1087.0,-0.99990E+01
2016,4,25,18.37500,36.7185,-97.4822,1087.0,-0.99990E+01
2016,4,25,18.37528,36.7177,-97.4822,1086.0,-0.99990E+01
2016,4,25,18.37556,36.7170,-97.4822,1086.0,-0.99990E+01
2016,4,25,18.37583,36.7160,-97.4822,1085.0,-0.99990E+01
2016,4,25,18.37611,36.7153,-97.4822,1085.0,-0.99990E+01
2016,4,25,18.37639,36.7145,-97.4822,1084.0,-0.99990E+01
2016,4,25,18.37667,36.7137,-97.4822,1083.0,-0.99990E+01
2016,4,25,18.37694,36.7128,-97.4822,1083.0,-0.99990E+01
2016,4,25,18.37722,36.7122,-97.4822,1083.0,-0.99990E+01
2016,4,25,18.37750,36.7112,-97.4822,1083.0,-0.99990E+01
2016,4,25,18.37778,36.7105,-97.4822,1083.0,-0.99990E+01
2016,4,25,18.37806,36.7097,-97.4822,1083.0,-0.99990E+01
2016,4,25,18.37833,36.7088,-97.4822,1083.0,-0.99990E+01
2016,4,25,18.37861,36.7082,-97.4822,1083.0,-0.99990E+01
2016,4,25,18.37889,36.7072,-97.4822,1082.0,-0.99990E+01
2016,4,25,18.37917,36.7065,-97.4822,1082.0,-0.99990E+01
2016,4,25,18.37944,36.7057,-97.4820,1082.0,-0.99990E+01
2016,4,25,18.37972,36.7048,-97.4820,1082.0,-0.99990E+01
2016,4,25,18.38000,36.7042,-97.4820,1081.0,-0.99990E+01
2016,4,25,18.38028,36.7033,-97.4820,1082.0,-0.99990E+01
2016,4,25,18.38056,36.7025,-97.4820,1082.0,-0.99990E+01
2016,4,25,18.38083,36.7017,-97.4820,1083.0,-0.99990E+01
2016,4,25,18.38111,36.7010,-97.4820,1084.0,-0.99990E+01
2016,4,25,18.38139,36.7000,-97.4820,1086.0,-0.99990E+01
2016,4,25,18.38167,36.6993,-97.4820,1087.0,-0.99990E+01
2016,4,25,18.38194,36.6985,-97.4818,1088.0,-0.99990E+01
2016,4,25,18.38222,36.6978,-97.4818,1089.0,-0.99990E+01
2016,4,25,18.38250,36.6970,-97.4818,1089.0,-0.99990E+01
2016,4,25,18.38278,36.6962,-97.4818,1088.0,-0.99990E+01
2016,4,25,18.38305,36.6953,-97.4818,1088.0,-0.99990E+01
2016,4,25,18.38333,36.6945,-97.4818,1088.0,-0.99990E+01
2016,4,25,18.38361,36.6937,-97.4818,1088.0,-0.99990E+01
2016,4,25,18.38389,36.6928,-97.4817,1089.0,-0.99990E+01
2016,4,25,18.38417,36.6922,-97.4817,1090.0,-0.99990E+01
2016,4,25,18.38445,36.6913,-97.4817,1090.0,-0.99990E+01
2016,4,25,18.38472,36.6905,-97.4817,1090.0,-0.99990E+01
2016,4,25,18.38500,36.6898,-97.4817,1090.0,-0.99990E+01
2016,4,25,18.38528,36.6890,-97.4817,1089.0,-0.99990E+01
2016,4,25,18.38556,36.6882,-97.4815,1088.0,-0.99990E+01
2016,4,25,18.38583,36.6873,-97.4815,1088.0,-0.99990E+01
2016,4,25,18.38611,36.6865,-97.4815,1087.0,-0.99990E+01
2016,4,25,18.38639,36.6858,-97.4815,1086.0,-0.99990E+01
2016,4,25,18.38667,36.6850,-97.4815,1085.0,-0.99990E+01
2016,4,25,18.38694,36.6840,-97.4815,1084.0,-0.99990E+01
2016,4,25,18.38722,36.6832,-97.4813,1083.0,-0.99990E+01
2016,4,25,18.38750,36.6825,-97.4813,1082.0,-0.99990E+01
2016,4,25,18.38778,36.6817,-97.4813,1081.0,-0.99990E+01
2016,4,25,18.38806,36.6808,-97.4813,1080.0,-0.99990E+01
2016,4,25,18.38833,36.6800,-97.4813,1080.0,-0.99990E+01
2016,4,25,18.38861,36.6792,-97.4812,1080.0,-0.99990E+01
2016,4,25,18.38889,36.6783,-97.4812,1080.0,-0.99990E+01
2016,4,25,18.38917,36.6777,-97.4812,1081.0,-0.99990E+01
2016,4,25,18.38944,36.6767,-97.4812,1082.0,-0.99990E+01
2016,4,25,18.38972,36.6760,-97.4812,1082.0,-0.99990E+01
2016,4,25,18.39000,36.6752,-97.4810,1083.0,-0.99990E+01
2016,4,25,18.39028,36.6743,-97.4810,1084.0,-0.99990E+01
2016,4,25,18.39056,36.6735,-97.4810,1084.0,-0.99990E+01
2016,4,25,18.39083,36.6728,-97.4810,1085.0,-0.99990E+01
2016,4,25,18.39111,36.6718,-97.4810,1086.0,-0.99990E+01
2016,4,25,18.39139,36.6712,-97.4810,1087.0,-0.99990E+01
2016,4,25,18.39167,36.6703,-97.4808,1087.0,-0.99990E+01
2016,4,25,18.39194,36.6695,-97.4808,1088.0,-0.99990E+01
2016,4,25,18.39222,36.6687,-97.4808,1088.0,-0.99990E+01
2016,4,25,18.39250,36.6678,-97.4808,1089.0,-0.99990E+01
2016,4,25,18.39278,36.6670,-97.4808,1089.0,-0.99990E+01
2016,4,25,18.39305,36.6663,-97.4807,1089.0,-0.99990E+01
2016,4,25,18.39333,36.6655,-97.4807,1089.0,-0.99990E+01
2016,4,25,18.39361,36.6647,-97.4807,1088.0,-0.99990E+01
2016,4,25,18.39389,36.6637,-97.4807,1088.0,-0.99990E+01
2016,4,25,18.39417,36.6630,-97.4805,1087.0,-0.99990E+01
2016,4,25,18.39444,36.6622,-97.4805,1087.0,-0.99990E+01
2016,4,25,18.39472,36.6615,-97.4805,1087.0,-0.99990E+01
2016,4,25,18.39500,36.6605,-97.4805,1086.0,-0.99990E+01
2016,4,25,18.39528,36.6597,-97.4805,1085.0,-0.99990E+01
2016,4,25,18.39556,36.6588,-97.4805,1085.0,-0.99990E+01
2016,4,25,18.39583,36.6582,-97.4805,1084.0,-0.99990E+01
2016,4,25,18.39611,36.6573,-97.4803,1084.0,-0.99990E+01
2016,4,25,18.39639,36.6567,-97.4803,1083.0,-0.99990E+01
2016,4,25,18.39667,36.6557,-97.4803,1083.0,-0.99990E+01
2016,4,25,18.39694,36.6548,-97.4803,1083.0,-0.99990E+01
2016,4,25,18.39722,36.6542,-97.4803,1083.0,-0.99990E+01
2016,4,25,18.39750,36.6533,-97.4803,1083.0,-0.99990E+01
2016,4,25,18.39778,36.6525,-97.4802,1084.0,-0.99990E+01
2016,4,25,18.39806,36.6517,-97.4802,1084.0,-0.99990E+01
2016,4,25,18.39833,36.6510,-97.4802,1084.0,-0.99990E+01
2016,4,25,18.39861,36.6500,-97.4802,1085.0,-0.99990E+01
2016,4,25,18.39889,36.6493,-97.4802,1085.0,-0.99990E+01
2016,4,25,18.39917,36.6483,-97.4802,1086.0,-0.99990E+01
2016,4,25,18.39944,36.6477,-97.4803,1086.0,-0.99990E+01
2016,4,25,18.39972,36.6468,-97.4803,1087.0,-0.99990E+01
2016,4,25,18.40000,36.6460,-97.4803,1088.0,-0.99990E+01
2016,4,25,18.40028,36.6452,-97.4803,1090.0,-0.99990E+01
2016,4,25,18.40055,36.6443,-97.4803,1090.0,-0.99990E+01
2016,4,25,18.40083,36.6435,-97.4803,1090.0,-0.99990E+01
2016,4,25,18.40111,36.6427,-97.4803,1091.0,-0.99990E+01
2016,4,25,18.40139,36.6420,-97.4803,1092.0,-0.99990E+01
2016,4,25,18.40167,36.6412,-97.4803,1093.0,-0.99990E+01
2016,4,25,18.40194,36.6403,-97.4803,1093.0,-0.99990E+01
2016,4,25,18.40222,36.6395,-97.4805,1093.0,-0.99990E+01
2016,4,25,18.40250,36.6388,-97.4805,1093.0,-0.99990E+01
2016,4,25,18.40278,36.6378,-97.4805,1093.0,-0.99990E+01
2016,4,25,18.40306,36.6372,-97.4805,1093.0,-0.99990E+01
2016,4,25,18.40333,36.6362,-97.4805,1093.0,-0.99990E+01
2016,4,25,18.40361,36.6353,-97.4807,1092.0,-0.99990E+01
2016,4,25,18.40389,36.6347,-97.4807,1091.0,-0.99990E+01
2016,4,25,18.40417,36.6338,-97.4807,1089.0,-0.99990E+01
2016,4,25,18.40444,36.6330,-97.4807,1088.0,-0.99990E+01
2016,4,25,18.40472,36.6322,-97.4807,1087.0,-0.99990E+01
2016,4,25,18.40500,36.6313,-97.4807,1088.0,-0.99990E+01
2016,4,25,18.40528,36.6305,-97.4807,1088.0,-0.99990E+01
2016,4,25,18.40556,36.6297,-97.4808,1089.0,-0.99990E+01
2016,4,25,18.40583,36.6288,-97.4808,1090.0,-0.99990E+01
2016,4,25,18.40611,36.6280,-97.4808,1090.0,-0.99990E+01
2016,4,25,18.40639,36.6272,-97.4808,1090.0,-0.99990E+01
2016,4,25,18.40667,36.6263,-97.4808,1089.0,-0.99990E+01
2016,4,25,18.40694,36.6255,-97.4808,1087.0,-0.99990E+01
2016,4,25,18.40722,36.6247,-97.4808,1085.0,-0.99990E+01
2016,4,25,18.40750,36.6238,-97.4808,1084.0,-0.99990E+01
2016,4,25,18.40778,36.6230,-97.4810,1081.0,-0.99990E+01
2016,4,25,18.40805,36.6222,-97.4810,1080.0,-0.99990E+01
2016,4,25,18.40833,36.6213,-97.4810,1080.0,-0.99990E+01
2016,4,25,18.40861,36.6203,-97.4810,1079.0,-0.99990E+01
2016,4,25,18.40889,36.6195,-97.4812,1079.0,-0.99990E+01
2016,4,25,18.40917,36.6188,-97.4812,1080.0,-0.99990E+01
2016,4,25,18.40944,36.6178,-97.4812,1081.0,-0.99990E+01
2016,4,25,18.40972,36.6172,-97.4812,1082.0,-0.99990E+01
2016,4,25,18.41000,36.6163,-97.4813,1084.0,-0.99990E+01
2016,4,25,18.41028,36.6153,-97.4813,1086.0,-0.99990E+01
2016,4,25,18.41055,36.6145,-97.4813,1087.0,-0.99990E+01
2016,4,25,18.41083,36.6138,-97.4813,1088.0,-0.99990E+01
2016,4,25,18.41111,36.6128,-97.4815,1089.0,-0.99990E+01
2016,4,25,18.41139,36.6122,-97.4815,1090.0,-0.99990E+01
2016,4,25,18.41167,36.6113,-97.4815,1091.0,-0.99990E+01
2016,4,25,18.41195,36.6103,-97.4815,1091.0,-0.99990E+01
2016,4,25,18.41222,36.6095,-97.4815,1092.0,-0.99990E+01
2016,4,25,18.41250,36.6088,-97.4817,1092.0,-0.99990E+01
2016,4,25,18.41278,36.6080,-97.4817,1093.0,-0.99990E+01
2016,4,25,18.41306,36.6072,-97.4817,1093.0,-0.99990E+01
2016,4,25,18.41333,36.6063,-97.4817,1093.0,-0.99990E+01
2016,4,25,18.41361,36.6055,-97.4817,1092.0,-0.99990E+01
2016,4,25,18.41389,36.6047,-97.4817,1092.0,-0.99990E+01
2016,4,25,18.41416,36.6038,-97.4818,1092.0,-0.99990E+01
2016,4,25,18.41444,36.6030,-97.4818,1092.0,-0.99990E+01
2016,4,25,18.41472,36.6022,-97.4818,1092.0,-0.99990E+01
2016,4,25,18.41500,36.6013,-97.4820,1091.0,-0.99990E+01
2016,4,25,18.41528,36.6005,-97.4820,1091.0,-0.99990E+01
2016,4,25,18.41556,36.5997,-97.4820,1090.0,-0.99990E+01
2016,4,25,18.41583,36.5988,-97.4820,1090.0,-0.99990E+01
2016,4,25,18.41611,36.5980,-97.4822,1090.0,-0.99990E+01
2016,4,25,18.41639,36.5972,-97.4822,1091.0,-0.99990E+01
2016,4,25,18.41667,36.5963,-97.4822,1091.0,-0.99990E+01
2016,4,25,18.41694,36.5955,-97.4822,1091.0,-0.99990E+01
2016,4,25,18.41722,36.5947,-97.4822,1090.0,-0.99990E+01
2016,4,25,18.41750,36.5938,-97.4822,1090.0,-0.99990E+01
2016,4,25,18.41778,36.5930,-97.4823,1088.0,-0.99990E+01
2016,4,25,18.41806,36.5922,-97.4823,1087.0,-0.99990E+01
2016,4,25,18.41833,36.5913,-97.4823,1086.0,-0.99990E+01
2016,4,25,18.41861,36.5905,-97.4823,1086.0,-0.99990E+01
2016,4,25,18.41889,36.5897,-97.4825,1085.0,-0.99990E+01
2016,4,25,18.41917,36.5888,-97.4825,1084.0,-0.99990E+01
2016,4,25,18.41944,36.5878,-97.4825,1083.0,-0.99990E+01
2016,4,25,18.41972,36.5872,-97.4825,1082.0,-0.99990E+01
2016,4,25,18.42000,36.5862,-97.4825,1081.0,-0.99990E+01
2016,4,25,18.42027,36.5853,-97.4825,1081.0,-0.99990E+01
2016,4,25,18.42056,36.5845,-97.4827,1080.0,-0.99990E+01
2016,4,25,18.42083,36.5837,-97.4827,1080.0,-0.99990E+01
2016,4,25,18.42111,36.5828,-97.4827,1080.0,-0.99990E+01
2016,4,25,18.42139,36.5820,-97.4827,1081.0,-0.99990E+01
2016,4,25,18.42167,36.5812,-97.4827,1081.0,-0.99990E+01
2016,4,25,18.42194,36.5803,-97.4828,1081.0,-0.99990E+01
2016,4,25,18.42222,36.5795,-97.4828,1082.0,-0.99990E+01
2016,4,25,18.42250,36.5787,-97.4828,1083.0,-0.99990E+01
2016,4,25,18.42278,36.5778,-97.4828,1085.0,-0.99990E+01
2016,4,25,18.42306,36.5770,-97.4828,1086.0,-0.99990E+01
2016,4,25,18.42333,36.5762,-97.4828,1087.0,-0.99990E+01
2016,4,25,18.42361,36.5753,-97.4830,1088.0,-0.99990E+01
2016,4,25,18.42389,36.5745,-97.4830,1088.0,-0.99990E+01
2016,4,25,18.42417,36.5737,-97.4830,1089.0,-0.99990E+01
2016,4,25,18.42444,36.5728,-97.4830,1089.0,-0.99990E+01
2016,4,25,18.42472,36.5720,-97.4830,1089.0,-0.99990E+01
2016,4,25,18.42500,36.5712,-97.4830,1089.0,-0.99990E+01
2016,4,25,18.42528,36.5703,-97.4830,1089.0,-0.99990E+01
2016,4,25,18.42555,36.5695,-97.4830,1089.0,-0.99990E+01
2016,4,25,18.42583,36.5687,-97.4830,1088.0,-0.99990E+01
2016,4,25,18.42611,36.5678,-97.4830,1088.0,-0.99990E+01
2016,4,25,18.42639,36.5670,-97.4830,1088.0,-0.99990E+01
2016,4,25,18.42667,36.5662,-97.4830,1087.0,-0.99990E+01
2016,4,25,18.42694,36.5653,-97.4830,1087.0,-0.99990E+01
2016,4,25,18.42722,36.5645,-97.4830,1086.0,-0.99990E+01
2016,4,25,18.42750,36.5637,-97.4830,1086.0,-0.99990E+01
2016,4,25,18.42778,36.5628,-97.4830,1086.0,-0.99990E+01
2016,4,25,18.42805,36.5620,-97.4828,1086.0,-0.99990E+01
2016,4,25,18.42833,36.5612,-97.4828,1086.0,-0.99990E+01
2016,4,25,18.42861,36.5603,-97.4828,1086.0,-0.99990E+01
2016,4,25,18.42889,36.5595,-97.4828,1086.0,-0.99990E+01
2016,4,25,18.42917,36.5587,-97.4828,1086.0,-0.99990E+01
2016,4,25,18.42945,36.5578,-97.4828,1086.0,-0.99990E+01
2016,4,25,18.42972,36.5570,-97.4828,1086.0,-0.99990E+01
2016,4,25,18.43000,36.5562,-97.4828,1086.0,-0.99990E+01
2016,4,25,18.43028,36.5553,-97.4828,1087.0,-0.99990E+01
2016,4,25,18.43056,36.5545,-97.4828,1088.0,-0.99990E+01
2016,4,25,18.43083,36.5537,-97.4827,1089.0,-0.99990E+01
2016,4,25,18.43111,36.5528,-97.4827,1090.0,-0.99990E+01
2016,4,25,18.43139,36.5520,-97.4827,1092.0,-0.99990E+01
2016,4,25,18.43167,36.5512,-97.4827,1094.0,-0.99990E+01
2016,4,25,18.43194,36.5503,-97.4827,1096.0,-0.99990E+01
2016,4,25,18.43222,36.5498,-97.4827,1096.0,-0.99990E+01
2016,4,25,18.43250,36.5487,-97.4827,1097.0,-0.99990E+01
2016,4,25,18.43278,36.5478,-97.4827,1097.0,-0.99990E+01
2016,4,25,18.43305,36.5470,-97.4827,1095.0,-0.99990E+01
2016,4,25,18.43333,36.5462,-97.4827,1093.0,-0.99990E+01
2016,4,25,18.43361,36.5453,-97.4827,1091.0,-0.99990E+01
2016,4,25,18.43389,36.5445,-97.4827,1089.0,-0.99990E+01
2016,4,25,18.43417,36.5437,-97.4827,1087.0,-0.99990E+01
2016,4,25,18.43444,36.5428,-97.4827,1086.0,-0.99990E+01
2016,4,25,18.43472,36.5420,-97.4827,1084.0,-0.99990E+01
2016,4,25,18.43500,36.5412,-97.4827,1083.0,-0.99990E+01
2016,4,25,18.43528,36.5403,-97.4828,1082.0,-0.99990E+01
2016,4,25,18.43556,36.5395,-97.4828,1082.0,-0.99990E+01
2016,4,25,18.43583,36.5385,-97.4828,1082.0,-0.99990E+01
2016,4,25,18.43611,36.5377,-97.4828,1082.0,-0.99990E+01
2016,4,25,18.43639,36.5370,-97.4828,1083.0,-0.99990E+01
2016,4,25,18.43667,36.5360,-97.4828,1083.0,-0.99990E+01
2016,4,25,18.43694,36.5352,-97.4830,1084.0,-0.99990E+01
2016,4,25,18.43722,36.5343,-97.4830,1084.0,-0.99990E+01
2016,4,25,18.43750,36.5335,-97.4830,1084.0,-0.99990E+01
2016,4,25,18.43777,36.5328,-97.4830,1085.0,-0.99990E+01
2016,4,25,18.43806,36.5320,-97.4830,1085.0,-0.99990E+01
2016,4,25,18.43833,36.5310,-97.4830,1085.0,-0.99990E+01
2016,4,25,18.43861,36.5302,-97.4832,1084.0,-0.99990E+01
2016,4,25,18.43889,36.5293,-97.4832,1084.0,-0.99990E+01
2016,4,25,18.43917,36.5285,-97.4832,1084.0,-0.99990E+01
2016,4,25,18.43944,36.5277,-97.4832,1083.0,-0.99990E+01
2016,4,25,18.43972,36.5268,-97.4832,1083.0,-0.99990E+01
2016,4,25,18.44000,36.5260,-97.4832,1082.0,-0.99990E+01
2016,4,25,18.44028,36.5252,-97.4833,1082.0,-0.99990E+01
2016,4,25,18.44056,36.5243,-97.4833,1082.0,-0.99990E+01
2016,4,25,18.44083,36.5235,-97.4833,1082.0,-0.99990E+01
2016,4,25,18.44111,36.5227,-97.4833,1083.0,-0.99990E+01
2016,4,25,18.44139,36.5218,-97.4833,1084.0,-0.99990E+01
2016,4,25,18.44167,36.5210,-97.4835,1084.0,-0.99990E+01
2016,4,25,18.44194,36.5202,-97.4835,1086.0,-0.99990E+01
2016,4,25,18.44222,36.5193,-97.4835,1087.0,-0.99990E+01
2016,4,25,18.44250,36.5185,-97.4835,1089.0,-0.99990E+01
2016,4,25,18.44278,36.5177,-97.4835,1092.0,-0.99990E+01
2016,4,25,18.44305,36.5168,-97.4837,1094.0,-0.99990E+01
2016,4,25,18.44333,36.5160,-97.4837,1096.0,-0.99990E+01
2016,4,25,18.44361,36.5152,-97.4837,1099.0,-0.99990E+01
2016,4,25,18.44389,36.5143,-97.4837,1100.0,-0.99990E+01
2016,4,25,18.44417,36.5135,-97.4837,1101.0,-0.99990E+01
2016,4,25,18.44444,36.5127,-97.4837,1101.0,-0.99990E+01
2016,4,25,18.44472,36.5118,-97.4837,1102.0,-0.99990E+01
2016,4,25,18.44500,36.5110,-97.4838,1101.0,-0.99990E+01
2016,4,25,18.44528,36.5102,-97.4838,1099.0,-0.99990E+01
2016,4,25,18.44555,36.5092,-97.4838,1096.0,-0.99990E+01
2016,4,25,18.44583,36.5085,-97.4838,1094.0,-0.99990E+01
2016,4,25,18.44611,36.5077,-97.4838,1091.0,-0.99990E+01
2016,4,25,18.44639,36.5067,-97.4840,1087.0,-0.99990E+01
2016,4,25,18.44667,36.5060,-97.4840,1085.0,-0.99990E+01
2016,4,25,18.44694,36.5052,-97.4840,1083.0,-0.99990E+01
2016,4,25,18.44722,36.5042,-97.4840,1081.0,-0.99990E+01
2016,4,25,18.44750,36.5033,-97.4842,1079.0,-0.99990E+01
2016,4,25,18.44778,36.5025,-97.4842,1078.0,-0.99990E+01
2016,4,25,18.44806,36.5017,-97.4842,1077.0,-0.99990E+01
2016,4,25,18.44833,36.5008,-97.4842,1078.0,-0.99990E+01
2016,4,25,18.44861,36.4998,-97.4842,1078.0,-0.99990E+01
2016,4,25,18.44889,36.4992,-97.4843,1078.0,-0.99990E+01
2016,4,25,18.44917,36.4983,-97.4843,1079.0,-0.99990E+01
2016,4,25,18.44944,36.4973,-97.4843,1081.0,-0.99990E+01
2016,4,25,18.44972,36.4965,-97.4843,1082.0,-0.99990E+01
2016,4,25,18.45000,36.4957,-97.4843,1085.0,-0.99990E+01
2016,4,25,18.45028,36.4948,-97.4845,1087.0,-0.99990E+01
2016,4,25,18.45056,36.4940,-97.4845,1089.0,-0.99990E+01
2016,4,25,18.45083,36.4932,-97.4845,1090.0,-0.99990E+01
2016,4,25,18.45111,36.4923,-97.4845,1090.0,-0.99990E+01
2016,4,25,18.45139,36.4913,-97.4847,1090.0,-0.99990E+01
2016,4,25,18.45167,36.4907,-97.4847,1090.0,-0.99990E+01
2016,4,25,18.45194,36.4898,-97.4847,1090.0,-0.99990E+01
2016,4,25,18.45222,36.4888,-97.4847,1090.0,-0.99990E+01
2016,4,25,18.45250,36.4880,-97.4848,1090.0,-0.99990E+01
2016,4,25,18.45278,36.4873,-97.4848,1090.0,-0.99990E+01
2016,4,25,18.45306,36.4865,-97.4848,1089.0,-0.99990E+01
2016,4,25,18.45333,36.4855,-97.4848,1089.0,-0.99990E+01
2016,4,25,18.45361,36.4847,-97.4850,1089.0,-0.99990E+01
2016,4,25,18.45389,36.4838,-97.4850,1088.0,-0.99990E+01
2016,4,25,18.45417,36.4830,-97.4850,1088.0,-0.99990E+01
2016,4,25,18.45444,36.4822,-97.4850,1086.0,-0.99990E+01
2016,4,25,18.45473,36.4813,-97.4850,1086.0,-0.99990E+01
2016,4,25,18.45500,36.4805,-97.4852,1085.0,-0.99990E+01
2016,4,25,18.45528,36.4797,-97.4852,1084.0,-0.99990E+01
2016,4,25,18.45556,36.4788,-97.4852,1083.0,-0.99990E+01
2016,4,25,18.45583,36.4780,-97.4852,1083.0,-0.99990E+01
2016,4,25,18.45611,36.4770,-97.4853,1083.0,-0.99990E+01
2016,4,25,18.45639,36.4763,-97.4853,1083.0,-0.99990E+01
2016,4,25,18.45667,36.4755,-97.4853,1083.0,-0.99990E+01
2016,4,25,18.45694,36.4745,-97.4853,1083.0,-0.99990E+01
2016,4,25,18.45722,36.4738,-97.4855,1083.0,-0.99990E+01
2016,4,25,18.45750,36.4728,-97.4855,1084.0,-0.99990E+01
2016,4,25,18.45778,36.4720,-97.4855,1084.0,-0.99990E+01
2016,4,25,18.45806,36.4712,-97.4855,1085.0,-0.99990E+01
2016,4,25,18.45833,36.4703,-97.4857,1086.0,-0.99990E+01
2016,4,25,18.45861,36.4695,-97.4857,1087.0,-0.99990E+01
2016,4,25,18.45889,36.4687,-97.4857,1087.0,-0.99990E+01
2016,4,25,18.45917,36.4678,-97.4858,1088.0,-0.99990E+01
2016,4,25,18.45945,36.4670,-97.4858,1088.0,-0.99990E+01
2016,4,25,18.45972,36.4662,-97.4858,1088.0,-0.99990E+01
2016,4,25,18.46000,36.4653,-97.4860,1088.0,-0.99990E+01
2016,4,25,18.46028,36.4643,-97.4860,1087.0,-0.99990E+01
2016,4,25,18.46056,36.4637,-97.4860,1087.0,-0.99990E+01
2016,4,25,18.46084,36.4628,-97.4860,1087.0,-0.99990E+01
2016,4,25,18.46111,36.4618,-97.4860,1086.0,-0.99990E+01
2016,4,25,18.46139,36.4612,-97.4862,1086.0,-0.99990E+01
2016,4,25,18.46167,36.4603,-97.4862,1085.0,-0.99990E+01
2016,4,25,18.46194,36.4593,-97.4862,1085.0,-0.99990E+01
2016,4,25,18.46222,36.4585,-97.4862,1085.0,-0.99990E+01
2016,4,25,18.46250,36.4577,-97.4862,1086.0,-0.99990E+01
2016,4,25,18.46278,36.4568,-97.4862,1086.0,-0.99990E+01
2016,4,25,18.46305,36.4562,-97.4862,1085.0,-0.99990E+01
2016,4,25,18.46334,36.4553,-97.4862,1085.0,-0.99990E+01
2016,4,25,18.46361,36.4543,-97.4862,1084.0,-0.99990E+01
2016,4,25,18.46389,36.4537,-97.4862,1084.0,-0.99990E+01
2016,4,25,18.46417,36.4528,-97.4862,1085.0,-0.99990E+01
2016,4,25,18.46445,36.4518,-97.4862,1085.0,-0.99990E+01
2016,4,25,18.46472,36.4512,-97.4862,1085.0,-0.99990E+01
2016,4,25,18.46500,36.4503,-97.4862,1085.0,-0.99990E+01
2016,4,25,18.46528,36.4493,-97.4862,1085.0,-0.99990E+01
2016,4,25,18.46556,36.4487,-97.4862,1085.0,-0.99990E+01
2016,4,25,18.46583,36.4477,-97.4862,1084.0,-0.99990E+01
2016,4,25,18.46611,36.4470,-97.4862,1083.0,-0.99990E+01
2016,4,25,18.46639,36.4462,-97.4862,1083.0,-0.99990E+01
2016,4,25,18.46667,36.4452,-97.4862,1082.0,-0.99990E+01
2016,4,25,18.46695,36.4443,-97.4862,1082.0,-0.99990E+01
2016,4,25,18.46722,36.4435,-97.4862,1082.0,-0.99990E+01
2016,4,25,18.46750,36.4427,-97.4860,1083.0,-0.99990E+01
2016,4,25,18.46778,36.4418,-97.4860,1083.0,-0.99990E+01
2016,4,25,18.46806,36.4410,-97.4860,1085.0,-0.99990E+01
2016,4,25,18.46833,36.4402,-97.4860,1086.0,-0.99990E+01
2016,4,25,18.46861,36.4393,-97.4860,1087.0,-0.99990E+01
2016,4,25,18.46889,36.4385,-97.4860,1088.0,-0.99990E+01
2016,4,25,18.46917,36.4377,-97.4860,1089.0,-0.99990E+01
2016,4,25,18.46944,36.4368,-97.4860,1090.0,-0.99990E+01
2016,4,25,18.46972,36.4362,-97.4860,1090.0,-0.99990E+01
2016,4,25,18.47000,36.4352,-97.4860,1091.0,-0.99990E+01
2016,4,25,18.47028,36.4343,-97.4858,1091.0,-0.99990E+01
2016,4,25,18.47056,36.4337,-97.4858,1090.0,-0.99990E+01
2016,4,25,18.47083,36.4327,-97.4858,1089.0,-0.99990E+01
2016,4,25,18.47111,36.4320,-97.4858,1089.0,-0.99990E+01
2016,4,25,18.47139,36.4312,-97.4858,1088.0,-0.99990E+01
2016,4,25,18.47167,36.4302,-97.4858,1088.0,-0.99990E+01
2016,4,25,18.47194,36.4293,-97.4858,1088.0,-0.99990E+01
2016,4,25,18.47222,36.4285,-97.4858,1087.0,-0.99990E+01
2016,4,25,18.47250,36.4277,-97.4858,1086.0,-0.99990E+01
2016,4,25,18.47278,36.4268,-97.4858,1085.0,-0.99990E+01
2016,4,25,18.47306,36.4260,-97.4858,1084.0,-0.99990E+01
2016,4,25,18.47333,36.4252,-97.4857,1083.0,-0.99990E+01
2016,4,25,18.47361,36.4243,-97.4857,1082.0,-0.99990E+01
2016,4,25,18.47389,36.4235,-97.4857,1081.0,-0.99990E+01
2016,4,25,18.47417,36.4227,-97.4857,1080.0,-0.99990E+01
2016,4,25,18.47445,36.4218,-97.4857,1080.0,-0.99990E+01
2016,4,25,18.47472,36.4208,-97.4857,1081.0,-0.99990E+01
2016,4,25,18.47500,36.4200,-97.4857,1081.0,-0.99990E+01
2016,4,25,18.47528,36.4193,-97.4857,1082.0,-0.99990E+01
2016,4,25,18.47556,36.4185,-97.4857,1084.0,-0.99990E+01
2016,4,25,18.47583,36.4175,-97.4857,1087.0,-0.99990E+01
2016,4,25,18.47611,36.4168,-97.4857,1089.0,-0.99990E+01
2016,4,25,18.47639,36.4160,-97.4857,1091.0,-0.99990E+01
2016,4,25,18.47667,36.4150,-97.4857,1093.0,-0.99990E+01
2016,4,25,18.47695,36.4143,-97.4855,1094.0,-0.99990E+01
2016,4,25,18.47722,36.4135,-97.4855,1096.0,-0.99990E+01
2016,4,25,18.47750,36.4125,-97.4855,1098.0,-0.99990E+01
2016,4,25,18.47778,36.4117,-97.4855,1099.0,-0.99990E+01
2016,4,25,18.47806,36.4110,-97.4855,1099.0,-0.99990E+01
2016,4,25,18.47834,36.4100,-97.4855,1098.0,-0.99990E+01
2016,4,25,18.47861,36.4092,-97.4855,1097.0,-0.99990E+01
2016,4,25,18.47889,36.4083,-97.4855,1095.0,-0.99990E+01
2016,4,25,18.47917,36.4075,-97.4855,1091.0,-0.99990E+01
2016,4,25,18.47944,36.4067,-97.4855,1089.0,-0.99990E+01
2016,4,25,18.47972,36.4058,-97.4853,1087.0,-0.99990E+01
2016,4,25,18.48000,36.4050,-97.4853,1085.0,-0.99990E+01
2016,4,25,18.48028,36.4042,-97.4853,1084.0,-0.99990E+01
2016,4,25,18.48056,36.4033,-97.4853,1083.0,-0.99990E+01
2016,4,25,18.48083,36.4023,-97.4853,1083.0,-0.99990E+01
2016,4,25,18.48111,36.4017,-97.4853,1084.0,-0.99990E+01
2016,4,25,18.48139,36.4008,-97.4853,1085.0,-0.99990E+01
2016,4,25,18.48167,36.3998,-97.4853,1086.0,-0.99990E+01
2016,4,25,18.48195,36.3990,-97.4853,1086.0,-0.99990E+01
2016,4,25,18.48222,36.3985,-97.4852,1087.0,-0.99990E+01
2016,4,25,18.48250,36.3973,-97.4852,1086.0,-0.99990E+01
2016,4,25,18.48278,36.3965,-97.4852,1085.0,-0.99990E+01
2016,4,25,18.48306,36.3957,-97.4852,1085.0,-0.99990E+01
2016,4,25,18.48333,36.3948,-97.4852,1084.0,-0.99990E+01
2016,4,25,18.48361,36.3940,-97.4850,1084.0,-0.99990E+01
2016,4,25,18.48389,36.3930,-97.4850,1084.0,-0.99990E+01
2016,4,25,18.48417,36.3922,-97.4850,1083.0,-0.99990E+01
2016,4,25,18.48445,36.3913,-97.4850,1083.0,-0.99990E+01
2016,4,25,18.48472,36.3905,-97.4850,1082.0,-0.99990E+01
2016,4,25,18.48500,36.3897,-97.4850,1081.0,-0.99990E+01
2016,4,25,18.48528,36.3887,-97.4850,1081.0,-0.99990E+01
2016,4,25,18.48556,36.3880,-97.4850,1080.0,-0.99990E+01
2016,4,25,18.48583,36.3870,-97.4850,1079.0,-0.99990E+01
2016,4,25,18.48611,36.3862,-97.4850,1079.0,-0.99990E+01
2016,4,25,18.48639,36.3853,-97.4848,1078.0,-0.99990E+01
2016,4,25,18.48667,36.3845,-97.4848,1078.0,-0.99990E+01
2016,4,25,18.48694,36.3837,-97.4848,1078.0,-0.99990E+01
2016,4,25,18.48722,36.3827,-97.4848,1079.0,-0.99990E+01
2016,4,25,18.48750,36.3820,-97.4848,1079.0,-0.99990E+01
2016,4,25,18.48778,36.3812,-97.4848,1080.0,-0.99990E+01
2016,4,25,18.48806,36.3802,-97.4848,1082.0,-0.99990E+01
2016,4,25,18.48833,36.3795,-97.4848,1083.0,-0.99990E+01
2016,4,25,18.48861,36.3787,-97.4848,1084.0,-0.99990E+01
2016,4,25,18.48889,36.3777,-97.4848,1086.0,-0.99990E+01
2016,4,25,18.48917,36.3770,-97.4848,1087.0,-0.99990E+01
2016,4,25,18.48944,36.3762,-97.4847,1088.0,-0.99990E+01
2016,4,25,18.48972,36.3753,-97.4847,1090.0,-0.99990E+01
2016,4,25,18.49000,36.3743,-97.4847,1091.0,-0.99990E+01
2016,4,25,18.49028,36.3737,-97.4847,1091.0,-0.99990E+01
2016,4,25,18.49056,36.3728,-97.4847,1091.0,-0.99990E+01
2016,4,25,18.49083,36.3720,-97.4847,1092.0,-0.99990E+01
2016,4,25,18.49111,36.3712,-97.4847,1092.0,-0.99990E+01
2016,4,25,18.49139,36.3702,-97.4847,1093.0,-0.99990E+01
2016,4,25,18.49167,36.3695,-97.4847,1094.0,-0.99990E+01
2016,4,25,18.49195,36.3685,-97.4845,1095.0,-0.99990E+01
2016,4,25,18.49222,36.3677,-97.4845,1096.0,-0.99990E+01
2016,4,25,18.49250,36.3670,-97.4845,1097.0,-0.99990E+01
2016,4,25,18.49278,36.3662,-97.4845,1099.0,-0.99990E+01
2016,4,25,18.49306,36.3652,-97.4845,1100.0,-0.99990E+01
2016,4,25,18.49333,36.3645,-97.4845,1100.0,-0.99990E+01
2016,4,25,18.49361,36.3637,-97.4845,1099.0,-0.99990E+01
2016,4,25,18.49389,36.3627,-97.4845,1096.0,-0.99990E+01
2016,4,25,18.49417,36.3618,-97.4845,1093.0,-0.99990E+01
2016,4,25,18.49444,36.3610,-97.4845,1090.0,-0.99990E+01
2016,4,25,18.49472,36.3602,-97.4843,1087.0,-0.99990E+01
2016,4,25,18.49500,36.3593,-97.4843,1083.0,-0.99990E+01
2016,4,25,18.49528,36.3585,-97.4843,1081.0,-0.99990E+01
2016,4,25,18.49556,36.3575,-97.4843,1079.0,-0.99990E+01
2016,4,25,18.49583,36.3568,-97.4843,1078.0,-0.99990E+01
2016,4,25,18.49611,36.3560,-97.4843,1077.0,-0.99990E+01
2016,4,25,18.49639,36.3550,-97.4843,1076.0,-0.99990E+01
2016,4,25,18.49667,36.3542,-97.4843,1076.0,-0.99990E+01
2016,4,25,18.49694,36.3533,-97.4842,1076.0,-0.99990E+01
2016,4,25,18.49722,36.3525,-97.4842,1077.0,-0.99990E+01
2016,4,25,18.49750,36.3517,-97.4842,1078.0,-0.99990E+01
2016,4,25,18.49778,36.3508,-97.4842,1078.0,-0.99990E+01
2016,4,25,18.49806,36.3498,-97.4842,1078.0,-0.99990E+01
2016,4,25,18.49833,36.3492,-97.4842,1078.0,-0.99990E+01
2016,4,25,18.49861,36.3483,-97.4840,1080.0,-0.99990E+01
2016,4,25,18.49889,36.3473,-97.4840,1082.0,-0.99990E+01
2016,4,25,18.49917,36.3465,-97.4840,1084.0,-0.99990E+01
2016,4,25,18.49944,36.3457,-97.4840,1086.0,-0.99990E+01
2016,4,25,18.49972,36.3448,-97.4840,1088.0,-0.99990E+01
2016,4,25,18.50000,36.3440,-97.4840,1089.0,-0.99990E+01
2016,4,25,18.50028,36.3432,-97.4838,1092.0,-0.99990E+01
2016,4,25,18.50056,36.3422,-97.4838,1095.0,-0.99990E+01
2016,4,25,18.50083,36.3413,-97.4838,1097.0,-0.99990E+01
2016,4,25,18.50111,36.3407,-97.4838,1099.0,-0.99990E+01
2016,4,25,18.50139,36.3397,-97.4838,1102.0,-0.99990E+01
2016,4,25,18.50167,36.3388,-97.4837,1103.0,-0.99990E+01
2016,4,25,18.50194,36.3380,-97.4837,1102.0,-0.99990E+01
2016,4,25,18.50222,36.3372,-97.4837,1101.0,-0.99990E+01
2016,4,25,18.50250,36.3363,-97.4837,1099.0,-0.99990E+01
2016,4,25,18.50278,36.3355,-97.4837,1096.0,-0.99990E+01
2016,4,25,18.50306,36.3347,-97.4837,1093.0,-0.99990E+01
2016,4,25,18.50333,36.3338,-97.4835,1089.0,-0.99990E+01
2016,4,25,18.50361,36.3330,-97.4835,1086.0,-0.99990E+01
2016,4,25,18.50389,36.3320,-97.4835,1082.0,-0.99990E+01
2016,4,25,18.50417,36.3313,-97.4835,1080.0,-0.99990E+01
2016,4,25,18.50444,36.3305,-97.4833,1078.0,-0.99990E+01
2016,4,25,18.50472,36.3295,-97.4833,1076.0,-0.99990E+01
2016,4,25,18.50500,36.3287,-97.4833,1076.0,-0.99990E+01
2016,4,25,18.50528,36.3278,-97.4833,1076.0,-0.99990E+01
2016,4,25,18.50556,36.3270,-97.4833,1077.0,-0.99990E+01
2016,4,25,18.50583,36.3262,-97.4833,1077.0,-0.99990E+01
2016,4,25,18.50611,36.3253,-97.4833,1078.0,-0.99990E+01
2016,4,25,18.50639,36.3245,-97.4833,1080.0,-0.99990E+01
2016,4,25,18.50667,36.3237,-97.4833,1081.0,-0.99990E+01
2016,4,25,18.50694,36.3227,-97.4832,1082.0,-0.99990E+01
2016,4,25,18.50722,36.3218,-97.4832,1083.0,-0.99990E+01
2016,4,25,18.50750,36.3210,-97.4832,1085.0,-0.99990E+01
2016,4,25,18.50778,36.3202,-97.4832,1086.0,-0.99990E+01
2016,4,25,18.50805,36.3193,-97.4832,1086.0,-0.99990E+01
2016,4,25,18.50833,36.3185,-97.4832,1087.0,-0.99990E+01
2016,4,25,18.50861,36.3175,-97.4832,1087.0,-0.99990E+01
2016,4,25,18.50889,36.3167,-97.4832,1087.0,-0.99990E+01
2016,4,25,18.50917,36.3160,-97.4832,1086.0,-0.99990E+01
2016,4,25,18.50945,36.3150,-97.4830,1086.0,-0.99990E+01
2016,4,25,18.50972,36.3143,-97.4830,1086.0,-0.99990E+01
2016,4,25,18.51000,36.3135,-97.4830,1086.0,-0.99990E+01
2016,4,25,18.51028,36.3127,-97.4830,1086.0,-0.99990E+01
2016,4,25,18.51056,36.3117,-97.4830,1086.0,-0.99990E+01
2016,4,25,18.51083,36.3108,-97.4830,1086.0,-0.99990E+01
2016,4,25,18.51111,36.3102,-97.4830,1086.0,-0.99990E+01
2016,4,25,18.51139,36.3093,-97.4828,1086.0,-0.99990E+01
2016,4,25,18.51167,36.3083,-97.4828,1087.0,-0.99990E+01
2016,4,25,18.51194,36.3077,-97.4828,1087.0,-0.99990E+01
2016,4,25,18.51222,36.3065,-97.4828,1087.0,-0.99990E+01
2016,4,25,18.51250,36.3058,-97.4828,1088.0,-0.99990E+01
2016,4,25,18.51278,36.3050,-97.4828,1089.0,-0.99990E+01
2016,4,25,18.51306,36.3042,-97.4828,1089.0,-0.99990E+01
2016,4,25,18.51333,36.3033,-97.4827,1089.0,-0.99990E+01
2016,4,25,18.51361,36.3025,-97.4827,1089.0,-0.99990E+01
2016,4,25,18.51389,36.3017,-97.4827,1088.0,-0.99990E+01
2016,4,25,18.51417,36.3008,-97.4827,1087.0,-0.99990E+01
2016,4,25,18.51444,36.3000,-97.4827,1086.0,-0.99990E+01
2016,4,25,18.51472,36.2992,-97.4827,1084.0,-0.99990E+01
2016,4,25,18.51500,36.2983,-97.4827,1083.0,-0.99990E+01
2016,4,25,18.51528,36.2975,-97.4825,1081.0,-0.99990E+01
2016,4,25,18.51556,36.2967,-97.4825,1081.0,-0.99990E+01
2016,4,25,18.51583,36.2958,-97.4825,1080.0,-0.99990E+01
2016,4,25,18.51611,36.2950,-97.4825,1080.0,-0.99990E+01
2016,4,25,18.51639,36.2942,-97.4825,1080.0,-0.99990E+01
2016,4,25,18.51667,36.2933,-97.4825,1081.0,-0.99990E+01
2016,4,25,18.51694,36.2923,-97.4825,1082.0,-0.99990E+01
2016,4,25,18.51722,36.2915,-97.4825,1084.0,-0.99990E+01
2016,4,25,18.51750,36.2908,-97.4825,1085.0,-0.99990E+01
2016,4,25,18.51778,36.2898,-97.4823,1086.0,-0.99990E+01
2016,4,25,18.51805,36.2892,-97.4823,1086.0,-0.99990E+01
2016,4,25,18.51833,36.2883,-97.4823,1087.0,-0.99990E+01
2016,4,25,18.51861,36.2873,-97.4823,1089.0,-0.99990E+01
2016,4,25,18.51889,36.2867,-97.4823,1090.0,-0.99990E+01
2016,4,25,18.51917,36.2858,-97.4823,1091.0,-0.99990E+01
2016,4,25,18.51944,36.2850,-97.4823,1093.0,-0.99990E+01
2016,4,25,18.51972,36.2842,-97.4823,1093.0,-0.99990E+01
2016,4,25,18.52000,36.2832,-97.4823,1092.0,-0.99990E+01
2016,4,25,18.52028,36.2822,-97.4823,1090.0,-0.99990E+01
2016,4,25,18.52056,36.2815,-97.4823,1088.0,-0.99990E+01
2016,4,25,18.52083,36.2807,-97.4823,1087.0,-0.99990E+01
2016,4,25,18.52111,36.2798,-97.4822,1085.0,-0.99990E+01
2016,4,25,18.52139,36.2790,-97.4822,1084.0,-0.99990E+01
2016,4,25,18.52166,36.2782,-97.4822,1083.0,-0.99990E+01
2016,4,25,18.52194,36.2773,-97.4822,1081.0,-0.99990E+01
2016,4,25,18.52222,36.2765,-97.4822,1081.0,-0.99990E+01
2016,4,25,18.52250,36.2757,-97.4822,1080.0,-0.99990E+01
2016,4,25,18.52278,36.2747,-97.4822,1080.0,-0.99990E+01
2016,4,25,18.52306,36.2740,-97.4822,1080.0,-0.99990E+01
2016,4,25,18.52333,36.2732,-97.4822,1080.0,-0.99990E+01
2016,4,25,18.52361,36.2722,-97.4822,1080.0,-0.99990E+01
2016,4,25,18.52389,36.2715,-97.4820,1081.0,-0.99990E+01
2016,4,25,18.52417,36.2707,-97.4820,1084.0,-0.99990E+01
2016,4,25,18.52444,36.2697,-97.4820,1087.0,-0.99990E+01
2016,4,25,18.52472,36.2690,-97.4820,1090.0,-0.99990E+01
2016,4,25,18.52500,36.2680,-97.4820,1092.0,-0.99990E+01
2016,4,25,18.52528,36.2672,-97.4820,1093.0,-0.99990E+01
2016,4,25,18.52555,36.2663,-97.4820,1093.0,-0.99990E+01
2016,4,25,18.52583,36.2655,-97.4820,1093.0,-0.99990E+01
2016,4,25,18.52611,36.2647,-97.4820,1092.0,-0.99990E+01
2016,4,25,18.52639,36.2638,-97.4820,1091.0,-0.99990E+01
2016,4,25,18.52667,36.2630,-97.4818,1090.0,-0.99990E+01
2016,4,25,18.52695,36.2622,-97.4818,1090.0,-0.99990E+01
2016,4,25,18.52722,36.2613,-97.4818,1090.0,-0.99990E+01
2016,4,25,18.52750,36.2605,-97.4818,1090.0,-0.99990E+01
2016,4,25,18.52778,36.2597,-97.4818,1090.0,-0.99990E+01
2016,4,25,18.52806,36.2588,-97.4818,1090.0,-0.99990E+01
2016,4,25,18.52833,36.2580,-97.4817,1089.0,-0.99990E+01
2016,4,25,18.52861,36.2572,-97.4817,1089.0,-0.99990E+01
2016,4,25,18.52889,36.2563,-97.4817,1089.0,-0.99990E+01
2016,4,25,18.52917,36.2555,-97.4817,1089.0,-0.99990E+01
2016,4,25,18.52944,36.2547,-97.4817,1090.0,-0.99990E+01
2016,4,25,18.52972,36.2538,-97.4817,1089.0,-0.99990E+01
2016,4,25,18.53000,36.2530,-97.4815,1088.0,-0.99990E+01
2016,4,25,18.53028,36.2522,-97.4815,1086.0,-0.99990E+01
2016,4,25,18.53056,36.2513,-97.4815,1085.0,-0.99990E+01
2016,4,25,18.53083,36.2505,-97.4815,1083.0,-0.99990E+01
2016,4,25,18.53111,36.2497,-97.4815,1081.0,-0.99990E+01
2016,4,25,18.53139,36.2488,-97.4815,1080.0,-0.99990E+01
2016,4,25,18.53167,36.2480,-97.4815,1079.0,-0.99990E+01
2016,4,25,18.53194,36.2472,-97.4813,1078.0,-0.99990E+01
2016,4,25,18.53222,36.2463,-97.4813,1078.0,-0.99990E+01
2016,4,25,18.53250,36.2453,-97.4813,1078.0,-0.99990E+01
2016,4,25,18.53278,36.2447,-97.4813,1078.0,-0.99990E+01
2016,4,25,18.53305,36.2438,-97.4813,1078.0,-0.99990E+01
2016,4,25,18.53333,36.2428,-97.4812,1079.0,-0.99990E+01
2016,4,25,18.53361,36.2422,-97.4812,1080.0,-0.99990E+01
2016,4,25,18.53389,36.2413,-97.4812,1081.0,-0.99990E+01
2016,4,25,18.53417,36.2403,-97.4812,1083.0,-0.99990E+01
2016,4,25,18.53444,36.2397,-97.4812,1084.0,-0.99990E+01
2016,4,25,18.53472,36.2388,-97.4810,1085.0,-0.99990E+01
2016,4,25,18.53500,36.2378,-97.4810,1087.0,-0.99990E+01
2016,4,25,18.53528,36.2370,-97.4810,1088.0,-0.99990E+01
2016,4,25,18.53555,36.2363,-97.4810,1089.0,-0.99990E+01
2016,4,25,18.53583,36.2353,-97.4808,1089.0,-0.99990E+01
2016,4,25,18.53611,36.2345,-97.4808,1090.0,-0.99990E+01
2016,4,25,18.53639,36.2338,-97.4808,1090.0,-0.99990E+01
2016,4,25,18.53667,36.2328,-97.4808,1091.0,-0.99990E+01
2016,4,25,18.53695,36.2320,-97.4808,1091.0,-0.99990E+01
2016,4,25,18.53722,36.2313,-97.4808,1091.0,-0.99990E+01
2016,4,25,18.53750,36.2305,-97.4808,1091.0,-0.99990E+01
2016,4,25,18.53778,36.2297,-97.4808,1092.0,-0.99990E+01
2016,4,25,18.53806,36.2288,-97.4808,1093.0,-0.99990E+01
2016,4,25,18.53833,36.2280,-97.4807,1094.0,-0.99990E+01
2016,4,25,18.53861,36.2272,-97.4807,1094.0,-0.99990E+01
2016,4,25,18.53889,36.2263,-97.4807,1093.0,-0.99990E+01
2016,4,25,18.53916,36.2255,-97.4807,1092.0,-0.99990E+01
2016,4,25,18.53944,36.2247,-97.4807,1091.0,-0.99990E+01
2016,4,25,18.53972,36.2238,-97.4807,1090.0,-0.99990E+01
2016,4,25,18.54000,36.2230,-97.4807,1089.0,-0.99990E+01
2016,4,25,18.54028,36.2222,-97.4805,1088.0,-0.99990E+01
2016,4,25,18.54056,36.2217,-97.4805,1087.0,-0.99990E+01
2016,4,25,18.54083,36.2205,-97.4805,1085.0,-0.99990E+01
2016,4,25,18.54111,36.2197,-97.4805,1085.0,-0.99990E+01
2016,4,25,18.54139,36.2188,-97.4805,1084.0,-0.99990E+01
2016,4,25,18.54167,36.2180,-97.4805,1084.0,-0.99990E+01
2016,4,25,18.54194,36.2172,-97.4803,1085.0,-0.99990E+01
2016,4,25,18.54222,36.2165,-97.4803,1086.0,-0.99990E+01
2016,4,25,18.54250,36.2155,-97.4803,1088.0,-0.99990E+01
2016,4,25,18.54278,36.2148,-97.4803,1090.0,-0.99990E+01
2016,4,25,18.54306,36.2140,-97.4803,1091.0,-0.99990E+01
2016,4,25,18.54333,36.2130,-97.4803,1093.0,-0.99990E+01
2016,4,25,18.54361,36.2122,-97.4802,1094.0,-0.99990E+01
2016,4,25,18.54389,36.2115,-97.4802,1094.0,-0.99990E+01
2016,4,25,18.54417,36.2105,-97.4802,1094.0,-0.99990E+01
2016,4,25,18.54444,36.2097,-97.4802,1093.0,-0.99990E+01
2016,4,25,18.54472,36.2090,-97.4802,1091.0,-0.99990E+01
2016,4,25,18.54500,36.2080,-97.4802,1089.0,-0.99990E+01
2016,4,25,18.54527,36.2072,-97.4802,1088.0,-0.99990E+01
2016,4,25,18.54556,36.2065,-97.4802,1086.0,-0.99990E+01
2016,4,25,18.54583,36.2055,-97.4802,1085.0,-0.99990E+01
2016,4,25,18.54611,36.2048,-97.4800,1083.0,-0.99990E+01
2016,4,25,18.54639,36.2040,-97.4800,1083.0,-0.99990E+01
2016,4,25,18.54667,36.2030,-97.4800,1083.0,-0.99990E+01
2016,4,25,18.54694,36.2023,-97.4800,1082.0,-0.99990E+01
2016,4,25,18.54722,36.2015,-97.4800,1081.0,-0.99990E+01
2016,4,25,18.54750,36.2005,-97.4800,1081.0,-0.99990E+01
2016,4,25,18.54778,36.1998,-97.4798,1080.0,-0.99990E+01
2016,4,25,18.54806,36.1990,-97.4798,1080.0,-0.99990E+01
2016,4,25,18.54833,36.1980,-97.4798,1081.0,-0.99990E+01
2016,4,25,18.54861,36.1973,-97.4798,1081.0,-0.99990E+01
2016,4,25,18.54889,36.1963,-97.4798,1083.0,-0.99990E+01
2016,4,25,18.54917,36.1957,-97.4798,1084.0,-0.99990E+01
2016,4,25,18.54944,36.1948,-97.4798,1085.0,-0.99990E+01
2016,4,25,18.54972,36.1938,-97.4797,1087.0,-0.99990E+01
2016,4,25,18.55000,36.1932,-97.4797,1088.0,-0.99990E+01
2016,4,25,18.55028,36.1923,-97.4797,1089.0,-0.99990E+01
2016,4,25,18.55055,36.1913,-97.4797,1090.0,-0.99990E+01
2016,4,25,18.55083,36.1907,-97.4797,1091.0,-0.99990E+01
2016,4,25,18.55111,36.1898,-97.4797,1091.0,-0.99990E+01
2016,4,25,18.55139,36.1890,-97.4795,1091.0,-0.99990E+01
2016,4,25,18.55167,36.1882,-97.4795,1090.0,-0.99990E+01
2016,4,25,18.55194,36.1873,-97.4795,1089.0,-0.99990E+01
2016,4,25,18.55222,36.1863,-97.4795,1088.0,-0.99990E+01
2016,4,25,18.55250,36.1857,-97.4795,1087.0,-0.99990E+01
2016,4,25,18.55278,36.1848,-97.4795,1085.0,-0.99990E+01
2016,4,25,18.55305,36.1840,-97.4793,1084.0,-0.99990E+01
2016,4,25,18.55333,36.1832,-97.4793,1083.0,-0.99990E+01
2016,4,25,18.55361,36.1825,-97.4793,1083.0,-0.99990E+01
2016,4,25,18.55389,36.1815,-97.4793,1083.0,-0.99990E+01
2016,4,25,18.55417,36.1808,-97.4793,1084.0,-0.99990E+01
2016,4,25,18.55445,36.1800,-97.4792,1084.0,-0.99990E+01
2016,4,25,18.55472,36.1792,-97.4792,1085.0,-0.99990E+01
2016,4,25,18.55500,36.1783,-97.4792,1086.0,-0.99990E+01
2016,4,25,18.55528,36.1775,-97.4792,1088.0,-0.99990E+01
2016,4,25,18.55556,36.1767,-97.4792,1090.0,-0.99990E+01
2016,4,25,18.55583,36.1758,-97.4792,1092.0,-0.99990E+01
2016,4,25,18.55611,36.1752,-97.4790,1094.0,-0.99990E+01
2016,4,25,18.55639,36.1742,-97.4790,1095.0,-0.99990E+01
2016,4,25,18.55667,36.1735,-97.4790,1096.0,-0.99990E+01
2016,4,25,18.55694,36.1727,-97.4790,1096.0,-0.99990E+01
2016,4,25,18.55722,36.1718,-97.4790,1094.0,-0.99990E+01
2016,4,25,18.55750,36.1710,-97.4790,1092.0,-0.99990E+01
2016,4,25,18.55778,36.1702,-97.4790,1091.0,-0.99990E+01
2016,4,25,18.55805,36.1693,-97.4788,1089.0,-0.99990E+01
2016,4,25,18.55833,36.1685,-97.4788,1087.0,-0.99990E+01
2016,4,25,18.55861,36.1678,-97.4788,1085.0,-0.99990E+01
2016,4,25,18.55889,36.1668,-97.4788,1083.0,-0.99990E+01
2016,4,25,18.55917,36.1662,-97.4788,1082.0,-0.99990E+01
2016,4,25,18.55944,36.1653,-97.4788,1080.0,-0.99990E+01
2016,4,25,18.55972,36.1643,-97.4787,1079.0,-0.99990E+01
2016,4,25,18.56000,36.1637,-97.4787,1078.0,-0.99990E+01
2016,4,25,18.56028,36.1628,-97.4787,1077.0,-0.99990E+01
2016,4,25,18.56056,36.1620,-97.4787,1077.0,-0.99990E+01
2016,4,25,18.56083,36.1612,-97.4785,1077.0,-0.99990E+01
2016,4,25,18.56111,36.1603,-97.4785,1077.0,-0.99990E+01
2016,4,25,18.56139,36.1595,-97.4785,1078.0,-0.99990E+01
2016,4,25,18.56167,36.1587,-97.4785,1079.0,-0.99990E+01
2016,4,25,18.56194,36.1578,-97.4785,1079.0,-0.99990E+01
2016,4,25,18.56222,36.1570,-97.4783,1080.0,-0.99990E+01
2016,4,25,18.56250,36.1563,-97.4783,1081.0,-0.99990E+01
2016,4,25,18.56277,36.1555,-97.4783,1082.0,-0.99990E+01
2016,4,25,18.56306,36.1545,-97.4783,1083.0,-0.99990E+01
2016,4,25,18.56333,36.1538,-97.4783,1083.0,-0.99990E+01
2016,4,25,18.56361,36.1530,-97.4783,1083.0,-0.99990E+01
2016,4,25,18.56389,36.1522,-97.4783,1083.0,-0.99990E+01
2016,4,25,18.56417,36.1513,-97.4783,1083.0,-0.99990E+01
2016,4,25,18.56444,36.1505,-97.4783,1083.0,-0.99990E+01
2016,4,25,18.56472,36.1497,-97.4785,1084.0,-0.99990E+01
2016,4,25,18.56500,36.1490,-97.4785,1084.0,-0.99990E+01
2016,4,25,18.56528,36.1482,-97.4785,1085.0,-0.99990E+01
2016,4,25,18.56556,36.1473,-97.4785,1086.0,-0.99990E+01
2016,4,25,18.56583,36.1465,-97.4785,1087.0,-0.99990E+01
2016,4,25,18.56611,36.1457,-97.4787,1089.0,-0.99990E+01
2016,4,25,18.56639,36.1450,-97.4787,1090.0,-0.99990E+01
2016,4,25,18.56667,36.1442,-97.4787,1092.0,-0.99990E+01
2016,4,25,18.56695,36.1433,-97.4788,1094.0,-0.99990E+01
2016,4,25,18.56722,36.1425,-97.4788,1096.0,-0.99990E+01
2016,4,25,18.56750,36.1417,-97.4788,1098.0,-0.99990E+01
2016,4,25,18.56778,36.1408,-97.4788,1099.0,-0.99990E+01
2016,4,25,18.56806,36.1400,-97.4788,1099.0,-0.99990E+01
2016,4,25,18.56833,36.1393,-97.4790,1100.0,-0.99990E+01
2016,4,25,18.56861,36.1385,-97.4790,1100.0,-0.99990E+01
2016,4,25,18.56889,36.1377,-97.4790,1099.0,-0.99990E+01
2016,4,25,18.56917,36.1368,-97.4792,1098.0,-0.99990E+01
2016,4,25,18.56944,36.1360,-97.4792,1097.0,-0.99990E+01
2016,4,25,18.56972,36.1352,-97.4792,1096.0,-0.99990E+01
2016,4,25,18.57000,36.1343,-97.4793,1094.0,-0.99990E+01
2016,4,25,18.57028,36.1335,-97.4793,1092.0,-0.99990E+01
2016,4,25,18.57055,36.1327,-97.4793,1091.0,-0.99990E+01
2016,4,25,18.57084,36.1320,-97.4795,1090.0,-0.99990E+01
2016,4,25,18.57111,36.1310,-97.4795,1089.0,-0.99990E+01
2016,4,25,18.57139,36.1303,-97.4795,1089.0,-0.99990E+01
2016,4,25,18.57167,36.1295,-97.4797,1089.0,-0.99990E+01
2016,4,25,18.57195,36.1285,-97.4797,1091.0,-0.99990E+01
2016,4,25,18.57222,36.1278,-97.4798,1091.0,-0.99990E+01
2016,4,25,18.57250,36.1270,-97.4798,1091.0,-0.99990E+01
2016,4,25,18.57278,36.1260,-97.4800,1091.0,-0.99990E+01
2016,4,25,18.57306,36.1253,-97.4800,1091.0,-0.99990E+01
2016,4,25,18.57333,36.1245,-97.4800,1090.0,-0.99990E+01
2016,4,25,18.57361,36.1235,-97.4802,1089.0,-0.99990E+01
2016,4,25,18.57389,36.1228,-97.4802,1088.0,-0.99990E+01
2016,4,25,18.57417,36.1220,-97.4802,1087.0,-0.99990E+01
2016,4,25,18.57445,36.1210,-97.4803,1086.0,-0.99990E+01
2016,4,25,18.57472,36.1203,-97.4803,1085.0,-0.99990E+01
2016,4,25,18.57500,36.1195,-97.4803,1084.0,-0.99990E+01
2016,4,25,18.57528,36.1185,-97.4805,1083.0,-0.99990E+01
2016,4,25,18.57556,36.1177,-97.4805,1082.0,-0.99990E+01
2016,4,25,18.57583,36.1170,-97.4805,1082.0,-0.99990E+01
2016,4,25,18.57611,36.1160,-97.4807,1083.0,-0.99990E+01
2016,4,25,18.57639,36.1153,-97.4807,1083.0,-0.99990E+01
2016,4,25,18.57667,36.1143,-97.4808,1084.0,-0.99990E+01
2016,4,25,18.57695,36.1133,-97.4808,1084.0,-0.99990E+01
2016,4,25,18.57722,36.1127,-97.4808,1084.0,-0.99990E+01
2016,4,25,18.57750,36.1118,-97.4810,1084.0,-0.99990E+01
2016,4,25,18.57778,36.1110,-97.4810,1085.0,-0.99990E+01
2016,4,25,18.57806,36.1102,-97.4812,1085.0,-0.99990E+01
2016,4,25,18.57833,36.1092,-97.4812,1085.0,-0.99990E+01
2016,4,25,18.57861,36.1085,-97.4812,1085.0,-0.99990E+01
2016,4,25,18.57889,36.1078,-97.4812,1085.0,-0.99990E+01
2016,4,25,18.57917,36.1068,-97.4813,1085.0,-0.99990E+01
2016,4,25,18.57944,36.1062,-97.4813,1085.0,-0.99990E+01
2016,4,25,18.57973,36.1053,-97.4813,1086.0,-0.99990E+01
2016,4,25,18.58000,36.1045,-97.4813,1086.0,-0.99990E+01
2016,4,25,18.58028,36.1035,-97.4813,1087.0,-0.99990E+01
2016,4,25,18.58056,36.1028,-97.4813,1088.0,-0.99990E+01
2016,4,25,18.58083,36.1020,-97.4813,1090.0,-0.99990E+01
2016,4,25,18.58111,36.1010,-97.4815,1092.0,-0.99990E+01
2016,4,25,18.58139,36.1003,-97.4815,1095.0,-0.99990E+01
2016,4,25,18.58167,36.0995,-97.4815,1097.0,-0.99990E+01
2016,4,25,18.58194,36.0985,-97.4815,1099.0,-0.99990E+01
2016,4,25,18.58222,36.0978,-97.4815,1100.0,-0.99990E+01
2016,4,25,18.58250,36.0970,-97.4815,1101.0,-0.99990E+01
2016,4,25,18.58278,36.0962,-97.4815,1101.0,-0.99990E+01
2016,4,25,18.58306,36.0953,-97.4815,1102.0,-0.99990E+01
2016,4,25,18.58333,36.0945,-97.4815,1102.0,-0.99990E+01
2016,4,25,18.58361,36.0937,-97.4815,1102.0,-0.99990E+01
2016,4,25,18.58389,36.0928,-97.4817,1101.0,-0.99990E+01
2016,4,25,18.58417,36.0920,-97.4817,1101.0,-0.99990E+01
2016,4,25,18.58445,36.0912,-97.4817,1098.0,-0.99990E+01
2016,4,25,18.58472,36.0903,-97.4817,1095.0,-0.99990E+01
2016,4,25,18.58500,36.0895,-97.4817,1091.0,-0.99990E+01
2016,4,25,18.58528,36.0885,-97.4817,1087.0,-0.99990E+01
2016,4,25,18.58556,36.0877,-97.4817,1083.0,-0.99990E+01
2016,4,25,18.58584,36.0870,-97.4817,1080.0,-0.99990E+01
2016,4,25,18.58611,36.0860,-97.4817,1078.0,-0.99990E+01
2016,4,25,18.58639,36.0853,-97.4818,1078.0,-0.99990E+01
2016,4,25,18.58667,36.0845,-97.4818,1078.0,-0.99990E+01
2016,4,25,18.58694,36.0835,-97.4818,1080.0,-0.99990E+01
2016,4,25,18.58722,36.0827,-97.4818,1081.0,-0.99990E+01
2016,4,25,18.58750,36.0818,-97.4820,1083.0,-0.99990E+01
2016,4,25,18.58778,36.0810,-97.4820,1083.0,-0.99990E+01
2016,4,25,18.58805,36.0802,-97.4820,1083.0,-0.99990E+01
2016,4,25,18.58833,36.0793,-97.4822,1082.0,-0.99990E+01
2016,4,25,18.58861,36.0783,-97.4822,1081.0,-0.99990E+01
2016,4,25,18.58889,36.0777,-97.4822,1080.0,-0.99990E+01
2016,4,25,18.58917,36.0768,-97.4822,1080.0,-0.99990E+01
2016,4,25,18.58945,36.0760,-97.4822,1079.0,-0.99990E+01
2016,4,25,18.58972,36.0752,-97.4823,1080.0,-0.99990E+01
2016,4,25,18.59000,36.0743,-97.4823,1081.0,-0.99990E+01
2016,4,25,18.59028,36.0735,-97.4823,1082.0,-0.99990E+01
2016,4,25,18.59056,36.0725,-97.4823,1083.0,-0.99990E+01
2016,4,25,18.59083,36.0717,-97.4823,1085.0,-0.99990E+01
2016,4,25,18.59111,36.0708,-97.4823,1086.0,-0.99990E+01
2016,4,25,18.59139,36.0700,-97.4823,1088.0,-0.99990E+01
2016,4,25,18.59167,36.0692,-97.4825,1090.0,-0.99990E+01
2016,4,25,18.59195,36.0683,-97.4825,1090.0,-0.99990E+01
2016,4,25,18.59222,36.0675,-97.4825,1092.0,-0.99990E+01
2016,4,25,18.59250,36.0667,-97.4825,1092.0,-0.99990E+01
2016,4,25,18.59278,36.0658,-97.4825,1092.0,-0.99990E+01
2016,4,25,18.59306,36.0652,-97.4827,1092.0,-0.99990E+01
2016,4,25,18.59333,36.0643,-97.4827,1092.0,-0.99990E+01
2016,4,25,18.59361,36.0633,-97.4827,1091.0,-0.99990E+01
2016,4,25,18.59389,36.0625,-97.4827,1091.0,-0.99990E+01
2016,4,25,18.59417,36.0618,-97.4828,1091.0,-0.99990E+01
2016,4,25,18.59444,36.0608,-97.4828,1092.0,-0.99990E+01
2016,4,25,18.59472,36.0602,-97.4828,1093.0,-0.99990E+01
2016,4,25,18.59500,36.0592,-97.4828,1093.0,-0.99990E+01
2016,4,25,18.59528,36.0583,-97.4828,1094.0,-0.99990E+01
2016,4,25,18.59556,36.0577,-97.4828,1094.0,-0.99990E+01
2016,4,25,18.59583,36.0568,-97.4828,1094.0,-0.99990E+01
2016,4,25,18.59611,36.0560,-97.4830,1093.0,-0.99990E+01
2016,4,25,18.59639,36.0552,-97.4830,1091.0,-0.99990E+01
2016,4,25,18.59667,36.0542,-97.4830,1089.0,-0.99990E+01
2016,4,25,18.59694,36.0533,-97.4830,1087.0,-0.99990E+01
2016,4,25,18.59722,36.0525,-97.4830,1084.0,-0.99990E+01
2016,4,25,18.59750,36.0517,-97.4832,1082.0,-0.99990E+01
2016,4,25,18.59778,36.0508,-97.4832,1080.0,-0.99990E+01
2016,4,25,18.59806,36.0500,-97.4832,1079.0,-0.99990E+01
2016,4,25,18.59833,36.0492,-97.4832,1079.0,-0.99990E+01
2016,4,25,18.59861,36.0483,-97.4833,1079.0,-0.99990E+01
2016,4,25,18.59889,36.0475,-97.4833,1080.0,-0.99990E+01
2016,4,25,18.59917,36.0467,-97.4833,1081.0,-0.99990E+01
2016,4,25,18.59945,36.0458,-97.4833,1083.0,-0.99990E+01
2016,4,25,18.59972,36.0450,-97.4833,1085.0,-0.99990E+01
2016,4,25,18.60000,36.0442,-97.4835,1087.0,-0.99990E+01
2016,4,25,18.60028,36.0433,-97.4835,1090.0,-0.99990E+01
2016,4,25,18.60056,36.0425,-97.4835,1091.0,-0.99990E+01
2016,4,25,18.60083,36.0417,-97.4835,1092.0,-0.99990E+01
2016,4,25,18.60111,36.0408,-97.4835,1093.0,-0.99990E+01
2016,4,25,18.60139,36.0400,-97.4837,1093.0,-0.99990E+01
2016,4,25,18.60167,36.0392,-97.4837,1093.0,-0.99990E+01
2016,4,25,18.60194,36.0383,-97.4837,1093.0,-0.99990E+01
2016,4,25,18.60222,36.0375,-97.4837,1093.0,-0.99990E+01
2016,4,25,18.60250,36.0367,-97.4838,1093.0,-0.99990E+01
2016,4,25,18.60278,36.0358,-97.4838,1093.0,-0.99990E+01
2016,4,25,18.60306,36.0352,-97.4838,1092.0,-0.99990E+01
2016,4,25,18.60334,36.0343,-97.4838,1091.0,-0.99990E+01
2016,4,25,18.60361,36.0333,-97.4838,1089.0,-0.99990E+01
2016,4,25,18.60389,36.0325,-97.4838,1087.0,-0.99990E+01
2016,4,25,18.60417,36.0318,-97.4838,1085.0,-0.99990E+01
2016,4,25,18.60444,36.0310,-97.4838,1083.0,-0.99990E+01
2016,4,25,18.60472,36.0302,-97.4840,1081.0,-0.99990E+01
2016,4,25,18.60500,36.0293,-97.4840,1079.0,-0.99990E+01
2016,4,25,18.60528,36.0285,-97.4840,1078.0,-0.99990E+01
2016,4,25,18.60556,36.0278,-97.4840,1078.0,-0.99990E+01
2016,4,25,18.60583,36.0270,-97.4840,1077.0,-0.99990E+01
2016,4,25,18.60611,36.0260,-97.4842,1077.0,-0.99990E+01
2016,4,25,18.60639,36.0253,-97.4842,1077.0,-0.99990E+01
2016,4,25,18.60667,36.0245,-97.4842,1077.0,-0.99990E+01
2016,4,25,18.60695,36.0237,-97.4842,1078.0,-0.99990E+01
2016,4,25,18.60722,36.0230,-97.4842,1078.0,-0.99990E+01
2016,4,25,18.60750,36.0222,-97.4842,1078.0,-0.99990E+01
2016,4,25,18.60778,36.0213,-97.4842,1077.0,-0.99990E+01
2016,4,25,18.60806,36.0205,-97.4842,1076.0,-0.99990E+01
2016,4,25,18.60833,36.0198,-97.4840,1073.0,-0.99990E+01
2016,4,25,18.60861,36.0190,-97.4840,1069.0,-0.99990E+01
2016,4,25,18.60889,36.0182,-97.4838,1064.0,-0.99990E+01
2016,4,25,18.60917,36.0175,-97.4837,1060.0,-0.99990E+01
2016,4,25,18.60945,36.0167,-97.4833,1055.0,-0.99990E+01
2016,4,25,18.60972,36.0160,-97.4830,1051.0,-0.99990E+01
2016,4,25,18.61000,36.0152,-97.4825,1047.0,-0.99990E+01
2016,4,25,18.61028,36.0143,-97.4820,1041.0,-0.99990E+01
2016,4,25,18.61056,36.0137,-97.4817,1037.0,-0.99990E+01
2016,4,25,18.61083,36.0132,-97.4812,1033.0,-0.99990E+01
2016,4,25,18.61111,36.0123,-97.4803,1028.0,-0.99990E+01
2016,4,25,18.61139,36.0118,-97.4798,1025.0,-0.99990E+01
2016,4,25,18.61167,36.0112,-97.4790,1019.0,-0.99990E+01
2016,4,25,18.61194,36.0105,-97.4783,1015.0,-0.99990E+01
2016,4,25,18.61222,36.0100,-97.4777,1011.0,-0.99990E+01
2016,4,25,18.61250,36.0095,-97.4768,1007.0,-0.99990E+01
2016,4,25,18.61278,36.0090,-97.4760,1003.0,-0.99990E+01
2016,4,25,18.61306,36.0085,-97.4752,1000.0,-0.99990E+01
2016,4,25,18.61333,36.0082,-97.4742,996.0,-0.99990E+01
2016,4,25,18.61361,36.0077,-97.4733,992.0,-0.99990E+01
2016,4,25,18.61389,36.0073,-97.4723,989.0,-0.99990E+01
2016,4,25,18.61417,36.0072,-97.4713,985.0,-0.99990E+01
2016,4,25,18.61444,36.0068,-97.4703,981.0,-0.99990E+01
2016,4,25,18.61472,36.0067,-97.4693,977.0,-0.99990E+01
2016,4,25,18.61500,36.0065,-97.4682,974.0,-0.99990E+01
2016,4,25,18.61528,36.0063,-97.4672,970.0,-0.99990E+01
2016,4,25,18.61556,36.0062,-97.4660,966.0,-0.99990E+01
2016,4,25,18.61583,36.0062,-97.4650,963.0,-0.99990E+01
2016,4,25,18.61611,36.0060,-97.4638,958.0,-0.99990E+01
2016,4,25,18.61639,36.0060,-97.4628,954.0,-0.99990E+01
2016,4,25,18.61667,36.0060,-97.4618,951.0,-0.99990E+01
2016,4,25,18.61695,36.0060,-97.4607,948.0,-0.99990E+01
2016,4,25,18.61722,36.0060,-97.4593,945.0,-0.99990E+01
2016,4,25,18.61750,36.0058,-97.4585,945.0,-0.99990E+01
2016,4,25,18.61778,36.0058,-97.4573,944.0,-0.99990E+01
2016,4,25,18.61806,36.0058,-97.4563,944.0,-0.99990E+01
2016,4,25,18.61833,36.0058,-97.4552,943.0,-0.99990E+01
2016,4,25,18.61861,36.0057,-97.4540,941.0,-0.99990E+01
2016,4,25,18.61889,36.0057,-97.4530,939.0,-0.99990E+01
2016,4,25,18.61917,36.0055,-97.4520,938.0,-0.99990E+01
2016,4,25,18.61944,36.0053,-97.4507,936.0,-0.99990E+01
2016,4,25,18.61972,36.0052,-97.4498,934.0,-0.99990E+01
2016,4,25,18.62000,36.0050,-97.4485,931.0,-0.99990E+01
2016,4,25,18.62028,36.0047,-97.4475,929.0,-0.99990E+01
2016,4,25,18.62056,36.0043,-97.4465,926.0,-0.99990E+01
2016,4,25,18.62083,36.0042,-97.4457,923.0,-0.99990E+01
2016,4,25,18.62111,36.0037,-97.4447,920.0,-0.99990E+01
2016,4,25,18.62139,36.0033,-97.4437,916.0,-0.99990E+01
2016,4,25,18.62167,36.0028,-97.4428,912.0,-0.99990E+01
2016,4,25,18.62194,36.0023,-97.4418,908.0,-0.99990E+01
2016,4,25,18.62222,36.0018,-97.4410,904.0,-0.99990E+01
2016,4,25,18.62250,36.0015,-97.4403,900.0,-0.99990E+01
2016,4,25,18.62278,36.0008,-97.4393,896.0,-0.99990E+01
2016,4,25,18.62306,36.0003,-97.4387,894.0,-0.99990E+01
2016,4,25,18.62333,35.9997,-97.4380,892.0,-0.99990E+01
2016,4,25,18.62361,35.9990,-97.4373,888.0,-0.99990E+01
2016,4,25,18.62389,35.9983,-97.4367,885.0,-0.99990E+01
2016,4,25,18.62417,35.9977,-97.4360,881.0,-0.99990E+01
2016,4,25,18.62444,35.9970,-97.4355,877.0,-0.99990E+01
2016,4,25,18.62472,35.9962,-97.4350,874.0,-0.99990E+01
2016,4,25,18.62500,35.9955,-97.4345,870.0,-0.99990E+01
2016,4,25,18.62528,35.9947,-97.4342,866.0,-0.99990E+01
2016,4,25,18.62556,35.9938,-97.4337,861.0,-0.99990E+01
2016,4,25,18.62583,35.9930,-97.4333,858.0,-0.99990E+01
2016,4,25,18.62611,35.9923,-97.4332,854.0,-0.99990E+01
2016,4,25,18.62639,35.9915,-97.4328,851.0,-0.99990E+01
2016,4,25,18.62667,35.9907,-97.4327,847.0,-0.99990E+01
2016,4,25,18.62694,35.9897,-97.4327,843.0,-0.99990E+01
2016,4,25,18.62722,35.9888,-97.4325,840.0,-0.99990E+01
2016,4,25,18.62750,35.9882,-97.4325,837.0,-0.99990E+01
2016,4,25,18.62778,35.9872,-97.4325,834.0,-0.99990E+01
2016,4,25,18.62806,35.9865,-97.4327,831.0,-0.99990E+01
2016,4,25,18.62833,35.9857,-97.4328,828.0,-0.99990E+01
2016,4,25,18.62861,35.9847,-97.4330,826.0,-0.99990E+01
2016,4,25,18.62889,35.9840,-97.4333,823.0,-0.99990E+01
2016,4,25,18.62917,35.9832,-97.4337,822.0,-0.99990E+01
2016,4,25,18.62944,35.9823,-97.4340,820.0,-0.99990E+01
2016,4,25,18.62972,35.9817,-97.4343,817.0,-0.99990E+01
2016,4,25,18.63000,35.9808,-97.4348,815.0,-0.99990E+01
2016,4,25,18.63028,35.9802,-97.4353,812.0,-0.99990E+01
2016,4,25,18.63056,35.9793,-97.4358,809.0,-0.99990E+01
2016,4,25,18.63083,35.9787,-97.4363,806.0,-0.99990E+01
2016,4,25,18.63111,35.9780,-97.4370,802.0,-0.99990E+01
2016,4,25,18.63139,35.9773,-97.4377,798.0,-0.99990E+01
2016,4,25,18.63167,35.9767,-97.4383,794.0,-0.99990E+01
2016,4,25,18.63194,35.9760,-97.4390,792.0,-0.99990E+01
2016,4,25,18.63222,35.9755,-97.4398,787.0,-0.99990E+01
2016,4,25,18.63250,35.9750,-97.4407,782.0,-0.99990E+01
2016,4,25,18.63278,35.9743,-97.4415,777.0,-0.99990E+01
2016,4,25,18.63305,35.9740,-97.4423,773.0,-0.99990E+01
2016,4,25,18.63333,35.9735,-97.4433,768.0,-0.99990E+01
2016,4,25,18.63361,35.9730,-97.4443,761.0,-0.99990E+01
2016,4,25,18.63389,35.9727,-97.4453,757.0,-0.99990E+01
2016,4,25,18.63417,35.9723,-97.4462,758.0,-0.99990E+01
2016,4,25,18.63445,35.9720,-97.4472,755.0,-0.99990E+01
2016,4,25,18.63472,35.9718,-97.4483,752.0,-0.99990E+01
2016,4,25,18.63500,35.9717,-97.4493,749.0,-0.99990E+01
2016,4,25,18.63528,35.9713,-97.4507,746.0,-0.99990E+01
2016,4,25,18.63556,35.9713,-97.4515,744.0,-0.99990E+01
2016,4,25,18.63583,35.9712,-97.4527,741.0,-0.99990E+01
2016,4,25,18.63611,35.9712,-97.4537,737.0,-0.99990E+01
2016,4,25,18.63639,35.9712,-97.4548,733.0,-0.99990E+01
2016,4,25,18.63667,35.9712,-97.4560,729.0,-0.99990E+01
2016,4,25,18.63694,35.9713,-97.4570,724.0,-0.99990E+01
2016,4,25,18.63722,35.9713,-97.4583,720.0,-0.99990E+01
2016,4,25,18.63750,35.9715,-97.4593,716.0,-0.99990E+01
2016,4,25,18.63778,35.9717,-97.4603,711.0,-0.99990E+01
2016,4,25,18.63806,35.9720,-97.4615,707.0,-0.99990E+01
2016,4,25,18.63833,35.9722,-97.4623,704.0,-0.99990E+01
2016,4,25,18.63861,35.9725,-97.4635,701.0,-0.99990E+01
2016,4,25,18.63889,35.9730,-97.4647,698.0,-0.99990E+01
2016,4,25,18.63917,35.9733,-97.4657,696.0,-0.99990E+01
2016,4,25,18.63944,35.9737,-97.4667,693.0,-0.99990E+01
2016,4,25,18.63972,35.9742,-97.4677,692.0,-0.99990E+01
2016,4,25,18.64000,35.9747,-97.4687,690.0,-0.99990E+01
2016,4,25,18.64028,35.9752,-97.4695,688.0,-0.99990E+01
2016,4,25,18.64056,35.9755,-97.4703,686.0,-0.99990E+01
2016,4,25,18.64083,35.9762,-97.4715,683.0,-0.99990E+01
2016,4,25,18.64111,35.9767,-97.4722,681.0,-0.99990E+01
2016,4,25,18.64139,35.9772,-97.4732,677.0,-0.99990E+01
2016,4,25,18.64167,35.9778,-97.4742,674.0,-0.99990E+01
2016,4,25,18.64194,35.9783,-97.4748,672.0,-0.99990E+01
2016,4,25,18.64222,35.9790,-97.4757,669.0,-0.99990E+01
2016,4,25,18.64250,35.9797,-97.4767,666.0,-0.99990E+01
2016,4,25,18.64278,35.9802,-97.4773,664.0,-0.99990E+01
2016,4,25,18.64305,35.9808,-97.4782,662.0,-0.99990E+01
2016,4,25,18.64333,35.9815,-97.4792,661.0,-0.99990E+01
2016,4,25,18.64361,35.9822,-97.4798,660.0,-0.99990E+01
2016,4,25,18.64389,35.9828,-97.4807,661.0,-0.99990E+01
2016,4,25,18.64417,35.9835,-97.4815,660.0,-0.99990E+01
2016,4,25,18.64444,35.9842,-97.4823,659.0,-0.99990E+01
2016,4,25,18.64472,35.9848,-97.4830,659.0,-0.99990E+01
2016,4,25,18.64500,35.9855,-97.4838,660.0,-0.99990E+01
2016,4,25,18.64528,35.9863,-97.4845,662.0,-0.99990E+01
2016,4,25,18.64556,35.9870,-97.4852,663.0,-0.99990E+01
2016,4,25,18.64583,35.9878,-97.4858,664.0,-0.99990E+01
2016,4,25,18.64611,35.9885,-97.4865,666.0,-0.99990E+01
2016,4,25,18.64639,35.9892,-97.4870,668.0,-0.99990E+01
2016,4,25,18.64667,35.9902,-97.4877,670.0,-0.99990E+01
2016,4,25,18.64694,35.9908,-97.4880,672.0,-0.99990E+01
2016,4,25,18.64722,35.9917,-97.4885,675.0,-0.99990E+01
2016,4,25,18.64750,35.9927,-97.4890,677.0,-0.99990E+01
2016,4,25,18.64778,35.9935,-97.4893,679.0,-0.99990E+01
2016,4,25,18.64806,35.9943,-97.4895,680.0,-0.99990E+01
2016,4,25,18.64833,35.9953,-97.4898,680.0,-0.99990E+01
2016,4,25,18.64861,35.9962,-97.4902,679.0,-0.99990E+01
2016,4,25,18.64889,35.9967,-97.4903,679.0,-0.99990E+01
2016,4,25,18.64917,35.9980,-97.4907,675.0,-0.99990E+01
2016,4,25,18.64944,35.9988,-97.4908,673.0,-0.99990E+01
2016,4,25,18.64972,35.9998,-97.4910,671.0,-0.99990E+01
2016,4,25,18.65000,36.0007,-97.4912,668.0,-0.99990E+01
2016,4,25,18.65028,36.0017,-97.4913,666.0,-0.99990E+01
2016,4,25,18.65055,36.0027,-97.4915,664.0,-0.99990E+01
2016,4,25,18.65083,36.0035,-97.4917,662.0,-0.99990E+01
2016,4,25,18.65111,36.0045,-97.4918,659.0,-0.99990E+01
2016,4,25,18.65139,36.0055,-97.4920,657.0,-0.99990E+01
2016,4,25,18.65167,36.0063,-97.4922,654.0,-0.99990E+01
2016,4,25,18.65194,36.0073,-97.4923,652.0,-0.99990E+01
2016,4,25,18.65222,36.0083,-97.4925,649.0,-0.99990E+01
2016,4,25,18.65250,36.0092,-97.4927,646.0,-0.99990E+01
2016,4,25,18.65278,36.0100,-97.4927,643.0,-0.99990E+01
2016,4,25,18.65306,36.0110,-97.4928,640.0,-0.99990E+01
2016,4,25,18.65333,36.0120,-97.4928,638.0,-0.99990E+01
2016,4,25,18.65361,36.0128,-97.4930,638.0,-0.99990E+01
2016,4,25,18.65389,36.0140,-97.4930,638.0,-0.99990E+01
2016,4,25,18.65417,36.0148,-97.4930,638.0,-0.99990E+01
2016,4,25,18.65444,36.0157,-97.4930,639.0,-0.99990E+01
2016,4,25,18.65472,36.0167,-97.4930,640.0,-0.99990E+01
2016,4,25,18.65500,36.0175,-97.4930,642.0,-0.99990E+01
2016,4,25,18.65528,36.0185,-97.4930,644.0,-0.99990E+01
2016,4,25,18.65556,36.0195,-97.4928,647.0,-0.99990E+01
2016,4,25,18.65583,36.0203,-97.4928,648.0,-0.99990E+01
2016,4,25,18.65611,36.0213,-97.4928,649.0,-0.99990E+01
2016,4,25,18.65639,36.0223,-97.4928,649.0,-0.99990E+01
2016,4,25,18.65667,36.0232,-97.4928,648.0,-0.99990E+01
2016,4,25,18.65694,36.0242,-97.4928,647.0,-0.99990E+01
2016,4,25,18.65722,36.0250,-97.4927,645.0,-0.99990E+01
2016,4,25,18.65750,36.0260,-97.4927,642.0,-0.99990E+01
2016,4,25,18.65778,36.0270,-97.4927,640.0,-0.99990E+01
2016,4,25,18.65805,36.0278,-97.4925,638.0,-0.99990E+01
2016,4,25,18.65833,36.0287,-97.4925,636.0,-0.99990E+01
2016,4,25,18.65861,36.0298,-97.4925,635.0,-0.99990E+01
2016,4,25,18.65889,36.0307,-97.4923,634.0,-0.99990E+01
2016,4,25,18.65917,36.0315,-97.4923,633.0,-0.99990E+01
2016,4,25,18.65944,36.0325,-97.4923,633.0,-0.99990E+01
2016,4,25,18.65972,36.0333,-97.4922,634.0,-0.99990E+01
2016,4,25,18.66000,36.0343,-97.4922,636.0,-0.99990E+01
2016,4,25,18.66028,36.0353,-97.4922,638.0,-0.99990E+01
2016,4,25,18.66055,36.0362,-97.4922,639.0,-0.99990E+01
2016,4,25,18.66083,36.0370,-97.4922,640.0,-0.99990E+01
2016,4,25,18.66111,36.0382,-97.4920,641.0,-0.99990E+01
2016,4,25,18.66139,36.0388,-97.4920,641.0,-0.99990E+01
2016,4,25,18.66167,36.0398,-97.4920,642.0,-0.99990E+01
2016,4,25,18.66195,36.0408,-97.4920,642.0,-0.99990E+01
2016,4,25,18.66222,36.0418,-97.4918,643.0,-0.99990E+01
2016,4,25,18.66250,36.0425,-97.4918,643.0,-0.99990E+01
2016,4,25,18.66278,36.0437,-97.4918,643.0,-0.99990E+01
2016,4,25,18.66306,36.0443,-97.4918,643.0,-0.99990E+01
2016,4,25,18.66333,36.0453,-97.4917,642.0,-0.99990E+01
2016,4,25,18.66361,36.0463,-97.4917,642.0,-0.99990E+01
2016,4,25,18.66389,36.0472,-97.4917,642.0,-0.99990E+01
2016,4,25,18.66416,36.0480,-97.4915,642.0,-0.99990E+01
2016,4,25,18.66444,36.0490,-97.4915,642.0,-0.99990E+01
2016,4,25,18.66472,36.0498,-97.4913,642.0,-0.99990E+01
2016,4,25,18.66500,36.0508,-97.4913,641.0,-0.99990E+01
2016,4,25,18.66528,36.0517,-97.4912,641.0,-0.99990E+01
2016,4,25,18.66556,36.0527,-97.4910,640.0,-0.99990E+01
2016,4,25,18.66583,36.0535,-97.4910,640.0,-0.99990E+01
2016,4,25,18.66611,36.0545,-97.4908,640.0,-0.99990E+01
2016,4,25,18.66639,36.0553,-97.4907,640.0,-0.99990E+01
2016,4,25,18.66667,36.0563,-97.4905,640.0,-0.99990E+01
2016,4,25,18.66694,36.0572,-97.4903,640.0,-0.99990E+01
2016,4,25,18.66722,36.0582,-97.4903,639.0,-0.99990E+01
2016,4,25,18.66750,36.0592,-97.4902,640.0,-0.99990E+01
2016,4,25,18.66778,36.0600,-97.4900,637.0,-0.99990E+01
2016,4,25,18.66806,36.0608,-97.4898,637.0,-0.99990E+01
2016,4,25,18.66833,36.0618,-97.4897,636.0,-0.99990E+01
2016,4,25,18.66861,36.0628,-97.4895,636.0,-0.99990E+01
2016,4,25,18.66889,36.0635,-97.4895,635.0,-0.99990E+01
2016,4,25,18.66917,36.0645,-97.4893,635.0,-0.99990E+01
2016,4,25,18.66944,36.0655,-97.4892,635.0,-0.99990E+01
2016,4,25,18.66972,36.0663,-97.4890,634.0,-0.99990E+01
2016,4,25,18.67000,36.0673,-97.4888,634.0,-0.99990E+01
2016,4,25,18.67027,36.0682,-97.4887,634.0,-0.99990E+01
2016,4,25,18.67056,36.0690,-97.4885,633.0,-0.99990E+01
2016,4,25,18.67083,36.0700,-97.4883,632.0,-0.99990E+01
2016,4,25,18.67111,36.0708,-97.4883,632.0,-0.99990E+01
2016,4,25,18.67139,36.0717,-97.4882,632.0,-0.99990E+01
2016,4,25,18.67167,36.0727,-97.4880,633.0,-0.99990E+01
2016,4,25,18.67194,36.0735,-97.4878,633.0,-0.99990E+01
2016,4,25,18.67222,36.0745,-97.4877,635.0,-0.99990E+01
2016,4,25,18.67250,36.0753,-97.4875,636.0,-0.99990E+01
2016,4,25,18.67278,36.0762,-97.4875,637.0,-0.99990E+01
2016,4,25,18.67306,36.0772,-97.4873,638.0,-0.99990E+01
2016,4,25,18.67333,36.0780,-97.4872,639.0,-0.99990E+01
2016,4,25,18.67361,36.0790,-97.4870,641.0,-0.99990E+01
2016,4,25,18.67389,36.0798,-97.4868,642.0,-0.99990E+01
2016,4,25,18.67417,36.0807,-97.4867,644.0,-0.99990E+01
2016,4,25,18.67444,36.0817,-97.4865,645.0,-0.99990E+01
2016,4,25,18.67472,36.0825,-97.4863,646.0,-0.99990E+01
2016,4,25,18.67500,36.0835,-97.4863,645.0,-0.99990E+01
2016,4,25,18.67528,36.0843,-97.4862,645.0,-0.99990E+01
2016,4,25,18.67555,36.0853,-97.4860,644.0,-0.99990E+01
2016,4,25,18.67583,36.0862,-97.4858,643.0,-0.99990E+01
2016,4,25,18.67611,36.0870,-97.4857,641.0,-0.99990E+01
2016,4,25,18.67639,36.0880,-97.4855,640.0,-0.99990E+01
2016,4,25,18.67667,36.0888,-97.4855,638.0,-0.99990E+01
2016,4,25,18.67694,36.0897,-97.4853,638.0,-0.99990E+01
2016,4,25,18.67722,36.0907,-97.4852,638.0,-0.99990E+01
2016,4,25,18.67750,36.0915,-97.4852,639.0,-0.99990E+01
2016,4,25,18.67778,36.0925,-97.4850,639.0,-0.99990E+01
2016,4,25,18.67805,36.0933,-97.4850,639.0,-0.99990E+01
2016,4,25,18.67833,36.0943,-97.4848,639.0,-0.99990E+01
2016,4,25,18.67861,36.0953,-97.4848,639.0,-0.99990E+01
2016,4,25,18.67889,36.0962,-97.4848,640.0,-0.99990E+01
2016,4,25,18.67917,36.0970,-97.4848,640.0,-0.99990E+01
2016,4,25,18.67945,36.0980,-97.4848,639.0,-0.99990E+01
2016,4,25,18.67972,36.0988,-97.4848,638.0,-0.99990E+01
2016,4,25,18.68000,36.0998,-97.4847,637.0,-0.99990E+01
2016,4,25,18.68028,36.1007,-97.4847,636.0,-0.99990E+01
2016,4,25,18.68056,36.1017,-97.4847,636.0,-0.99990E+01
2016,4,25,18.68083,36.1025,-97.4847,635.0,-0.99990E+01
2016,4,25,18.68111,36.1035,-97.4847,635.0,-0.99990E+01
2016,4,25,18.68139,36.1043,-97.4845,634.0,-0.99990E+01
2016,4,25,18.68167,36.1053,-97.4845,635.0,-0.99990E+01
2016,4,25,18.68194,36.1062,-97.4845,635.0,-0.99990E+01
2016,4,25,18.68222,36.1072,-97.4845,635.0,-0.99990E+01
2016,4,25,18.68250,36.1080,-97.4845,636.0,-0.99990E+01
2016,4,25,18.68278,36.1090,-97.4843,636.0,-0.99990E+01
2016,4,25,18.68305,36.1098,-97.4843,636.0,-0.99990E+01
2016,4,25,18.68333,36.1108,-97.4843,637.0,-0.99990E+01
2016,4,25,18.68361,36.1117,-97.4843,637.0,-0.99990E+01
2016,4,25,18.68389,36.1127,-97.4843,639.0,-0.99990E+01
2016,4,25,18.68417,36.1135,-97.4842,640.0,-0.99990E+01
2016,4,25,18.68444,36.1145,-97.4842,642.0,-0.99990E+01
2016,4,25,18.68472,36.1153,-97.4842,644.0,-0.99990E+01
2016,4,25,18.68500,36.1163,-97.4842,646.0,-0.99990E+01
2016,4,25,18.68528,36.1172,-97.4842,647.0,-0.99990E+01
2016,4,25,18.68556,36.1182,-97.4842,649.0,-0.99990E+01
2016,4,25,18.68583,36.1192,-97.4842,650.0,-0.99990E+01
2016,4,25,18.68611,36.1200,-97.4843,650.0,-0.99990E+01
2016,4,25,18.68639,36.1208,-97.4843,649.0,-0.99990E+01
2016,4,25,18.68667,36.1218,-97.4843,648.0,-0.99990E+01
2016,4,25,18.68694,36.1228,-97.4843,647.0,-0.99990E+01
2016,4,25,18.68722,36.1237,-97.4843,645.0,-0.99990E+01
2016,4,25,18.68750,36.1247,-97.4843,642.0,-0.99990E+01
2016,4,25,18.68777,36.1255,-97.4843,640.0,-0.99990E+01
2016,4,25,18.68806,36.1265,-97.4845,638.0,-0.99990E+01
2016,4,25,18.68833,36.1275,-97.4845,637.0,-0.99990E+01
2016,4,25,18.68861,36.1283,-97.4845,636.0,-0.99990E+01
2016,4,25,18.68889,36.1293,-97.4845,637.0,-0.99990E+01
2016,4,25,18.68917,36.1303,-97.4847,637.0,-0.99990E+01
2016,4,25,18.68944,36.1312,-97.4847,638.0,-0.99990E+01
2016,4,25,18.68972,36.1322,-97.4847,639.0,-0.99990E+01
2016,4,25,18.69000,36.1332,-97.4848,639.0,-0.99990E+01
2016,4,25,18.69028,36.1340,-97.4848,640.0,-0.99990E+01
2016,4,25,18.69056,36.1348,-97.4848,640.0,-0.99990E+01
2016,4,25,18.69083,36.1358,-97.4848,640.0,-0.99990E+01
2016,4,25,18.69111,36.1368,-97.4850,641.0,-0.99990E+01
2016,4,25,18.69139,36.1377,-97.4850,641.0,-0.99990E+01
2016,4,25,18.69167,36.1387,-97.4850,640.0,-0.99990E+01
2016,4,25,18.69194,36.1395,-97.4852,640.0,-0.99990E+01
2016,4,25,18.69222,36.1405,-97.4852,639.0,-0.99990E+01
2016,4,25,18.69250,36.1415,-97.4852,638.0,-0.99990E+01
2016,4,25,18.69278,36.1423,-97.4852,636.0,-0.99990E+01
2016,4,25,18.69305,36.1433,-97.4853,634.0,-0.99990E+01
2016,4,25,18.69333,36.1443,-97.4853,632.0,-0.99990E+01
2016,4,25,18.69361,36.1452,-97.4853,631.0,-0.99990E+01
2016,4,25,18.69389,36.1462,-97.4855,629.0,-0.99990E+01
2016,4,25,18.69417,36.1472,-97.4855,628.0,-0.99990E+01
2016,4,25,18.69444,36.1480,-97.4855,629.0,-0.99990E+01
2016,4,25,18.69472,36.1490,-97.4855,630.0,-0.99990E+01
2016,4,25,18.69500,36.1500,-97.4857,633.0,-0.99990E+01
2016,4,25,18.69528,36.1508,-97.4857,635.0,-0.99990E+01
2016,4,25,18.69555,36.1518,-97.4857,637.0,-0.99990E+01
2016,4,25,18.69583,36.1527,-97.4857,639.0,-0.99990E+01
2016,4,25,18.69611,36.1535,-97.4857,641.0,-0.99990E+01
2016,4,25,18.69639,36.1545,-97.4858,642.0,-0.99990E+01
2016,4,25,18.69667,36.1555,-97.4858,643.0,-0.99990E+01
2016,4,25,18.69694,36.1563,-97.4858,645.0,-0.99990E+01
2016,4,25,18.69722,36.1573,-97.4858,645.0,-0.99990E+01
2016,4,25,18.69750,36.1582,-97.4860,646.0,-0.99990E+01
2016,4,25,18.69778,36.1592,-97.4860,647.0,-0.99990E+01
2016,4,25,18.69806,36.1602,-97.4860,647.0,-0.99990E+01
2016,4,25,18.69833,36.1610,-97.4860,648.0,-0.99990E+01
2016,4,25,18.69861,36.1620,-97.4860,648.0,-0.99990E+01
2016,4,25,18.69889,36.1628,-97.4862,648.0,-0.99990E+01
2016,4,25,18.69917,36.1638,-97.4862,648.0,-0.99990E+01
2016,4,25,18.69944,36.1647,-97.4862,647.0,-0.99990E+01
2016,4,25,18.69972,36.1657,-97.4862,646.0,-0.99990E+01
2016,4,25,18.70000,36.1667,-97.4862,644.0,-0.99990E+01
2016,4,25,18.70028,36.1677,-97.4862,639.0,-0.99990E+01
2016,4,25,18.70056,36.1685,-97.4862,637.0,-0.99990E+01
2016,4,25,18.70083,36.1695,-97.4862,636.0,-0.99990E+01
2016,4,25,18.70111,36.1705,-97.4862,635.0,-0.99990E+01
2016,4,25,18.70139,36.1713,-97.4862,635.0,-0.99990E+01
2016,4,25,18.70167,36.1723,-97.4862,635.0,-0.99990E+01
2016,4,25,18.70194,36.1733,-97.4862,635.0,-0.99990E+01
2016,4,25,18.70222,36.1743,-97.4862,635.0,-0.99990E+01
2016,4,25,18.70250,36.1752,-97.4863,635.0,-0.99990E+01
2016,4,25,18.70278,36.1762,-97.4863,635.0,-0.99990E+01
2016,4,25,18.70306,36.1770,-97.4863,638.0,-0.99990E+01
2016,4,25,18.70333,36.1782,-97.4863,637.0,-0.99990E+01
2016,4,25,18.70361,36.1790,-97.4863,636.0,-0.99990E+01
2016,4,25,18.70389,36.1798,-97.4863,635.0,-0.99990E+01
2016,4,25,18.70417,36.1808,-97.4863,635.0,-0.99990E+01
2016,4,25,18.70444,36.1818,-97.4865,635.0,-0.99990E+01
2016,4,25,18.70473,36.1827,-97.4865,636.0,-0.99990E+01
2016,4,25,18.70500,36.1838,-97.4865,637.0,-0.99990E+01
2016,4,25,18.70528,36.1847,-97.4865,638.0,-0.99990E+01
2016,4,25,18.70556,36.1855,-97.4865,639.0,-0.99990E+01
2016,4,25,18.70583,36.1867,-97.4865,639.0,-0.99990E+01
2016,4,25,18.70611,36.1875,-97.4865,639.0,-0.99990E+01
2016,4,25,18.70639,36.1885,-97.4865,639.0,-0.99990E+01
2016,4,25,18.70667,36.1895,-97.4865,639.0,-0.99990E+01
2016,4,25,18.70694,36.1903,-97.4865,638.0,-0.99990E+01
2016,4,25,18.70722,36.1908,-97.4865,638.0,-0.99990E+01
2016,4,25,18.70750,36.1923,-97.4865,637.0,-0.99990E+01
2016,4,25,18.70778,36.1932,-97.4865,636.0,-0.99990E+01
2016,4,25,18.70806,36.1942,-97.4865,636.0,-0.99990E+01
2016,4,25,18.70833,36.1952,-97.4865,636.0,-0.99990E+01
2016,4,25,18.70861,36.1960,-97.4865,636.0,-0.99990E+01
2016,4,25,18.70889,36.1970,-97.4865,637.0,-0.99990E+01
2016,4,25,18.70917,36.1980,-97.4865,638.0,-0.99990E+01
2016,4,25,18.70945,36.1988,-97.4865,638.0,-0.99990E+01
2016,4,25,18.70972,36.2000,-97.4865,638.0,-0.99990E+01
2016,4,25,18.71000,36.2008,-97.4863,638.0,-0.99990E+01
2016,4,25,18.71028,36.2018,-97.4863,638.0,-0.99990E+01
2016,4,25,18.71056,36.2028,-97.4863,638.0,-0.99990E+01
2016,4,25,18.71084,36.2037,-97.4863,638.0,-0.99990E+01
2016,4,25,18.71111,36.2047,-97.4863,639.0,-0.99990E+01
2016,4,25,18.71139,36.2055,-97.4862,640.0,-0.99990E+01
2016,4,25,18.71167,36.2065,-97.4862,641.0,-0.99990E+01
2016,4,25,18.71194,36.2073,-97.4862,642.0,-0.99990E+01
2016,4,25,18.71222,36.2085,-97.4862,644.0,-0.99990E+01
2016,4,25,18.71250,36.2092,-97.4860,645.0,-0.99990E+01
2016,4,25,18.71278,36.2102,-97.4860,647.0,-0.99990E+01
2016,4,25,18.71305,36.2112,-97.4860,648.0,-0.99990E+01
2016,4,25,18.71334,36.2120,-97.4860,650.0,-0.99990E+01
2016,4,25,18.71361,36.2128,-97.4858,652.0,-0.99990E+01
2016,4,25,18.71389,36.2138,-97.4858,655.0,-0.99990E+01
2016,4,25,18.71417,36.2147,-97.4858,657.0,-0.99990E+01
2016,4,25,18.71445,36.2157,-97.4858,658.0,-0.99990E+01
2016,4,25,18.71472,36.2167,-97.4858,659.0,-0.99990E+01
2016,4,25,18.71500,36.2175,-97.4857,659.0,-0.99990E+01
2016,4,25,18.71528,36.2183,-97.4857,658.0,-0.99990E+01
2016,4,25,18.71556,36.2193,-97.4857,658.0,-0.99990E+01
2016,4,25,18.71583,36.2202,-97.4857,657.0,-0.99990E+01
2016,4,25,18.71611,36.2213,-97.4855,656.0,-0.99990E+01
2016,4,25,18.71639,36.2222,-97.4855,655.0,-0.99990E+01
2016,4,25,18.71667,36.2230,-97.4855,654.0,-0.99990E+01
2016,4,25,18.71695,36.2240,-97.4855,653.0,-0.99990E+01
2016,4,25,18.71722,36.2250,-97.4853,652.0,-0.99990E+01
2016,4,25,18.71750,36.2258,-97.4853,651.0,-0.99990E+01
2016,4,25,18.71778,36.2268,-97.4853,651.0,-0.99990E+01
2016,4,25,18.71806,36.2277,-97.4853,650.0,-0.99990E+01
2016,4,25,18.71833,36.2285,-97.4853,650.0,-0.99990E+01
2016,4,25,18.71861,36.2297,-97.4852,651.0,-0.99990E+01
2016,4,25,18.71889,36.2305,-97.4852,651.0,-0.99990E+01
2016,4,25,18.71917,36.2313,-97.4852,651.0,-0.99990E+01
2016,4,25,18.71944,36.2325,-97.4850,653.0,-0.99990E+01
2016,4,25,18.71972,36.2332,-97.4850,653.0,-0.99990E+01
2016,4,25,18.72000,36.2342,-97.4850,656.0,-0.99990E+01
2016,4,25,18.72028,36.2352,-97.4850,658.0,-0.99990E+01
2016,4,25,18.72056,36.2360,-97.4850,658.0,-0.99990E+01
2016,4,25,18.72083,36.2370,-97.4850,660.0,-0.99990E+01
2016,4,25,18.72111,36.2378,-97.4848,661.0,-0.99990E+01
2016,4,25,18.72139,36.2387,-97.4848,661.0,-0.99990E+01
2016,4,25,18.72167,36.2397,-97.4848,660.0,-0.99990E+01
2016,4,25,18.72194,36.2407,-97.4848,658.0,-0.99990E+01
2016,4,25,18.72222,36.2415,-97.4848,657.0,-0.99990E+01
2016,4,25,18.72250,36.2423,-97.4847,655.0,-0.99990E+01
2016,4,25,18.72278,36.2433,-97.4847,653.0,-0.99990E+01
2016,4,25,18.72306,36.2443,-97.4847,651.0,-0.99990E+01
2016,4,25,18.72333,36.2452,-97.4845,648.0,-0.99990E+01
2016,4,25,18.72361,36.2462,-97.4845,646.0,-0.99990E+01
2016,4,25,18.72389,36.2470,-97.4845,644.0,-0.99990E+01
2016,4,25,18.72417,36.2480,-97.4843,644.0,-0.99990E+01
2016,4,25,18.72445,36.2488,-97.4843,645.0,-0.99990E+01
2016,4,25,18.72472,36.2498,-97.4843,645.0,-0.99990E+01
2016,4,25,18.72500,36.2508,-97.4842,646.0,-0.99990E+01
2016,4,25,18.72528,36.2517,-97.4842,646.0,-0.99990E+01
2016,4,25,18.72556,36.2527,-97.4842,647.0,-0.99990E+01
2016,4,25,18.72583,36.2537,-97.4842,648.0,-0.99990E+01
2016,4,25,18.72611,36.2545,-97.4840,648.0,-0.99990E+01
2016,4,25,18.72639,36.2555,-97.4840,648.0,-0.99990E+01
2016,4,25,18.72667,36.2565,-97.4840,647.0,-0.99990E+01
2016,4,25,18.72695,36.2573,-97.4840,647.0,-0.99990E+01
2016,4,25,18.72722,36.2582,-97.4840,647.0,-0.99990E+01
2016,4,25,18.72750,36.2593,-97.4840,648.0,-0.99990E+01
2016,4,25,18.72778,36.2602,-97.4838,648.0,-0.99990E+01
2016,4,25,18.72806,36.2610,-97.4838,648.0,-0.99990E+01
2016,4,25,18.72834,36.2620,-97.4838,649.0,-0.99990E+01
2016,4,25,18.72861,36.2628,-97.4838,650.0,-0.99990E+01
2016,4,25,18.72889,36.2638,-97.4838,651.0,-0.99990E+01
2016,4,25,18.72917,36.2647,-97.4838,652.0,-0.99990E+01
2016,4,25,18.72944,36.2658,-97.4840,653.0,-0.99990E+01
2016,4,25,18.72972,36.2667,-97.4840,653.0,-0.99990E+01
2016,4,25,18.73000,36.2677,-97.4840,654.0,-0.99990E+01
2016,4,25,18.73028,36.2685,-97.4840,654.0,-0.99990E+01
2016,4,25,18.73056,36.2695,-97.4840,655.0,-0.99990E+01
2016,4,25,18.73083,36.2703,-97.4840,655.0,-0.99990E+01
2016,4,25,18.73111,36.2713,-97.4842,655.0,-0.99990E+01
2016,4,25,18.73139,36.2722,-97.4842,654.0,-0.99990E+01
2016,4,25,18.73167,36.2732,-97.4842,652.0,-0.99990E+01
2016,4,25,18.73195,36.2742,-97.4842,651.0,-0.99990E+01
2016,4,25,18.73222,36.2748,-97.4842,650.0,-0.99990E+01
2016,4,25,18.73250,36.2760,-97.4843,648.0,-0.99990E+01
2016,4,25,18.73278,36.2768,-97.4843,647.0,-0.99990E+01
2016,4,25,18.73306,36.2777,-97.4843,647.0,-0.99990E+01
2016,4,25,18.73333,36.2787,-97.4843,647.0,-0.99990E+01
2016,4,25,18.73361,36.2795,-97.4845,646.0,-0.99990E+01
2016,4,25,18.73389,36.2805,-97.4845,646.0,-0.99990E+01
2016,4,25,18.73417,36.2813,-97.4845,646.0,-0.99990E+01
2016,4,25,18.73445,36.2823,-97.4845,646.0,-0.99990E+01
2016,4,25,18.73472,36.2833,-97.4847,645.0,-0.99990E+01
2016,4,25,18.73500,36.2842,-97.4847,645.0,-0.99990E+01
2016,4,25,18.73528,36.2850,-97.4847,646.0,-0.99990E+01
2016,4,25,18.73556,36.2862,-97.4847,648.0,-0.99990E+01
2016,4,25,18.73583,36.2868,-97.4848,648.0,-0.99990E+01
2016,4,25,18.73611,36.2878,-97.4848,649.0,-0.99990E+01
2016,4,25,18.73639,36.2888,-97.4848,650.0,-0.99990E+01
2016,4,25,18.73667,36.2898,-97.4848,652.0,-0.99990E+01
2016,4,25,18.73694,36.2905,-97.4850,652.0,-0.99990E+01
2016,4,25,18.73722,36.2917,-97.4850,652.0,-0.99990E+01
2016,4,25,18.73750,36.2923,-97.4850,652.0,-0.99990E+01
2016,4,25,18.73778,36.2933,-97.4850,652.0,-0.99990E+01
2016,4,25,18.73806,36.2942,-97.4850,652.0,-0.99990E+01
2016,4,25,18.73833,36.2952,-97.4852,653.0,-0.99990E+01
2016,4,25,18.73861,36.2960,-97.4852,654.0,-0.99990E+01
2016,4,25,18.73889,36.2970,-97.4852,653.0,-0.99990E+01
2016,4,25,18.73917,36.2978,-97.4852,653.0,-0.99990E+01
2016,4,25,18.73944,36.2988,-97.4852,652.0,-0.99990E+01
2016,4,25,18.73972,36.2997,-97.4852,652.0,-0.99990E+01
2016,4,25,18.74000,36.3007,-97.4852,651.0,-0.99990E+01
2016,4,25,18.74028,36.3015,-97.4852,651.0,-0.99990E+01
2016,4,25,18.74056,36.3025,-97.4853,651.0,-0.99990E+01
2016,4,25,18.74083,36.3035,-97.4853,651.0,-0.99990E+01
2016,4,25,18.74111,36.3043,-97.4853,651.0,-0.99990E+01
2016,4,25,18.74139,36.3053,-97.4853,650.0,-0.99990E+01
2016,4,25,18.74167,36.3063,-97.4853,650.0,-0.99990E+01
2016,4,25,18.74195,36.3072,-97.4855,649.0,-0.99990E+01
2016,4,25,18.74222,36.3080,-97.4855,647.0,-0.99990E+01
2016,4,25,18.74250,36.3090,-97.4855,647.0,-0.99990E+01
2016,4,25,18.74278,36.3098,-97.4855,646.0,-0.99990E+01
2016,4,25,18.74306,36.3108,-97.4855,646.0,-0.99990E+01
2016,4,25,18.74333,36.3117,-97.4857,645.0,-0.99990E+01
2016,4,25,18.74361,36.3127,-97.4857,645.0,-0.99990E+01
2016,4,25,18.74389,36.3135,-97.4857,644.0,-0.99990E+01
2016,4,25,18.74417,36.3145,-97.4857,644.0,-0.99990E+01
2016,4,25,18.74444,36.3155,-97.4858,644.0,-0.99990E+01
2016,4,25,18.74472,36.3163,-97.4858,645.0,-0.99990E+01
2016,4,25,18.74500,36.3173,-97.4858,645.0,-0.99990E+01
2016,4,25,18.74528,36.3182,-97.4858,645.0,-0.99990E+01
2016,4,25,18.74556,36.3190,-97.4858,645.0,-0.99990E+01
2016,4,25,18.74583,36.3200,-97.4860,645.0,-0.99990E+01
2016,4,25,18.74611,36.3208,-97.4860,645.0,-0.99990E+01
2016,4,25,18.74639,36.3218,-97.4860,645.0,-0.99990E+01
2016,4,25,18.74667,36.3227,-97.4860,646.0,-0.99990E+01
2016,4,25,18.74694,36.3237,-97.4862,647.0,-0.99990E+01
2016,4,25,18.74722,36.3245,-97.4862,647.0,-0.99990E+01
2016,4,25,18.74750,36.3253,-97.4862,647.0,-0.99990E+01
2016,4,25,18.74778,36.3263,-97.4862,648.0,-0.99990E+01
2016,4,25,18.74806,36.3272,-97.4862,648.0,-0.99990E+01
2016,4,25,18.74833,36.3282,-97.4863,649.0,-0.99990E+01
2016,4,25,18.74861,36.3292,-97.4863,650.0,-0.99990E+01
2016,4,25,18.74889,36.3300,-97.4863,651.0,-0.99990E+01
2016,4,25,18.74917,36.3310,-97.4863,651.0,-0.99990E+01
2016,4,25,18.74944,36.3318,-97.4863,652.0,-0.99990E+01
2016,4,25,18.74972,36.3327,-97.4863,653.0,-0.99990E+01
2016,4,25,18.75000,36.3337,-97.4863,654.0,-0.99990E+01
2016,4,25,18.75028,36.3345,-97.4863,656.0,-0.99990E+01
2016,4,25,18.75056,36.3353,-97.4863,656.0,-0.99990E+01
2016,4,25,18.75083,36.3363,-97.4863,657.0,-0.99990E+01
2016,4,25,18.75111,36.3372,-97.4863,657.0,-0.99990E+01
2016,4,25,18.75139,36.3382,-97.4863,657.0,-0.99990E+01
2016,4,25,18.75167,36.3392,-97.4862,656.0,-0.99990E+01
2016,4,25,18.75194,36.3400,-97.4862,656.0,-0.99990E+01
2016,4,25,18.75222,36.3408,-97.4862,656.0,-0.99990E+01
2016,4,25,18.75250,36.3418,-97.4862,655.0,-0.99990E+01
2016,4,25,18.75278,36.3427,-97.4860,655.0,-0.99990E+01
2016,4,25,18.75306,36.3435,-97.4860,656.0,-0.99990E+01
2016,4,25,18.75333,36.3445,-97.4860,657.0,-0.99990E+01
2016,4,25,18.75361,36.3455,-97.4858,659.0,-0.99990E+01
2016,4,25,18.75389,36.3463,-97.4858,660.0,-0.99990E+01
2016,4,25,18.75417,36.3472,-97.4858,661.0,-0.99990E+01
2016,4,25,18.75444,36.3482,-97.4857,662.0,-0.99990E+01
2016,4,25,18.75472,36.3492,-97.4857,662.0,-0.99990E+01
2016,4,25,18.75500,36.3500,-97.4857,662.0,-0.99990E+01
2016,4,25,18.75528,36.3508,-97.4855,662.0,-0.99990E+01
2016,4,25,18.75556,36.3518,-97.4855,662.0,-0.99990E+01
2016,4,25,18.75583,36.3527,-97.4855,661.0,-0.99990E+01
2016,4,25,18.75611,36.3537,-97.4855,661.0,-0.99990E+01
2016,4,25,18.75639,36.3547,-97.4853,661.0,-0.99990E+01
2016,4,25,18.75667,36.3555,-97.4853,661.0,-0.99990E+01
2016,4,25,18.75694,36.3565,-97.4853,661.0,-0.99990E+01
2016,4,25,18.75722,36.3573,-97.4852,661.0,-0.99990E+01
2016,4,25,18.75750,36.3583,-97.4852,660.0,-0.99990E+01
2016,4,25,18.75778,36.3592,-97.4852,660.0,-0.99990E+01
2016,4,25,18.75805,36.3603,-97.4850,660.0,-0.99990E+01
2016,4,25,18.75833,36.3612,-97.4850,660.0,-0.99990E+01
2016,4,25,18.75861,36.3620,-97.4850,659.0,-0.99990E+01
2016,4,25,18.75889,36.3632,-97.4848,659.0,-0.99990E+01
2016,4,25,18.75917,36.3640,-97.4848,658.0,-0.99990E+01
2016,4,25,18.75945,36.3648,-97.4848,656.0,-0.99990E+01
2016,4,25,18.75972,36.3660,-97.4847,655.0,-0.99990E+01
2016,4,25,18.76000,36.3668,-97.4847,653.0,-0.99990E+01
2016,4,25,18.76028,36.3677,-97.4845,652.0,-0.99990E+01
2016,4,25,18.76056,36.3688,-97.4845,651.0,-0.99990E+01
2016,4,25,18.76083,36.3697,-97.4845,650.0,-0.99990E+01
2016,4,25,18.76111,36.3707,-97.4843,651.0,-0.99990E+01
2016,4,25,18.76139,36.3715,-97.4843,651.0,-0.99990E+01
2016,4,25,18.76167,36.3725,-97.4843,651.0,-0.99990E+01
2016,4,25,18.76194,36.3737,-97.4842,651.0,-0.99990E+01
2016,4,25,18.76222,36.3745,-97.4842,651.0,-0.99990E+01
2016,4,25,18.76250,36.3753,-97.4842,650.0,-0.99990E+01
2016,4,25,18.76278,36.3765,-97.4842,649.0,-0.99990E+01
2016,4,25,18.76306,36.3773,-97.4840,648.0,-0.99990E+01
2016,4,25,18.76333,36.3783,-97.4840,646.0,-0.99990E+01
2016,4,25,18.76361,36.3793,-97.4840,643.0,-0.99990E+01
2016,4,25,18.76389,36.3802,-97.4838,641.0,-0.99990E+01
2016,4,25,18.76417,36.3812,-97.4838,639.0,-0.99990E+01
2016,4,25,18.76444,36.3822,-97.4838,638.0,-0.99990E+01
2016,4,25,18.76472,36.3832,-97.4837,638.0,-0.99990E+01
2016,4,25,18.76500,36.3840,-97.4837,638.0,-0.99990E+01
2016,4,25,18.76528,36.3852,-97.4837,638.0,-0.99990E+01
2016,4,25,18.76556,36.3860,-97.4835,638.0,-0.99990E+01
2016,4,25,18.76583,36.3870,-97.4835,639.0,-0.99990E+01
2016,4,25,18.76611,36.3878,-97.4835,640.0,-0.99990E+01
2016,4,25,18.76639,36.3888,-97.4833,641.0,-0.99990E+01
2016,4,25,18.76667,36.3898,-97.4833,642.0,-0.99990E+01
2016,4,25,18.76694,36.3907,-97.4833,643.0,-0.99990E+01
2016,4,25,18.76722,36.3918,-97.4832,644.0,-0.99990E+01
2016,4,25,18.76750,36.3927,-97.4832,645.0,-0.99990E+01
2016,4,25,18.76778,36.3935,-97.4832,646.0,-0.99990E+01
2016,4,25,18.76805,36.3945,-97.4830,647.0,-0.99990E+01
2016,4,25,18.76833,36.3955,-97.4830,648.0,-0.99990E+01
2016,4,25,18.76861,36.3965,-97.4830,649.0,-0.99990E+01
2016,4,25,18.76889,36.3973,-97.4828,650.0,-0.99990E+01
2016,4,25,18.76917,36.3982,-97.4828,652.0,-0.99990E+01
2016,4,25,18.76944,36.3993,-97.4828,653.0,-0.99990E+01
2016,4,25,18.76972,36.4002,-97.4827,655.0,-0.99990E+01
2016,4,25,18.77000,36.4012,-97.4827,656.0,-0.99990E+01
2016,4,25,18.77028,36.4020,-97.4825,657.0,-0.99990E+01
2016,4,25,18.77056,36.4028,-97.4825,657.0,-0.99990E+01
2016,4,25,18.77083,36.4038,-97.4825,657.0,-0.99990E+01
2016,4,25,18.77111,36.4048,-97.4823,656.0,-0.99990E+01
2016,4,25,18.77139,36.4057,-97.4823,655.0,-0.99990E+01
2016,4,25,18.77166,36.4067,-97.4823,656.0,-0.99990E+01
2016,4,25,18.77194,36.4075,-97.4822,655.0,-0.99990E+01
2016,4,25,18.77222,36.4085,-97.4822,653.0,-0.99990E+01
2016,4,25,18.77250,36.4093,-97.4822,652.0,-0.99990E+01
2016,4,25,18.77278,36.4103,-97.4822,651.0,-0.99990E+01
2016,4,25,18.77306,36.4113,-97.4822,650.0,-0.99990E+01
2016,4,25,18.77333,36.4122,-97.4822,650.0,-0.99990E+01
2016,4,25,18.77361,36.4132,-97.4822,649.0,-0.99990E+01
2016,4,25,18.77389,36.4142,-97.4822,649.0,-0.99990E+01
2016,4,25,18.77417,36.4152,-97.4822,649.0,-0.99990E+01
2016,4,25,18.77444,36.4160,-97.4822,648.0,-0.99990E+01
2016,4,25,18.77472,36.4168,-97.4822,647.0,-0.99990E+01
2016,4,25,18.77500,36.4180,-97.4822,647.0,-0.99990E+01
2016,4,25,18.77528,36.4188,-97.4822,647.0,-0.99990E+01
2016,4,25,18.77555,36.4197,-97.4822,647.0,-0.99990E+01
2016,4,25,18.77583,36.4208,-97.4822,647.0,-0.99990E+01
2016,4,25,18.77611,36.4215,-97.4822,647.0,-0.99990E+01
2016,4,25,18.77639,36.4225,-97.4822,649.0,-0.99990E+01
2016,4,25,18.77667,36.4235,-97.4822,651.0,-0.99990E+01
2016,4,25,18.77695,36.4245,-97.4822,653.0,-0.99990E+01
2016,4,25,18.77722,36.4253,-97.4822,653.0,-0.99990E+01
2016,4,25,18.77750,36.4263,-97.4822,653.0,-0.99990E+01
2016,4,25,18.77778,36.4272,-97.4822,653.0,-0.99990E+01
2016,4,25,18.77806,36.4280,-97.4822,653.0,-0.99990E+01
2016,4,25,18.77833,36.4292,-97.4822,653.0,-0.99990E+01
2016,4,25,18.77861,36.4300,-97.4822,653.0,-0.99990E+01
2016,4,25,18.77889,36.4308,-97.4822,653.0,-0.99990E+01
2016,4,25,18.77917,36.4318,-97.4822,653.0,-0.99990E+01
2016,4,25,18.77944,36.4327,-97.4822,653.0,-0.99990E+01
2016,4,25,18.77972,36.4337,-97.4822,653.0,-0.99990E+01
2016,4,25,18.78000,36.4347,-97.4822,654.0,-0.99990E+01
2016,4,25,18.78028,36.4355,-97.4822,655.0,-0.99990E+01
2016,4,25,18.78056,36.4365,-97.4822,656.0,-0.99990E+01
2016,4,25,18.78083,36.4373,-97.4822,657.0,-0.99990E+01
2016,4,25,18.78111,36.4383,-97.4822,659.0,-0.99990E+01
2016,4,25,18.78139,36.4393,-97.4822,661.0,-0.99990E+01
2016,4,25,18.78167,36.4402,-97.4822,663.0,-0.99990E+01
2016,4,25,18.78194,36.4412,-97.4822,665.0,-0.99990E+01
2016,4,25,18.78222,36.4420,-97.4823,667.0,-0.99990E+01
2016,4,25,18.78250,36.4430,-97.4823,669.0,-0.99990E+01
2016,4,25,18.78278,36.4438,-97.4823,670.0,-0.99990E+01
2016,4,25,18.78305,36.4450,-97.4823,670.0,-0.99990E+01
2016,4,25,18.78333,36.4458,-97.4823,669.0,-0.99990E+01
2016,4,25,18.78361,36.4467,-97.4823,667.0,-0.99990E+01
2016,4,25,18.78389,36.4477,-97.4823,665.0,-0.99990E+01
2016,4,25,18.78417,36.4487,-97.4823,664.0,-0.99990E+01
2016,4,25,18.78444,36.4495,-97.4823,661.0,-0.99990E+01
2016,4,25,18.78472,36.4507,-97.4823,659.0,-0.99990E+01
2016,4,25,18.78500,36.4515,-97.4823,657.0,-0.99990E+01
2016,4,25,18.78528,36.4525,-97.4823,655.0,-0.99990E+01
2016,4,25,18.78555,36.4535,-97.4823,653.0,-0.99990E+01
2016,4,25,18.78583,36.4543,-97.4822,651.0,-0.99990E+01
2016,4,25,18.78611,36.4553,-97.4822,649.0,-0.99990E+01
2016,4,25,18.78639,36.4563,-97.4822,646.0,-0.99990E+01
2016,4,25,18.78667,36.4572,-97.4822,645.0,-0.99990E+01
2016,4,25,18.78695,36.4583,-97.4822,645.0,-0.99990E+01
2016,4,25,18.78722,36.4593,-97.4822,646.0,-0.99990E+01
2016,4,25,18.78750,36.4602,-97.4822,647.0,-0.99990E+01
2016,4,25,18.78778,36.4612,-97.4822,648.0,-0.99990E+01
2016,4,25,18.78806,36.4620,-97.4822,650.0,-0.99990E+01
2016,4,25,18.78833,36.4630,-97.4822,652.0,-0.99990E+01
2016,4,25,18.78861,36.4642,-97.4823,653.0,-0.99990E+01
2016,4,25,18.78889,36.4650,-97.4823,655.0,-0.99990E+01
2016,4,25,18.78916,36.4660,-97.4823,656.0,-0.99990E+01
2016,4,25,18.78944,36.4670,-97.4823,657.0,-0.99990E+01
2016,4,25,18.78972,36.4678,-97.4823,657.0,-0.99990E+01
2016,4,25,18.79000,36.4688,-97.4823,656.0,-0.99990E+01
2016,4,25,18.79028,36.4698,-97.4825,656.0,-0.99990E+01
2016,4,25,18.79056,36.4707,-97.4825,656.0,-0.99990E+01
2016,4,25,18.79083,36.4717,-97.4825,656.0,-0.99990E+01
2016,4,25,18.79111,36.4728,-97.4827,656.0,-0.99990E+01
2016,4,25,18.79139,36.4737,-97.4827,655.0,-0.99990E+01
2016,4,25,18.79167,36.4747,-97.4828,655.0,-0.99990E+01
2016,4,25,18.79194,36.4757,-97.4828,653.0,-0.99990E+01
2016,4,25,18.79222,36.4767,-97.4830,652.0,-0.99990E+01
2016,4,25,18.79250,36.4775,-97.4830,650.0,-0.99990E+01
2016,4,25,18.79278,36.4785,-97.4832,648.0,-0.99990E+01
2016,4,25,18.79306,36.4793,-97.4833,647.0,-0.99990E+01
2016,4,25,18.79333,36.4803,-97.4833,646.0,-0.99990E+01
2016,4,25,18.79361,36.4815,-97.4835,645.0,-0.99990E+01
2016,4,25,18.79389,36.4823,-97.4835,645.0,-0.99990E+01
2016,4,25,18.79417,36.4833,-97.4835,644.0,-0.99990E+01
2016,4,25,18.79444,36.4843,-97.4837,643.0,-0.99990E+01
2016,4,25,18.79472,36.4852,-97.4837,643.0,-0.99990E+01
2016,4,25,18.79500,36.4863,-97.4838,643.0,-0.99990E+01
2016,4,25,18.79527,36.4872,-97.4838,643.0,-0.99990E+01
2016,4,25,18.79556,36.4880,-97.4840,643.0,-0.99990E+01
2016,4,25,18.79583,36.4892,-97.4840,644.0,-0.99990E+01
2016,4,25,18.79611,36.4900,-97.4842,645.0,-0.99990E+01
2016,4,25,18.79639,36.4908,-97.4842,646.0,-0.99990E+01
2016,4,25,18.79667,36.4920,-97.4843,647.0,-0.99990E+01
2016,4,25,18.79694,36.4928,-97.4843,648.0,-0.99990E+01
2016,4,25,18.79722,36.4937,-97.4843,649.0,-0.99990E+01
2016,4,25,18.79750,36.4948,-97.4845,651.0,-0.99990E+01
2016,4,25,18.79778,36.4957,-97.4845,653.0,-0.99990E+01
2016,4,25,18.79806,36.4965,-97.4847,655.0,-0.99990E+01
2016,4,25,18.79833,36.4975,-97.4847,658.0,-0.99990E+01
2016,4,25,18.79861,36.4983,-97.4847,660.0,-0.99990E+01
2016,4,25,18.79889,36.4993,-97.4848,659.0,-0.99990E+01
2016,4,25,18.79917,36.5003,-97.4848,659.0,-0.99990E+01
2016,4,25,18.79944,36.5012,-97.4850,659.0,-0.99990E+01
2016,4,25,18.79972,36.5022,-97.4850,659.0,-0.99990E+01
2016,4,25,18.80000,36.5030,-97.4850,658.0,-0.99990E+01
2016,4,25,18.80028,36.5040,-97.4852,656.0,-0.99990E+01
2016,4,25,18.80055,36.5050,-97.4852,654.0,-0.99990E+01
2016,4,25,18.80083,36.5060,-97.4852,652.0,-0.99990E+01
2016,4,25,18.80111,36.5068,-97.4853,650.0,-0.99990E+01
2016,4,25,18.80139,36.5078,-97.4853,648.0,-0.99990E+01
2016,4,25,18.80167,36.5087,-97.4855,646.0,-0.99990E+01
2016,4,25,18.80194,36.5097,-97.4855,645.0,-0.99990E+01
2016,4,25,18.80222,36.5108,-97.4855,643.0,-0.99990E+01
2016,4,25,18.80250,36.5115,-97.4857,642.0,-0.99990E+01
2016,4,25,18.80278,36.5125,-97.4857,641.0,-0.99990E+01
2016,4,25,18.80305,36.5133,-97.4857,641.0,-0.99990E+01
2016,4,25,18.80333,36.5145,-97.4858,641.0,-0.99990E+01
2016,4,25,18.80361,36.5153,-97.4858,641.0,-0.99990E+01
2016,4,25,18.80389,36.5163,-97.4858,642.0,-0.99990E+01
2016,4,25,18.80417,36.5172,-97.4858,643.0,-0.99990E+01
2016,4,25,18.80445,36.5182,-97.4858,644.0,-0.99990E+01
2016,4,25,18.80472,36.5190,-97.4858,645.0,-0.99990E+01
2016,4,25,18.80500,36.5200,-97.4858,646.0,-0.99990E+01
2016,4,25,18.80528,36.5208,-97.4858,647.0,-0.99990E+01
2016,4,25,18.80556,36.5218,-97.4858,647.0,-0.99990E+01
2016,4,25,18.80583,36.5228,-97.4858,648.0,-0.99990E+01
2016,4,25,18.80611,36.5237,-97.4858,648.0,-0.99990E+01
2016,4,25,18.80639,36.5247,-97.4858,648.0,-0.99990E+01
2016,4,25,18.80667,36.5255,-97.4858,648.0,-0.99990E+01
2016,4,25,18.80694,36.5265,-97.4858,649.0,-0.99990E+01
2016,4,25,18.80722,36.5273,-97.4858,649.0,-0.99990E+01
2016,4,25,18.80750,36.5283,-97.4858,651.0,-0.99990E+01
2016,4,25,18.80778,36.5293,-97.4858,653.0,-0.99990E+01
2016,4,25,18.80805,36.5302,-97.4858,655.0,-0.99990E+01
2016,4,25,18.80833,36.5310,-97.4858,658.0,-0.99990E+01
2016,4,25,18.80861,36.5322,-97.4858,660.0,-0.99990E+01
2016,4,25,18.80889,36.5330,-97.4858,662.0,-0.99990E+01
2016,4,25,18.80917,36.5338,-97.4858,664.0,-0.99990E+01
2016,4,25,18.80944,36.5348,-97.4858,666.0,-0.99990E+01
2016,4,25,18.80972,36.5357,-97.4858,667.0,-0.99990E+01
2016,4,25,18.81000,36.5367,-97.4858,668.0,-0.99990E+01
2016,4,25,18.81028,36.5377,-97.4858,669.0,-0.99990E+01
2016,4,25,18.81056,36.5385,-97.4858,670.0,-0.99990E+01
2016,4,25,18.81083,36.5393,-97.4858,670.0,-0.99990E+01
2016,4,25,18.81111,36.5403,-97.4858,669.0,-0.99990E+01
2016,4,25,18.81139,36.5412,-97.4858,668.0,-0.99990E+01
2016,4,25,18.81167,36.5422,-97.4858,666.0,-0.99990E+01
2016,4,25,18.81194,36.5432,-97.4858,665.0,-0.99990E+01
2016,4,25,18.81222,36.5442,-97.4858,663.0,-0.99990E+01
2016,4,25,18.81250,36.5450,-97.4857,661.0,-0.99990E+01
2016,4,25,18.81277,36.5460,-97.4857,659.0,-0.99990E+01
2016,4,25,18.81306,36.5468,-97.4857,657.0,-0.99990E+01
2016,4,25,18.81333,36.5478,-97.4857,655.0,-0.99990E+01
2016,4,25,18.81361,36.5488,-97.4857,653.0,-0.99990E+01
2016,4,25,18.81389,36.5498,-97.4857,651.0,-0.99990E+01
2016,4,25,18.81417,36.5507,-97.4857,649.0,-0.99990E+01
2016,4,25,18.81444,36.5517,-97.4857,647.0,-0.99990E+01
2016,4,25,18.81472,36.5527,-97.4857,643.0,-0.99990E+01
2016,4,25,18.81500,36.5537,-97.4857,640.0,-0.99990E+01
2016,4,25,18.81528,36.5545,-97.4857,636.0,-0.99990E+01
2016,4,25,18.81556,36.5555,-97.4857,633.0,-0.99990E+01
2016,4,25,18.81583,36.5565,-97.4857,631.0,-0.99990E+01
2016,4,25,18.81611,36.5575,-97.4857,629.0,-0.99990E+01
2016,4,25,18.81639,36.5585,-97.4857,628.0,-0.99990E+01
2016,4,25,18.81667,36.5595,-97.4857,627.0,-0.99990E+01
2016,4,25,18.81695,36.5605,-97.4857,628.0,-0.99990E+01
2016,4,25,18.81722,36.5615,-97.4857,629.0,-0.99990E+01
2016,4,25,18.81750,36.5623,-97.4857,632.0,-0.99990E+01
2016,4,25,18.81778,36.5633,-97.4857,636.0,-0.99990E+01
2016,4,25,18.81806,36.5643,-97.4857,639.0,-0.99990E+01
2016,4,25,18.81833,36.5652,-97.4857,643.0,-0.99990E+01
2016,4,25,18.81861,36.5663,-97.4857,647.0,-0.99990E+01
2016,4,25,18.81889,36.5672,-97.4855,651.0,-0.99990E+01
2016,4,25,18.81917,36.5682,-97.4855,654.0,-0.99990E+01
2016,4,25,18.81944,36.5692,-97.4855,657.0,-0.99990E+01
2016,4,25,18.81972,36.5700,-97.4855,658.0,-0.99990E+01
2016,4,25,18.82000,36.5710,-97.4855,659.0,-0.99990E+01
2016,4,25,18.82028,36.5720,-97.4855,658.0,-0.99990E+01
2016,4,25,18.82055,36.5728,-97.4853,657.0,-0.99990E+01
2016,4,25,18.82084,36.5740,-97.4853,655.0,-0.99990E+01
2016,4,25,18.82111,36.5748,-97.4853,653.0,-0.99990E+01
2016,4,25,18.82139,36.5758,-97.4853,650.0,-0.99990E+01
2016,4,25,18.82167,36.5768,-97.4853,646.0,-0.99990E+01
2016,4,25,18.82195,36.5778,-97.4853,643.0,-0.99990E+01
2016,4,25,18.82222,36.5787,-97.4853,640.0,-0.99990E+01
2016,4,25,18.82250,36.5797,-97.4853,638.0,-0.99990E+01
2016,4,25,18.82278,36.5807,-97.4853,636.0,-0.99990E+01
2016,4,25,18.82306,36.5815,-97.4853,635.0,-0.99990E+01
2016,4,25,18.82333,36.5825,-97.4853,634.0,-0.99990E+01
2016,4,25,18.82361,36.5835,-97.4853,633.0,-0.99990E+01
2016,4,25,18.82389,36.5845,-97.4853,633.0,-0.99990E+01
2016,4,25,18.82417,36.5855,-97.4852,633.0,-0.99990E+01
2016,4,25,18.82445,36.5865,-97.4852,633.0,-0.99990E+01
2016,4,25,18.82472,36.5875,-97.4852,633.0,-0.99990E+01
2016,4,25,18.82500,36.5885,-97.4852,634.0,-0.99990E+01
2016,4,25,18.82528,36.5893,-97.4852,634.0,-0.99990E+01
2016,4,25,18.82556,36.5903,-97.4852,635.0,-0.99990E+01
2016,4,25,18.82583,36.5913,-97.4852,636.0,-0.99990E+01
2016,4,25,18.82611,36.5923,-97.4852,637.0,-0.99990E+01
2016,4,25,18.82639,36.5932,-97.4852,638.0,-0.99990E+01
2016,4,25,18.82667,36.5943,-97.4852,639.0,-0.99990E+01
2016,4,25,18.82695,36.5953,-97.4852,639.0,-0.99990E+01
2016,4,25,18.82722,36.5962,-97.4852,640.0,-0.99990E+01
2016,4,25,18.82750,36.5972,-97.4852,641.0,-0.99990E+01
2016,4,25,18.82778,36.5982,-97.4852,641.0,-0.99990E+01
2016,4,25,18.82806,36.5992,-97.4852,640.0,-0.99990E+01
2016,4,25,18.82833,36.6000,-97.4852,640.0,-0.99990E+01
2016,4,25,18.82861,36.6010,-97.4852,639.0,-0.99990E+01
2016,4,25,18.82889,36.6020,-97.4852,637.0,-0.99990E+01
2016,4,25,18.82917,36.6028,-97.4852,636.0,-0.99990E+01
2016,4,25,18.82944,36.6038,-97.4852,635.0,-0.99990E+01
2016,4,25,18.82973,36.6048,-97.4852,633.0,-0.99990E+01
2016,4,25,18.83000,36.6057,-97.4852,632.0,-0.99990E+01
2016,4,25,18.83028,36.6067,-97.4852,631.0,-0.99990E+01
2016,4,25,18.83056,36.6077,-97.4852,630.0,-0.99990E+01
2016,4,25,18.83083,36.6087,-97.4852,629.0,-0.99990E+01
2016,4,25,18.83111,36.6095,-97.4852,629.0,-0.99990E+01
2016,4,25,18.83139,36.6107,-97.4852,629.0,-0.99990E+01
2016,4,25,18.83167,36.6115,-97.4852,629.0,-0.99990E+01
2016,4,25,18.83194,36.6125,-97.4852,629.0,-0.99990E+01
2016,4,25,18.83222,36.6133,-97.4852,630.0,-0.99990E+01
2016,4,25,18.83250,36.6143,-97.4850,632.0,-0.99990E+01
2016,4,25,18.83278,36.6153,-97.4852,634.0,-0.99990E+01
2016,4,25,18.83306,36.6162,-97.4852,635.0,-0.99990E+01
2016,4,25,18.83333,36.6172,-97.4852,636.0,-0.99990E+01
2016,4,25,18.83361,36.6182,-97.4852,636.0,-0.99990E+01
2016,4,25,18.83389,36.6192,-97.4852,637.0,-0.99990E+01
2016,4,25,18.83417,36.6200,-97.4852,638.0,-0.99990E+01
2016,4,25,18.83445,36.6210,-97.4852,638.0,-0.99990E+01
2016,4,25,18.83472,36.6218,-97.4852,638.0,-0.99990E+01
2016,4,25,18.83500,36.6228,-97.4852,638.0,-0.99990E+01
2016,4,25,18.83528,36.6238,-97.4852,637.0,-0.99990E+01
2016,4,25,18.83556,36.6248,-97.4852,636.0,-0.99990E+01
2016,4,25,18.83584,36.6257,-97.4852,635.0,-0.99990E+01
2016,4,25,18.83611,36.6267,-97.4852,634.0,-0.99990E+01
2016,4,25,18.83639,36.6275,-97.4852,633.0,-0.99990E+01
2016,4,25,18.83667,36.6285,-97.4852,633.0,-0.99990E+01
2016,4,25,18.83694,36.6297,-97.4850,634.0,-0.99990E+01
2016,4,25,18.83722,36.6305,-97.4850,635.0,-0.99990E+01
2016,4,25,18.83750,36.6313,-97.4850,636.0,-0.99990E+01
2016,4,25,18.83778,36.6323,-97.4850,637.0,-0.99990E+01
2016,4,25,18.83805,36.6332,-97.4850,638.0,-0.99990E+01
2016,4,25,18.83833,36.6342,-97.4850,638.0,-0.99990E+01
2016,4,25,18.83861,36.6352,-97.4850,638.0,-0.99990E+01
2016,4,25,18.83889,36.6360,-97.4850,638.0,-0.99990E+01
2016,4,25,18.83917,36.6370,-97.4850,639.0,-0.99990E+01
2016,4,25,18.83945,36.6380,-97.4850,639.0,-0.99990E+01
2016,4,25,18.83972,36.6388,-97.4850,639.0,-0.99990E+01
2016,4,25,18.84000,36.6398,-97.4850,639.0,-0.99990E+01
2016,4,25,18.84028,36.6408,-97.4850,639.0,-0.99990E+01
2016,4,25,18.84056,36.6417,-97.4850,639.0,-0.99990E+01
2016,4,25,18.84083,36.6427,-97.4850,638.0,-0.99990E+01
2016,4,25,18.84111,36.6437,-97.4850,637.0,-0.99990E+01
2016,4,25,18.84139,36.6445,-97.4850,637.0,-0.99990E+01
2016,4,25,18.84167,36.6455,-97.4850,636.0,-0.99990E+01
2016,4,25,18.84195,36.6465,-97.4850,635.0,-0.99990E+01
2016,4,25,18.84222,36.6475,-97.4850,634.0,-0.99990E+01
2016,4,25,18.84250,36.6483,-97.4850,634.0,-0.99990E+01
2016,4,25,18.84278,36.6493,-97.4850,634.0,-0.99990E+01
2016,4,25,18.84306,36.6502,-97.4850,634.0,-0.99990E+01
2016,4,25,18.84333,36.6513,-97.4850,635.0,-0.99990E+01
2016,4,25,18.84361,36.6522,-97.4850,635.0,-0.99990E+01
2016,4,25,18.84389,36.6530,-97.4850,636.0,-0.99990E+01
2016,4,25,18.84417,36.6542,-97.4850,635.0,-0.99990E+01
2016,4,25,18.84444,36.6550,-97.4850,635.0,-0.99990E+01
2016,4,25,18.84472,36.6558,-97.4850,635.0,-0.99990E+01
2016,4,25,18.84500,36.6568,-97.4850,634.0,-0.99990E+01
2016,4,25,18.84528,36.6578,-97.4850,634.0,-0.99990E+01
2016,4,25,18.84556,36.6587,-97.4850,633.0,-0.99990E+01
2016,4,25,18.84583,36.6597,-97.4850,632.0,-0.99990E+01
2016,4,25,18.84611,36.6605,-97.4848,633.0,-0.99990E+01
2016,4,25,18.84639,36.6615,-97.4848,635.0,-0.99990E+01
2016,4,25,18.84667,36.6625,-97.4848,638.0,-0.99990E+01
2016,4,25,18.84694,36.6633,-97.4848,640.0,-0.99990E+01
2016,4,25,18.84722,36.6643,-97.4848,642.0,-0.99990E+01
2016,4,25,18.84750,36.6653,-97.4848,645.0,-0.99990E+01
2016,4,25,18.84778,36.6662,-97.4848,646.0,-0.99990E+01
2016,4,25,18.84806,36.6672,-97.4848,647.0,-0.99990E+01
2016,4,25,18.84833,36.6680,-97.4848,647.0,-0.99990E+01
2016,4,25,18.84861,36.6690,-97.4847,647.0,-0.99990E+01
2016,4,25,18.84889,36.6700,-97.4847,646.0,-0.99990E+01
2016,4,25,18.84917,36.6708,-97.4847,646.0,-0.99990E+01
2016,4,25,18.84945,36.6718,-97.4847,644.0,-0.99990E+01
2016,4,25,18.84972,36.6728,-97.4847,644.0,-0.99990E+01
2016,4,25,18.85000,36.6737,-97.4847,643.0,-0.99990E+01
2016,4,25,18.85028,36.6747,-97.4847,643.0,-0.99990E+01
2016,4,25,18.85056,36.6757,-97.4847,643.0,-0.99990E+01
2016,4,25,18.85083,36.6765,-97.4847,642.0,-0.99990E+01
2016,4,25,18.85111,36.6775,-97.4847,641.0,-0.99990E+01
2016,4,25,18.85139,36.6785,-97.4847,641.0,-0.99990E+01
2016,4,25,18.85167,36.6795,-97.4847,642.0,-0.99990E+01
2016,4,25,18.85194,36.6805,-97.4847,643.0,-0.99990E+01
2016,4,25,18.85222,36.6813,-97.4847,643.0,-0.99990E+01
2016,4,25,18.85250,36.6823,-97.4847,643.0,-0.99990E+01
2016,4,25,18.85278,36.6833,-97.4847,642.0,-0.99990E+01
2016,4,25,18.85306,36.6842,-97.4847,641.0,-0.99990E+01
2016,4,25,18.85334,36.6853,-97.4845,640.0,-0.99990E+01
2016,4,25,18.85361,36.6862,-97.4845,638.0,-0.99990E+01
2016,4,25,18.85389,36.6872,-97.4845,637.0,-0.99990E+01
2016,4,25,18.85417,36.6882,-97.4845,636.0,-0.99990E+01
2016,4,25,18.85444,36.6890,-97.4845,635.0,-0.99990E+01
2016,4,25,18.85472,36.6900,-97.4845,633.0,-0.99990E+01
2016,4,25,18.85500,36.6910,-97.4845,632.0,-0.99990E+01
2016,4,25,18.85528,36.6920,-97.4845,631.0,-0.99990E+01
2016,4,25,18.85556,36.6930,-97.4845,632.0,-0.99990E+01
2016,4,25,18.85583,36.6938,-97.4845,634.0,-0.99990E+01
2016,4,25,18.85611,36.6948,-97.4845,637.0,-0.99990E+01
2016,4,25,18.85639,36.6958,-97.4845,638.0,-0.99990E+01
2016,4,25,18.85667,36.6968,-97.4845,638.0,-0.99990E+01
2016,4,25,18.85695,36.6978,-97.4845,639.0,-0.99990E+01
2016,4,25,18.85722,36.6988,-97.4845,640.0,-0.99990E+01
2016,4,25,18.85750,36.6998,-97.4845,640.0,-0.99990E+01
2016,4,25,18.85778,36.7007,-97.4845,641.0,-0.99990E+01
2016,4,25,18.85806,36.7017,-97.4845,641.0,-0.99990E+01
2016,4,25,18.85833,36.7027,-97.4845,642.0,-0.99990E+01
2016,4,25,18.85861,36.7037,-97.4845,643.0,-0.99990E+01
2016,4,25,18.85889,36.7047,-97.4845,644.0,-0.99990E+01
2016,4,25,18.85917,36.7057,-97.4845,644.0,-0.99990E+01
2016,4,25,18.85945,36.7065,-97.4845,644.0,-0.99990E+01
2016,4,25,18.85972,36.7075,-97.4845,644.0,-0.99990E+01
2016,4,25,18.86000,36.7085,-97.4845,642.0,-0.99990E+01
2016,4,25,18.86028,36.7095,-97.4845,641.0,-0.99990E+01
2016,4,25,18.86056,36.7105,-97.4845,639.0,-0.99990E+01
2016,4,25,18.86083,36.7115,-97.4843,636.0,-0.99990E+01
2016,4,25,18.86111,36.7125,-97.4843,634.0,-0.99990E+01
2016,4,25,18.86139,36.7133,-97.4843,633.0,-0.99990E+01
2016,4,25,18.86167,36.7145,-97.4843,632.0,-0.99990E+01
2016,4,25,18.86194,36.7153,-97.4843,631.0,-0.99990E+01
2016,4,25,18.86222,36.7163,-97.4843,630.0,-0.99990E+01
2016,4,25,18.86250,36.7172,-97.4843,630.0,-0.99990E+01
2016,4,25,18.86278,36.7182,-97.4843,630.0,-0.99990E+01
2016,4,25,18.86306,36.7192,-97.4843,629.0,-0.99990E+01
2016,4,25,18.86333,36.7202,-97.4842,629.0,-0.99990E+01
2016,4,25,18.86361,36.7212,-97.4842,631.0,-0.99990E+01
2016,4,25,18.86389,36.7222,-97.4842,631.0,-0.99990E+01
2016,4,25,18.86417,36.7232,-97.4842,631.0,-0.99990E+01
2016,4,25,18.86444,36.7240,-97.4842,631.0,-0.99990E+01
2016,4,25,18.86472,36.7252,-97.4842,630.0,-0.99990E+01
2016,4,25,18.86500,36.7260,-97.4842,630.0,-0.99990E+01
2016,4,25,18.86528,36.7270,-97.4842,629.0,-0.99990E+01
2016,4,25,18.86556,36.7280,-97.4842,629.0,-0.99990E+01
2016,4,25,18.86583,36.7288,-97.4842,629.0,-0.99990E+01
2016,4,25,18.86611,36.7298,-97.4842,629.0,-0.99990E+01
2016,4,25,18.86639,36.7308,-97.4842,629.0,-0.99990E+01
2016,4,25,18.86667,36.7318,-97.4842,629.0,-0.99990E+01
2016,4,25,18.86695,36.7328,-97.4842,630.0,-0.99990E+01
2016,4,25,18.86722,36.7338,-97.4842,630.0,-0.99990E+01
2016,4,25,18.86750,36.7348,-97.4842,630.0,-0.99990E+01
2016,4,25,18.86778,36.7357,-97.4840,631.0,-0.99990E+01
2016,4,25,18.86806,36.7367,-97.4840,631.0,-0.99990E+01
2016,4,25,18.86833,36.7375,-97.4840,631.0,-0.99990E+01
2016,4,25,18.86861,36.7385,-97.4840,632.0,-0.99990E+01
2016,4,25,18.86889,36.7395,-97.4840,632.0,-0.99990E+01
2016,4,25,18.86917,36.7405,-97.4840,633.0,-0.99990E+01
2016,4,25,18.86944,36.7413,-97.4840,635.0,-0.99990E+01
2016,4,25,18.86972,36.7423,-97.4840,638.0,-0.99990E+01
2016,4,25,18.87000,36.7433,-97.4840,641.0,-0.99990E+01
2016,4,25,18.87028,36.7442,-97.4840,643.0,-0.99990E+01
2016,4,25,18.87056,36.7453,-97.4840,644.0,-0.99990E+01
2016,4,25,18.87083,36.7462,-97.4840,644.0,-0.99990E+01
2016,4,25,18.87111,36.7472,-97.4840,643.0,-0.99990E+01
2016,4,25,18.87139,36.7480,-97.4840,642.0,-0.99990E+01
2016,4,25,18.87167,36.7490,-97.4840,640.0,-0.99990E+01
2016,4,25,18.87194,36.7500,-97.4840,639.0,-0.99990E+01
2016,4,25,18.87222,36.7508,-97.4840,637.0,-0.99990E+01
2016,4,25,18.87250,36.7518,-97.4840,636.0,-0.99990E+01
2016,4,25,18.87278,36.7528,-97.4840,636.0,-0.99990E+01
2016,4,25,18.87306,36.7538,-97.4840,635.0,-0.99990E+01
2016,4,25,18.87333,36.7547,-97.4840,634.0,-0.99990E+01
2016,4,25,18.87361,36.7557,-97.4840,633.0,-0.99990E+01
2016,4,25,18.87389,36.7567,-97.4840,632.0,-0.99990E+01
2016,4,25,18.87417,36.7575,-97.4840,631.0,-0.99990E+01
2016,4,25,18.87444,36.7585,-97.4840,631.0,-0.99990E+01
2016,4,25,18.87472,36.7595,-97.4840,631.0,-0.99990E+01
2016,4,25,18.87500,36.7603,-97.4838,631.0,-0.99990E+01
2016,4,25,18.87528,36.7613,-97.4838,632.0,-0.99990E+01
2016,4,25,18.87556,36.7623,-97.4838,632.0,-0.99990E+01
2016,4,25,18.87583,36.7633,-97.4838,632.0,-0.99990E+01
2016,4,25,18.87611,36.7643,-97.4838,633.0,-0.99990E+01
2016,4,25,18.87639,36.7652,-97.4838,633.0,-0.99990E+01
2016,4,25,18.87667,36.7662,-97.4838,633.0,-0.99990E+01
2016,4,25,18.87694,36.7672,-97.4838,634.0,-0.99990E+01
2016,4,25,18.87722,36.7682,-97.4838,635.0,-0.99990E+01
2016,4,25,18.87750,36.7690,-97.4838,635.0,-0.99990E+01
2016,4,25,18.87778,36.7700,-97.4838,636.0,-0.99990E+01
2016,4,25,18.87806,36.7708,-97.4838,637.0,-0.99990E+01
2016,4,25,18.87833,36.7718,-97.4838,637.0,-0.99990E+01
2016,4,25,18.87861,36.7728,-97.4838,638.0,-0.99990E+01
2016,4,25,18.87889,36.7737,-97.4838,637.0,-0.99990E+01
2016,4,25,18.87917,36.7747,-97.4838,637.0,-0.99990E+01
2016,4,25,18.87944,36.7755,-97.4838,637.0,-0.99990E+01
2016,4,25,18.87972,36.7765,-97.4838,636.0,-0.99990E+01
2016,4,25,18.88000,36.7775,-97.4838,636.0,-0.99990E+01
2016,4,25,18.88028,36.7785,-97.4838,635.0,-0.99990E+01
2016,4,25,18.88056,36.7793,-97.4838,635.0,-0.99990E+01
2016,4,25,18.88083,36.7803,-97.4838,635.0,-0.99990E+01
2016,4,25,18.88111,36.7813,-97.4838,635.0,-0.99990E+01
2016,4,25,18.88139,36.7822,-97.4840,636.0,-0.99990E+01
2016,4,25,18.88167,36.7832,-97.4840,636.0,-0.99990E+01
2016,4,25,18.88194,36.7840,-97.4840,636.0,-0.99990E+01
2016,4,25,18.88222,36.7850,-97.4840,636.0,-0.99990E+01
2016,4,25,18.88250,36.7860,-97.4840,636.0,-0.99990E+01
2016,4,25,18.88278,36.7868,-97.4840,636.0,-0.99990E+01
2016,4,25,18.88305,36.7878,-97.4840,636.0,-0.99990E+01
2016,4,25,18.88333,36.7888,-97.4840,636.0,-0.99990E+01
2016,4,25,18.88361,36.7897,-97.4840,635.0,-0.99990E+01
2016,4,25,18.88389,36.7907,-97.4840,635.0,-0.99990E+01
2016,4,25,18.88417,36.7917,-97.4840,634.0,-0.99990E+01
2016,4,25,18.88445,36.7925,-97.4840,634.0,-0.99990E+01
2016,4,25,18.88472,36.7933,-97.4840,633.0,-0.99990E+01
2016,4,25,18.88500,36.7945,-97.4840,632.0,-0.99990E+01
2016,4,25,18.88528,36.7953,-97.4840,632.0,-0.99990E+01
2016,4,25,18.88556,36.7962,-97.4840,632.0,-0.99990E+01
2016,4,25,18.88583,36.7972,-97.4840,632.0,-0.99990E+01
2016,4,25,18.88611,36.7982,-97.4840,634.0,-0.99990E+01
2016,4,25,18.88639,36.7992,-97.4840,637.0,-0.99990E+01
2016,4,25,18.88667,36.8000,-97.4840,638.0,-0.99990E+01
2016,4,25,18.88694,36.8008,-97.4840,639.0,-0.99990E+01
2016,4,25,18.88722,36.8020,-97.4840,639.0,-0.99990E+01
2016,4,25,18.88750,36.8027,-97.4840,641.0,-0.99990E+01
2016,4,25,18.88778,36.8037,-97.4840,642.0,-0.99990E+01
2016,4,25,18.88806,36.8047,-97.4840,643.0,-0.99990E+01
2016,4,25,18.88833,36.8055,-97.4840,644.0,-0.99990E+01
2016,4,25,18.88861,36.8065,-97.4838,646.0,-0.99990E+01
2016,4,25,18.88889,36.8075,-97.4838,648.0,-0.99990E+01
2016,4,25,18.88917,36.8083,-97.4838,650.0,-0.99990E+01
2016,4,25,18.88944,36.8093,-97.4838,651.0,-0.99990E+01
2016,4,25,18.88972,36.8103,-97.4838,652.0,-0.99990E+01
2016,4,25,18.89000,36.8112,-97.4838,652.0,-0.99990E+01
2016,4,25,18.89028,36.8122,-97.4838,651.0,-0.99990E+01
2016,4,25,18.89056,36.8130,-97.4838,650.0,-0.99990E+01
2016,4,25,18.89083,36.8140,-97.4838,649.0,-0.99990E+01
2016,4,25,18.89111,36.8150,-97.4838,648.0,-0.99990E+01
2016,4,25,18.89139,36.8160,-97.4838,647.0,-0.99990E+01
2016,4,25,18.89167,36.8168,-97.4837,646.0,-0.99990E+01
2016,4,25,18.89194,36.8178,-97.4837,646.0,-0.99990E+01
2016,4,25,18.89222,36.8188,-97.4835,646.0,-0.99990E+01
2016,4,25,18.89250,36.8197,-97.4835,646.0,-0.99990E+01
2016,4,25,18.89278,36.8207,-97.4832,646.0,-0.99990E+01
2016,4,25,18.89305,36.8217,-97.4830,646.0,-0.99990E+01
2016,4,25,18.89333,36.8225,-97.4828,646.0,-0.99990E+01
2016,4,25,18.89361,36.8237,-97.4823,645.0,-0.99990E+01
2016,4,25,18.89389,36.8245,-97.4820,644.0,-0.99990E+01
2016,4,25,18.89417,36.8253,-97.4817,643.0,-0.99990E+01
2016,4,25,18.89444,36.8263,-97.4810,641.0,-0.99990E+01
2016,4,25,18.89472,36.8270,-97.4807,637.0,-0.99990E+01
2016,4,25,18.89500,36.8278,-97.4802,636.0,-0.99990E+01
2016,4,25,18.89528,36.8288,-97.4793,635.0,-0.99990E+01
2016,4,25,18.89556,36.8297,-97.4788,635.0,-0.99990E+01
2016,4,25,18.89583,36.8303,-97.4782,634.0,-0.99990E+01
2016,4,25,18.89611,36.8310,-97.4773,634.0,-0.99990E+01
2016,4,25,18.89639,36.8317,-97.4767,634.0,-0.99990E+01
2016,4,25,18.89667,36.8325,-97.4758,634.0,-0.99990E+01
2016,4,25,18.89694,36.8332,-97.4750,634.0,-0.99990E+01
2016,4,25,18.89722,36.8338,-97.4740,635.0,-0.99990E+01
2016,4,25,18.89750,36.8343,-97.4732,634.0,-0.99990E+01
2016,4,25,18.89778,36.8348,-97.4723,634.0,-0.99990E+01
2016,4,25,18.89806,36.8353,-97.4712,634.0,-0.99990E+01
2016,4,25,18.89833,36.8358,-97.4703,634.0,-0.99990E+01
2016,4,25,18.89861,36.8363,-97.4693,635.0,-0.99990E+01
2016,4,25,18.89889,36.8367,-97.4683,635.0,-0.99990E+01
2016,4,25,18.89917,36.8370,-97.4673,635.0,-0.99990E+01
2016,4,25,18.89944,36.8373,-97.4662,636.0,-0.99990E+01
2016,4,25,18.89972,36.8377,-97.4650,637.0,-0.99990E+01
2016,4,25,18.90000,36.8378,-97.4642,638.0,-0.99990E+01
2016,4,25,18.90028,36.8380,-97.4630,640.0,-0.99990E+01
2016,4,25,18.90055,36.8383,-97.4618,642.0,-0.99990E+01
2016,4,25,18.90083,36.8385,-97.4608,644.0,-0.99990E+01
2016,4,25,18.90111,36.8385,-97.4598,646.0,-0.99990E+01
2016,4,25,18.90139,36.8387,-97.4587,650.0,-0.99990E+01
2016,4,25,18.90167,36.8388,-97.4577,651.0,-0.99990E+01
2016,4,25,18.90194,36.8390,-97.4563,654.0,-0.99990E+01
2016,4,25,18.90222,36.8390,-97.4553,656.0,-0.99990E+01
2016,4,25,18.90250,36.8392,-97.4543,656.0,-0.99990E+01
2016,4,25,18.90278,36.8392,-97.4533,656.0,-0.99990E+01
2016,4,25,18.90306,36.8393,-97.4522,656.0,-0.99990E+01
2016,4,25,18.90333,36.8393,-97.4510,655.0,-0.99990E+01
2016,4,25,18.90361,36.8395,-97.4498,654.0,-0.99990E+01
2016,4,25,18.90389,36.8395,-97.4488,653.0,-0.99990E+01
2016,4,25,18.90417,36.8395,-97.4478,652.0,-0.99990E+01
2016,4,25,18.90444,36.8397,-97.4467,654.0,-0.99990E+01
2016,4,25,18.90472,36.8397,-97.4457,654.0,-0.99990E+01
2016,4,25,18.90500,36.8397,-97.4447,650.0,-0.99990E+01
2016,4,25,18.90528,36.8397,-97.4433,649.0,-0.99990E+01
2016,4,25,18.90556,36.8397,-97.4423,651.0,-0.99990E+01
2016,4,25,18.90583,36.8397,-97.4412,649.0,-0.99990E+01
2016,4,25,18.90611,36.8397,-97.4402,649.0,-0.99990E+01
2016,4,25,18.90639,36.8395,-97.4392,648.0,-0.99990E+01
2016,4,25,18.90667,36.8395,-97.4378,649.0,-0.99990E+01
2016,4,25,18.90694,36.8395,-97.4368,650.0,-0.99990E+01
2016,4,25,18.90722,36.8395,-97.4358,650.0,-0.99990E+01
2016,4,25,18.90750,36.8393,-97.4345,652.0,-0.99990E+01
2016,4,25,18.90778,36.8393,-97.4335,653.0,-0.99990E+01
2016,4,25,18.90805,36.8393,-97.4325,654.0,-0.99990E+01
2016,4,25,18.90833,36.8393,-97.4312,657.0,-0.99990E+01
2016,4,25,18.90861,36.8392,-97.4300,660.0,-0.99990E+01
2016,4,25,18.90889,36.8392,-97.4292,664.0,-0.99990E+01
2016,4,25,18.90917,36.8390,-97.4278,669.0,-0.99990E+01
2016,4,25,18.90944,36.8390,-97.4268,674.0,-0.99990E+01
2016,4,25,18.90972,36.8390,-97.4257,680.0,-0.99990E+01
2016,4,25,18.91000,36.8388,-97.4247,685.0,-0.99990E+01
2016,4,25,18.91028,36.8388,-97.4235,691.0,-0.99990E+01
2016,4,25,18.91055,36.8387,-97.4223,698.0,-0.99990E+01
2016,4,25,18.91083,36.8387,-97.4213,702.0,-0.99990E+01
2016,4,25,18.91111,36.8385,-97.4203,707.0,-0.99990E+01
2016,4,25,18.91139,36.8385,-97.4192,712.0,-0.99990E+01
2016,4,25,18.91167,36.8385,-97.4180,718.0,-0.99990E+01
2016,4,25,18.91195,36.8383,-97.4168,724.0,-0.99990E+01
2016,4,25,18.91222,36.8383,-97.4158,729.0,-0.99990E+01
2016,4,25,18.91250,36.8382,-97.4148,734.0,-0.99990E+01
2016,4,25,18.91278,36.8382,-97.4138,738.0,-0.99990E+01
2016,4,25,18.91306,36.8382,-97.4127,741.0,-0.99990E+01
2016,4,25,18.91333,36.8380,-97.4115,746.0,-0.99990E+01
2016,4,25,18.91361,36.8380,-97.4105,750.0,-0.99990E+01
2016,4,25,18.91389,36.8378,-97.4095,755.0,-0.99990E+01
2016,4,25,18.91416,36.8378,-97.4083,761.0,-0.99990E+01
2016,4,25,18.91444,36.8377,-97.4073,765.0,-0.99990E+01
2016,4,25,18.91472,36.8377,-97.4063,770.0,-0.99990E+01
2016,4,25,18.91500,36.8377,-97.4052,774.0,-0.99990E+01
2016,4,25,18.91528,36.8375,-97.4042,778.0,-0.99990E+01
2016,4,25,18.91556,36.8375,-97.4035,780.0,-0.99990E+01
2016,4,25,18.91583,36.8373,-97.4020,786.0,-0.99990E+01
2016,4,25,18.91611,36.8373,-97.4010,791.0,-0.99990E+01
2016,4,25,18.91639,36.8373,-97.3998,797.0,-0.99990E+01
2016,4,25,18.91667,36.8372,-97.3987,803.0,-0.99990E+01
2016,4,25,18.91694,36.8372,-97.3978,809.0,-0.99990E+01
2016,4,25,18.91722,36.8370,-97.3967,815.0,-0.99990E+01
2016,4,25,18.91750,36.8370,-97.3955,821.0,-0.99990E+01
2016,4,25,18.91778,36.8370,-97.3947,827.0,-0.99990E+01
2016,4,25,18.91806,36.8368,-97.3935,833.0,-0.99990E+01
2016,4,25,18.91833,36.8368,-97.3923,839.0,-0.99990E+01
2016,4,25,18.91861,36.8367,-97.3913,845.0,-0.99990E+01
2016,4,25,18.91889,36.8367,-97.3905,849.0,-0.99990E+01
2016,4,25,18.91917,36.8365,-97.3893,856.0,-0.99990E+01
2016,4,25,18.91944,36.8365,-97.3882,862.0,-0.99990E+01
2016,4,25,18.91972,36.8365,-97.3872,868.0,-0.99990E+01
2016,4,25,18.92000,36.8363,-97.3862,873.0,-0.99990E+01
2016,4,25,18.92027,36.8363,-97.3852,878.0,-0.99990E+01
2016,4,25,18.92056,36.8363,-97.3840,884.0,-0.99990E+01
2016,4,25,18.92083,36.8363,-97.3832,888.0,-0.99990E+01
2016,4,25,18.92111,36.8362,-97.3822,895.0,-0.99990E+01
2016,4,25,18.92139,36.8362,-97.3810,902.0,-0.99990E+01
2016,4,25,18.92167,36.8362,-97.3800,908.0,-0.99990E+01
2016,4,25,18.92194,36.8360,-97.3790,915.0,-0.99990E+01
2016,4,25,18.92222,36.8360,-97.3778,923.0,-0.99990E+01
2016,4,25,18.92250,36.8358,-97.3770,928.0,-0.99990E+01
2016,4,25,18.92278,36.8358,-97.3758,934.0,-0.99990E+01
2016,4,25,18.92306,36.8358,-97.3747,940.0,-0.99990E+01
2016,4,25,18.92333,36.8358,-97.3738,944.0,-0.99990E+01
2016,4,25,18.92361,36.8357,-97.3728,949.0,-0.99990E+01
2016,4,25,18.92389,36.8357,-97.3717,954.0,-0.99990E+01
2016,4,25,18.92417,36.8357,-97.3707,958.0,-0.99990E+01
2016,4,25,18.92444,36.8355,-97.3695,963.0,-0.99990E+01
2016,4,25,18.92472,36.8355,-97.3687,967.0,-0.99990E+01
2016,4,25,18.92500,36.8355,-97.3675,971.0,-0.99990E+01
2016,4,25,18.92528,36.8355,-97.3665,975.0,-0.99990E+01
2016,4,25,18.92555,36.8353,-97.3653,979.0,-0.99990E+01
2016,4,25,18.92583,36.8353,-97.3643,983.0,-0.99990E+01
2016,4,25,18.92611,36.8353,-97.3633,987.0,-0.99990E+01
2016,4,25,18.92639,36.8353,-97.3623,991.0,-0.99990E+01
2016,4,25,18.92667,36.8353,-97.3613,995.0,-0.99990E+01
2016,4,25,18.92694,36.8352,-97.3603,999.0,-0.99990E+01
2016,4,25,18.92722,36.8352,-97.3592,1004.0,-0.99990E+01
2016,4,25,18.92750,36.8352,-97.3582,1008.0,-0.99990E+01
2016,4,25,18.92778,36.8352,-97.3570,1013.0,-0.99990E+01
2016,4,25,18.92805,36.8350,-97.3562,1017.0,-0.99990E+01
2016,4,25,18.92833,36.8350,-97.3552,1022.0,-0.99990E+01
2016,4,25,18.92861,36.8350,-97.3538,1028.0,-0.99990E+01
2016,4,25,18.92889,36.8350,-97.3528,1032.0,-0.99990E+01
2016,4,25,18.92917,36.8350,-97.3520,1039.0,-0.99990E+01
2016,4,25,18.92945,36.8348,-97.3508,1046.0,-0.99990E+01
2016,4,25,18.92972,36.8348,-97.3498,1052.0,-0.99990E+01
2016,4,25,18.93000,36.8348,-97.3488,1058.0,-0.99990E+01
2016,4,25,18.93028,36.8348,-97.3477,1065.0,-0.99990E+01
2016,4,25,18.93056,36.8348,-97.3467,1069.0,-0.99990E+01
2016,4,25,18.93083,36.8348,-97.3457,1075.0,-0.99990E+01
2016,4,25,18.93111,36.8347,-97.3445,1080.0,-0.99990E+01
2016,4,25,18.93139,36.8347,-97.3435,1084.0,-0.99990E+01
2016,4,25,18.93167,36.8347,-97.3423,1089.0,-0.99990E+01
2016,4,25,18.93194,36.8347,-97.3412,1094.0,-0.99990E+01
2016,4,25,18.93222,36.8345,-97.3403,1097.0,-0.99990E+01
2016,4,25,18.93250,36.8345,-97.3392,1102.0,-0.99990E+01
2016,4,25,18.93278,36.8345,-97.3382,1106.0,-0.99990E+01
2016,4,25,18.93305,36.8345,-97.3370,1111.0,-0.99990E+01
2016,4,25,18.93333,36.8345,-97.3358,1116.0,-0.99990E+01
2016,4,25,18.93361,36.8343,-97.3350,1120.0,-0.99990E+01
2016,4,25,18.93389,36.8343,-97.3338,1125.0,-0.99990E+01
2016,4,25,18.93417,36.8343,-97.3327,1131.0,-0.99990E+01
2016,4,25,18.93444,36.8343,-97.3317,1135.0,-0.99990E+01
2016,4,25,18.93472,36.8343,-97.3307,1140.0,-0.99990E+01
2016,4,25,18.93500,36.8342,-97.3295,1145.0,-0.99990E+01
2016,4,25,18.93528,36.8342,-97.3285,1150.0,-0.99990E+01
2016,4,25,18.93556,36.8342,-97.3275,1155.0,-0.99990E+01
2016,4,25,18.93583,36.8342,-97.3263,1160.0,-0.99990E+01
2016,4,25,18.93611,36.8342,-97.3252,1165.0,-0.99990E+01
2016,4,25,18.93639,36.8340,-97.3243,1170.0,-0.99990E+01
2016,4,25,18.93667,36.8340,-97.3232,1176.0,-0.99990E+01
2016,4,25,18.93694,36.8340,-97.3222,1181.0,-0.99990E+01
2016,4,25,18.93722,36.8340,-97.3212,1185.0,-0.99990E+01
2016,4,25,18.93750,36.8340,-97.3200,1191.0,-0.99990E+01
2016,4,25,18.93777,36.8340,-97.3190,1196.0,-0.99990E+01
2016,4,25,18.93806,36.8338,-97.3178,1202.0,-0.99990E+01
2016,4,25,18.93833,36.8338,-97.3168,1207.0,-0.99990E+01
2016,4,25,18.93861,36.8338,-97.3158,1213.0,-0.99990E+01
2016,4,25,18.93889,36.8338,-97.3147,1218.0,-0.99990E+01
2016,4,25,18.93917,36.8337,-97.3137,1223.0,-0.99990E+01
2016,4,25,18.93944,36.8337,-97.3125,1229.0,-0.99990E+01
2016,4,25,18.93972,36.8337,-97.3115,1234.0,-0.99990E+01
2016,4,25,18.94000,36.8337,-97.3105,1240.0,-0.99990E+01
2016,4,25,18.94028,36.8335,-97.3093,1246.0,-0.99990E+01
2016,4,25,18.94056,36.8335,-97.3083,1251.0,-0.99990E+01
2016,4,25,18.94083,36.8335,-97.3072,1257.0,-0.99990E+01
2016,4,25,18.94111,36.8333,-97.3062,1262.0,-0.99990E+01
2016,4,25,18.94139,36.8333,-97.3050,1267.0,-0.99990E+01
2016,4,25,18.94167,36.8333,-97.3038,1272.0,-0.99990E+01
2016,4,25,18.94194,36.8332,-97.3030,1276.0,-0.99990E+01
2016,4,25,18.94222,36.8332,-97.3018,1281.0,-0.99990E+01
2016,4,25,18.94250,36.8332,-97.3008,1287.0,-0.99990E+01
2016,4,25,18.94278,36.8330,-97.2997,1292.0,-0.99990E+01
2016,4,25,18.94305,36.8330,-97.2987,1297.0,-0.99990E+01
2016,4,25,18.94333,36.8330,-97.2975,1302.0,-0.99990E+01
2016,4,25,18.94361,36.8328,-97.2963,1307.0,-0.99990E+01
2016,4,25,18.94389,36.8328,-97.2953,1311.0,-0.99990E+01
2016,4,25,18.94417,36.8327,-97.2943,1315.0,-0.99990E+01
2016,4,25,18.94444,36.8327,-97.2932,1320.0,-0.99990E+01
2016,4,25,18.94472,36.8327,-97.2922,1324.0,-0.99990E+01
2016,4,25,18.94500,36.8325,-97.2908,1331.0,-0.99990E+01
2016,4,25,18.94528,36.8325,-97.2900,1336.0,-0.99990E+01
2016,4,25,18.94555,36.8323,-97.2890,1340.0,-0.99990E+01
2016,4,25,18.94583,36.8323,-97.2878,1347.0,-0.99990E+01
2016,4,25,18.94611,36.8323,-97.2868,1353.0,-0.99990E+01
2016,4,25,18.94639,36.8322,-97.2857,1360.0,-0.99990E+01
2016,4,25,18.94667,36.8322,-97.2845,1367.0,-0.99990E+01
2016,4,25,18.94694,36.8320,-97.2835,1373.0,-0.99990E+01
2016,4,25,18.94722,36.8320,-97.2825,1378.0,-0.99990E+01
2016,4,25,18.94750,36.8320,-97.2813,1384.0,-0.99990E+01
2016,4,25,18.94778,36.8318,-97.2803,1389.0,-0.99990E+01
2016,4,25,18.94806,36.8318,-97.2792,1394.0,-0.99990E+01
2016,4,25,18.94833,36.8317,-97.2780,1400.0,-0.99990E+01
2016,4,25,18.94861,36.8317,-97.2770,1404.0,-0.99990E+01
2016,4,25,18.94889,36.8317,-97.2763,1407.0,-0.99990E+01
2016,4,25,18.94917,36.8315,-97.2748,1415.0,-0.99990E+01
2016,4,25,18.94944,36.8315,-97.2738,1419.0,-0.99990E+01
2016,4,25,18.94972,36.8313,-97.2727,1424.0,-0.99990E+01
2016,4,25,18.95000,36.8313,-97.2715,1429.0,-0.99990E+01
2016,4,25,18.95028,36.8312,-97.2705,1433.0,-0.99990E+01
2016,4,25,18.95056,36.8312,-97.2693,1438.0,-0.99990E+01
2016,4,25,18.95083,36.8312,-97.2682,1443.0,-0.99990E+01
2016,4,25,18.95111,36.8310,-97.2672,1447.0,-0.99990E+01
2016,4,25,18.95139,36.8310,-97.2662,1450.0,-0.99990E+01
2016,4,25,18.95167,36.8310,-97.2648,1454.0,-0.99990E+01
2016,4,25,18.95194,36.8308,-97.2638,1458.0,-0.99990E+01
2016,4,25,18.95222,36.8308,-97.2628,1461.0,-0.99990E+01
2016,4,25,18.95250,36.8308,-97.2615,1465.0,-0.99990E+01
2016,4,25,18.95278,36.8308,-97.2605,1469.0,-0.99990E+01
2016,4,25,18.95306,36.8307,-97.2595,1473.0,-0.99990E+01
2016,4,25,18.95333,36.8307,-97.2582,1477.0,-0.99990E+01
2016,4,25,18.95361,36.8307,-97.2572,1481.0,-0.99990E+01
2016,4,25,18.95389,36.8305,-97.2562,1485.0,-0.99990E+01
2016,4,25,18.95417,36.8305,-97.2548,1489.0,-0.99990E+01
2016,4,25,18.95444,36.8305,-97.2538,1494.0,-0.99990E+01
2016,4,25,18.95473,36.8303,-97.2528,1498.0,-0.99990E+01
2016,4,25,18.95500,36.8303,-97.2515,1503.0,-0.99990E+01
2016,4,25,18.95528,36.8302,-97.2505,1508.0,-0.99990E+01
2016,4,25,18.95556,36.8302,-97.2493,1513.0,-0.99990E+01
2016,4,25,18.95583,36.8300,-97.2482,1519.0,-0.99990E+01
2016,4,25,18.95611,36.8300,-97.2472,1523.0,-0.99990E+01
2016,4,25,18.95639,36.8298,-97.2460,1528.0,-0.99990E+01
2016,4,25,18.95667,36.8297,-97.2448,1533.0,-0.99990E+01
2016,4,25,18.95694,36.8297,-97.2438,1537.0,-0.99990E+01
2016,4,25,18.95722,36.8295,-97.2432,1540.0,-0.99990E+01
2016,4,25,18.95750,36.8293,-97.2415,1548.0,-0.99990E+01
2016,4,25,18.95778,36.8293,-97.2405,1553.0,-0.99990E+01
2016,4,25,18.95806,36.8292,-97.2393,1558.0,-0.99990E+01
2016,4,25,18.95833,36.8290,-97.2382,1561.0,-0.99990E+01
2016,4,25,18.95861,36.8290,-97.2372,1565.0,-0.99990E+01
2016,4,25,18.95889,36.8288,-97.2360,1569.0,-0.99990E+01
2016,4,25,18.95917,36.8287,-97.2348,1573.0,-0.99990E+01
2016,4,25,18.95945,36.8287,-97.2338,1577.0,-0.99990E+01
2016,4,25,18.95972,36.8285,-97.2325,1581.0,-0.99990E+01
2016,4,25,18.96000,36.8285,-97.2315,1586.0,-0.99990E+01
2016,4,25,18.96028,36.8283,-97.2303,1590.0,-0.99990E+01
2016,4,25,18.96056,36.8282,-97.2292,1595.0,-0.99990E+01
2016,4,25,18.96084,36.8282,-97.2282,1599.0,-0.99990E+01
2016,4,25,18.96111,36.8280,-97.2270,1604.0,-0.99990E+01
2016,4,25,18.96139,36.8278,-97.2258,1606.0,-0.99990E+01
2016,4,25,18.96167,36.8277,-97.2247,1611.0,-0.99990E+01
2016,4,25,18.96194,36.8277,-97.2235,1615.0,-0.99990E+01
2016,4,25,18.96222,36.8275,-97.2223,1620.0,-0.99990E+01
2016,4,25,18.96250,36.8273,-97.2213,1624.0,-0.99990E+01
2016,4,25,18.96278,36.8273,-97.2202,1629.0,-0.99990E+01
2016,4,25,18.96305,36.8272,-97.2188,1633.0,-0.99990E+01
2016,4,25,18.96334,36.8272,-97.2178,1637.0,-0.99990E+01
2016,4,25,18.96361,36.8270,-97.2167,1641.0,-0.99990E+01
2016,4,25,18.96389,36.8268,-97.2155,1645.0,-0.99990E+01
2016,4,25,18.96417,36.8267,-97.2143,1648.0,-0.99990E+01
2016,4,25,18.96445,36.8267,-97.2132,1651.0,-0.99990E+01
2016,4,25,18.96472,36.8265,-97.2120,1654.0,-0.99990E+01
2016,4,25,18.96500,36.8265,-97.2110,1658.0,-0.99990E+01
2016,4,25,18.96528,36.8263,-97.2098,1661.0,-0.99990E+01
2016,4,25,18.96556,36.8262,-97.2087,1665.0,-0.99990E+01
2016,4,25,18.96583,36.8262,-97.2075,1669.0,-0.99990E+01
2016,4,25,18.96611,36.8260,-97.2062,1674.0,-0.99990E+01
2016,4,25,18.96639,36.8260,-97.2052,1678.0,-0.99990E+01
2016,4,25,18.96667,36.8258,-97.2040,1682.0,-0.99990E+01
2016,4,25,18.96695,36.8257,-97.2027,1687.0,-0.99990E+01
2016,4,25,18.96722,36.8257,-97.2015,1692.0,-0.99990E+01
2016,4,25,18.96750,36.8255,-97.2003,1697.0,-0.99990E+01
2016,4,25,18.96778,36.8255,-97.1992,1701.0,-0.99990E+01
2016,4,25,18.96806,36.8253,-97.1980,1705.0,-0.99990E+01
2016,4,25,18.96833,36.8253,-97.1968,1710.0,-0.99990E+01
2016,4,25,18.96861,36.8252,-97.1955,1715.0,-0.99990E+01
2016,4,25,18.96889,36.8252,-97.1943,1719.0,-0.99990E+01
2016,4,25,18.96917,36.8250,-97.1933,1723.0,-0.99990E+01
2016,4,25,18.96944,36.8250,-97.1922,1728.0,-0.99990E+01
2016,4,25,18.96972,36.8248,-97.1910,1732.0,-0.99990E+01
2016,4,25,18.97000,36.8248,-97.1897,1737.0,-0.99990E+01
2016,4,25,18.97028,36.8247,-97.1885,1742.0,-0.99990E+01
2016,4,25,18.97056,36.8247,-97.1872,1746.0,-0.99990E+01
2016,4,25,18.97083,36.8247,-97.1862,1750.0,-0.99990E+01
2016,4,25,18.97111,36.8245,-97.1848,1755.0,-0.99990E+01
2016,4,25,18.97139,36.8245,-97.1838,1759.0,-0.99990E+01
2016,4,25,18.97167,36.8243,-97.1825,1764.0,-0.99990E+01
2016,4,25,18.97194,36.8243,-97.1812,1769.0,-0.99990E+01
2016,4,25,18.97222,36.8243,-97.1802,1773.0,-0.99990E+01
2016,4,25,18.97250,36.8242,-97.1790,1777.0,-0.99990E+01
2016,4,25,18.97278,36.8242,-97.1777,1781.0,-0.99990E+01
2016,4,25,18.97306,36.8240,-97.1765,1785.0,-0.99990E+01
2016,4,25,18.97333,36.8240,-97.1753,1790.0,-0.99990E+01
2016,4,25,18.97361,36.8240,-97.1740,1795.0,-0.99990E+01
2016,4,25,18.97389,36.8238,-97.1730,1799.0,-0.99990E+01
2016,4,25,18.97417,36.8238,-97.1717,1804.0,-0.99990E+01
2016,4,25,18.97445,36.8237,-97.1703,1809.0,-0.99990E+01
2016,4,25,18.97472,36.8237,-97.1693,1813.0,-0.99990E+01
2016,4,25,18.97500,36.8237,-97.1682,1818.0,-0.99990E+01
2016,4,25,18.97528,36.8235,-97.1668,1823.0,-0.99990E+01
2016,4,25,18.97556,36.8235,-97.1655,1828.0,-0.99990E+01
2016,4,25,18.97583,36.8235,-97.1645,1832.0,-0.99990E+01
2016,4,25,18.97611,36.8233,-97.1632,1837.0,-0.99990E+01
2016,4,25,18.97639,36.8233,-97.1620,1842.0,-0.99990E+01
2016,4,25,18.97667,36.8233,-97.1608,1846.0,-0.99990E+01
2016,4,25,18.97695,36.8232,-97.1595,1855.0,-0.99990E+01
2016,4,25,18.97722,36.8232,-97.1583,1859.0,-0.99990E+01
2016,4,25,18.97750,36.8232,-97.1570,1864.0,-0.99990E+01
2016,4,25,18.97778,36.8230,-97.1558,1869.0,-0.99990E+01
2016,4,25,18.97806,36.8230,-97.1548,1873.0,-0.99990E+01
2016,4,25,18.97834,36.8228,-97.1533,1879.0,-0.99990E+01
2016,4,25,18.97861,36.8228,-97.1522,1883.0,-0.99990E+01
2016,4,25,18.97889,36.8228,-97.1512,1888.0,-0.99990E+01
2016,4,25,18.97917,36.8227,-97.1498,1893.0,-0.99990E+01
2016,4,25,18.97944,36.8227,-97.1487,1898.0,-0.99990E+01
2016,4,25,18.97972,36.8227,-97.1475,1903.0,-0.99990E+01
2016,4,25,18.98000,36.8225,-97.1463,1908.0,-0.99990E+01
2016,4,25,18.98028,36.8225,-97.1450,1914.0,-0.99990E+01
2016,4,25,18.98056,36.8225,-97.1438,1919.0,-0.99990E+01
2016,4,25,18.98083,36.8223,-97.1427,1925.0,-0.99990E+01
2016,4,25,18.98111,36.8223,-97.1412,1931.0,-0.99990E+01
2016,4,25,18.98139,36.8223,-97.1402,1936.0,-0.99990E+01
2016,4,25,18.98167,36.8222,-97.1390,1942.0,-0.99990E+01
2016,4,25,18.98195,36.8222,-97.1375,1948.0,-0.99990E+01
2016,4,25,18.98222,36.8222,-97.1365,1953.0,-0.99990E+01
2016,4,25,18.98250,36.8220,-97.1353,1959.0,-0.99990E+01
2016,4,25,18.98278,36.8220,-97.1338,1964.0,-0.99990E+01
2016,4,25,18.98306,36.8220,-97.1328,1969.0,-0.99990E+01
2016,4,25,18.98333,36.8220,-97.1317,1974.0,-0.99990E+01
2016,4,25,18.98361,36.8218,-97.1302,1980.0,-0.99990E+01
2016,4,25,18.98389,36.8218,-97.1290,1985.0,-0.99990E+01
2016,4,25,18.98417,36.8218,-97.1278,1989.0,-0.99990E+01
2016,4,25,18.98445,36.8217,-97.1265,1995.0,-0.99990E+01
2016,4,25,18.98472,36.8217,-97.1255,1999.0,-0.99990E+01
2016,4,25,18.98500,36.8217,-97.1242,2004.0,-0.99990E+01
2016,4,25,18.98528,36.8215,-97.1228,2010.0,-0.99990E+01
2016,4,25,18.98556,36.8215,-97.1217,2015.0,-0.99990E+01
2016,4,25,18.98583,36.8215,-97.1205,2019.0,-0.99990E+01
2016,4,25,18.98611,36.8213,-97.1192,2026.0,-0.99990E+01
2016,4,25,18.98639,36.8213,-97.1182,2030.0,-0.99990E+01
2016,4,25,18.98667,36.8213,-97.1167,2036.0,-0.99990E+01
2016,4,25,18.98694,36.8213,-97.1155,2042.0,-0.99990E+01
2016,4,25,18.98722,36.8212,-97.1143,2047.0,-0.99990E+01
2016,4,25,18.98750,36.8212,-97.1132,2052.0,-0.99990E+01
2016,4,25,18.98778,36.8212,-97.1118,2058.0,-0.99990E+01
2016,4,25,18.98806,36.8210,-97.1108,2062.0,-0.99990E+01
2016,4,25,18.98833,36.8210,-97.1095,2068.0,-0.99990E+01
2016,4,25,18.98861,36.8210,-97.1082,2074.0,-0.99990E+01
2016,4,25,18.98889,36.8210,-97.1072,2078.0,-0.99990E+01
2016,4,25,18.98917,36.8208,-97.1057,2084.0,-0.99990E+01
2016,4,25,18.98944,36.8208,-97.1047,2089.0,-0.99990E+01
2016,4,25,18.98972,36.8208,-97.1035,2094.0,-0.99990E+01
2016,4,25,18.99000,36.8208,-97.1020,2100.0,-0.99990E+01
2016,4,25,18.99028,36.8208,-97.1010,2105.0,-0.99990E+01
2016,4,25,18.99056,36.8207,-97.1002,2108.0,-0.99990E+01
2016,4,25,18.99083,36.8207,-97.0983,2116.0,-0.99990E+01
2016,4,25,18.99111,36.8207,-97.0973,2121.0,-0.99990E+01
2016,4,25,18.99139,36.8207,-97.0962,2127.0,-0.99990E+01
2016,4,25,18.99167,36.8205,-97.0947,2133.0,-0.99990E+01
2016,4,25,18.99195,36.8205,-97.0937,2137.0,-0.99990E+01
2016,4,25,18.99222,36.8205,-97.0925,2143.0,-0.99990E+01
2016,4,25,18.99250,36.8205,-97.0910,2149.0,-0.99990E+01
2016,4,25,18.99278,36.8205,-97.0900,2153.0,-0.99990E+01
2016,4,25,18.99306,36.8203,-97.0888,2158.0,-0.99990E+01
2016,4,25,18.99333,36.8203,-97.0875,2164.0,-0.99990E+01
2016,4,25,18.99361,36.8203,-97.0862,2169.0,-0.99990E+01
2016,4,25,18.99389,36.8203,-97.0852,2174.0,-0.99990E+01
2016,4,25,18.99417,36.8203,-97.0838,2179.0,-0.99990E+01
2016,4,25,18.99444,36.8203,-97.0825,2185.0,-0.99990E+01
2016,4,25,18.99472,36.8202,-97.0815,2189.0,-0.99990E+01
2016,4,25,18.99500,36.8202,-97.0802,2195.0,-0.99990E+01
2016,4,25,18.99528,36.8202,-97.0788,2200.0,-0.99990E+01
2016,4,25,18.99556,36.8202,-97.0775,2205.0,-0.99990E+01
2016,4,25,18.99583,36.8202,-97.0767,2209.0,-0.99990E+01
2016,4,25,18.99611,36.8202,-97.0753,2214.0,-0.99990E+01
2016,4,25,18.99639,36.8202,-97.0742,2219.0,-0.99990E+01
2016,4,25,18.99667,36.8202,-97.0728,2225.0,-0.99990E+01
2016,4,25,18.99694,36.8200,-97.0718,2229.0,-0.99990E+01
2016,4,25,18.99722,36.8200,-97.0705,2235.0,-0.99990E+01
2016,4,25,18.99750,36.8200,-97.0692,2240.0,-0.99990E+01
2016,4,25,18.99778,36.8200,-97.0682,2245.0,-0.99990E+01
2016,4,25,18.99806,36.8200,-97.0668,2251.0,-0.99990E+01
2016,4,25,18.99833,36.8200,-97.0655,2257.0,-0.99990E+01
2016,4,25,18.99861,36.8200,-97.0645,2262.0,-0.99990E+01
2016,4,25,18.99889,36.8200,-97.0638,2265.0,-0.99990E+01
2016,4,25,18.99917,36.8200,-97.0620,2273.0,-0.99990E+01
2016,4,25,18.99944,36.8200,-97.0608,2278.0,-0.99990E+01
2016,4,25,18.99972,36.8200,-97.0597,2284.0,-0.99990E+01
2016,4,25,19.00000,36.8200,-97.0583,2290.0,-0.99990E+01
2016,4,25,19.00028,36.8200,-97.0573,2295.0,-0.99990E+01
2016,4,25,19.00056,36.8200,-97.0560,2300.0,-0.99990E+01
2016,4,25,19.00083,36.8200,-97.0547,2307.0,-0.99990E+01
2016,4,25,19.00111,36.8200,-97.0537,2312.0,-0.99990E+01
2016,4,25,19.00139,36.8200,-97.0525,2317.0,-0.99990E+01
2016,4,25,19.00167,36.8198,-97.0512,2324.0,-0.99990E+01
2016,4,25,19.00194,36.8198,-97.0500,2330.0,-0.99990E+01
2016,4,25,19.00222,36.8198,-97.0487,2336.0,-0.99990E+01
2016,4,25,19.00250,36.8198,-97.0475,2342.0,-0.99990E+01
2016,4,25,19.00278,36.8198,-97.0463,2348.0,-0.99990E+01
2016,4,25,19.00306,36.8197,-97.0452,2354.0,-0.99990E+01
2016,4,25,19.00333,36.8197,-97.0440,2360.0,-0.99990E+01
2016,4,25,19.00361,36.8197,-97.0430,2365.0,-0.99990E+01
2016,4,25,19.00389,36.8195,-97.0415,2371.0,-0.99990E+01
2016,4,25,19.00417,36.8195,-97.0405,2375.0,-0.99990E+01
2016,4,25,19.00444,36.8195,-97.0393,2380.0,-0.99990E+01
2016,4,25,19.00472,36.8195,-97.0380,2386.0,-0.99990E+01
2016,4,25,19.00500,36.8193,-97.0370,2390.0,-0.99990E+01
2016,4,25,19.00528,36.8193,-97.0358,2395.0,-0.99990E+01
2016,4,25,19.00556,36.8193,-97.0345,2400.0,-0.99990E+01
2016,4,25,19.00583,36.8193,-97.0335,2405.0,-0.99990E+01
2016,4,25,19.00611,36.8192,-97.0322,2410.0,-0.99990E+01
2016,4,25,19.00639,36.8192,-97.0310,2414.0,-0.99990E+01
2016,4,25,19.00667,36.8192,-97.0298,2418.0,-0.99990E+01
2016,4,25,19.00694,36.8190,-97.0287,2423.0,-0.99990E+01
2016,4,25,19.00722,36.8190,-97.0275,2427.0,-0.99990E+01
2016,4,25,19.00750,36.8190,-97.0263,2432.0,-0.99990E+01
2016,4,25,19.00778,36.8188,-97.0250,2437.0,-0.99990E+01
2016,4,25,19.00805,36.8188,-97.0240,2440.0,-0.99990E+01
2016,4,25,19.00833,36.8188,-97.0228,2445.0,-0.99990E+01
2016,4,25,19.00861,36.8188,-97.0215,2449.0,-0.99990E+01
2016,4,25,19.00889,36.8187,-97.0202,2454.0,-0.99990E+01
2016,4,25,19.00917,36.8187,-97.0192,2458.0,-0.99990E+01
2016,4,25,19.00945,36.8187,-97.0178,2462.0,-0.99990E+01
2016,4,25,19.00972,36.8185,-97.0168,2466.0,-0.99990E+01
2016,4,25,19.01000,36.8185,-97.0157,2470.0,-0.99990E+01
2016,4,25,19.01028,36.8185,-97.0142,2475.0,-0.99990E+01
2016,4,25,19.01056,36.8183,-97.0130,2479.0,-0.99990E+01
2016,4,25,19.01083,36.8183,-97.0120,2483.0,-0.99990E+01
2016,4,25,19.01111,36.8183,-97.0105,2488.0,-0.99990E+01
2016,4,25,19.01139,36.8182,-97.0097,2492.0,-0.99990E+01
2016,4,25,19.01167,36.8182,-97.0082,2497.0,-0.99990E+01
2016,4,25,19.01194,36.8182,-97.0070,2501.0,-0.99990E+01
2016,4,25,19.01222,36.8180,-97.0058,2505.0,-0.99990E+01
2016,4,25,19.01250,36.8180,-97.0047,2510.0,-0.99990E+01
2016,4,25,19.01278,36.8180,-97.0035,2514.0,-0.99990E+01
2016,4,25,19.01306,36.8178,-97.0023,2518.0,-0.99990E+01
2016,4,25,19.01333,36.8178,-97.0010,2523.0,-0.99990E+01
2016,4,25,19.01361,36.8178,-96.9998,2528.0,-0.99990E+01
2016,4,25,19.01389,36.8177,-96.9988,2532.0,-0.99990E+01
2016,4,25,19.01417,36.8177,-96.9975,2537.0,-0.99990E+01
2016,4,25,19.01444,36.8175,-96.9963,2541.0,-0.99990E+01
2016,4,25,19.01472,36.8175,-96.9952,2546.0,-0.99990E+01
2016,4,25,19.01500,36.8175,-96.9938,2551.0,-0.99990E+01
2016,4,25,19.01528,36.8173,-96.9928,2555.0,-0.99990E+01
2016,4,25,19.01556,36.8173,-96.9920,2558.0,-0.99990E+01
2016,4,25,19.01583,36.8173,-96.9902,2565.0,-0.99990E+01
2016,4,25,19.01611,36.8172,-96.9892,2569.0,-0.99990E+01
2016,4,25,19.01639,36.8172,-96.9880,2573.0,-0.99990E+01
2016,4,25,19.01667,36.8170,-96.9867,2578.0,-0.99990E+01
2016,4,25,19.01694,36.8170,-96.9855,2582.0,-0.99990E+01
2016,4,25,19.01722,36.8170,-96.9843,2587.0,-0.99990E+01
2016,4,25,19.01750,36.8168,-96.9828,2592.0,-0.99990E+01
2016,4,25,19.01778,36.8168,-96.9818,2595.0,-0.99990E+01
2016,4,25,19.01805,36.8167,-96.9807,2599.0,-0.99990E+01
2016,4,25,19.01833,36.8167,-96.9793,2604.0,-0.99990E+01
2016,4,25,19.01861,36.8165,-96.9782,2607.0,-0.99990E+01
2016,4,25,19.01889,36.8165,-96.9772,2610.0,-0.99990E+01
2016,4,25,19.01917,36.8165,-96.9758,2614.0,-0.99990E+01
2016,4,25,19.01944,36.8163,-96.9745,2616.0,-0.99990E+01
2016,4,25,19.01972,36.8163,-96.9735,2619.0,-0.99990E+01
2016,4,25,19.02000,36.8162,-96.9720,2622.0,-0.99990E+01
2016,4,25,19.02028,36.8162,-96.9710,2623.0,-0.99990E+01
2016,4,25,19.02056,36.8162,-96.9700,2625.0,-0.99990E+01
2016,4,25,19.02083,36.8160,-96.9687,2626.0,-0.99990E+01
2016,4,25,19.02111,36.8160,-96.9677,2626.0,-0.99990E+01
2016,4,25,19.02139,36.8160,-96.9663,2625.0,-0.99990E+01
2016,4,25,19.02166,36.8158,-96.9652,2624.0,-0.99990E+01
2016,4,25,19.02194,36.8158,-96.9640,2622.0,-0.99990E+01
2016,4,25,19.02222,36.8158,-96.9628,2620.0,-0.99990E+01
2016,4,25,19.02250,36.8157,-96.9617,2617.0,-0.99990E+01
2016,4,25,19.02278,36.8157,-96.9605,2614.0,-0.99990E+01
2016,4,25,19.02306,36.8157,-96.9593,2612.0,-0.99990E+01
2016,4,25,19.02333,36.8155,-96.9580,2609.0,-0.99990E+01
2016,4,25,19.02361,36.8155,-96.9570,2606.0,-0.99990E+01
2016,4,25,19.02389,36.8155,-96.9563,2604.0,-0.99990E+01
2016,4,25,19.02417,36.8153,-96.9545,2600.0,-0.99990E+01
2016,4,25,19.02444,36.8153,-96.9535,2597.0,-0.99990E+01
2016,4,25,19.02472,36.8153,-96.9523,2595.0,-0.99990E+01
2016,4,25,19.02500,36.8152,-96.9510,2592.0,-0.99990E+01
2016,4,25,19.02528,36.8152,-96.9500,2589.0,-0.99990E+01
2016,4,25,19.02555,36.8152,-96.9488,2587.0,-0.99990E+01
2016,4,25,19.02583,36.8150,-96.9475,2584.0,-0.99990E+01
2016,4,25,19.02611,36.8150,-96.9465,2582.0,-0.99990E+01
2016,4,25,19.02639,36.8150,-96.9452,2579.0,-0.99990E+01
2016,4,25,19.02667,36.8148,-96.9442,2577.0,-0.99990E+01
2016,4,25,19.02695,36.8148,-96.9430,2575.0,-0.99990E+01
2016,4,25,19.02722,36.8148,-96.9418,2573.0,-0.99990E+01
2016,4,25,19.02750,36.8147,-96.9405,2569.0,-0.99990E+01
2016,4,25,19.02778,36.8147,-96.9393,2566.0,-0.99990E+01
2016,4,25,19.02806,36.8147,-96.9382,2562.0,-0.99990E+01
2016,4,25,19.02833,36.8145,-96.9370,2557.0,-0.99990E+01
2016,4,25,19.02861,36.8145,-96.9358,2553.0,-0.99990E+01
2016,4,25,19.02889,36.8145,-96.9345,2548.0,-0.99990E+01
2016,4,25,19.02917,36.8143,-96.9335,2544.0,-0.99990E+01
2016,4,25,19.02944,36.8143,-96.9323,2539.0,-0.99990E+01
2016,4,25,19.02972,36.8143,-96.9310,2534.0,-0.99990E+01
2016,4,25,19.03000,36.8143,-96.9300,2530.0,-0.99990E+01
2016,4,25,19.03028,36.8142,-96.9288,2525.0,-0.99990E+01
2016,4,25,19.03056,36.8142,-96.9275,2520.0,-0.99990E+01
2016,4,25,19.03083,36.8142,-96.9263,2516.0,-0.99990E+01
2016,4,25,19.03111,36.8140,-96.9252,2512.0,-0.99990E+01
2016,4,25,19.03139,36.8140,-96.9238,2506.0,-0.99990E+01
2016,4,25,19.03167,36.8140,-96.9228,2502.0,-0.99990E+01
2016,4,25,19.03194,36.8138,-96.9215,2497.0,-0.99990E+01
2016,4,25,19.03222,36.8138,-96.9208,2494.0,-0.99990E+01
2016,4,25,19.03250,36.8138,-96.9190,2487.0,-0.99990E+01
2016,4,25,19.03278,36.8137,-96.9180,2483.0,-0.99990E+01
2016,4,25,19.03305,36.8137,-96.9167,2478.0,-0.99990E+01
2016,4,25,19.03333,36.8137,-96.9155,2473.0,-0.99990E+01
2016,4,25,19.03361,36.8135,-96.9142,2468.0,-0.99990E+01
2016,4,25,19.03389,36.8135,-96.9130,2463.0,-0.99990E+01
2016,4,25,19.03417,36.8135,-96.9118,2459.0,-0.99990E+01
2016,4,25,19.03444,36.8133,-96.9107,2454.0,-0.99990E+01
2016,4,25,19.03472,36.8133,-96.9093,2449.0,-0.99990E+01
2016,4,25,19.03500,36.8133,-96.9082,2445.0,-0.99990E+01
2016,4,25,19.03528,36.8132,-96.9068,2440.0,-0.99990E+01
2016,4,25,19.03555,36.8132,-96.9055,2435.0,-0.99990E+01
2016,4,25,19.03583,36.8130,-96.9045,2430.0,-0.99990E+01
2016,4,25,19.03611,36.8130,-96.9032,2426.0,-0.99990E+01
2016,4,25,19.03639,36.8130,-96.9020,2421.0,-0.99990E+01
2016,4,25,19.03667,36.8128,-96.9007,2417.0,-0.99990E+01
2016,4,25,19.03695,36.8128,-96.8995,2412.0,-0.99990E+01
2016,4,25,19.03722,36.8128,-96.8982,2407.0,-0.99990E+01
2016,4,25,19.03750,36.8127,-96.8970,2403.0,-0.99990E+01
2016,4,25,19.03778,36.8127,-96.8958,2399.0,-0.99990E+01
2016,4,25,19.03806,36.8125,-96.8945,2395.0,-0.99990E+01
2016,4,25,19.03833,36.8125,-96.8933,2390.0,-0.99990E+01
2016,4,25,19.03861,36.8123,-96.8920,2386.0,-0.99990E+01
2016,4,25,19.03889,36.8123,-96.8908,2382.0,-0.99990E+01
2016,4,25,19.03916,36.8123,-96.8895,2378.0,-0.99990E+01
2016,4,25,19.03944,36.8122,-96.8882,2374.0,-0.99990E+01
2016,4,25,19.03972,36.8122,-96.8870,2370.0,-0.99990E+01
2016,4,25,19.04000,36.8120,-96.8857,2366.0,-0.99990E+01
2016,4,25,19.04028,36.8120,-96.8843,2362.0,-0.99990E+01
2016,4,25,19.04056,36.8118,-96.8832,2358.0,-0.99990E+01
2016,4,25,19.04083,36.8118,-96.8820,2355.0,-0.99990E+01
2016,4,25,19.04111,36.8117,-96.8807,2350.0,-0.99990E+01
2016,4,25,19.04139,36.8117,-96.8795,2347.0,-0.99990E+01
2016,4,25,19.04167,36.8115,-96.8782,2343.0,-0.99990E+01
2016,4,25,19.04194,36.8113,-96.8768,2339.0,-0.99990E+01
2016,4,25,19.04222,36.8113,-96.8755,2335.0,-0.99990E+01
2016,4,25,19.04250,36.8112,-96.8745,2331.0,-0.99990E+01
2016,4,25,19.04278,36.8112,-96.8730,2327.0,-0.99990E+01
2016,4,25,19.04306,36.8110,-96.8718,2323.0,-0.99990E+01
2016,4,25,19.04333,36.8110,-96.8707,2319.0,-0.99990E+01
2016,4,25,19.04361,36.8108,-96.8693,2315.0,-0.99990E+01
2016,4,25,19.04389,36.8107,-96.8680,2310.0,-0.99990E+01
2016,4,25,19.04417,36.8107,-96.8668,2307.0,-0.99990E+01
2016,4,25,19.04444,36.8105,-96.8655,2303.0,-0.99990E+01
2016,4,25,19.04472,36.8105,-96.8643,2299.0,-0.99990E+01
2016,4,25,19.04500,36.8103,-96.8628,2294.0,-0.99990E+01
2016,4,25,19.04527,36.8102,-96.8617,2291.0,-0.99990E+01
2016,4,25,19.04556,36.8102,-96.8605,2288.0,-0.99990E+01
2016,4,25,19.04583,36.8100,-96.8592,2283.0,-0.99990E+01
2016,4,25,19.04611,36.8100,-96.8580,2280.0,-0.99990E+01
2016,4,25,19.04639,36.8098,-96.8567,2277.0,-0.99990E+01
2016,4,25,19.04667,36.8097,-96.8553,2273.0,-0.99990E+01
2016,4,25,19.04694,36.8097,-96.8540,2269.0,-0.99990E+01
2016,4,25,19.04722,36.8095,-96.8528,2266.0,-0.99990E+01
2016,4,25,19.04750,36.8093,-96.8515,2262.0,-0.99990E+01
2016,4,25,19.04778,36.8093,-96.8503,2258.0,-0.99990E+01
2016,4,25,19.04806,36.8092,-96.8490,2255.0,-0.99990E+01
2016,4,25,19.04833,36.8092,-96.8477,2251.0,-0.99990E+01
2016,4,25,19.04861,36.8090,-96.8465,2248.0,-0.99990E+01
2016,4,25,19.04889,36.8090,-96.8458,2246.0,-0.99990E+01
2016,4,25,19.04917,36.8088,-96.8438,2241.0,-0.99990E+01
2016,4,25,19.04944,36.8087,-96.8427,2237.0,-0.99990E+01
2016,4,25,19.04972,36.8087,-96.8415,2234.0,-0.99990E+01
2016,4,25,19.05000,36.8085,-96.8400,2230.0,-0.99990E+01
2016,4,25,19.05028,36.8083,-96.8388,2227.0,-0.99990E+01
2016,4,25,19.05055,36.8083,-96.8377,2224.0,-0.99990E+01
2016,4,25,19.05083,36.8082,-96.8360,2219.0,-0.99990E+01
2016,4,25,19.05111,36.8082,-96.8350,2215.0,-0.99990E+01
2016,4,25,19.05139,36.8080,-96.8338,2210.0,-0.99990E+01
2016,4,25,19.05167,36.8080,-96.8323,2204.0,-0.99990E+01
2016,4,25,19.05194,36.8078,-96.8310,2199.0,-0.99990E+01
2016,4,25,19.05222,36.8078,-96.8298,2194.0,-0.99990E+01
2016,4,25,19.05250,36.8077,-96.8285,2187.0,-0.99990E+01
2016,4,25,19.05278,36.8075,-96.8272,2182.0,-0.99990E+01
2016,4,25,19.05305,36.8075,-96.8260,2176.0,-0.99990E+01
2016,4,25,19.05333,36.8073,-96.8245,2169.0,-0.99990E+01
2016,4,25,19.05361,36.8073,-96.8233,2164.0,-0.99990E+01
2016,4,25,19.05389,36.8072,-96.8222,2159.0,-0.99990E+01
2016,4,25,19.05417,36.8072,-96.8207,2153.0,-0.99990E+01
2016,4,25,19.05445,36.8070,-96.8193,2147.0,-0.99990E+01
2016,4,25,19.05472,36.8070,-96.8182,2142.0,-0.99990E+01
2016,4,25,19.05500,36.8068,-96.8168,2137.0,-0.99990E+01
2016,4,25,19.05528,36.8068,-96.8153,2131.0,-0.99990E+01
2016,4,25,19.05556,36.8067,-96.8142,2127.0,-0.99990E+01
2016,4,25,19.05583,36.8067,-96.8128,2122.0,-0.99990E+01
2016,4,25,19.05611,36.8065,-96.8115,2116.0,-0.99990E+01
2016,4,25,19.05639,36.8065,-96.8102,2112.0,-0.99990E+01
2016,4,25,19.05667,36.8063,-96.8088,2107.0,-0.99990E+01
2016,4,25,19.05694,36.8063,-96.8075,2102.0,-0.99990E+01
2016,4,25,19.05722,36.8062,-96.8062,2097.0,-0.99990E+01
2016,4,25,19.05750,36.8062,-96.8048,2092.0,-0.99990E+01
2016,4,25,19.05778,36.8060,-96.8035,2087.0,-0.99990E+01
2016,4,25,19.05805,36.8060,-96.8022,2081.0,-0.99990E+01
2016,4,25,19.05833,36.8058,-96.8008,2077.0,-0.99990E+01
2016,4,25,19.05861,36.8058,-96.7995,2071.0,-0.99990E+01
2016,4,25,19.05889,36.8057,-96.7980,2066.0,-0.99990E+01
2016,4,25,19.05917,36.8057,-96.7967,2060.0,-0.99990E+01
2016,4,25,19.05944,36.8055,-96.7955,2055.0,-0.99990E+01
2016,4,25,19.05972,36.8055,-96.7940,2049.0,-0.99990E+01
2016,4,25,19.06000,36.8053,-96.7928,2043.0,-0.99990E+01
2016,4,25,19.06028,36.8053,-96.7915,2037.0,-0.99990E+01
2016,4,25,19.06056,36.8052,-96.7898,2030.0,-0.99990E+01
2016,4,25,19.06083,36.8052,-96.7887,2025.0,-0.99990E+01
2016,4,25,19.06111,36.8050,-96.7873,2019.0,-0.99990E+01
2016,4,25,19.06139,36.8048,-96.7860,2013.0,-0.99990E+01
2016,4,25,19.06167,36.8048,-96.7845,2006.0,-0.99990E+01
2016,4,25,19.06194,36.8047,-96.7833,2000.0,-0.99990E+01
2016,4,25,19.06222,36.8045,-96.7817,1993.0,-0.99990E+01
2016,4,25,19.06250,36.8045,-96.7805,1988.0,-0.99990E+01
2016,4,25,19.06277,36.8043,-96.7790,1982.0,-0.99990E+01
2016,4,25,19.06306,36.8043,-96.7777,1976.0,-0.99990E+01
2016,4,25,19.06333,36.8042,-96.7765,1971.0,-0.99990E+01
2016,4,25,19.06361,36.8040,-96.7750,1964.0,-0.99990E+01
2016,4,25,19.06389,36.8040,-96.7735,1959.0,-0.99990E+01
2016,4,25,19.06417,36.8038,-96.7723,1954.0,-0.99990E+01
2016,4,25,19.06444,36.8037,-96.7710,1948.0,-0.99990E+01
2016,4,25,19.06472,36.8037,-96.7695,1942.0,-0.99990E+01
2016,4,25,19.06500,36.8035,-96.7680,1936.0,-0.99990E+01
2016,4,25,19.06528,36.8033,-96.7668,1932.0,-0.99990E+01
2016,4,25,19.06556,36.8033,-96.7653,1926.0,-0.99990E+01
2016,4,25,19.06583,36.8032,-96.7642,1921.0,-0.99990E+01
2016,4,25,19.06611,36.8030,-96.7627,1916.0,-0.99990E+01
2016,4,25,19.06639,36.8030,-96.7612,1911.0,-0.99990E+01
2016,4,25,19.06667,36.8028,-96.7598,1906.0,-0.99990E+01
2016,4,25,19.06695,36.8027,-96.7587,1901.0,-0.99990E+01
2016,4,25,19.06722,36.8025,-96.7570,1895.0,-0.99990E+01
2016,4,25,19.06750,36.8025,-96.7555,1890.0,-0.99990E+01
2016,4,25,19.06778,36.8023,-96.7545,1886.0,-0.99990E+01
2016,4,25,19.06806,36.8022,-96.7530,1880.0,-0.99990E+01
2016,4,25,19.06833,36.8022,-96.7515,1875.0,-0.99990E+01
2016,4,25,19.06861,36.8020,-96.7502,1870.0,-0.99990E+01
2016,4,25,19.06889,36.8018,-96.7487,1864.0,-0.99990E+01
2016,4,25,19.06917,36.8018,-96.7473,1859.0,-0.99990E+01
2016,4,25,19.06944,36.8017,-96.7460,1854.0,-0.99990E+01
2016,4,25,19.06972,36.8017,-96.7447,1850.0,-0.99990E+01
2016,4,25,19.07000,36.8017,-96.7432,1845.0,-0.99990E+01
2016,4,25,19.07028,36.8015,-96.7418,1840.0,-0.99990E+01
2016,4,25,19.07055,36.8015,-96.7403,1835.0,-0.99990E+01
2016,4,25,19.07084,36.8015,-96.7392,1831.0,-0.99990E+01
2016,4,25,19.07111,36.8013,-96.7378,1826.0,-0.99990E+01
2016,4,25,19.07139,36.8013,-96.7362,1820.0,-0.99990E+01
2016,4,25,19.07167,36.8013,-96.7348,1816.0,-0.99990E+01
2016,4,25,19.07195,36.8012,-96.7337,1811.0,-0.99990E+01
2016,4,25,19.07222,36.8012,-96.7320,1806.0,-0.99990E+01
2016,4,25,19.07250,36.8012,-96.7307,1802.0,-0.99990E+01
2016,4,25,19.07278,36.8012,-96.7293,1798.0,-0.99990E+01
2016,4,25,19.07306,36.8012,-96.7278,1793.0,-0.99990E+01
2016,4,25,19.07333,36.8010,-96.7265,1789.0,-0.99990E+01
2016,4,25,19.07361,36.8010,-96.7252,1786.0,-0.99990E+01
2016,4,25,19.07389,36.8010,-96.7237,1782.0,-0.99990E+01
2016,4,25,19.07417,36.8010,-96.7223,1778.0,-0.99990E+01
2016,4,25,19.07445,36.8010,-96.7210,1775.0,-0.99990E+01
2016,4,25,19.07472,36.8010,-96.7195,1771.0,-0.99990E+01
2016,4,25,19.07500,36.8010,-96.7180,1767.0,-0.99990E+01
2016,4,25,19.07528,36.8010,-96.7168,1763.0,-0.99990E+01
2016,4,25,19.07556,36.8008,-96.7153,1755.0,-0.99990E+01
2016,4,25,19.07583,36.8008,-96.7138,1751.0,-0.99990E+01
2016,4,25,19.07611,36.8008,-96.7127,1746.0,-0.99990E+01
2016,4,25,19.07639,36.8008,-96.7112,1741.0,-0.99990E+01
2016,4,25,19.07667,36.8008,-96.7097,1736.0,-0.99990E+01
2016,4,25,19.07695,36.8008,-96.7083,1731.0,-0.99990E+01
2016,4,25,19.07722,36.8008,-96.7068,1726.0,-0.99990E+01
2016,4,25,19.07750,36.8008,-96.7055,1722.0,-0.99990E+01
2016,4,25,19.07778,36.8008,-96.7042,1717.0,-0.99990E+01
2016,4,25,19.07806,36.8008,-96.7027,1712.0,-0.99990E+01
2016,4,25,19.07833,36.8008,-96.7013,1708.0,-0.99990E+01
2016,4,25,19.07861,36.8008,-96.7000,1703.0,-0.99990E+01
2016,4,25,19.07889,36.8008,-96.6983,1698.0,-0.99990E+01
2016,4,25,19.07917,36.8007,-96.6972,1694.0,-0.99990E+01
2016,4,25,19.07944,36.8007,-96.6958,1690.0,-0.99990E+01
2016,4,25,19.07973,36.8007,-96.6943,1685.0,-0.99990E+01
2016,4,25,19.08000,36.8007,-96.6930,1681.0,-0.99990E+01
2016,4,25,19.08028,36.8007,-96.6917,1677.0,-0.99990E+01
2016,4,25,19.08056,36.8007,-96.6902,1672.0,-0.99990E+01
2016,4,25,19.08083,36.8007,-96.6888,1668.0,-0.99990E+01
2016,4,25,19.08111,36.8007,-96.6875,1664.0,-0.99990E+01
2016,4,25,19.08139,36.8007,-96.6860,1659.0,-0.99990E+01
2016,4,25,19.08167,36.8007,-96.6848,1656.0,-0.99990E+01
2016,4,25,19.08194,36.8007,-96.6833,1652.0,-0.99990E+01
2016,4,25,19.08222,36.8007,-96.6820,1648.0,-0.99990E+01
2016,4,25,19.08250,36.8007,-96.6807,1644.0,-0.99990E+01
2016,4,25,19.08278,36.8007,-96.6790,1640.0,-0.99990E+01
2016,4,25,19.08306,36.8007,-96.6777,1636.0,-0.99990E+01
2016,4,25,19.08333,36.8007,-96.6765,1633.0,-0.99990E+01
2016,4,25,19.08361,36.8007,-96.6750,1629.0,-0.99990E+01
2016,4,25,19.08389,36.8007,-96.6735,1625.0,-0.99990E+01
2016,4,25,19.08417,36.8007,-96.6722,1621.0,-0.99990E+01
2016,4,25,19.08445,36.8007,-96.6708,1618.0,-0.99990E+01
2016,4,25,19.08472,36.8007,-96.6693,1614.0,-0.99990E+01
2016,4,25,19.08500,36.8007,-96.6682,1611.0,-0.99990E+01
2016,4,25,19.08528,36.8007,-96.6668,1608.0,-0.99990E+01
2016,4,25,19.08556,36.8007,-96.6652,1604.0,-0.99990E+01
2016,4,25,19.08584,36.8007,-96.6640,1601.0,-0.99990E+01
2016,4,25,19.08611,36.8007,-96.6627,1597.0,-0.99990E+01
2016,4,25,19.08639,36.8007,-96.6613,1594.0,-0.99990E+01
2016,4,25,19.08667,36.8007,-96.6598,1591.0,-0.99990E+01
2016,4,25,19.08694,36.8007,-96.6583,1587.0,-0.99990E+01
2016,4,25,19.08722,36.8007,-96.6570,1584.0,-0.99990E+01
2016,4,25,19.08750,36.8007,-96.6558,1581.0,-0.99990E+01
2016,4,25,19.08778,36.8007,-96.6543,1577.0,-0.99990E+01
2016,4,25,19.08805,36.8008,-96.6532,1574.0,-0.99990E+01
2016,4,25,19.08833,36.8008,-96.6517,1571.0,-0.99990E+01
2016,4,25,19.08861,36.8008,-96.6502,1568.0,-0.99990E+01
2016,4,25,19.08889,36.8008,-96.6488,1564.0,-0.99990E+01
2016,4,25,19.08917,36.8008,-96.6477,1561.0,-0.99990E+01
2016,4,25,19.08945,36.8007,-96.6462,1557.0,-0.99990E+01
2016,4,25,19.08972,36.8007,-96.6448,1554.0,-0.99990E+01
2016,4,25,19.09000,36.8007,-96.6437,1550.0,-0.99990E+01
2016,4,25,19.09028,36.8007,-96.6423,1547.0,-0.99990E+01
2016,4,25,19.09056,36.8007,-96.6410,1543.0,-0.99990E+01
2016,4,25,19.09083,36.8007,-96.6395,1539.0,-0.99990E+01
2016,4,25,19.09111,36.8005,-96.6382,1534.0,-0.99990E+01
2016,4,25,19.09139,36.8005,-96.6368,1529.0,-0.99990E+01
2016,4,25,19.09167,36.8005,-96.6355,1524.0,-0.99990E+01
2016,4,25,19.09195,36.8005,-96.6340,1518.0,-0.99990E+01
2016,4,25,19.09222,36.8003,-96.6327,1512.0,-0.99990E+01
2016,4,25,19.09250,36.8003,-96.6313,1506.0,-0.99990E+01
2016,4,25,19.09278,36.8003,-96.6300,1500.0,-0.99990E+01
2016,4,25,19.09306,36.8003,-96.6287,1493.0,-0.99990E+01
2016,4,25,19.09333,36.8002,-96.6275,1490.0,-0.99990E+01
2016,4,25,19.09361,36.8002,-96.6258,1483.0,-0.99990E+01
2016,4,25,19.09389,36.8002,-96.6247,1477.0,-0.99990E+01
2016,4,25,19.09417,36.8000,-96.6235,1471.0,-0.99990E+01
2016,4,25,19.09444,36.8000,-96.6218,1463.0,-0.99990E+01
2016,4,25,19.09472,36.8000,-96.6208,1458.0,-0.99990E+01
2016,4,25,19.09500,36.7998,-96.6192,1450.0,-0.99990E+01
2016,4,25,19.09528,36.7998,-96.6178,1443.0,-0.99990E+01
2016,4,25,19.09556,36.7998,-96.6167,1437.0,-0.99990E+01
2016,4,25,19.09583,36.7997,-96.6153,1430.0,-0.99990E+01
2016,4,25,19.09611,36.7997,-96.6140,1424.0,-0.99990E+01
2016,4,25,19.09639,36.7997,-96.6128,1418.0,-0.99990E+01
2016,4,25,19.09667,36.7995,-96.6113,1411.0,-0.99990E+01
2016,4,25,19.09694,36.7995,-96.6100,1404.0,-0.99990E+01
2016,4,25,19.09722,36.7995,-96.6087,1398.0,-0.99990E+01
2016,4,25,19.09750,36.7993,-96.6073,1391.0,-0.99990E+01
2016,4,25,19.09778,36.7993,-96.6058,1384.0,-0.99990E+01
2016,4,25,19.09806,36.7993,-96.6047,1378.0,-0.99990E+01
2016,4,25,19.09833,36.7992,-96.6032,1371.0,-0.99990E+01
2016,4,25,19.09861,36.7992,-96.6018,1365.0,-0.99990E+01
2016,4,25,19.09889,36.7990,-96.6007,1359.0,-0.99990E+01
2016,4,25,19.09917,36.7990,-96.5992,1352.0,-0.99990E+01
2016,4,25,19.09945,36.7990,-96.5978,1346.0,-0.99990E+01
2016,4,25,19.09972,36.7988,-96.5967,1340.0,-0.99990E+01
2016,4,25,19.10000,36.7988,-96.5952,1333.0,-0.99990E+01
2016,4,25,19.10028,36.7988,-96.5938,1327.0,-0.99990E+01
2016,4,25,19.10056,36.7987,-96.5925,1321.0,-0.99990E+01
2016,4,25,19.10083,36.7987,-96.5912,1316.0,-0.99990E+01
2016,4,25,19.10111,36.7985,-96.5897,1308.0,-0.99990E+01
2016,4,25,19.10139,36.7985,-96.5885,1302.0,-0.99990E+01
2016,4,25,19.10167,36.7985,-96.5872,1295.0,-0.99990E+01
2016,4,25,19.10194,36.7983,-96.5855,1287.0,-0.99990E+01
2016,4,25,19.10222,36.7983,-96.5843,1280.0,-0.99990E+01
2016,4,25,19.10250,36.7983,-96.5830,1273.0,-0.99990E+01
2016,4,25,19.10278,36.7982,-96.5815,1265.0,-0.99990E+01
2016,4,25,19.10306,36.7982,-96.5805,1259.0,-0.99990E+01
2016,4,25,19.10334,36.7980,-96.5788,1252.0,-0.99990E+01
2016,4,25,19.10361,36.7980,-96.5775,1245.0,-0.99990E+01
2016,4,25,19.10389,36.7980,-96.5763,1240.0,-0.99990E+01
2016,4,25,19.10417,36.7978,-96.5748,1234.0,-0.99990E+01
2016,4,25,19.10444,36.7978,-96.5735,1230.0,-0.99990E+01
2016,4,25,19.10472,36.7978,-96.5723,1225.0,-0.99990E+01
2016,4,25,19.10500,36.7977,-96.5708,1220.0,-0.99990E+01
2016,4,25,19.10528,36.7977,-96.5695,1215.0,-0.99990E+01
2016,4,25,19.10556,36.7975,-96.5683,1211.0,-0.99990E+01
2016,4,25,19.10583,36.7975,-96.5670,1206.0,-0.99990E+01
2016,4,25,19.10611,36.7973,-96.5657,1201.0,-0.99990E+01
2016,4,25,19.10639,36.7973,-96.5643,1196.0,-0.99990E+01
2016,4,25,19.10667,36.7973,-96.5628,1190.0,-0.99990E+01
2016,4,25,19.10695,36.7972,-96.5615,1185.0,-0.99990E+01
2016,4,25,19.10722,36.7972,-96.5603,1181.0,-0.99990E+01
2016,4,25,19.10750,36.7970,-96.5588,1175.0,-0.99990E+01
2016,4,25,19.10778,36.7970,-96.5575,1169.0,-0.99990E+01
2016,4,25,19.10806,36.7968,-96.5563,1164.0,-0.99990E+01
2016,4,25,19.10833,36.7968,-96.5548,1160.0,-0.99990E+01
2016,4,25,19.10861,36.7968,-96.5535,1156.0,-0.99990E+01
2016,4,25,19.10889,36.7967,-96.5522,1152.0,-0.99990E+01
2016,4,25,19.10917,36.7967,-96.5507,1148.0,-0.99990E+01
2016,4,25,19.10945,36.7965,-96.5495,1145.0,-0.99990E+01
2016,4,25,19.10972,36.7965,-96.5483,1142.0,-0.99990E+01
2016,4,25,19.11000,36.7963,-96.5468,1138.0,-0.99990E+01
2016,4,25,19.11028,36.7963,-96.5455,1134.0,-0.99990E+01
2016,4,25,19.11056,36.7962,-96.5443,1131.0,-0.99990E+01
2016,4,25,19.11083,36.7962,-96.5430,1127.0,-0.99990E+01
2016,4,25,19.11111,36.7962,-96.5415,1123.0,-0.99990E+01
2016,4,25,19.11139,36.7960,-96.5405,1120.0,-0.99990E+01
2016,4,25,19.11167,36.7960,-96.5390,1116.0,-0.99990E+01
2016,4,25,19.11194,36.7958,-96.5377,1113.0,-0.99990E+01
2016,4,25,19.11222,36.7958,-96.5365,1109.0,-0.99990E+01
2016,4,25,19.11250,36.7957,-96.5352,1104.0,-0.99990E+01
2016,4,25,19.11278,36.7957,-96.5340,1100.0,-0.99990E+01
2016,4,25,19.11306,36.7957,-96.5327,1095.0,-0.99990E+01
2016,4,25,19.11333,36.7955,-96.5312,1089.0,-0.99990E+01
2016,4,25,19.11361,36.7955,-96.5300,1084.0,-0.99990E+01
2016,4,25,19.11389,36.7953,-96.5288,1078.0,-0.99990E+01
2016,4,25,19.11417,36.7953,-96.5273,1072.0,-0.99990E+01
2016,4,25,19.11444,36.7952,-96.5262,1067.0,-0.99990E+01
2016,4,25,19.11472,36.7952,-96.5248,1062.0,-0.99990E+01
2016,4,25,19.11500,36.7950,-96.5235,1056.0,-0.99990E+01
2016,4,25,19.11528,36.7950,-96.5223,1052.0,-0.99990E+01
2016,4,25,19.11556,36.7948,-96.5210,1047.0,-0.99990E+01
2016,4,25,19.11583,36.7948,-96.5197,1042.0,-0.99990E+01
2016,4,25,19.11611,36.7948,-96.5183,1036.0,-0.99990E+01
2016,4,25,19.11639,36.7947,-96.5170,1031.0,-0.99990E+01
2016,4,25,19.11667,36.7947,-96.5158,1027.0,-0.99990E+01
2016,4,25,19.11695,36.7945,-96.5143,1022.0,-0.99990E+01
2016,4,25,19.11722,36.7945,-96.5130,1017.0,-0.99990E+01
2016,4,25,19.11750,36.7943,-96.5118,1012.0,-0.99990E+01
2016,4,25,19.11778,36.7943,-96.5107,1008.0,-0.99990E+01
2016,4,25,19.11806,36.7942,-96.5092,1003.0,-0.99990E+01
2016,4,25,19.11833,36.7942,-96.5080,1000.0,-0.99990E+01
2016,4,25,19.11861,36.7940,-96.5067,995.0,-0.99990E+01
2016,4,25,19.11889,36.7940,-96.5052,991.0,-0.99990E+01
2016,4,25,19.11917,36.7938,-96.5042,988.0,-0.99990E+01
2016,4,25,19.11944,36.7938,-96.5028,983.0,-0.99990E+01
2016,4,25,19.11972,36.7937,-96.5015,978.0,-0.99990E+01
2016,4,25,19.12000,36.7937,-96.5002,972.0,-0.99990E+01
2016,4,25,19.12028,36.7935,-96.4987,965.0,-0.99990E+01
2016,4,25,19.12056,36.7935,-96.4975,960.0,-0.99990E+01
2016,4,25,19.12083,36.7933,-96.4963,956.0,-0.99990E+01
2016,4,25,19.12111,36.7933,-96.4950,950.0,-0.99990E+01
2016,4,25,19.12139,36.7932,-96.4938,946.0,-0.99990E+01
2016,4,25,19.12167,36.7932,-96.4925,941.0,-0.99990E+01
2016,4,25,19.12194,36.7930,-96.4912,936.0,-0.99990E+01
2016,4,25,19.12222,36.7930,-96.4900,932.0,-0.99990E+01
2016,4,25,19.12250,36.7930,-96.4887,928.0,-0.99990E+01
2016,4,25,19.12278,36.7928,-96.4873,924.0,-0.99990E+01
2016,4,25,19.12306,36.7928,-96.4862,920.0,-0.99990E+01
2016,4,25,19.12333,36.7927,-96.4848,916.0,-0.99990E+01
2016,4,25,19.12361,36.7927,-96.4833,911.0,-0.99990E+01
2016,4,25,19.12389,36.7925,-96.4823,906.0,-0.99990E+01
2016,4,25,19.12417,36.7925,-96.4810,902.0,-0.99990E+01
2016,4,25,19.12444,36.7923,-96.4795,896.0,-0.99990E+01
2016,4,25,19.12472,36.7923,-96.4785,892.0,-0.99990E+01
2016,4,25,19.12500,36.7923,-96.4772,886.0,-0.99990E+01
2016,4,25,19.12528,36.7922,-96.4757,881.0,-0.99990E+01
2016,4,25,19.12556,36.7922,-96.4745,876.0,-0.99990E+01
2016,4,25,19.12583,36.7920,-96.4732,871.0,-0.99990E+01
2016,4,25,19.12611,36.7920,-96.4718,867.0,-0.99990E+01
2016,4,25,19.12639,36.7918,-96.4707,862.0,-0.99990E+01
2016,4,25,19.12667,36.7918,-96.4695,857.0,-0.99990E+01
2016,4,25,19.12694,36.7917,-96.4680,851.0,-0.99990E+01
2016,4,25,19.12722,36.7917,-96.4668,847.0,-0.99990E+01
2016,4,25,19.12750,36.7915,-96.4657,842.0,-0.99990E+01
2016,4,25,19.12778,36.7915,-96.4643,837.0,-0.99990E+01
2016,4,25,19.12806,36.7915,-96.4632,832.0,-0.99990E+01
2016,4,25,19.12833,36.7913,-96.4617,827.0,-0.99990E+01
2016,4,25,19.12861,36.7913,-96.4603,821.0,-0.99990E+01
2016,4,25,19.12889,36.7912,-96.4592,816.0,-0.99990E+01
2016,4,25,19.12917,36.7912,-96.4580,811.0,-0.99990E+01
2016,4,25,19.12944,36.7912,-96.4567,806.0,-0.99990E+01
2016,4,25,19.12972,36.7910,-96.4553,800.0,-0.99990E+01
2016,4,25,19.13000,36.7910,-96.4542,795.0,-0.99990E+01
2016,4,25,19.13028,36.7908,-96.4530,790.0,-0.99990E+01
2016,4,25,19.13056,36.7908,-96.4515,783.0,-0.99990E+01
2016,4,25,19.13083,36.7907,-96.4503,777.0,-0.99990E+01
2016,4,25,19.13111,36.7907,-96.4492,772.0,-0.99990E+01
2016,4,25,19.13139,36.7905,-96.4477,766.0,-0.99990E+01
2016,4,25,19.13167,36.7905,-96.4465,761.0,-0.99990E+01
2016,4,25,19.13194,36.7903,-96.4453,756.0,-0.99990E+01
2016,4,25,19.13222,36.7903,-96.4440,751.0,-0.99990E+01
2016,4,25,19.13250,36.7903,-96.4428,746.0,-0.99990E+01
2016,4,25,19.13278,36.7902,-96.4415,742.0,-0.99990E+01
2016,4,25,19.13305,36.7902,-96.4402,737.0,-0.99990E+01
2016,4,25,19.13333,36.7900,-96.4390,732.0,-0.99990E+01
2016,4,25,19.13361,36.7900,-96.4377,727.0,-0.99990E+01
2016,4,25,19.13389,36.7898,-96.4365,722.0,-0.99990E+01
2016,4,25,19.13417,36.7898,-96.4350,718.0,-0.99990E+01
2016,4,25,19.13445,36.7897,-96.4340,714.0,-0.99990E+01
2016,4,25,19.13472,36.7897,-96.4327,710.0,-0.99990E+01
2016,4,25,19.13500,36.7895,-96.4313,705.0,-0.99990E+01
2016,4,25,19.13528,36.7895,-96.4300,700.0,-0.99990E+01
2016,4,25,19.13556,36.7895,-96.4290,696.0,-0.99990E+01
2016,4,25,19.13583,36.7893,-96.4277,692.0,-0.99990E+01
2016,4,25,19.13611,36.7893,-96.4263,688.0,-0.99990E+01
2016,4,25,19.13639,36.7892,-96.4252,685.0,-0.99990E+01
2016,4,25,19.13667,36.7892,-96.4237,680.0,-0.99990E+01
2016,4,25,19.13694,36.7890,-96.4227,677.0,-0.99990E+01
2016,4,25,19.13722,36.7890,-96.4215,674.0,-0.99990E+01
2016,4,25,19.13750,36.7888,-96.4202,671.0,-0.99990E+01
2016,4,25,19.13778,36.7888,-96.4190,668.0,-0.99990E+01
2016,4,25,19.13806,36.7888,-96.4178,664.0,-0.99990E+01
2016,4,25,19.13833,36.7887,-96.4165,662.0,-0.99990E+01
2016,4,25,19.13861,36.7887,-96.4152,659.0,-0.99990E+01
2016,4,25,19.13889,36.7885,-96.4142,657.0,-0.99990E+01
2016,4,25,19.13917,36.7885,-96.4128,655.0,-0.99990E+01
2016,4,25,19.13944,36.7883,-96.4115,652.0,-0.99990E+01
2016,4,25,19.13972,36.7883,-96.4105,650.0,-0.99990E+01
2016,4,25,19.14000,36.7883,-96.4092,646.0,-0.99990E+01
2016,4,25,19.14028,36.7882,-96.4078,643.0,-0.99990E+01
2016,4,25,19.14056,36.7882,-96.4068,639.0,-0.99990E+01
2016,4,25,19.14083,36.7880,-96.4055,636.0,-0.99990E+01
2016,4,25,19.14111,36.7880,-96.4042,633.0,-0.99990E+01
2016,4,25,19.14139,36.7880,-96.4032,631.0,-0.99990E+01
2016,4,25,19.14167,36.7878,-96.4020,627.0,-0.99990E+01
2016,4,25,19.14194,36.7878,-96.4007,623.0,-0.99990E+01
2016,4,25,19.14222,36.7878,-96.3993,619.0,-0.99990E+01
2016,4,25,19.14250,36.7877,-96.3983,616.0,-0.99990E+01
2016,4,25,19.14278,36.7877,-96.3970,613.0,-0.99990E+01
2016,4,25,19.14305,36.7877,-96.3958,610.0,-0.99990E+01
2016,4,25,19.14333,36.7877,-96.3947,607.0,-0.99990E+01
2016,4,25,19.14361,36.7877,-96.3935,604.0,-0.99990E+01
2016,4,25,19.14389,36.7877,-96.3922,600.0,-0.99990E+01
2016,4,25,19.14417,36.7877,-96.3910,596.0,-0.99990E+01
2016,4,25,19.14444,36.7877,-96.3898,593.0,-0.99990E+01
2016,4,25,19.14472,36.7878,-96.3887,590.0,-0.99990E+01
2016,4,25,19.14500,36.7878,-96.3873,589.0,-0.99990E+01
2016,4,25,19.14528,36.7880,-96.3860,587.0,-0.99990E+01
2016,4,25,19.14556,36.7880,-96.3848,587.0,-0.99990E+01
2016,4,25,19.14583,36.7882,-96.3837,588.0,-0.99990E+01
2016,4,25,19.14611,36.7882,-96.3823,590.0,-0.99990E+01
2016,4,25,19.14639,36.7883,-96.3813,591.0,-0.99990E+01
2016,4,25,19.14667,36.7885,-96.3802,591.0,-0.99990E+01
2016,4,25,19.14694,36.7887,-96.3788,590.0,-0.99990E+01
2016,4,25,19.14722,36.7887,-96.3777,589.0,-0.99990E+01
2016,4,25,19.14750,36.7888,-96.3765,587.0,-0.99990E+01
2016,4,25,19.14778,36.7890,-96.3753,585.0,-0.99990E+01
2016,4,25,19.14806,36.7892,-96.3742,583.0,-0.99990E+01
2016,4,25,19.14833,36.7892,-96.3730,581.0,-0.99990E+01
2016,4,25,19.14861,36.7893,-96.3718,579.0,-0.99990E+01
2016,4,25,19.14889,36.7895,-96.3707,577.0,-0.99990E+01
2016,4,25,19.14917,36.7897,-96.3695,577.0,-0.99990E+01
2016,4,25,19.14944,36.7898,-96.3683,577.0,-0.99990E+01
2016,4,25,19.14972,36.7898,-96.3670,576.0,-0.99990E+01
2016,4,25,19.15000,36.7900,-96.3658,575.0,-0.99990E+01
2016,4,25,19.15028,36.7902,-96.3647,574.0,-0.99990E+01
2016,4,25,19.15055,36.7903,-96.3635,572.0,-0.99990E+01
2016,4,25,19.15083,36.7905,-96.3623,570.0,-0.99990E+01
2016,4,25,19.15111,36.7905,-96.3613,569.0,-0.99990E+01
2016,4,25,19.15139,36.7907,-96.3600,567.0,-0.99990E+01
2016,4,25,19.15167,36.7908,-96.3590,566.0,-0.99990E+01
2016,4,25,19.15194,36.7910,-96.3578,565.0,-0.99990E+01
2016,4,25,19.15222,36.7912,-96.3565,564.0,-0.99990E+01
2016,4,25,19.15250,36.7912,-96.3555,564.0,-0.99990E+01
2016,4,25,19.15278,36.7913,-96.3543,564.0,-0.99990E+01
2016,4,25,19.15306,36.7915,-96.3532,564.0,-0.99990E+01
2016,4,25,19.15333,36.7917,-96.3520,565.0,-0.99990E+01
2016,4,25,19.15361,36.7918,-96.3508,567.0,-0.99990E+01
2016,4,25,19.15389,36.7920,-96.3497,568.0,-0.99990E+01
2016,4,25,19.15417,36.7920,-96.3487,570.0,-0.99990E+01
2016,4,25,19.15444,36.7922,-96.3475,572.0,-0.99990E+01
2016,4,25,19.15472,36.7923,-96.3463,574.0,-0.99990E+01
2016,4,25,19.15500,36.7925,-96.3452,576.0,-0.99990E+01
2016,4,25,19.15528,36.7927,-96.3442,578.0,-0.99990E+01
2016,4,25,19.15556,36.7928,-96.3430,580.0,-0.99990E+01
2016,4,25,19.15583,36.7928,-96.3417,583.0,-0.99990E+01
2016,4,25,19.15611,36.7930,-96.3407,585.0,-0.99990E+01
2016,4,25,19.15639,36.7932,-96.3397,587.0,-0.99990E+01
2016,4,25,19.15667,36.7933,-96.3383,588.0,-0.99990E+01
2016,4,25,19.15694,36.7935,-96.3373,588.0,-0.99990E+01
2016,4,25,19.15722,36.7935,-96.3367,588.0,-0.99990E+01
2016,4,25,19.15750,36.7937,-96.3350,586.0,-0.99990E+01
2016,4,25,19.15778,36.7938,-96.3340,585.0,-0.99990E+01
2016,4,25,19.15805,36.7940,-96.3328,584.0,-0.99990E+01
2016,4,25,19.15833,36.7942,-96.3317,582.0,-0.99990E+01
2016,4,25,19.15861,36.7943,-96.3305,581.0,-0.99990E+01
2016,4,25,19.15889,36.7945,-96.3293,580.0,-0.99990E+01
2016,4,25,19.15917,36.7945,-96.3283,579.0,-0.99990E+01
2016,4,25,19.15944,36.7947,-96.3272,577.0,-0.99990E+01
2016,4,25,19.15972,36.7948,-96.3262,576.0,-0.99990E+01
2016,4,25,19.16000,36.7950,-96.3250,575.0,-0.99990E+01
2016,4,25,19.16028,36.7952,-96.3238,575.0,-0.99990E+01
2016,4,25,19.16055,36.7953,-96.3227,576.0,-0.99990E+01
2016,4,25,19.16083,36.7953,-96.3217,577.0,-0.99990E+01
2016,4,25,19.16111,36.7955,-96.3205,577.0,-0.99990E+01
2016,4,25,19.16139,36.7957,-96.3193,577.0,-0.99990E+01
2016,4,25,19.16167,36.7958,-96.3182,577.0,-0.99990E+01
2016,4,25,19.16195,36.7960,-96.3172,576.0,-0.99990E+01
2016,4,25,19.16222,36.7960,-96.3158,575.0,-0.99990E+01
2016,4,25,19.16250,36.7962,-96.3148,575.0,-0.99990E+01
2016,4,25,19.16278,36.7963,-96.3137,574.0,-0.99990E+01
2016,4,25,19.16306,36.7965,-96.3125,575.0,-0.99990E+01
2016,4,25,19.16333,36.7965,-96.3115,575.0,-0.99990E+01
2016,4,25,19.16361,36.7967,-96.3103,575.0,-0.99990E+01
2016,4,25,19.16389,36.7968,-96.3092,576.0,-0.99990E+01
2016,4,25,19.16416,36.7970,-96.3082,577.0,-0.99990E+01
2016,4,25,19.16444,36.7972,-96.3070,577.0,-0.99990E+01
2016,4,25,19.16472,36.7972,-96.3060,577.0,-0.99990E+01
2016,4,25,19.16500,36.7973,-96.3047,578.0,-0.99990E+01
2016,4,25,19.16528,36.7975,-96.3037,579.0,-0.99990E+01
2016,4,25,19.16556,36.7975,-96.3030,579.0,-0.99990E+01
2016,4,25,19.16583,36.7978,-96.3013,580.0,-0.99990E+01
2016,4,25,19.16611,36.7978,-96.3003,581.0,-0.99990E+01
2016,4,25,19.16639,36.7980,-96.2992,581.0,-0.99990E+01
2016,4,25,19.16667,36.7982,-96.2980,583.0,-0.99990E+01
2016,4,25,19.16694,36.7982,-96.2970,585.0,-0.99990E+01
2016,4,25,19.16722,36.7983,-96.2958,587.0,-0.99990E+01
2016,4,25,19.16750,36.7985,-96.2947,588.0,-0.99990E+01
2016,4,25,19.16778,36.7987,-96.2937,589.0,-0.99990E+01
2016,4,25,19.16806,36.7987,-96.2925,589.0,-0.99990E+01
2016,4,25,19.16833,36.7988,-96.2913,588.0,-0.99990E+01
2016,4,25,19.16861,36.7990,-96.2902,587.0,-0.99990E+01
2016,4,25,19.16889,36.7992,-96.2892,586.0,-0.99990E+01
2016,4,25,19.16917,36.7993,-96.2880,583.0,-0.99990E+01
2016,4,25,19.16944,36.7993,-96.2870,581.0,-0.99990E+01
2016,4,25,19.16972,36.7995,-96.2858,579.0,-0.99990E+01
2016,4,25,19.17000,36.7997,-96.2847,576.0,-0.99990E+01
2016,4,25,19.17027,36.7998,-96.2837,574.0,-0.99990E+01
2016,4,25,19.17056,36.8000,-96.2823,574.0,-0.99990E+01
2016,4,25,19.17083,36.8000,-96.2815,575.0,-0.99990E+01
2016,4,25,19.17111,36.8002,-96.2803,575.0,-0.99990E+01
2016,4,25,19.17139,36.8003,-96.2792,576.0,-0.99990E+01
2016,4,25,19.17167,36.8003,-96.2782,577.0,-0.99990E+01
2016,4,25,19.17194,36.8005,-96.2770,578.0,-0.99990E+01
2016,4,25,19.17222,36.8007,-96.2758,579.0,-0.99990E+01
2016,4,25,19.17250,36.8008,-96.2747,580.0,-0.99990E+01
2016,4,25,19.17278,36.8008,-96.2737,581.0,-0.99990E+01
2016,4,25,19.17306,36.8010,-96.2727,581.0,-0.99990E+01
2016,4,25,19.17333,36.8012,-96.2713,583.0,-0.99990E+01
2016,4,25,19.17361,36.8013,-96.2703,584.0,-0.99990E+01
2016,4,25,19.17389,36.8015,-96.2692,586.0,-0.99990E+01
2016,4,25,19.17417,36.8017,-96.2680,587.0,-0.99990E+01
2016,4,25,19.17444,36.8017,-96.2670,588.0,-0.99990E+01
2016,4,25,19.17472,36.8018,-96.2660,588.0,-0.99990E+01
2016,4,25,19.17500,36.8020,-96.2647,587.0,-0.99990E+01
2016,4,25,19.17528,36.8022,-96.2637,585.0,-0.99990E+01
2016,4,25,19.17555,36.8023,-96.2627,583.0,-0.99990E+01
2016,4,25,19.17583,36.8025,-96.2613,580.0,-0.99990E+01
2016,4,25,19.17611,36.8025,-96.2605,578.0,-0.99990E+01
2016,4,25,19.17639,36.8027,-96.2593,575.0,-0.99990E+01
2016,4,25,19.17667,36.8028,-96.2582,571.0,-0.99990E+01
2016,4,25,19.17694,36.8030,-96.2570,569.0,-0.99990E+01
2016,4,25,19.17722,36.8030,-96.2558,569.0,-0.99990E+01
2016,4,25,19.17750,36.8032,-96.2548,570.0,-0.99990E+01
2016,4,25,19.17778,36.8033,-96.2535,571.0,-0.99990E+01
2016,4,25,19.17805,36.8033,-96.2527,571.0,-0.99990E+01
2016,4,25,19.17833,36.8035,-96.2513,571.0,-0.99990E+01
2016,4,25,19.17861,36.8037,-96.2503,571.0,-0.99990E+01
2016,4,25,19.17889,36.8037,-96.2492,571.0,-0.99990E+01
2016,4,25,19.17917,36.8038,-96.2480,571.0,-0.99990E+01
2016,4,25,19.17945,36.8038,-96.2470,571.0,-0.99990E+01
2016,4,25,19.17972,36.8040,-96.2460,570.0,-0.99990E+01
2016,4,25,19.18000,36.8042,-96.2447,569.0,-0.99990E+01
2016,4,25,19.18028,36.8042,-96.2437,570.0,-0.99990E+01
2016,4,25,19.18056,36.8042,-96.2427,571.0,-0.99990E+01
2016,4,25,19.18083,36.8043,-96.2413,573.0,-0.99990E+01
2016,4,25,19.18111,36.8043,-96.2403,573.0,-0.99990E+01
2016,4,25,19.18139,36.8045,-96.2392,573.0,-0.99990E+01
2016,4,25,19.18167,36.8045,-96.2380,573.0,-0.99990E+01
2016,4,25,19.18194,36.8047,-96.2368,573.0,-0.99990E+01
2016,4,25,19.18222,36.8047,-96.2358,572.0,-0.99990E+01
2016,4,25,19.18250,36.8047,-96.2347,571.0,-0.99990E+01
2016,4,25,19.18278,36.8048,-96.2337,570.0,-0.99990E+01
2016,4,25,19.18305,36.8048,-96.2325,569.0,-0.99990E+01
2016,4,25,19.18333,36.8050,-96.2313,568.0,-0.99990E+01
2016,4,25,19.18361,36.8050,-96.2302,569.0,-0.99990E+01
2016,4,25,19.18389,36.8050,-96.2292,569.0,-0.99990E+01
2016,4,25,19.18417,36.8052,-96.2278,570.0,-0.99990E+01
2016,4,25,19.18444,36.8052,-96.2268,571.0,-0.99990E+01
2016,4,25,19.18472,36.8053,-96.2258,572.0,-0.99990E+01
2016,4,25,19.18500,36.8053,-96.2247,572.0,-0.99990E+01
2016,4,25,19.18528,36.8053,-96.2235,572.0,-0.99990E+01
2016,4,25,19.18556,36.8055,-96.2225,572.0,-0.99990E+01
2016,4,25,19.18583,36.8055,-96.2213,572.0,-0.99990E+01
2016,4,25,19.18611,36.8057,-96.2202,572.0,-0.99990E+01
2016,4,25,19.18639,36.8057,-96.2193,573.0,-0.99990E+01
2016,4,25,19.18667,36.8058,-96.2180,574.0,-0.99990E+01
2016,4,25,19.18694,36.8058,-96.2170,577.0,-0.99990E+01
2016,4,25,19.18722,36.8060,-96.2158,580.0,-0.99990E+01
2016,4,25,19.18750,36.8060,-96.2147,583.0,-0.99990E+01
2016,4,25,19.18777,36.8062,-96.2137,585.0,-0.99990E+01
2016,4,25,19.18806,36.8062,-96.2127,586.0,-0.99990E+01
2016,4,25,19.18833,36.8062,-96.2115,588.0,-0.99990E+01
2016,4,25,19.18861,36.8063,-96.2103,589.0,-0.99990E+01
2016,4,25,19.18889,36.8063,-96.2093,590.0,-0.99990E+01
2016,4,25,19.18917,36.8063,-96.2083,591.0,-0.99990E+01
2016,4,25,19.18944,36.8065,-96.2072,592.0,-0.99990E+01
2016,4,25,19.18972,36.8065,-96.2060,593.0,-0.99990E+01
2016,4,25,19.19000,36.8065,-96.2050,593.0,-0.99990E+01
2016,4,25,19.19028,36.8067,-96.2040,594.0,-0.99990E+01
2016,4,25,19.19056,36.8067,-96.2030,595.0,-0.99990E+01
2016,4,25,19.19083,36.8068,-96.2018,596.0,-0.99990E+01
2016,4,25,19.19111,36.8068,-96.2007,598.0,-0.99990E+01
2016,4,25,19.19139,36.8068,-96.1997,600.0,-0.99990E+01
2016,4,25,19.19167,36.8070,-96.1987,602.0,-0.99990E+01
2016,4,25,19.19194,36.8070,-96.1977,604.0,-0.99990E+01
2016,4,25,19.19222,36.8072,-96.1965,604.0,-0.99990E+01
2016,4,25,19.19250,36.8072,-96.1955,604.0,-0.99990E+01
2016,4,25,19.19278,36.8072,-96.1945,604.0,-0.99990E+01
2016,4,25,19.19305,36.8073,-96.1933,604.0,-0.99990E+01
2016,4,25,19.19333,36.8073,-96.1925,605.0,-0.99990E+01
2016,4,25,19.19361,36.8073,-96.1913,605.0,-0.99990E+01
2016,4,25,19.19389,36.8075,-96.1902,606.0,-0.99990E+01
2016,4,25,19.19417,36.8075,-96.1893,607.0,-0.99990E+01
2016,4,25,19.19444,36.8075,-96.1883,607.0,-0.99990E+01
2016,4,25,19.19472,36.8075,-96.1873,607.0,-0.99990E+01
2016,4,25,19.19500,36.8075,-96.1862,608.0,-0.99990E+01
2016,4,25,19.19528,36.8077,-96.1850,611.0,-0.99990E+01
2016,4,25,19.19555,36.8077,-96.1842,613.0,-0.99990E+01
2016,4,25,19.19583,36.8077,-96.1832,615.0,-0.99990E+01
2016,4,25,19.19611,36.8078,-96.1822,616.0,-0.99990E+01
2016,4,25,19.19639,36.8078,-96.1812,617.0,-0.99990E+01
2016,4,25,19.19667,36.8078,-96.1802,616.0,-0.99990E+01
2016,4,25,19.19694,36.8078,-96.1790,615.0,-0.99990E+01
2016,4,25,19.19722,36.8080,-96.1782,613.0,-0.99990E+01
2016,4,25,19.19750,36.8080,-96.1772,613.0,-0.99990E+01
2016,4,25,19.19778,36.8080,-96.1760,612.0,-0.99990E+01
2016,4,25,19.19806,36.8080,-96.1752,611.0,-0.99990E+01
2016,4,25,19.19833,36.8080,-96.1742,611.0,-0.99990E+01
2016,4,25,19.19861,36.8082,-96.1730,611.0,-0.99990E+01
2016,4,25,19.19889,36.8082,-96.1722,611.0,-0.99990E+01
2016,4,25,19.19917,36.8082,-96.1712,611.0,-0.99990E+01
2016,4,25,19.19944,36.8082,-96.1700,611.0,-0.99990E+01
2016,4,25,19.19972,36.8082,-96.1692,611.0,-0.99990E+01
2016,4,25,19.20000,36.8082,-96.1682,611.0,-0.99990E+01
2016,4,25,19.20028,36.8082,-96.1672,609.0,-0.99990E+01
2016,4,25,19.20056,36.8082,-96.1662,608.0,-0.99990E+01
2016,4,25,19.20083,36.8082,-96.1652,606.0,-0.99990E+01
2016,4,25,19.20111,36.8082,-96.1642,605.0,-0.99990E+01
2016,4,25,19.20139,36.8082,-96.1632,604.0,-0.99990E+01
2016,4,25,19.20167,36.8082,-96.1622,603.0,-0.99990E+01
2016,4,25,19.20194,36.8082,-96.1612,602.0,-0.99990E+01
2016,4,25,19.20222,36.8082,-96.1602,601.0,-0.99990E+01
2016,4,25,19.20250,36.8082,-96.1592,601.0,-0.99990E+01
2016,4,25,19.20278,36.8082,-96.1580,600.0,-0.99990E+01
2016,4,25,19.20306,36.8082,-96.1572,600.0,-0.99990E+01
2016,4,25,19.20333,36.8082,-96.1560,600.0,-0.99990E+01
2016,4,25,19.20361,36.8082,-96.1552,601.0,-0.99990E+01
2016,4,25,19.20389,36.8082,-96.1543,601.0,-0.99990E+01
2016,4,25,19.20417,36.8082,-96.1532,601.0,-0.99990E+01
2016,4,25,19.20444,36.8082,-96.1523,602.0,-0.99990E+01
2016,4,25,19.20473,36.8082,-96.1513,604.0,-0.99990E+01
2016,4,25,19.20500,36.8082,-96.1503,606.0,-0.99990E+01
2016,4,25,19.20528,36.8082,-96.1493,608.0,-0.99990E+01
2016,4,25,19.20556,36.8082,-96.1483,609.0,-0.99990E+01
2016,4,25,19.20583,36.8082,-96.1473,610.0,-0.99990E+01
2016,4,25,19.20611,36.8082,-96.1465,610.0,-0.99990E+01
2016,4,25,19.20639,36.8082,-96.1455,610.0,-0.99990E+01
2016,4,25,19.20667,36.8082,-96.1443,611.0,-0.99990E+01
2016,4,25,19.20694,36.8082,-96.1435,612.0,-0.99990E+01
2016,4,25,19.20722,36.8082,-96.1430,612.0,-0.99990E+01
2016,4,25,19.20750,36.8082,-96.1415,615.0,-0.99990E+01
2016,4,25,19.20778,36.8082,-96.1407,617.0,-0.99990E+01
2016,4,25,19.20806,36.8082,-96.1397,619.0,-0.99990E+01
2016,4,25,19.20833,36.8082,-96.1385,621.0,-0.99990E+01
2016,4,25,19.20861,36.8082,-96.1377,622.0,-0.99990E+01
2016,4,25,19.20889,36.8082,-96.1367,621.0,-0.99990E+01
2016,4,25,19.20917,36.8082,-96.1357,620.0,-0.99990E+01
2016,4,25,19.20945,36.8082,-96.1348,619.0,-0.99990E+01
2016,4,25,19.20972,36.8082,-96.1338,618.0,-0.99990E+01
2016,4,25,19.21000,36.8082,-96.1328,618.0,-0.99990E+01
2016,4,25,19.21028,36.8082,-96.1318,618.0,-0.99990E+01
2016,4,25,19.21056,36.8082,-96.1310,618.0,-0.99990E+01
2016,4,25,19.21084,36.8082,-96.1300,619.0,-0.99990E+01
2016,4,25,19.21111,36.8082,-96.1290,619.0,-0.99990E+01
2016,4,25,19.21139,36.8082,-96.1280,620.0,-0.99990E+01
2016,4,25,19.21167,36.8082,-96.1270,620.0,-0.99990E+01
2016,4,25,19.21194,36.8082,-96.1262,620.0,-0.99990E+01
2016,4,25,19.21222,36.8082,-96.1252,620.0,-0.99990E+01
2016,4,25,19.21250,36.8082,-96.1242,620.0,-0.99990E+01
2016,4,25,19.21278,36.8082,-96.1233,620.0,-0.99990E+01
2016,4,25,19.21305,36.8082,-96.1222,620.0,-0.99990E+01
2016,4,25,19.21334,36.8082,-96.1213,620.0,-0.99990E+01
2016,4,25,19.21361,36.8082,-96.1205,620.0,-0.99990E+01
2016,4,25,19.21389,36.8082,-96.1193,621.0,-0.99990E+01
2016,4,25,19.21417,36.8082,-96.1185,621.0,-0.99990E+01
2016,4,25,19.21445,36.8083,-96.1175,621.0,-0.99990E+01
2016,4,25,19.21472,36.8083,-96.1167,622.0,-0.99990E+01
2016,4,25,19.21500,36.8083,-96.1157,623.0,-0.99990E+01
2016,4,25,19.21528,36.8083,-96.1147,625.0,-0.99990E+01
2016,4,25,19.21556,36.8083,-96.1138,627.0,-0.99990E+01
2016,4,25,19.21583,36.8083,-96.1128,630.0,-0.99990E+01
2016,4,25,19.21611,36.8083,-96.1120,631.0,-0.99990E+01
2016,4,25,19.21639,36.8085,-96.1110,633.0,-0.99990E+01
2016,4,25,19.21667,36.8085,-96.1100,634.0,-0.99990E+01
2016,4,25,19.21695,36.8085,-96.1092,634.0,-0.99990E+01
2016,4,25,19.21722,36.8085,-96.1082,634.0,-0.99990E+01
2016,4,25,19.21750,36.8085,-96.1072,635.0,-0.99990E+01
2016,4,25,19.21778,36.8085,-96.1063,635.0,-0.99990E+01
2016,4,25,19.21806,36.8087,-96.1053,635.0,-0.99990E+01
2016,4,25,19.21833,36.8087,-96.1043,636.0,-0.99990E+01
2016,4,25,19.21861,36.8087,-96.1035,636.0,-0.99990E+01
2016,4,25,19.21889,36.8088,-96.1025,635.0,-0.99990E+01
2016,4,25,19.21917,36.8088,-96.1015,635.0,-0.99990E+01
2016,4,25,19.21944,36.8088,-96.1005,633.0,-0.99990E+01
2016,4,25,19.21972,36.8090,-96.0997,632.0,-0.99990E+01
2016,4,25,19.22000,36.8090,-96.0987,629.0,-0.99990E+01
2016,4,25,19.22028,36.8090,-96.0977,627.0,-0.99990E+01
2016,4,25,19.22056,36.8090,-96.0968,626.0,-0.99990E+01
2016,4,25,19.22083,36.8092,-96.0958,625.0,-0.99990E+01
2016,4,25,19.22111,36.8092,-96.0948,624.0,-0.99990E+01
2016,4,25,19.22139,36.8092,-96.0938,624.0,-0.99990E+01
2016,4,25,19.22167,36.8092,-96.0930,623.0,-0.99990E+01
2016,4,25,19.22194,36.8092,-96.0920,623.0,-0.99990E+01
2016,4,25,19.22222,36.8092,-96.0910,621.0,-0.99990E+01
2016,4,25,19.22250,36.8092,-96.0900,619.0,-0.99990E+01
2016,4,25,19.22278,36.8092,-96.0892,617.0,-0.99990E+01
2016,4,25,19.22306,36.8092,-96.0882,614.0,-0.99990E+01
2016,4,25,19.22333,36.8092,-96.0872,612.0,-0.99990E+01
2016,4,25,19.22361,36.8092,-96.0863,611.0,-0.99990E+01
2016,4,25,19.22389,36.8092,-96.0853,610.0,-0.99990E+01
2016,4,25,19.22417,36.8092,-96.0845,608.0,-0.99990E+01
2016,4,25,19.22445,36.8092,-96.0835,607.0,-0.99990E+01
2016,4,25,19.22472,36.8090,-96.0825,605.0,-0.99990E+01
2016,4,25,19.22500,36.8090,-96.0817,604.0,-0.99990E+01
2016,4,25,19.22528,36.8090,-96.0807,602.0,-0.99990E+01
2016,4,25,19.22556,36.8090,-96.0797,600.0,-0.99990E+01
2016,4,25,19.22583,36.8090,-96.0788,597.0,-0.99990E+01
2016,4,25,19.22611,36.8088,-96.0780,595.0,-0.99990E+01
2016,4,25,19.22639,36.8088,-96.0770,592.0,-0.99990E+01
2016,4,25,19.22667,36.8088,-96.0762,590.0,-0.99990E+01
2016,4,25,19.22695,36.8088,-96.0752,589.0,-0.99990E+01
2016,4,25,19.22722,36.8087,-96.0742,587.0,-0.99990E+01
2016,4,25,19.22750,36.8087,-96.0733,584.0,-0.99990E+01
2016,4,25,19.22778,36.8087,-96.0725,583.0,-0.99990E+01
2016,4,25,19.22806,36.8087,-96.0717,581.0,-0.99990E+01
2016,4,25,19.22834,36.8085,-96.0707,580.0,-0.99990E+01
2016,4,25,19.22861,36.8085,-96.0697,578.0,-0.99990E+01
2016,4,25,19.22889,36.8085,-96.0688,576.0,-0.99990E+01
2016,4,25,19.22917,36.8085,-96.0680,575.0,-0.99990E+01
2016,4,25,19.22944,36.8083,-96.0670,574.0,-0.99990E+01
2016,4,25,19.22972,36.8083,-96.0662,574.0,-0.99990E+01
2016,4,25,19.23000,36.8083,-96.0653,573.0,-0.99990E+01
2016,4,25,19.23028,36.8082,-96.0643,572.0,-0.99990E+01
2016,4,25,19.23056,36.8082,-96.0635,570.0,-0.99990E+01
2016,4,25,19.23083,36.8082,-96.0627,568.0,-0.99990E+01
2016,4,25,19.23111,36.8082,-96.0617,566.0,-0.99990E+01
2016,4,25,19.23139,36.8080,-96.0608,563.0,-0.99990E+01
2016,4,25,19.23167,36.8080,-96.0600,561.0,-0.99990E+01
2016,4,25,19.23195,36.8080,-96.0592,559.0,-0.99990E+01
2016,4,25,19.23222,36.8078,-96.0582,556.0,-0.99990E+01
2016,4,25,19.23250,36.8078,-96.0573,554.0,-0.99990E+01
2016,4,25,19.23278,36.8078,-96.0563,552.0,-0.99990E+01
2016,4,25,19.23306,36.8078,-96.0555,549.0,-0.99990E+01
2016,4,25,19.23333,36.8077,-96.0547,547.0,-0.99990E+01
2016,4,25,19.23361,36.8077,-96.0538,545.0,-0.99990E+01
2016,4,25,19.23389,36.8077,-96.0530,543.0,-0.99990E+01
2016,4,25,19.23417,36.8077,-96.0518,541.0,-0.99990E+01
2016,4,25,19.23445,36.8075,-96.0512,540.0,-0.99990E+01
2016,4,25,19.23472,36.8075,-96.0503,538.0,-0.99990E+01
2016,4,25,19.23500,36.8075,-96.0493,536.0,-0.99990E+01
2016,4,25,19.23528,36.8075,-96.0485,534.0,-0.99990E+01
2016,4,25,19.23556,36.8075,-96.0477,532.0,-0.99990E+01
2016,4,25,19.23583,36.8073,-96.0467,533.0,-0.99990E+01
2016,4,25,19.23611,36.8073,-96.0458,532.0,-0.99990E+01
2016,4,25,19.23639,36.8073,-96.0452,531.0,-0.99990E+01
2016,4,25,19.23667,36.8072,-96.0442,529.0,-0.99990E+01
2016,4,25,19.23694,36.8072,-96.0433,528.0,-0.99990E+01
2016,4,25,19.23722,36.8072,-96.0425,527.0,-0.99990E+01
2016,4,25,19.23750,36.8072,-96.0417,525.0,-0.99990E+01
2016,4,25,19.23778,36.8070,-96.0410,524.0,-0.99990E+01
2016,4,25,19.23806,36.8070,-96.0402,524.0,-0.99990E+01
2016,4,25,19.23833,36.8068,-96.0392,523.0,-0.99990E+01
2016,4,25,19.23861,36.8068,-96.0385,523.0,-0.99990E+01
2016,4,25,19.23889,36.8068,-96.0377,523.0,-0.99990E+01
2016,4,25,19.23917,36.8067,-96.0368,521.0,-0.99990E+01
2016,4,25,19.23944,36.8067,-96.0360,519.0,-0.99990E+01
2016,4,25,19.23972,36.8067,-96.0352,515.0,-0.99990E+01
2016,4,25,19.24000,36.8065,-96.0343,511.0,-0.99990E+01
2016,4,25,19.24028,36.8065,-96.0337,506.0,-0.99990E+01
2016,4,25,19.24056,36.8063,-96.0332,504.0,-0.99990E+01
2016,4,25,19.24083,36.8063,-96.0320,496.0,-0.99990E+01
2016,4,25,19.24111,36.8062,-96.0312,491.0,-0.99990E+01
2016,4,25,19.24139,36.8062,-96.0305,487.0,-0.99990E+01
2016,4,25,19.24167,36.8060,-96.0295,483.0,-0.99990E+01
2016,4,25,19.24195,36.8060,-96.0288,479.0,-0.99990E+01
2016,4,25,19.24222,36.8058,-96.0280,475.0,-0.99990E+01
2016,4,25,19.24250,36.8058,-96.0273,470.0,-0.99990E+01
2016,4,25,19.24278,36.8057,-96.0265,466.0,-0.99990E+01
2016,4,25,19.24306,36.8057,-96.0257,461.0,-0.99990E+01
2016,4,25,19.24333,36.8055,-96.0248,457.0,-0.99990E+01
2016,4,25,19.24361,36.8055,-96.0240,452.0,-0.99990E+01
2016,4,25,19.24389,36.8053,-96.0233,448.0,-0.99990E+01
2016,4,25,19.24417,36.8052,-96.0225,445.0,-0.99990E+01
2016,4,25,19.24444,36.8052,-96.0218,442.0,-0.99990E+01
2016,4,25,19.24472,36.8050,-96.0210,439.0,-0.99990E+01
2016,4,25,19.24500,36.8048,-96.0203,436.0,-0.99990E+01
2016,4,25,19.24528,36.8047,-96.0197,433.0,-0.99990E+01
2016,4,25,19.24556,36.8043,-96.0188,430.0,-0.99990E+01
2016,4,25,19.24583,36.8042,-96.0183,427.0,-0.99990E+01
2016,4,25,19.24611,36.8040,-96.0177,422.0,-0.99990E+01
2016,4,25,19.24639,36.8037,-96.0170,418.0,-0.99990E+01
2016,4,25,19.24667,36.8033,-96.0163,415.0,-0.99990E+01
2016,4,25,19.24694,36.8028,-96.0158,410.0,-0.99990E+01
2016,4,25,19.24722,36.8025,-96.0153,406.0,-0.99990E+01
2016,4,25,19.24750,36.8022,-96.0150,403.0,-0.99990E+01
2016,4,25,19.24778,36.8017,-96.0145,399.0,-0.99990E+01
2016,4,25,19.24806,36.8012,-96.0142,395.0,-0.99990E+01
2016,4,25,19.24833,36.8007,-96.0138,391.0,-0.99990E+01
2016,4,25,19.24861,36.8002,-96.0137,387.0,-0.99990E+01
2016,4,25,19.24889,36.7997,-96.0133,384.0,-0.99990E+01
2016,4,25,19.24917,36.7992,-96.0132,380.0,-0.99990E+01
2016,4,25,19.24944,36.7987,-96.0130,376.0,-0.99990E+01
2016,4,25,19.24972,36.7982,-96.0128,372.0,-0.99990E+01
2016,4,25,19.25000,36.7977,-96.0127,369.0,-0.99990E+01
2016,4,25,19.25028,36.7970,-96.0125,365.0,-0.99990E+01
2016,4,25,19.25056,36.7965,-96.0123,362.0,-0.99990E+01
2016,4,25,19.25083,36.7960,-96.0122,358.0,-0.99990E+01
2016,4,25,19.25111,36.7955,-96.0122,354.0,-0.99990E+01
2016,4,25,19.25139,36.7950,-96.0120,350.0,-0.99990E+01
2016,4,25,19.25167,36.7945,-96.0120,346.0,-0.99990E+01
2016,4,25,19.25194,36.7938,-96.0120,343.0,-0.99990E+01
2016,4,25,19.25222,36.7933,-96.0118,340.0,-0.99990E+01
2016,4,25,19.25250,36.7928,-96.0118,338.0,-0.99990E+01
2016,4,25,19.25278,36.7923,-96.0118,336.0,-0.99990E+01
2016,4,25,19.25306,36.7918,-96.0118,335.0,-0.99990E+01
2016,4,25,19.25333,36.7913,-96.0118,333.0,-0.99990E+01
2016,4,25,19.25361,36.7908,-96.0118,330.0,-0.99990E+01
2016,4,25,19.25389,36.7903,-96.0117,327.0,-0.99990E+01
2016,4,25,19.25417,36.7898,-96.0117,325.0,-0.99990E+01
2016,4,25,19.25444,36.7893,-96.0117,322.0,-0.99990E+01
2016,4,25,19.25472,36.7888,-96.0117,319.0,-0.99990E+01
2016,4,25,19.25500,36.7883,-96.0117,316.0,-0.99990E+01
2016,4,25,19.25528,36.7877,-96.0117,314.0,-0.99990E+01
2016,4,25,19.25556,36.7873,-96.0117,312.0,-0.99990E+01
2016,4,25,19.25583,36.7868,-96.0117,310.0,-0.99990E+01
2016,4,25,19.25611,36.7863,-96.0117,307.0,-0.99990E+01
2016,4,25,19.25639,36.7858,-96.0117,304.0,-0.99990E+01
2016,4,25,19.25667,36.7853,-96.0117,301.0,-0.99990E+01
2016,4,25,19.25694,36.7850,-96.0117,298.0,-0.99990E+01
2016,4,25,19.25722,36.7845,-96.0115,295.0,-0.99990E+01
2016,4,25,19.25750,36.7840,-96.0115,290.0,-0.99990E+01
2016,4,25,19.25778,36.7835,-96.0115,286.0,-0.99990E+01
2016,4,25,19.25805,36.7830,-96.0115,282.0,-0.99990E+01
2016,4,25,19.25833,36.7825,-96.0115,277.0,-0.99990E+01
2016,4,25,19.25861,36.7822,-96.0115,274.0,-0.99990E+01
2016,4,25,19.25889,36.7817,-96.0115,272.0,-0.99990E+01
2016,4,25,19.25917,36.7812,-96.0115,268.0,-0.99990E+01
2016,4,25,19.25945,36.7808,-96.0115,265.0,-0.99990E+01
2016,4,25,19.25972,36.7803,-96.0115,262.0,-0.99990E+01
2016,4,25,19.26000,36.7798,-96.0115,259.0,-0.99990E+01
2016,4,25,19.26028,36.7793,-96.0115,256.0,-0.99990E+01
2016,4,25,19.26056,36.7790,-96.0115,254.0,-0.99990E+01
2016,4,25,19.26083,36.7785,-96.0113,252.0,-0.99990E+01
2016,4,25,19.26111,36.7780,-96.0113,249.0,-0.99990E+01
2016,4,25,19.26139,36.7777,-96.0113,247.0,-0.99990E+01
2016,4,25,19.26167,36.7772,-96.0113,244.0,-0.99990E+01
2016,4,25,19.26194,36.7767,-96.0113,241.0,-0.99990E+01
2016,4,25,19.26222,36.7762,-96.0113,239.0,-0.99990E+01
2016,4,25,19.26250,36.7757,-96.0113,236.0,-0.99990E+01
2016,4,25,19.26278,36.7753,-96.0113,233.0,-0.99990E+01
2016,4,25,19.26306,36.7748,-96.0113,231.0,-0.99990E+01
2016,4,25,19.26333,36.7743,-96.0113,228.0,-0.99990E+01
2016,4,25,19.26361,36.7738,-96.0113,225.0,-0.99990E+01
2016,4,25,19.26389,36.7733,-96.0113,222.0,-0.99990E+01
2016,4,25,19.26417,36.7728,-96.0113,219.0,-0.99990E+01
2016,4,25,19.26444,36.7725,-96.0113,217.0,-0.99990E+01
2016,4,25,19.26472,36.7720,-96.0113,215.0,-0.99990E+01
2016,4,25,19.26500,36.7715,-96.0113,213.0,-0.99990E+01
2016,4,25,19.26528,36.7710,-96.0113,212.0,-0.99990E+01
2016,4,25,19.26556,36.7705,-96.0113,211.0,-0.99990E+01
2016,4,25,19.26583,36.7702,-96.0113,211.0,-0.99990E+01
2016,4,25,19.26611,36.7697,-96.0113,210.0,-0.99990E+01
